time,shoulder link,upper arm link,forearm link,wrist1 link,wrist2 link,wrist3 link,total_reward
0.0,5.9836838205479575e-05,6.09212100854346e-05,-1.2185285285273618e-05,-3.657105597620092e-06,5.681334948799e-08,-3.69323518975141e-08,-0.9111607981031667
1.0,0.004591391176865258,0.0038681632555430997,0.002959808798144951,0.008508155487476843,-0.011105410298237531,-0.009606473969785239,-1.825823030940163
2.0,0.013894791177726684,0.007443973698728247,0.011585625191019933,0.02308943998393944,-0.02678839392302545,-0.022074771709995018,-2.747119640983109
3.0,0.021032441245641718,0.009976785482390041,0.023668902592216594,0.04023235357489431,-0.04410755745847765,-0.03448634044519152,-3.6739683942180923
4.0,0.02991211264368796,0.011496593541418644,0.037828789156894346,0.05664499279243139,-0.05432167693916498,-0.05063759300064467,-4.6073426058240035
5.0,0.03748705559707233,0.005423253345343972,0.04995994409429187,0.07366851929716511,-0.06919731186111641,-0.06847393689385012,-5.543361331866259
6.0,0.043556879685213296,-0.00045628239549068026,0.062422496562599634,0.09075560991324898,-0.08676947816614104,-0.08686111534010742,-6.480956129054569
7.0,0.047270358802064344,-0.006546988562672893,0.0756693182516244,0.10794264807358324,-0.10523723590370015,-0.10554831985479968,-7.418765554379564
8.0,0.05130997614515618,-0.012765087794360263,0.08963393769356452,0.126281004004319,-0.12387777129092814,-0.12249180744596591,-8.356654394363757
9.0,0.05725940682543614,-0.016004864357138073,0.09769294284652555,0.14608683794299684,-0.1424161892610544,-0.13720594295497227,-9.295890110743077
10.0,0.06396344823326063,-0.020316651403216226,0.10817156485424512,0.1647575727669936,-0.16112679482620582,-0.15431751005035735,-10.236833201053042
11.0,0.06955208129353693,-0.024255747896936217,0.11719008208257521,0.1790243927027072,-0.17588592644043333,-0.17247661492383493,-11.179090656062737
12.0,0.0743978522840708,-0.02857582937485999,0.1281808230747462,0.18736146921863575,-0.19172091541079564,-0.18654734322100336,-12.122614690845113
13.0,0.07875485869868505,-0.03339384221293609,0.13840993775378765,0.20131634235142243,-0.20940453317282348,-0.1968366473449118,-13.06629629076777
14.0,0.08303622888322724,-0.03752845047169741,0.14760328673800074,0.2177508060870894,-0.2268373177759574,-0.21208148719181313,-14.01022118057098
15.0,0.08758864444815351,-0.040399918572648345,0.15682502231783632,0.2328641872288542,-0.23821318043583162,-0.21941536620319427,-14.955231116315137
16.0,0.09140940184653587,-0.04460816208363297,0.16466245117765496,0.24967168613154025,-0.24976147544113278,-0.22891451349751174,-15.900180018132533
17.0,0.09561563322048783,-0.04723975619906483,0.17346287637247437,0.2680367273566212,-0.26543748823962454,-0.24125261545625099,-16.84556866319753
18.0,0.10001313351384801,-0.0502478948876548,0.18215738452033836,0.28684171728213137,-0.27901678550312203,-0.25739360681461354,-17.79132605328994
19.0,0.10348278644763623,-0.05411815057231953,0.19022624109753852,0.3005843906202985,-0.2934803183000297,-0.2679523179670039,-18.73683183689283
20.0,0.10692740651263671,-0.05740631533157753,0.19868636692367628,0.30768338515236937,-0.3066527091782584,-0.2833166944898099,-19.682734342166103
21.0,0.11064275555138776,-0.06099964292316687,0.20686506966905874,0.32145510049734977,-0.3231231238488309,-0.30075286892089914,-20.628401776285003
22.0,0.11512199269690705,-0.06337079588841138,0.21584535504823424,0.3385537085796624,-0.34090592413468285,-0.3190476398444335,-21.574399239962837
23.0,0.11874361612052844,-0.067284172951354,0.22378875203278786,0.3553840394974862,-0.35484008584484794,-0.3159515157296827,-22.519893838320293
24.0,0.12349081811182923,-0.0696340824673405,0.23262179401441999,0.3735598084436225,-0.361074652808621,-0.32117804197214467,-23.466564110623906
25.0,0.12801065446376347,-0.07238815864375815,0.24155718206514668,0.3901538659412131,-0.36955083974652697,-0.329493151930874,-24.413993056532114
26.0,0.13150247948194452,-0.07596122626239396,0.24963070020512154,0.40567176902880064,-0.38379489447172893,-0.34393245184213395,-25.361041766975617
27.0,0.13586011696510558,-0.07826803562716902,0.25863010749094995,0.4233339934921066,-0.40069423049418657,-0.36098627717560533,-26.308218219940976
28.0,0.1392850055756528,-0.08194423515125357,0.2668055294663959,0.43893452397171184,-0.41819102083681914,-0.37912305515934863,-27.254523821785583
29.0,0.14358281510060994,-0.0840593090201167,0.2759019281590536,0.4554495775727837,-0.4363756684662387,-0.3977075085492452,-28.200889885468943
30.0,0.14704524884591588,-0.08773901114676615,0.2840501616348356,0.47178888203664276,-0.4520479472625191,-0.4164771254464771,-29.14643312361346
31.0,0.1511250993368167,-0.09059921516907574,0.2926510151943993,0.48528679929595525,-0.46743548968498405,-0.42721918528385117,-30.091956443144298
32.0,0.1545482471084926,-0.09363971363009638,0.30126186682369016,0.48993947654940534,-0.47864716299518223,-0.43324844915124777,-31.0379480029062
33.0,0.1571464199293174,-0.09718659498274065,0.309580079066394,0.4945394094452452,-0.49416808387894606,-0.4453593593384012,-31.98343086696672
34.0,0.15954861049378777,-0.10078915111682384,0.3179727279037798,0.49800116323946325,-0.5115909269755781,-0.46080960507631846,-32.9281609584218
35.0,0.1617014116810827,-0.10454928527955047,0.32645868717000937,0.49992088881734276,-0.5297896524869529,-0.47827228461249144,-33.87196989260843
36.0,0.16473819365116404,-0.10791810359172715,0.3346703824149453,0.5112949854992366,-0.5485518093779115,-0.4965778824243178,-34.814741090078165
37.0,0.16860862158653037,-0.11078203184214638,0.3430717043767932,0.5271195546361435,-0.5673834745851405,-0.5152320556568901,-35.756798631387674
38.0,0.1726592751867416,-0.1134123418193437,0.35157629681745406,0.5412719028096344,-0.584043585796614,-0.5340303688649065,-36.69858229936382
39.0,0.1763159376708124,-0.11619223191024163,0.36006777138094953,0.5510993620181587,-0.6003827965529293,-0.5528883165572617,-37.640131995165994
40.0,0.18003894119590472,-0.11909103353800918,0.368437822542138,0.5661712808313625,-0.618148061911197,-0.5709286653291241,-38.580974807064855
41.0,0.18445907706554648,-0.12073839767392423,0.3776548996113956,0.5837912865615369,-0.6364788111179006,-0.5894588330462418,-39.52170086948239
42.0,0.18768702031922954,-0.12394382709168576,0.3858174494460031,0.6020851623402421,-0.6551042365060765,-0.6082055685571015,-40.46108023568688
43.0,0.19173114200002814,-0.12642459517947918,0.3944496572255167,0.6157319078812505,-0.670667472875056,-0.6247618688534001,-41.40027775847504
44.0,0.19590825664255476,-0.12889347599699005,0.40301156603027083,0.6289609622610345,-0.6827397744118249,-0.6426540528479776,-42.33973032935731
45.0,0.20032480381040665,-0.1313530844218332,0.4115882923396503,0.643147834441352,-0.690874861367437,-0.6611363876611287,-43.279873129688426
46.0,0.2050760172937436,-0.13281440537109723,0.4209798877133914,0.6603828926274689,-0.7050397940658786,-0.6775686658265057,-44.22051996655161
47.0,0.20788842976042124,-0.13596215327212066,0.42923558749965535,0.6731785179308525,-0.7217812218311087,-0.6845116588401478,-45.16016715021427
48.0,0.21199770259791087,-0.13852014332755924,0.43786345237129565,0.6893932663162798,-0.7338006951214435,-0.6927365919409844,-46.09981337892472
49.0,0.21555634014854025,-0.14129856711957545,0.4469016150869206,0.6942177219682057,-0.7493743555008084,-0.7071254222071898,-47.039490887846185
50.0,0.21872320026118272,-0.1443161478326567,0.45537369205784883,0.702657875815868,-0.7643174906922823,-0.7172692782807056,-47.978720404084434
51.0,0.22244788091889103,-0.14689765805456637,0.46397949198261834,0.7171592285734968,-0.7814800185456241,-0.7283648205410301,-48.91739955408919
52.0,0.2265905267548403,-0.14909043746996462,0.4727881398133706,0.7343530888383107,-0.7996328371645905,-0.7402568382276744,-49.85565015391997
53.0,0.23102476533488236,-0.15024293308351103,0.4821853228813843,0.7527540050835263,-0.8180702662508337,-0.7524976610364331,-50.79391969723597
54.0,0.23456234306615228,-0.15290659294652642,0.490849215183923,0.7715349695336158,-0.8367902753761431,-0.7654440280684083,-51.731187345086745
55.0,0.2392075089895724,-0.15398675657927172,0.5003308433421969,0.7905623451986371,-0.8507519572842102,-0.7810971965524461,-52.66901801042849
56.0,0.2440849311996321,-0.15531434116321371,0.5098460052207953,0.8096539665203488,-0.8592114539667756,-0.7986410957522604,-53.60795137558254
57.0,0.24720771715653836,-0.15828601653887708,0.5184770072077854,0.8203235396955638,-0.873317056083884,-0.8047330080945841,-54.54652832258732
58.0,0.2512130597724562,-0.16059965385760336,0.527489766859505,0.8358172920351292,-0.8901199667209144,-0.8183535382416132,-55.48488859550465
59.0,0.2558291113900054,-0.16164781675248074,0.5371891654059662,0.8535153225975455,-0.9071725016597496,-0.835071360377433,-56.42369577463055
60.0,0.2600191975005419,-0.16346594292631925,0.5468215317845404,0.8720075032823619,-0.9253342752911575,-0.8530693992730306,-57.36225644317199
61.0,0.2638991372130381,-0.16550010281952882,0.5559471371794619,0.8906770563061132,-0.942341811628237,-0.8715963753655582,-58.300699196899664
62.0,0.2683231013248107,-0.16777568760211728,0.5652016062972457,0.9017490920654895,-0.9524688854171812,-0.8903422411684992,-59.24001426364401
63.0,0.27285887108431006,-0.16996513345791223,0.5745673888909932,0.9146239810916829,-0.9642984618576188,-0.9074929581657349,-60.180147515573466
64.0,0.27744090782225395,-0.17199501651831767,0.5840170764957862,0.9297725656079568,-0.9787681883091015,-0.9206489067526289,-61.12087413342166
65.0,0.2818270270853272,-0.17410533485435659,0.5935651137818428,0.9421921494973864,-0.9956404531137453,-0.932128433793948,-62.0619512310702
66.0,0.28674091405006275,-0.17509017493511397,0.6037299665732461,0.9584914974278642,-1.0136541681477844,-0.947873739610099,-63.003798241961285
67.0,0.29065119944559803,-0.1776457890829238,0.6131194217925051,0.9764871437280281,-1.032155773098672,-0.9549867524056902,-63.94538725457096
68.0,0.2952389796833509,-0.17907935422386426,0.6232431563717006,0.9894352922445873,-1.050865054729533,-0.968995726417064,-64.88756208438397
69.0,0.2998630888565417,-0.18060236901241436,0.6334515835457977,1.0058245810624598,-1.0697462484687565,-0.9858734470170203,-65.83017196936872
70.0,0.3040784007404956,-0.18302144065880174,0.6430904471207926,1.023911609174841,-1.0885698357572704,-1.0039374464609934,-66.77284932082243
71.0,0.30946808754946065,-0.18396936228741498,0.653600768104144,1.0425899725374537,-1.107568970178895,-1.0224918357487427,-67.71663428805864
72.0,0.3136803911621947,-0.18661129291397216,0.6634387949293744,1.053357890609893,-1.1263372651823427,-1.0409323436042799,-68.66059607426651
73.0,0.31887883706001185,-0.18779174088334455,0.6739770199696092,1.0690321585498446,-1.1452579831060328,-1.05963697577296,-69.60563739159916
74.0,0.32303085259142605,-0.19068485395512874,0.6838225186633766,1.080418881782077,-1.164108125643301,-1.078456137761495,-70.55079754656248
75.0,0.32761259847692126,-0.19315758929936416,0.6938502288192245,1.0888216342687367,-1.179526822293294,-1.093846351220017,-71.49675692039733
76.0,0.3330865277746105,-0.19435147876654627,0.7044704784665927,1.103489418475565,-1.1968309160760626,-1.111236019419488,-72.44418716404383
77.0,0.3386352453268262,-0.1957619617399899,0.7150219616858349,1.1206413333781058,-1.2151318839758374,-1.1279129157588794,-73.39296977439191
78.0,0.34479814457017005,-0.1968368505923987,0.7255040269619683,1.1387006316587338,-1.225806120743171,-1.134342353373673,-74.34418262226099
79.0,0.3502753724121766,-0.19868429219350525,0.7354121056844523,1.1575057801709452,-1.2398819420292608,-1.1466513909158218,-75.29716483941644
80.0,0.35617125295816787,-0.19911261831474902,0.746006487749129,1.176303641241894,-1.2567523695271834,-1.1577352781220194,-76.25227931030419
81.0,0.35977366609176986,-0.20189560788486338,0.7536358815902936,1.1893805533492146,-1.2638233057819055,-1.1714183968955598,-77.20852314679617
82.0,0.36311478374139766,-0.20574894318293294,0.7603886658609577,1.2029166909928681,-1.2681318630468832,-1.1870376004358751,-78.16565717680714
83.0,0.36701137924724553,-0.2092621145092391,0.7672362371467455,1.2183973949712987,-1.268591493627865,-1.2045617971713616,-79.12446514343497
84.0,0.3706648795189511,-0.21287472028306326,0.7740769898935379,1.2357664490054365,-1.2778000280524875,-1.2126880876205846,-80.08415017526335
85.0,0.3741623235367812,-0.2164719250955263,0.7809556446012241,1.2531798779277215,-1.2926149113096788,-1.2246363411930052,-81.04418437886666
86.0,0.37790138641883303,-0.22004436929466029,0.7877340491191177,1.2713496907496769,-1.3017153721744084,-1.2358799206716111,-82.00520819803756
87.0,0.38149546949549523,-0.22365087809809966,0.7945438939492852,1.289951006468044,-1.3164126881365474,-1.2515326871272334,-82.96676328578816
88.0,0.3850432492014704,-0.22723845606591955,0.8013499897704687,1.3087233239616745,-1.333558762485708,-1.2690881342765594,-83.92866545812952
89.0,0.3883745323704965,-0.2305889516408512,0.8084184508420529,1.3193600256175817,-1.351706289917189,-1.2828856663890287,-84.89060629544443
90.0,0.3916842431378491,-0.23415995586867988,0.8152094968346395,1.3344233078214291,-1.3703115308062246,-1.299598699671944,-85.85260627763152
91.0,0.39533009299911004,-0.23755789023448884,0.8220667486456843,1.3474061299570967,-1.381059529140787,-1.3175925480181339,-86.81549707108191
92.0,0.3990554942867052,-0.2408776273460798,0.8289519387216866,1.3569756318043187,-1.386406143308171,-1.335534060639751,-87.77971813833032
93.0,0.4029154894958391,-0.24437519360673304,0.8356097361063729,1.3716419666703772,-1.3912851336123833,-1.3443884274537683,-88.74552202729171
94.0,0.40688505659411145,-0.2478606761275828,0.8422695708287652,1.3887508086770806,-1.3984159458087866,-1.3590960281118507,-89.71291751873106
95.0,0.4106407474907937,-0.2511967859707465,0.8491338167017327,1.4013896618279351,-1.4102101616745826,-1.3745012911313144,-90.68133095134587
96.0,0.41428142562188586,-0.25469218284804335,0.8558220653916794,1.4173241888872832,-1.4261054257135362,-1.3919265268454344,-91.65045547371867
97.0,0.417997265195647,-0.25817930488492485,0.8624975141020441,1.4349700239785153,-1.4437632240037606,-1.410216084618828,-92.62029023521653
98.0,0.42176851231820817,-0.26164773618427895,0.8691584933229601,1.4533385984829144,-1.4621575304656802,-1.428863733997346,-93.59088249971263
99.0,0.42564864466209834,-0.264792048626216,0.8760521389008014,1.4625532987691219,-1.4704642146339977,-1.4476594321840883,-94.56279821898029
100.0,0.42953503676255567,-0.26823061247671165,0.8826288224002643,1.4770597190697374,-1.4792689215248136,-1.4665163566077652,-95.53618637116216
101.0,0.4332895391668818,-0.27149885691970005,0.8894471209666623,1.4881346703387437,-1.4933253476324417,-1.485398559306361,-96.51048877016936
102.0,0.43695899112099257,-0.2748526284949818,0.8961504008404503,1.5009140899618298,-1.5101816103890042,-1.50287672010084,-97.4854874743718
103.0,0.4407395826504798,-0.2782712076752701,0.9027489393025684,1.5170512045750355,-1.5282483231142918,-1.5173873289204673,-98.46130987263498
104.0,0.4446875323109932,-0.28154650108312124,0.9094228294406322,1.5312659007435305,-1.5422192889531843,-1.5344075990106287,-99.43833456524764
105.0,0.44861975577453295,-0.28493231154574894,0.9159822228247372,1.547939414072528,-1.558715669131344,-1.5525288121873848,-100.4164915999088
106.0,0.4525926413698687,-0.28811525699198337,0.9227117144315382,1.5599117176408903,-1.5718895516374705,-1.5690596062971045,-101.3958801344966
107.0,0.45636136886708434,-0.29116798351382855,0.9295825177639735,1.5645833624500827,-1.581587829592919,-1.5777036471103814,-102.37629960414685
108.0,0.46040437831184633,-0.294518641676017,0.9360380281002344,1.5772840442784979,-1.587669208314791,-1.5892353979453742,-103.35853009915111
109.0,0.4645221264329972,-0.297859912628105,0.9425415024770004,1.5935790123483684,-1.6011848955320176,-1.6050355552421276,-104.3423029123486
110.0,0.46846579923483717,-0.3009727164777934,0.9493023709818565,1.6041529276530047,-1.6178230333674024,-1.6193991690371212,-105.32701510870768
111.0,0.4724162223959806,-0.30429504564258064,0.9557983595250821,1.6192213215427043,-1.6358008096538565,-1.6301089447676729,-106.31275776795287
112.0,0.4766387273469444,-0.3075853541786832,0.9622427475923244,1.6364929970810356,-1.6503151708968042,-1.6455210619091571,-107.30011105593992
113.0,0.48126148887261255,-0.31076664398667075,0.9686321649705992,1.653631569115745,-1.6529013639778931,-1.6487563043258797,-108.29026890728335
114.0,0.48564055066117845,-0.31376431705342656,0.9753048934791434,1.663186534552161,-1.656996682878553,-1.6612409689378953,-109.28260866205704
115.0,0.4895992924013841,-0.3168508083659203,0.9819968819514936,1.67039602209312,-1.6692965639429127,-1.6774906010386894,-110.27607225266387
116.0,0.4935813841476104,-0.3199710524084059,0.9886008878550279,1.6785143518572359,-1.6809349665234692,-1.6878864226157857,-111.2707292646843
117.0,0.49751127713803406,-0.3230880962225079,0.9952320875735149,1.6869224032269794,-1.6967443925707315,-1.6868769725681902,-112.26625648850465
118.0,0.5016159179221956,-0.3263399190201109,1.001646951406986,1.701166677592676,-1.714378284940673,-1.6976621847565014,-113.26294546505153
119.0,0.5059210651434245,-0.32956066444888954,1.0080385767528484,1.7180971629505202,-1.7327729298781742,-1.7132107841693478,-114.26105889711296
120.0,0.5103349839331163,-0.3327515179632002,1.0144144277749778,1.7361701878658524,-1.751484089693835,-1.7305368291201433,-115.2607370336452
121.0,0.5148167463891421,-0.33592041248258286,1.0207772250034297,1.7547311113035449,-1.7703276851606358,-1.741148136188957,-116.26206151776385
122.0,0.5193171989531221,-0.3390190490806165,1.027189264013554,1.7719037680568783,-1.7887391407794844,-1.756541188573937,-117.26500737027087
123.0,0.5238495368544901,-0.34214819617559866,1.0335366633019625,1.7899374096203264,-1.8074344240432758,-1.773989315285493,-118.26962671317841
124.0,0.5284416464219723,-0.3452714298189461,1.0398654975505839,1.8084839980354752,-1.8262726003781693,-1.7901417317361865,-119.27598839279628
125.0,0.5330924353505428,-0.34833239755614065,1.0462184809137194,1.826164960487121,-1.843535113139561,-1.800850312561516,-120.28420523555224
126.0,0.537798061405236,-0.3514055854261348,1.0525221428397986,1.844462726601361,-1.8602318118410104,-1.8139755561976982,-121.29439921706188
127.0,0.5425334897318289,-0.3544762248775847,1.0588173229759092,1.8631263078056903,-1.8781978952015717,-1.82892404008088,-122.30652205178794
128.0,0.547067820655538,-0.35731094804668934,1.0654013897294368,1.874251091587549,-1.8967119805498576,-1.8461634150916144,-123.31990405951811
129.0,0.5516378488777569,-0.3603707380205913,1.0716986574534884,1.889573261250834,-1.9151098914503337,-1.8595151899997198,-124.33479602104518
130.0,0.5562838756049858,-0.36336655060051154,1.0780587485835713,1.9045242742374238,-1.9338021420796792,-1.874002024047233,-125.3512128035548
131.0,0.5608180667866608,-0.3662282291674902,1.084567048283194,1.9152136324544873,-1.9526255500156122,-1.891040653317153,-126.36877655670638
132.0,0.5653524244979709,-0.3691987387527225,1.0909410923624643,1.9274458181463705,-1.9715139375063089,-1.9047454413845106,-127.38754431812562
133.0,0.5700694283956497,-0.37223230056277773,1.0971866171764422,1.9433756182519093,-1.9904368994908839,-1.9214221533571798,-128.40787476886365
134.0,0.5750629761297856,-0.37519841429159934,1.103382128292777,1.9610132299605838,-2.0024036621222185,-1.939401071384013,-129.43063387753756
135.0,0.5799114276445229,-0.3779960828563307,1.1098136227431885,1.9735442313130338,-2.0175017848175694,-1.9556509480459292,-130.45515573551478
136.0,0.5847873418007842,-0.3809502882149476,1.1160383026133687,1.9895048411955745,-2.0348417782507995,-1.9705150185230784,-131.48145814336203
137.0,0.5896390007347568,-0.3837841449582003,1.122404782340362,2.0027752381350417,-2.0531101283697413,-1.987696019580198,-132.50926080130367
138.0,0.5944479622949161,-0.38654792927674697,1.128811969483112,2.0129282975480454,-2.065523256095489,-1.9983777396059732,-133.53876253475306
139.0,0.5989407759493207,-0.3892908526072581,1.1353686018944475,2.0176348179248293,-2.081636884832103,-2.011588486980186,-134.56905749123237
140.0,0.6036602094030179,-0.3922941802059467,1.141554841402675,2.0304171324372677,-2.0994144876610736,-2.0206868536592895,-135.60064930916536
141.0,0.6085546344990163,-0.3951186822659505,1.1478663992590206,2.0430264212991607,-2.117867880623472,-2.03545844461001,-136.6336149934911
142.0,0.6133714615097384,-0.39785757918805087,1.1542674601226743,2.052775951705981,-2.1363611372219067,-2.047730288990311,-137.66768279445145
143.0,0.6183606439675526,-0.4006798115538435,1.1604872055929367,2.0649053734475613,-2.1452990283022024,-2.063806071246774,-138.7038826802233
144.0,0.6232019859450572,-0.40338782659248223,1.1669078460326159,2.0729260200861557,-2.1595682036536608,-2.0797980164393577,-139.74141773695456
145.0,0.6281249713566363,-0.406155703272333,1.1731888831212502,2.0820092458489516,-2.1655560442650894,-2.0974660181653886,-140.78104793719137
146.0,0.6333879240443623,-0.40900649775786213,1.1792528783602838,2.0966027072388447,-2.1638220172536626,-2.115855865228271,-141.82404663753354
147.0,0.638796070041517,-0.41181355911538464,1.1853313946404282,2.11371316397712,-2.16949352826086,-2.131635357171931,-142.87011584666382
148.0,0.6442514496156215,-0.4145789219089852,1.191421624096088,2.131882535269077,-2.182130360087747,-2.1472234086786877,-143.9187515625473
149.0,0.6497702890194637,-0.41730389030206405,1.1975065317149556,2.150493824976632,-2.195277280865446,-2.1617573989891934,-144.96994842090206
150.0,0.6554657118262635,-0.4188687297052924,1.2048456443692601,2.1694753678743544,-2.211756047775593,-2.1749946467449783,-146.02382820203073
151.0,0.6596446454193036,-0.4226004001688642,1.210394365061664,2.1838453958728516,-2.229685371782369,-2.191487174822339,-147.07855233965833
152.0,0.664964352639639,-0.4255278072936772,1.2164170095960762,2.2006881173374735,-2.2482175514750438,-2.2093900278776584,-148.13494384563725
153.0,0.6706265469434155,-0.42703675746103287,1.2237482213652628,2.218415890260775,-2.265992833636856,-2.223423977073306,-149.19369717982383
154.0,0.6751738933676379,-0.43081091121084775,1.2291222447370815,2.236598523316223,-2.2831779725250403,-2.240236204635974,-150.25374576521975
155.0,0.6808430178672686,-0.43249521583670436,1.2363443116235744,2.255137634735419,-2.3013688773205847,-2.254819832894167,-151.31607882221132
156.0,0.6855467944894681,-0.4361766851707536,1.2417363192617643,2.27367913494967,-2.3200083750476375,-2.2653357917150005,-152.37965292268203
157.0,0.6911181108027025,-0.43882096305872764,1.2478937974201956,2.2884197441143064,-2.338822989852898,-2.2806732864492605,-153.44477955548743
158.0,0.6968366644357333,-0.4413204697415547,1.2540312271792844,2.304143899489656,-2.3577106076406773,-2.2980979215741537,-154.51160940350798
159.0,0.7026448023970322,-0.4438702784451479,1.2600854151524299,2.3216675838430136,-2.376629985945852,-2.311593004811863,-155.580290908732
160.0,0.7085351505237474,-0.44639940125371136,1.2661275387087663,2.339877200518418,-2.3955633915136594,-2.3247923665807124,-156.65089842888182
161.0,0.7144460133817784,-0.4488629352771654,1.2722190227126828,2.357056518238491,-2.414502310428727,-2.3409822564479663,-157.72334652356074
162.0,0.7202651620663387,-0.45124044164945576,1.27842333273423,2.3708819524382014,-2.4320787632426875,-2.358755265443476,-158.79743738147832
163.0,0.7261420185723162,-0.45373585810242034,1.2844775645518498,2.387486736948086,-2.4392549921148765,-2.377189110476447,-159.87430946921745
164.0,0.7318602870266119,-0.45607562334838864,1.2907613757380103,2.398035386157217,-2.453324889621227,-2.392297816977631,-160.95283856170911
165.0,0.7374135690483413,-0.4585017193216365,1.2970171115923605,2.4064858552566784,-2.46927129206882,-2.4029409818088903,-162.03252017312207
166.0,0.7431914918918211,-0.4610781970432504,1.3030305868730356,2.420837106377976,-2.4834628332988276,-2.418331942861562,-163.1140051322348
167.0,0.7487140997206797,-0.46337771158481117,1.3094295454623632,2.4258988909770336,-2.500376652552074,-2.4357788238495512,-164.19627342236865
168.0,0.7542884351031285,-0.4659132677386261,1.315556741905384,2.435005890970877,-2.518468890971493,-2.4540779231506153,-165.2794349835892
169.0,0.760178518113617,-0.46843958374460526,1.3215594437403273,2.4496975483689845,-2.5315325698604685,-2.472729466284641,-166.36451805926694
170.0,0.7662966587035508,-0.47083662000884174,1.3275746088709723,2.466170390796031,-2.5479473250437286,-2.483661344780896,-167.45150149417427
171.0,0.7725056432272676,-0.4731659026893479,1.3336064901586384,2.482861078270635,-2.565843510156936,-2.4951965043640185,-168.54028980121885
172.0,0.7787897712096717,-0.47549221428769967,1.3396045862803947,2.500800105593056,-2.581404368887242,-2.5105916203831424,-169.63119660277195
173.0,0.7846317917040749,-0.47759022184749306,1.3460215106472466,2.506379539725104,-2.598689995466817,-2.5280342115280448,-170.7229625679073
174.0,0.7906165373125705,-0.4800513914001257,1.3520092261110856,2.5193165767228627,-2.6169302241265604,-2.545724926528451,-171.81597003558517
175.0,0.7965829211204767,-0.48235737083833197,1.3581832694596967,2.5300581347537663,-2.628598460184714,-2.5641146592222954,-172.91068444086986
176.0,0.8021288027560133,-0.48465838951735407,1.3645548960350447,2.5347623227652702,-2.6271899281278777,-2.5787751725630352,-174.00766804879265
177.0,0.8080842857929932,-0.4871313892046079,1.3705336760583673,2.5476338922913553,-2.636713478769636,-2.5958536207838123,-175.10666919118793
178.0,0.8143665609438032,-0.4894207760241258,1.3765452158751261,2.5626599918401607,-2.6517395953495098,-2.6069826019322915,-176.20749712056855
179.0,0.8208395529502028,-0.49165573326409573,1.382510958955283,2.579827142605068,-2.6690593717781685,-2.619815016713483,-177.3101614978381
180.0,0.8273719768885052,-0.49385681338316856,1.3884907560632165,2.598032091739869,-2.6821961262387304,-2.635858874815437,-178.4151313317225
181.0,0.8338819287535548,-0.49599693066453515,1.394538108855753,2.615349484150119,-2.691698642240782,-2.643244785399805,-179.52266874016115
182.0,0.8402296257395359,-0.49802887048627287,1.400753021707297,2.627083344050608,-2.7035741906567963,-2.657363011711456,-180.63208064858713
183.0,0.8466941111164347,-0.5002317582858941,1.4067462942854474,2.642823201437695,-2.716602297029824,-2.6737899640593805,-181.74351964571346
184.0,0.8530512092464245,-0.5023894001825177,1.4128695174249535,2.6574256709097623,-2.7206673108933868,-2.6839068495853864,-182.85766915936455
185.0,0.8593430881596174,-0.5045089860831931,1.419041327556695,2.670468264111928,-2.723286329621391,-2.699099701170445,-183.9745279894479
186.0,0.8652639550850413,-0.506592816822789,1.4254459527468557,2.6726478827298745,-2.735502794718273,-2.7017332699666397,-185.0922624614607
187.0,0.8714677694182449,-0.5089537638775536,1.4314232124080235,2.682904305901358,-2.7516372733330954,-2.7098964531582435,-186.21107455283365
188.0,0.8781079446253613,-0.5111292723893553,1.4373669871156736,2.6981519039757,-2.769400916177162,-2.7242901010905864,-187.33139543007934
189.0,0.8849691237905594,-0.5131802574423486,1.4433120784845863,2.7155488405794976,-2.7878481992217186,-2.7413253947891776,-188.45343161172886
190.0,0.8919464671754481,-0.5151640120900813,1.449260848763861,2.7338495745456313,-2.806581834129616,-2.7594544682156426,-189.5772705933022
191.0,0.8989995989815199,-0.5171011565893558,1.4552164156049618,2.7525305004326293,-2.8254352534031795,-2.7726105189816765,-190.70295313828214
192.0,0.9061104156783827,-0.5190020369336588,1.4611793195992593,2.7713713568561853,-2.8443386416613143,-2.7890432505174063,-191.830500378003
193.0,0.9132321533816113,-0.5208608388917725,1.4671799975807778,2.7893074774917905,-2.8632645036774336,-2.8069207846552,-192.95984349195663
194.0,0.9201823761745901,-0.5226964754792339,1.473300779036242,2.8035816908881306,-2.8799605602528824,-2.8192968341084037,-194.09083394798247
195.0,0.9271531791488538,-0.5246455741478055,1.4793116270808717,2.8204486707646925,-2.893854877233229,-2.8333433309822174,-195.22385751384795
196.0,0.9342273978922151,-0.5265455041727305,1.4853180737020055,2.8385271823019105,-2.9074223919444626,-2.850199035852422,-196.359073942358
197.0,0.9411850582167927,-0.5283236593093718,1.4914889206188553,2.850783872475311,-2.9240948275767,-2.868252900542015,-197.49578430084665
198.0,0.9481704936593047,-0.5302764210973152,1.497507587112996,2.866786148092591,-2.9374202275627903,-2.8868029886164708,-198.63446127722113
199.0,0.9552899192373014,-0.5321097816606782,1.5035552463350537,2.8822670874110194,-2.953952052337833,-2.903962059903468,-199.7748885067657
200.0,0.9625006585411559,-0.5339397993250972,1.5095712487918826,2.8992030652503686,-2.9701891506120535,-2.913106714969376,-200.9172036902813
201.0,0.9697710881119069,-0.5357364680423254,1.5155986662673733,2.917288394770108,-2.9846441095353105,-2.927923091438329,-202.06164898013967
202.0,0.9771525306150743,-0.53746308289448,1.5216257101086985,2.9358760701481383,-3.000322494866634,-2.945133565629763,-203.2082128424747
203.0,0.984176730029799,-0.5389833215695319,1.527394522603612,2.9547775475097895,-3.0034038186479557,-2.9633350632014284,-204.3577934999339
204.0,0.9911445735122653,-0.5396993933041021,1.53166430909169,2.9737817145871697,-3.0134626012072068,-2.981946289931919,-205.51012345315164
205.0,0.9975184735365211,-0.5401860130052246,1.5348272753225891,2.991480570177499,-3.0165966248602363,-2.9960195323596146,-206.66552709925915
206.0,1.003800182519858,-0.5404319261307522,1.5370660241957845,3.0098856895561985,-3.0243509550900574,-3.0075504054144435,-207.8237783330627
207.0,1.0101571253308164,-0.5404284696344057,1.5386591465650388,3.0286226134338188,-3.0385862777699963,-3.0213533556128778,-208.98452819906268
208.0,1.0163823100461264,-0.5402916956276181,1.5398517307340165,3.0475130543861515,-3.0517452903937707,-3.038110289740496,-210.14786320301468
209.0,1.0225414104313606,-0.5400341489247399,1.5407281744744943,3.0664549444024076,-3.0654050845083143,-3.046845285719111,-211.31378262365627
210.0,1.0282725543841955,-0.5397510627992924,1.5414715321252905,3.0787483789192716,-3.082149609923063,-3.0614978684846412,-212.48151357679657
211.0,1.0340784574531166,-0.5395440761967306,1.541893626079484,3.0947955967372565,-3.1001502535878482,-3.078640705418155,-213.65122364609783
212.0,1.039132094183558,-0.5393272055327694,1.5426066610155946,3.099386288197544,-3.1137576212389804,-3.096814341795699,-214.82221548105275
213.0,1.0442829494396189,-0.5392351642396964,1.5427865417486337,3.1111313959727744,-3.1303498281287263,-3.1154138699953826,-215.99477846507958
214.0,1.0498853451478511,-0.5389143458108403,1.5429121675619901,3.1270515470126914,-3.145957706567713,-3.1341896726304834,-217.16949362947364
215.0,1.055007357882402,-0.5385381067036693,1.54323055695566,3.1397918500714543,-3.1503601952171003,-3.146535580039575,-218.34673349542288
216.0,1.06009447603224,-0.538192683482996,1.543373166420833,3.151714808797318,-3.160285406734654,-3.1626192488214477,-219.5260954503271
217.0,1.0656163044314952,-0.5378095755895463,1.543349156404399,3.167620811547812,-3.175395069043809,-3.1711172224824278,-220.70767881475902
218.0,1.0714805285046178,-0.5372821806428634,1.5433215059447893,3.18528876137848,-3.192722719720175,-3.176507371026814,-221.89163977593986
219.0,1.077307098368953,-0.53674353088392,1.5433833286993932,3.2037219798365997,-3.2053428074811086,-3.1897914355734263,-223.0783099250897
220.0,1.0832080283763723,-0.5361488955052072,1.5433834742461705,3.221967511520672,-3.2208212522125543,-3.1940620026245075,-224.26758159656475
221.0,1.0891697607190367,-0.5355617965220848,1.5433744506744052,3.2406023672547333,-3.237435149133944,-3.206938592505979,-225.45945047169226
222.0,1.0951067057476542,-0.5349726697541938,1.543415579576749,3.2594244507411836,-3.2520301956574955,-3.2233492158936765,-226.6540456550901
223.0,1.1009454873706086,-0.5343816645116425,1.5434514615540473,3.2757103867749393,-3.2690886879609082,-3.2362116132787118,-227.85106937339907
224.0,1.106843805192301,-0.5338427290460859,1.543439312773766,3.293485078932066,-3.2867960749818215,-3.2525300460994653,-229.0506110001676
225.0,1.112627670656808,-0.5332789981047715,1.5435059647579419,3.3104242238273978,-3.3014967860816724,-3.2701099725530915,-230.25275213353078
226.0,1.1181772958110345,-0.5327705728795065,1.543602560495919,3.3229076653275147,-3.318632571906835,-3.2848956268999063,-231.45702302994846
227.0,1.1235678067077075,-0.5323800962608188,1.5436451776610587,3.3345657529521886,-3.3368171361464647,-3.296111296597901,-232.6632567210963
228.0,1.1292408340527795,-0.5319533835317205,1.5436034078749585,3.3503736588092785,-3.3553955505818642,-3.3116792608599535,-233.8718456420351
229.0,1.1350094169843727,-0.5314158548160756,1.5436672507372422,3.3680304067196545,-3.3690702484621413,-3.3218874173169346,-235.08320162783093
230.0,1.140629554456583,-0.5308425063137953,1.5437254564050562,3.3816739070279445,-3.3857577696997665,-3.3295856022408152,-236.29693961957705
231.0,1.1460397656498211,-0.5304096910241957,1.5437770096740626,3.39545059145062,-3.4002741212669854,-3.338699365570411,-237.5130548690747
232.0,1.1516238296931263,-0.5299255542769371,1.5438150594198194,3.412186726265365,-3.413170190429563,-3.3513068855977957,-238.7318900332816
233.0,1.1574349946924642,-0.5293083812514556,1.5438032435957587,3.430192108612644,-3.428126165265468,-3.3675663535109512,-239.95359989787545
234.0,1.163256286427684,-0.5286885629595585,1.5438452718358586,3.448749701166438,-3.441279687861219,-3.384491307417957,-241.17830031969677
235.0,1.1692069336493893,-0.5280146148902698,1.5438202721245056,3.4675072683767594,-3.457729365137372,-3.4025596837949643,-242.40599208362983
236.0,1.1752003519026415,-0.5273476501234488,1.543804065423914,3.4863611309371434,-3.475070221896734,-3.4211154422472996,-243.63669792620536
237.0,1.1808002534990978,-0.526753248856915,1.543908714548242,3.502064763627023,-3.487767171313912,-3.439873077387184,-244.87019796461368
238.0,1.1862585129820493,-0.5262372696500577,1.5439617760099391,3.5148214990356363,-3.5040487688092217,-3.4587141219525335,-246.10616501922124
239.0,1.1916802527389623,-0.5257902062189023,1.5439904734991963,3.5293954669606893,-3.5186985219193407,-3.4775896870221215,-247.3447437290966
240.0,1.1974229601646513,-0.5252243400372911,1.5439598062868407,3.5464657108484468,-3.535761041129785,-3.496479564677065,-248.58621981450054
241.0,1.2028973220203523,-0.5246738712207136,1.5440480992125452,3.559937740582218,-3.55041570337164,-3.514089687137459,-249.83033206858897
242.0,1.2081512124944453,-0.5242221859162917,1.5441263940809589,3.5736362921868827,-3.5622902896775592,-3.532372560371807,-251.07705485936714
243.0,1.2135202865735177,-0.5237333592404307,1.5441440424204043,3.5864761884716865,-3.578209381146953,-3.548591902901054,-252.32634073061297
244.0,1.2190909197108883,-0.5232315444623519,1.5441136765919572,3.602791406155887,-3.5942471920525927,-3.5663422269856606,-253.57851778500316
245.0,1.2240311651739397,-0.5229193079506855,1.544064940802207,3.6181809164386105,-3.605468560223048,-3.579378811484509,-254.8334251834958
246.0,1.2273294558044998,-0.523633120001538,1.543777216807633,3.623346099652936,-3.6186692639342946,-3.592637443405252,-256.0896214342804
247.0,1.2309590529963776,-0.5239634827143631,1.5435724556428863,3.6229710338556376,-3.635096760652565,-3.605368241267579,-257.3468319564783
248.0,1.2347702739427855,-0.5241810586675207,1.5433697279842655,3.621842045299564,-3.652988006984562,-3.6216517308368306,-258.6050786541572
249.0,1.2386268125797237,-0.5243888695674478,1.5431888496138366,3.6206206945350328,-3.6714898846952537,-3.636605021982288,-259.8643816309278
250.0,1.2421189865824185,-0.5245192833309323,1.543103844071975,3.6195501620888226,-3.68342555751442,-3.6538244585537663,-261.12467853341724
251.0,1.2458554916512161,-0.5246679628232157,1.5429780931759225,3.618331408190574,-3.6993719268337326,-3.668248644391045,-262.38602720876924
252.0,1.249411660228532,-0.5248060537372101,1.5429381812251244,3.6171684691462067,-3.7116037927034498,-3.6852137664954436,-263.64838603548117
253.0,1.2528575979322323,-0.5248897385328221,1.5429146509159393,3.6160843261368147,-3.7216729876902765,-3.700912553244996,-264.9117402390329
254.0,1.256567120776159,-0.5250018842430104,1.542818805483163,3.6148195825930642,-3.736843748425759,-3.717576968575813,-266.17615904166144
255.0,1.2603709997012416,-0.5251596915363638,1.542723365971514,3.6134104539717735,-3.754217849877325,-3.733466562904385,-267.4416637773124
256.0,1.264215028961022,-0.5253325467581536,1.542636667429626,3.61191839065647,-3.7725069659638817,-3.748039903345281,-268.70827119737413
257.0,1.2680762756826414,-0.5255061499483633,1.5425597170306484,3.6103689840678923,-3.7911762994500986,-3.765098225170777,-269.9759962971178
258.0,1.27194424870703,-0.5256751930536824,1.5424919477131642,3.6087743593003667,-3.810003785355935,-3.783235423190994,-271.2448527617234
259.0,1.2756198944362251,-0.5258028656329409,1.5424633958015368,3.6072437963896817,-3.82550835255868,-3.8018200058710128,-272.514788459004
260.0,1.2791908243930041,-0.5259167602642008,1.5424992210739188,3.6057957588980853,-3.8380882913792127,-3.8150196233848903,-273.7857626241452
261.0,1.2829436572921913,-0.526001396623143,1.5424512943875794,3.604271224148329,-3.85429298100891,-3.827301528239745,-275.0578648958447
262.0,1.2867614810471306,-0.5261180545468794,1.5423989402353386,3.6026364893909575,-3.872097481602921,-3.8433918489599597,-276.3311241375716
263.0,1.2901996436532555,-0.5260422030261054,1.5416197911769765,3.602947229259106,-3.881547413860836,-3.85720317320647,-277.60563590265326
264.0,1.2939623260574922,-0.5259797713610642,1.5409060413609743,3.602586582024781,-3.8962508614243485,-3.866976018703145,-278.8814995940564
265.0,1.29781072632543,-0.5261035843343174,1.5409833022028236,3.600642950175798,-3.91339048764753,-3.881627948837737,-280.15852037385827
266.0,1.3016560042368692,-0.5262276649161635,1.541181683322489,3.5985522264900975,-3.9315925147472415,-3.8982333927833137,-281.4366787843529
267.0,1.3054336012988073,-0.5263462321345564,1.5413400964678197,3.596485488158304,-3.9494163579253003,-3.9161755135585845,-282.7159700628616
268.0,1.3091926300161048,-0.526455875608852,1.5414702420184871,3.594447907453248,-3.967081302707202,-3.93209885436377,-283.9964042299548
269.0,1.3129854775355894,-0.5265601512758673,1.541577793860046,3.592427317074176,-3.9851829942712675,-3.9497241727146557,-285.27801294830635
270.0,1.316579363382999,-0.5266733162789177,1.5417730079197125,3.590556104859297,-3.9985362692184143,-3.968095999023479,-286.56068110246616
271.0,1.3203193092555545,-0.5267023641534816,1.5418365875190376,3.588710953224482,-4.015062807993394,-3.9863123343917293,-287.84453279386685
272.0,1.3241119357630902,-0.526759604398271,1.5418783683698234,3.5867923680325635,-4.0330023976307325,-4.002492649266848,-289.1296091177247
273.0,1.3277605587278927,-0.5268081319609644,1.5419459043294126,3.5849287541047734,-4.04854991959728,-4.013759233156939,-290.4158423784874
274.0,1.331519481363871,-0.5268378100912868,1.5419707197870829,3.583048931312567,-4.066023099012937,-4.026121502295792,-291.7033101049572
275.0,1.3353187474067083,-0.5268729183631183,1.5419857449642995,3.581136110565459,-4.084355373146103,-4.04226002025023,-292.9920499435741
276.0,1.338995199271017,-0.5268821323606615,1.541999962634702,3.579249530448405,-4.101214075496255,-4.060016829983335,-294.282016691283
277.0,1.3427727220655301,-0.5269129508853647,1.542024285260601,3.577332968023842,-4.119252404490175,-4.07535247921711,-295.57326203973093
278.0,1.3465934992796753,-0.5269399338338415,1.5420493232393893,3.575416510288691,-4.137818413712237,-4.092726117334362,-296.865823114522
279.0,1.3504350478821092,-0.5269645396070969,1.542078207621445,3.5735022529982885,-4.156604104114184,-4.110993667896726,-298.1597231784929
280.0,1.3537249253975299,-0.5268728629651481,1.5419199315233043,3.5722894866811665,-4.167177460052893,-4.126960481933593,-299.4547276958068
281.0,1.3573396244052656,-0.526895162151627,1.5419875482956904,3.570470310808828,-4.181302187531439,-4.144602229554912,-300.75090865874233
282.0,1.3609995458353565,-0.5269262049714085,1.5421653881618602,3.568704790486196,-4.194527316042886,-4.159439124484766,-302.04824943992054
283.0,1.364494921259474,-0.5269241690346326,1.5423509388172396,3.5670802080070247,-4.204914387559078,-4.176598860949528,-303.34665318224137
284.0,1.368221016815871,-0.5268659799681648,1.5423985431075988,3.565429153437407,-4.22024060480284,-4.194283256404533,-304.64633197798594
285.0,1.3718958240251369,-0.5268732166686912,1.5424936255979815,3.563747187565583,-4.234391451001745,-4.206783785332867,-305.9472315989906
286.0,1.375691621643729,-0.5268296967994873,1.542517434994131,3.562081627738239,-4.251279648682819,-4.218720305020089,-307.24948214844096
287.0,1.3789828307377414,-0.5268172447066708,1.5426566320358523,3.5605245770869987,-4.260587799050526,-4.234666829818797,-308.55273482405283
288.0,1.382386012512865,-0.5268085678540896,1.5428069272068798,3.5590556673875184,-4.269407197388879,-4.251460624743495,-309.85699758974084
289.0,1.385827055728917,-0.5267695547597362,1.542934698906624,3.5576721844525223,-4.2781451225876115,-4.269474746553492,-311.16229393934026
290.0,1.389533416812493,-0.5266716330135163,1.5429275359356946,3.556244299183934,-4.2927946109180635,-4.283137590942207,-312.46889073308773
291.0,1.3932379780437014,-0.5266306240272847,1.5429405272473022,3.554730714783192,-4.308016724909596,-4.297722946353847,-313.7767966826676
292.0,1.3970447960952368,-0.5265781290448228,1.542932839738766,3.5532041444137605,-4.3253751408872585,-4.314801711959057,-315.08611403981337
293.0,1.4007806030506131,-0.5265729404413,1.5429915194755108,3.551677760358581,-4.340782266801329,-4.331344896760609,-316.3967564263457
294.0,1.4042626919102923,-0.5265698359289905,1.5431254834240717,3.5502772564064573,-4.351393831097797,-4.348952585027128,-317.70850625279115
295.0,1.408006403377951,-0.5264873094288468,1.543152149572974,3.548918480723085,-4.366827418717062,-4.367312609136859,-319.0216140069728
296.0,1.4117598508480822,-0.5264400849345032,1.5431857048046433,3.5475066779698023,-4.383140643967002,-4.385989186004634,-320.3361128573757
297.0,1.415572161023251,-0.526388284554141,1.5432112375457425,3.5460990668665673,-4.400969300343631,-4.404796773074579,-321.6520798814212
298.0,1.4193049934888984,-0.5263811590876264,1.5432951229244052,3.544700979352178,-4.416879824839588,-4.421143008502064,-322.9694231755164
299.0,1.4230780977203623,-0.5263191580794047,1.543350313982179,3.5433881450434086,-4.434385882620458,-4.438944262538643,-324.28823529551096
300.0,1.4268301650863793,-0.5262847272548501,1.5434042351238602,3.5422399198347465,-4.452741392239283,-4.457388829221121,-325.6085592759914
301.0,1.4304733975134327,-0.5263256926759209,1.5434598760309934,3.5416747408422458,-4.471443232718013,-4.476100498923309,-326.9304579486329
302.0,1.4340875991235003,-0.5263721085144822,1.543542238468302,3.541026801911518,-4.490292006386126,-4.494069887561034,-328.25392419956455
303.0,1.4369855234969604,-0.5264884527024136,1.543802678676684,3.5402781753576615,-4.4985342794975445,-4.512570563082619,-329.57832504197955
304.0,1.4402767889634693,-0.5265780518394398,1.5440070341544607,3.5394106988022527,-4.507938533712334,-4.531305039146425,-330.9037714515137
305.0,1.442892762545081,-0.5267468340927928,1.544332636668639,3.5391154973396195,-4.505802467968823,-4.538968546801219,-332.2296875383186
306.0,1.4461702569554014,-0.5267184188090631,1.5444084162700331,3.5392755308530304,-4.516072762856239,-4.553150960273187,-333.5568116024098
307.0,1.4488513049699419,-0.5268282817381004,1.5446271647514973,3.5388333793967846,-4.517869833337808,-4.568596297224914,-334.88457744884477
308.0,1.451887240350174,-0.5268648684090385,1.5447366486984468,3.5385929522157125,-4.523424435258197,-4.5860424028523,-336.21324227761903
309.0,1.4552352528168973,-0.526743170877271,1.5444264736425084,3.538610389939347,-4.532807286194273,-4.604340642960103,-337.5431386634329
310.0,1.4586566307124496,-0.5267378402827291,1.5444011082529943,3.538695510531601,-4.547685068438419,-4.621449687447225,-338.87449042242446
311.0,1.462172407160739,-0.5267937524299375,1.5444940499086337,3.5383876531315015,-4.564721011872297,-4.639582918230124,-340.2073486169145
312.0,1.4656772349284501,-0.5268690692102709,1.5446501588199573,3.5375604308583792,-4.578612481696605,-4.658165184652393,-341.5415155050244
313.0,1.4687465992217374,-0.5269615573339533,1.5448804248901495,3.537370661013691,-4.587458986937495,-4.672867052509326,-342.8767315316482
314.0,1.4722925470313228,-0.5270083845778528,1.5449838284359236,3.537052713855139,-4.602171026730768,-4.686021494896316,-344.2133542396737
315.0,1.475920552784034,-0.5270625708325549,1.5450759527076265,3.5366622010802486,-4.616901454404272,-4.7024770652603305,-345.55140848596176
316.0,1.4793442417451903,-0.5271243379543787,1.5452101334663202,3.5363137415398063,-4.627732287059352,-4.714098004988338,-346.89067575050865
317.0,1.4832244672560864,-0.5271286313193554,1.545196253082365,3.5360204253232457,-4.643230547518485,-4.724432847203505,-348.2314877439331
318.0,1.4868474580527444,-0.527147649868819,1.5452303237485072,3.535723999695929,-4.654000425326833,-4.7396960319959565,-349.5735792389841
319.0,1.4908997336962244,-0.5270914025375624,1.5450933251252292,3.5355363244686346,-4.66947666182558,-4.755528337812467,-350.9172838708857
320.0,1.4950130955315377,-0.5270166346993391,1.544869567116196,3.5355105586111586,-4.685296100731217,-4.767956939416964,-352.26268033355535
321.0,1.4992329074698667,-0.5268935470882318,1.5445277988769408,3.5356860474107443,-4.7028862203863095,-4.78409247707688,-353.6099197890373
322.0,1.5033984445746453,-0.5267380100540916,1.5441121763188288,3.5360472714733726,-4.721256020214489,-4.80184723337123,-354.9590703918629
323.0,1.5073178999149146,-0.5265756185859118,1.5437011433947054,3.536510615514785,-4.738679561796727,-4.820273691115094,-356.3100530401506
324.0,1.5112440290378324,-0.5262572291451583,1.542825332030715,3.537452123514713,-4.7570167422865826,-4.838977885028158,-357.6630296458341
325.0,1.5152221228238314,-0.5262221189855707,1.5426729085595685,3.5371384606860214,-4.775632986110446,-4.8577968981024675,-359.0177928122288
326.0,1.5190973038679498,-0.5262348280565059,1.5427686469242463,3.5373832182153775,-4.793707992012316,-4.872396809007549,-360.37430681873644
327.0,1.5228228998840603,-0.5262779290884125,1.5429333723730072,3.537728885889816,-4.81100448676407,-4.888211964274285,-361.7325043952908
328.0,1.5264520176332605,-0.5263222778523914,1.5431138488467946,3.538243155747105,-4.829019248985488,-4.896471394598046,-363.0924151091748
329.0,1.5299161418212712,-0.526409499692588,1.5433758926990688,3.5384655582961537,-4.844854271042959,-4.903836784632931,-364.45384998196835
330.0,1.5333254535189682,-0.526315101657365,1.5431496448453927,3.5390991105089467,-4.859125670947915,-4.917894512715501,-365.8168395791237
331.0,1.535943217641324,-0.5264641256566047,1.5435681994617378,3.5388898339163726,-4.864137656519604,-4.93479073981173,-367.18056195529516
332.0,1.5389997506284259,-0.5266093578497709,1.5439525625131425,3.538644143841253,-4.872563334898946,-4.949769537154148,-368.54522910162365
333.0,1.5424278353202516,-0.5266567614109924,1.5441778821429153,3.5389639131417234,-4.88707515424746,-4.9669956393083945,-369.9113365162771
334.0,1.5455519087792957,-0.5267581107736831,1.544475688357976,3.5389697553481967,-4.89690226304983,-4.979669217909538,-371.2785492266055
335.0,1.5490962826650359,-0.526788943168862,1.544616949896149,3.5393015103069096,-4.912015163236387,-4.992681117233022,-372.6472724492534
336.0,1.5521142388660916,-0.5268889081336896,1.5449057227367529,3.539373250755813,-4.91983311045002,-5.00874222640869,-374.01697870848255
337.0,1.5556679511985692,-0.5269096438426891,1.5449909337660075,3.539784907309249,-4.934140939195029,-5.0264611383219995,-375.3881607298888
338.0,1.5594296988212095,-0.5268929511077253,1.545017336746555,3.54018333566135,-4.950483714544634,-5.044872641651453,-376.760990987066
339.0,1.5632966788228746,-0.5268685849590188,1.5450134207166462,3.5407307787554587,-4.967517844002199,-5.062564001982443,-378.1355532295715
340.0,1.5669567577201586,-0.5268844181832908,1.5450820929635876,3.5412248365266428,-4.98101003629079,-5.080947111965007,-379.51159675330075
341.0,1.5705798313037225,-0.5268894070787743,1.545147223115908,3.541698808453647,-4.993551997394752,-5.09668749048451,-380.8890507138497
342.0,1.57377455082253,-0.52694564280848,1.5453462182186788,3.5418038177703486,-4.999785035534562,-5.114230919038485,-382.2674302864322
343.0,1.5774351861866178,-0.5269368816874638,1.5453423430499187,3.5424581607384176,-5.012356456723277,-5.132568729351302,-383.64723246482976
344.0,1.5813926736332569,-0.5268588891907633,1.5452449704892282,3.5431085882338764,-5.028601633005058,-5.15123624170375,-385.02874226416714
345.0,1.5847356993503308,-0.5269051552106381,1.5453665525105078,3.5434267308481875,-5.035841658476763,-5.160257693511833,-386.411287692015
346.0,1.5885851474329908,-0.5268408715862076,1.5452880064477412,3.544146208462314,-5.049926198383362,-5.175035660448214,-387.79538531984326
347.0,1.5926299490213147,-0.5267765053728862,1.5451341923733402,3.5452212091059465,-5.066822172450261,-5.192230583040289,-389.1812853109538
348.0,1.5967897793669332,-0.526677526799652,1.5449624324560691,3.5462656005799236,-5.084891841693681,-5.210425649116259,-390.5690781883952
349.0,1.601005711165206,-0.5265698507630415,1.5447853799624898,3.5473747494589087,-5.103449281189061,-5.223656799999107,-391.95880184158614
350.0,1.6052473402422391,-0.5264620752178759,1.5446134208424074,3.5485621732450356,-5.122215044101925,-5.2401213839318,-393.35048618039286
351.0,1.609505703124325,-0.5263565073311303,1.5444458232551002,3.5498269342674793,-5.141064115776066,-5.248054088582986,-394.74413363458984
352.0,1.6137657271225947,-0.5262664572615848,1.5442808343700658,3.551255371224767,-5.159948851203472,-5.262389757244683,-396.13976019311445
353.0,1.6170587600633073,-0.5263387057434228,1.544527342431717,3.551216539514997,-5.163387456004705,-5.279402083128202,-397.53610633373125
354.0,1.6206371222594977,-0.5263490477120862,1.5446010125154355,3.5518607453929443,-5.171460758232267,-5.287480254975764,-398.93353804456996
355.0,1.6246140477078037,-0.5262715943036591,1.5445021514266593,3.5529017369021965,-5.185812310117876,-5.295202348560425,-400.33254824892606
356.0,1.6287590630994393,-0.526165782941425,1.5443395187994586,3.554185862671502,-5.202820120250005,-5.308956179643768,-401.7333562348784
357.0,1.6326698145087146,-0.5261254861594487,1.5442781435465445,3.5552892374581684,-5.21614075783568,-5.324160089460343,-403.1356789409965
358.0,1.6367934685377092,-0.5260157865773164,1.5441394738334164,3.55659061899441,-5.2326689823607,-5.3415051990190925,-404.53975965867124
359.0,1.6409969193220542,-0.5258985135885539,1.5439718967336609,3.5580600580460637,-5.250584396091246,-5.357941340081291,-405.945705497196
360.0,1.6452566438056229,-0.5257884310262739,1.543794651550527,3.5596912019846108,-5.269073626260731,-5.375791626952263,-407.353561422846
361.0,1.6491355767089677,-0.5257472803248043,1.5437926799474102,3.5607287434393338,-5.28169471131378,-5.386946476844139,-408.7628537504697
362.0,1.6532309305625181,-0.5256497291468989,1.543686958482041,3.562188367878365,-5.297949465321378,-5.394399454941266,-410.1738534947669
363.0,1.6574286286308024,-0.5255549317894045,1.5435368642404694,3.5639075873988895,-5.315740724045811,-5.408511666379745,-411.58668055724263
364.0,1.6616357285172287,-0.5254413607159154,1.5433933061795349,3.565680721857937,-5.334187252493431,-5.42543089409973,-413.0013869518602
365.0,1.6658492622063699,-0.5253236214319534,1.5432557596078975,3.567471625990705,-5.3529038904608655,-5.439025794853979,-414.4179803601739
366.0,1.6700591105199816,-0.5252135442704222,1.5431228575662692,3.5693655199767655,-5.371735629249241,-5.455655955654161,-415.836465103914
367.0,1.674249022298642,-0.5251081579112012,1.5430048672417345,3.5712768098551173,-5.390357042300642,-5.4736155336050105,-417.25680711629707
368.0,1.678437590891763,-0.5249990944437807,1.5428939332096123,3.5732284684431836,-5.409143872948852,-5.48924334675069,-418.6790140680424
369.0,1.6826207996646112,-0.5248926266440458,1.542786777473197,3.5752400280427503,-5.427997910021145,-5.506597864604679,-420.1030744810523
370.0,1.6866749323595909,-0.5248156288128774,1.5427436999754058,3.5770456082144144,-5.444862511149586,-5.524855170110857,-421.52881567207095
371.0,1.6906972473344268,-0.5247395674310202,1.5427122982489316,3.5788462156217298,-5.461395119805964,-5.541965325156633,-422.95620210936136
372.0,1.6947870107133876,-0.5246499024667473,1.5426373578220713,3.580897193648806,-5.479276587025808,-5.560099359611566,-424.3853214779275
373.0,1.6987746054049957,-0.5245676316495818,1.5426206994072273,3.5826150246943755,-5.495445093192597,-5.578681923921303,-425.8160353223062
374.0,1.7027910657700494,-0.5244880429194665,1.5425742189267297,3.5846110323297764,-5.512375457082041,-5.595691899440144,-427.24838946522203
375.0,1.7064832301988935,-0.5244742581739598,1.5426876000059102,3.585721486856912,-5.523446622607657,-5.613677682872566,-428.6819094879654
376.0,1.7104414580300813,-0.5244021727288646,1.5426467959002965,3.5876466803797475,-5.5390703400178865,-5.623809304255064,-430.11694854157963
377.0,1.7144707857754673,-0.5242972079381056,1.5425671243006223,3.589763593246832,-5.556609227248537,-5.6390184628634055,-431.5536415223045
378.0,1.7185285874094978,-0.5241878018600011,1.5424729365120835,3.592036665189626,-5.57494495489921,-5.656390876553522,-432.9920421285278
379.0,1.7223926917983248,-0.5241139781755558,1.5424609545581014,3.5938044822290953,-5.589764823724964,-5.6746593068429565,-434.4318695632909
380.0,1.7262894224918202,-0.5240440436765187,1.542435318539429,3.5958387874428728,-5.6054879910636854,-5.693298177206978,-435.87317472272343
381.0,1.7302047525496005,-0.5236786592552664,1.5416109256503894,3.5984495578581566,-5.620092002172174,-5.709067225612362,-437.3160808715773
382.0,1.7335936733647284,-0.5236911447221523,1.5417190282182403,3.5986295538094293,-5.625719487548873,-5.723677423492663,-438.7596949107507
383.0,1.7369837338890484,-0.523790324081295,1.5420418163180303,3.599415578997004,-5.631929030738961,-5.72810739986454,-440.2040044289311
384.0,1.740602127294177,-0.523785823837584,1.5422181644768236,3.6006039821496376,-5.642604011292688,-5.741055986576303,-441.6493303450258
385.0,1.7441775100149672,-0.5238089840259691,1.5423671980746898,3.6019119262134334,-5.652853054274806,-5.757496557320582,-443.0956537179635
386.0,1.74802170527775,-0.5237185964566687,1.5423725933399979,3.6037858283817403,-5.668119771976052,-5.775379832105632,-444.5433341136993
387.0,1.7518966698655518,-0.523650087871121,1.5423371795330199,3.605946642052608,-5.683920957236612,-5.793859496682997,-445.99242183208327
388.0,1.755837123911075,-0.5235488455788084,1.5422724045902063,3.608389752926496,-5.701500805651572,-5.812585660905933,-447.44302906229973
389.0,1.7596832793157824,-0.5234502191582538,1.5422701261703584,3.610345574255935,-5.717250008686836,-5.831413756538321,-448.8950014042651
390.0,1.7635451140541956,-0.5233632010636202,1.5422457209144176,3.6125275165484645,-5.733257003520265,-5.850283968372075,-450.3483519030789
391.0,1.7671198179367051,-0.5233661991604506,1.5423577117746665,3.614012915532683,-5.743968676095929,-5.867973387465575,-451.80268963046507
392.0,1.7707166542264947,-0.5233318743935498,1.5424520601646934,3.615447741201697,-5.755115148174281,-5.886352374666136,-453.25802362981466
393.0,1.7745142714319484,-0.5232486588549394,1.542414558997058,3.6177210884602955,-5.770735623623571,-5.9050364035473395,-454.71466486074866
394.0,1.7784043131042042,-0.523126890331823,1.542333596196535,3.6201776254704305,-5.788263078310076,-5.917017801857946,-456.17272773763165
395.0,1.7818917112772594,-0.5231280640071176,1.5424659002248886,3.6213969708734806,-5.79771360753599,-5.9329577606213295,-457.63165318724555
396.0,1.7850867683028455,-0.5232050132925533,1.5427296071787056,3.6216485077294984,-5.800708148078822,-5.948495200586725,-459.0909822610134
397.0,1.7887193564195543,-0.5231460307170065,1.542724281292917,3.6235483593532893,-5.813069782209428,-5.962878228301945,-460.55134269175903
398.0,1.7921658611175706,-0.5231291945617338,1.542814985294729,3.624641503673791,-5.821765567295042,-5.974900806064366,-462.01248720356887
399.0,1.795896479310846,-0.5230238886653924,1.5427436170065756,3.626819663572857,-5.83641436672706,-5.99087161325477,-463.47480585103557
400.0,1.7995506362692433,-0.5229441950438041,1.5427154727991494,3.6287274819376383,-5.849724233509885,-6.008558365924764,-464.93820445550296
401.0,1.8030730103705472,-0.5228997656077234,1.5427604927989973,3.6301788087669364,-5.860173587012595,-6.023917202229696,-466.4024833025567
402.0,1.8068485066609539,-0.5227821390522248,1.5426587402030056,3.6325071646087905,-5.8755213559117605,-6.041301371330436,-467.8679479560323
403.0,1.8105912714957304,-0.5226791523326311,1.542583280980816,3.6347867029408887,-5.890595175132322,-6.059573265881884,-469.3345746153387
404.0,1.8141347677114599,-0.5226339043932722,1.5426245732332973,3.636430032324416,-5.901818543099144,-6.071370574098159,-470.80209172005027
405.0,1.8172231024776837,-0.5227314528017438,1.5428936871129504,3.6364206588513834,-5.902825995823357,-6.087235441772799,-472.2698494442594
406.0,1.8207969009355132,-0.5226532967850054,1.54287811469024,3.638207209087363,-5.914399578405621,-6.1042433732830474,-473.73849183647616
407.0,1.8245404686586737,-0.5225220397060408,1.542766567630217,3.6405897029186813,-5.930241969304676,-6.118089475560447,-475.2082848346977
408.0,1.8283764524131778,-0.5223858403701573,1.5426056282936789,3.643415914978032,-5.947857500666618,-6.132365671287931,-476.67933886765195
409.0,1.8321042706628257,-0.522270070853225,1.5425351678791062,3.645838852785041,-5.9636359631631075,-6.143386014490883,-478.1515108834488
410.0,1.8357059434960186,-0.5221993479517145,1.5425375889984292,3.6478521102209474,-5.976778884739746,-6.158926161411201,-479.6246212999989
411.0,1.839424452913251,-0.5220878677810887,1.5424764854878732,3.650381895500016,-5.992811299020891,-6.162818952490203,-481.09882043727004
412.0,1.843163449428757,-0.5219594500672767,1.5424152816127974,3.6528552800914147,-6.009339369715473,-6.173213649585008,-482.5741146801707
413.0,1.8464153082433334,-0.5220136831223617,1.5426081594620946,3.653675623968481,-6.014991749037319,-6.187325300160042,-484.04987283256276
414.0,1.8500129247598196,-0.5219364183352244,1.5425966192132843,3.6558843971802175,-6.028458033763506,-6.204223686301571,-485.52651805537914
415.0,1.8537339483825819,-0.5218067051671915,1.5425197824184727,3.6584432585497164,-6.045090372952747,-6.222157338500564,-487.0042183968592
416.0,1.857505319894053,-0.5216721491271303,1.542418802029481,3.6613089134712102,-6.063036494862499,-6.240190861656989,-488.4830316088866
417.0,1.8612979204190925,-0.5215224115830879,1.5423258152355406,3.6641925879091715,-6.081533196030579,-6.2568668719222655,-489.9629639489596
418.0,1.8651128811312474,-0.5213994371251908,1.542213914411147,3.6673342783767717,-6.100249457776902,-6.2712749159270365,-491.4440110788719
419.0,1.86890994444029,-0.5212526897060137,1.542146730116702,3.6702849488668248,-6.119070010097315,-6.278311355996684,-492.9261370033238
420.0,1.8722470681889842,-0.521275309721865,1.542328767808482,3.6715049728361233,-6.127370273744054,-6.281182575168888,-494.4087840217521
421.0,1.8758422755078497,-0.5211976045302961,1.542350105088565,3.67387200799065,-6.141907377488194,-6.282362631213091,-495.8922447264472
422.0,1.879426201773515,-0.521118693875033,1.5423704606350985,3.6760993213754514,-6.156336151083979,-6.28284743540802,-497.3765052846285
423.0,1.8831079260595542,-0.521013445582357,1.5423302112358717,3.6788886180656495,-6.173315779866405,-6.2830465961373,-498.8616736962529
424.0,1.8868225439827682,-0.5209014296441471,1.5422738950604078,3.6818939513030746,-6.1914070659854055,-6.283128422557378,-500.34778475384184
425.0,1.8904450228255392,-0.5206210233642747,1.541695768985887,3.684582153239134,-6.204901249521494,-6.283162003117213,-501.83476059604055
426.0,1.8941883150027405,-0.5205015550872236,1.5416831929600663,3.686486999494178,-6.220134266730129,-6.28317587628325,-503.3225054730715
427.0,1.8979335634656977,-0.5204194676392755,1.5417289173301938,3.6894192263106462,-6.237481369557521,-6.283181483616235,-504.8110799473379
428.0,1.901304706955333,-0.5203887692964123,1.541810787608699,3.6920473191605576,-6.255462547486246,-6.283183779435883,-506.30044783794864
429.0,1.9042904891328845,-0.5204177852205024,1.5418691997541352,3.693895807315244,-6.271641497110469,-6.283184784727336,-507.7904884173879
430.0,1.9067045230003834,-0.5204828322278606,1.542005004208112,3.6946601601956854,-6.279566080179079,-6.283229188860715,-509.28087649882025
431.0,1.9081995135280583,-0.5206511537516718,1.5422179705798416,3.6939563072653336,-6.281322336554662,-6.283312189936463,-510.7713019022452
432.0,1.9095881847706495,-0.5207432784936867,1.5424004435931278,3.6933801346238098,-6.281933124370977,-6.283352570419383,-512.2617355487816
433.0,1.9109775841137144,-0.5207785148357484,1.542549846446187,3.6929299555808828,-6.282158344399274,-6.283367925997406,-513.7521807275723
434.0,1.912362037574877,-0.5207839459146525,1.5426691028331097,3.6925534153607265,-6.282244112263945,-6.28337275506792,-515.2426435562988
435.0,1.9137378413279584,-0.5207735806461753,1.5427630400270242,3.6922219021541873,-6.282278378631225,-6.283373441700604,-516.7331295649504
436.0,1.915104261955681,-0.5207546642227912,1.542836609987464,3.691919578663448,-6.282293340488253,-6.2833726405578325,-518.2236430688323
437.0,1.9164478958152562,-0.5207893073495644,1.5429157521187826,3.69209811295675,-6.281366471672449,-6.283359914065042,-519.714163226113
438.0,1.9178469907497468,-0.5208057685796021,1.5429584730036303,3.6920721492959547,-6.281967964538718,-6.283362998591104,-521.2047381192352
439.0,1.9191889585198605,-0.5208103756104435,1.5429827583270157,3.6920452234251604,-6.282180454420786,-6.283366103534337,-522.695360545435
440.0,1.9205196478781024,-0.5208151550979679,1.543005110355425,3.692013148789793,-6.282262966892015,-6.2833670252100084,-524.1860254307502
441.0,1.9218438028240368,-0.5208258950330349,1.5430234319622542,3.692033198972472,-6.282295783124291,-6.283367173978177,-525.6767309167658
442.0,1.9231665214025215,-0.5208347095759934,1.5430398392842462,3.692046179321721,-6.282308625841038,-6.283367029658612,-527.1674775807634
443.0,1.9244874225612185,-0.520845036316883,1.5430536857721528,3.692078307866475,-6.282313713972357,-6.283366811613464,-528.6582655693018
444.0,1.9258102468850968,-0.5208483859567915,1.5430673219147972,3.692061349404551,-6.282315879894761,-6.283366522514366,-530.1490930931081
445.0,1.9271318391116699,-0.5208536658189725,1.5430786608884297,3.692065357390566,-6.282316834016553,-6.283366269984609,-531.6399605286815
446.0,1.9284532606567777,-0.5208582962121729,1.5430887062055627,3.692068463150926,-6.282317298112215,-6.2833660270005,-533.1308675366694
447.0,1.9297752321433537,-0.5208609588850238,1.5430978308194807,3.6920599287266613,-6.282317586066004,-6.283365792456758,-534.6218134635598
448.0,1.931097070967761,-0.5208634422592474,1.5431058014632404,3.692053665037523,-6.282317768167495,-6.283365581383072,-536.1127980337244
449.0,1.9324187778821518,-0.5208658179392183,1.5431127967560694,3.692049543826576,-6.282317886733274,-6.283365387678193,-537.6038209269607
450.0,1.9337403803025444,-0.5208681188597906,1.5431189616703647,3.6920472597914045,-6.2823179583715145,-6.283365208389178,-539.0948817823497
451.0,1.9350511357104663,-0.5208141101968067,1.542926900204438,3.6924592496282935,-6.282368539855979,-6.283346637881721,-540.5860353273415
452.0,1.936409513734031,-0.5208214531941765,1.5429260253381138,3.692239290443723,-6.282331841691067,-6.283361135494438,-542.0772250863146
453.0,1.9377552203917194,-0.5208035281331157,1.5429689282994794,3.6919652646200296,-6.282316532910333,-6.2833653531611295,-543.5684371923845
454.0,1.9392543450434916,-0.5208619237981944,1.5430871302969444,3.6925835456179437,-6.279368972280622,-6.283267003130701,-545.0595920551913
455.0,1.940999273998508,-0.5208899148493407,1.5431991651096935,3.693061486840238,-6.278379109850574,-6.283229359659884,-546.5507529815134
456.0,1.9427182084447976,-0.5209619152611346,1.5432050368062498,3.6929783276832535,-6.281185704634942,-6.283278191355843,-548.0420322353532
457.0,1.944099946397367,-0.5209744844820409,1.5432117624422383,3.692720187957541,-6.281896310816134,-6.283329347011599,-549.533360497487
458.0,1.9454408856419632,-0.5209638226540746,1.5432142337230528,3.6924937956940616,-6.282160737802702,-6.2833499271000335,-551.024725578107
459.0,1.9467759988911242,-0.5209415844851369,1.54321460794314,3.692284950027291,-6.282259149497031,-6.2833578250709365,-552.5161235299095
460.0,1.9483179472452419,-0.5209305525285435,1.5433134838499787,3.6924742229295697,-6.279334851430661,-6.28326042395803,-554.0074512366792
461.0,1.9499636744201339,-0.5209577513206531,1.5432963556240817,3.6928538918246656,-6.281127230229802,-6.283290781058114,-555.4988917403396
462.0,1.951323751259845,-0.5209834617348147,1.5432924197020097,3.692625973990078,-6.281873107425236,-6.283333260163932,-556.9903793395855
463.0,1.9526592821688982,-0.5209780185580988,1.5432860667371515,3.692413999349177,-6.2821548449037,-6.283350053595657,-558.4819025949026
464.0,1.9540066609158748,-0.520954052049064,1.5432525869993283,3.692200005971359,-6.282237118784884,-6.281528889837181,-559.9734618002457
465.0,1.9553908766411756,-0.5209563867402958,1.5433298997748155,3.692054086806551,-6.28130127574672,-6.282667280718902,-561.4650043993896
466.0,1.9567947928921479,-0.5209490844933512,1.5433413719997775,3.692103668300181,-6.281167923269763,-6.283131612529328,-562.9565731456458
467.0,1.9581627031727327,-0.5209316930294126,1.5433182543621133,3.691979917455451,-6.281859288083643,-6.283155465852556,-564.4481942514445
468.0,1.9594992401940134,-0.5209345636186739,1.5432993289925385,3.6920141283879233,-6.2821467021197845,-6.283293294843897,-565.9398577028968
469.0,1.9608270261853284,-0.5209294453633878,1.5432834165902412,3.6920042885421824,-6.282255168031129,-6.283336480740612,-567.4315553502215
470.0,1.9621553966450627,-0.5209105310714803,1.5432742037471954,3.6918875347028046,-6.28229478168125,-6.2833521067370075,-568.9232818421594
471.0,1.9634756212462439,-0.5209110039975329,1.5432615187041072,3.691923523497184,-6.282309739144841,-6.283357891603424,-570.4150387055976
472.0,1.9647958953906053,-0.5209113964923048,1.5432506299621773,3.691955585160031,-6.2823150437313595,-6.283360054095027,-571.906824549406
473.0,1.9661167199083651,-0.5209114534139755,1.5432413224885735,3.691981357910128,-6.282316756894713,-6.283360898833616,-573.3986381665077
474.0,1.9674383893429552,-0.5209106365491962,1.5432335266979202,3.691996763344204,-6.282317183233794,-6.283361247975063,-574.8904783381953
475.0,1.9687612916143238,-0.5209077770741665,1.5432274277427356,3.6919928005049156,-6.282317208348482,-6.283361387444106,-576.3823436083989
476.0,1.970084715605533,-0.5209041582010744,1.5432227688525901,3.6919796829754556,-6.282317049396131,-6.28336143737443,-577.8742328191934
477.0,1.9714116104593804,-0.5208913330179318,1.5432219789375217,3.6918903303133104,-6.282315659039081,-6.283361385379445,-579.3661441908888
478.0,1.9727336071568482,-0.5208931221615098,1.5432176676997091,3.691915099962037,-6.282315393397263,-6.28336141730927,-580.8580791544093
479.0,1.9740558513362447,-0.5208950152440469,1.5432140178195346,3.6919386181081735,-6.28231515242204,-6.283361431505651,-582.3500369370347
480.0,1.97537840237291,-0.52089686957057,1.5432109395425821,3.6919600510187536,-6.282314942039533,-6.28336143380848,-583.8420167670606
481.0,1.9767012916322084,-0.5208985517663424,1.5432083740058244,3.6919786746307994,-6.282314766526355,-6.283361425609053,-585.3340178695343
482.0,1.978053281628601,-0.5208837454834392,1.5431776535463568,3.691853411083772,-6.282288829998614,-6.280986028676477,-586.8260409084504
483.0,1.9794289714383821,-0.520922059116368,1.5432586868529008,3.6917943847114403,-6.282322024180229,-6.282477648413657,-588.318064233504
484.0,1.9807592582635876,-0.5209111820043483,1.5432608950556754,3.6918523980699827,-6.282320553226782,-6.283069427407263,-589.8101083094526
485.0,1.9820817754978282,-0.5209104296611465,1.5432548312424792,3.691913316618269,-6.282318209287388,-6.283279499408337,-591.3021735549556
486.0,1.9834037431657754,-0.5209111666418383,1.543247628658333,3.6919496143804937,-6.282316778409199,-6.28333159026051,-592.794258657997
487.0,1.9847262394961709,-0.5209118362619762,1.5432411034960452,3.691974373948874,-6.28231597282695,-6.2833501509847185,-594.2863625039655
488.0,1.986049580847962,-0.5209113958957261,1.54323558232589,3.691986520053806,-6.2823155076115365,-6.283356799687393,-595.7784839572525
489.0,1.9873742729663408,-0.5209082467960516,1.5432315757375075,3.6919746490441527,-6.282315274135876,-6.283359155258735,-597.2706214900438
490.0,1.9886994603268944,-0.5209040199465171,1.5432288474081068,3.691951841703213,-6.282314992875715,-6.2833599747802475,-598.7627739258701
491.0,1.9900261578571896,-0.5208957343199744,1.5432282987388792,3.6918941908915484,-6.282313623150588,-6.283360217797956,-600.2549409045764
492.0,1.9913493152837187,-0.5208982237717615,1.5432250204920959,3.691921025577679,-6.282313452675009,-6.2833603321767155,-601.7471229658503
493.0,1.9926726574562066,-0.5209007656492448,1.543222252263935,3.691946666069408,-6.282313314065319,-6.283360365701313,-603.2393193704396
494.0,1.993996525838585,-0.5209027541151848,1.5432198935287627,3.691967094909548,-6.282313239373328,-6.283360370340732,-604.7315293089928
495.0,1.9953205787118302,-0.5209046181010462,1.5432179848669334,3.6919853364487523,-6.282313190859561,-6.2833603519330365,-606.2237520303535
496.0,1.9966457052024535,-0.5209044133383726,1.5432167939580257,3.6919863438077853,-6.282313235594955,-6.283360308713791,-607.7159863524802
497.0,1.9979711046828657,-0.520903525443876,1.5432161955802535,3.6919811051412212,-6.282313291149503,-6.283360250160554,-609.2082313856295
498.0,1.9993703760737038,-0.5209078938305041,1.5432612619398332,3.692146118877036,-6.280955752178481,-6.283327763686781,-610.7004416040211
499.0,2.0008303049825047,-0.5209307174641294,1.5432597595661983,3.692225764288786,-6.281848426171822,-6.28333930579189,-612.1926895064626
500.0,2.0021806040210777,-0.5209192967823015,1.543260117878515,3.6920323858104913,-6.282137977951025,-6.283351317692022,-613.6849510697813
501.0,2.0035126725708037,-0.5209185930585987,1.5432543768372142,3.691998565865694,-6.282247837450962,-6.283356179775443,-615.1772243939467
502.0,2.004844953344966,-0.5209030853944973,1.5432537298714237,3.6918749605064045,-6.282288011642755,-6.283357999101371,-616.6695051511202
503.0,2.0061688838398637,-0.5209062531107391,1.543248383091006,3.691907808577159,-6.28230355993519,-6.283358775242458,-618.1617954342242
504.0,2.0074925975070554,-0.5209090333582741,1.543243790601713,3.691938781090636,-6.282309383280765,-6.283359087297989,-619.6540941510673
505.0,2.0088168873772494,-0.5209107486794904,1.5432398637003266,3.691961247256282,-6.282311599004616,-6.283359216713094,-621.1464002424602
506.0,2.0101416964220933,-0.5209114091667889,1.5432367632853738,3.6919741717829426,-6.2823124789789455,-6.283359253716228,-622.6387126451592
507.0,2.011467679133826,-0.520909318910542,1.5432349248734567,3.6919637311348334,-6.2823129057887055,-6.283359229344797,-624.1310298660662
508.0,2.012794010032829,-0.5209061135422819,1.5432340881489364,3.6919428624216812,-6.282312981814173,-6.283359182339796,-625.6233507862765
509.0,2.014121733429909,-0.5208988137463803,1.5432351681241014,3.6918875827877993,-6.282311772869781,-6.283359106208054,-627.1156751186943
510.0,2.0154457961621866,-0.520902232773418,1.5432332878675954,3.691917123683574,-6.282311785244613,-6.283359086486886,-628.6080034835473
511.0,2.016770139763163,-0.520905380723265,1.5432316455133002,3.691944129318014,-6.282311830320343,-6.283359063270763,-630.1003351723266
512.0,2.0180948872907587,-0.5209079299616086,1.5432302932307393,3.691965901786176,-6.282311920669969,-6.283359031688547,-631.5926693943043
513.0,2.019420286586324,-0.5209091731846502,1.5432294098921568,3.691976761884444,-6.2823120730291775,-6.283358982924994,-633.0850051717265
514.0,2.020746813680493,-0.5209076174684527,1.5432294651398248,3.6919647993708145,-6.282312293964564,-6.2833589058399575,-634.5773411106244
515.0,2.0220753811005743,-0.5209001376252294,1.5432315969263148,3.6919050410927476,-6.282312068223018,-6.283358798239072,-636.0696748570703
516.0,2.0234018398306914,-0.5208979628785114,1.543232635010986,3.6918868397215827,-6.282311192075015,-6.283358724699191,-637.5620088423116
517.0,2.0247261634738796,-0.5209019149967145,1.543231975369339,3.6919166821905947,-6.282311268220399,-6.283358675072359,-639.0543424204234
518.0,2.02605077620958,-0.5209054949110477,1.5432313742277,3.691943675223058,-6.2823113810701185,-6.2833586289824295,-640.5466749152799
519.0,2.02737575308948,-0.5209084379365835,1.5432309098123111,3.6919656863602395,-6.28231153843199,-6.283358578592999,-642.039005577641
520.0,2.0287013411345027,-0.5209100482261025,1.5432307855488177,3.6919769955537536,-6.282311755613808,-6.283358513689827,-643.5313334625797
521.0,2.030028018954743,-0.5209088406672758,1.5432314900968709,3.691965658954325,-6.282312036965464,-6.28335842306282,-645.0236572007142
522.0,2.0313567022851626,-0.5209016963348124,1.5432341756335954,3.6919066928013105,-6.282311854982659,-6.283358306126492,-646.5159744533518
523.0,2.0326832399980375,-0.5208998367901594,1.5432356873127222,3.691889392285915,-6.282311011263547,-6.283358224517018,-648.0082876944028
524.0,2.0340077452965146,-0.520903897633361,1.5432353525466986,3.691919392276263,-6.282311165715438,-6.283358171374645,-649.5005962991728
525.0,2.0353324754136644,-0.5209075826372852,1.5432350600551246,3.6919464657295293,-6.282311349410633,-6.283358117390135,-650.9928995901827
526.0,2.0366576012745683,-0.520910461430995,1.5432349186436076,3.6919671054048235,-6.2823115735664725,-6.283358056353472,-652.4851967736317
527.0,2.0379834409945734,-0.5209116266470505,1.543235202571458,3.691974003577836,-6.282311857596355,-6.2833579779435444,-653.9774868023043
528.0,2.039310592309846,-0.5209091722675255,1.543236564930255,3.691951898762999,-6.282312162085581,-6.283357873398905,-655.4697680731371
529.0,2.040640199230621,-0.5208991173241075,1.5432405494404091,3.6918688489092304,-6.282310978084494,-6.283357748178908,-656.9620394359005
530.0,2.041964505643062,-0.5209035516021178,1.5432403370604213,3.6919011769292642,-6.28231114863033,-6.283357690102841,-658.454302624117
531.0,2.0432889531417735,-0.5209077525177287,1.5432401172994754,3.6919318219728834,-6.282311343563692,-6.283357633551423,-659.9465570042636
532.0,2.044613535884285,-0.5208463504107458,1.5429036158598568,3.6927855153958755,-6.282376445020012,-6.283323087941598,-661.4388975291325
533.0,2.046002426758987,-0.5208767965347881,1.542885234706988,3.6926178573896844,-6.2823308450488655,-6.283352107848376,-662.9312307017019
534.0,2.0473684394759357,-0.5208705839629175,1.5429533994691464,3.6923365804804607,-6.282310054182141,-6.283360245658881,-664.4235290514423
535.0,2.0487285339291272,-0.5208516134426276,1.5430076464677405,3.6920845039804875,-6.2823027742295166,-6.28336217029347,-665.9157976320599
536.0,2.050083048619296,-0.5208297314053041,1.5430506498502812,3.6918468930330977,-6.282301123599785,-6.283361989174866,-667.4080391728304
537.0,2.0514150297912175,-0.5208501502690411,1.5430752089525,3.6919579196342296,-6.282303733087745,-6.283361350086261,-668.9002631764695
538.0,2.0527460096756855,-0.5208594619689837,1.5430980292981962,3.6919826854411375,-6.282305006165126,-6.283360514683769,-670.3924688006791
539.0,2.0540745758162147,-0.5208685281924831,1.5431173966321532,3.6920033199332543,-6.282306223025445,-6.283359828263445,-671.8846560520437
540.0,2.0556745382782142,-0.5209219891314152,1.5432274775500154,3.6928087095429656,-6.279053280321981,-6.283256289753464,-673.3767268037725
541.0,2.0574340501213233,-0.5209475825936924,1.5432513488284307,3.692848687910938,-6.280798845402987,-6.2832750550098835,-674.8688197103203
542.0,2.0588423567820024,-0.5209684978885473,1.5432592761081738,3.692595350536457,-6.281728914822211,-6.283323653771962,-676.3609116847272
543.0,2.0601911985048287,-0.5209687996534149,1.5432666874414425,3.6923765698323905,-6.282093478923502,-6.283343455457225,-677.8529897187624
544.0,2.0615313364780508,-0.5209535681761625,1.543271311189201,3.692182892745536,-6.282229618062294,-6.283351165196766,-679.3450488712452
545.0,2.0628688043829304,-0.5209321291526514,1.543274415589841,3.692000007066411,-6.282280625737643,-6.283354131674572,-680.8370871185012
546.0,2.064201311985067,-0.5209192602459607,1.543273610222527,3.6919086842184914,-6.282301173986558,-6.283355269718386,-682.329104745378
547.0,2.065529139012411,-0.5209123351503856,1.5432732507859155,3.691864966438655,-6.2823078206697875,-6.283355675080065,-683.8211036463015
548.0,2.066852446976067,-0.520916668126553,1.543270384957925,3.691906184581708,-6.2823110597836465,-6.2833558079694205,-685.3130842063774
549.0,2.0686054345544065,-0.5209446601860802,1.5433562368058973,3.692861060429473,-6.278427459013426,-6.283249368484097,-686.8049313086875
550.0,2.0704598036525983,-0.521047547569383,1.5433393365608052,3.693024419968486,-6.28125837974697,-6.283278321791819,-688.296828048736
551.0,2.0718553017211874,-0.5210522675023518,1.543335184342007,3.6928208167713468,-6.2819182820271955,-6.283324471934619,-689.7887169077749
552.0,2.0731991768865345,-0.5210409941941565,1.5433315278147544,3.692634786503972,-6.282165583159285,-6.283342987127363,-691.2805867140333
553.0,2.0745361066793104,-0.521020654633194,1.5433274753913016,3.6924618325807357,-6.282258168847598,-6.28335006201898,-692.7724333994322
554.0,2.0758710701229455,-0.5209968347750468,1.543323575419484,3.692293976542975,-6.282292837651171,-6.28335277328538,-694.2642550108086
555.0,2.0772053945214526,-0.5209718249825276,1.5433201026637096,3.6921281844971285,-6.282305821601676,-6.283353814464617,-695.7560503539709
556.0,2.0785395295917084,-0.5209465131581741,1.5433171249548723,3.6919633848316757,-6.282310696693797,-6.283354212729307,-697.247818525856
557.0,2.0798682310442596,-0.5209357749989283,1.543310481727581,3.691914892783979,-6.282313991529694,-6.283354401920136,-698.739561140787
558.0,2.081195483630413,-0.5209245649564815,1.5433071157418428,3.691852656092042,-6.282313973564316,-6.2833544589916555,-700.2312780521049
559.0,2.08251713045895,-0.5209285041332087,1.5433007868599224,3.6919025438039648,-6.282314717685703,-6.2833545010527105,-701.7229706193098
560.0,2.083838796744889,-0.5209251322356064,1.5432803979519427,3.6919380286058674,-6.282310306045539,-6.282663141117924,-703.2146411216161
561.0,2.0851835651871844,-0.5209275073220574,1.5433062195077791,3.691825008027708,-6.282317972688012,-6.283149678796827,-704.7062730999389
562.0,2.0865160105710765,-0.5209367457734477,1.543320599103381,3.6919427106517793,-6.28170132845412,-6.283286910896266,-706.1978580928674
563.0,2.087862323976303,-0.5209309015811417,1.543312337353105,3.6919153941756253,-6.282064985571541,-6.283330293264077,-707.6894256230123
564.0,2.0891940913990177,-0.520935131885886,1.5433039219042293,3.6919581248804034,-6.282220396414536,-6.283345499826459,-709.1809707900426
565.0,2.090522079003926,-0.5209339452379672,1.5432987952709658,3.6919559951010092,-6.282280176740834,-6.2833509706284945,-710.6724880612235
566.0,2.0918519429077396,-0.5209195759235262,1.5432991655275947,3.69184899830075,-6.282301607522186,-6.283352910382644,-712.1639732939698
567.0,2.0931735519613066,-0.5209246126039575,1.5432948515961902,3.691896650925651,-6.282310455467783,-6.28335364504754,-713.6554290935927
568.0,2.09449531679753,-0.5209288791928046,1.5432910481298963,3.6919381021522204,-6.282314052748183,-6.283353914821569,-715.1468544282479
569.0,2.095818142360813,-0.5209306881714186,1.5432881031921026,3.691959239558542,-6.282315749810311,-6.283353988817215,-716.6382478942351
570.0,2.0971426309990955,-0.5209277499663656,1.543286977501257,3.6919411464834706,-6.282316709837042,-6.283353959928611,-718.1296073776432
571.0,2.0984688849309068,-0.5209186843569208,1.543288542936606,3.69187249262787,-6.282315686567068,-6.2833539166779016,-719.6209319656678
572.0,2.0997900108663616,-0.520923746475017,1.5432861275060878,3.691916499387948,-6.2823161069218,-6.2833538999487075,-721.1122233818435
573.0,2.101111762783593,-0.5209276372495139,1.5432840093536304,3.6919510040660324,-6.2823165812501855,-6.283353870861385,-722.6034807069746
574.0,2.1024343915403416,-0.5209292961831871,1.5432826693186426,3.6919667226583677,-6.282317116488832,-6.283353810246538,-724.0947026534686
575.0,2.103761118559231,-0.52091962987948,1.5432848425658847,3.6918910326024883,-6.282317199297145,-6.283353704576707,-725.5858852390209
576.0,2.105083929739754,-0.5209191416149812,1.5432850553634028,3.691888118808571,-6.282316480622474,-6.283353657553885,-727.0770321465063
577.0,2.1064046919368598,-0.5209244123924511,1.5432835671068108,3.69193083820371,-6.282316886468871,-6.283353612794487,-728.568142684243
578.0,2.107726248429129,-0.5209280940658684,1.5432823214437232,3.6919610337509265,-6.282317398651681,-6.283353559306756,-730.059215861664
579.0,2.109048868645563,-0.5209288724280897,1.5432819506617805,3.6919675189856953,-6.282317991662687,-6.2833534743743495,-731.5502502327903
580.0,2.110376508148769,-0.5209151382441617,1.5432861805983522,3.691857340156152,-6.282316942255018,-6.283353365238766,-733.0412426126286
581.0,2.111696700444712,-0.5209208229674279,1.543285046532105,3.691902234629722,-6.282317362515014,-6.283353312513114,-734.5321962511457
582.0,2.1130172599840518,-0.5209257634269087,1.5432839329528296,3.691941684457715,-6.282317860250936,-6.283353259578012,-736.0231104074556
583.0,2.1143383383143437,-0.5209293435280817,1.5432831662655855,3.691969797775583,-6.282318412304006,-6.283353188751208,-737.5139840975784
584.0,2.115662087877497,-0.5209260108610586,1.5432842214725644,3.6919423065907386,-6.282319078435409,-6.283353073074103,-739.0048147561623
585.0,2.116987051505888,-0.5209175258301241,1.5432874576386415,3.691873320495636,-6.282317976779037,-6.28335298975172,-740.4956018583717
586.0,2.118306638491701,-0.5209233456524981,1.543286582162844,3.691918267845995,-6.282318420216792,-6.283352928180391,-741.9863472288897
587.0,2.119626718532638,-0.5209281628393948,1.5432857221345213,3.6919558250329807,-6.282318951279233,-6.283352866930404,-743.4770500730624
588.0,2.120948115459602,-0.5209298141517962,1.5432855021496679,3.6919682119710022,-6.28231961657994,-6.283352777330504,-744.9677089523384
589.0,2.1222732727855718,-0.5209206219551151,1.5432885679842971,3.691893647726847,-6.282319789587764,-6.283352655312534,-746.4583200286171
590.0,2.1235944279767924,-0.5209206024956766,1.5432895637506427,3.691892034123686,-6.2823191468639825,-6.283352591423141,-747.9488870720089
591.0,2.124913475761874,-0.5209263262513436,1.5432887603839234,3.691936126443714,-6.282319641364328,-6.28335252599339,-749.4394094200914
592.0,2.1262332692773787,-0.5209304485329629,1.5432881058422552,3.6919678225470625,-6.282320237043028,-6.283352453438121,-750.9298861038965
593.0,2.1275550589935,-0.520929393100555,1.5432887212598985,3.691958142798485,-6.282320972446548,-6.283352341069673,-752.4203150794597
594.0,2.128879924027338,-0.5209183003049687,1.543292807674183,3.6918678794773183,-6.282319920883553,-6.283352244611817,-753.9106944172083
595.0,2.1301982904971246,-0.5209242831881988,1.543291995345924,3.6919141924420553,-6.2823204332105975,-6.2833521791009534,-755.4010267923286
596.0,2.131516803308136,-0.5209297614495818,1.5432912467822542,3.6919562811384337,-6.282320974365167,-6.283352109525125,-756.8913114864415
597.0,2.132836450149046,-0.5209326475039244,1.5432909107632222,3.691977830958187,-6.28232164042741,-6.283352021297798,-758.3815472368879
598.0,2.1341591308603465,-0.5209270585168625,1.543292969552302,3.691931569758857,-6.282322250117435,-6.283351895084613,-759.8717309704384
599.0,2.135480645652859,-0.5209226007873082,1.5432953846306423,3.691894053370012,-6.282321261101368,-6.283351824448853,-761.3618640384415
600.0,2.1367983966002817,-0.5209284274030529,1.5432945770739528,3.691939194876877,-6.282321816738531,-6.2833517572842,-762.8519472003511
601.0,2.1381168022976653,-0.5209327383598563,1.543293931085497,3.6919724761814066,-6.282322464741188,-6.2833516796214495,-764.3419794976107
602.0,2.139437172458609,-0.5209318971057373,1.5432945587272762,3.6919643804004063,-6.282323243655323,-6.2833515626797425,-765.8319588739674
603.0,2.1407516301023595,-0.5209025845190515,1.5431802752035906,3.692217182082888,-6.282342702024042,-6.28333894660768,-767.3219189917244
604.0,2.142086603105424,-0.5208898262588015,1.54316678931697,3.6920560676038567,-6.282328147549777,-6.283348787486767,-768.8118269900368
605.0,2.14341106897673,-0.5208925426536525,1.5431836817218434,3.6920055385041906,-6.282323430005107,-6.2833518689014,-770.3016747920559
606.0,2.144732900870017,-0.5208956734193607,1.5431992756546773,3.6919864452668016,-6.282322192709885,-6.283352672968422,-771.791463384732
607.0,2.146057204245688,-0.5208894842608883,1.5432159423143825,3.6918967753137926,-6.282320699521353,-6.283352736521802,-773.2811917319634
608.0,2.1473756104544384,-0.5208976053330894,1.5432267587442032,3.6919248898297554,-6.2823212946391855,-6.28335256345432,-774.7708622380287
609.0,2.148693666388987,-0.5209053399208163,1.543236071858677,3.6919539900139475,-6.282322053486499,-6.283352326544891,-776.2604747117982
610.0,2.150011545229915,-0.5209124116116753,1.5432441336002214,3.6919815460625585,-6.282322864296054,-6.28335208119515,-777.7500288293463
611.0,2.1513300568738294,-0.5209171850718582,1.5432513917492527,3.6919944353028886,-6.282323768186615,-6.283351833432216,-779.2395237829176
612.0,2.152650177215684,-0.5209166162850153,1.543259072720979,3.6919677174418633,-6.282324693908643,-6.283351577236905,-780.7289577620938
613.0,2.153971769801821,-0.5209097280501546,1.5432681960373573,3.691892918161066,-6.282323810791544,-6.283351380990769,-782.2183302431773
614.0,2.1553173469889635,-0.5208586113094186,1.5427443996467027,3.693391008341583,-6.282382303515412,-6.283285666290335,-783.7077939592408
615.0,2.156640600001406,-0.520791998374832,1.5423777306162898,3.694024516298008,-6.282372944186133,-6.283307534136448,-785.1973094877328
616.0,2.1580298693192685,-0.5208499766532995,1.542469967871894,3.6936250806794835,-6.282338278851734,-6.283351102545899,-786.6867304362906
617.0,2.1594122713926467,-0.5208707439241612,1.5426208376455233,3.6932246788824328,-6.282319582603202,-6.2833626661477515,-788.1760397567799
618.0,2.1607879666839915,-0.52086912352416,1.5427421258286365,3.692885848098543,-6.282312709616694,-6.283364757487075,-789.6652480449617
619.0,2.1621265291778617,-0.5208205275342181,1.5427221097229873,3.6928688758775716,-6.282323961742774,-6.283350978019803,-791.1543987953913
620.0,2.1634891669585796,-0.5208239907727255,1.542792384079812,3.6925674469565166,-6.282319064604871,-6.2833596098185565,-792.6434630276805
621.0,2.1648460261514555,-0.5208200217194572,1.5428803877145947,3.6922663163188307,-6.28231598675744,-6.283360465354184,-794.1324339247066
622.0,2.1661968564937255,-0.5208068131929027,1.542951533220144,3.691996706200077,-6.282315483133358,-6.283359408350546,-795.6213167754842
623.0,2.1675301667052578,-0.520816847988412,1.5430029764907562,3.6919593535551853,-6.282317415732618,-6.283357883965185,-797.1101210608805
624.0,2.168852058910055,-0.5208234655001548,1.5430318217375887,3.6919805350247517,-6.28232050380561,-6.283354877341692,-798.5988536097555
625.0,2.1701730394694083,-0.520835657962293,1.5430656395610098,3.691971002984173,-6.282321345629659,-6.28335467332097,-800.0875119269383
626.0,2.171491938480121,-0.5208474897932586,1.543098153998914,3.6919627376130797,-6.282322457089168,-6.283354013520914,-801.5760955455074
627.0,2.172809573968946,-0.5208588771067826,1.5431265144467499,3.691962457325914,-6.282323695607209,-6.28335334616387,-803.0646051290574
628.0,2.174126309320817,-0.5208696986232934,1.5431511001920153,3.691968421304495,-6.282324923228992,-6.283352735829567,-804.5530411908178
629.0,2.175442195807052,-0.5208800516742871,1.5431724165105158,3.691980305103525,-6.282326078309159,-6.2833521880909515,-806.0414041183643
630.0,2.176757521779316,-0.5208896849791377,1.5431908390386573,3.6919955034178247,-6.282327194597351,-6.283351700212879,-807.5296941334927
631.0,2.1780723086913083,-0.5208986661271598,1.543206798308664,3.692013239716928,-6.282328264602929,-6.283351261673341,-809.0179113345246
632.0,2.1793871386306454,-0.5209060166998546,1.5432207520193364,3.6920249287908793,-6.282329354529427,-6.283350859511287,-810.5060554547879
633.0,2.180702294953158,-0.5209108774051905,1.5432333564196747,3.692022647195528,-6.282330458269731,-6.283350481668908,-811.9941258442628
634.0,2.1820203122998656,-0.5209061956119614,1.5432470417068158,3.6919491270286064,-6.282330965367057,-6.283350141677821,-813.4821195469958
635.0,2.1833408963969614,-0.5209142251541954,1.5432672436916652,3.692000310090018,-6.281818314588575,-6.283348039461303,-814.9700229473356
636.0,2.1846721690074498,-0.5209183110712641,1.543271772264997,3.69199385465852,-6.28212311289347,-6.283349007221583,-816.4578616558359
637.0,2.1859928808827758,-0.520925316077309,1.5432754590430402,3.692019621882995,-6.282253301657926,-6.283349056288874,-817.9456309289974
638.0,2.18730953925889,-0.5209283200131551,1.5432806602179785,3.692018078142598,-6.28230358444118,-6.2833489335257795,-819.4333267654386
639.0,2.18862859752783,-0.520917174031676,1.5432899646501423,3.6919081264719127,-6.2823215152714225,-6.283348799296213,-820.920945381449
640.0,2.1899393654023305,-0.5209248690786674,1.543293359933181,3.6919531928942293,-6.282329436586131,-6.283348651265839,-822.4084900848633
641.0,2.191250055405817,-0.520931498931914,1.5432962674199753,3.6919926242147505,-6.282333006082041,-6.283348493794025,-823.8959601368865
642.0,2.19256175293604,-0.5209349043557973,1.543299330868259,3.6920079256904783,-6.282335009086149,-6.2833483127886005,-825.3833541697605
643.0,2.193876960917781,-0.5209274777747286,1.543305191943665,3.691937777138458,-6.282335798236405,-6.2833481357824965,-826.87066836877
644.0,2.195187997807004,-0.5209290707959492,1.543308638660932,3.6919406586312618,-6.282335521784256,-6.283348017752436,-828.3579067951338
645.0,2.196497210302493,-0.5209356682352105,1.5433098689758602,3.6919855683971723,-6.282336420665838,-6.283347884474152,-829.8450688071056
646.0,2.1978072306981673,-0.5209398756557099,1.5433112660894044,3.6920120748220104,-6.282337376168652,-6.283347733421253,-831.332153248355
647.0,2.1991218536629784,-0.5209309836941037,1.5433161002079838,3.6919343453722955,-6.282337825599652,-6.2833475700130395,-832.8191555969081
648.0,2.2004507189312195,-0.5209063953021148,1.5428289182374655,3.693473267709028,-6.282385201047307,-6.283287035118746,-834.306223692396
649.0,2.2018126107692666,-0.5209029773775421,1.5426975315832494,3.693537921338335,-6.282355180733118,-6.283329000488936,-835.7932506597136
650.0,2.2031654132404697,-0.5209099840162115,1.5427809191663406,3.693202305238267,-6.282337616032573,-6.283350309972712,-837.2801674049193
651.0,2.2045124780504453,-0.5209025160300387,1.5428694538123195,3.692897359268769,-6.282329931412703,-6.2833556184227914,-838.7669731499167
652.0,2.205853242187953,-0.5208875450798903,1.5429411977083385,3.6926215225876837,-6.282327753058079,-6.28335603987933,-840.2536731565538
653.0,2.2071875987042455,-0.5208694377370823,1.5429994452194984,3.6923651714179035,-6.282327872225863,-6.283354901476539,-841.7402711402162
654.0,2.2085166749871736,-0.5208501481104826,1.5430475192197113,3.692123417859609,-6.282329090875493,-6.283353508896216,-843.226769688519
655.0,2.209833917055027,-0.5208547286170326,1.543083487526828,3.6920746622015863,-6.282332341244666,-6.2833523538228055,-844.7131750626352
656.0,2.211145344733268,-0.5208666117433356,1.5431148557481238,3.692080770992476,-6.282334727844555,-6.283351388837584,-846.1994894025636
657.0,2.2124560563248834,-0.520877002262378,1.5431428707738117,3.692076986192069,-6.28233663302114,-6.283350563864256,-847.6857125756628
658.0,2.2137657613471298,-0.5208869383251701,1.5431674128612916,3.692077193188753,-6.282338181408159,-6.283349869592183,-849.1718449512458
659.0,2.21507566217428,-0.5208939129852244,1.543189375744701,3.692062523091147,-6.282339567292025,-6.283349262384866,-850.6578861344555
660.0,2.21638743525255,-0.5208932412483241,1.5432106136359904,3.691995434514931,-6.282340261659004,-6.283348750022882,-852.1438341264793
661.0,2.217696372274627,-0.5208973268139812,1.543228161144427,3.6919742372483135,-6.282340188278,-6.283348326934997,-853.6296925578537
662.0,2.2190105221660676,-0.5209055959165346,1.5432516745815694,3.6920197633516785,-6.281826445254719,-6.283346708628532,-855.1154443011922
663.0,2.220333667032317,-0.5209170337126627,1.5432588894900108,3.692055755742943,-6.282133549429404,-6.283347128155626,-856.6011145983093
664.0,2.221648563425416,-0.5209240827076131,1.5432666874987846,3.6920685493343717,-6.282264208332562,-6.283346974684676,-858.0866986691943
665.0,2.22296154897175,-0.5209209101272828,1.5432772236063026,3.692006459279294,-6.282314553189276,-6.283346721834963,-859.5721908178326
666.0,2.2242705661178257,-0.520919425395288,1.543287210731663,3.6919646346324915,-6.282332626745603,-6.283346537456033,-861.0575922830043
667.0,2.225574831332165,-0.5209278447817094,1.5432931946753696,3.6920070158109413,-6.282340679990666,-6.283346311539794,-862.5429038702518
668.0,2.226889455220595,-0.5208829812752055,1.5429963257040034,3.692782595019148,-6.282383318324313,-6.283311922920385,-864.0282109171566
669.0,2.228239355378932,-0.5208284753966356,1.5422332354337578,3.6948671901992594,-6.2824077112927545,-6.283253486565674,-865.5136504875353
670.0,2.229683007818701,-0.5209151811310799,1.5422212462488039,3.6946668874773954,-6.28236967196363,-6.283337486627133,-866.9989958066649
671.0,2.2310742564070907,-0.5209363153059764,1.5424090714327219,3.6942068888684987,-6.282343471954262,-6.2833601636285685,-868.4841850024876
672.0,2.2324488646566225,-0.5209322090682559,1.5425634486529025,3.6938190974718164,-6.282334221239168,-6.283364755106763,-869.9692312528241
673.0,2.233810095717017,-0.5209222125328747,1.5426890378905462,3.6934702888882924,-6.282332314766127,-6.283363561026348,-871.4541431993156
674.0,2.2351593869656528,-0.5209089559582332,1.5427916123434258,3.69315198597597,-6.28233309468102,-6.283360751967886,-872.9389274426554
675.0,2.236571460014326,-0.5208662639270185,1.5428927537755932,3.692928378611349,-6.280967563195324,-6.283334808916758,-874.4235441637549
676.0,2.238044113519907,-0.5208605695175906,1.542958485380345,3.6926378540556155,-6.281865990562318,-6.283338633206226,-875.9080567948448
677.0,2.239384738406826,-0.520854854883531,1.543012845055621,3.6923643025194153,-6.282161508986798,-6.283346305487655,-877.3924611414087
678.0,2.2407099171246547,-0.5208435165581454,1.5430610640203835,3.692115522787754,-6.282274433347038,-6.283348575289855,-878.8767545301596
679.0,2.2420189490917988,-0.5208555549062089,1.5430973406467319,3.69209267172796,-6.282319217956847,-6.2833488736256555,-880.3609426724443
680.0,2.243323785025633,-0.520868394980672,1.5431294042028036,3.692090990661619,-6.282337142658886,-6.283348477563792,-881.8450260270971
681.0,2.244626998048113,-0.5208804489324087,1.5431575191724671,3.692094345304785,-6.282344791171658,-6.283347889543453,-883.3290048742941
682.0,2.245929431329982,-0.5208912296168289,1.5431820523294097,3.6920989555830723,-6.282348516759495,-6.283347281354306,-884.8128794634033
683.0,2.2472319156079474,-0.5208994112782485,1.543203716840335,3.6920933623737144,-6.282350790609779,-6.283346695809739,-886.2966495861687
684.0,2.24853492725436,-0.5209035910979127,1.5432235423648757,3.6920648362741075,-6.2823524262028245,-6.283346156797349,-887.780314428897
685.0,2.249839630550907,-0.5208999370393452,1.5432433854722312,3.6919814190540903,-6.282352014706196,-6.283345747987174,-889.2638736164142
686.0,2.251138446632723,-0.5209101919319921,1.5432570942838675,3.692015159486678,-6.282353143519781,-6.283345325753683,-890.7473298424849
687.0,2.2524370216866503,-0.5209196626431757,1.5432688865310964,3.6920489610628575,-6.282354267480971,-6.283344943203102,-892.2306830231798
688.0,2.2537361084788996,-0.5209268676763246,1.543279254183317,3.6920703252328404,-6.2823554824666665,-6.2833445807263155,-893.7139325622829
689.0,2.2550360562551464,-0.5209301812878415,1.5432892154587974,3.6920648297980354,-6.2823567069231485,-6.283344229331678,-895.1970771957751
690.0,2.2563390152244303,-0.5209226083709961,1.5433013915411187,3.6919761300081566,-6.282356032127745,-6.283343981651635,-896.6801151385923
691.0,2.257635463035902,-0.5209315138776214,1.5433077115630112,3.6920227285171037,-6.28235706695483,-6.283343714491227,-898.1630495981374
692.0,2.258932075848719,-0.520939157876711,1.5433131893666847,3.692062270831052,-6.282358160374062,-6.2833434579682965,-899.6458800101668
693.0,2.26023090465775,-0.5209404867697394,1.543319181491339,3.692053972229148,-6.282359410938016,-6.283343182675553,-901.1286042161581
694.0,2.261532068670997,-0.520932426425856,1.543327697311823,3.6919731675644583,-6.282358706051943,-6.283343007555603,-902.6112206971349
695.0,2.262826768474309,-0.5209409653957013,1.5433309033719824,3.6920264126845876,-6.282359695693062,-6.283342804222032,-904.0937325039528
696.0,2.26412205512835,-0.5209476338092144,1.5433337000848495,3.692066772648198,-6.282360799054644,-6.28334260095858,-905.5761387802609
697.0,2.26542143672842,-0.5209428545816233,1.5433388218259108,3.692017510389802,-6.28236189718887,-6.283342371996045,-907.0584356284368
698.0,2.266718517455114,-0.5209409620231371,1.5433436078261045,3.691992437988067,-6.282361278140473,-6.283342245937886,-908.5406252422318
699.0,2.268011871831588,-0.5209489690849214,1.543344994952495,3.6920471614816717,-6.282362281989534,-6.283342078069142,-910.0227085202333
700.0,2.269306922387485,-0.5209526647211346,1.5433466942485323,3.6920688778870514,-6.282363488747121,-6.283341887667287,-911.5046837973978
701.0,2.2706070072200117,-0.5209403887148112,1.543352928403295,3.6919644574867356,-6.28236286325649,-6.283341754977864,-912.9865473878066
702.0,2.271898986186944,-0.520948770689956,1.5433534731182823,3.6920246804477497,-6.282363826949599,-6.283341605152006,-914.4683034233965
703.0,2.2731917600914175,-0.5209550777964177,1.5433539031607404,3.6920696428267203,-6.282364943689199,-6.283341448873439,-915.9499508980482
704.0,2.2744844643367506,-0.5209482190634068,1.5433460882484065,3.692052603274734,-6.282366028867711,-6.282904413278176,-917.4314897433735
705.0,2.275808454699221,-0.520941362801548,1.5433085562264024,3.6919594078018547,-6.28225099374966,-6.279256954390388,-918.9129181981618
706.0,2.277236749322788,-0.5209323526558792,1.5426870142228295,3.693826206097467,-6.282346272368431,-6.281620683837317,-920.3944059526464
707.0,2.2786725488078936,-0.5209665848185815,1.5426274162072835,3.693815319708837,-6.282358603206536,-6.282738191088987,-921.8757973349724
708.0,2.2800333088706166,-0.5209542231549705,1.5427471452296508,3.693496516380648,-6.282352922908509,-6.28317550330862,-923.357035211019
709.0,2.2813681604062874,-0.5209287345257784,1.5428384953667238,3.693208657583297,-6.282352085582425,-6.28329758973473,-924.8381300192434
710.0,2.282688902696216,-0.5209061482021847,1.5429119625046195,3.6929319482417613,-6.2823536828094655,-6.283331755565941,-926.3190866292226
711.0,2.284002231465236,-0.5208876351423902,1.542974962256242,3.6926668941684286,-6.282356436623712,-6.283342764681959,-927.7999074940625
712.0,2.2853120411791967,-0.5208716239916831,1.5430304668340251,3.6924160288301824,-6.282359117559195,-6.283345788728969,-929.2805941697176
713.0,2.286619650371159,-0.520856179847475,1.5430790833606687,3.6921801399960383,-6.282361372082838,-6.283346112977962,-930.7611481676668
714.0,2.287915654738945,-0.5208651769219458,1.5431157221936622,3.6921516722427663,-6.282364573943974,-6.283345541635074,-932.2415765307713
715.0,2.289207791563595,-0.5208777566428784,1.543147998583101,3.692155045748551,-6.2823668235017,-6.283344764334145,-933.7218808146325
716.0,2.290498866192497,-0.5208897757183585,1.54317651699391,3.6921593850033374,-6.282368584010661,-6.283343994943293,-935.202061387822
717.0,2.2917904519540055,-0.5208982249512811,1.543202028973158,3.6921444317697194,-6.282370185158932,-6.283343283735588,-936.6821178058148
718.0,2.2930885298334123,-0.5209084827541484,1.5432338395254275,3.6922197532271905,-6.28155202632037,-6.283342776488404,-938.1620264503267
719.0,2.294413967092097,-0.5209086455381564,1.5432514144215126,3.6921138590736797,-6.282040089123956,-6.2833423098346115,-939.6418188803106
720.0,2.2957169805338737,-0.5209148151575084,1.5432654388604248,3.6920988144960716,-6.282246492017883,-6.283341715361606,-941.1214956031167
721.0,2.297050257270981,-0.5209081096243247,1.543271126908481,3.6919046298484184,-6.281632079213379,-6.27939343879827,-942.6010235333503
722.0,2.2984901024843847,-0.521034102328708,1.5434219367837383,3.691973877649914,-6.282072523000792,-6.28181946359408,-944.0803888300732
723.0,2.29982651286018,-0.5209909842725216,1.543436264165882,3.691914034887014,-6.282253635307099,-6.282772105611083,-945.5596338016203
724.0,2.3011306638908025,-0.520979553137025,1.5434309483523683,3.69197911514869,-6.2823291435122135,-6.283168586305253,-947.0387628036334
725.0,2.302421262103425,-0.5209784038485477,1.5434238956597648,3.6920422315967993,-6.282360147100762,-6.283285725297719,-948.5177745862469
726.0,2.3037116802217397,-0.5209681110051622,1.543421442184433,3.6919928240515896,-6.282371227344404,-6.283318887963207,-949.9966653121965
727.0,2.3049949303124895,-0.5209751942594062,1.5434152732371027,3.6920672410948305,-6.282376867247841,-6.28333078822737,-951.4754371988927
728.0,2.3062821688361574,-0.520971713158813,1.5434117673688523,3.6920538501459785,-6.282379983579193,-6.283334989763029,-952.9540861689493
729.0,2.307568733681544,-0.5209659813112149,1.5434106551555822,3.6920198318476523,-6.282379971941889,-6.283336531690265,-954.4326123628849
730.0,2.3088508529644085,-0.5209730296588829,1.543406102574516,3.6920855915213973,-6.282381356475857,-6.283337026974459,-955.9110173735054
731.0,2.310137881294774,-0.5209670100642196,1.5434049258332896,3.692046500351004,-6.282382643509556,-6.283337109277948,-957.3892964915443
732.0,2.3114220918925374,-0.5209651442741468,1.5434041826885154,3.6920385334822967,-6.282382110896507,-6.2833371564176606,-958.8674520125207
733.0,2.3127034645259568,-0.5209719652418116,1.5434007726484809,3.692098948656012,-6.282383295393476,-6.283337096650988,-960.345484345442
734.0,2.313990874685522,-0.5209620282516504,1.5434017567293907,3.6920259295042954,-6.282384073790927,-6.283336983678029,-961.8233876095825
735.0,2.3152820961375404,-0.5209680239046933,1.5434100077378594,3.6921670984821544,-6.281347742809537,-6.283337840300464,-963.3011353961872
736.0,2.3166066281953306,-0.5209746352608754,1.543404863309852,3.692152395700211,-6.281963055416987,-6.28333769620079,-964.7787703363307
737.0,2.317914039857434,-0.5209567561375926,1.5434029609341637,3.6920130146252146,-6.282225153579493,-6.283337067825315,-966.256281728282
738.0,2.3191993109499256,-0.5209661119031248,1.5433987593754108,3.692083709311418,-6.282325645592227,-6.283336742263462,-967.7336703804988
739.0,2.3204821393185298,-0.52097132248342,1.543396338780507,3.6921227764001245,-6.282364532494873,-6.283336525624496,-969.2109327199964
740.0,2.3218360072592525,-0.5209742292586935,1.543344687018333,3.6919391352145827,-6.28235276389525,-6.278715258679551,-970.68806285311
741.0,2.3232817398940573,-0.5210731900740082,1.543521426492147,3.691785578782641,-6.282366183158023,-6.281543548005063,-972.1649961930301
742.0,2.324607970366066,-0.5210168579063276,1.5435278477831542,3.6917743411463952,-6.282371717988918,-6.282653416472413,-973.6417978620768
743.0,2.3259011199936546,-0.5210034693791256,1.543512595127989,3.6919095317046784,-6.282380723810604,-6.283115310649203,-975.1184766348325
744.0,2.327181683557006,-0.5210039971379405,1.5434968585416435,3.692028974834435,-6.2823869017961895,-6.283270212442495,-976.5950315528586
745.0,2.328462618440378,-0.5209982581803201,1.5434843075056275,3.6920465989029547,-6.28239079811087,-6.283310959732668,-978.0714579561187
746.0,2.329742196064142,-0.5209913765573808,1.5434754545736065,3.692033009806663,-6.282391270335156,-6.283325722477323,-979.5477552733902
747.0,2.3310182436165903,-0.5209957176785387,1.543464262617859,3.692100326681179,-6.282393038885039,-6.283331060002804,-981.0239242282736
748.0,2.3323006052411044,-0.5209807191646195,1.5434598178371115,3.692009589523981,-6.282392761528051,-6.283333013924559,-982.4999594681315
749.0,2.333574469301437,-0.5209884299722222,1.5434508694352478,3.692093698132748,-6.282393919482712,-6.283333727296104,-983.9758653658779
750.0,2.334854254474792,-0.5209813842767727,1.543445718102691,3.692059227821574,-6.282395255085961,-6.283333931775343,-985.4516366018818
751.0,2.336130738671097,-0.5209794876147236,1.5434415203791256,3.6920619363560676,-6.282394761442765,-6.283334058359546,-986.9272755940868
752.0,2.337419529805165,-0.5209489269874112,1.543246898822984,3.6925317841399794,-6.2824131874412465,-6.283311894624996,-988.4028341425999
753.0,2.338713297186601,-0.5209321521592902,1.5432033021201417,3.692440572062461,-6.282400742683065,-6.283329421738914,-989.8782681831893
754.0,2.3400009974866958,-0.5209183166866049,1.5432305687498489,3.6922447159240095,-6.282395552945647,-6.283335306093522,-991.3535539858241
755.0,2.3412841977415164,-0.5209127302511914,1.5432538759748058,3.692146437852236,-6.2823957185916575,-6.283336765507347,-992.8286935204975
756.0,2.3425624219683057,-0.5209132938430922,1.5432747745526758,3.692099782270351,-6.282395217760865,-6.283336971219799,-994.3036906254839
757.0,2.3438358864826654,-0.5209247394007485,1.54329070127217,3.6921388171900964,-6.282396475054139,-6.283336669040886,-995.7785468816235
758.0,2.34510892117853,-0.5209355293132981,1.543304682525496,3.692176013224745,-6.282397771043665,-6.283336257334417,-997.2532621800494
759.0,2.346383516641254,-0.5209411887064505,1.543317648085733,3.692177864830817,-6.282399224803723,-6.283335812948643,-998.7278350813322
760.0,2.3476616701878688,-0.5209335423770304,1.543332940170418,3.692080070991667,-6.282398804635655,-6.283335481724164,-1000.2022631964552
761.0,2.3489324649122696,-0.5209445565311303,1.5433419150718084,3.6921334351333424,-6.282399981649015,-6.2833351177380194,-1001.6765506139373
762.0,2.3502038734403476,-0.5209533277573136,1.5433496687883534,3.6921737866689304,-6.282401317144916,-6.283334770538484,-1003.1506966739598
763.0,2.3514789502835827,-0.520950820658234,1.5433589860652328,3.6921286224908507,-6.282402587067872,-6.283334418910755,-1004.6246977013792
764.0,2.3527516354509075,-0.5209511329887478,1.5433674819321093,3.6921083714167837,-6.282402202106115,-6.283334186616412,-1006.0985561530085
765.0,2.354021093510749,-0.5209604267847477,1.5433721643228346,3.6921621415690127,-6.282403487519065,-6.283333908157885,-1007.5722729587335
766.0,2.3552939284500267,-0.5209600849411375,1.5433780803105783,3.692142313582809,-6.282404935854698,-6.283333601701253,-1009.0458448919171
767.0,2.3565630769809474,-0.5209506370512916,1.543374969744987,3.6920979400312546,-6.282405691331666,-6.282868114950947,-1010.5192754223386
768.0,2.3578432269797722,-0.5209707588079133,1.5433949134590914,3.6921350625479836,-6.282406260459212,-6.283208711288533,-1011.9925566510948
769.0,2.359120857320881,-0.5209564591679079,1.5434034941666086,3.692032430420964,-6.2824053446084225,-6.2832913192854924,-1013.4656898529938
770.0,2.3603880094831897,-0.52096567869433,1.5434045308194817,3.6921069397925597,-6.282406564247624,-6.2833176309245875,-1014.9386805247979
771.0,2.3616614360057246,-0.5209613989815257,1.543378523361274,3.6921374097098525,-6.282409142782372,-6.281760087507804,-1016.4115326536327
772.0,2.3629810255568726,-0.5209941114722062,1.5434443202765062,3.6920235513602533,-6.282408415446086,-6.282763213800433,-1017.8842138114061
773.0,2.3642633268492634,-0.5209841316546687,1.5434499202855407,3.6920363537387826,-6.282407593090645,-6.283157778328436,-1019.3567467392559
774.0,2.3655371314490865,-0.5209750117883031,1.5434497452488434,3.692023628153134,-6.282408062597984,-6.2832795131016175,-1020.8291343480104
775.0,2.366802897105835,-0.5209833600596109,1.5434457745236183,3.692111382901261,-6.282410063851705,-6.283312552070222,-1022.3013785383197
776.0,2.36807030500789,-0.5209876825540161,1.5434427941493805,3.692154804848356,-6.282412008849373,-6.283324379601674,-1023.7734769908407
777.0,2.3693418528739905,-0.5209772647479137,1.5434447943061784,3.6920777985248696,-6.282411819862034,-6.283328646236735,-1025.245425970815
778.0,2.370606268387305,-0.5209863679600077,1.5434417640671674,3.6921538656114055,-6.282413189414373,-6.283330086166181,-1026.717229352863
779.0,2.371879429679553,-0.520971441330316,1.5434447050383648,3.6920398397194694,-6.282413112473952,-6.283330566536894,-1028.1888807489172
780.0,2.3731469371084235,-0.5209791628332848,1.5434452971518922,3.692134253291806,-6.282083479055065,-6.283331682628735,-1029.6603752681092
781.0,2.3744226431804374,-0.5209881976337176,1.543440057367775,3.6921985093244722,-6.282282630094652,-6.283330782386706,-1031.1317267807024
782.0,2.37569935002713,-0.5209759204949435,1.5434424791479664,3.6920934326592834,-6.282365476220796,-6.28333061649887,-1032.602927233916
783.0,2.376964868036606,-0.5209853983602977,1.5434405825915813,3.6921690997121566,-6.282345730581939,-6.2833306086524985,-1034.0739784603563
784.0,2.3782420029958153,-0.5209667882632895,1.5434153973548177,3.692088001897565,-6.282390727585194,-6.28181080967925,-1035.544881544178
785.0,2.379550260895264,-0.5210141961963175,1.543472472858127,3.692109277057703,-6.28240716916807,-6.282781530641517,-1037.015614180245
786.0,2.380832213005052,-0.5209909314645961,1.5434795199951423,3.6920192739284206,-6.282411412512195,-6.283163297440556,-1038.4861904335128
787.0,2.3820975714532686,-0.5209954190939506,1.5434740784839285,3.692113926356009,-6.282416395461681,-6.283277762868956,-1039.9566178032858
788.0,2.3833641234062366,-0.5209932539629343,1.5434709537391456,3.692121514699727,-6.282419824480329,-6.283310588111563,-1041.4268922992476
789.0,2.3846293482840593,-0.5209897164914072,1.5434703046112446,3.692104886117033,-6.28242026118586,-6.283322481504266,-1042.897013965986
790.0,2.385891123360433,-0.5209970355608022,1.5434663811373033,3.6921706867880366,-6.28242209196035,-6.283326664094019,-1044.3669838696853
791.0,2.387159056444899,-0.520985103766109,1.5434682432764084,3.692082174832659,-6.282421995406103,-6.283328164302064,-1045.836796902842
792.0,2.3884189035422025,-0.5209948487431214,1.5434647467550315,3.69216439499991,-6.28242339903889,-6.283328601823666,-1047.3064576850052
793.0,2.389744969299847,-0.5209793487973406,1.5429137506099881,3.6938289834274487,-6.282426919372463,-6.283254045753367,-1048.7761164336625
794.0,2.3910790272617617,-0.5209789570301463,1.5428057414925118,3.693840134583284,-6.282426262381371,-6.283314500907722,-1050.2456485015477
795.0,2.3923656334109538,-0.5209601911120756,1.5428809496962863,3.6935438584642166,-6.2824188047924086,-6.283332097851407,-1051.714996855084
796.0,2.393644048579243,-0.5209433937206592,1.5429541578621089,3.693270448645415,-6.282418098813238,-6.283336611669565,-1053.1841630286367
797.0,2.3949185448532866,-0.5209301098694711,1.5430195648914788,3.6930135096931243,-6.282419418110134,-6.283337065898904,-1054.653148909878
798.0,2.396190679954969,-0.5209179068178379,1.5430772068341443,3.6927737173365123,-6.2824210735638,-6.283336288968479,-1056.1219563973489
799.0,2.3974893775470743,-0.5208939659636466,1.5427399826551973,3.6937647667671354,-6.282435842977267,-6.28328624648128,-1057.590698840639
800.0,2.398797978324133,-0.5208941236791054,1.542709043515359,3.6936311215730595,-6.2824313549108295,-6.2833254609832005,-1059.059288710267
801.0,2.4000779678390667,-0.520883509333562,1.5428014295947061,3.6933047391453826,-6.282424233737635,-6.283336163953137,-1060.5276868461904
802.0,2.4013528086382667,-0.5208718895865773,1.5428868023570546,3.693008542818098,-6.282423168329166,-6.283338315118857,-1061.995896052117
803.0,2.4026247497960784,-0.5208614778688,1.542962022745764,3.6927345624121393,-6.282424149530394,-6.283337876907361,-1063.4639190344224
804.0,2.4041512850199926,-0.5208484885682478,1.5430950187766435,3.6928337429381237,-6.278772979866301,-6.283258958091879,-1064.931609039636
805.0,2.4058578399684487,-0.520923377281141,1.5431225198321352,3.6931336686545326,-6.281303693516378,-6.283278135558943,-1066.3991528544586
806.0,2.4071774296721618,-0.5209404890106308,1.5431649576180915,3.692879889284143,-6.28201164620873,-6.283311878797421,-1067.8665301936967
807.0,2.4084545745577213,-0.5209416656506143,1.5432054119073777,3.6926582266668806,-6.2822753693483,-6.283324063590595,-1069.3337348461664
808.0,2.4097228101738066,-0.5209337535905756,1.5432407260927703,3.692461849272748,-6.282374076259597,-6.283328181671059,-1070.8007649159194
809.0,2.410987603507062,-0.5209222905799148,1.5432716035166802,3.6922808732138495,-6.282411509249985,-6.283329318363447,-1072.2676201594006
810.0,2.4122421597885615,-0.5209328570096126,1.5432938076653033,3.6922909145845475,-6.282427415241218,-6.283329314557733,-1073.7343062313855
811.0,2.4134985079274127,-0.520934788478705,1.54331635687189,3.692237196634315,-6.28243425227036,-6.283328965230066,-1075.200820189603
812.0,2.4147527433479183,-0.5209389219823825,1.5433369909448165,3.6922055297279672,-6.282436156161435,-6.283328621225969,-1076.6671645934596
813.0,2.416003732960122,-0.5209523625767348,1.5433527249933856,3.6922530403165275,-6.28243830409538,-6.283328182762227,-1078.1333407994339
814.0,2.4172576529144916,-0.5209582486936859,1.5433679515711742,3.6922468044384815,-6.282440177906634,-6.283327735451364,-1079.5993465148233
815.0,2.4185133266688448,-0.5209557808889247,1.5433845182514179,3.6921803427139985,-6.282439986139702,-6.283327441961289,-1081.065180845038
816.0,2.419814390182768,-0.5209387442079708,1.5429782373366485,3.6933822072911333,-6.2824449496155585,-6.283272416892961,-1082.5309605938457
817.0,2.4211141255115,-0.5209286129970457,1.5428997031334937,3.6933475793333796,-6.2824433235581045,-6.283315743535848,-1083.9965946251143
818.0,2.4223836202355455,-0.5209143216831513,1.5429671694381082,3.6930742653280832,-6.282438814982169,-6.283328897552319,-1085.4620365905569
819.0,2.423647937464235,-0.5209009513593963,1.5430327004545945,3.6928243449100124,-6.282438569058931,-6.283332092278237,-1086.9272876796645
820.0,2.424909518498186,-0.5208893060530262,1.543090894266573,3.692590996154507,-6.282439682645955,-6.283332240827107,-1088.39234973709
821.0,2.4261693033324394,-0.5208780865554563,1.5431420518280543,3.6923735308635313,-6.282441058122028,-6.283331464658962,-1089.8572244926543
822.0,2.427418987290646,-0.5208899331628513,1.5431817412380942,3.6923507082100584,-6.282443676586043,-6.283330397703526,-1091.3219190029222
823.0,2.428665501826855,-0.520905005345144,1.5432170463463564,3.6923581273930197,-6.282445592250178,-6.28332940171532,-1092.7864349664478
824.0,2.429914098014559,-0.5209137334872914,1.5432501023253131,3.6923197982254568,-6.282447268907119,-6.28332857342602,-1094.2507707556463
825.0,2.431164042510079,-0.5209163660930416,1.543281685761414,3.6922428938119003,-6.28244713023337,-6.283327976536064,-1095.714926785083
826.0,2.4324092359330383,-0.5209323281095878,1.543306405567828,3.692280067811267,-6.282448469326998,-6.283327354268183,-1097.1789061261375
827.0,2.4336556599189434,-0.5209453848309822,1.5433283823013098,3.6923043123143025,-6.282449963167793,-6.283326771942965,-1098.6427083982765
828.0,2.434906870936356,-0.5209441891793734,1.5433513925243698,3.6922246706071804,-6.282450935564068,-6.283326276958813,-1100.1063292570711
829.0,2.4361532796733365,-0.5209538620117006,1.5433700044275438,3.692237410914762,-6.282451175490316,-6.283325859441387,-1101.5697744054767
830.0,2.4373989483557863,-0.5209667390953581,1.5433849674849727,3.692282668736976,-6.2824526634870885,-6.283325394922138,-1103.033043318913
831.0,2.4386517974945265,-0.5209584406169672,1.5434035520596614,3.692167186335381,-6.282452655108531,-6.283325059413863,-1104.4961310086362
832.0,2.4398957764377665,-0.520973201968937,1.5434150722435387,3.6922377067923935,-6.282453985447013,-6.283324661813672,-1105.9590431998572
833.0,2.4411427748202548,-0.5209810501938655,1.5434259735144424,3.69225902670205,-6.282455656879855,-6.283324252117766,-1107.4217777410672
834.0,2.4423926413794383,-0.5209772707942915,1.5434395732040076,3.692192463481396,-6.2824554696123265,-6.283324004744801,-1108.8843324819634
835.0,2.4436372156176804,-0.52098934327742,1.5434472159304946,3.6922555013924074,-6.282457040785183,-6.283323648782768,-1110.346710836224
836.0,2.4448886655056215,-0.5209806723369605,1.5434594167045872,3.6921575240863644,-6.28245705860032,-6.283323413876171,-1111.8089075989762
837.0,2.446135270596712,-0.520990930393574,1.5434667591814404,3.6922510541883704,-6.28212760882242,-6.283324966580148,-1113.270918109787
838.0,2.4473958447084936,-0.5209913264742021,1.5434716723228945,3.692219226549251,-6.282327487597666,-6.28332321740598,-1114.7327518151037
839.0,2.448646551185212,-0.5209965876253725,1.5434778891178325,3.692228144658004,-6.2824104683022055,-6.283322800634859,-1116.1944095117399
840.0,2.449898507959284,-0.5209914297612637,1.5434852819925247,3.692162298895363,-6.282442817464333,-6.2833224271580965,-1117.655884580572
841.0,2.4511423363975964,-0.5210004128227196,1.5434902252350293,3.692211353501496,-6.282454749900323,-6.283322175612232,-1119.1171827914145
842.0,2.4523902343055406,-0.5209994469295863,1.5434957530463473,3.6921858727479675,-6.282460745360359,-6.283321867050073,-1120.578298699586
843.0,2.453634246710608,-0.5210038421131753,1.543501038990848,3.692203675414494,-6.282462326220426,-6.283321697605033,-1122.0392354159364
844.0,2.4548800019108046,-0.5210062710044713,1.5435048693491908,3.6922083812379647,-6.2824647176402255,-6.283321402267767,-1123.49999025754
845.0,2.456124479655999,-0.5210072315880787,1.5435102726084602,3.692201724456811,-6.28246479704967,-6.283321263920269,-1124.960564055527
846.0,2.4573708711328006,-0.5210060950797231,1.5435142032502376,3.692181192223495,-6.282466593832396,-6.2833209926629845,-1126.4209541138582
847.0,2.4586134276489497,-0.5210105325362416,1.543518087617003,3.6922042414302636,-6.282466622732318,-6.283320848866271,-1127.8811635857576
848.0,2.45986062190943,-0.5210050377196829,1.543522645744782,3.6921511801140396,-6.282467980247645,-6.283320617772866,-1129.34118709077
849.0,2.4611009733431755,-0.52101397622549,1.543524860229869,3.692211001860683,-6.2824683648107,-6.28332044743765,-1130.8010307621462
850.0,2.462349279637173,-0.5210029019239688,1.543530588640172,3.6921154792022377,-6.282468707609537,-6.283320292943138,-1132.260687712828
851.0,2.463587101430677,-0.5210175885097649,1.543530831050557,3.692221300534163,-6.2824700955035615,-6.283320057860864,-1133.7201640396088
852.0,2.46483459315534,-0.5210067451977978,1.5435362733286608,3.69212814350551,-6.2824704149206765,-6.283319909913622,-1135.1794528723344
853.0,2.4660720856510507,-0.5210209619013864,1.5435360278917498,3.6922325793123174,-6.282471907686112,-6.283319672076109,-1136.6385602057073
854.0,2.4673185000866455,-0.5210107390486317,1.5435413080899327,3.6921443163379526,-6.28247216253795,-6.283319530519989,-1138.097479351948
855.0,2.4685558657501003,-0.52102408299075,1.5435407385007276,3.692243272823402,-6.282473760507589,-6.283319287296183,-1139.556215933312
856.0,2.4698160196921917,-0.5210077368119485,1.5435131919268954,3.6921415952033465,-6.282466562602878,-6.280997869270022,-1141.0147678619358
857.0,2.471131299555894,-0.5210493033814829,1.5435874879592935,3.692029156213858,-6.28246334123167,-6.282255190496796,-1142.4730995745283
858.0,2.472396614684889,-0.5210267090474133,1.5435983261147137,3.6919852888545255,-6.28246501812562,-6.28293418992709,-1143.9312392244149
859.0,2.473639308756258,-0.5210348600250385,1.543594531893923,3.692126825312919,-6.282470893837346,-6.283211636550483,-1145.3891961855475
860.0,2.474879914487247,-0.5210400176892376,1.5435897030028207,3.6922020702505556,-6.282475937879246,-6.283281301279729,-1146.8469682187947
861.0,2.476121447094486,-0.5210359713893417,1.5435893822209257,3.692183107760626,-6.282477406005276,-6.2833044288060265,-1148.3045525795967
862.0,2.477366041729301,-0.5210248105705957,1.5435898847427068,3.6921050648556477,-6.282478532159884,-6.283312767846021,-1149.76194638431
863.0,2.478596484513111,-0.5210288959643482,1.543566148057327,3.692222831968748,-6.282482860096535,-6.282500213726342,-1151.2191611774435
864.0,2.479858207271395,-0.5210387097170347,1.5435936949530225,3.6921342656104708,-6.282479071737906,-6.283045055689724,-1152.676173737799
865.0,2.4811045492172683,-0.5210312316160096,1.5435961814011747,3.692111319477872,-6.28248031518467,-6.283242267006419,-1154.1329932017215
866.0,2.482340585624688,-0.5210388187755483,1.5435932611860228,3.692195714984052,-6.282481704062643,-6.283290089442605,-1155.5896269642135
867.0,2.4835833426422536,-0.5210279249666001,1.5435943476686071,3.692121147810565,-6.282482731488325,-6.283307041025419,-1157.0460678964332
868.0,2.4848158582590165,-0.5210423085257078,1.5435902689681364,3.6922400465006886,-6.282484611064352,-6.283313036917382,-1158.5023218109102
869.0,2.4860566984835013,-0.521033088676399,1.5435922053878925,3.6921694735114037,-6.282485027469814,-6.283315195207994,-1159.9583819998065
870.0,2.4872924009059667,-0.5210389348189391,1.5435896876077293,3.692219921604816,-6.282487045366781,-6.283315769345129,-1161.4142513706213
871.0,2.4885285094192744,-0.5210384475238294,1.5435907951350585,3.6922165539158,-6.282487058644022,-6.283315997209086,-1162.8699288269981
872.0,2.489768879024959,-0.5210284243628809,1.5435930606338708,3.6921393283930795,-6.282487532017502,-6.283315994116329,-1164.3254108599604
873.0,2.4909994867207357,-0.5210430137356208,1.5435900235232725,3.692255304885671,-6.282489155436876,-6.283315810348786,-1165.7807033181016
874.0,2.492238105390944,-0.5210345984143759,1.5435929542004965,3.6921871678192217,-6.282489421766704,-6.28331571972243,-1167.2357996961916
875.0,2.4934741361907755,-0.5210346889276238,1.5435927449954407,3.6921893852781746,-6.28249127686151,-6.283315484864267,-1168.6907007751072
876.0,2.49470608467677,-0.5210406996482615,1.5435931290488238,3.6922346605584924,-6.282491426963411,-6.283315380582441,-1170.1454096331004
877.0,2.495944366313261,-0.5210312862190123,1.5435961705335375,3.692159016866201,-6.282491869878172,-6.28331525894223,-1171.5999207282891
878.0,2.4971739041217482,-0.5210447156431979,1.5435937401740107,3.6922644736515324,-6.282493622940149,-6.283315008494994,-1173.0542394855752
879.0,2.498409765602438,-0.5210382120973479,1.5435971365591306,3.692209205995114,-6.2824938100877,-6.283314902888004,-1174.5083603363792
880.0,2.499647185621193,-0.5210286372680536,1.5436001514470006,3.692133631152492,-6.282494373534216,-6.283314768563304,-1175.962282082933
881.0,2.500874196892598,-0.5210446668148535,1.5435980683955135,3.6922568308250567,-6.282495910366819,-6.283314530188123,-1177.4160108022509
882.0,2.5021101636304546,-0.5210361875024635,1.5436016390649674,3.6921859014652587,-6.282496284163776,-6.283314404410182,-1178.8695396145515
883.0,2.5033408177514525,-0.521043080529189,1.543600615709414,3.69223915499539,-6.282498261101305,-6.283314122699139,-1180.3228716186145
884.0,2.5045718635636294,-0.5210436878410789,1.543603060841407,3.6922392622218605,-6.282498305765146,-6.283314027149728,-1181.776005779218
885.0,2.505807139056499,-0.5210347952264835,1.5436065143819515,3.6921661764382625,-6.282498805794399,-6.283313891807524,-1183.2289386237535
886.0,2.5070336183767603,-0.5210488035714924,1.543604503378521,3.6922745084153434,-6.282500574900163,-6.283313623941556,-1184.68167562639
887.0,2.5082663738546374,-0.5210429511890402,1.5436082682932197,3.6922226498412556,-6.282500792671196,-6.283313509164452,-1186.1342112302227
888.0,2.5095006744473833,-0.521034041007687,1.543611616630202,3.6921506114977305,-6.282501375858032,-6.2833133658392955,-1187.5865442475938
889.0,2.510724947342889,-0.5210501531769526,1.5436097156904922,3.6922739314197206,-6.282502992986838,-6.283313108448253,-1189.0386806845836
890.0,2.5119575163638674,-0.5210427682460734,1.5436135902666313,3.6922098696477934,-6.282503342627276,-6.2833129791648865,-1190.4906138883775
891.0,2.5131907455544678,-0.5210339593247649,1.543616865718901,3.6921394798334237,-6.282503982240092,-6.283312828981974,-1191.9423432611343
892.0,2.5144134274662173,-0.5210509644688841,1.5436151678054753,3.692268217516599,-6.282505507754992,-6.283312575186738,-1193.3938749272436
893.0,2.515645225240489,-0.5210432182690697,1.5436189788412267,3.692201581597928,-6.282505937849701,-6.283312439135735,-1194.8452019411857
894.0,2.516875482172964,-0.5210402742134955,1.5436206888037862,3.692177120924601,-6.282507503053491,-6.283312203429626,-1196.2963238847499
895.0,2.518098668248046,-0.5210520812197512,1.5436206529053091,3.6922644167742265,-6.2825080891814755,-6.283312030553336,-1197.7472469019378
896.0,2.5193294730756324,-0.5210443324068946,1.54362440018849,3.692198002475891,-6.282508567813933,-6.283311890615724,-1199.1979639678045
897.0,2.5205570630956804,-0.5210460313313124,1.5436249731089076,3.6922097576387087,-6.282510472362475,-6.283311610464419,-1200.648476233124
898.0,2.5217805416895906,-0.5210537247729419,1.5436261166671417,3.6922644417493027,-6.2825107216572835,-6.283311477016414,-1202.0987868265001
899.0,2.5230102459293042,-0.5210461247929195,1.5436298292769166,3.69219922757338,-6.282511226335998,-6.283311334709536,-1203.5488902107697
900.0,2.5242366825728997,-0.5210480378626535,1.5436303918021024,3.692212603691705,-6.282513135981019,-6.28331105097317,-1204.998787556683
901.0,2.525459004596873,-0.5210559558008806,1.5436315350568235,3.692268843264662,-6.282513397917713,-6.283310915547354,-1206.448481994705
902.0,2.5266875364055927,-0.5210485998723228,1.5436352469982635,3.6922053050195345,-6.2825139101814385,-6.283310772105384,-1207.897967985572
903.0,2.5279143277554517,-0.5210463063283195,1.5436369208598633,3.692185813883884,-6.282515498454351,-6.283310526745841,-1209.3472451923867
904.0,2.5291340534574442,-0.5210587720704022,1.543636890586063,3.6922776506755413,-6.282516116349333,-6.283310346469147,-1210.7963197640306
905.0,2.530361341643567,-0.5210517546224861,1.5436406375208016,3.692216258254594,-6.28251661843458,-6.283310203116939,-1212.2451846699125
906.0,2.531588789167408,-0.5210440409287103,1.5436438407435435,3.6921543582016145,-6.282517336230993,-6.283310039769067,-1213.6938395536417
907.0,2.532805851998636,-0.5210619234176339,1.5436420938548725,3.6922895180229247,-6.2825189168818865,-6.283309765734899,-1215.1422905226618
908.0,2.534031683088037,-0.5210555538303314,1.5436459383898686,3.6922323110660478,-6.282519369894166,-6.283309625024957,-1216.5905306886314
909.0,2.53525790745256,-0.5210481629300872,1.54364920124868,3.6921719555797363,-6.282520065274198,-6.283309464157317,-1218.038559588166
910.0,2.5364733945698683,-0.5210634918081581,1.543644939354641,3.6923005298630556,-6.282522649913626,-6.283202887702203,-1219.4863839192933
911.0,2.53769786268938,-0.5210596167679741,1.543650352132367,3.6922518890672236,-6.282521795134427,-6.2832587796707475,-1220.9339960045727
912.0,2.5389232153187202,-0.5210529980771162,1.5436545263917116,3.6921932121298227,-6.282522463523016,-6.283290459988595,-1222.3813952773914
913.0,2.540141757561008,-0.5210641507463969,1.543653381568698,3.6922785360000527,-6.282524513707999,-6.283301856259318,-1223.8285859342207
914.0,2.5413889432812744,-0.521037229990135,1.5436020481468575,3.6922804885121874,-6.280769234819894,-6.276316610376621,-1225.2755203086756
915.0,2.5429173411962114,-0.5211727749483329,1.5437700517713848,3.6921481899453483,-6.281853478286989,-6.2805118817009395,-1226.7221702378358
916.0,2.54421726862362,-0.5211393588802833,1.5437796277124511,3.692199715497223,-6.28225591712389,-6.28219385842678,-1228.1686092031123
917.0,2.545471630455217,-0.5211160514353257,1.5437724091644534,3.6922054458650884,-6.282419778132941,-6.282894359100717,-1229.6148391764993
918.0,2.5467072198283356,-0.5211032572136016,1.543764580486951,3.692189961946084,-6.282485826925715,-6.283185974590208,-1231.060858233255
919.0,2.5479363718628543,-0.5210898858615395,1.5437560018681709,3.692172692175945,-6.282294166435722,-6.283272089383556,-1232.5066592612993
920.0,2.5491691951024347,-0.5210822336054873,1.5437466736101941,3.692141201074085,-6.282436697746354,-6.2832934624683565,-1233.9522501900549
921.0,2.5503877061304485,-0.521097439146187,1.5437349267817537,3.692281130769161,-6.282497325933778,-6.283301321096886,-1235.3976343963793
922.0,2.5516062201961316,-0.5210833917529548,1.543709638648454,3.692268071906182,-6.282522548251554,-6.282479386262666,-1236.8428115036015
923.0,2.552847554671827,-0.5210954627263877,1.5437291365018522,3.6922175150720484,-6.282523984165844,-6.283025341928146,-1238.2877630144378
924.0,2.554074071197656,-0.5210863356347778,1.5437293622650248,3.6921904673574577,-6.282528848875267,-6.283229547369635,-1239.7324976222785
925.0,2.5552965233333027,-0.5210773306446836,1.543726395290472,3.692158226568308,-6.282532521774306,-6.283278518117752,-1241.1770162201242
926.0,2.556510987180995,-0.5210882377064425,1.5437194548672923,3.6922646558525716,-6.282535508958718,-6.283295491392755,-1242.6213225115046
927.0,2.5577267705909064,-0.5210895149309425,1.54371760471194,3.692283629211348,-6.2825366635957955,-6.283301654468162,-1244.0654138763623
928.0,2.5589477715844016,-0.5210785048866553,1.5437162545529888,3.6922532730288085,-6.2822348115993885,-6.283306674329543,-1245.5092786888065
929.0,2.560179047239662,-0.5210733742117454,1.54371250716661,3.692208196785151,-6.282417131333102,-6.283305522399159,-1246.9529284896485
930.0,2.561402671936948,-0.5210676687627324,1.543711229908935,3.6921658283943706,-6.282494589351969,-6.283305151510138,-1248.3963610979927
931.0,2.5626127744096983,-0.5210876374632776,1.5437063560240551,3.692318782478445,-6.2825242304129425,-6.283304863514693,-1249.8395813202335
932.0,2.563829929960612,-0.5210832395762258,1.5437078643369504,3.6922804365589457,-6.282535448666093,-6.283304640449105,-1251.2825817976563
933.0,2.5650469365434336,-0.5210778015262445,1.5437092048262175,3.6922384240584205,-6.282540138122977,-6.283304456553017,-1252.7253618414363
934.0,2.5662635171253063,-0.5210721626908449,1.5437105126662503,3.692197397269711,-6.282542445511278,-6.283304277120634,-1254.167921033873
935.0,2.567476500949248,-0.5210766385846785,1.5437092026692594,3.6922348168771397,-6.282544238255851,-6.283304072652154,-1255.61026044949
936.0,2.5686855250772207,-0.521087212826354,1.54370866513112,3.6923138352451352,-6.282545231254752,-6.2833039223768585,-1257.0523831759117
937.0,2.5699002790159353,-0.5210826138295434,1.5437110475963742,3.692273930782512,-6.282546115216977,-6.283303727854986,-1258.4942836256623
938.0,2.571115044676786,-0.521077496165195,1.5437131217392768,3.6922334556007113,-6.28254700162743,-6.2833035451991,-1259.9359614072505
939.0,2.5723295076536927,-0.5210722983867058,1.5437150882779276,3.692194025526548,-6.282547914378134,-6.283303356778018,-1261.377416169437
940.0,2.5735368964086662,-0.5210872291833083,1.5437122309978286,3.692309320371391,-6.2825490427441455,-6.28330321566249,-1262.8186523150948
941.0,2.574747344321791,-0.5210886172937548,1.543714536603933,3.692314184431085,-6.282549898771605,-6.283302999254172,-1264.259666350473
942.0,2.5759602577563174,-0.5210842307840816,1.5437172663545227,3.6922751885714784,-6.282550769743884,-6.283302788388008,-1265.7004560034973
943.0,2.577173734569865,-0.5210776590692549,1.5437193606228206,3.692239830600939,-6.282447278740661,-6.283303638732036,-1267.1410179880897
944.0,2.5783902073992637,-0.5210733015446268,1.5437208296073592,3.692200807042032,-6.282511133516376,-6.2833026609341545,-1268.5813560717215
945.0,2.5795964801778615,-0.5210913652667231,1.5437176889994249,3.6923345843511806,-6.282538251988218,-6.283302426324792,-1270.0214747688046
946.0,2.5808065107619456,-0.5210911569864083,1.5437207122380576,3.6923232896824043,-6.282548871701481,-6.283302101347944,-1271.4613687192243
947.0,2.582017694952998,-0.5210872380712112,1.543723775343345,3.6922859317131174,-6.2825533489884995,-6.283301847041104,-1272.901036300826
948.0,2.583228548161119,-0.5210830167952271,1.5437265690119315,3.692249665390926,-6.282555576998253,-6.283301625864854,-1274.3404771530418
949.0,2.5844390132000936,-0.5210787629632717,1.5437292195355792,3.692214605985488,-6.282556993757426,-6.283301411252089,-1275.7796909264632
950.0,2.5856490808450316,-0.5210745803942505,1.5437317789933274,3.692180602242209,-6.282558117918587,-6.28330119718827,-1277.2186772636867
951.0,2.586849521286234,-0.5210964013265086,1.5437292962604443,3.692342076260183,-6.282559062965229,-6.283301102340662,-1278.6574422426365
952.0,2.5880581666258387,-0.5210933051117268,1.543732658099507,3.692310123667193,-6.282560087952798,-6.283300825646129,-1280.0959789227236
953.0,2.58926688708625,-0.5210896000556868,1.5437356227458832,3.692276555692319,-6.282561037744665,-6.2833005987431605,-1281.5342868879907
954.0,2.5904753102933795,-0.5210858111334886,1.5437383855726485,3.692244204932656,-6.282561979961484,-6.283300382280354,-1282.972365819593
955.0,2.5917083908206333,-0.5210817576113178,1.5435193898251527,3.6929104487792195,-6.2825551621118585,-6.283274542207885,-1284.410276214622
956.0,2.592923452662423,-0.5210637854206257,1.543457778317727,3.692941315234648,-6.282561516104202,-6.283293239072734,-1285.8479784220224
957.0,2.5941288535965343,-0.5210596327226004,1.5434871117134041,3.692826141188639,-6.282563871624289,-6.283300300152056,-1287.2854425713372
958.0,2.5953333808096493,-0.521057538367665,1.5435188309349703,3.692723450538071,-6.2825654000574,-6.283302143834435,-1288.7226677754363
959.0,2.5965374952436884,-0.5210559894245894,1.543547668822758,3.6926299402616944,-6.282566632068727,-6.28330236918764,-1290.1596544990753
960.0,2.5977413706902985,-0.5210545654790221,1.5435735172912612,3.6925447433281664,-6.28256771514455,-6.283302062893574,-1291.5964032301406
961.0,2.598945065496234,-0.5210531115947776,1.543596635825496,3.692467143394731,-6.282568727473369,-6.283301597062268,-1293.0329143856457
962.0,2.600148579505728,-0.5210515968820821,1.543617317269453,3.692396394810213,-6.28256970880261,-6.2833010998065575,-1294.4691882995241
963.0,2.601351894822636,-0.521050029033322,1.543635838416433,3.692331799478959,-6.282570677142825,-6.283300613657498,-1295.9052252260915
964.0,2.602554990533186,-0.5210484240570888,1.5436524487051475,3.6922727305070984,-6.282571640131026,-6.283300151191839,-1297.3410253476552
965.0,2.603749721516198,-0.5210716201844124,1.543661874498022,3.6924060259438822,-6.282572058025587,-6.283300008031548,-1298.7765949665047
966.0,2.6049512559715726,-0.5210717071404144,1.543676218404898,3.6923638965357184,-6.282573357495511,-6.283299433489249,-1300.211928144747
967.0,2.6061534003463276,-0.5210702649540788,1.5436889870716788,3.6923158186670535,-6.282574416402402,-6.283298987471459,-1301.6470245075063
968.0,2.6073553721228513,-0.5210686254597666,1.543700413177748,3.692271606666636,-6.2825753987428445,-6.283298599060226,-1303.0818840644388
969.0,2.6085570788288464,-0.5210669411055155,1.5437107202416989,3.692230921124141,-6.28257636300212,-6.283298238483531,-1304.516506771022
970.0,2.6097498833506507,-0.5210911265733614,1.5437147604221324,3.6923869941604313,-6.282576848909298,-6.283298155291835,-1305.9508989566161
971.0,2.610950454676634,-0.5210902049163328,1.5437241343054138,3.692352491970079,-6.2825780973895595,-6.283297686883085,-1307.3850539616374
972.0,2.6121510942101986,-0.5210887117198487,1.5437324750207104,3.6923179413806166,-6.282579142459575,-6.283297326065685,-1308.818971562032
973.0,2.6133514733339065,-0.5210871249129776,1.5437400193742277,3.692286038695247,-6.282580125565497,-6.2832970056806365,-1310.2526516182538
974.0,2.6145515342671515,-0.5210855517293698,1.5437469066594118,3.6922565075413245,-6.282581093142762,-6.283296703458629,-1311.6860939536173
975.0,2.615751255418747,-0.5210840322517228,1.5437532286083395,3.6922291226425723,-6.28258205734243,-6.283296412453022,-1313.119298364763
976.0,2.616943783136051,-0.521105011900543,1.5437535562595253,3.6923733189281807,-6.282582022478925,-6.2832965482528325,-1314.552270082059
977.0,2.618140882397781,-0.5211074950528175,1.5437595056154025,3.69237451724739,-6.282583612691413,-6.28329605684223,-1315.985004360105
978.0,2.6193393200303086,-0.5211064267338692,1.5437652292726196,3.692350322377623,-6.282584787488401,-6.283295689109817,-1317.4174997964205
979.0,2.62053753366405,-0.521105194931018,1.5437704173841684,3.692327638456313,-6.282585815263009,-6.283295391954841,-1318.8497561536406
980.0,2.621735417831537,-0.5211039629361583,1.543775208244384,3.692306655041277,-6.28258679896038,-6.2832951195955875,-1320.2817731821563
981.0,2.6229329435680344,-0.5211027911139916,1.5437796734786202,3.692287205591725,-6.282587770417374,-6.283294857717891,-1321.7135506120917
982.0,2.6241301956625187,-0.5211017155935697,1.5437837986362009,3.692269090498552,-6.282588485179983,-6.283294657423515,-1323.1450881446444
983.0,2.6253274446780264,-0.5211007221008481,1.5437874484878902,3.6922520432827186,-6.282588827781082,-6.283294566734232,-1324.5763854436939
984.0,2.6265247865288455,-0.5210997158930386,1.5437906039701272,3.69223599747405,-6.282589014562147,-6.283294531462649,-1326.007442172132
985.0,2.6277401349097427,-0.5210976590273435,1.5436220646208256,3.6927594037641365,-6.282584685260647,-6.283274136395057,-1327.438305166319
986.0,2.62894498686175,-0.5210857051623822,1.5435730212948,3.6927896190470872,-6.28258414877241,-6.283290139047788,-1328.8689432976448
987.0,2.630143502146459,-0.5210835846941786,1.543594143563844,3.6927080407606385,-6.2825849554271525,-6.28329604637935,-1330.2993334940318
988.0,2.6313415905678226,-0.5210825423113488,1.5436171271833374,3.692636246902652,-6.282585644453358,-6.283297675488258,-1331.7294750083597
989.0,2.6325395735545922,-0.5210818118919873,1.5436379023054356,3.6925710602308204,-6.2825862102827665,-6.283298001755625,-1333.1593680598698
990.0,2.6337375930734317,-0.5210811194420901,1.5436563830724201,3.6925117592869734,-6.282586672893749,-6.283297905752129,-1334.5890128717706
991.0,2.634935716093023,-0.5210803380414184,1.543672751956303,3.692457797522464,-6.28258706134659,-6.283297689614051,-1336.01840961106
992.0,2.6361333521355705,-0.5210619123914543,1.5436848427111445,3.692437442273229,-6.281701713630683,-6.283306017885552,-1337.4475344675102
993.0,2.637379125636481,-0.5210686755796189,1.5436864455049284,3.692365444445731,-6.2822253045304794,-6.283303160479926,-1338.8764177591474
994.0,2.6385949165270417,-0.5210662768241611,1.543694280707104,3.6923172983777643,-6.282454528984036,-6.283299616520615,-1340.3050578211682
995.0,2.6397995517951727,-0.5210652117601886,1.543704376044267,3.6922725899487525,-6.282539151293931,-6.283298102726492,-1341.733451154638
996.0,2.640992496812135,-0.5210900783536673,1.543708621976384,3.692423573469997,-6.282569270371581,-6.283297906779961,-1343.1616027909522
997.0,2.6421915287228206,-0.5210898131503634,1.5437186150870499,3.692388512016545,-6.282581436890279,-6.2832973131503485,-1344.5895058131205
998.0,2.6434405522837117,-0.5210981396912902,1.5433616399792895,3.6935368807798583,-6.282564097288676,-6.28324675281439,-1346.0172576784641
999.0,2.644666014315168,-0.5210745837557409,1.5432592508014134,3.6936101795371323,-6.282570475077199,-6.283286429943521,-1346.0172576784641
