time,shoulder link,upper arm link,forearm link,wrist1 link,wrist2 link,wrist3 link,total_reward
0.0,0.00013218018496173833,5.8262248213159525e-05,-1.3002675359560013e-05,-3.963972998170395e-06,9.133387980660342e-07,0.00040329378032232487,-0.9111607981031667
1.0,-0.003267675390489784,0.0045689695870734905,-0.005037273484163016,-0.011091265493866147,-0.009838007268715065,0.0035197951207552236,-1.8214505852145346
2.0,-0.011071992081538789,0.008477013096698538,-0.010941926448360815,-0.0267779872203943,-0.02325811590363077,0.01592647173100137,-2.7279410355806486
3.0,-0.022456278735120305,0.011261936557412203,-0.021079852524596134,-0.04153739871585977,-0.03758011527036414,0.024611759233305282,-3.627457502468586
4.0,-0.03662971058858822,0.01284209802338513,-0.03335664871731066,-0.05868394777404182,-0.05454869950744031,0.03921528338359426,-4.517483776769735
5.0,-0.05260356857360525,0.013548458798514768,-0.04480635477308905,-0.07114051990062896,-0.07081920273812775,0.056337147419643116,-5.39653986449637
6.0,-0.06840124227591561,0.01424147695220554,-0.05863490391081365,-0.07810398749504976,-0.08860177214979255,0.07450211155388611,-6.263999288294692
7.0,-0.08479520823903254,0.01418513869849789,-0.06862467105489028,-0.09035730172713327,-0.09934213891219612,0.09309822553363796,-7.120193713579615
8.0,-0.10064760452461227,0.014523304499587086,-0.07970774587262765,-0.09819674962856338,-0.11479052903436995,0.1118726227126798,-7.9650567776072565
9.0,-0.11655798291856286,0.014907904667361907,-0.09330789324744633,-0.11244968813998722,-0.13226676868010767,0.12117875905235577,-8.798259780072499
10.0,-0.13335210724583477,0.015084089237161695,-0.1086913506550524,-0.1294332423491825,-0.1505788793778849,0.13606915968624161,-9.618882917520917
11.0,-0.1509514208933646,0.014856797952482192,-0.12263808476790182,-0.1295391981869475,-0.1692348513874417,0.15331034428800977,-10.425965296814653
12.0,-0.16849769772517606,0.01482198877548963,-0.1357128335359258,-0.14075106493203313,-0.18803668237686247,0.17152479909367052,-11.219968433603395
13.0,-0.18633911535872602,0.014636070332613212,-0.1462148525598876,-0.1526174990438882,-0.20689580275775601,0.18012164111022594,-12.001108055587498
14.0,-0.20456469812551792,0.014955232102493951,-0.15932386394215256,-0.1624786349029069,-0.2212247405894299,0.19012084410122831,-12.76896305475404
15.0,-0.2212568806450119,0.013234851951991483,-0.1709265670651124,-0.17529733617075968,-0.23086613550017235,0.20155787277499337,-13.52399336347645
16.0,-0.23772235427145938,0.013414998914549595,-0.18522240041623686,-0.19165432103312774,-0.23437762849665386,0.20816779500995253,-14.266799468744518
17.0,-0.2547933244319158,0.014037560515057066,-0.20085282614537106,-0.20123377548112198,-0.24693216716466423,0.21396768903339525,-14.996539258782063
18.0,-0.27246286031057604,0.014227979264963947,-0.2146786391396879,-0.21562698627498816,-0.26321278495509026,0.2240111798923404,-15.712933703129172
19.0,-0.2870114479347262,0.014623841449315703,-0.23006948204684108,-0.23265186363252824,-0.2810317541961986,0.23290948745412676,-16.417462440928393
20.0,-0.2999247479033633,0.01444047734047429,-0.24196349653858237,-0.2507799632775858,-0.29948524378728036,0.23992221529548352,-17.111591355867805
21.0,-0.3141667149021499,0.014776775907334706,-0.25599947750667584,-0.26556594318344223,-0.31262291266713943,0.2509015018039588,-17.79448222613979
22.0,-0.33006360534453916,0.014896630351823276,-0.2706397295551453,-0.28269929947444067,-0.32904655324577897,0.2562949609468092,-18.46481281360218
23.0,-0.34708637887772786,0.014635543314670992,-0.28215021443948146,-0.30088137461801423,-0.3469219820959691,0.25092232248547375,-19.12227047855265
24.0,-0.3635442954542178,0.014925860836211271,-0.2959212442171491,-0.31945616599001553,-0.36540147187698163,0.2570024459483564,-19.766905915561722
25.0,-0.3803622520799733,0.015066095407744185,-0.31141270819417116,-0.335943427730355,-0.3841281718958437,0.25753874151099804,-20.398053373131113
26.0,-0.39619010067822014,0.015104243651358954,-0.32803818728053574,-0.35061644776724155,-0.3882333340248263,0.24668116583246014,-21.01616409634591
27.0,-0.4124157268919027,0.015052515037121472,-0.3454293913403662,-0.3596155249515919,-0.4010795619265292,0.2311059988832223,-21.620587917565583
28.0,-0.42641001095013453,0.014690712086961833,-0.3592104351770135,-0.3743662393757839,-0.4174807492040617,0.21877382879388146,-22.21307286518995
29.0,-0.43715513621895535,0.014663375457236772,-0.37202639042623187,-0.39080663973283203,-0.435350308906858,0.2090658569690858,-22.795925564371636
30.0,-0.44923412006756047,0.0148712116161425,-0.3867772034466853,-0.4044391662773988,-0.4538252061869249,0.1974309845387037,-23.368184868973735
31.0,-0.46374075416418276,0.014946427198697423,-0.4029261216748879,-0.4130117164386518,-0.47254994769706377,0.1815944872144376,-23.927919642136313
32.0,-0.4748920178738868,0.014744398768569818,-0.4168064813665038,-0.42759148287394844,-0.49005744112941346,0.16982773245516078,-24.477280105647015
33.0,-0.48678213701912953,0.014240229955830347,-0.4249074816779164,-0.44097884783313074,-0.5074299565145994,0.15397671291731638,-25.01720033109482
34.0,-0.5011499459136277,0.014718260702969905,-0.43620757276823807,-0.4574873014934031,-0.5256872981489565,0.14004265933704607,-25.546005435551827
35.0,-0.513437242693025,0.014481018195981443,-0.4440551624760811,-0.47380857562016615,-0.5337409419167577,0.13132241535008268,-26.065314035338428
36.0,-0.5265945771375601,0.014605833938528389,-0.4522537215576088,-0.48872860796313217,-0.5440192688501961,0.12471950091683738,-26.574891235872656
37.0,-0.5398866724843769,0.014989772888161147,-0.46386358361114005,-0.5059181525869594,-0.5592902558503147,0.11628480054868658,-27.073820483854725
38.0,-0.5544495643079255,0.014743009805531997,-0.4733512103028921,-0.5235009352136367,-0.5655486035231623,0.1128399335886445,-27.56171482571295
39.0,-0.5705943298000005,0.014989126744565146,-0.48578356651138765,-0.5409362469713646,-0.5792216438650832,0.10497970829981816,-28.03709716133907
40.0,-0.5848559776084251,0.014818947598415151,-0.49744165179839084,-0.553655849663013,-0.595964120994555,0.09072283490631207,-28.500823039043386
41.0,-0.5988916339395932,0.014792504218277006,-0.5097127118417808,-0.560438903748871,-0.6116257176434644,0.08993835914288095,-28.953116757789747
42.0,-0.611516416883968,0.014859227349319402,-0.5225126054180104,-0.574280431486467,-0.6245512001448777,0.07842364182067892,-29.39463557107841
43.0,-0.6252872933608092,0.014916744576198892,-0.5373414779454299,-0.5821291562232743,-0.6395674386892679,0.06766118420944461,-29.82434983010635
44.0,-0.6408721242858746,0.014735680511587123,-0.5511630388430487,-0.5921347113034912,-0.6568393863750845,0.05740609161517315,-30.24128578736206
45.0,-0.6568599723123676,0.014782715416769326,-0.566561044867043,-0.6054796514857391,-0.6725658701552184,0.04217094328594091,-30.64492597723299
46.0,-0.6706664650074999,0.01481332254368856,-0.5830151693521718,-0.6220626021525574,-0.682115185126886,0.024788376715941418,-31.036156345796403
47.0,-0.685111619772081,0.01443389560346268,-0.5962191020861218,-0.640025561517794,-0.6970769959383418,0.02063990148654982,-31.4152754535192
48.0,-0.7010437725413323,0.014594930818847881,-0.6111342877671676,-0.658491666266806,-0.7143529132236474,0.017062163391568564,-31.781321515039934
49.0,-0.717271932396279,0.014657263211464162,-0.6273883148522295,-0.6747313038944632,-0.7325831418771858,0.00753430884300961,-32.13371301913959
50.0,-0.7341853180617857,0.014620365046851474,-0.644537490425887,-0.6861767144282486,-0.7510205171980469,0.003542689087752948,-32.471917688840364
51.0,-0.7518190661460449,0.014608456398283707,-0.6622457040543961,-0.7002148226209934,-0.7669673433647386,-0.0018643701597741904,-32.79546190898088
52.0,-0.7667892475990951,0.014594978818079168,-0.6803337241195915,-0.7170816800893354,-0.7779226315316827,-0.011067516534282855,-33.10553125489954
53.0,-0.7819697583157339,0.014516430695214542,-0.6987379137823051,-0.7351331617789604,-0.7907898460791815,-0.017585333025245994,-33.40200913897516
54.0,-0.7960100079779177,0.014262836376624406,-0.7161534649242464,-0.7427763430704281,-0.8047767155095761,-0.026565388588615086,-33.6857860861499
55.0,-0.8099029130288508,0.014321964782729341,-0.7339384368335417,-0.7569710964398783,-0.8157183690346873,-0.030519411952843946,-33.95703226812113
56.0,-0.8251994272396258,0.014196059471953487,-0.7511246481034847,-0.7708108820904885,-0.8307781388355072,-0.0239070739534867,-34.21519278888001
57.0,-0.8387561072028469,0.013012034492997907,-0.768691412938722,-0.7780398198073034,-0.8435968318001731,-0.017967864215565146,-34.46057001749095
58.0,-0.8531039813401822,0.013000490367499005,-0.7869766264802741,-0.7870858859165767,-0.8574949784275921,-0.007416358998765574,-34.69329327510811
59.0,-0.8648973655474106,0.013431108069909485,-0.805277315535481,-0.801800257352453,-0.8701396092798873,-0.003355535168317347,-34.91457972990711
60.0,-0.8777683343203524,0.013646884689863432,-0.8238379665495378,-0.8189761028368743,-0.8863759925238375,0.004630022296915949,-35.12384809729185
61.0,-0.8927667214205846,0.01357603931518996,-0.8405159408435039,-0.8371764399496922,-0.9041747769185898,0.002463912033833092,-35.320674106377666
62.0,-0.9092232939558555,0.013626911668906064,-0.8572900666791939,-0.8492820271032973,-0.9226214615773485,-0.002218189803777259,-35.50498348262481
63.0,-0.926294571602842,0.013784704483367587,-0.8746948772521983,-0.8652488952609224,-0.9317789107015924,-0.0038751170353382393,-35.676659953683206
64.0,-0.9439322254322383,0.013833519807105892,-0.8926149023353985,-0.8829373615277336,-0.9387717571944661,-0.004120607798351231,-35.83561003880294
65.0,-0.9620180157752352,0.013709986565779608,-0.9100308217535956,-0.8967170986811689,-0.9475427300616316,-0.015338203543857724,-35.98244188430628
66.0,-0.9753953094275,0.01353059628911664,-0.9244359513248616,-0.9131391955458646,-0.9513235223238073,-0.008843183733662054,-36.119724837514084
67.0,-0.9868085084834636,0.013674749229448117,-0.9402378408889412,-0.930649110912746,-0.9639007178979003,8.720742594881523e-05,-36.24810851758969
68.0,-0.9998228089590505,0.013385924043430676,-0.9532895887460452,-0.9459082325362711,-0.970414914087241,0.005151135293983461,-36.36851274667236
69.0,-1.0136376916316012,0.013527375873923062,-0.968112462751799,-0.9567450895294213,-0.9732517624494028,0.010751055738668126,-36.48121706071975
70.0,-1.0288899635383504,0.013593648839653732,-0.9843123630613374,-0.9677875996497676,-0.9853127623087582,0.018022784015838726,-36.58660623296622
71.0,-1.0454284377299081,0.013325959218018824,-0.9974037102721547,-0.9833975747770078,-0.9930573970714806,0.017240759626557214,-36.68674449599263
72.0,-1.0628308931759516,0.013217228578209367,-1.0089811661149373,-0.9980234084067209,-1.0072922871596353,0.015071245283605747,-36.78457981236372
73.0,-1.0758919321325011,0.013011483397753959,-1.016032212991853,-1.015119521927504,-1.0202951290251872,0.00915303684437882,-36.88263312296152
74.0,-1.0892716060500225,0.01334210815078795,-1.026023343193053,-1.0332145847574477,-1.0351793521064987,0.01469111129744797,-36.981515092432375
75.0,-1.104516081979597,0.01353605946543598,-1.0389787843743943,-1.0517810386756425,-1.0379240656518995,0.020388633867084723,-37.08129766005983
76.0,-1.1210642873577417,0.01346822257376864,-1.0539997404769474,-1.0584499360889699,-1.0502100946718589,0.016592512743057067,-37.184069459795325
77.0,-1.1383912399421943,0.012893615939021021,-1.062901951270532,-1.0616018006079546,-1.0609513054595745,0.02188163061833558,-37.29349491556691
78.0,-1.1563862221187773,0.01327558732547419,-1.0747269603613354,-1.0739046562155745,-1.0714026952465359,0.020754941710126006,-37.410674341775724
79.0,-1.1746923964280378,0.01328442021420545,-1.0869846343264584,-1.0901177834730054,-1.0807744021267138,0.028389344669095217,-37.53648270610637
80.0,-1.1932234517355265,0.013310861795251745,-1.1014324345590765,-1.1005914920178592,-1.095637395104344,0.03046316455436952,-37.6719406754674
81.0,-1.2118669585872865,0.013148267264019886,-1.1151956376741075,-1.1108194500486743,-1.110568818132794,0.024006611782946507,-37.818028042194676
82.0,-1.2306664825282714,0.01100873194315189,-1.1304067301060097,-1.1218967695047963,-1.1169353852253516,0.032534901857447666,-37.974121817035424
83.0,-1.2450467967499694,0.01091119071638196,-1.1443494240501073,-1.132921671235758,-1.1306469071542415,0.04339940787015111,-38.13901667141187
84.0,-1.2599049465854637,0.011639049970214263,-1.159652831047932,-1.141776657160188,-1.1413635460150928,0.04291565016853748,-38.312793096709
85.0,-1.276197280989218,0.012142693964877575,-1.1761444138569075,-1.1564342721525105,-1.1551567261145714,0.03664749453353783,-38.49683550677852
86.0,-1.291018969709971,0.012386634237703675,-1.1934762108941719,-1.1694603166444368,-1.1678732993702141,0.028530966327940558,-38.690239778265074
87.0,-1.3066643776872393,0.012492353979624482,-1.2113675992455917,-1.185874139013414,-1.1841440356167836,0.025584330365318188,-38.893943946304226
88.0,-1.3214311709871318,0.012505238155363821,-1.229242303656062,-1.2037484769800977,-1.194708341547868,0.02647270241104724,-39.10718557659453
89.0,-1.3347125278776917,0.012461004060519826,-1.2474812864779339,-1.2169349067907422,-1.2100775402334023,0.03485062531178467,-39.32937768223866
90.0,-1.349392078972639,0.012417708988650378,-1.2659653839605947,-1.2333881034936327,-1.2269937335712373,0.041089397993753225,-39.56167771586131
91.0,-1.3591570438517102,0.011998111743644667,-1.278948695307954,-1.2391737816199586,-1.2377965114813483,0.04222206963906353,-39.80083533596627
92.0,-1.3639523919826257,0.01228307301699681,-1.2935844186467829,-1.2525901504955184,-1.2475246747641666,0.04594981394354453,-40.04346408559853
93.0,-1.3631618752012284,0.012083537297772819,-1.305020780211562,-1.2653440576119912,-1.2625341945870645,0.04092696495660036,-40.286677933559695
94.0,-1.360220077319017,0.012211594573736599,-1.3187929565576466,-1.2736384510880117,-1.2748184070687785,0.040193135711223404,-40.52861623785992
95.0,-1.357438970993489,0.01227143893451596,-1.334294211442132,-1.2880969296455502,-1.2825856602690515,0.042677138133041005,-40.76925206318593
96.0,-1.353549962059791,0.011960864497087036,-1.3462611477758102,-1.30521509947297,-1.2968292692674073,0.03942557811544692,-41.00899394879364
97.0,-1.3489882655353258,0.012055609169691691,-1.3603467659324464,-1.3219357903917248,-1.3138058443599065,0.04410656395926135,-41.247841522251065
98.0,-1.3476878754915682,0.011823387122022234,-1.373465360502627,-1.3345039719296645,-1.3319053171447688,0.04656517525415656,-41.48793248512405
99.0,-1.3464643268692142,0.011758827197401714,-1.3853991689453113,-1.3506805519079508,-1.3504808729223214,0.04007830104052592,-41.72981333465895
100.0,-1.3442039165035307,0.011702423848287674,-1.3971759865206894,-1.3612404903049864,-1.3664913569049273,0.03726023045777164,-41.97261468385888
101.0,-1.3374990907051314,0.011780888530507206,-1.4090314171073568,-1.376590835611663,-1.3841540979712619,0.04160319605669469,-42.214406793692206
102.0,-1.3283677407730576,0.01187304294211365,-1.4232094921329796,-1.394022129457948,-1.4025380643214915,0.05002941179191921,-42.4543887741819
103.0,-1.31946992246479,0.011598617894239152,-1.4349347228558966,-1.4123804166326377,-1.4212207877639393,0.06243301768786795,-42.6931205358641
104.0,-1.3077585912653287,0.011628495198986741,-1.4472832261257889,-1.4310174197705283,-1.4400357447339798,0.06945023178473352,-42.92970619049188
105.0,-1.2955206056214623,0.011644074421633148,-1.4618215028482449,-1.4474219958766024,-1.458896129615605,0.07506144700177128,-43.16452133522808
106.0,-1.2813173759231349,0.011633361855030395,-1.477814249725125,-1.465246390056848,-1.467803182127527,0.08842219594329989,-43.39699648708674
107.0,-1.2664144546497047,0.011500718332084858,-1.494866848069226,-1.476495336674059,-1.4825347909172375,0.09366786296165773,-43.627903333725655
108.0,-1.254155456641985,0.011367962054106544,-1.5125792471532942,-1.4894025448457409,-1.4997099334479074,0.09896492442261483,-43.859664883962
109.0,-1.241776445577384,0.01128868468078198,-1.5306753100072927,-1.5057838994327941,-1.5179019565311245,0.11218993859827782,-44.09363743459175
110.0,-1.2331920078171903,0.010873833581327564,-1.5441232115618027,-1.5213201472834157,-1.5365045160842126,0.12766944699471136,-44.33089806034184
111.0,-1.2273332653843807,0.010652380576711872,-1.5530862221139001,-1.5370821785754183,-1.555285041969995,0.137578066589295,-44.57155585415785
112.0,-1.2222358085519032,0.010610062834666284,-1.559011797412672,-1.5546410004268845,-1.574138114764015,0.1475915498116117,-44.815329999895624
113.0,-1.2147331085479813,0.010638284110374258,-1.5629334149236496,-1.5680026419561794,-1.5915253152691675,0.1569700643144975,-45.06056879275753
114.0,-1.209594509965044,0.010640965978066186,-1.5655858190461185,-1.5817744648187417,-1.6097688806815917,0.16354614132115472,-45.307709431785334
115.0,-1.2087642143750128,0.010652779349656034,-1.567355633724488,-1.5985107985610276,-1.6283972849022736,0.16084235066303318,-45.55808324050952
116.0,-1.207260350794074,0.010708480189010001,-1.568492938103992,-1.6119762506247717,-1.6425015720163516,0.1609987029701472,-45.8107763630149
117.0,-1.201947505923237,0.010819956820835577,-1.569194391147206,-1.6285437640623122,-1.6513472008177215,0.15039412863102447,-46.064583756267325
118.0,-1.2001192204109572,0.010745206678164518,-1.5697959800853207,-1.6384149758601143,-1.6646527970986895,0.15229537172984672,-46.32003165528879
119.0,-1.2002661964914587,0.01077840609453263,-1.5701251532891491,-1.6513003244339164,-1.6812219507659762,0.15499555959205463,-46.578062390482444
120.0,-1.2002007056275097,0.01081874372989486,-1.5703300809880514,-1.665754240674184,-1.6917442597517227,0.15751978365157204,-46.83839884345063
121.0,-1.200009757322534,0.010807252618532494,-1.5696521141343485,-1.682796729942736,-1.707063700874797,0.15689641428884177,-47.10134629004103
122.0,-1.2010289256140203,0.010849484300533676,-1.5700102683058117,-1.6980614566816008,-1.7188871032485602,0.16071887583039748,-47.367068850365456
123.0,-1.2013626406759756,0.010828395186944565,-1.5702834061891762,-1.706768189858117,-1.734655401319774,0.16342397931547148,-47.635013593310106
124.0,-1.2069075614158968,0.010791171288788981,-1.5704932565887604,-1.7214080958317877,-1.7501414363790089,0.17237138934504584,-47.907034885653125
125.0,-1.2057391169552776,0.010899300770227048,-1.5705077583208598,-1.7345764961871468,-1.7633713933067119,0.17420861572109722,-48.1811211875539
126.0,-1.2035557198335718,0.010894255543930703,-1.5705958941493277,-1.7510625308588472,-1.7798473730500892,0.16700397786739038,-48.45750364711251
127.0,-1.20080698030208,0.010870843071726293,-1.570668893927942,-1.7661614878853322,-1.7977467073741378,0.16368493999441636,-48.73603926845064
128.0,-1.1985768514415112,0.01085396318511222,-1.5707206559563174,-1.7834478505101161,-1.8150807890238347,0.16068059042152108,-49.017019858560346
129.0,-1.191652655266978,0.010906710830696647,-1.5706964001429193,-1.801676041298896,-1.8255851324951144,0.16971070908794872,-49.298941967905634
130.0,-1.1834678362083606,0.010818697452206769,-1.5702495051204348,-1.809632763489219,-1.8372213892030198,0.173083673403755,-49.58047441474933
131.0,-1.175309124262419,0.010839271752522564,-1.5704245109623074,-1.8145525544456866,-1.8477892527419808,0.1753947046982654,-49.861374862597025
132.0,-1.1696647495409576,0.010820026130765503,-1.5705694632470077,-1.8252541452762991,-1.8631544163885303,0.17830545451674998,-50.143157090252366
133.0,-1.166227018829875,0.01080640154358664,-1.5706668493347518,-1.8407350012110162,-1.8805954454367024,0.18064616166395586,-50.426994708878176
134.0,-1.1623419237947787,0.01078970450347164,-1.5707383453155537,-1.8512759551199442,-1.897868414116511,0.18124107157690977,-50.71232620653178
135.0,-1.1587825107740801,0.010804301023238655,-1.570764135223525,-1.8666325918148783,-1.9160776709597753,0.18385137047015856,-50.999718000389564
136.0,-1.1551976684566585,0.010804947370492538,-1.5707904823315024,-1.8840791491070035,-1.9346933016569041,0.17488867031407554,-51.28945134142686
137.0,-1.151267008854842,0.010800250438752537,-1.570813449850096,-1.9023861268735491,-1.9484241816393644,0.16011376468157465,-51.58126318866129
138.0,-1.1478530935768512,0.010780820340520051,-1.5708443063248356,-1.9210494973972776,-1.958801599768584,0.15533257747261803,-51.875091572759025
139.0,-1.145826326998445,0.01072633898753562,-1.5709032719229532,-1.9315453031714702,-1.9714592390930668,0.16145276195663139,-52.17052008993317
140.0,-1.1432987374785155,0.010764302897649332,-1.570871606172928,-1.9466638607529487,-1.9877366494686088,0.15696656810672394,-52.46804647234036
141.0,-1.1363035390635996,0.010827132496323845,-1.5708188184001963,-1.9640006865072497,-2.004954581944598,0.165753422793528,-52.76716318478606
142.0,-1.131215347427918,0.010769972932958909,-1.5708770985703255,-1.9822800700491157,-2.0231439732091676,0.17042442599813407,-53.06844731407293
143.0,-1.13062746920822,0.010687941982822318,-1.570955007640501,-1.9967873953470092,-2.03300738367458,0.17456475075630065,-53.37184090396126
144.0,-1.127740353292325,0.010740401903474505,-1.5709060644947916,-2.011414030500192,-2.0416035590794954,0.1665905603391979,-53.67678017155494
145.0,-1.1268890007511752,0.010714362947480403,-1.5709318024547252,-2.028524435918842,-2.0546557490778996,0.17164463641414704,-53.98412884120989
146.0,-1.1208889411569258,0.01077169129359809,-1.5708819204392892,-2.040460393522362,-2.0656471384561583,0.1625548350296377,-54.29240208741169
147.0,-1.1105357639790663,0.010097718506670786,-1.5708098818052425,-2.0543384697908316,-2.081183129428474,0.16649634942988936,-54.601758102993024
148.0,-1.1027925460642252,0.010119686066063137,-1.5709397120959199,-2.0678388606786484,-2.0986887647502512,0.16675607578799184,-54.91240408018292
149.0,-1.0961538800873896,0.01032423870854028,-1.5709361748975381,-2.0844404817695317,-2.1143929491461115,0.16233271032181043,-55.224569365647454
150.0,-1.0881435638918482,0.010481017973830406,-1.570917339869725,-2.1023951190307653,-2.1319296831008505,0.1673335165395088,-55.538371056107955
151.0,-1.084386092621918,0.010499200097212535,-1.5709848895255936,-2.120924424507092,-2.1407626125076185,0.16998607307083527,-55.854083779963354
152.0,-1.081319673513958,0.010562537053737952,-1.5709791580411963,-2.139666145446958,-2.155463796933593,0.1804837123568397,-56.172056932615185
153.0,-1.0739899363354417,0.010644554079345017,-1.5709443790154576,-2.1523464440281708,-2.172632711422716,0.1827022129746938,-56.4913076168204
154.0,-1.0731544095268926,0.010573471878786881,-1.57103085418091,-2.1672227681974787,-2.1873646517968712,0.19337256768323988,-56.812735954174876
155.0,-1.0745353967627072,0.010595411881903579,-1.5710208978547135,-2.184430360646347,-2.2007718982262667,0.20067722435996524,-57.13668384645483
156.0,-1.073348118350105,0.01065760922556115,-1.5709743473180442,-2.2026308452060874,-2.2173414896444785,0.20711212047661545,-57.463056343390576
157.0,-1.0684007769507171,0.010703589485231797,-1.5709417126785707,-2.2212402274757097,-2.231774875849511,0.21277896233190138,-57.791365217143394
158.0,-1.0642416981108511,0.010659391939624249,-1.5709940752787281,-2.2345820622791566,-2.2454338277028785,0.22010735268996143,-58.121218943525236
159.0,-1.0642390815298162,0.01060143279646346,-1.5710482926650435,-2.2459922011298223,-2.2606327719380594,0.2145913154548978,-58.45290819302822
160.0,-1.0703599925081313,0.0105402457968275,-1.5711051406337697,-2.2531734566004555,-2.2704964330108246,0.21365321481303756,-58.7864564641097
161.0,-1.0722706509835682,0.010656556797571467,-1.570987444621477,-2.267161180875433,-2.2817750105170056,0.20213688826205464,-59.12193206145392
162.0,-1.0787360956374994,0.01059630767526784,-1.5710441625231502,-2.2840643454418976,-2.2974550376574454,0.18950908169571548,-59.46043490998445
163.0,-1.0846402290976582,0.01062919681220127,-1.5710154784197836,-2.302134851894042,-2.302263059095085,0.1859685618122983,-59.80148031533143
164.0,-1.0932663873546158,0.010599432513470154,-1.5710447636659877,-2.3206326595036075,-2.3153639214201935,0.17969048010287486,-60.145818331343285
165.0,-1.101023471686633,0.010612524291309634,-1.5710451571280941,-2.32921891986092,-2.3253787385056937,0.16786465740324671,-60.49241451195586
166.0,-1.1038570846842337,0.010690629509609305,-1.570962753689815,-2.343816085322377,-2.3351383928688447,0.1597535553124778,-60.841001771125555
167.0,-1.1050468867757888,0.010682447901981675,-1.5709719915292533,-2.3594312266252424,-2.3501676444253237,0.14870882473055133,-61.191717607908984
168.0,-1.1093680710903693,0.010621443330506727,-1.5710275185532374,-2.3769602295813668,-2.363104986644066,0.14305381652355667,-61.54504555693694
169.0,-1.111749162037178,0.01064714364366948,-1.571004468087802,-2.395290363586982,-2.379470668934157,0.13730723055982078,-61.900851947917126
170.0,-1.1113002134326422,0.010663658287714104,-1.570993298726031,-2.413960947352349,-2.3971683440847547,0.13636636458313692,-62.25878829799425
171.0,-1.1098171593344086,0.010644584179064267,-1.5710194550136631,-2.428965360879421,-2.4155685004313128,0.13821221703213663,-62.61845267785022
172.0,-1.1071460770177106,0.010642182942003663,-1.5710180097790916,-2.4459278558108113,-2.434262338085292,0.14184246802531233,-62.97976169127866
173.0,-1.104054952266348,0.010627316696661506,-1.5710320699384854,-2.4640308610116426,-2.4530773918564877,0.15280831010165954,-63.34270954731772
174.0,-1.101454924132494,0.010604636052485617,-1.571054645062797,-2.4826080938773685,-2.4719425490252425,0.15868083028951013,-63.70735262523117
175.0,-1.0971706669652201,0.010615197458950619,-1.5710493550239957,-2.5002669696540027,-2.4847685817251173,0.15984965761760841,-64.07313513352462
176.0,-1.0954634508415808,0.010565039186998903,-1.5710980089560376,-2.516634809183802,-2.5010531094646606,0.16251843463548785,-64.44040489927185
177.0,-1.0914478311611906,0.010599144757791166,-1.5710647608325894,-2.5337349687587696,-2.513260530092677,0.16530408441488598,-64.80870252001537
178.0,-1.0887077765512596,0.010568363504941888,-1.571092332055477,-2.5518893651104357,-2.5292976334232966,0.15530618814911568,-65.17836764788103
179.0,-1.087152113736062,0.01055321160905363,-1.5711069226533196,-2.5704850286136427,-2.543827387186406,0.142391399641692,-65.54947461969674
180.0,-1.0814683083604144,0.01060628601274262,-1.5710590986569368,-2.5892563452057233,-2.560869689865187,0.14095738446420183,-65.92154725520804
181.0,-1.081439388526342,0.010248682805058657,-1.5711433486171256,-2.604648481951572,-2.5789983432792196,0.14419167139340416,-66.2952396725475
182.0,-1.0772655206443338,0.010357080193231605,-1.571108551760589,-2.6108524361805747,-2.5975845880742745,0.15123913356448496,-66.66934056213844
183.0,-1.0751594620185705,0.010394109911275509,-1.5711312111118634,-2.6197553642454285,-2.6087776899966486,0.15340962402372527,-67.04398684080411
184.0,-1.0770522433353418,0.010405349295307552,-1.5711510724473894,-2.633790887614684,-2.6167603391866874,0.16115875970527513,-67.41979579342033
185.0,-1.0773588338549192,0.0056125379166128714,-1.5709309666502749,-2.6365273077746987,-2.6279506797330576,0.16257908422373468,-67.79844415358032
186.0,-1.080060595339974,0.006317807558309249,-1.5712856873029901,-2.6488093245718995,-2.643608066516703,0.15980512398891575,-68.17836697808954
187.0,-1.0869309262495894,0.007694953890597474,-1.5698636841792948,-2.6616063232752247,-2.6570847064247123,0.1643892989881853,-68.55879349800736
188.0,-1.0908862001384407,0.008813244890108013,-1.5701554789342176,-2.6764139104827875,-2.6736758419245166,0.15506063662396316,-68.94030247338368
189.0,-1.0985247644660086,0.009371728561832122,-1.5705067405931845,-2.69310260230191,-2.68896379975829,0.15102905425657734,-69.32368744983341
190.0,-1.1046433732994003,0.009805445611101889,-1.5706813440527152,-2.709677481199592,-2.700909293270875,0.1387069828115651,-69.70870540392094
191.0,-1.1113412730098484,0.010053010910999055,-1.5708317196738035,-2.726599529849219,-2.7132023889997114,0.1382902360972685,-70.09549286001815
192.0,-1.116391864630661,0.010245405699840542,-1.5709190335048262,-2.735467272242333,-2.7293109488772314,0.13368988232989984,-70.48361776500033
193.0,-1.1216554668715033,0.010341575277197352,-1.5709836779248936,-2.747381759763311,-2.7361649267564347,0.12976834400956588,-70.87303140161526
194.0,-1.1203178280987884,0.010484533232223411,-1.5709563727524558,-2.7599400543735864,-2.750077510141917,0.1260981256933995,-71.26296183996081
195.0,-1.1197046418635346,0.010483564086374937,-1.5710406555359575,-2.767987572128239,-2.7568604887296604,0.12408021124004992,-71.65324855483257
196.0,-1.1247398214223263,0.010429517144331251,-1.5711163414979685,-2.782277834686104,-2.7707275851796465,0.11790907256936077,-72.04497019047507
197.0,-1.1290388121545596,0.010477911634817889,-1.5711017519000852,-2.7992765345001707,-2.7801926801273846,0.12214078445535925,-72.43798451736258
198.0,-1.1318428083027403,0.010507639205181978,-1.5710984886670465,-2.817396466556871,-2.795115742388488,0.12372729652718757,-72.83217224482031
199.0,-1.1376644842934522,0.010480155486333322,-1.571153562967893,-2.8303542179315935,-2.812372046160819,0.12901890869375432,-73.22783717262324
200.0,-1.141385407182135,0.010483016458923898,-1.5699276967326228,-2.840496257228618,-2.83059454399556,0.13106870583188088,-73.624201688385
201.0,-1.1438456091706313,0.01056219449425009,-1.5702613528335896,-2.8556781637354085,-2.8492136923088656,0.12559287852432974,-74.0215945897083
202.0,-1.146906881512932,0.010533400612556738,-1.5705648347901195,-2.872276194304279,-2.8610970668887563,0.11944589979850502,-74.42006460860394
203.0,-1.1481339179774221,0.010547012571189746,-1.5707430641501445,-2.887041782834408,-2.87305036585879,0.11155174510492483,-74.81921896639872
204.0,-1.151068001905847,0.010511935398376821,-1.5709023787511958,-2.8997720998878402,-2.8878516407774764,0.10517398086145185,-75.21925132835733
205.0,-1.1553744969217377,0.010492766739876811,-1.5709909973222382,-2.9160456363209413,-2.905038484173766,0.11372575033067689,-75.6203860760716
206.0,-1.1574344255108573,0.010537547128008888,-1.5710307315719767,-2.922024182810763,-2.918846709918172,0.11452162044213053,-76.02205760782137
207.0,-1.1558960715655648,0.010554030569130372,-1.5710263849952122,-2.9355882363235453,-2.935566608371232,0.12434481851174513,-76.42379712812202
208.0,-1.1535005268802798,0.010537087155513497,-1.5710635547045466,-2.9522963413857664,-2.953565957354512,0.1280824668171088,-76.82547362357595
209.0,-1.1543709163277578,0.01048647469707502,-1.5711314139323604,-2.9702973066242047,-2.9635962354225787,0.12500312660741095,-77.22750734399979
210.0,-1.1603487864434496,0.010427466790175005,-1.570680987418573,-2.9847397946067376,-2.9767102948005375,0.11622228080245069,-77.63046024774273
211.0,-1.1698870433975805,0.010445845628737177,-1.5708393113103178,-3.001720824021629,-2.988678566041734,0.1175983910071382,-78.03504807013192
212.0,-1.1738948007536636,0.010531707609186309,-1.5708805116228561,-3.019831697455701,-3.0046388714052226,0.11795167131376802,-78.44039185220518
213.0,-1.173360640242145,0.010564807308481751,-1.5709364620948985,-3.038409430819931,-3.0169491725907203,0.1160997094311507,-78.84570890803175
214.0,-1.1700351471065573,0.01056810910240258,-1.5709905168124882,-3.057177534112268,-3.0288777545399386,0.11280452943715358,-79.25049782280551
215.0,-1.170504804894315,0.010507794316323397,-1.5710969668228814,-3.0704429285965893,-3.041020601197806,0.10555796265512203,-79.65531465237845
216.0,-1.175184412421177,0.010467884507360104,-1.5711560766168473,-3.080512138549732,-3.057062858434559,0.0919254189611723,-80.06077973081396
217.0,-1.1775717255821625,0.010513405211580298,-1.5711274108686177,-3.0881285155156597,-3.0747823761119966,0.08756457099986159,-80.46649424690133
218.0,-1.1799847644623849,0.010492684078797748,-1.5711361810067603,-3.102305205508015,-3.0887731305063495,0.08011633160664056,-80.87242869654176
219.0,-1.1800059583682247,0.010521955927583504,-1.5711191544431715,-3.1169333906758605,-3.101875200759958,0.0882631090988731,-81.27815319780403
220.0,-1.1801827763272275,0.0105052257265835,-1.5711378249811745,-3.1340296178658855,-3.109268411572958,0.08617460475616465,-81.68368792772556
221.0,-1.1803881748723453,0.0105017156337903,-1.5711458867822905,-3.1521868269886526,-3.116152151412776,0.09575338600270858,-82.08899828385749
222.0,-1.1860317848368285,0.010440249274992092,-1.5712048773950347,-3.170780728845632,-3.1300177409305654,0.10368220611720502,-82.49485230388878
223.0,-1.1870839492785417,0.010520019406975098,-1.571135440436229,-3.189556480046446,-3.1468383550890127,0.10062214743876782,-82.90039862816465
224.0,-1.1928231196260304,0.010474186319416844,-1.5711996150814505,-3.201019819426175,-3.1648797206322223,0.10356541213356615,-83.30645073822342
225.0,-1.1949441960938425,0.010533708864677912,-1.5711394159195466,-3.2115457938068652,-3.1834241332149396,0.10951359071637792,-83.71239076667234
226.0,-1.1981468569243836,0.010501200052248173,-1.5711600879980325,-3.2238891657210154,-3.202177213056793,0.10518092393279448,-84.11832805789835
227.0,-1.2023677724285384,0.01050865637859405,-1.5711660936539782,-3.2301552829412157,-3.2151837603081606,0.09582647653401918,-84.52462398848554
228.0,-1.2084638023505716,0.01047002392532452,-1.5711733180075462,-3.2438096029047627,-3.2315476660954188,0.10315330245101022,-84.93140410445811
229.0,-1.2186127646569676,0.010439554043400382,-1.5711972022703133,-3.260551392162357,-3.244858438709921,0.10036342010136454,-85.33936279240149
230.0,-1.226620121044556,0.010493687263290582,-1.5711493809906736,-3.2785644882253244,-3.2613710952477186,0.09608006201310085,-85.74802546441812
231.0,-1.2334423911443821,0.010521620608259986,-1.5711382733843426,-3.2937970743695835,-3.275035032058264,0.09004144560156473,-86.1572753898456
232.0,-1.2379511381151154,0.010538998430699461,-1.5711175283500685,-3.3106855088583877,-3.2916982272352464,0.08134472498540127,-86.56654971461963
233.0,-1.2372777404740818,0.010592622651246069,-1.5710798315195018,-3.3249733475788057,-3.3020266373034843,0.07454106131149098,-86.97503564756111
234.0,-1.241281346593335,0.010499575548419293,-1.5711549966162592,-3.341893200847018,-3.3173075078498813,0.06399755703454216,-87.3833831725614
235.0,-1.2496087743770172,0.010468756069640938,-1.5711825116790143,-3.3599792896276046,-3.3235524220606107,0.06846704677633395,-87.79264308251808
236.0,-1.2530641046204514,0.010548606313165872,-1.5711140021747572,-3.3762557658807655,-3.3372170461632833,0.06711933303007465,-88.2017148445179
237.0,-1.2588331661957028,0.010522081863563534,-1.5711501724934114,-3.3877825191805995,-3.351783885876759,0.0698755841411036,-88.61112139851349
238.0,-1.2645357178986003,0.010548047203736505,-1.5711367728524877,-3.3922823907958675,-3.3549005391525513,0.07044980109483624,-89.02145370470909
239.0,-1.2725133747523545,0.0104879848817164,-1.5711553446126914,-3.4052313890728363,-3.3673304808148807,0.06423802577113834,-89.43266297780394
240.0,-1.2836165399368624,0.010473897031604487,-1.5711674292385478,-3.418661023879306,-3.3835600850639374,0.05934162135638075,-89.84526437371983
241.0,-1.2905535200487677,0.010522778083151316,-1.5704368851143964,-3.4325365444273963,-3.4013560179520845,0.05111451141202414,-90.2581896713551
242.0,-1.289221456923451,0.010628078405511497,-1.5705685896476154,-3.4493153713158065,-3.419799654415318,0.05463971481584041,-90.66962882927855
243.0,-1.2874745905738907,0.010589696755419433,-1.5707639885012266,-3.4651100718016186,-3.438512734458468,0.05104675338700833,-91.07940286778572
244.0,-1.2854193607482576,0.01060002000373622,-1.5708800188818135,-3.470464065594483,-3.4573352808878366,0.055405633705548275,-91.48776524501906
245.0,-1.2847032360723851,0.010547760704892118,-1.5709775136764637,-3.4790454927153305,-3.4762020631172565,0.04662933498630785,-91.8948673441604
246.0,-1.2870355598931642,0.010491427490079414,-1.5710559782388271,-3.4936024973556536,-3.4950884532919733,0.04721391936046355,-92.30110510195236
247.0,-1.2876744411577705,0.01053240692813454,-1.571056876366324,-3.507684258787737,-3.5060315684456578,0.04297443756122695,-92.70642735348
248.0,-1.2935939903204017,0.010280319300913417,-1.570232054658349,-3.524532003029498,-3.51705652655804,0.036687513730324674,-93.11171847271113
249.0,-1.3007870133571657,0.010374028620054144,-1.5705018212624517,-3.5425897027243893,-3.5251049758107684,0.023686029255034616,-93.51758383256136
250.0,-1.3079928487095625,0.010437658645480331,-1.570699486699521,-3.561142360552764,-3.525787497051125,0.022472410051310426,-93.92437321215122
251.0,-1.3130407182500665,0.010498066349139516,-1.5708122068594186,-3.5798979776176134,-3.5354215098729975,0.022768971284621402,-94.33118722716222
252.0,-1.3216943798295442,0.0104818113651232,-1.5709413934009404,-3.598730992365393,-3.5432557364965427,0.0320329696345882,-94.7389286947748
253.0,-1.3338586313170189,0.01048390679595396,-1.5710123286612316,-3.617410898628682,-3.5575087036386,0.04691640831170896,-95.1482388138203
254.0,-1.3369624014864394,0.010627055628728524,-1.5709428802030643,-3.6326873344739226,-3.5643944383094945,0.04883068682707622,-95.55743064883312
255.0,-1.3405753091176482,0.010601713106167816,-1.5710063282641669,-3.6435001687956823,-3.574251158646802,0.05027863797547109,-95.96657568020564
256.0,-1.3415473821047386,0.010619611170212347,-1.571005614137689,-3.6529637695675388,-3.5893438356621035,0.060529851584671446,-96.37481577248208
257.0,-1.3476118433714854,0.010526093239455712,-1.571086919780915,-3.667859810713565,-3.6066730247484076,0.06707411161096208,-96.7830432774212
258.0,-1.35440176911799,0.010537830765956527,-1.5710823202614157,-3.684891186414965,-3.6249226055371095,0.07272877425936322,-97.19135967547095
259.0,-1.3637208365742362,0.010527984597162941,-1.5710990898689494,-3.703012431315054,-3.6435545393724578,0.06921486195836284,-97.60037153930577
260.0,-1.3739514793609604,0.01055131072723567,-1.5710864601234091,-3.7210367384993783,-3.6559703996532096,0.0649461917624266,-98.01074912102463
261.0,-1.3774715217556164,0.010635062539330093,-1.5710134674699738,-3.7395699251332646,-3.6720810704819056,0.06418299014554713,-98.42048213234298
262.0,-1.3849014466790672,0.010574749006452755,-1.571072149905082,-3.758300553403088,-3.689832090477959,0.06566015009125564,-98.8304421226664
263.0,-1.3911938344691186,0.010605873348983193,-1.5710454358589794,-3.777136866251705,-3.7038955468241923,0.06714249486150206,-99.24061318453663
264.0,-1.397531384466911,0.010612543754686218,-1.5710447536893002,-3.793815447268595,-3.720722833514288,0.0660659663083434,-99.65093154520035
265.0,-1.4031507948500672,0.010626233917217792,-1.5710335798436224,-3.808888639148236,-3.7387649859970122,0.06262125963930981,-100.06119763952718
266.0,-1.4100805076968987,0.010602072900444752,-1.5710480124879997,-3.826149906616026,-3.757310985114865,0.05557193330642942,-100.4716781416272
267.0,-1.4184789830444453,0.010596062631521882,-1.5710510949408762,-3.844372841364314,-3.776064305640795,0.05432216042478399,-100.88281050427194
268.0,-1.4301767435745902,0.010582356511945189,-1.571063412838863,-3.8629887292167235,-3.789490912908049,0.04602191143496136,-101.29601229583608
269.0,-1.4382636621187093,0.010647030833135207,-1.571005118197215,-3.8817783042375478,-3.7974117534341065,0.04721557530471017,-101.71065964316242
270.0,-1.4428152663393468,0.01067484175975377,-1.5709795956827868,-3.9006255929867946,-3.81172371951502,0.04913049854000058,-102.12518903037795
271.0,-1.449448488848814,0.010659659721217024,-1.5710039339566342,-3.913834844526903,-3.8273549558486715,0.05308786557877342,-102.5403396162095
272.0,-1.458795216574224,0.01063107382752527,-1.571021903803209,-3.927361611956631,-3.8448799144377306,0.05449315366834915,-102.95695451719051
273.0,-1.4682180544409276,0.010640434813972801,-1.5710074872613151,-3.942599851041217,-3.862318021168096,0.054649103373197686,-103.37510104645703
274.0,-1.477027858341837,0.010646936949306072,-1.5709955836014793,-3.957413052689428,-3.8748711984765203,0.0563098787080486,-103.79497897741442
275.0,-1.477856641213443,0.010727632225096874,-1.570922669604978,-3.9678363987161567,-3.886106609842891,0.05084461984208937,-104.21414392483317
276.0,-1.472352602134065,0.010761172216441937,-1.5708969610386763,-3.9758222068371487,-3.900714079851248,0.047549994571364745,-104.63008331957062
277.0,-1.4636294478621175,0.010748704362281114,-1.5709065623378642,-3.9830487721030208,-3.9141286777269473,0.04441857295062167,-105.04164797596704
278.0,-1.4600067723794492,0.010658363268570696,-1.570987519648917,-3.991042672823583,-3.921293106012604,0.04195907569661872,-105.45093608342785
279.0,-1.4601184415707045,0.010618065507002807,-1.5710193403157693,-3.9971081837291345,-3.930726740719371,0.03755692179709102,-105.85927652482994
280.0,-1.457545050302592,0.010663888071411144,-1.5709793907224074,-4.001191185670722,-3.944604313750356,0.031037867059672007,-106.26554991039362
281.0,-1.4530629996479714,0.010666659287042161,-1.570972763490354,-4.006134853967602,-3.961251557849953,0.03622489146135056,-106.66876591087495
282.0,-1.4544287251858459,0.01059406656970977,-1.5710363671195549,-4.011287115738243,-3.9781314815486057,0.04051629948635026,-107.07084883537276
283.0,-1.45498890020292,0.010625204599810707,-1.5710054527334347,-4.0160748681068315,-3.9959663460487143,0.03791124904501462,-107.47159362785078
284.0,-1.4581495686141654,0.01059249336407547,-1.5710292546105449,-4.023844442703165,-4.0131873456063625,0.04783170542686329,-107.8717777286368
285.0,-1.46048281463188,0.010621163341862737,-1.5710028746208908,-4.032010215385632,-4.030685453006826,0.05327271264512591,-108.27114087293359
286.0,-1.4632261682197512,0.010619753245829222,-1.5710025492588156,-4.042979656286187,-4.041843624602002,0.05817675674215794,-108.67017190363777
287.0,-1.4684234532169316,0.010608697495293456,-1.571013910024034,-4.053589154234038,-4.057081088377691,0.06692595954209797,-109.06948775437296
288.0,-1.4745889235015208,0.01060659815397361,-1.5710098485140076,-4.0657924410707995,-4.074680169317052,0.07243208852870302,-109.46926271964547
289.0,-1.4758845462462384,0.010643438682089458,-1.5709648853147962,-4.084529563642899,-4.091547779822785,0.07831997910254965,-109.86757927553344
290.0,-1.4770036004556424,0.01065698578449704,-1.5709638200026959,-4.107291120227001,-4.0956358942505995,0.08025041528174613,-110.26510177221186
291.0,-1.4808860999353055,0.010625258357205012,-1.5709929486016347,-4.128252166743714,-4.108245686651114,0.0813679133461681,-110.6623313155733
292.0,-1.4885121746085113,0.010483671616990596,-1.571079897060244,-4.165712789003519,-4.125177513115417,0.09264824345040219,-111.05991289947532
293.0,-1.491899530639399,0.010637175297215666,-1.570959131244077,-4.221909786472702,-4.143492814531305,0.1036391253344478,-111.45556963041233
294.0,-1.4978733677915859,0.010741497272232746,-1.5709160970314866,-4.259049455702238,-4.162154820229698,0.10812658311136045,-111.8508849252395
295.0,-1.5031481126578357,0.01080428983302734,-1.5708679991605496,-4.2855525718702445,-4.178523288129144,0.11778854590395607,-112.24628573439841
296.0,-1.5094968792765016,0.010801469323868933,-1.57086632340788,-4.307606994712707,-4.19633648859096,0.11818773711486864,-112.64226147629019
297.0,-1.5141723623798677,0.010844012797529357,-1.5708283455469272,-4.3200078618421225,-4.21251377966199,0.11568884773352796,-113.03859217152208
298.0,-1.514565996502317,0.010852417743651595,-1.5708068235903017,-4.336129149905998,-4.2302477091489195,0.12438117020725682,-113.43322973197282
299.0,-1.5162620886337146,0.01080903022209565,-1.5708399700246083,-4.353868444679413,-4.248670589268503,0.13010105248558687,-113.826493920078
300.0,-1.5191711420271203,0.010795170326770845,-1.5708480429968483,-4.37228860687473,-4.267372138547798,0.13363560496073854,-114.2189291228673
301.0,-1.5203010041598135,0.010826274127850855,-1.5708199965673708,-4.388050836400169,-4.285154728868331,0.14000634146815924,-114.60995178585394
302.0,-1.5265427600842496,0.010769052989002258,-1.5708689645585856,-4.4039753875819425,-4.303580851545526,0.1380012223099009,-115.001680039099
303.0,-1.5285079146976905,0.01083252254883873,-1.5708068245822862,-4.421637076281759,-4.322275322632772,0.14373399470247686,-115.39238614157667
304.0,-1.5325351928225202,0.010812564699408986,-1.5708274981634676,-4.436183762617597,-4.341097416170115,0.1454390863536155,-115.78287916676716
305.0,-1.5409056738335196,0.010800355940747283,-1.570840418129187,-4.442672535598341,-4.359965217043289,0.15551850747149734,-116.17536740828231
306.0,-1.549465972031776,0.010798854410670891,-1.5708317177174922,-4.456425800347799,-4.378847075409644,0.16024467859632066,-116.56998042664318
307.0,-1.5556818114646696,0.010833818517373093,-1.570798400178596,-4.472779906328672,-4.380514846081167,0.16167913640006631,-116.9671885429117
308.0,-1.5610471248177424,0.010841796309127858,-1.5707903010788327,-4.490613849210273,-4.390662255546279,0.1579266735292355,-117.3658552104874
309.0,-1.567639266053424,0.0108341610632279,-1.5707964325518784,-4.509066507520252,-4.405920404859007,0.15382947588475934,-117.76608252613768
310.0,-1.5728744974526607,0.010889124041445673,-1.570752821527752,-4.514178186989,-4.423313449870045,0.1479072008633713,-118.16727452314755
311.0,-1.579497381513337,0.010860989426983242,-1.5707755192184263,-4.519830052799439,-4.44159365433154,0.15246118635174244,-118.56994167460347
312.0,-1.5832973424453363,0.010877590845634019,-1.5707553661480642,-4.531133770984633,-4.456573706993891,0.16337841459941999,-118.97307697859304
313.0,-1.590870028305059,0.010824062274261036,-1.5708016583517657,-4.546847120450926,-4.4716453952442645,0.15672275122857693,-119.37834011581728
314.0,-1.5971954669036152,0.01085850074534733,-1.5707686721402723,-4.564446180821608,-4.488919922609934,0.15718002960265826,-119.78512992938761
315.0,-1.6022245968978595,0.010878470624709126,-1.5707512509059187,-4.582803208968862,-4.502504339091068,0.1491448714553359,-120.19312136605278
316.0,-1.6079217986858587,0.010877502494083556,-1.57075210599236,-4.600910222805467,-4.5147230258690145,0.14912778812041946,-120.60277828182832
317.0,-1.6098828250903057,0.010922757461054734,-1.5707103150402875,-4.619477302683812,-4.530781767925735,0.15110202107098744,-121.01200571334529
318.0,-1.6143798830739555,0.010896003874241361,-1.5707358962783655,-4.633213291839636,-4.548514843010985,0.14707657581548275,-121.42175932865068
319.0,-1.616279883470034,0.009742231181595002,-1.570665970461272,-4.646739780094774,-4.5617297585524845,0.1396404767950905,-121.83119803914599
320.0,-1.6123481367114774,0.009968547911669536,-1.570694766718046,-4.663352092972362,-4.577570095037474,0.14779104287077494,-122.23721727727202
321.0,-1.6119590794442864,0.010257449645062793,-1.5707368895349374,-4.679287935974574,-4.59344191673756,0.14654430331334678,-122.64137546141568
322.0,-1.6099108672694704,0.01051015692979631,-1.5707054387833497,-4.696938868753551,-4.611053159627818,0.156068746263756,-123.0428374676714
323.0,-1.606928383250508,0.010666264998036034,-1.5706946977753036,-4.7134398070520085,-4.618337165862739,0.1608739910004746,-123.44198639011168
324.0,-1.6038442425758257,0.01076170748125922,-1.5706928879444912,-4.729470094345692,-4.630776867688896,0.16553634757018396,-123.83829287254267
325.0,-1.598610270953219,0.010844152580482642,-1.570673198909235,-4.74715204314165,-4.6362175963332675,0.1723588906121959,-124.23129322391345
326.0,-1.5964302675419861,0.00930977801084736,-1.570656345926081,-4.764261828730571,-4.641248642183971,0.18120467685823505,-124.62236512461834
327.0,-1.60056692611383,0.009522114974496704,-1.570787667151721,-4.782378340976866,-4.636857651935492,0.187570681523928,-125.01587957541895
328.0,-1.602149613436059,0.01007294099293615,-1.5706931436550515,-4.789416316381395,-4.6462392403646025,0.19855798495521834,-125.40956721832404
329.0,-1.6062818548878983,0.010357859154359906,-1.5707061968476677,-4.79358707970752,-4.6592814655779735,0.2061451467151442,-125.80417520466493
330.0,-1.6073327155365356,0.010593251609302391,-1.5706705065540152,-4.806387583851838,-4.668603790331933,0.22030851620694797,-126.19859154976152
331.0,-1.6069837749876164,0.010734470959897874,-1.5706573213667787,-4.819434724889392,-4.68346703528991,0.2300444279433721,-126.59144896850958
332.0,-1.6060863501748117,0.010818440575609378,-1.5706563680797316,-4.835854049743377,-4.700699948844324,0.2450723774482648,-126.98218758902385
333.0,-1.6097948911254143,0.010828582940520751,-1.5706943096538042,-4.852334763145112,-4.703313780955566,0.251885368795592,-127.37455238048011
334.0,-1.615873767254434,0.010867374552910074,-1.5706883746631846,-4.870215318413545,-4.715559178404947,0.2623629651921386,-127.76913640014891
335.0,-1.6222170162607248,0.0109151003365568,-1.5706637474418497,-4.887871692241807,-4.726246615991292,0.2678357375888107,-128.16628586247802
336.0,-1.6246417192821423,0.010986755098517608,-1.5706116879378658,-4.906246180378628,-4.741656218002746,0.26714308725038344,-128.5635389672031
337.0,-1.6244678775747416,0.011020843577490138,-1.57058659389561,-4.918975186171291,-4.753105769334369,0.26616132192757874,-128.95970299205345
338.0,-1.6256595103431593,0.010997145099158607,-1.5706168774055003,-4.935203768975483,-4.768828859903021,0.2731014340737434,-129.35504673244947
339.0,-1.6248062272189918,0.011025996035714653,-1.5705935547308836,-4.953009187219709,-4.786411454997939,0.2736857371356713,-129.74838556279698
340.0,-1.625450107055393,0.01100615636513127,-1.5706137456795843,-4.971444742816389,-4.798829842203643,0.28314033150940876,-130.14090939949
341.0,-1.6280028511942164,0.010999052270995064,-1.5706180574352369,-4.987936741997519,-4.81494916512821,0.28498893338584,-130.53337663333647
342.0,-1.6321179054480952,0.010998144036801064,-1.5706198163111003,-5.005797998135538,-4.8326993742774125,0.29401961794518877,-130.92654142519405
343.0,-1.6310444545574052,0.011069414856941932,-1.5705548527883972,-5.02427951489639,-4.8511173198888695,0.29265780402499647,-131.31763240949056
344.0,-1.6272361450272312,0.011083216121409155,-1.570543578359972,-5.042993455306259,-4.861601869125743,0.29290536392933325,-131.70571040210075
345.0,-1.6255166273560224,0.007045269793808526,-1.5704229788144506,-5.049377771089419,-4.876958613385505,0.30059884334070924,-132.09096077690668
346.0,-1.624268622264231,0.005144376624545392,-1.57059850501334,-5.063095146577641,-4.894392910695333,0.30170016565814933,-132.47370941086118
347.0,-1.623389156790224,0.0036700471029140354,-1.565702731812591,-5.079851702905833,-4.912688032771517,0.3064542140833429,-132.8545174308204
348.0,-1.6249093829577441,0.005870931147084727,-1.5673099145839442,-5.09788866352183,-4.927857179841005,0.31206276394919624,-133.2348635145982
349.0,-1.624484225437361,0.007705319685387278,-1.5683409959773407,-5.113777492259226,-4.940954171607128,0.32540737264992103,-133.61397939057798
350.0,-1.6272862053924035,0.008844804276128946,-1.569094845057836,-5.131369901774134,-4.946174625327351,0.33974352321677426,-133.994273778675
351.0,-1.6272497251270552,0.009661298930464546,-1.569531309261388,-5.149742759969844,-4.958648926039375,0.3466306841025626,-134.3736977474826
352.0,-1.623384154639838,0.010194415910621335,-1.5698201496685518,-5.162731411824914,-4.972847292002456,0.3535714401336203,-134.74975922065872
353.0,-1.6190333241596822,0.010508167864316307,-1.570056691292744,-5.1786492958042025,-4.989775038557115,0.3492392218786511,-135.12180801093444
354.0,-1.6169842807165784,0.01068848823930765,-1.570234244961852,-5.196306229359534,-5.006545666307562,0.35461661887597073,-135.4911274340004
355.0,-1.617034456519904,0.010813051316436352,-1.5703440716495434,-5.214692731575193,-5.024542513605894,0.3517895655195034,-135.85886084803263
356.0,-1.615844389002505,0.01093109617369096,-1.5703834936117131,-5.233383610528688,-5.043065764020252,0.3481302969371967,-136.22436097530903
357.0,-1.6176382605529314,0.010955811141739737,-1.5704466688564698,-5.242889403872639,-5.0618158563850395,0.35778380480506,-136.5890665412627
358.0,-1.622682183992689,0.01098465659391702,-1.5704962355315122,-5.257841683378881,-5.080653330219278,0.3728635922221419,-136.95495800812856
359.0,-1.6293822458734708,0.011022114720938177,-1.5705062496329185,-5.2751182006169275,-5.099283267757647,0.37884080672123843,-137.32312800163103
360.0,-1.6336650324993294,0.011087719025631035,-1.570472032047369,-5.292115763850203,-5.1180634776845535,0.37815038900483744,-137.69230056771332
361.0,-1.6344508796989068,0.011132011383169695,-1.5704413741678955,-5.302691623138752,-5.131745650118056,0.3755666157052193,-138.06084222556328
362.0,-1.635111149327654,0.011132536427513386,-1.5704649557329924,-5.318048062929476,-5.146239269077164,0.3853142956726524,-138.42856087671794
363.0,-1.6377104242108749,0.011108251748669175,-1.5704844941662668,-5.3276372505974825,-5.1622899775629065,0.3991655530332288,-138.79631988927014
364.0,-1.6438774612186096,0.011089219731827731,-1.5705175978450954,-5.342600877025013,-5.179997421135558,0.4115966566143902,-139.16608110746577
365.0,-1.6511725164791615,0.011104276903129321,-1.5705049586736322,-5.358251517410178,-5.194439107014729,0.4184126273969835,-139.5389306140406
366.0,-1.6533635449072173,0.011169867938309222,-1.5704346170911674,-5.366491140990843,-5.211423207028714,0.41733297941515035,-139.91176033083985
367.0,-1.6564751383658776,0.011152346333876514,-1.5704686120095412,-5.3809123238403895,-5.226861165340363,0.4204991332600171,-140.2850748223629
368.0,-1.6636527930064056,0.011105053009043148,-1.570497205844246,-5.3880772060384645,-5.2442863294551625,0.4169821782923784,-140.66091660957625
369.0,-1.6711170718102646,0.011135976456084874,-1.5704841826584823,-5.402087612070594,-5.255561110514642,0.41668837557590765,-141.0402727748335
370.0,-1.67857096549246,0.011148472028613117,-1.5704713530604726,-5.41688072779541,-5.264856541878369,0.4054383069921912,-141.4233499805954
371.0,-1.6894462924168197,0.010226273524822851,-1.5704548291422846,-5.426132614174636,-5.275658285808502,0.39827191645120563,-141.81176411988616
372.0,-1.6918727575236405,0.010475898301286894,-1.5704129967516574,-5.440984107196193,-5.291130398353653,0.39650236834176056,-142.20072288853075
373.0,-1.6912380223679075,0.010738419331253215,-1.5704058769726377,-5.45586918791678,-5.302666862398086,0.39289978703723677,-142.58851910774302
374.0,-1.693907643405968,0.010855152122664144,-1.5704537313744855,-5.472967535614077,-5.313348263386958,0.40082251006087244,-142.97702681031535
375.0,-1.6908658365210547,0.011037498429187182,-1.5703840663673958,-5.491135909842039,-5.32194269561163,0.4053677616008991,-143.36347309030813
376.0,-1.6902591449996078,0.011048587990771932,-1.5704353703882077,-5.508212594339427,-5.336512163005423,0.41310277803489664,-143.74837009693087
377.0,-1.6905724668012434,0.011080232532990453,-1.5704360716549388,-5.52016337972858,-5.3536197433564,0.41344651164907426,-144.13205474789558
378.0,-1.690893911471456,0.011111958860353148,-1.570434326289229,-5.528873167824938,-5.364328226977504,0.40981297656388527,-144.51506027861572
379.0,-1.6944474230793942,0.011112997179611757,-1.5704678615422711,-5.543467039729831,-5.379622487478721,0.40838110475147416,-144.8988715754639
380.0,-1.6987608254693767,0.011142036731349371,-1.5704550242160562,-5.560597621589306,-5.3908342336112565,0.4062631795440229,-145.28444276359562
381.0,-1.7037222784377342,0.011156323139750438,-1.570446822037331,-5.578766874793602,-5.406452714543045,0.40743235714935033,-145.67178644911823
382.0,-1.703071209537712,0.011235674796031563,-1.570376567429351,-5.597369579840314,-5.423991055588969,0.39868143985422644,-146.05768089558472
383.0,-1.702085031008724,0.011218501183212787,-1.5703952711699203,-5.616130406638572,-5.441967100346336,0.38687184552987547,-146.44165972399608
384.0,-1.7022522358771839,0.011198170747307033,-1.5704116617444515,-5.634040738233027,-5.455795717878984,0.38500765522617725,-146.82473845033348
385.0,-1.704027719792996,0.011184609085882691,-1.5704246299583566,-5.652508468913943,-5.47252049171989,0.37630122094531376,-147.20762842830817
386.0,-1.7034576209393155,0.011214974728976423,-1.570390152168639,-5.668258504236623,-5.490518055134566,0.3692136771440765,-147.58896199285618
387.0,-1.702960406019631,0.011202984928047676,-1.5703998110670785,-5.681522817980472,-5.509049279632951,0.37748179685348765,-147.96859127887413
388.0,-1.7037083580544525,0.01119124547307439,-1.570413110078082,-5.693753319856751,-5.524200583474358,0.38486988476258793,-148.34749588104577
389.0,-1.7085503551002093,0.011166466602675276,-1.5704480639738854,-5.709819604202234,-5.5336700223387805,0.3948863448210925,-148.72850660457215
390.0,-1.7118737535732556,0.011211541611415644,-1.5704048099929317,-5.72708221385142,-5.548596245159509,0.4100426658893552,-149.11056249885138
391.0,-1.7101970841524468,0.011270380852312231,-1.5703503585251903,-5.744660434834022,-5.5658535124879895,0.4232183627521042,-149.49065067734014
392.0,-1.707777605219284,0.011258243812737632,-1.570364002089132,-5.7629945200151464,-5.578417059460798,0.4364989447173789,-149.86855841908059
393.0,-1.7101517943866726,0.011186893845364343,-1.5704224006194536,-5.780229414775821,-5.594605790655078,0.4444344729893582,-150.24661935326836
394.0,-1.7141438671525864,0.011187113501699196,-1.5704170869792542,-5.796342831606317,-5.60965778639401,0.442264284547327,-150.62599367195014
395.0,-1.7156966163971383,0.011237684507688556,-1.5703761230213231,-5.814055124162307,-5.624227676867197,0.44615244465868453,-151.00546547222285
396.0,-1.7170190862649477,0.011231255214218487,-1.5703787479611508,-5.830670126743812,-5.64129499161797,0.4522991402100213,-151.38460386082656
397.0,-1.719236388981865,0.011227747427944013,-1.5703865871622684,-5.848591339305994,-5.652025324425598,0.45490139868497004,-151.7644044043089
398.0,-1.7188297552026746,0.011265821662594733,-1.5703521223606303,-5.867084675002522,-5.656564585632831,0.4556589098065659,-152.1439789835855
399.0,-1.7200524738466914,0.011231419818285708,-1.5703809871027885,-5.885777663349324,-5.669533068504797,0.45476779749272295,-152.52348307322475
400.0,-1.723811730650229,0.011207318029703752,-1.570399887336,-5.904587713663879,-5.6859838982554916,0.45981599725226047,-152.90410975804943
401.0,-1.729274926680518,0.011205888900324246,-1.5704008023689984,-5.923448101332655,-5.695603952841532,0.47137809164859745,-153.28736624260168
402.0,-1.731374781810702,0.011261248066959915,-1.5703479187164051,-5.942335736292996,-5.710600858770614,0.4751402281652191,-153.67113523700746
403.0,-1.7290618309060608,0.011303307607514702,-1.5703112149700156,-5.961227973080017,-5.725562316172349,0.47706273621212547,-154.05288483927578
404.0,-1.7234310412124865,0.011317185651999014,-1.570299182221953,-5.9801226144586455,-5.742797040679196,0.4886345081268333,-154.43053293854877
405.0,-1.7166391532754386,0.011273963186293038,-1.5703187523537028,-5.989875496851971,-5.748982415734737,0.5012275826015942,-154.80398721000145
406.0,-1.7100740940556496,0.011280994613633301,-1.5703349188360216,-6.0049226364650075,-5.762638875098363,0.5174643666884519,-155.17295149825304
407.0,-1.7092395044956081,0.011208821294355308,-1.5704068788213756,-6.02223490938409,-5.779376429171903,0.5303515633803563,-155.54034100482374
408.0,-1.7091388748843463,0.011224504579105293,-1.5703893295342466,-6.040211161255521,-5.7973797130640685,0.5372171489156159,-155.90673555687655
409.0,-1.7146289648894604,0.01116926988725562,-1.5704390764155098,-6.058716661782392,-5.815912691639193,0.5384435728779536,-156.2751036134655
410.0,-1.7204259878694979,0.011184971190985224,-1.570399871058103,-6.077455164236267,-5.834657629688968,0.5460939321638426,-156.64586245661042
411.0,-1.7268500560658526,0.011171361902367418,-1.5703967140691446,-6.088899326635274,-5.850500370259888,0.5461134858794883,-157.01941677426305
412.0,-1.7368739972156029,0.011184901304220967,-1.5704096824420368,-6.10461257956711,-5.861707167451816,0.5391188192588842,-157.39806963195724
413.0,-1.7475178850905084,0.01122257477247138,-1.5703800096871812,-6.122202369728683,-5.87732496190275,0.5397008066481616,-157.7820912906977
414.0,-1.75989171587108,0.011226909240363445,-1.570377209985155,-6.140557716584316,-5.893284264501586,0.5369784698321205,-158.17240134652178
415.0,-1.7655319901174766,0.011329318204924818,-1.5702834180635583,-6.159232846342881,-5.9109391133428915,0.5415929653924397,-158.5654148191281
416.0,-1.7674774828056725,0.011342088362745376,-1.5702758753729595,-6.177920125090169,-5.923410233613967,0.5408052954742797,-158.9591431629546
417.0,-1.77388799210237,0.011253540171080236,-1.5703545735897018,-6.196725631431862,-5.939555250781476,0.5446167321006795,-159.3556969910057
418.0,-1.7779690213344885,0.011291832781936394,-1.5703162445627827,-6.2155860995748675,-5.957313783866632,0.5434489260886778,-159.75398983236323
419.0,-1.7820697145158615,0.011275312658174127,-1.5703329494605895,-6.234468840992096,-5.97574403664513,0.5487853413913213,-160.15388918976413
420.0,-1.7817926347011315,0.011325380581162892,-1.5702880604320606,-6.253360987653861,-5.991459146591723,0.5397690784769567,-160.55324597258814
421.0,-1.7798317385755296,0.01130632121389704,-1.570302580038537,-6.270648465690864,-6.0089932163594275,0.5346092832287925,-160.9509093014224
422.0,-1.7789655245891323,0.011231440429128102,-1.5703484216165737,-6.277783562344919,-6.01944048405225,0.5376046447768276,-161.34764035570072
423.0,-1.775100462091699,0.011265646772996829,-1.5703194742293192,-6.280701673256084,-6.030132699733025,0.5432807767601443,-161.74187651286775
424.0,-1.7694385044939958,0.01128218872580574,-1.5703180878486305,-6.281895500375477,-6.036802848852991,0.5441321795954742,-162.13267521604905
425.0,-1.762960216639235,0.011287010770529736,-1.5703240086274717,-6.282384814443405,-6.045064847635417,0.5439302416407349,-162.51949123761747
426.0,-1.762862505022698,0.011199574711405168,-1.5704108190382917,-6.282587405531729,-6.0594764878735505,0.5367333591119915,-162.90545487238703
427.0,-1.7692311838270287,0.011157646102363788,-1.5704513157748294,-6.282670136035847,-6.075576719218016,0.5337967451901268,-163.29423808403018
428.0,-1.7771135011182566,0.011197974679817244,-1.5704185405791455,-6.282701993967454,-6.086277423530522,0.528026111660578,-163.68709593658068
429.0,-1.7822446475609166,0.011265693236116293,-1.5703588398763073,-6.282714210091116,-6.101699833262796,0.5161001401598894,-164.08245936620528
430.0,-1.7867806377372384,0.011282231555418411,-1.5703505116473433,-6.282719239130344,-6.106257252057085,0.5153065515053478,-164.48024827768913
431.0,-1.7904508239065027,0.01129331670366764,-1.5703391337603887,-6.282722564611525,-6.115034970190248,0.515657991329702,-164.87988236096692
432.0,-1.7980304520232,0.011240266460863556,-1.5703858310115986,-6.281898125001054,-6.122140897023139,0.5126165149225895,-165.28345808165338
433.0,-1.8094896621691372,0.011223823561287951,-1.570399945679608,-6.282398770372302,-6.1361024256456,0.5029907532370095,-165.69306016102084
434.0,-1.8235624818374332,0.011227791647754285,-1.5703923864960943,-6.2825921935256535,-6.152962252231055,0.49962046052350556,-166.11017275166293
435.0,-1.8393316567994364,0.011245993070695032,-1.5703741950129877,-6.282670782858964,-6.171019783126332,0.4906488793941214,-166.5358075395202
436.0,-1.847944532967986,0.011366218802657998,-1.570269334970518,-6.282699577604804,-6.178546251048866,0.48569873867599456,-166.96647147055617
437.0,-1.85557307976123,0.011343059510821518,-1.5702926059489881,-6.28271459048989,-6.188688135090379,0.47498129546468715,-167.40126011657674
438.0,-1.8625470641632542,0.011326176798737226,-1.5703012487696815,-6.281044676541088,-6.203900870547078,0.4595464038773274,-167.83973010590506
439.0,-1.8688291313156626,0.011332961076439241,-1.5703038682379316,-6.282058579355797,-6.221278023238572,0.4526970584761234,-168.2814939505751
440.0,-1.8785999681600367,0.011275910434251909,-1.5703535133468796,-6.282452838087783,-6.23546747753911,0.4387935503265009,-168.72847379462237
441.0,-1.883276189660359,0.011349543554184246,-1.5702835292388768,-6.28261187782222,-6.252350980781271,0.4299239888232686,-169.17809208884398
442.0,-1.8885046315580072,0.011315623457870278,-1.570319465080464,-6.28267816539664,-6.2633516853971605,0.42560589578160357,-169.63048681390345
443.0,-1.889254705872812,0.011363089777229862,-1.5702748658723367,-6.28270433787983,-6.275107132616404,0.41516640765237617,-170.08333948150474
444.0,-1.8937819449036106,0.011284367244052795,-1.5703505913538338,-6.2827168369116135,-6.279896664120782,0.40229412527757075,-170.53854634566724
445.0,-1.900874930751102,0.01126256609344239,-1.5703672977050256,-6.282722444201077,-6.281664494447432,0.3887641719434873,-170.99773426893148
446.0,-1.907395877519969,0.011283439891575568,-1.5703471604650812,-6.282724202506343,-6.282143592161411,0.39435365098872815,-171.4606932828163
447.0,-1.9074946394190364,0.011363583336170774,-1.5702747136632822,-6.282723187481268,-6.282793142571339,0.39332416551899463,-171.92394352163058
448.0,-1.9119051396813698,0.01127265074241708,-1.5703602291580654,-6.282725658636952,-6.283052351223448,0.3982036533473986,-172.38950388347055
449.0,-1.9153534924170244,0.01129708160600377,-1.5703345312756747,-6.282725272021754,-6.283158898193239,0.39134717082477655,-172.85711400289364
450.0,-1.913774313296005,0.011352224966636628,-1.5702856248771593,-6.282724016704226,-6.283199727615674,0.3869853211111418,-173.32399804541032
451.0,-1.9121990502805928,0.01131997557757735,-1.5703175017382585,-6.282724684147117,-6.283209059390802,0.37451632847797645,-173.78994013344132
452.0,-1.9102652214493911,0.011311159550276869,-1.5703247637486804,-6.2827249584732625,-6.283212420597173,0.36885817210345306,-174.25478847790615
453.0,-1.9094045199247403,0.011285630080041659,-1.5703483891313297,-6.282725374418092,-6.283213549881777,0.36760367231240565,-174.71909522081785
454.0,-1.9078722147931981,0.0112936352574691,-1.5703406688624673,-6.282724985526483,-6.283214089951561,0.3611174046252444,-175.1825562073616
455.0,-1.9052660069281646,0.011300997914221159,-1.5703347362330076,-6.282724782318356,-6.283214283052861,0.35940593007493365,-175.64455664136207
456.0,-1.9045074476633241,0.01126890177436489,-1.5703646803371631,-6.282725375312218,-6.283214178908619,0.35693124148749683,-176.10604253618274
457.0,-1.9053517336361407,0.01125565632917123,-1.5703757258385398,-6.2827256871499015,-6.28321419598834,0.35726459341850236,-176.5679653724442
458.0,-1.911702255885134,0.011199564774803928,-1.570425759729441,-6.282726981039548,-6.283213972173905,0.3661380228270182,-177.03332896389426
459.0,-1.921739401344296,0.011196720535996081,-1.5704249949038562,-6.2827270924824985,-6.283214068529499,0.3655841346217574,-177.50434789231406
460.0,-1.9293318020281438,0.011267877465762539,-1.5703596260835537,-6.282725599579178,-6.28321444700886,0.3645680870581806,-177.97983867996666
461.0,-1.9376215068913625,0.011265674282892008,-1.5703630639460706,-6.282725844801966,-6.283214325737234,0.3530548382036828,-178.4600310316966
462.0,-1.9398507973150056,0.011351736726011964,-1.5702843393493582,-6.2827241609661275,-6.28321472502147,0.3450090029547665,-178.94174393107554
463.0,-1.9393841324314178,0.011351916094940498,-1.5702873041870102,-6.282724217898361,-6.283214565213636,0.3306624580050868,-179.4232448727341
464.0,-1.940569553733373,0.01130353155675718,-1.5703314666328814,-6.282725399505829,-6.28321429254719,0.3182980998109969,-179.90534150202808
465.0,-1.9437032023705483,0.011274284198823517,-1.5703565668500372,-6.28272603344123,-6.2832142229082075,0.31045762035973024,-180.38916531870723
466.0,-1.9478120462832933,0.011268118681536632,-1.5703613580558795,-6.282726080851363,-6.283214259334374,0.31090553575067587,-180.8753122751953
467.0,-1.948534476202554,0.011317027163666815,-1.5703169924601215,-6.282724743816903,-6.283214523305294,0.30955004686772,-181.36200959712468
468.0,-1.942992969757695,0.011378639580842353,-1.5702627470010337,-6.282723384822592,-6.283214723976846,0.31372514647370003,-181.84575409470696
469.0,-1.9388027902197718,0.011319106779513496,-1.570320101641671,-6.282724475968586,-6.283214304198982,0.3090967488104613,-182.32700116076902
470.0,-1.9386504513262492,0.011257343976582204,-1.570374806389499,-6.282725972340976,-6.283214087810117,0.3113514166152931,-182.80801583532315
471.0,-1.9426762195621006,0.01121903535308393,-1.5704076801304803,-6.282726659313233,-6.2832140334461455,0.32331408495378655,-183.2911981845155
472.0,-1.9420275974806516,0.009845014412765765,-1.5702603302203262,-6.28271065280743,-6.283213972187417,0.32786516185681236,-183.77404107168888
473.0,-1.9412662864959356,0.010011822901788139,-1.5703962451382854,-6.2827398200151885,-6.283214791313435,0.3221212767112316,-184.25639896838638
474.0,-1.9428651117636737,0.01042584313329427,-1.5704012456866545,-6.282729760160154,-6.283214294174273,0.32126728360280943,-184.73965357392217
475.0,-1.9401056679417623,0.010787245837800342,-1.5703251570718517,-6.2827241491175725,-6.2832145326709465,0.31878574152274747,-185.22156196306307
476.0,-1.9371672790435186,0.010957819503205435,-1.5703382159539925,-6.282723392730204,-6.283214301686088,0.3122493795100786,-185.70178949703254
477.0,-1.9330659310346925,0.011087760277528488,-1.5703271738869158,-6.28272333975063,-6.28321434908808,0.30836977628868995,-186.17973546716465
478.0,-1.9245014812464791,0.011212251595503323,-1.5702843585872384,-6.282722613742842,-6.283214541570092,0.30927776250578,-186.65295103646366
479.0,-1.9213714899238132,0.011162425918598435,-1.5703785357325883,-6.282724906661311,-6.283213988198263,0.31528313640336186,-187.12413502066335
480.0,-1.9224764285377425,0.011159423508498884,-1.5704076559077882,-6.282725895048266,-6.283214003243881,0.3238918845173296,-187.59583648788117
481.0,-1.9215261436254425,0.011232835193020223,-1.5703592830164665,-6.282724597879222,-6.283214364422643,0.32281502261267797,-188.0671032364657
482.0,-1.9232120309857375,0.011213356825259216,-1.5703916154117312,-6.282725432584571,-6.283214147402746,0.31850139512572984,-188.53921957642527
483.0,-1.9225391289482523,0.011271550281420033,-1.5703453480531622,-6.282724590839255,-6.283214437235191,0.309534138700478,-189.0110678762974
484.0,-1.9221126474536507,0.011267459812623214,-1.570356195062178,-6.282725009312161,-6.2832143110207,0.31143400235110114,-189.48264311854837
485.0,-1.9213510243089031,0.011277262312143668,-1.570350168363145,-6.282724945858226,-6.283214344182245,0.31509839755393526,-189.9538007726241
486.0,-1.9224553908411317,0.011254327040275382,-1.5703734506816365,-6.282725502713979,-6.283214212220248,0.32762349420177184,-190.4255158993409
487.0,-1.9278680780472988,0.011214351598787548,-1.5704097757823252,-6.282726433556764,-6.28321405997759,0.33033397663950126,-190.90018062710146
488.0,-1.9352064451765985,0.011223778954530217,-1.57039980562199,-6.282726391049633,-6.283214183121656,0.32901625247585353,-191.3790061822763
489.0,-1.9401409220050037,0.011279685160977687,-1.5703494605089185,-6.2827252219394945,-6.283214457875073,0.3187442276537509,-191.86076336873634
490.0,-1.9437754336961246,0.011294771987225612,-1.5703376069581616,-6.282725131710734,-6.283214436716727,0.3177957234690383,-192.3446329183972
491.0,-1.9434128039339438,0.011339482169175779,-1.5702973973248753,-6.282724230089786,-6.283214603585614,0.31814327648724644,-192.82844294814157
492.0,-1.94730554606345,0.011260626762045749,-1.570370788564522,-6.282726041581485,-6.2832141302500935,0.3280926776729784,-193.31428200786158
493.0,-1.9495275439701305,0.011296893490194188,-1.5703349777540536,-6.282725181721868,-6.2832144252774516,0.32995894592567226,-193.80149118782114
494.0,-1.9535235562260915,0.011266721189520055,-1.570363916340164,-6.282725779062303,-6.283214237534856,0.3312884250950774,-194.2908967115749
495.0,-1.9584734418228946,0.011253184027726985,-1.5703673765682706,-6.279663361248181,-6.283210487799407,0.33980485416112205,-194.78307549552025
496.0,-1.9593402908512554,0.011337127326993738,-1.5703070321292538,-6.281510850817552,-6.283212170263152,0.3360362083968496,-195.27593676172805
497.0,-1.9610053102787115,0.011296662588782994,-1.570340001413745,-6.282228709346167,-6.283213531827412,0.33712496021625643,-195.769691030755
498.0,-1.9592176389151186,0.011334384813186733,-1.570302364119711,-6.2825212108391115,-6.283214301628386,0.32641602116846147,-196.26256989449314
499.0,-1.9557842133820929,0.011329538455220138,-1.5703081960321463,-6.282641348735351,-6.28321437473854,0.32946134337788435,-196.75352192654688
500.0,-1.9551143517196834,0.011275243652310278,-1.5703580809072888,-6.282691433752572,-6.283214162078994,0.3258816430402965,-197.2439722266519
501.0,-1.9527891727253908,0.01130154570688078,-1.5703326753758076,-6.282710995979766,-6.283214392970964,0.33065246998172637,-197.7331784823868
502.0,-1.9504177031254062,0.011291293951122702,-1.57034374169073,-6.282719183019729,-6.283214318445674,0.3345727188596006,-198.22101456597073
503.0,-1.9509938896783334,0.011250742259294212,-1.5703807233959446,-6.282723325529721,-6.283214144586482,0.3310256949780495,-198.70906659070795
504.0,-1.9487336653141838,0.01129832810777353,-1.5703344308854268,-6.282041817754039,-6.283214483194878,0.33159879560181116,-199.19595172974255
505.0,-1.9495419735050368,0.011253446944949456,-1.5703810496607868,-6.282454990690783,-6.283214094670563,0.3241261577141278,-199.68316058751648
506.0,-1.9498709599292618,0.011273324946967186,-1.5703596040043517,-6.282614554903366,-6.283214333120226,0.3120316511755148,-200.17060510606566
507.0,-1.9498873002507127,0.011277775382985952,-1.570355921296692,-6.28267984429786,-6.283214341001892,0.3029239667100584,-200.65806510995415
508.0,-1.949245598566176,0.011286582310916045,-1.5703478511683444,-6.28270651528124,-6.2832143686992445,0.30098222339825903,-201.14518366622752
509.0,-1.9460414990136339,0.011315686473067148,-1.5703215984914398,-6.282716733970991,-6.283214481476949,0.2952272531411802,-201.63056518944003
510.0,-1.9428561933647044,0.011299269104068527,-1.5703378450240104,-6.282721671493049,-6.283214337275178,0.2984502069668603,-202.1141044407952
511.0,-1.9370670931486993,0.011326381159561496,-1.5703125398938156,-6.2827228678019935,-6.283214472115254,0.3026924239660767,-202.59443406132704
512.0,-1.928207918925805,0.01134704777004705,-1.570294802528237,-6.28272311116633,-6.283214501236372,0.3090191489609749,-203.06978939463315
513.0,-1.9230384563303005,0.011239836842521767,-1.5695313769649604,-6.282726759478469,-6.283213834617458,0.3046014684555648,-203.54215561024225
514.0,-1.9198317638339393,0.011283456870030352,-1.5697869205846935,-6.2827232652720015,-6.283214480465178,0.3050262774172518,-204.01261218932316
515.0,-1.9196465592240777,0.011243215308217955,-1.5700096607087266,-6.282725282480636,-6.2832141506032295,0.3087934041839102,-204.482817664089
516.0,-1.9174075804144934,0.011283635464704421,-1.5700960994311253,-6.2827247537650335,-6.28321437765953,0.3213853788992613,-204.95181808803466
517.0,-1.9143062119855392,0.011288065854278825,-1.5701774144548002,-6.2827246189031385,-6.283214333006468,0.3376644171236692,-205.41904098461706
518.0,-1.9151382508365875,0.011234290705535296,-1.5702827195533111,-6.282725785783592,-6.283214066987062,0.3416620587856066,-205.8865749447298
519.0,-1.9122312503722445,0.011302812715187094,-1.5702558013011456,-6.282724362912264,-6.2832144888235995,0.3386465907287725,-206.35261103646133
520.0,-1.9062686794865058,0.010912221694633557,-1.57024209834061,-6.282719984473877,-6.2832143272831535,0.3439375605687449,-206.81526310823068
521.0,-1.9039256996572573,0.010898114963983647,-1.5703539465543386,-6.282729578179617,-6.283214297074987,0.33681059573372707,-207.2764048535212
522.0,-1.9054379021091579,0.010988372801506378,-1.5703893853118458,-6.2827274654298995,-6.283214100772822,0.3395765868718674,-207.73830979005237
523.0,-1.9077611757645525,0.011086789231613811,-1.5703781197413114,-6.282725843195229,-6.283214216108383,0.3502602263391761,-208.20155274827928
524.0,-1.9142591861738216,0.011106564356706464,-1.5704119521819764,-6.282726234272235,-6.283214042007773,0.3446089539669093,-208.6683734777886
525.0,-1.9196818039371095,0.011191348525441826,-1.5703669035614813,-6.2827253079155385,-6.283214348277289,0.33610691845301327,-209.1383837672096
526.0,-1.9233437464451615,0.011204296313305192,-1.5693621626869818,-6.282727250212138,-6.283214109706521,0.3438095161149559,-209.61071688342145
527.0,-1.929790786966078,0.011254810388760151,-1.5696812171961692,-6.282723382275455,-6.283214580197526,0.3433020646557221,-210.08660007250708
528.0,-1.9389006992927464,0.011237941242134626,-1.5699229413001807,-6.282725776466173,-6.283214256412002,0.3412462477139387,-210.5675752818343
529.0,-1.9475658450145883,0.011265637303275825,-1.5700493079719264,-6.282726004628846,-6.28321434601832,0.3462966978297499,-211.05351482834757
530.0,-1.951051731287567,0.01133636157955524,-1.570088590674689,-6.282724513784917,-6.2832146353928495,0.34793218235503093,-211.5416244870988
531.0,-1.9554035220946115,0.011300928408519206,-1.5701931339035067,-6.282725153680442,-6.278676581508158,0.35067260783116294,-212.0321818792412
532.0,-1.953102465220183,0.011376707900102838,-1.5701666647482846,-6.282724407551686,-6.281435989830221,0.3513298511471718,-212.52165508905247
533.0,-1.947336186367101,0.011376975924795503,-1.5702018696244207,-6.282723586823252,-6.2824946561986446,0.35002253647753495,-213.00789178888675
534.0,-1.944337920584247,0.011304447327455915,-1.5702901208788234,-6.282725013314982,-6.282929936743868,0.34133356905171347,-213.49227208921175
535.0,-1.9482322997697237,0.011214101831546202,-1.5703843369599781,-6.282727026151086,-6.2831085217833795,0.33704350834063307,-213.97862532343225
536.0,-1.9517840015471035,0.01125247335416253,-1.5703559602087682,-6.282725996492357,-6.283181960522038,0.3333765994442166,-214.46706881969627
537.0,-1.9546534564423088,0.011267990204783331,-1.5703482778336981,-6.282106052282649,-6.283203869384032,0.3211999985869353,-214.95716364829084
538.0,-1.9533242654488772,0.011329342769214002,-1.5703004485060372,-6.282478855267172,-6.283210695749514,0.3050868977326793,-215.44666418452633
539.0,-1.9468624392054719,0.011370493211052409,-1.5702664105967872,-6.2826231056548325,-6.283213257911552,0.3075080207836344,-215.9326389917156
540.0,-1.9442749949476725,0.011283093405043836,-1.5703498763262183,-6.282684153251542,-6.283213637361279,0.30712389102055293,-216.4169451810013
541.0,-1.937465612492535,0.011342181527468732,-1.5702939484182317,-6.282707214997347,-6.283214361853723,0.31665876840621277,-216.89755074282925
542.0,-1.9308687225061323,0.011311514139156225,-1.5703259449661415,-6.282717465993713,-6.2832142394947255,0.32873860247535275,-217.37433260257492
543.0,-1.925363401863875,0.011239777606855624,-1.5691632867370804,-6.2827247508243325,-6.283213826647654,0.3331527786398509,-217.84812140547396
544.0,-1.924415964862052,0.011266825282148032,-1.569562405376128,-6.282721748531161,-6.2832144689872385,0.33271166006136776,-218.32116148456765
545.0,-1.9210567681262718,0.011304436069561193,-1.5697914391631556,-6.282723343775515,-6.283214489018569,0.3284212757482513,-218.792348824818
546.0,-1.9201059323428058,0.011257411020893001,-1.5700138352574926,-6.2827252219153475,-6.28321414400145,0.32945186526673526,-219.26284065646038
547.0,-1.9205444463064072,0.011249846108559862,-1.5701382314030041,-6.282725697276527,-6.28321417426667,0.33229472612362626,-219.73352936932704
548.0,-1.925487852207194,0.011205461813173775,-1.570258018434006,-6.282726730620243,-6.28321399595299,0.3352736280409208,-220.20687015508952
549.0,-1.9337435154279625,0.011200648785618973,-1.5703133578515744,-6.282727017689218,-6.283214066446575,0.34326531799436955,-220.68483769535288
550.0,-1.9411689266741194,0.01119742583725212,-1.5690793438191757,-6.282728904198012,-6.283213935117989,0.3461728566041183,-221.16731588778387
551.0,-1.9512613009732613,0.011270352491731974,-1.5694757394700434,-6.2827234604163005,-6.283214663150122,0.34464680747948734,-221.6554197945088
552.0,-1.9588965277958148,0.011311626329091216,-1.5697275985189307,-6.282724610858283,-6.283214583436918,0.3329575458207156,-222.1479455009106
553.0,-1.958478340166619,0.011395639980889738,-1.5698473436914144,-6.282723513329498,-6.283214833332269,0.338074713429218,-222.64048276880928
554.0,-1.955895236821307,0.011368771304291753,-1.570005919516467,-6.282724094281827,-6.283214514628902,0.3356980618100653,-223.13153861032143
555.0,-1.951378356185299,0.011351581169223886,-1.5701044110885056,-6.2809239977740345,-6.283213049670011,0.3382180787197828,-223.62003502216834
556.0,-1.9496541422562326,0.011299258889081305,-1.570221223394982,-6.282012079573828,-6.283213473102973,0.33713669231024723,-224.10741851867414
557.0,-1.9442052454773104,0.011340262340737085,-1.5702179646270096,-6.282432517718495,-6.283214301883304,0.34117555747718303,-224.5918462326856
558.0,-1.9454059869673044,0.011227728640458071,-1.5703486940811935,-6.282606982551504,-6.283213872223861,0.33164329423802863,-225.0766642750414
559.0,-1.9481529328345544,0.01123720310987195,-1.5703536308901134,-6.282677451573743,-6.283214159897441,0.33192120739829933,-225.56304499356392
560.0,-1.9485346678287994,0.011282863329116733,-1.570324785474246,-6.28270498113555,-6.283214418075555,0.3243110238864084,-226.04974002831153
561.0,-1.9453901786487204,0.011322912598770767,-1.570298052729815,-6.282716023404822,-6.283214535375321,0.3258830146343008,-226.5347563764548
562.0,-1.9476093486703359,0.011236325372477618,-1.5703839056847166,-6.2827227017989165,-6.2832140383139965,0.31891196355020074,-227.02080732709823
563.0,-1.94435008714188,0.011164451069449573,-1.5702917548791178,-6.282721301371993,-6.283214547874079,0.3230188573463324,-227.50523020607557
564.0,-1.9417286065875803,0.011150303221865292,-1.5703432133088095,-6.282725850448237,-6.283214374596892,0.32446564800446565,-227.98807831033022
565.0,-1.93480376453544,0.0112531805666435,-1.5702927892222829,-6.282723913836405,-6.28321459451668,0.32370904544898277,-228.4671495944119
566.0,-1.9280406954149956,0.011255480884531542,-1.5703231573250487,-6.28272414644307,-6.283214323255213,0.32265820783554033,-228.94231059661877
567.0,-1.9247776828456584,0.011221452958219157,-1.5703731374047383,-6.2827253126660745,-6.283214094519742,0.33059088243446905,-229.41547337614804
568.0,-1.9214838259069862,0.011247255236715522,-1.5703606944730146,-6.282724856698197,-6.283214265549003,0.3226910986984726,-229.88677666464469
569.0,-1.9171494391066857,0.0112713157064773,-1.5703478009881622,-6.282724509514665,-6.2832143390102,0.3179370802504488,-230.3556346477831
570.0,-1.913675372766333,0.011262318216321057,-1.570362181291198,-6.28272492023956,-6.283214246810327,0.3211122892537225,-230.8224621669197
571.0,-1.9091761665933937,0.011283195018897263,-1.5703461268014653,-6.2827244976490535,-6.283214351816276,0.32179045858229,-231.28675796720114
572.0,-1.9050617442697952,0.010536040101119994,-1.5703218355024675,-6.282717701079441,-6.2832139856472216,0.3232344495290316,-231.74858839546562
573.0,-1.9068438499791085,0.010556331713302386,-1.5704483874368629,-6.282734077784211,-6.2832142673682245,0.33106483443333184,-232.211209638437
574.0,-1.9109346270068797,0.010790010608029183,-1.5704272221249578,-6.282728367345873,-6.2832142091778245,0.34207593541487347,-232.67616562834584
575.0,-1.9143553932633226,0.01097625385470971,-1.5703867752146352,-6.28272536756544,-6.283214321911719,0.34479240815239853,-233.1431454580148
576.0,-1.9148642555550164,0.011120596781103784,-1.5703404379698571,-6.28272389063339,-6.283214475955831,0.3433189883048462,-233.610540751958
577.0,-1.9149432575941738,0.011179060719373067,-1.570343398228618,-6.282724205217796,-6.2832143599019314,0.34597998736296093,-234.07798695427036
578.0,-1.916598084253898,0.011195592184625616,-1.5703635865968149,-6.282725013061823,-6.283214235990619,0.3536900520005091,-234.546325629174
579.0,-1.9181754517236635,0.011229464846924083,-1.570355010192695,-6.282724926270239,-6.283214316356768,0.3562936763189728,-235.01558658863036
580.0,-1.9248334045875657,0.011186187470830788,-1.570409165335812,-6.282726433995068,-6.2832140228649624,0.35403399113065737,-235.4884668316599
581.0,-1.9303713281605182,0.011244778607154294,-1.570363140373991,-6.282725581344168,-6.283214362951739,0.3514286919186419,-235.9646049378787
582.0,-1.934788631309203,0.01127143049952635,-1.5703467803280606,-6.282725185595933,-6.283214401468475,0.3480707567799134,-236.44330490591975
583.0,-1.936860320027086,0.011304497164406483,-1.5703213024782496,-6.282724707356832,-6.28321449710015,0.34461515520796365,-236.9232767349978
584.0,-1.9387805646143204,0.011295506719984827,-1.5703331627906039,-6.282725040743609,-6.283214377994052,0.3389812642711373,-237.40433550931843
585.0,-1.9418896569686543,0.011276533576178345,-1.5703516784531895,-6.282725680585394,-6.283214282516656,0.3406324950266476,-237.88712657653812
586.0,-1.9411042296600238,0.011328998414303381,-1.57030453697289,-6.2827243956773,-6.28321456258127,0.3383212282152255,-238.36962714391362
587.0,-1.9397460482330071,0.011313051153709524,-1.570322137581222,-6.282724697320945,-6.283214393422771,0.3375221141907959,-238.85134020039405
588.0,-1.9402874249634219,0.011278900423882028,-1.5703542740137113,-6.282725288686254,-6.279797059850446,0.34045003141382296,-239.33332287314866
589.0,-1.937596391454284,0.011320406869827347,-1.5703139999372442,-6.282724947435197,-6.2818778807633135,0.3504881706742092,-239.81388258356787
590.0,-1.9341760238971155,0.011310914017043323,-1.5703257876683225,-6.282724384757217,-6.28267620852521,0.3509956094360072,-240.292476007766
591.0,-1.937139700104621,0.011220473741140677,-1.570408407030572,-6.282726405249827,-6.283004392468442,0.3401534616270563,-240.77251068653095
592.0,-1.9456533993473581,0.011185741504753254,-1.5704359880416687,-6.2827274041858825,-6.283139079610197,0.3295724489130138,-241.257248654722
593.0,-1.9548357954425903,0.011224574765990767,-1.5703987757374445,-6.282726597785735,-6.28319382914485,0.32089316593685957,-241.74724975196946
594.0,-1.964609869392777,0.011244946238623625,-1.5703805143555651,-6.282726374560408,-6.2832072882585965,0.32637811421793717,-242.24281649779167
595.0,-1.9669810042600622,0.011355247690392603,-1.570280714450402,-6.282723953000613,-6.283212234124004,0.33402274985089564,-242.74003301936662
596.0,-1.9689291335829466,0.011324453255074965,-1.5703125185518572,-6.282724580065497,-6.283213509686133,0.3330014816259827,-243.2383190796271
597.0,-1.9648244348120438,0.011386639806801992,-1.5702545041332923,-6.28272348174813,-6.283214397463179,0.3323353763572241,-243.73449927671436
598.0,-1.961612952751124,0.011328831742262093,-1.5703103734834234,-6.282724547327095,-6.283214210610537,0.32632393091758294,-244.22875812252065
599.0,-1.9540173168098849,0.011370497889547831,-1.5702704495967428,-6.282723775866934,-6.283214543694353,0.3343574802843014,-244.7188573164802
600.0,-1.946628657037505,0.011322336951072928,-1.5701048584616435,-6.282724715382589,-6.283214239746126,0.33567617807426886,-245.20472004406517
601.0,-1.942798695741137,0.011276063888638289,-1.570220011636508,-6.28272488447014,-6.283214170393867,0.333642301221194,-245.68824986280242
602.0,-1.9426634265745915,0.011225631341234964,-1.5703046579470683,-6.280392404478982,-6.28321195819449,0.3375641310348738,-246.1715464606862
603.0,-1.9452926704892495,0.011230561807279289,-1.570341758555572,-6.281801456082513,-6.283213107147709,0.33767146105987367,-246.65627689919026
604.0,-1.9466129106396628,0.01126454026846521,-1.5703262353046827,-6.2823469762672195,-6.283214056306442,0.3402801768489439,-247.14183508108687
605.0,-1.949444640336299,0.011247942683586424,-1.5703546618994217,-6.28257083059624,-6.28321415097391,0.3301947322395352,-247.62894368969427
606.0,-1.9531312580591618,0.009812277802706125,-1.570292014569142,-6.282648798759241,-6.283213679726888,0.31518673344738374,-248.1179587570549
607.0,-1.9557236393075919,0.010016898548449537,-1.5703921113283976,-6.282714381360925,-6.283214762655266,0.31146516206320723,-248.60848587240127
608.0,-1.9619156373354898,0.010413312345757285,-1.5704126938113856,-6.282719810119192,-6.283214205314211,0.30702312017810474,-249.1024710378607
609.0,-1.966595987693232,0.010748325932014581,-1.5703590141745056,-6.282721111796856,-6.283214372524198,0.30060963067038304,-249.59926306886413
610.0,-1.971959811120504,0.010928363253711989,-1.5703613700907435,-6.282722882480415,-6.283214252288582,0.2991646685954077,-250.0991043541925
611.0,-1.9742942800957302,0.011094730769693776,-1.5703171240704883,-6.282722881324557,-6.283214481406339,0.29210137317455576,-250.6004225251115
612.0,-1.9699255518688847,0.011241101295320311,-1.570255643854844,-6.282722088339369,-6.283214726733001,0.28547734820649534,-251.09949747536814
613.0,-1.96363815536294,0.01127119317744432,-1.5702769183280165,-6.282723031098818,-6.2832144788545685,0.2939382780571948,-251.59501517703123
614.0,-1.9559523410046484,0.01129218583958695,-1.5702874831278018,-6.282723405068247,-6.283214419595742,0.2921721136925078,-252.08618930851796
615.0,-1.9510332473523873,0.011251668188179178,-1.5703448628126941,-6.282724830148588,-6.283214143583883,0.29763353877669574,-252.57443261461853
616.0,-1.9425708632032488,0.0113122274484264,-1.570300540702658,-6.282723706613112,-6.283214475130736,0.2980242482722307,-253.05799682740215
617.0,-1.936856424879389,0.011261654894012978,-1.570358146856762,-6.28272477877963,-6.283214134166868,0.29709944674328925,-253.53815405323843
618.0,-1.930881380110278,0.01127691082008392,-1.5703479223872001,-6.282724638910144,-6.2832142825509765,0.29822555159137143,-254.0149259580129
619.0,-1.9259083943973985,0.01124401856295998,-1.5698660383236451,-6.282726054863652,-6.283214049157677,0.3073623285666061,-254.48888889810925
620.0,-1.9258734006845253,0.011225291090924678,-1.5700632590132912,-6.282724801570349,-6.283214181409295,0.3159406822968032,-254.9626353062703
621.0,-1.9297308603814882,0.011203272134233954,-1.5701945058060525,-6.282725916341217,-6.280362767768564,0.3221302460635883,-255.4384864405153
622.0,-1.9367709614757918,0.011195586271691833,-1.570273795488651,-6.282726990823288,-6.28210085169562,0.3226413235215939,-255.91824147910168
623.0,-1.9413818635807698,0.011263013746015859,-1.5702629238885848,-6.2827253079164995,-6.2827678345392055,0.32309956023771674,-256.40073870137445
624.0,-1.9459895018400724,0.011267456055163723,-1.5702946942605227,-6.2827253098110605,-6.283042099407877,0.3147892329289839,-256.88584476169075
625.0,-1.953970538242185,0.011234848534846792,-1.5703459430272957,-6.282726478868807,-6.2831546136380645,0.30031079405778677,-257.3753819479698
626.0,-1.9553379933038593,0.011340993632652748,-1.570263245813487,-6.2827243162979265,-6.283198648952326,0.305459731850834,-257.8659809923097
627.0,-1.9548211008854568,0.011334052617132728,-1.5702841680736515,-6.282724154685848,-6.281187966026666,0.2981436975734354,-258.35632217661333
628.0,-1.948783213629795,0.011382740854945655,-1.5702449321116163,-6.282723784103445,-6.282426408290031,0.30115455069227826,-258.84340365869105
629.0,-1.9422706251772406,0.011345919582444314,-1.5702861368508823,-6.282724077315533,-6.2829016457039835,0.30338837730962964,-259.32672647557564
630.0,-1.9334828840294176,0.011353894734636641,-1.570281126636024,-6.282723878079999,-6.283097131695536,0.30993671452199595,-259.80510318840913
631.0,-1.9257667061605461,0.011312835782855094,-1.5703222688814098,-6.282724383721626,-6.283177319761935,0.30830741594589406,-260.27899623627593
632.0,-1.9214743247073824,0.011260424328006955,-1.5703711086326368,-6.282725482554092,-6.283203730526456,0.3132559880791951,-260.7503041419394
633.0,-1.9237495739678503,0.011189529716673996,-1.5704352636438312,-6.282726804932518,-6.283210106053134,0.3135202160019904,-261.2226845111
634.0,-1.927054530950504,0.01121867924866989,-1.570406701164096,-6.282726124537858,-6.283212799792165,0.3129654137542407,-261.6969675514481
635.0,-1.929378409005608,0.011254437675583423,-1.5703754975861304,-6.282725253744976,-6.282837368329399,0.3107845674790566,-262.17262986469444
636.0,-1.92735710265832,0.011317201901208421,-1.5703192058948525,-6.2827241508309255,-6.283077011324205,0.3171204375496788,-262.6472968372478
637.0,-1.9244487996002895,0.011309516910968062,-1.5703285417379749,-6.282724338506893,-6.283169021582744,0.324664661372447,-263.1202998519219
638.0,-1.919866856843513,0.011320166821103789,-1.570318482037706,-6.282724198952823,-6.283201868598952,0.3313340140470314,-263.59073821645285
639.0,-1.9115518409664316,0.011352455242563756,-1.5702893703214216,-6.282723448883346,-6.283209998222266,0.3308051430986102,-264.056540253684
640.0,-1.900941605409102,0.011336259822525374,-1.5702939378949399,-6.278021735717575,-6.2832047851784285,0.3337991751413581,-264.5162617577826
641.0,-1.8904125690325708,0.011348985738811159,-1.5703075372473876,-6.280860769862274,-6.283207853158262,0.33264529555016675,-264.9699561399679
642.0,-1.8877881166741397,0.011218656880783108,-1.570417423598112,-6.281964021092372,-6.283211581709291,0.33494232262111456,-265.42184866268246
643.0,-1.889746985840361,0.011190345984746976,-1.57043563526745,-6.282414883456347,-6.283213190777687,0.3469457466168449,-265.87475236682127
644.0,-1.8933776946736085,0.01120591378524903,-1.570419573053435,-6.282598542580183,-6.283213883855812,0.3509548336131002,-266.3297081040433
645.0,-1.8910929125688802,0.01129306717736831,-1.5699479339707885,-6.282672662904774,-6.283214422706969,0.3570467075082215,-266.78365489364734
646.0,-1.8888592912276463,0.011301317702424228,-1.5700793791007157,-6.282702084501214,-6.283214476231069,0.3571442664044784,-267.2362640725056
647.0,-1.8845769195050337,0.01131998981132195,-1.5701459900751011,-6.282715208615175,-6.283214477907858,0.3670215161850848,-267.6864830310723
648.0,-1.8849547269150584,0.01124290967301332,-1.5702739918063857,-6.282722202400746,-6.283214050519455,0.37340242679762337,-268.13671131613245
649.0,-1.8896559531262491,0.011209756170359755,-1.570338989708448,-6.2827251776512965,-6.283214021452224,0.3748314669616736,-268.5895033565351
650.0,-1.8914423200883554,0.011277320590297714,-1.5703018207203296,-6.282724531832108,-6.283214436197096,0.37780086823434567,-269.0434582207064
651.0,-1.8914980742265208,0.011295502990533552,-1.57030473131483,-6.2827243952228615,-6.283214430293366,0.36886782635914056,-269.4974857177423
652.0,-1.8939861092407597,0.011258487777716365,-1.5703501662713961,-6.282725594418537,-6.283214203548365,0.35574211073332723,-269.9528371006126
653.0,-1.890486769665309,0.011345611711478359,-1.5702768778148364,-6.282723912891032,-6.283214665534866,0.35061872849388753,-270.4064282833364
654.0,-1.8876152216604425,0.011305377079391644,-1.5703223181210169,-6.282724648403168,-6.283214321530482,0.3454378032321646,-270.8582968411779
655.0,-1.8855336934841183,0.011288493486631333,-1.570339762155454,-6.282725165487991,-6.2832142809845655,0.35310526080198096,-271.3089483999301
656.0,-1.8869240038669832,0.011242538592257047,-1.5703836196194711,-6.282725993540825,-6.283214101398377,0.36629535878172687,-271.76026685453786
657.0,-1.8926524091958343,0.011208542937922675,-1.5704140017856465,-6.282726719885248,-6.283214035239763,0.3757062951436659,-272.21473339125885
658.0,-1.8979780212814765,0.011247742628052735,-1.5703777722557304,-6.282725821944803,-6.283214309994931,0.38728363251456754,-272.67230416747066
659.0,-1.907182759976236,0.011215342120431246,-1.570408089348418,-6.282726619298024,-6.283214104128415,0.380877655905271,-273.13500363896816
660.0,-1.9156441907723714,0.011260699214838608,-1.5703652229117337,-6.282725972185301,-6.282811869657674,0.3816635552445725,-273.6026226304794
661.0,-1.9241751104846199,0.011271226394440927,-1.5703564103555707,-6.282725897277587,-6.283066821291339,0.37292527022931354,-274.0751186551689
662.0,-1.9278904862217898,0.011339116001684718,-1.570295030893207,-6.282724504739623,-6.283164847745417,0.3662286844198323,-274.5499316328672
663.0,-1.931464199966853,0.011314978643730305,-1.5703194207968025,-6.282725105822323,-6.283200917333903,0.3556961371789338,-275.0267576795484
664.0,-1.9295988818330072,0.011372583180394262,-1.5702662397005367,-6.282723987223105,-6.283209826655729,0.3519472545504199,-275.5027270928032
665.0,-1.9244741583803406,0.011234215120365234,-1.5702618554414285,-6.282722457549189,-6.283212744332255,0.3418819858933244,-275.97582435689503
666.0,-1.92116968885356,0.011192011135499703,-1.5703284476140376,-6.282726511774342,-6.283213667871954,0.34798814982491355,-276.4469316789984
667.0,-1.9163867393896339,0.011244243618179921,-1.5703160169442434,-6.28272500958251,-6.283214175258551,0.3532769454792733,-276.91537287289873
668.0,-1.9155927208121732,0.011203925804425316,-1.57037856387252,-6.2827257750421905,-6.283213988961592,0.3565523321019795,-277.38319206471925
669.0,-1.9173221814917893,0.011205668603835943,-1.570390733650276,-6.2827259275710645,-6.282967767144679,0.35785300778798895,-277.8519414624602
670.0,-1.9181970804367299,0.011245819462718267,-1.5703640976830422,-6.282725182486886,-6.283128371136979,0.3489014135719511,-278.3212413718693
671.0,-1.9223256853200927,0.01121701372008682,-1.5703978942130945,-6.282726136434415,-6.283190031970924,0.3500735862208251,-278.7927755104515
672.0,-1.9255745444496672,0.009786816331693154,-1.5702959690664064,-6.282711504160622,-6.283205897072905,0.3593328752179746,-279.26606029952615
673.0,-1.924191146560676,0.010034984997027431,-1.5703605788581632,-6.282739233312107,-6.283211569764479,0.3662352505805324,-279.7387081971009
674.0,-1.9225721474746336,0.010465896441711172,-1.570357622388281,-6.282728620698087,-6.283213204054158,0.3730186126814295,-280.21047195426934
675.0,-1.921482042785093,0.010748613086023283,-1.5703564069180656,-6.2827248520753045,-6.283213816959943,0.37232031863403114,-280.68163543626184
676.0,-1.9210576649796665,0.010929314965085805,-1.5703590281948359,-6.282724109589584,-6.2832140556282,0.37565842504416497,-281.1525598779281
677.0,-1.9212053809667995,0.01104745111535523,-1.5703603841304299,-6.282724150850432,-6.283214168646088,0.38195490879092475,-281.62356868674146
678.0,-1.917228970800975,0.011182967597231558,-1.5703079931674595,-6.282723004670558,-6.283214496901753,0.37849904056997974,-282.09247377215456
679.0,-1.9092206962339138,0.011263976605250739,-1.570282634394841,-6.282722733975618,-6.283214544272397,0.37810988106581445,-282.55691865880385
680.0,-1.907536220196653,0.011185748164797053,-1.5703862535399482,-6.282725277188389,-6.2832139555378586,0.37332321360321064,-283.0201286765329
681.0,-1.9128425511599336,0.011142555048714468,-1.5704408810031947,-6.282727078830461,-6.283213845624604,0.3732944303266067,-283.4861638533442
682.0,-1.9225428026502445,0.011150910359836017,-1.5704428132556123,-6.282727258075065,-6.283213977126332,0.37039482773535015,-283.9576400987989
683.0,-1.9337074198755293,0.011193204871285124,-1.5704111762219648,-6.2827267418982595,-6.283214187711726,0.36984382895511214,-284.435489970804
684.0,-1.9427572065765892,0.011260587760646744,-1.5703555659760964,-6.282725592121792,-6.2832144525995774,0.37279248266355736,-284.9186161251238
685.0,-1.9457963643541305,0.011343645463361056,-1.570285341939067,-6.282723916265326,-6.283214733842558,0.3706733665350254,-285.40370061931753
686.0,-1.9456109827900767,0.011354463280732007,-1.5702803815351127,-6.282723945713407,-6.2832146094758965,0.3673308292330117,-285.8887595430308
687.0,-1.9461955628943484,0.0113152858666885,-1.5703179419690196,-6.282725011062173,-6.2832143552723485,0.36498843393417624,-286.3740994398534
688.0,-1.9453691281462724,0.01132206958814235,-1.5703116904196321,-6.282724852660916,-6.283214432516106,0.3638684318246669,-286.8590250129871
689.0,-1.9455784990137668,0.011291868308007926,-1.570340766774412,-6.282725315750375,-6.283214281474241,0.35379948383192217,-287.3440145410294
690.0,-1.9467217947194781,0.011278037836198873,-1.5703531240513773,-6.282725578682685,-6.283214268064845,0.3422463237596504,-287.8296288633813
691.0,-1.944582281383432,0.011321083050655292,-1.5703141261552596,-6.282724610123134,-6.283214504222837,0.34775449568657835,-288.31415190032357
692.0,-1.9409061398611975,0.011319708538753049,-1.5703166850732349,-6.282317898295184,-6.2832144483287,0.3388859125599127,-288.7966003530309
693.0,-1.9433713463711786,0.011230189759911947,-1.5704007969604938,-6.282565447723695,-6.28321394432239,0.34246612493273765,-289.2802131927953
694.0,-1.9469249454405915,0.01124399503460419,-1.570384097789838,-6.28266014420283,-6.283214217007948,0.3372528101083666,-289.76586443846975
695.0,-1.9550175689592504,0.01120405905806732,-1.5704200428999011,-6.2827000316094725,-6.283214037611327,0.33512736309372787,-290.2559698413375
696.0,-1.96368149861029,0.011237006310721826,-1.5703876831463086,-6.282715382792842,-6.283214272927685,0.3355111980558609,-290.7510410172278
697.0,-1.9641584593853125,0.011357784346944557,-1.570278995679342,-6.282719127094653,-6.2832148185689665,0.33283369099612053,-291.2467066690701
698.0,-1.9621537842979229,0.011350357964153575,-1.570290077762739,-6.282722049523942,-6.283214559437233,0.3208623434724846,-291.7412615258137
699.0,-1.959938319007826,0.011326261016245788,-1.5703118012691628,-6.282723980028027,-6.28321439853545,0.32065926909503717,-292.2345446332246
700.0,-1.956448857870343,0.011325657983523122,-1.5703119714806435,-6.282724288002099,-6.28321441552941,0.3207633599510452,-292.72587896034474
701.0,-1.948233536905602,0.011368770288487831,-1.5702728938791886,-6.282723420791238,-6.283214603157381,0.32250414191313553,-293.21268937204127
702.0,-1.9418988193649331,0.011308599829648476,-1.570330592803959,-6.282724539930986,-6.283214229737662,0.322507379048858,-293.6957654532251
703.0,-1.9391253782909061,0.011257117146748504,-1.5703761906272165,-6.282725641268835,-6.283214082937267,0.3324395037952138,-294.177131685555
704.0,-1.933710207782828,0.011303237822212072,-1.5703327614195584,-6.282724410668189,-6.283214414530145,0.3380663251368754,-294.65552474614736
705.0,-1.9331209968140333,0.011229979938733871,-1.5704020411194255,-6.2827257377315595,-6.283214017165849,0.3341238859222042,-295.1333702579292
706.0,-1.9336577543897109,0.011241268139168132,-1.5703889666089579,-6.282725740476239,-6.283214203308146,0.33781860453279644,-295.6115206002882
707.0,-1.9326975612394939,0.011274353854209405,-1.570359268783128,-6.282724914980411,-6.283214371474075,0.34458281751565034,-296.0891847617181
708.0,-1.928285980584474,0.011274236272765102,-1.5692570281836495,-6.282726439007489,-6.2832141742295,0.34103786643303013,-296.5646257802263
709.0,-1.9215791986085031,0.011343322545659104,-1.5695629074617072,-6.277443693337724,-6.283205018866836,0.32856518265985163,-297.0361962904885
710.0,-1.9152854491135651,0.011346588366729768,-1.5698261474617816,-6.280632479736455,-6.283207317242487,0.33206243125421053,-297.5041173158748
711.0,-1.9092495182214173,0.011309762902287154,-1.5700074959659729,-6.281869069548454,-6.283211830153506,0.33948973134504173,-297.968549025821
712.0,-1.9061743188347395,0.011255955854906486,-1.570159735768082,-6.282375586285262,-6.283213254040307,0.3482712867484907,-298.4310859569406
713.0,-1.9039692779954172,0.011254502761895845,-1.5702305054928076,-6.282582179247016,-6.283213913366525,0.3438082976155845,-298.89233517923253
714.0,-1.9043805764673005,0.010995735035698085,-1.5702907678346099,-6.282665087359167,-6.283213920443,0.3404872253086428,-299.3536903251345
715.0,-1.9047127497518652,0.011046800048101246,-1.5703212856860334,-6.282703857734376,-6.283214341422292,0.3322129314376454,-299.8152529370493
716.0,-1.9089858589699757,0.011079017808644114,-1.570375370032003,-6.282717307890219,-6.283214078133332,0.3369900343865779,-300.27912020759754
717.0,-1.9101732076951394,0.01119589974895894,-1.5703224759078471,-6.282720927615991,-6.283214464441659,0.3478894891820266,-300.7438252571727
718.0,-1.9104787224430217,0.011231890700712932,-1.5703283468280134,-6.282722961658993,-6.283214380288929,0.35807452907643733,-301.20871686608336
719.0,-1.9153655929710478,0.011192869111657417,-1.5703871292957112,-6.282725373650351,-6.283214070682147,0.36195162125085295,-301.6762331084801
720.0,-1.917161750748399,0.011270812489342577,-1.5703294526419436,-6.282724422943938,-6.2832144824145315,0.35814260238068313,-302.14493540210066
721.0,-1.9235114284140153,0.011214313489159,-1.5703928619762155,-6.282726217194193,-6.2832140744559775,0.356450211537785,-302.617074074775
722.0,-1.9302461229799321,0.011244828455236647,-1.5703687024971555,-6.282725960858269,-6.283214294649252,0.3446490940003669,-303.09309640264473
723.0,-1.9330179254739837,0.011308911136451933,-1.57031565767436,-6.282724692619904,-6.283214563422386,0.33894519815452673,-303.57085884793673
724.0,-1.9293224840470327,0.011375356770417963,-1.5702600165250962,-6.282723384028081,-6.283214754093742,0.33894411147791464,-304.046726739763
725.0,-1.9293355699823842,0.010970940487734886,-1.5703307912324032,-6.282722299841734,-6.283214056744783,0.3347771209628094,-304.5223720004142
726.0,-1.926872057116581,0.011045488675971457,-1.5703225720634049,-6.282727965106448,-6.2832146033493155,0.33603757404107604,-304.9967293758047
727.0,-1.9244823120919876,0.01112124334239759,-1.5703392603320778,-6.282725777968317,-6.283214357671671,0.34460196272154164,-305.46970333169344
728.0,-1.9220530401809544,0.011163976738955042,-1.5699834576585914,-6.282725768690142,-6.28321420433998,0.3517974735402944,-305.94135816086344
729.0,-1.9228493966227995,0.01118521825263111,-1.5701287889637146,-6.282724640644829,-6.283214253276269,0.36579074390890015,-306.41333753589925
730.0,-1.9294199224413984,0.011152691495756734,-1.570260119480278,-6.2827264225234085,-6.283213973968229,0.3667860669645858,-306.88886952319797
731.0,-1.9331399757787726,0.011243105087191374,-1.570244885168926,-6.282725067150108,-6.283214432605129,0.35616190353399896,-307.3666773025097
732.0,-1.931086415203718,0.011323710169976738,-1.5702202449015188,-6.282723720557841,-6.28321465887075,0.3549802657470307,-307.8435032767062
733.0,-1.9316387851135526,0.01126803506719886,-1.5703042673819683,-6.282725162819988,-6.2832142184896815,0.34712492325767097,-308.32050026431773
734.0,-1.9350637733259002,0.01055350754157188,-1.5698289726430075,-6.28272093398675,-6.283213729744264,0.3341564121163591,-308.79936869920135
735.0,-1.935909569542834,0.010721863905006034,-1.5699924985589688,-6.282730824683691,-6.283214922003126,0.33536623720537995,-309.27881569711474
736.0,-1.9370045862174325,0.010907950507643866,-1.5701180340060035,-6.28272671072147,-6.283214433216543,0.3345759521302635,-309.75886525118165
737.0,-1.9370208630318566,0.011053363026309469,-1.5701801737825523,-6.282724880456285,-6.283214388902966,0.33060523700117567,-310.2389752779535
738.0,-1.93594858193591,0.01114470585930842,-1.5702263920489168,-6.282724405334293,-6.283214361343231,0.33785776443107596,-310.71850653346263
739.0,-1.9379861884541627,0.011152144027358746,-1.5703048713793482,-6.282725344793001,-6.283214119773116,0.3400494366419965,-311.19907650184047
740.0,-1.9408721695840612,0.011192107853495519,-1.5703227224194625,-6.282725435177989,-6.283214230403797,0.34713780047210335,-311.68128998996184
741.0,-1.9485331583365941,0.011167580219739116,-1.5703814828511653,-6.282726528724297,-6.283214017260317,0.3417493744522917,-312.1677046692333
742.0,-1.9575037828419886,0.011204460463181659,-1.5703697070903906,-6.282726371819102,-6.283214213535858,0.32848092342080476,-312.65923519654837
743.0,-1.959314555643917,0.011325089728907708,-1.5702769502336915,-6.282724022324917,-6.283214738023029,0.3242786790237673,-313.1520871900954
744.0,-1.9624874755864512,0.011283120266727235,-1.5703295413286096,-6.282725146372361,-6.2832143161449565,0.31941800862270936,-313.64664284759243
745.0,-1.9594714482459579,0.011364179925505409,-1.5702607547457816,-6.282723715086463,-6.28321472260247,0.3187998170274994,-314.13973288323945
746.0,-1.959924993456484,0.011281322780493073,-1.5703444102509392,-6.282725429495327,-6.283214176136846,0.31899306249189996,-314.6328924322865
747.0,-1.958960970180525,0.011305169681301304,-1.570322878407333,-6.282724930238037,-6.283214406759263,0.31495066080922884,-315.1255865685487
748.0,-1.9523981036875364,0.011364564772813515,-1.5702719836751833,-6.282723513370203,-6.283214651960029,0.3040937208235447,-315.614731421039
749.0,-1.9491574186871559,0.011285667523236806,-1.570348472531472,-6.28272514909812,-6.283214160131121,0.2975661071815387,-316.10185116454693
750.0,-1.9455547314615758,0.011293915151219958,-1.5703393512314074,-6.282725020224491,-6.283214317767036,0.2960943365219105,-316.5869527176827
751.0,-1.9484674355433056,0.011206108002453887,-1.5704207984950298,-6.282726687850491,-6.283213912510421,0.2912267680884545,-317.0734579409134
752.0,-1.9523437330142994,0.011231509123492137,-1.5703946842062473,-6.282726215423163,-6.2832142046495525,0.29102445913166325,-317.56219422046973
753.0,-1.9525042381446929,0.011296216238746822,-1.5703370198092386,-6.282724667734961,-6.283214510292381,0.2979200459371449,-318.0511705706675
754.0,-1.9508029217664768,0.01130494508145831,-1.5703288681272873,-6.281685165451035,-6.283214496872536,0.3065725988314241,-318.5392092214827
755.0,-1.9438538670216037,0.011368747781378575,-1.5702762050348675,-6.2823114476635595,-6.283214583001458,0.3081440516839852,-319.02347576208155
756.0,-1.9404314667792177,0.011284415749407256,-1.5703538404296793,-6.282556537648247,-6.283214154788936,0.31993058190903056,-319.50560777407605
757.0,-1.935258028735893,0.011310529255874028,-1.5703264053513266,-6.282655533609412,-6.283214414338651,0.32837330088137656,-319.9848775709491
758.0,-1.9348920060376509,0.011235331631655746,-1.5703965723345226,-6.28269767111277,-6.283214031481129,0.3353942424220007,-320.46373215898495
759.0,-1.9347757598427864,0.011255329139262818,-1.5703756172871406,-6.282713890233542,-6.283214262660191,0.34851471420058094,-320.9425504036636
760.0,-1.9341899394394981,0.011269282270516422,-1.5703638513967881,-6.28272018479311,-6.283214324372676,0.34991464666282013,-321.4210499116374
761.0,-1.9332833588407212,0.01127679261641077,-1.5703574206705446,-6.282722910318894,-6.283214337040416,0.34660841211538246,-321.89904190825365
762.0,-1.9342664520804984,0.011254150774143842,-1.5703781615986752,-6.282724694087695,-6.283214211701011,0.33585077867451957,-322.37752223192433
763.0,-1.9337243994876516,0.011285536051620092,-1.5703485389761382,-6.282724606910815,-6.283214397136921,0.32336370054150465,-322.85576710331463
764.0,-1.9305159436973354,0.011314602843513683,-1.5703230819341552,-6.282724284431547,-6.283214479347686,0.3257808806138329,-323.3322656399687
765.0,-1.933545837292909,0.011221299522609633,-1.570408956040402,-6.282726373411737,-6.283213974523734,0.33780810461980526,-323.8102382559648
766.0,-1.9363768779231485,0.01125555683766957,-1.5703740173309446,-6.282725576985171,-6.2832142992889155,0.3359821131713623,-324.28988962304686
767.0,-1.9398375074964829,0.01125618174089269,-1.5703744852417476,-6.282725578668074,-6.283214274806405,0.3246333483724072,-324.7714906420198
768.0,-1.9440184823011561,0.010293458161122421,-1.5703266851830235,-6.282716558862522,-6.283213902651349,0.3158930429196861,-325.25534446239993
769.0,-1.9453229082403116,0.010448120723196652,-1.5703667323398576,-6.2798623802404245,-6.2832091760217965,0.3161658768470094,-325.7400184322231
770.0,-1.9448919001214449,0.010775728436583764,-1.570337907454409,-6.281589067960974,-6.283211860151075,0.3234880579851975,-326.2245594170298
771.0,-1.9491355458057311,0.010792145195137852,-1.5680146258704983,-6.282266318625558,-6.283212392139854,0.33173887267839636,-326.7117817197267
772.0,-1.9523598423339619,0.011123716309143047,-1.5686691336632783,-6.282528225573362,-6.283214987082871,0.330818749551846,-327.20087542582615
773.0,-1.953241005734666,0.011198623191155511,-1.5692063766323519,-6.282644315655712,-6.283214539225572,0.3250979122972861,-327.69044840042494
774.0,-1.95716317739546,0.011180248226109477,-1.5696264255308072,-6.2826934384351585,-6.2832141010013345,0.32475141624299486,-328.18206072905
775.0,-1.9617000101797237,0.01120997541576343,-1.5698671171687273,-6.282712790374458,-6.283214191361347,0.32464064211110705,-328.6762204624027
776.0,-1.970490159021283,0.011183539827039986,-1.5700713514735132,-6.282721674572047,-6.283213997142901,0.32385369118524354,-329.1752044301881
777.0,-1.9777314153272214,0.011247038695486196,-1.5701327532853375,-6.2827237626285894,-6.283214348169462,0.32325180579084406,-329.67839368786133
778.0,-1.9769374893871672,0.011357163146311945,-1.570115647433957,-6.282722687259679,-6.2832147852632705,0.3214455153451887,-330.18141530564617
779.0,-1.9714430524165683,0.011378029866883408,-1.5701546309390857,-6.282722914296465,-6.283214661704057,0.3184113422892385,-330.68141628387355
780.0,-1.9669557332101648,0.011325436985364017,-1.5702401538742028,-6.282724382231222,-6.283214317236241,0.30983288466219155,-331.17877723789513
781.0,-1.9665293987378811,0.011259579169282647,-1.5703233296667602,-6.282725921173667,-6.283214075112856,0.3040856421123083,-331.6757373294057
782.0,-1.9620018344352181,0.011323613185680138,-1.5702793655932907,-6.282724448186069,-6.283214507759245,0.3052143700272113,-332.1702969705043
783.0,-1.9535008199608208,0.011353363778190816,-1.5702659445475509,-6.282723476647281,-6.283214547504108,0.2999243387794797,-332.66011786989037
784.0,-1.9418102889440234,0.011367669115803253,-1.570261368452735,-6.28272331658178,-6.283214515744848,0.30036013110862886,-333.143350646302
785.0,-1.930113218639047,0.011338200411054511,-1.5702945185345534,-6.282723846717037,-6.283214309598253,0.31160423216466976,-333.6198637687026
786.0,-1.9175072461191358,0.011335689991772703,-1.5702995994046751,-6.282723734062316,-6.28321432651034,0.31621038442468685,-334.0891894036416
787.0,-1.91076479205828,0.011243185150122475,-1.5703880072007654,-6.282725376808652,-6.283213918172595,0.3134107570689034,-334.5544120177886
788.0,-1.9104341373706797,0.011171571696409094,-1.570444292123258,-6.279590483139065,-6.283210125658322,0.31573518961350794,-335.0192051571967
789.0,-1.911387260410562,0.011223052528090466,-1.5704125813664835,-6.281483209168709,-6.283211991979375,0.3202648130427772,-335.4845645904974
790.0,-1.9076939072660035,0.011301672001269641,-1.5703384191604797,-6.282215254491519,-6.273567940641906,0.32912134505527507,-335.94811093723905
791.0,-1.9026884101012538,0.010492531477567986,-1.5703022331195151,-6.2825095740068075,-6.27928329685021,0.33872259795541937,-336.4086563908551
792.0,-1.9008353514428327,0.010548051151417761,-1.5704104648195607,-6.282648219000601,-6.278720430290031,0.34611948285267385,-336.8680101783003
793.0,-1.9032199109999137,0.01075370783770543,-1.5704308578922215,-6.282693755200222,-6.281427166281413,0.34180015085122634,-337.3285975283133
794.0,-1.9062150443591652,0.009360071779415129,-1.5703268427696127,-6.282696110285048,-6.279907690586583,0.3344577389296701,-337.7907733774175
795.0,-1.9138629023217422,0.00962112177126166,-1.5704863934546092,-6.282737012332717,-6.2819074352331254,0.32043057710848527,-338.25713145661825
796.0,-1.92298016176497,0.010197070950417593,-1.5704335244418939,-6.282727876946657,-6.28268864031637,0.3104719616433566,-338.7287655793294
797.0,-1.9311939349081764,0.010600608868077394,-1.5703799194073027,-6.282724275670824,-6.283009802578286,0.30890180332618355,-339.20519816160595
798.0,-1.9374085809896955,0.01087049720395055,-1.5703393714388711,-6.282723221470955,-6.283141596679947,0.3160213590545828,-339.6852940781121
799.0,-1.9388737704589678,0.011075052464202621,-1.5702874046337758,-6.282722403177371,-6.283195093061665,0.3216472985681205,-340.16642067392297
800.0,-1.9399131320898437,0.011147475149851288,-1.5703102092849823,-6.282723412384639,-6.2832077602263725,0.3215238816713513,-340.64813573879553
801.0,-1.9390524100024538,0.011218951935586804,-1.5703010477158585,-6.282723705990004,-6.283212030119307,0.32085163288497537,-341.12943858757126
802.0,-1.9410386734834173,0.011130622592011362,-1.5686195951942206,-6.282729349075607,-6.283212716417478,0.3094765277173985,-341.6120510352569
803.0,-1.944638203440395,0.011270283670901915,-1.5691351205187307,-6.282721346551214,-6.283214567205885,0.304294819744182,-342.09663485841423
804.0,-1.9485359392342403,0.01115034116066479,-1.5667078046273517,-6.282731274184601,-6.283213377053421,0.31037732579993943,-342.5838546903451
805.0,-1.9489429185186498,0.011402073338772143,-1.5677629615334587,-6.282717280646931,-6.282581046023439,0.31005595665869273,-343.0713128843654
806.0,-1.951583739452771,0.011313675729475598,-1.5686607724705437,-6.282723862393947,-6.282975705480823,0.30806843762121616,-343.5599887435515
807.0,-1.9482336498307484,0.011370753670016066,-1.5691526320369877,-6.282724124933505,-6.283127367056411,0.31792196110014004,-344.04688506860293
808.0,-1.947098837889386,0.011294134744553581,-1.5695928444254659,-6.282725735537685,-6.283189653475254,0.323875608069803,-344.5329185468136
809.0,-1.9484795148013614,0.011257478707418616,-1.5698703398910525,-6.282726397989641,-6.28320659823309,0.32213386674136635,-345.01961512863454
810.0,-1.9451700612547858,0.011326223832034693,-1.5699736845375905,-6.282724344351838,-6.277942714406893,0.32144158436429965,-345.5046395450449
811.0,-1.939694562114027,0.011325013140675636,-1.570086042954968,-6.282725157894007,-6.281146485376191,0.32515121994563795,-345.9865228896736
812.0,-1.9351578362291595,0.011295113033897922,-1.5701895959841543,-6.282724848204315,-6.282375600393895,0.3233166669989611,-346.46573173807036
813.0,-1.9375028834802566,0.011204526924022776,-1.5703218012293363,-6.2827267838035326,-6.282880985375884,0.32836964133597973,-346.94600669590255
814.0,-1.9444091473893947,0.011182282883786643,-1.5703692719314428,-6.281688764624329,-6.283088374491098,0.32930113883062817,-347.4300882622943
815.0,-1.9489274803269714,0.011261994196150572,-1.5703238348340844,-6.282314066216275,-6.283173917241061,0.3368887811911966,-347.91688181038063
816.0,-1.9559669513339693,0.01123502172605525,-1.5703629647995099,-6.282557739652354,-6.283202997963003,0.3288264258667493,-348.407582648481
817.0,-1.9591199970256772,0.011306122053375616,-1.5703061672610403,-6.282655952097067,-6.2832105096792334,0.3277337370736533,-348.9002601127865
818.0,-1.9602776743990984,0.0113163038068723,-1.5703058323137116,-6.282696438002523,-6.28321301174841,0.3275771171576157,-349.3936429849157
819.0,-1.955783734891716,0.011373260555726973,-1.570258496806816,-6.2827119220912975,-6.2832141668226535,0.32058563098261955,-349.8846660203226
820.0,-1.9502117155176306,0.011346551509285457,-1.570288452089673,-6.282719359770859,-6.283214246903964,0.31764881646487036,-350.37250017956796
821.0,-1.9477552212968006,0.011283280075148063,-1.5703479669290252,-6.282723427920684,-6.2832140881401735,0.3114656317330061,-350.85880073726923
822.0,-1.9457129224986796,0.011280867622276333,-1.5703498784616876,-6.2827245820304025,-6.28321423694084,0.31226217165338244,-351.34393771398646
823.0,-1.945033829419211,0.011263058859758708,-1.5703675890310496,-6.282725177037234,-6.283214201696203,0.31451603842624276,-351.82863230623286
824.0,-1.9444575840392522,0.01126975088297255,-1.5703617192765065,-6.2827251368470165,-6.283214285646848,0.31871007259088546,-352.31300437366235
825.0,-1.9443085268009257,0.011267986950339348,-1.5703641464790337,-6.282725128941436,-6.283214281459747,0.31833800004031787,-352.7972748198875
826.0,-1.9462258738284075,0.011247532751522656,-1.5703828690126092,-6.282725636833645,-6.283214192108503,0.3128982240149107,-353.28256591916636
827.0,-1.9474965066354626,0.011270756751581217,-1.5703609698352214,-6.282725242286657,-6.283214343340603,0.3070964834500539,-353.76862546471943
828.0,-1.9510752487735792,0.011245091907071226,-1.5703849548630064,-6.282725869969342,-6.283151255495023,0.2983348809381164,-354.2566364370883
829.0,-1.9511382126294863,0.011306080599381017,-1.5703282564806917,-6.282724688144341,-6.283197848634862,0.29503210868140567,-354.7448399297093
830.0,-1.9523070782709364,0.01127783134282744,-1.57035618044152,-6.282725304114015,-6.283208317727427,0.29659713514928976,-355.2336392927724
831.0,-1.9504213880091037,0.011319804639825737,-1.5703167130406694,-6.282724453610554,-6.283212331525128,0.30043565966274616,-355.72149180474327
832.0,-1.946892791768956,0.011321727418249385,-1.5703167198048158,-6.2827243091358325,-6.283213644851938,0.30420041487883764,-356.2073642977635
833.0,-1.9386784609806162,0.011366191648632293,-1.570276033880732,-6.282723320680351,-6.283214323144927,0.300560578399063,-356.6887095538244
834.0,-1.9302737917516049,0.011333975210847062,-1.5703077584821388,-6.282724064627747,-6.283214246376657,0.3044267260394542,-357.16521350448903
835.0,-1.9239893989312211,0.011290020083149247,-1.5703475158027704,-6.28272490463956,-6.283214141936328,0.31056201698125474,-357.6380352604818
836.0,-1.9186213590025654,0.011278141550991001,-1.570357481365273,-6.282724952938838,-6.28321419902488,0.3222836027071549,-358.10775870446514
837.0,-1.917740049038238,0.011223052629095015,-1.5704079750394062,-6.282725944043596,-6.283214000737236,0.33299230532097446,-358.5768078297123
838.0,-1.915685909622351,0.011264232698054842,-1.5703684893013905,-6.282724982903192,-6.283214321573676,0.3417192298109953,-359.0447600913027
839.0,-1.9159963930126116,0.011237542437760522,-1.570394365845108,-6.282725486816291,-6.283214154326555,0.3538742382603367,-359.51278791821164
840.0,-1.9155905360860626,0.011265872975721113,-1.5703671984797778,-6.2827249107445144,-6.2832143392125825,0.34772176147145584,-359.9806333262498
841.0,-1.9172829406529854,0.011243429201077144,-1.5703883163478787,-6.282725550376991,-6.2832141908017975,0.338800042397427,-360.4493615018164
842.0,-1.9167878720640155,0.011287670887834386,-1.570346723958178,-6.282724771019573,-6.283214435447961,0.3288239309781799,-360.91790970821665
843.0,-1.9141805224564186,0.011308012820254279,-1.5703295527303722,-6.28272445300836,-6.283214454142433,0.3269142867702033,-361.38502713336254
844.0,-1.913312326586654,0.011273812444981149,-1.5703613194515067,-6.282725215910573,-6.283214239226067,0.32522012477963064,-361.8515659646578
845.0,-1.9105587235167754,0.011302637330512075,-1.5703336457090633,-6.2827245989236316,-6.283214423289085,0.3160062658846654,-362.3166130337846
846.0,-1.9106403311614941,0.011255731457032805,-1.570377607408473,-6.28272566863595,-6.283214154996703,0.3156332056577172,-362.78158040524846
847.0,-1.9094742597822543,0.011284571484394795,-1.570349462017405,-6.282725024171159,-6.2832143703663,0.3262057517223636,-363.24595120183045
848.0,-1.9059635658927183,0.011310171940436424,-1.570327262796599,-6.282724241382267,-6.2832144541325095,0.32743544706293515,-363.70838674454836
849.0,-1.9050062160801178,0.011264531824541143,-1.5703699491402432,-6.282725272997693,-6.28321418544779,0.31767065827657187,-364.1701584058777
850.0,-1.9004203281910845,0.011258310067669888,-1.5688274839953529,-6.282727891569165,-6.283214021916393,0.32169145718695236,-364.62969822174574
851.0,-1.8962989560190848,0.011341545407483724,-1.5692872661892632,-6.2827209396128545,-6.283214883155695,0.32898479404234604,-365.08678066778225
852.0,-1.8949040076782087,0.011282183653588369,-1.5696743330896479,-6.282724415293557,-6.283214267986526,0.3398724740794589,-365.5428970455556
853.0,-1.8995773545814452,0.011205661865945831,-1.5699651858257746,-6.282726769058107,-6.283213912641803,0.3424804039711437,-366.00143843472046
854.0,-1.9032730118107424,0.011251575401567817,-1.570070626137163,-6.282725913426552,-6.283214275228873,0.3425414401701043,-366.46215553456307
855.0,-1.904961562417825,0.011283544526400402,-1.570143876001768,-6.28272511382363,-6.283214389783971,0.3394314710574878,-366.92389014118856
856.0,-1.9107614595030686,0.01122958386316226,-1.5702609379600025,-6.2827265660526,-6.283214075474017,0.34421671251319896,-367.38876932453474
857.0,-1.9187570723376848,0.011230521648435542,-1.5703024398577037,-6.282726675241917,-6.283214167641698,0.34936763697362233,-367.85817429628605
858.0,-1.921756539594801,0.011315637297155129,-1.5702554050123314,-6.282724600819487,-6.283214602082184,0.3457267784959261,-368.32950055102447
859.0,-1.9236569965117722,0.01131032920934891,-1.570283523211007,-6.282724816738598,-6.283214436839381,0.3332232418520505,-368.80191590379326
860.0,-1.9223177780187728,0.011340107819877585,-1.5702697228223048,-6.282724347455554,-6.28321455449526,0.32446833482137605,-369.2736822751633
861.0,-1.921835162364093,0.011303265588079101,-1.570313947953809,-6.282725137731473,-6.283214312776519,0.30983671314587313,-369.745109615963
862.0,-1.9203060625597477,0.011309830764321037,-1.5703130840355082,-6.282725023390144,-6.283214390426917,0.3043729406176505,-370.2157069608226
863.0,-1.9240853698323082,0.011205989633338999,-1.5703962017918247,-6.276266033783044,-6.2832044857524005,0.31118997737464676,-370.68817809169406
864.0,-1.9287435875587864,0.011275716843221501,-1.5703665131662292,-6.280133456780128,-6.283209177352441,0.32053090220236263,-371.16337440214187
865.0,-1.932739328407009,0.011277487944295086,-1.5703542514503737,-6.281664691614174,-6.283212691389726,0.31584669973943413,-371.64090078570734
866.0,-1.9383299359554829,0.01125550783459561,-1.5703709389934262,-6.282292044366055,-6.283213723971581,0.31753421868459725,-372.1215678250413
867.0,-1.944162541208251,0.011265193627605407,-1.5703606482549808,-6.282548317256803,-6.283214166813001,0.3220845257329436,-372.60557901981775
868.0,-1.9504263352034215,0.011258524820652855,-1.5703611027598983,-6.280187397701316,-6.283211791041246,0.3226801653047591,-373.0931300327286
869.0,-1.9508022466022656,0.010480465822177891,-1.5702426101477214,-6.281708927220539,-6.283213204437832,0.32052129247641026,-373.5810369966833
870.0,-1.952260419692538,0.009468849083287968,-1.5703123024303112,-6.2823121668734645,-6.2832139391611985,0.31836639545487083,-374.06954818508507
871.0,-1.953916199370465,0.009860043853510208,-1.5703911282843872,-6.2825704061448695,-6.283214803228853,0.3215614260230877,-374.5590415017916
872.0,-1.952886199537693,0.010391366461923767,-1.5703399714455935,-6.282658565009372,-6.283214586757514,0.3123931204679143,-375.0481294014069
873.0,-1.9498771280858747,0.010727470504372755,-1.5703208642888822,-6.282695519992875,-6.2832144292776935,0.3112128375377288,-375.53560523895055
874.0,-1.9419681385604601,0.0109845478515324,-1.5702732815464648,-6.282710382421955,-6.283214570232401,0.3126414219649338,-376.01876856189597
875.0,-1.9346669544116502,0.01107688101800002,-1.5703132993083593,-6.282718051402078,-6.2832142623150595,0.306083946359993,-376.49771231827515
876.0,-1.9283615094007207,0.011139075427302388,-1.5703350357940091,-6.282721785559419,-6.283214204433498,0.3145728564882112,-376.97302599414803
877.0,-1.9248988767240753,0.011110547909919229,-1.5693166616209366,-6.282726413837107,-6.283213735569931,0.3277855081376839,-377.44643391141267
878.0,-1.9223114885094035,0.01122492502726127,-1.5696231474120166,-6.282721689142986,-6.283214608879808,0.3327263149375837,-377.91832001599556
879.0,-1.9158384845343857,0.011291624128411526,-1.5698210790163523,-6.282722618746005,-6.283214576746471,0.33205879022194906,-378.38660520897577
880.0,-1.915372358908649,0.011203402565760278,-1.5700765973462212,-6.28272563525404,-6.283213944905761,0.33580446116271756,-378.854331542333
881.0,-1.9206892545044543,0.011167056944438,-1.5702210812870983,-6.282727009619942,-6.283213890797998,0.33543032687079477,-379.3249128008923
882.0,-1.9265252491825786,0.011209381889165985,-1.57025801618802,-6.282726270765905,-6.283214189605035,0.33433606223185675,-379.7988457787613
883.0,-1.9285393895723402,0.011283290550918904,-1.5702436320941653,-6.282724769268119,-6.283214504331962,0.3437823369314049,-380.2740761769049
884.0,-1.9304241304846972,0.011278994528940735,-1.5702843046864883,-6.28272492045572,-6.283214355159188,0.3428688317734814,-380.7503590561711
885.0,-1.9330008454859977,0.011255828943964707,-1.5703176217135884,-6.278564270609651,-6.2832080408807265,0.3440865779632988,-381.2280426164673
886.0,-1.935383791766802,0.011296778500050293,-1.5703169283143874,-6.281076433674052,-6.283210040165658,0.34679710407245656,-381.7071315096055
887.0,-1.9377683574716182,0.01128469856918949,-1.5703300138658902,-6.282050670840511,-6.28321287807529,0.34258573266652326,-382.1875898579578
888.0,-1.9398247414547773,0.010382032966797126,-1.5702918258057235,-6.282440798117155,-6.283213517117278,0.34368776911681426,-382.6691294482004
889.0,-1.9408358767740979,0.010504549917958983,-1.5703601483877738,-6.282621509900041,-6.2832146308885175,0.34705309654901717,-383.15127551368397
890.0,-1.9393025998468232,0.010805293009494017,-1.5703265892008584,-6.282680732150028,-6.2832145447975485,0.3454325258543498,-383.6326782390604
891.0,-1.9431617179127358,0.010903301332368198,-1.570397449515038,-6.282707395926503,-6.283214017702534,0.3416999714121811,-384.116087071127
892.0,-1.9484375402474883,0.011030061089524121,-1.570382612782785,-6.2827178257693435,-6.283214185846069,0.329113302877297,-384.6025191721397
893.0,-1.9513264419896084,0.011151358311733804,-1.5703404501834874,-6.282721303065896,-6.283214420145378,0.3218404948165335,-385.0907134316172
894.0,-1.9532366311106262,0.011206958216834779,-1.570335597823482,-6.282723220423974,-6.283214387056116,0.3204365934216513,-385.58002738073156
895.0,-1.9509670315924441,0.01128512463969312,-1.5702934570002443,-6.282723086062418,-6.283214585560781,0.3141871489321279,-386.06820601388887
896.0,-1.948911921355516,0.011274689677358037,-1.5703238905615495,-6.282724299577186,-6.283214343629649,0.3170986950293751,-386.55517058990944
897.0,-1.9501471874981813,0.011234307697634323,-1.5703706667985398,-6.28214040670072,-6.283214159568882,0.3113294289694257,-387.0427115912712
898.0,-1.949271428681131,0.011229452055253409,-1.5689775867287528,-6.282496247578038,-6.283213927950549,0.3121161756709617,-387.5300974682288
899.0,-1.9499815696514946,0.010700946829504253,-1.5693745564287094,-6.282621351394809,-6.283214526001765,0.30800971351314593,-388.017693458635
900.0,-1.9513682892161837,0.01075792136449627,-1.5697453089252869,-6.282691955780465,-6.283214645615599,0.308381080682385,-388.5059984273314
901.0,-1.9526402229258646,0.010938154331084502,-1.5699437539096648,-6.282711102554793,-6.28321437750773,0.31723601847142696,-388.9950248960431
902.0,-1.9536636293301128,0.011060113126314691,-1.5700753424692768,-6.282718797633633,-6.283214300945282,0.31065798835107444,-389.4846361256456
903.0,-1.9537089165846664,0.011148581942613743,-1.5701557591507305,-6.28272207576737,-6.283214330818579,0.30912319588126175,-389.9743033779952
904.0,-1.9585536644964212,0.010274425132671702,-1.5702359348138881,-6.282716887149087,-6.283213665035187,0.30483711595365676,-390.46642965603246
905.0,-1.9620755936456362,0.010458171755602933,-1.570304288005383,-6.282733807906228,-6.2832147083315775,0.3079745216866532,-390.96064357404185
906.0,-1.9638659941649663,0.010764706859294598,-1.5702990243401873,-6.282726976889399,-6.283214503878072,0.3111694056982105,-391.45597386050383
907.0,-1.966507507890353,0.01093561724685183,-1.5703245615845967,-6.282725192383896,-6.283214284747612,0.3173561866850155,-391.95279456416324
908.0,-1.968441178349566,0.011069101159133633,-1.5703204209989594,-6.2827243306376905,-6.283214344769169,0.3167955529474668,-392.45077074350814
909.0,-1.969582616664456,0.011153139015683102,-1.5703216432220666,-6.282724268076727,-6.283214355118146,0.3166262801180504,-392.94943269576265
910.0,-1.969837575725968,0.011208682246693516,-1.5703218907430163,-6.282724284581717,-6.283214371581562,0.3117142098422103,-393.4482754854519
911.0,-1.9695267490089414,0.011240029866402965,-1.5703267706797002,-6.28272455614681,-6.283214356605961,0.31057711684881306,-393.946959801005
912.0,-1.9685453387802432,0.011262025196061764,-1.570328591168295,-6.282724570965621,-6.283214363439935,0.30325216735443833,-394.4451080148473
913.0,-1.96647851601146,0.011281075471082213,-1.5703257441041667,-6.282724582418571,-6.283214385441549,0.30065493569654433,-394.9421146587426
914.0,-1.9647130217141011,0.011275348694032773,-1.570340833420484,-6.282724866766855,-6.283214305810101,0.2977395568428332,-395.4380937169304
915.0,-1.9615043766284264,0.011295786603024207,-1.5703280478649266,-6.282724519952469,-6.28321439764194,0.29271063079444837,-395.9322999833121
916.0,-1.9568463359159394,0.011306475272799394,-1.5703231910957822,-6.2827244238524695,-6.283214401353114,0.2961992608559919,-396.4238902103819
917.0,-1.9483329411972357,0.011345940415428633,-1.5702900668046462,-6.28272348020833,-6.283214544446651,0.2916482207501228,-396.91075511758766
918.0,-1.9426017358749286,0.0112835507722926,-1.570351052607405,-6.282724801776451,-6.283214163295329,0.2869659946764569,-397.3942039154832
919.0,-1.9438794656618905,0.011198905198353,-1.5704273737238252,-6.282726787632527,-6.283213868110566,0.2909358905996642,-397.87813397708766
920.0,-1.9512067565646785,0.01116412213935351,-1.5704559501639908,-6.282727542046863,-6.283213882387829,0.30019940478759444,-398.3660703508136
921.0,-1.95372688768016,0.011275628924124884,-1.5703536320666578,-6.282724885704789,-6.283214531594316,0.3131027616546584,-398.85567950441765
922.0,-1.9529510268600725,0.011311610587231938,-1.5703248610567537,-6.282723992102781,-6.283214540459026,0.315111446287502,-399.34493633357107
923.0,-1.955850905585131,0.011251834053180382,-1.5703800850982026,-6.282725710713808,-6.283214157355539,0.3246073344156391,-399.83568866197726
924.0,-1.9571348708422558,0.011288907790834447,-1.570343898053952,-6.282724937372073,-6.283214418452475,0.32221239712205224,-400.32726762501943
925.0,-1.9530568609323882,0.011350472593396724,-1.5702891069846907,-6.282723718476062,-6.283214648888373,0.32707270956062334,-400.8167087990545
926.0,-1.950997927859285,0.011293102250948987,-1.5703440018922818,-6.2827249396710645,-6.283214250265142,0.33456985454334154,-401.3048543712394
927.0,-1.9475474173685894,0.01130987008317213,-1.5703266796090847,-6.282724583073099,-6.283214401485942,0.3480623025365461,-401.7910994609941
928.0,-1.947167692892336,0.011257956735547454,-1.5703752098303092,-6.28272543241554,-6.283214139394621,0.3472073635521524,-402.2769924889841
929.0,-1.952449723523647,0.011201337015301243,-1.5704244899026707,-6.282726840536162,-6.28321396251275,0.33865755206862624,-402.7657103613587
930.0,-1.9559184716961333,0.011261560894092346,-1.570367524995941,-6.282725608401385,-6.283214375882758,0.33846805629324306,-403.2565232908951
931.0,-1.9572443159806612,0.01129252015878332,-1.5703413951894925,-6.282724780667801,-6.2832144518126105,0.3355811086602866,-403.74816112314875
932.0,-1.9565231598769126,0.011311917483187509,-1.5703245431827457,-6.282724478586852,-6.283214476162245,0.33089515767609434,-404.2394541758953
933.0,-1.9547669196748871,0.01131120906629628,-1.5703258503451398,-6.282724600685904,-6.283214417138138,0.3190423890944337,-404.72976899815336
934.0,-1.951170716417691,0.011322275315997436,-1.5703158157821973,-6.282724411410139,-6.28321444827586,0.30873242033148357,-405.21809217827496
935.0,-1.9479695024179318,0.011097109233117167,-1.5703277562726636,-6.2827229360661105,-6.283214230090452,0.30030137815331853,-405.70452888898546
936.0,-1.9420717437344823,0.011150675260676616,-1.5703177681562028,-6.282726379436347,-6.283214553714736,0.30635594520793225,-406.1876985701083
937.0,-1.9352262941175604,0.011204659692258525,-1.5703233252868054,-6.282724799466488,-6.28321439626908,0.3130476026997968,-406.66697509039693
938.0,-1.92570500888257,0.011235398919112766,-1.569533986405648,-6.282725565976282,-6.283214209371833,0.3205776246962031,-407.1410323892878
939.0,-1.9138528967228834,0.011326735403677972,-1.5697493782907042,-6.282721361003905,-6.283214734141717,0.3307736135761351,-407.6083461571172
940.0,-1.907078996858401,0.011243547905902936,-1.5700140263571492,-6.282724362927366,-6.283214052964536,0.33220523535197216,-408.0715273999811
941.0,-1.9054368325344446,0.011196966736795187,-1.5701784327887274,-6.282725988570298,-6.283213925042967,0.32861041074924396,-408.53358542475837
942.0,-1.9089274136988552,0.011167086529003953,-1.5702873057424835,-6.282726892737786,-6.283213895562635,0.32729789799556347,-408.9974683243476
943.0,-1.9118982791868557,0.01122066864563344,-1.5702929239969352,-6.282725805897099,-6.283214247402722,0.32738758483933755,-409.4631054198894
944.0,-1.9128133799788976,0.01126620918287336,-1.5702903151517642,-6.282724904692971,-6.283214403379904,0.32999357924361955,-409.92933733478895
945.0,-1.9099721339125066,0.011315837694463699,-1.5702711373562055,-6.2827240149633745,-6.283214548245438,0.3338828286407189,-410.3940699764583
946.0,-1.9111292251052834,0.011247928004115086,-1.5703512521440655,-6.28272564520464,-6.283214115308753,0.3465376490333882,-410.8592824559767
947.0,-1.9122654883195565,0.011266476249056153,-1.5703426768315292,-6.282725278133748,-6.283214306250099,0.34362734874979867,-411.32517906781425
948.0,-1.9177172516040126,0.01121800019129766,-1.5703944218779513,-6.28272650928636,-6.283214057403089,0.34421083528143104,-411.79402913140467
949.0,-1.9252488452499044,0.011224936200399778,-1.5703903346752128,-6.282726545164809,-6.2832141770945835,0.3469566658558686,-412.267150211082
950.0,-1.9323945632866373,0.011256535998142065,-1.5703644514522996,-6.2827258154739445,-6.283214338895163,0.343014790019261,-412.74439306465206
951.0,-1.9385627507837375,0.01128084432432121,-1.570344978172361,-6.282725459778725,-6.28321440801532,0.3325695057987287,-413.2252030050327
952.0,-1.9452643366871418,0.011277019058078326,-1.5703499791480824,-6.282725783216921,-6.2832143361805555,0.32403771747982363,-413.7098204487491
953.0,-1.9456397999093198,0.011360491310055863,-1.5702747904899257,-6.282724009959299,-6.283214732340256,0.31661588496589677,-414.1949029195684
954.0,-1.9478362434705847,0.011300641950213412,-1.570333097749564,-6.282725358060883,-6.283214292219244,0.31430656832822396,-414.68111881428763
955.0,-1.9471671022099577,0.011333761497332149,-1.5703013038635005,-6.282724708169799,-6.28321452068622,0.32099394692155114,-415.16708049310114
956.0,-1.9444858831302057,0.011335279443012068,-1.5703020996594919,-6.282724323086141,-6.283214473704721,0.316273493046166,-415.65155857024456
957.0,-1.9442504391141224,0.011282679248700387,-1.570350908392087,-6.282725520815455,-6.2832142061789025,0.318288008071779,-416.1357915261361
958.0,-1.9419631572406324,0.011311222605499518,-1.570323617523329,-6.282724779597695,-6.283214429863587,0.3227842036817528,-416.6188133784489
959.0,-1.9374259935531668,0.011325272072607171,-1.570312594650056,-6.282724202757859,-6.283214457796347,0.31345353408365584,-417.09930669585833
960.0,-1.9352278001752516,0.011277136670529765,-1.5703577406681632,-6.28272523464849,-6.283214195381247,0.3019503231915003,-417.578434634458
961.0,-1.9363639615955468,0.011239918211652482,-1.5703902423196376,-6.2827261335373015,-6.283214100415218,0.2984527950369961,-418.05810155609316
962.0,-1.9383846976576427,0.01110387837573374,-1.5669137378093478,-6.2827343423900235,-6.2832130898216185,0.3049478155473909,-418.53950507474417
963.0,-1.9393971223483166,0.011383072076755395,-1.567900980926089,-6.282716447913327,-6.283215730592341,0.30241821176440786,-419.02143109368643
964.0,-1.9376361327728446,0.011369288989042292,-1.568691135170496,-6.282721990779299,-6.283214769051341,0.30202259832084644,-419.502282423673
965.0,-1.937131396430596,0.01130763278872431,-1.5692673713168739,-6.28272510009182,-6.283214235932364,0.3040783125889988,-419.98266694793114
966.0,-1.9362407007445128,0.011297797712419674,-1.5696239002699903,-6.282725635011235,-6.283214236770663,0.3159926449031381,-420.4624958601172
967.0,-1.9328610976751424,0.011317238103325447,-1.569840965368448,-6.282724942773307,-6.283214365023804,0.3229126992238572,-420.94043380284114
968.0,-1.9357665221770393,0.011219254841571775,-1.5700888230434575,-6.282726819414994,-6.283213887826704,0.32310538658976984,-421.41974119615975
969.0,-1.942060082054898,0.01120871702012385,-1.570200068998233,-6.282727101250552,-6.283214026207703,0.3231107538804799,-421.90254943847583
970.0,-1.9417944470095414,0.011320035330970908,-1.5701695532539868,-6.282724447898707,-6.283214631055037,0.3269521059781056,-422.38546874438254
971.0,-1.940796222346511,0.011304664264541915,-1.5702352597573412,-6.2827246650559205,-6.283214385301745,0.33238620845289846,-422.867785562033
972.0,-1.940216851124148,0.011290696733939218,-1.5702791808420606,-6.282725092574176,-6.283214314480501,0.33795023473520525,-423.34974897035175
973.0,-1.9385643747937655,0.011300379017854533,-1.5702914491240685,-6.282724836311906,-6.283214378976516,0.34381103927120765,-423.8308053544547
974.0,-1.9361188253673896,0.011301239083720393,-1.5703056714689099,-6.282724661593161,-6.28321436763287,0.34335291935415124,-424.31048057043506
975.0,-1.934061405054318,0.011287633217361252,-1.5703280364488865,-6.2827250067419556,-6.283214296549081,0.34643188236030165,-424.7889551417218
976.0,-1.9363088814945455,0.011231824644619876,-1.5703849593087638,-6.282726125642903,-6.28321405798699,0.3429524054576465,-425.2685505850758
977.0,-1.9425412708420544,0.011207662391860763,-1.5704086793210954,-6.28272677956196,-6.283214049276588,0.3378006088329096,-425.7515902478285
978.0,-1.946707993713699,0.011266894741496563,-1.5703565942219062,-6.2827255133913775,-6.283214405508536,0.3380694189988979,-426.23712224144475
979.0,-1.947856266123282,0.011307097517448395,-1.5703238346797257,-6.282724615704261,-6.283214515872113,0.34624081079675484,-426.7234116163356
980.0,-1.9466027986215568,0.011324449425794936,-1.5703105128680441,-6.282724286428383,-6.283214510181566,0.3523646511831476,-427.20905740397114
981.0,-1.940795943918266,0.011363954455101636,-1.5702757882439133,-6.28272348359674,-6.283214630485738,0.3546660347266586,-427.6915411087899
982.0,-1.9387792825619206,0.011280522092006603,-1.570354604408543,-6.282725295968338,-6.283214140919979,0.3596401377940274,-428.17268709441055
983.0,-1.9417106325550526,0.011224985203041713,-1.570402590443447,-6.282726494016896,-6.28321401141304,0.35996114199152013,-428.6553482970856
984.0,-1.947299646523329,0.011219649479608284,-1.5704055343543242,-6.282726538680435,-6.2832141141248785,0.35753200686034586,-429.1411365827924
985.0,-1.948938922449542,0.011295402354132955,-1.5703366239516616,-6.28272478609629,-6.283214523120245,0.3548176574831689,-429.62803499611636
986.0,-1.9474916169734235,0.011323325394179197,-1.5703139748908235,-6.28272418376901,-6.283214535557224,0.3426252343571618,-430.11419572295864
987.0,-1.9405755825207909,0.011374693958826461,-1.5702677853193068,-6.282723275003513,-6.283214686451228,0.3319251414282847,-430.59659359378117
988.0,-1.93174244466428,0.011360532033265302,-1.5702829177003423,-6.2827236353387566,-6.283214481033042,0.3200629012070294,-431.0739678137705
989.0,-1.9286239529969738,0.011258826443395209,-1.5703763062899265,-6.282725856092624,-6.2832139951632575,0.3195125450280493,-431.54932019217966
990.0,-1.9276835198666984,0.011246831422636196,-1.5703840624666245,-6.282725852007247,-6.283214130897842,0.31364338766847527,-432.02409109429067
991.0,-1.9264950969052368,0.011263182461681146,-1.5703692178126911,-6.282725337319131,-6.28321427432139,0.3224422779401485,-432.4982020830141
992.0,-1.9231497535449518,0.011297913064762168,-1.570339581209049,-6.282724066640439,-6.277948440789916,0.32520495326550586,-432.97053667537796
993.0,-1.9215375288328378,0.011263339193796455,-1.5703696407509826,-6.282725910965955,-6.2811487402740545,0.3333424287729074,-433.4418317750883
994.0,-1.9206534067245973,0.011263844511308818,-1.570369063000842,-6.282725119558594,-6.2823765206489846,0.3349668331449857,-433.9125935233623
995.0,-1.9256710847719058,0.011198020454530751,-1.570428846934945,-6.282726659740519,-6.282881370882413,0.34178247993994404,-434.38600025421084
996.0,-1.9309123211736638,0.01123596612565232,-1.570391336241149,-6.2827259243485925,-6.283088701532028,0.34859591777678506,-434.86244542358355
997.0,-1.9306112860531137,0.011321788930970644,-1.5703143337155987,-6.282723954932485,-6.283173940783692,0.34976430853123625,-435.3389315210667
998.0,-1.9246809166871683,0.011371289450042418,-1.5702717311175458,-6.282723120413984,-6.283203397223379,0.35710811892565275,-435.81219899769235
999.0,-1.9177739173311903,0.011345969777998947,-1.5702966313217048,-6.282723735053603,-6.283210345139733,0.35919571747677165,-435.81219899769235
