time,shoulder link,upper arm link,forearm link,wrist1 link,wrist2 link,wrist3 link,total_reward
0.0,0.0003840344866269864,5.726195595602828e-05,-1.235128326169572e-05,1.3322242265437775e-06,-3.0795665090071814e-07,-8.852624754269957e-08,-0.9111607981031667
1.0,-0.0021712216770837516,0.004239869326207308,-0.0010660596459764792,-0.0110824297330851,-0.011118514971416513,-0.011110063873646329,-1.8225130093304165
2.0,-0.011952314139007238,0.008637083772416142,-0.00742620762133813,-0.026264173545516505,-0.026800772698938855,-0.02283845911318934,-2.7290464378395196
3.0,-0.02528761012951574,0.011386117371521832,-0.018007014225164316,-0.0436329166574901,-0.0443700169479707,-0.0387063517766714,-3.6273560687494637
4.0,-0.038614731249411866,0.012972027321352745,-0.03143540217804748,-0.061912524257271735,-0.05748163554806276,-0.04912735983454259,-4.51654558506365
5.0,-0.053140829832786535,0.013713576432119973,-0.045231106090714034,-0.06692380143511943,-0.07088885806578862,-0.05912781464469978,-5.39512693830039
6.0,-0.06630784675352833,0.014270008255552007,-0.06068987470035559,-0.06248885960506821,-0.08746654153045805,-0.07162208368669706,-6.262946739171919
7.0,-0.07958290556382754,0.014583506751181485,-0.07729312886959668,-0.04962362356249664,-0.09653406204144627,-0.08324688255495438,-7.119685837725724
8.0,-0.09206106025071623,0.014411657730731347,-0.09065864703180446,-0.036025632171826714,-0.11131583886480025,-0.09185317610592002,-7.965788952211791
9.0,-0.10564223650723553,0.014704603241243714,-0.10570033415724842,-0.01934421858713979,-0.12753520066987922,-0.10642112992726924,-8.800452465300198
10.0,-0.12004145076621632,0.014764079879072106,-0.12071217578674007,-0.0013664938043509694,-0.14531037275302888,-0.12352824293108002,-9.622893709260598
11.0,-0.12962803687516303,0.014628386642994599,-0.1337933083405673,0.017135290833741074,-0.1637429074406165,-0.13978062979117786,-10.435863831540408
12.0,-0.14002272657209144,0.014727734584481124,-0.14706374183918802,0.03187833348286663,-0.17785849710110216,-0.15755353214303602,-11.239522169472036
13.0,-0.15339104357577912,0.014506490370565988,-0.16210331258986316,0.043304100801152434,-0.1947021098522456,-0.16467549521161953,-12.03167981249069
14.0,-0.16713334759530965,0.014465448147560536,-0.17735087610173467,0.05899962033284186,-0.2104901039108701,-0.1746480263061184,-12.811858406500807
15.0,-0.1788474654087754,0.014612414414542647,-0.1929646013524888,0.07657969773016758,-0.21839878201573032,-0.18366886855838968,-13.581425064048902
16.0,-0.19101037488829173,0.014777324222757656,-0.20962850432865612,0.08782215932187264,-0.23144102484454845,-0.19569524189400295,-14.340065922259768
17.0,-0.203641896393286,0.014838291303896488,-0.22703141637573004,0.10345725947364673,-0.2458424085637885,-0.21170519272694494,-15.087057898872347
18.0,-0.21583811804163167,0.014864183216295752,-0.24491837361097135,0.10956903011181485,-0.26284956890160494,-0.2240185998527345,-15.822713165027974
19.0,-0.22963159013186468,0.014441459487166058,-0.25836732008069385,0.12317490078485495,-0.28096698663339065,-0.2302625324630028,-16.54641428326944
20.0,-0.2444445842927491,0.014531819244162202,-0.2717710986994508,0.13989764683005085,-0.29954450042363806,-0.2439079136269872,-17.257580441152292
21.0,-0.2604411836606096,0.014751571428298499,-0.2869357582082807,0.15790340348873735,-0.3183117720093483,-0.2606350710091449,-17.95520720553069
22.0,-0.2775048138049722,0.014846736968290574,-0.3033535306323994,0.17643118373584288,-0.33337686985132037,-0.2786368273610993,-18.638483857793908
23.0,-0.2952574307034901,0.0148632167235599,-0.32058667916210876,0.1920191323880073,-0.3506273178989143,-0.2971655364352434,-19.306800741870806
24.0,-0.31344056369589135,0.014839770725258135,-0.3383459894508159,0.20236104218775242,-0.3688452335320423,-0.3111730022208195,-19.959899237594684
25.0,-0.3319014523054527,0.014549333838440743,-0.35348027202409793,0.21763126422617424,-0.387463147695595,-0.32796954113317417,-20.59774956381712
26.0,-0.35051957100440445,0.014665518358578556,-0.36974674772709876,0.22577484354277969,-0.4062475967070853,-0.34599771712557353,-21.220466051530025
27.0,-0.3690780450553181,0.014504359290941852,-0.3842120794522452,0.24017706138350411,-0.41845364330347673,-0.36001308217927924,-21.82835171029435
28.0,-0.38767034646444687,0.01433038193934881,-0.39599659005747784,0.2484818936853825,-0.43448581050504925,-0.3768164537099541,-22.4218997093762
29.0,-0.4064004106172109,0.014593684851615456,-0.4099956675956084,0.26294638670484755,-0.4522000243170138,-0.39484764974537384,-23.00059577614991
30.0,-0.42517848544493014,0.014727199074750653,-0.4256351964945989,0.26927440867845426,-0.4706112729688366,-0.40366430113352597,-23.564301277181222
31.0,-0.44092182819771425,0.014755383522437509,-0.44224696613819964,0.2668573854477478,-0.47978217831383085,-0.41835761696164037,-24.115176716936432
32.0,-0.4536159406476984,0.014524837387811379,-0.45688078828869516,0.2613757253747319,-0.4848428810811045,-0.435517686111319,-24.65559577840012
33.0,-0.4666163760748643,0.014194561843635732,-0.4674792476887145,0.2581398809106774,-0.4972610089107724,-0.4536984783213299,-25.185796738908042
34.0,-0.48146544067093094,0.014486829156344937,-0.4806328870875671,0.2594033730028012,-0.5134716214657776,-0.4607066223925256,-25.704266529478403
35.0,-0.49778743360257716,0.014327386534101117,-0.4916237783096344,0.26049602974125247,-0.5277718794584793,-0.4746910417943969,-26.21037021118481
36.0,-0.515098369617583,0.014429123741699029,-0.5034030596475869,0.2720413167084477,-0.544711735649878,-0.49155897478779,-26.70313635486734
37.0,-0.5329587773792034,0.014303333081388033,-0.5131130758644118,0.2657019180722819,-0.5585312568310107,-0.5096188477810677,-27.18314916331845
38.0,-0.5512363570657007,0.01458788780245891,-0.5257214230845164,0.2519747039446637,-0.5752580366354123,-0.5273514612936568,-27.649998459790282
39.0,-0.5697561853775385,0.014708221827487588,-0.540437958678716,0.23520908682129482,-0.5932599564830111,-0.5457549223586269,-28.103136523645897
40.0,-0.5884276198824618,0.014709236907901449,-0.5565702804116289,0.22085893516932578,-0.6061701047791832,-0.5644492750529757,-28.54231259963107
41.0,-0.6071770027065365,0.014368943354451881,-0.5699698148736448,0.2165091215249866,-0.6159138717959775,-0.5832642824887015,-28.967733885427936
42.0,-0.6259390406465086,0.013942756403431346,-0.5776897387026663,0.2051444318363056,-0.6309398456034546,-0.5912003824966351,-29.380452545078693
43.0,-0.638207262028531,0.014385282238073767,-0.5888097612702498,0.19298239491953317,-0.6472838004768899,-0.6055532409919766,-29.783734254631177
44.0,-0.6466718054432348,0.014416203629556435,-0.6002737817152984,0.18304676603924389,-0.6651102347142783,-0.6225731545670866,-30.179539662948557
45.0,-0.6574079860265808,0.014554168737950983,-0.6141694215550637,0.17081611913531372,-0.6749376130240583,-0.6406959177782124,-30.566690192658655
46.0,-0.6686007826190001,0.014582789823148624,-0.6297357960818016,0.15906394537508484,-0.6900293814031196,-0.6592746237055923,-30.944247779275777
47.0,-0.6804782737036735,0.014495798467075644,-0.6458608204223973,0.14701152696024553,-0.7052754463577914,-0.6681970889799713,-31.311712829137722
48.0,-0.6926924081296729,0.01445942455990843,-0.6628829961618073,0.13273331668274718,-0.7226312189215228,-0.675778407513619,-31.668701422746274
49.0,-0.7066927749916606,0.014396821262255761,-0.6805328103320837,0.11581685942978098,-0.7408925617582115,-0.6886538174929677,-32.014183473698445
50.0,-0.7224695600073116,0.014246108307283477,-0.6975484851842654,0.09773690676398177,-0.7538192400058623,-0.7049404775956819,-32.34744107204756
51.0,-0.7347218690314326,0.014261055296851753,-0.7150982662376394,0.07917229649389665,-0.7668249712026386,-0.722757762478048,-32.67017630042413
52.0,-0.7435171923899105,0.013172573660483024,-0.7312552834490809,0.060428494674572474,-0.783231615725146,-0.7412101324481764,-32.983947586975674
53.0,-0.7544057263017375,0.013174557131471771,-0.7484843473730258,0.04665372057836314,-0.7995681265875388,-0.7599251062506769,-33.28806304876868
54.0,-0.7681575728690605,0.013394999378626543,-0.7649835026427979,0.031015267176931118,-0.8173847537784484,-0.7665033802256797,-33.58126354040576
55.0,-0.780470900178348,0.013345766105470539,-0.7776557523353187,0.01347047606899191,-0.8332751412022804,-0.7803226507651383,-33.86486599232166
56.0,-0.7932541804392876,0.013587176895161528,-0.7906639258176101,-0.0048495166104419885,-0.8417035512445298,-0.7876954561776666,-34.13907194101645
57.0,-0.807878161589742,0.013767559612377004,-0.8047481243836847,-0.019318071327180258,-0.8543643078237928,-0.8017934294396518,-34.402703501468295
58.0,-0.8240451803405864,0.013916027452246422,-0.8204163011618275,-0.031630670298926244,-0.8637828466851413,-0.8099665995176243,-34.654814047314474
59.0,-0.8412207799356972,0.012929653901481037,-0.8365286605675107,-0.04771626877420366,-0.8724854623218501,-0.8243806315875508,-34.89432984006931
60.0,-0.8582423906934247,0.012853618292473919,-0.8524612757841495,-0.059742479512016576,-0.8842668761811894,-0.8414248338274893,-35.12188757827984
61.0,-0.875677497240733,0.013105755513456486,-0.8672210640657364,-0.07567832632246324,-0.9001325576118125,-0.8595576046649992,-35.33795134958333
62.0,-0.8913013955857788,0.013365695503872106,-0.8820255470705374,-0.09335346020263802,-0.9177805944193955,-0.8744683831385354,-35.54344730418543
63.0,-0.9054209401699109,0.013595112173968584,-0.8981736218651648,-0.11173748473518358,-0.9351181234873821,-0.8895742597796783,-35.73890189080142
64.0,-0.9206051746156623,0.013661273484120263,-0.9152783412682679,-0.1284362881704882,-0.9533524469344177,-0.9014498596240481,-35.92389416205671
65.0,-0.9371097003523648,0.013526656675518686,-0.9311558793766529,-0.1419973236892899,-0.9649977743367719,-0.9119692606658552,-36.098536028169114
66.0,-0.9545036078070881,0.013608017326348533,-0.9479651559920508,-0.15860146995452065,-0.9765336139954481,-0.9205649587314916,-36.26280863089145
67.0,-0.9701606548379289,0.0136362276216255,-0.9654555443700962,-0.175111095752031,-0.9860030567402029,-0.9269814732945998,-36.417420659548945
68.0,-0.9812119520481273,0.013639720727854156,-0.9834082071752867,-0.19299556424026748,-1.0009134536999629,-0.9406694347679279,-36.56374119190389
69.0,-0.9934619648047295,0.013428551145308323,-1.0004050329648952,-0.20714958713821918,-1.0118498762013604,-0.9574135471721656,-36.70208865466257
70.0,-1.0059738362886737,0.013407666638179199,-1.0179549883110752,-0.21794437931534041,-1.0191555530222738,-0.9754221874837342,-36.8328622793818
71.0,-1.0201435538762065,0.013389305970440203,-1.0359639303257528,-0.23338166986324282,-1.0332070430678373,-0.989231343710619,-36.95619159464815
72.0,-1.033553537453989,0.013364129469916984,-1.0542577683007957,-0.2508571984968313,-1.0396077399810948,-1.004114949198451,-37.07237337070695
73.0,-1.0397776400574912,0.013344130488754349,-1.0724470079386565,-0.2691719774911255,-1.0533317948053507,-1.0199047326904835,-37.1824361925164
74.0,-1.0478315417913535,0.012999840588047606,-1.0875966521628888,-0.28782353175277764,-1.070081372713979,-1.0374941095216144,-37.28733825828337
75.0,-1.0584419191672312,0.012995133061186725,-1.102849171351634,-0.3066045974425531,-1.0834298172650842,-1.0558515896956466,-37.38775661295345
76.0,-1.0611737335448765,0.013078825553340575,-1.1192222568153638,-0.3126492596308272,-1.0999668708802302,-1.074527172718422,-37.484398408048534
77.0,-1.0581451761891527,0.013064489548364675,-1.136157132967452,-0.31289588744722596,-1.1178837270643842,-1.0922407511753467,-37.57722626718441
78.0,-1.0507192619195882,0.013078886619160441,-1.1537347441306154,-0.3153356232030166,-1.1350341853098465,-1.1009598547467931,-37.665859507188074
79.0,-1.0399594830529095,0.012669014774954638,-1.1665392484619057,-0.3103626591475302,-1.1504383063487422,-1.1156130063772522,-37.7520942427422
80.0,-1.0320678297567385,0.012762855177646,-1.1801707017659373,-0.3135595465215769,-1.1619064248541024,-1.1327564071247658,-37.83591922420279
81.0,-1.0248957130750829,0.012842715074051901,-1.1955195183401404,-0.31568840124940084,-1.177637629713471,-1.145850737938935,-37.9177604589173
82.0,-1.0250550868243036,0.012753222232158606,-1.2121639533138704,-0.31741133688698203,-1.187930477097703,-1.159947079821117,-37.99713185509572
83.0,-1.0315582878382534,0.012655871055077558,-1.2295629739018155,-0.31746375028545465,-1.203193910713558,-1.1715837195995182,-38.074293493249534
84.0,-1.0418043240845136,0.012607833768589973,-1.2474393588953947,-0.3206373359960163,-1.218267580298663,-1.1781506674304714,-38.149654362790315
85.0,-1.0481751235875238,0.01209198607243954,-1.2614274302047863,-0.32282896318655413,-1.2355543020912176,-1.1840163191189739,-38.22445481488704
86.0,-1.0498507180845924,0.012202125382611444,-1.2769590193270772,-0.3149194733542093,-1.2518024105729326,-1.1974738666805063,-38.30038864867888
87.0,-1.0452624591992763,0.012417416848364553,-1.2935622763902033,-0.314623251535605,-1.2692867355438677,-1.1995712108211043,-38.37664689232808
88.0,-1.0356200254311712,0.01243680345421548,-1.3109976310045546,-0.3102763754444071,-1.2802449962465308,-1.2115960236401293,-38.45392227295176
89.0,-1.024945449588407,0.011463321155151843,-1.3258531857274731,-0.3018790098321393,-1.2888459507342365,-1.211403191182545,-38.533524217310855
90.0,-1.019817850247195,0.011334627992360402,-1.3380403479489962,-0.30319195065524407,-1.3026953803862562,-1.2176368918191736,-38.614729261473244
91.0,-1.0218500158041004,0.011598889344005808,-1.3522823854081243,-0.2954490903734014,-1.3134232103251253,-1.2217670867663317,-38.698544239249934
92.0,-1.0254432241517506,0.011619863857742673,-1.3632418546828151,-0.29534303501047365,-1.3288491655275267,-1.2345414599872029,-38.78386120977767
93.0,-1.033571742322588,0.011764592905647115,-1.375850608150016,-0.2877235610428355,-1.340771331115478,-1.2493221730118131,-38.87190048235547
94.0,-1.0454336989914912,0.011889041144443762,-1.389753639616046,-0.2825171857776728,-1.3566958891030554,-1.2664921516838819,-38.96336612984858
95.0,-1.0538765710034124,0.011781668241242736,-1.401135914633628,-0.26932015487240096,-1.374372894095686,-1.2768539564717563,-39.059477180122464
96.0,-1.0541122437065058,0.011943255788663504,-1.4129295008717424,-0.2560699203265269,-1.3927704370689649,-1.2921479182219258,-39.159933305435956
97.0,-1.0511765860958737,0.011925000295975647,-1.4241475949533184,-0.2470639469405599,-1.4114548974508274,-1.3040643946088994,-39.263935374482905
98.0,-1.046682925753016,0.012051180391330815,-1.437833230684768,-0.24520929101549452,-1.4284592749233174,-1.3199835951254355,-39.371003378436725
99.0,-1.0377768691093052,0.012000822035720553,-1.4529689717451717,-0.2333209738101255,-1.4461824558807757,-1.3334991102794629,-39.48262509120684
100.0,-1.0253284670367677,0.011952802391687722,-1.4693801698230895,-0.21730553625682414,-1.4585829864387008,-1.3490776843381758,-39.599908726060505
101.0,-1.0165948947238055,0.011797718332688157,-1.4867304636023493,-0.19959556490728925,-1.4746869239577645,-1.3665853536293642,-39.72385738387264
102.0,-1.0165949662593505,0.011685635264575571,-1.5046434924508585,-0.1983411479248942,-1.4908467953613629,-1.3783290354670614,-39.85260248220091
103.0,-1.0164768110729798,0.01156112291335771,-1.52284283301926,-0.18719119679721133,-1.5085976153864407,-1.3840011180633964,-39.98740213918256
104.0,-1.0178647451758187,0.011326868226839915,-1.5386246797457912,-0.17194627589294248,-1.524100928862452,-1.3974184673574612,-40.1281890689683
105.0,-1.0223538829014804,0.011105638679791658,-1.54926124325364,-0.16604892413914485,-1.5415465890554367,-1.4140516554041898,-40.272715744291894
106.0,-1.0311188208339088,0.010984113024940487,-1.5563557505036043,-0.16051134849178994,-1.5598448009534955,-1.4320146050402216,-40.420108614995875
107.0,-1.0404504905014011,0.010967202465133975,-1.5610402829019128,-0.14717270229457077,-1.5785000103848952,-1.450527193470312,-40.57086110118079
108.0,-1.044401876056507,0.01111456012057582,-1.5640825215478873,-0.1385021280712016,-1.5952903547747077,-1.4692669903130835,-40.72404055193685
109.0,-1.0408897970818471,0.011196362478410347,-1.5661111695120042,-0.12389047843461685,-1.6132835070753329,-1.488100785453332,-40.87967040967345
110.0,-1.0319771856121067,0.011266961622542883,-1.5674771310980005,-0.10901818298780236,-1.631804819928284,-1.5069734934472612,-41.03742949333825
111.0,-1.0244935389835583,0.011233784364313274,-1.5684617733142996,-0.092059789965492,-1.638568691868159,-1.5184026107278354,-41.19731861416554
112.0,-1.0164579891682153,0.011267249477515187,-1.5690794374552408,-0.0763461646825602,-1.652460771830562,-1.5341270913063467,-41.35939051453461
113.0,-1.0162327265027284,0.011172306856613285,-1.5695930414821666,-0.05880723712366489,-1.6549878960718374,-1.5441318223978258,-41.523698173962366
114.0,-1.0178407429068097,0.011203585253242122,-1.5698507261442405,-0.04046627993925443,-1.6669045362641137,-1.5592757758309777,-41.69046736951452
115.0,-1.0242026712613108,0.01118584532970666,-1.5700629205347179,-0.02179675806092112,-1.6829129694377751,-1.576621037123304,-41.85995279633628
116.0,-1.0259094458317746,0.011308475038411443,-1.57009206489695,-0.006683054105265068,-1.7006276264385125,-1.5948781387391096,-42.03172735399536
117.0,-1.0255554145202783,0.011344364668699883,-1.5701592560991304,0.003494086574656783,-1.7179771197378424,-1.6133726870144902,-42.205156907399626
118.0,-1.0226453897208663,0.011253592566733576,-1.5669426405037434,0.005780194316112998,-1.7362188258010398,-1.6321026961691594,-42.378493149094176
119.0,-1.0188492940423488,0.011419829150092209,-1.5679511953314755,0.01786602153100891,-1.7548444863833281,-1.65093241320429,-42.55367202572968
120.0,-1.010459332557345,0.01140912669803942,-1.5687071374430195,0.033156681310106496,-1.7736334954236055,-1.6632666490531716,-42.7309884642321
121.0,-0.998386371375398,0.011411663246663118,-1.5692203029941492,0.04651615323573138,-1.7825132699804314,-1.6730635125641378,-42.91006155630379
122.0,-0.9951038656446634,0.011247647584996167,-1.5697033786851617,0.06305579310414738,-1.792599579689599,-1.6881041724063504,-43.09144343459328
123.0,-0.9981733646563206,0.011216203918905725,-1.5699699434686565,0.07602652769662264,-1.8077840935936906,-1.705306396058178,-43.27471526096327
124.0,-0.9970411733998484,0.01129378043847666,-1.5700460033503154,0.09022612085151448,-1.8251570257329748,-1.7168493914650316,-43.45996426000444
125.0,-0.9985624054926421,0.011256456446780886,-1.570186270000861,0.10448407363437,-1.8434186130996615,-1.7326074396805236,-43.64726382512679
126.0,-1.003282558737213,0.011232111644662065,-1.5702705437850975,0.12052198152999163,-1.8567203317515546,-1.7390055123995178,-43.83686163432078
127.0,-1.0029150519288454,0.011319201521603083,-1.5700731014891558,0.1345817893843793,-1.873221605829204,-1.7461644187277527,-44.02837544699129
128.0,-1.002362578199894,0.011304146559907203,-1.5701718766315604,0.1514183551301564,-1.891124208016688,-1.7601282828754232,-44.22219058783684
129.0,-0.9988137354760461,0.011331652730201027,-1.5702038909787108,0.16946669913382814,-1.9070381976370077,-1.776985508358423,-44.418314632629134
130.0,-0.9980461908582843,0.01127943055148095,-1.5702934319490034,0.18801759979358595,-1.912898425297616,-1.7906397237352858,-44.61683796288645
131.0,-0.9993647695183026,0.011265182161686474,-1.5703345370667106,0.20677172961143514,-1.9264166927832709,-1.793576848858276,-44.817896683553734
132.0,-0.9948901645897971,0.01134317146212278,-1.570282978599634,0.2256066594006447,-1.9430996621629861,-1.8059331745543183,-45.02128470073951
133.0,-0.9853618511023126,0.011381232155481967,-1.5702681765846505,0.24267737572096762,-1.9560905538274262,-1.8221296638795819,-45.226651218699246
134.0,-0.9826966778235399,0.011283980844534858,-1.5703816572392262,0.25328924073315523,-1.9724549115774068,-1.8399122762716116,-45.4333830239381
135.0,-0.981312838172437,0.01126041762548113,-1.5703838830633712,0.268677673538241,-1.9895921427457004,-1.8546514785804735,-45.642011703331335
136.0,-0.9788593743826075,0.011271936843054036,-1.570372909868727,0.28613156782665716,-2.0077516575112884,-1.8717682604622667,-45.85275678874285
137.0,-0.9713956049600861,0.011327257447040792,-1.570325948341505,0.3044327786289001,-2.0237025457988014,-1.8864760232543902,-46.065627208931545
138.0,-0.9648108444779447,0.011310805820986767,-1.5703624119457202,0.3168145979960596,-2.0413333444328727,-1.9035840261620838,-46.27991698916363
139.0,-0.9631832405314641,0.011239635288983434,-1.5704206179512512,0.3293440829658649,-2.0528340334988053,-1.916303461075011,-46.49570061700948
140.0,-0.9670433686684851,0.01119508123496554,-1.5704580842712794,0.3413916897232966,-2.068580332011962,-1.9325554934723095,-46.71289017810551
141.0,-0.9707821210205876,0.011231949851901547,-1.5704245135643078,0.3512293902171599,-2.076440259115845,-1.9503582947390776,-46.93130755445658
142.0,-0.9725342193399132,0.01124909102597553,-1.5703947622244665,0.3662898671373781,-2.0907428161304793,-1.9637463014387357,-47.151488835844326
143.0,-0.9695423813075643,0.011296570985954128,-1.5703503507866783,0.38360669688321786,-2.0984759166252767,-1.9802812692345404,-47.37368162985211
144.0,-0.9622494345281761,0.011335341511394424,-1.570330625903278,0.39758807547511893,-2.1127173142297253,-1.987161379375564,-47.597314984246516
145.0,-0.9510682089746901,0.011352571946402197,-1.5703190695902833,0.4092265560240275,-2.121222577090635,-2.000743888655567,-47.822201206865834
146.0,-0.9463764261630995,0.01123070361278459,-1.570420538932469,0.425043197220841,-2.1357621948805927,-2.0169816427600367,-48.04883226412808
147.0,-0.9486151067701141,0.01119485333182145,-1.5704762169302766,0.4291766836683762,-2.1508237937764254,-2.025369256220623,-48.275707207995026
148.0,-0.9547815723181133,0.01116110743743557,-1.5704796408964874,0.43994802090160734,-2.1659765344973234,-2.0398819010475933,-48.50361841659282
149.0,-0.9613614733856293,0.011183519928048707,-1.5704509575648036,0.45388230501365084,-2.1742217744920898,-2.056967052618194,-48.73320315768368
150.0,-0.9603660346951723,0.011287219739177238,-1.5703617144307795,0.4681086061971085,-2.1860191168937373,-2.0718736763015446,-48.96426521748408
151.0,-0.9591593854240776,0.011291416672827632,-1.5703925006646153,0.4676414893785282,-2.201933245967687,-2.089067531433329,-49.194933743545526
152.0,-0.9574201871240521,0.01125869908906452,-1.5703922889346087,0.47484873292622637,-2.219601736153339,-2.1072605562942806,-49.42598397277241
153.0,-0.9504891469282951,0.011319854824742868,-1.570350531335456,0.4735440241258957,-2.23799434487248,-2.117882336740472,-49.656223323251474
154.0,-0.9456677347528784,0.01123649866242072,-1.5704008590720961,0.4814806276843452,-2.2558925509302865,-2.1332852732747307,-49.88679460401437
155.0,-0.9399318983579943,0.011254243496403733,-1.5703943973241998,0.4853209812634741,-2.2743667523296374,-2.1463885521743293,-50.11717509742894
156.0,-0.9384471172893998,0.01118683085263554,-1.570447520194037,0.4930368662737569,-2.2925352248289665,-2.1628178181852187,-50.347882139900904
157.0,-0.9401907003217544,0.011157208907338026,-1.570462332319453,0.5072313003969116,-2.3111245771536018,-2.1806944013987835,-50.57970248987988
158.0,-0.9407553571001722,0.01119276798716279,-1.5704334983292552,0.5241891712599253,-2.328991345539713,-2.1991712483650585,-50.81294278278524
159.0,-0.9393572098079528,0.011221956555969874,-1.570415417792441,0.5422880354672018,-2.3468292233154178,-2.2143355176974393,-51.047657296700294
160.0,-0.9358763867932088,0.011241391798281129,-1.570404380339886,0.5608557559803086,-2.3593040965879033,-2.231630299546306,-51.2840048372436
161.0,-0.931707055230302,0.011239094012115106,-1.570413396098073,0.5796183837399176,-2.3754457852685134,-2.2479567768648625,-51.52184033876483
162.0,-0.9328835513968425,0.011182428821492547,-1.5704796992143206,0.5924242511372809,-2.388313772692211,-2.259074292131753,-51.76072388959854
163.0,-0.9287859310905888,0.011250793962883898,-1.570407497814125,0.607482888954501,-2.404643522400283,-2.274659373687657,-52.00054616497097
164.0,-0.9250977029423685,0.011218731202848404,-1.5704356272974833,0.6247859124913329,-2.4224772162887933,-2.2915136702088366,-52.241504622805266
165.0,-0.917074410325135,0.011266585928102158,-1.5703991112631963,0.6388827648940415,-2.440939167060833,-2.309556340531636,-52.483079866816915
166.0,-0.9132514426815298,0.011186207042425752,-1.5704662556421336,0.655733081846466,-2.4500946102115884,-2.328101626113331,-52.726110755212055
167.0,-0.9160367582876873,0.011126542904365315,-1.5705226879559184,0.6719932870941602,-2.464923499980904,-2.346854954409828,-52.970329114306786
168.0,-0.9205194165343566,0.011140522495191242,-1.5705099912127198,0.6872373239552781,-2.478813151409932,-2.356665898594733,-53.21565946516478
169.0,-0.920398745725214,0.011226811088538074,-1.5704595812436435,0.6845553844223933,-2.4955875782989843,-2.3717543708934734,-53.45984204345872
170.0,-0.9141268696390874,0.01125181975179127,-1.570400365187438,0.6945843290798437,-2.5136106475025213,-2.389077080018881,-53.70396511497684
171.0,-0.9119104847543089,0.011170804762538723,-1.5704703379401144,0.708662727687901,-2.5321436256642773,-2.3989441752034373,-53.94859641393324
172.0,-0.9133263393829099,0.011147528695569339,-1.5705035855778535,0.716162667600298,-2.550892665349484,-2.408936859466868,-54.19305435128454
173.0,-0.9134720784850116,0.011164807594338204,-1.5704727639593996,0.7303033560652902,-2.56798675634653,-2.416678085720644,-54.43804826806437
174.0,-0.9087417905565445,0.01121574593952926,-1.5704318056578053,0.7445950711902017,-2.5861106972265735,-2.422164946840799,-54.68339277461404
175.0,-0.9019923467134384,0.01119221123675824,-1.5704407349201912,0.7521514342198489,-2.6046884992785118,-2.4354820730378566,-54.928289554347074
176.0,-0.9004396566083509,0.011115512646387469,-1.5705072527396755,0.7630208283089939,-2.62264091181395,-2.452073078090028,-55.17320080548688
177.0,-0.9017086392112822,0.01110315127822449,-1.5705159233847372,0.7785246648967763,-2.6338014916964676,-2.4699748005529614,-55.41906587845149
178.0,-0.8999880554161013,0.011155950107825548,-1.5704783317576596,0.7949127820123961,-2.648206263570515,-2.4871455665212925,-55.66570993453494
179.0,-0.8966714573855025,0.011167189357957718,-1.5704763170303797,0.8123300457038538,-2.6639742850845574,-2.504411717802332,-55.9130966668347
180.0,-0.8922498100751644,0.011177598509914002,-1.570486260193568,0.8210089959233369,-2.679518779387331,-2.5163942111800592,-56.16029357348135
181.0,-0.8871840628216925,0.011168729096950573,-1.5704862263843937,0.8320357525305279,-2.695401093920617,-2.53006185955368,-56.407453163986766
182.0,-0.8882870115528282,0.011090991921809162,-1.5705495263716245,0.8465327773635988,-2.709595744897599,-2.5441747841197078,-56.655136559474066
183.0,-0.8849511325729513,0.011169268328138525,-1.5704989241404717,0.8480122315508487,-2.7226782087512174,-2.556201331045174,-56.902001325257714
184.0,-0.8779668695139702,0.011181912780272725,-1.5704671821469636,0.858941263697309,-2.739363939003335,-2.5722708340870457,-57.14866655425763
185.0,-0.8783345171814697,0.011086431939825602,-1.5705601108132878,0.8672161371293147,-2.751854630449147,-2.590195164588407,-57.395277391785505
186.0,-0.8810724684383896,0.011083917164750422,-1.570550083840947,0.8807946889297186,-2.765899613516322,-2.6066803462955472,-57.64222162691782
187.0,-0.8834634612621918,0.011103519623811417,-1.570533132402219,0.8971826212422197,-2.782293551506665,-2.6225130017664586,-57.889610244720686
188.0,-0.8850852710330708,0.011119669070013941,-1.5705283032611637,0.9095411380076437,-2.7983588587435264,-2.6242476485703907,-58.13703845525761
189.0,-0.8843252617757693,0.01114400144222889,-1.570512595924978,0.9179491419432042,-2.811293515337944,-2.634690510410015,-58.38428928375347
190.0,-0.8826631015813489,0.01113993534487583,-1.5705167662861772,0.9250749408378741,-2.8256910712602568,-2.6496391646368593,-58.63109598357331
191.0,-0.8791050600403477,0.011145925593618381,-1.57049910914354,0.9383177476781934,-2.8429230331206226,-2.6669691978581436,-58.877758194016074
192.0,-0.8748285960440448,0.01113705217903088,-1.5705068580374635,0.9527085094314875,-2.8568141744393167,-2.6804787111327144,-59.12465031613671
193.0,-0.8698801245177138,0.01113275738997106,-1.570520462204706,0.9645169797297198,-2.871398213988176,-2.6965032029141374,-59.3715017343339
194.0,-0.8690431781880011,0.011078338017075714,-1.5705711737961712,0.9740077273544534,-2.8831677639045625,-2.7144141675838185,-59.6183152910666
195.0,-0.8653258490630479,0.011118283453613013,-1.5705254961142063,0.9885100070993623,-2.8978984240450276,-2.7327924122282146,-59.86528017350356
196.0,-0.8612768040640768,0.011108250414086127,-1.5705376530406665,1.0047722148247251,-2.9142944068582533,-2.7514014674238174,-60.11245517452569
197.0,-0.8591806773357011,0.011081197748892291,-1.5705746411447705,1.0132883976987737,-2.9270467104328417,-2.7701430945086183,-60.35939394811841
198.0,-0.8546807934201005,0.011108725302062616,-1.5705420244223307,1.0246946882600236,-2.9413972844653653,-2.7889008265639954,-60.60620774983492
199.0,-0.8555345771815737,0.011041299019643156,-1.5706001289337717,1.0385911950753537,-2.95681845513803,-2.8077755033863916,-60.853031141577
200.0,-0.8548904522956835,0.011074841233966772,-1.570577435871065,1.0445143898883484,-2.9694658223088326,-2.8137279829750854,-61.099278155205795
201.0,-0.8532861016705543,0.011080802010369782,-1.5705696805642513,1.050325902796072,-2.9799544889708995,-2.8269262330336224,-61.345162377395795
202.0,-0.8487705015107285,0.011106000180302866,-1.5705439584210992,1.055492055689287,-2.9895415885840384,-2.843463459822602,-61.590711668537686
203.0,-0.8471954026707682,0.011060366575348668,-1.570581218809675,1.0635219063623522,-2.9991534902362784,-2.861281852294918,-61.83619947709707
204.0,-0.8436250824988853,0.011086064935073605,-1.5705607394587042,1.0674496089475392,-3.0058962101839573,-2.8797397633315573,-62.08150770459761
205.0,-0.8351804841680239,0.011126747004609862,-1.5705206123362778,1.0730200341252192,-3.012473196826458,-2.898539730081552,-62.32694557745103
206.0,-0.8334976002556708,0.01103335223694798,-1.5705989545278793,1.0853977248120341,-3.023553976513538,-2.907657976704944,-62.57265887638246
207.0,-0.8344110146897862,0.010201249669373939,-1.5705871000195863,1.0921615890552798,-3.0294873393074195,-2.9223788219647022,-62.81861262321781
208.0,-0.8319170601044499,0.0103687960737582,-1.570599118504725,1.0935489071046884,-3.031921210584391,-2.939327098274636,-63.064543443100455
209.0,-0.8333020485835824,0.010568994978132748,-1.5706174926728524,1.1042510420844063,-3.039252485116801,-2.950861574235654,-63.31073187122541
210.0,-0.8321130727405949,0.010770665722648223,-1.5705784692718927,1.1141774966347826,-3.0446725080573316,-2.9665301470076826,-63.55736415521008
211.0,-0.8322475824542305,0.010852993697644468,-1.570595042787928,1.1252125557617825,-3.0513419498460532,-2.983965298537648,-63.80443020542651
212.0,-0.8306073125055199,0.010939813238086878,-1.570580153232974,1.1337392285702106,-3.0569855879251806,-3.0022099942413636,-64.05183667741105
213.0,-0.8327474313010943,0.010937415954402731,-1.5706168337946325,1.1425091039148325,-3.063163885142133,-3.020792872363547,-64.29945150072115
214.0,-0.83157222354208,0.01101170596673555,-1.570576439065185,1.150496982321755,-3.068775888950345,-3.0395779642479717,-64.54732167752685
215.0,-0.8286946279192586,0.011033017162945415,-1.5705714512750344,1.1580384418516474,-3.0747241907779976,-3.0535014271957186,-64.7954619705637
216.0,-0.8295046637370888,0.01099538822890985,-1.5706197504313586,1.1649704402590095,-3.0801149576905917,-3.067570589308877,-65.04376443646562
217.0,-0.8289205791948394,0.011006620845899392,-1.5699412827118953,1.1707335040218105,-3.0842574086357755,-3.0843277594880463,-65.29206303312802
218.0,-0.8235912047450668,0.011089101478178822,-1.5701015978109778,1.1761002892145112,-3.0884136186463618,-3.098011772989984,-65.54072230671285
219.0,-0.8232941435808194,0.011010351775543048,-1.570323711006509,1.1810297277422994,-3.092535886127539,-3.109356454941205,-65.78957879153988
220.0,-0.8214869978973329,0.011036355151532094,-1.5703976339648913,1.185076203725961,-3.0953452901130043,-3.1249177621189785,-66.03865514158221
221.0,-0.8196301328868482,0.01102886762945824,-1.5704721121085765,1.1886311715146731,-3.0975506726451236,-3.1423892884762563,-66.28798484273464
222.0,-0.816649009064172,0.011038070701830528,-1.5705082484120088,1.1917655068580764,-3.0993776794653805,-3.1606782535327076,-66.53761017002911
223.0,-0.8123664741778273,0.011044047413108786,-1.570533080648608,1.1947392112109831,-3.1015233226786116,-3.1759024929227544,-66.7875718566065
224.0,-0.8094003723743918,0.011021565646037708,-1.5705740227318343,1.1977566270126985,-3.1045195432859924,-3.1844389274669753,-67.03774868114124
225.0,-0.8076276797225843,0.011010735209707556,-1.5705969164799416,1.2001274851363737,-3.106144243187222,-3.198831081467026,-67.28812710828346
226.0,-0.8095704856326318,0.010978524059058631,-1.5706347667359304,1.2022360106790244,-3.1073322586300725,-3.2151803475360663,-67.53850060997094
227.0,-0.8126718229049809,0.010987013603645839,-1.570631813721582,1.204350860806581,-3.1091033693001324,-3.227143757737922,-67.78871579232356
228.0,-0.8092759504824256,0.011064161739380808,-1.5705657428628848,1.2059567651350191,-3.109943712342333,-3.242942498576812,-68.03915795819135
229.0,-0.8044077966634584,0.011055146402276166,-1.5705786297166997,1.2074281436397203,-3.1105162855970088,-3.2605077372895663,-68.29002276160386
230.0,-0.8011607379397343,0.011025316813753353,-1.5706073665760731,1.2087843117644403,-3.1109862564641353,-3.278830641282492,-68.54123472803245
231.0,-0.8047256096866937,0.0109578068613876,-1.5706689510927745,1.2104112353665295,-3.11250305592895,-3.29103115652978,-68.79226151348793
232.0,-0.8055074815302123,0.011014944829763234,-1.5706160606394326,1.2115433283359058,-3.1131004691842703,-3.3069142393590782,-69.04324089911513
233.0,-0.8030570072435412,0.01104331694087694,-1.5705922852524556,1.212526495888495,-3.1134007349389643,-3.3245166269582707,-69.29443767405049
234.0,-0.7996370263952736,0.011040370465557978,-1.5705959853770313,1.2134374795662322,-3.1136219295641157,-3.3428554020772325,-69.5459578435694
235.0,-0.7942787132066703,0.011050824328871858,-1.5705866138095774,1.2144574652459015,-3.1144385036407694,-3.357574993791533,-69.79791664732606
236.0,-0.7900562495855831,0.011024983701399768,-1.5706109608962189,1.215372578291896,-3.1150619963801875,-3.3730782557222883,-70.0502885374051
237.0,-0.7916447504436678,0.01096582919969343,-1.570664308962114,1.216483034072894,-3.116346617522724,-3.3844634963937903,-70.30256264364439
238.0,-0.7990681211269643,0.010935240391504392,-1.5706898624462462,1.2174667152512162,-3.117449661481937,-3.395769209845142,-70.55424786112202
239.0,-0.8001072607094009,0.011034572834111344,-1.5705989491042753,1.217991427267239,-3.117582062852865,-3.411329677347213,-70.80580831250877
240.0,-0.7943334349960138,0.01108759692211002,-1.570553014312926,1.2184192847465702,-3.117445141399057,-3.4287917354437814,-71.05783389460456
241.0,-0.7930666210141216,0.011010436298376506,-1.5706247965892959,1.2192154035160567,-3.118248399790444,-3.4416395035236937,-71.31003257683452
242.0,-0.7877537993067047,0.011058636461063738,-1.570578805213775,1.2196241335033884,-3.1182866732546204,-3.457815293299232,-71.56268752423192
243.0,-0.7851351902620277,0.011010256741207437,-1.5706246853225776,1.2201783086816274,-3.1186089711837126,-3.473012308428815,-71.8156538996674
244.0,-0.7797172407190501,0.01104376647688689,-1.570592937658385,1.2205017940376877,-3.118506750438587,-3.490225670880803,-72.06915928234629
245.0,-0.7733798054165261,0.011039156960811664,-1.5705983935335959,1.2211172867923774,-3.119317306843018,-3.5022861692497997,-72.32331793348642
246.0,-0.7715127941037653,0.010985015669940963,-1.5706480340157343,1.2215211140073758,-3.1194446451770284,-3.518115217453201,-72.57776479548224
247.0,-0.7699736081295907,0.010997088700465094,-1.5706356827597328,1.2220011579419991,-3.119980833632362,-3.5312197916453774,-72.83237293686818
248.0,-0.7709303530321276,0.010977814273751146,-1.5706535720067512,1.2227324996694484,-3.12132850942395,-3.538933358407964,-73.0868406308624
249.0,-0.7699548450181279,0.011012525802614198,-1.5706213979619799,1.2229744420100377,-3.12137300926046,-3.552981406336618,-73.3414029897666
250.0,-0.7681893398318959,0.011017714492729713,-1.5706174488044014,1.2231164958090002,-3.1210268705793194,-3.569794245528092,-73.59621036043826
251.0,-0.7682551075215233,0.010997425473840337,-1.5706357763373782,1.2233198137633798,-3.120835143245329,-3.5864065238463105,-73.85107192315358
252.0,-0.7682068960130635,0.011006391247754474,-1.5706268582142469,1.2234253027094053,-3.120472110758053,-3.604246136561817,-74.10597726811139
253.0,-0.7660364994287959,0.011029373953609804,-1.5706060576606418,1.2236096751318466,-3.1204542342264903,-3.6203528446983255,-74.36113323410173
254.0,-0.7621637760481549,0.011038205385432388,-1.5705986188630665,1.224124599562175,-3.1215373603375873,-3.6297013981479513,-74.6166913783003
255.0,-0.7594834444253606,0.011015464888013835,-1.570619776789111,1.2245121664530267,-3.1222277484962824,-3.640447376285499,-74.87257565112161
256.0,-0.7549287560458909,0.01077159640839018,-1.5705928149445856,1.2248388469477918,-3.1228360014195613,-3.650816657187946,-75.12904338986137
257.0,-0.7509718978511594,0.010794512636165078,-1.5706244335427426,1.2249302349547955,-3.122613883235934,-3.665965189130562,-75.3860880644884
258.0,-0.7505524556049261,0.010836354685958052,-1.5706537898983681,1.2252355435490314,-3.122980814938533,-3.6780877623494663,-75.64321355571856
259.0,-0.7516175465181921,0.010887808503118945,-1.5706506697414953,1.2254807162633994,-3.123299116944846,-3.689958254402275,-75.90018238185478
260.0,-0.755498441383887,0.010906168770428305,-1.5706627693823916,1.2258137998711351,-3.123872831891971,-3.700057526356626,-76.1566288847029
261.0,-0.7564470334149463,0.010976937809408442,-1.5706169191873929,1.2264524717785652,-3.125607515016343,-3.7017850081914285,-76.41279266766588
262.0,-0.7553034370806321,0.011005925924454223,-1.570604225565438,1.2264792023159343,-3.125453854073885,-3.713385172236467,-76.66909770184901
263.0,-0.756628916198346,0.010974927247381805,-1.570401168274562,1.2266396879506103,-3.1255041614348404,-3.724535274809123,-76.92521451594347
264.0,-0.7572493334218195,0.009277240967430692,-1.5703982303435162,1.2264963410300438,-3.124797434752491,-3.7400154243995845,-77.18160929049122
265.0,-0.7518578336463472,0.009596172062144599,-1.5705036751830692,1.2263030988544947,-3.123900302135585,-3.757437797135975,-77.43873507797815
266.0,-0.7417698515310646,0.010131682132653289,-1.5705008207394315,1.2260996997032396,-3.1230542812020983,-3.7756927766815376,-77.69720616228523
267.0,-0.7341154456385675,0.0104140644146238,-1.5705641275837035,1.226006888643967,-3.1223871220626847,-3.7943055006208124,-77.95688214247053
268.0,-0.7336881328604843,0.010555883538989884,-1.5706427625522341,1.2259892260165515,-3.1218726621705963,-3.8130740925921858,-78.21672998137339
269.0,-0.7398348412506786,0.010661243343649355,-1.5706808452697563,1.225971407601072,-3.121436007611441,-3.8319118049255265,-78.47571320756825
270.0,-0.7411516235694036,0.010841144984072976,-1.5706057896882915,1.2262415634155988,-3.122280795423468,-3.842498632043127,-78.73433835429563
271.0,-0.7405245743915686,0.010913887612149668,-1.5706003396012618,1.2262454377285628,-3.1222438940181405,-3.8577294152716353,-78.99303285954986
272.0,-0.7372196110901901,0.010973810901836968,-1.5705841530082212,1.2261526224086339,-3.1218830699871836,-3.8750520507318584,-79.25221213351102
273.0,-0.7362509801266571,0.010960870036166004,-1.5706215569614919,1.2262135664335554,-3.121841559720715,-3.8912307882945716,-79.51158916923939
274.0,-0.7371073281743813,0.010964043401198689,-1.5706339580080968,1.2261768374464221,-3.1215588247835675,-3.9088751827092394,-79.7708733156122
275.0,-0.7385431012147771,0.010977274552657101,-1.570632225093688,1.2261081535118394,-3.1212068660486016,-3.9272324621869443,-80.02996582880722
276.0,-0.7388897590068827,0.011001189137990627,-1.5706174849509986,1.2261457604548134,-3.1212477836654835,-3.943464176135496,-80.28898715219098
277.0,-0.7362974281270057,0.011032868817981063,-1.5705937000622479,1.2260721291831425,-3.1210218659417723,-3.9611221398180483,-80.54837959462557
278.0,-0.7313763901756645,0.011045764315277934,-1.5705857474151832,1.22637233072794,-3.121947469538804,-3.971973957460331,-80.80846366139666
279.0,-0.7286285782190708,0.011009684385306124,-1.5706212334979313,1.226467824098972,-3.1221554434281464,-3.986444930880058,-81.06901929980384
280.0,-0.7247278473426537,0.011024713263077033,-1.5706080130508453,1.2263960537845457,-3.1218993028532274,-4.00340518316065,-81.3302132291179
281.0,-0.7202574898767634,0.011024070578134277,-1.5706100930916753,1.2263062040180264,-3.121531412645105,-4.0214685666140575,-81.59218943828569
282.0,-0.719515163352729,0.010982210885200927,-1.5706489131580639,1.2262684049675552,-3.121206393022004,-4.04000452792872,-81.85437957728969
283.0,-0.7187642456636225,0.010997238645531614,-1.5706344618524266,1.22618034992428,-3.1208631329265715,-4.0587451134277215,-82.1167110766397
284.0,-0.7209115134698157,0.010973711328032286,-1.5706563444277397,1.2267488051577788,-3.1225220818435977,-4.065656389941916,-82.37861406671391
285.0,-0.7284176519661927,0.010940831635474163,-1.570684859534133,1.226859034877777,-3.12277800989362,-4.079405583071798,-82.6393040597088
286.0,-0.7340525845058934,0.010994104112397502,-1.5706352377299673,1.2270308286556986,-3.123354846178073,-4.090527963907963,-82.89900178958143
287.0,-0.7350956418168173,0.011044083074140594,-1.570591067236434,1.2270753864337698,-3.1235945220398795,-4.10290020106214,-83.15845494224212
288.0,-0.7305663219440971,0.0110834566872804,-1.570556294405519,1.226919008781539,-3.1231965629997442,-4.118930111382678,-83.41858144243812
289.0,-0.7276911337588776,0.011035880149229104,-1.5706008625634125,1.227010905243011,-3.1233204939801014,-4.1327671638137105,-83.67921835334991
290.0,-0.7214762385780604,0.01106381579983508,-1.570574256053753,1.226869609522435,-3.1229216964844952,-4.1492719614721745,-83.9408684793915
291.0,-0.7192360421179457,0.011001509452521485,-1.5706324460580832,1.2270251835548913,-3.123193642476662,-4.1626815067835725,-84.20297059921423
292.0,-0.7173036704511879,0.011007144135253995,-1.570625957595862,1.2269341604396964,-3.1228725178711625,-4.179113136923172,-84.46542331794407
293.0,-0.7154626759437283,0.011007167287319528,-1.5706263936730747,1.226806520014308,-3.1223972632346304,-4.196948695073974,-84.72823577573057
294.0,-0.7103691803756985,0.011041613981176394,-1.570595066933738,1.2266311585416214,-3.1218741984105516,-4.215386778885098,-84.99194903658665
295.0,-0.7120443631131482,0.0109603262870012,-1.57067007779771,1.2266051570682899,-3.1215221399732123,-4.234081444738964,-85.25550445997749
296.0,-0.7095939199193156,0.011028474100196313,-1.5706058256704987,1.2264305603741132,-3.1210812604165192,-4.252891162656123,-85.51944387929568
297.0,-0.7108381621500501,0.010980036034330076,-1.570651746628734,1.2267018858152474,-3.1217875314479895,-4.265704390663745,-85.7831888654113
298.0,-0.7094844289648223,0.01102255610526381,-1.5706116486375787,1.2266404001802016,-3.1217275830050264,-4.281852229341391,-86.04712438027448
299.0,-0.7049686225606039,0.011046419630033418,-1.5705910345627623,1.226525491347905,-3.121436599899893,-4.299568768277751,-86.31187886668619
300.0,-0.7023296776811072,0.011012344975274037,-1.5706227970127644,1.2264640033421446,-3.1211500908070913,-4.317956609219616,-86.57719868473873
301.0,-0.6986174124529776,0.011025491350414899,-1.570609928729517,1.226357985495005,-3.1208313795216993,-4.336634065954437,-86.84323540734233
302.0,-0.6960846346566689,0.011007090207596376,-1.570627246469464,1.2262959871352561,-3.1205776429695646,-4.355434785407436,-87.10981467772883
303.0,-0.6962586439485792,0.010983536544064016,-1.570648177797549,1.226258384967053,-3.1203750904780505,-4.374289350557514,-87.37641476933474
304.0,-0.7006993081243588,0.01095576114395931,-1.5706723593958098,1.226585338189956,-3.1213053369274295,-4.386477671168401,-87.64214712732401
305.0,-0.7069525041901342,0.010965379500743123,-1.5706622945543178,1.2269059772218243,-3.1223616830754075,-4.3965422062695785,-87.90662674987557
306.0,-0.71169858919445,0.011000836098247684,-1.5706299361057152,1.2268781804630315,-3.1223925588068298,-4.411547560608481,-88.17018624766054
307.0,-0.709947949105003,0.010254487671904795,-1.5705421570012723,1.2266927879421454,-3.122019498324984,-4.428774772486927,-88.43412418573776
308.0,-0.7050021455746204,0.010381292644989286,-1.5705880784188802,1.2268756230017082,-3.122578008317054,-4.440972087110322,-88.69892694149887
309.0,-0.7009889752661117,0.010588952764699785,-1.5706091067684584,1.2270842379760412,-3.1232098373313564,-4.452230698609906,-88.96443651348987
310.0,-0.6943372927778856,0.01076604193086345,-1.5705856317441176,1.227225109883371,-3.123739116591809,-4.463129550208805,-89.23114433752811
311.0,-0.6912303742938758,0.010710595703678327,-1.5706302381296846,1.2275317930309104,-3.1245753694205507,-4.471982026304964,-89.49850098621658
312.0,-0.6950125917028027,0.010732624583888949,-1.5706878034894654,1.227537004052225,-3.1243879365057987,-4.486478860563542,-89.76519770761512
313.0,-0.7005239650139156,0.010823679965735246,-1.5706681139303016,1.2279538403405519,-3.1255971126093285,-4.492201626018621,-90.03072138188256
314.0,-0.6990668215685416,0.010960781023323186,-1.570586706925299,1.2277785212334726,-3.1252644264542284,-4.505451596641379,-90.29640858374522
315.0,-0.6978675029753634,0.01096761311813027,-1.570610577093484,1.2276008792467024,-3.1245920502028643,-4.521918368405219,-90.56239793108404
316.0,-0.6964126544177491,0.010987154628454673,-1.5706101111326178,1.2273820783129163,-3.123819263673744,-4.539765784810335,-90.82871675873132
317.0,-0.6982133858873374,0.010963169237664112,-1.570643664980609,1.2272232536317784,-3.1231377847265023,-4.558204813566919,-91.09478210940902
318.0,-0.6970943151710434,0.011013651031073548,-1.5706045028109314,1.2272943036318937,-3.1233976962716334,-4.571107157708214,-91.3609915627831
319.0,-0.6933316862399401,0.011035126935652194,-1.570591314200509,1.2273168113735715,-3.1235404372109294,-4.584361452986474,-91.62790791157346
320.0,-0.6960851583630484,0.010960325557321076,-1.5706630739946554,1.2277192771241072,-3.1245991433036395,-4.592389534891862,-91.89432980688902
321.0,-0.6931962282602999,0.011042878024920476,-1.5705881775609174,1.2275587719027221,-3.1243205527771987,-4.606566039984373,-92.16122144704617
322.0,-0.6938937611841148,0.010988458960855206,-1.570641441791019,1.2278193629574436,-3.124958528582229,-4.616204748133934,-92.42802078957557
323.0,-0.6927160489123889,0.011020714918000747,-1.5706114793072794,1.227670590515673,-3.124563264331845,-4.631033762180051,-92.69503229218033
324.0,-0.6912075062936921,0.011017512569677982,-1.570615926644682,1.2274807552356821,-3.123911011971812,-4.648179413891981,-92.9623955228517
325.0,-0.6880519618414566,0.011032114613702803,-1.570602926763599,1.2278630509197417,-3.1250938845625647,-4.654512945453514,-93.23031070015591
326.0,-0.6826597458936425,0.011045182034801046,-1.5705918827885295,1.2278549081514207,-3.125163846957869,-4.666222637872873,-93.49931814938437
327.0,-0.6803501258035392,0.011000104912200293,-1.5706337910028818,1.22777138031975,-3.1247678401462387,-4.681273877010438,-93.7689107197278
328.0,-0.6825199834650705,0.010963986142827972,-1.5706654230190582,1.2276232347842337,-3.124124897741613,-4.698475436059409,-94.03814935895988
329.0,-0.6901557215487486,0.010694030179592478,-1.5706820534082695,1.227471472569287,-3.123462800442432,-4.716638483028922,-94.3059501140973
330.0,-0.6976915827360369,0.010768974800144413,-1.5706597343903057,1.227296717752533,-3.1228910384393074,-4.734612745024349,-94.57224277122995
331.0,-0.7004993639952062,0.010902136776711247,-1.5706014749693924,1.2270647729873143,-3.122289433531403,-4.75307615194168,-94.83792416993427
332.0,-0.7029960515855231,0.010939461622548202,-1.5706095941265035,1.2269150460663107,-3.121806858141239,-4.771781926960065,-95.1031552074778
333.0,-0.7075626181155276,0.010946701820569242,-1.5706288846481684,1.2268061939043946,-3.1214134664551634,-4.790593458629371,-95.36757626280603
334.0,-0.7068549229295363,0.011025415194643532,-1.5705742380872847,1.2270737073933364,-3.1224512407231027,-4.800410295690895,-95.63196724485334
335.0,-0.701138929478161,0.01106404657308285,-1.5705522605387243,1.2270737558584701,-3.122679715990561,-4.813956666371432,-95.89736117045118
336.0,-0.6912640232321501,0.011084342914369183,-1.5705419952746194,1.227051463609419,-3.1227519037426767,-4.828328704214497,-96.16465542975672
337.0,-0.6859363172880971,0.011010045788609596,-1.5706160336990262,1.227017969789827,-3.1225079177547475,-4.845213866049176,-96.43316482923952
338.0,-0.6815057077560089,0.011007786194971244,-1.5706197365841705,1.227180584528885,-3.1229957633076526,-4.857601834171751,-96.70258563600889
339.0,-0.6840451912544888,0.010940309648138639,-1.5706835144039466,1.227198113503421,-3.122878143023888,-4.873577796448383,-96.97159612844999
340.0,-0.6873979050457941,0.010967070160091024,-1.5706585716695913,1.2270639509816414,-3.122452654146005,-4.891220646897895,-97.23991381887016
341.0,-0.689720032206889,0.010993889432151207,-1.570635581604526,1.2269078769836754,-3.1219783217432697,-4.909576044981919,-97.50775706865363
342.0,-0.6940784881358928,0.010980621910667294,-1.5706482861969127,1.2268018629712867,-3.12157475129471,-4.928236796895707,-97.7747745649922
343.0,-0.693146462672942,0.011047789180773832,-1.5705870145505743,1.2269698985954842,-3.122279302992546,-4.939930829328328,-98.04183479372978
344.0,-0.6938895127753499,0.011011934686414393,-1.5706216242804558,1.2272916489029473,-3.123294851457387,-4.949281239680703,-98.30872881084184
345.0,-0.6950159411811766,0.011011303143320848,-1.5706212739479621,1.227254137609624,-3.123239182967566,-4.963984027653953,-98.57539560264277
346.0,-0.6939433848039663,0.01100875215803687,-1.5697918467791903,1.2270892534690174,-3.1228284955855155,-4.9810798078509135,-98.84206447167688
347.0,-0.6911502191177463,0.011052728184398793,-1.569806986092202,1.2269303741764923,-3.1222828118461674,-4.99920021558255,-99.10930215900648
348.0,-0.6854072021320894,0.01107397672249,-1.5700467809532934,1.2267554810956698,-3.121769704502258,-5.017759743199245,-99.37778219759356
349.0,-0.6768334016169985,0.011076338916253082,-1.5702158843974698,1.2268248732576308,-3.1220545986821997,-5.032014472367432,-99.64809428657193
350.0,-0.6703136041158376,0.011029563038196086,-1.5703740048505554,1.2269083465864223,-3.122284545662155,-5.046530113345353,-99.9199215866657
351.0,-0.6695114006656074,0.010968086011974092,-1.5705062491318418,1.2271122998143358,-3.122787506358865,-5.059355901865446,-100.19202185024133
352.0,-0.6745147171911635,0.010932889439248542,-1.5705879956973325,1.2271071874735846,-3.122653719497148,-5.075552109088447,-100.4631077821099
353.0,-0.680292996463529,0.01096150396045109,-1.5705952354902863,1.2269811836609572,-3.122252343849437,-5.093289144503251,-100.73295245559699
354.0,-0.6871921922949189,0.010971913519163356,-1.5706089230575906,1.227246638909767,-3.1230544618919764,-5.104075592168897,-101.0013036620152
355.0,-0.6902137214871392,0.009100635059613891,-1.5705088428763903,1.227111147684276,-3.122894519592947,-5.119383848710914,-101.26928462336672
356.0,-0.6906568556416013,0.00940479259569408,-1.570621931969291,1.227003473965877,-3.122485066091288,-5.136738153271185,-101.53718256938011
357.0,-0.6864023994353164,0.010009814365541351,-1.5705752001373718,1.2268088186354886,-3.1219789016748383,-5.154970176085963,-101.80580183584405
358.0,-0.6785810741751647,0.010393949381902377,-1.5705588297233382,1.2268566163461199,-3.122202922927864,-5.169308213671561,-102.07595310876523
359.0,-0.6679665226918639,0.010638599713259332,-1.570553613718593,1.2267517174640405,-3.1219734548764566,-5.186131895157691,-102.34838872608199
360.0,-0.6599948405780686,0.010742717549093898,-1.5706016162764802,1.226957548870558,-3.1225294273675366,-5.198782366499389,-102.62267019015273
361.0,-0.6528970954705037,0.010833026829973856,-1.5706112848264748,1.2269089065337944,-3.122392786013947,-5.214876851611069,-102.89864098952592
362.0,-0.6524539932742048,0.01083011263433302,-1.5706747875363258,1.226885427568776,-3.122107739627605,-5.232568694495461,-103.17485457462114
363.0,-0.6573754650105291,0.010850292004858821,-1.5706936628499868,1.2269163073889664,-3.122054102959902,-5.249082654117293,-103.44995711273879
364.0,-0.6618602195002856,0.010919042932950044,-1.5706560358100854,1.2268015377687682,-3.121734416458187,-5.266871829253364,-103.72398118156987
365.0,-0.6628966994870407,0.010985784302460777,-1.5706129613524402,1.226645899827582,-3.121342653829622,-5.285291503365495,-103.99771538347497
366.0,-0.664718205138432,0.010984227550777024,-1.5706261933929446,1.2271874424742244,-3.123030459230854,-5.291512154408585,-104.27095051194686
367.0,-0.6667742103055361,0.010993658592704203,-1.570624165885185,1.2272101211659479,-3.123205779998069,-5.304981571248349,-104.54369386550052
368.0,-0.6687597476736207,0.011001489604165708,-1.5706215319362993,1.2271611624936773,-3.1230539658809393,-5.320446659163258,-104.81599004212086
369.0,-0.6673954687443239,0.01103850547133787,-1.5705909098351356,1.2269899211420037,-3.122590910652337,-5.337814679543536,-105.08856175701693
370.0,-0.6660557532266697,0.011024934244626626,-1.5706062171061594,1.2272679683096883,-3.123417566680158,-5.347966140851444,-105.36140741869309
371.0,-0.6708250485748032,0.010961519316158937,-1.5706644727357872,1.227292070532781,-3.123352338613968,-5.3630147430000195,-105.6332844941826
372.0,-0.6715209051752392,0.011028045762162243,-1.570603247823009,1.2274088910556,-3.1238386993540153,-5.374078662019893,-105.90487643822205
373.0,-0.6760455585107492,0.01097986697428995,-1.5706491428818208,1.2277860761223303,-3.124903683020575,-5.381500854316002,-106.17548519344459
374.0,-0.6745865673234546,0.011056742038957252,-1.570578388427672,1.2278392853299962,-3.125284006237292,-5.3911812979517375,-106.44626193985013
375.0,-0.6761311892728996,0.01100315135612349,-1.5706295091258216,1.227755609090404,-3.1248849899127227,-5.406056895101824,-106.71680279034591
376.0,-0.6786106717846196,0.010214315636040638,-1.5706020773539338,1.2275458068374716,-3.1241761316799663,-5.423223387336272,-106.98698125671193
377.0,-0.6827758003419426,0.010320793091882987,-1.5706596474001433,1.2275918349990713,-3.1241454333734686,-5.437145546391945,-107.25630256609733
378.0,-0.6837491320611385,0.010596385122538524,-1.5706118360353585,1.227395860006983,-3.123609426444804,-5.453794976470126,-107.52533741538609
379.0,-0.681522741133195,0.010770344588677148,-1.5705887467262563,1.2271814498557247,-3.1229753447907034,-5.471722125091782,-107.794810863326
380.0,-0.6740045521780725,0.010905886905026831,-1.57055331534161,1.2269892888471325,-3.122478355314723,-5.48934995414512,-108.0658489901068
381.0,-0.6673472680902544,0.01092966272969817,-1.5705903879925696,1.2268668618773508,-3.122027345280495,-5.507650372787981,-108.33843892085743
382.0,-0.6634580656148226,0.010932899613503815,-1.5706242660638632,1.2267679517497667,-3.1216207241755916,-5.526287993612129,-108.61199326504232
383.0,-0.6631815930225897,0.010927509991518675,-1.5706529341381072,1.2266909761304048,-3.121273418128798,-5.545070905490455,-108.8856895137472
384.0,-0.6645192906760499,0.01094531366508585,-1.5706518786168768,1.2265983810365493,-3.120953778381616,-5.56391725548273,-109.15910836725854
385.0,-0.6626267446185381,0.01100244535861412,-1.57061034780374,1.2265721041753765,-3.1209922141113067,-5.580562265093801,-109.43289204091688
386.0,-0.6590066760069453,0.011018981905298849,-1.5706033440750333,1.2267064993542052,-3.1215055485717693,-5.59428045594742,-109.70746939654097
387.0,-0.66102080299619,0.010959492553485925,-1.570662065859632,1.2271151084571466,-3.1226940404507593,-5.60368710610013,-109.98161265824021
388.0,-0.6667772368604002,0.010949882145132301,-1.570671424149644,1.2271406563080482,-3.1227745011147316,-5.618421875737775,-110.25445758917698
389.0,-0.66699768133342,0.011031269106132344,-1.5705989756226029,1.2269550669954732,-3.1223746728424073,-5.635533621586093,-110.52715397361565
390.0,-0.6696543753986642,0.010993963325030432,-1.570635852787827,1.2269582309373641,-3.1222730206519356,-5.651902423565916,-110.79931968196571
391.0,-0.6689096552348855,0.011038495907110778,-1.5705948897250341,1.226800731606295,-3.12188908888501,-5.669633604105578,-111.07160108178603
392.0,-0.6729219094871105,0.010916297188394278,-1.5686099419773887,1.226730375278408,-3.1216389193740772,-5.68802624494781,-111.34260634645464
393.0,-0.6756594447863642,0.010735430064771154,-1.564006412248074,1.2265563221768065,-3.1213213813692637,-5.706707061505281,-111.61185785260344
394.0,-0.6730988484795236,0.011071490590043977,-1.566008734080603,1.2264493235810006,-3.120682934462684,-5.725510076880688,-111.8820300317449
395.0,-0.6695728222126478,0.01103548046157224,-1.5675454847004504,1.2264292869817783,-3.120683259124315,-5.742914107667898,-112.15340730218625
396.0,-0.6614546846330628,0.011059920651539497,-1.5685287145220326,1.2268907265585527,-3.1223758448359007,-5.749469592875142,-112.42673837470022
397.0,-0.6542300618483761,0.011019988688656269,-1.5692418336221539,1.2269492939892412,-3.122661222778149,-5.763069012222911,-112.70197907061646
398.0,-0.6474876655940004,0.011008550516337865,-1.5697045614516685,1.2268686262860846,-3.1224206106461136,-5.779694059440906,-112.97900359120172
399.0,-0.6436306198084212,0.010976999714458995,-1.5700373164638155,1.2267860462511415,-3.122053239769294,-5.797613444685548,-113.25714705061105
400.0,-0.6457442386974026,0.009896262950130331,-1.5702473016601168,1.2267926249710823,-3.121926061303548,-5.814670100475938,-113.53509261975563
401.0,-0.6509061389566579,0.01005606218594918,-1.5704395972745042,1.226743195303538,-3.1216334299923596,-5.832698097047938,-113.81185640359348
402.0,-0.6585442577219163,0.010370874241852096,-1.5705103457893583,1.2271517875270037,-3.1228700061686188,-5.8415200445615705,-114.08670296490395
403.0,-0.6648876983665596,0.010615039455711699,-1.570525043458599,1.2271163807546082,-3.122896259239178,-5.856037243757812,-114.35999234056294
404.0,-0.6635006439048323,0.010830524431403993,-1.570485844492874,1.227368342010933,-3.1239133135151183,-5.864021076312898,-114.63338137757867
405.0,-0.658573645630616,0.01092039008782198,-1.5705086352471973,1.2274429760828138,-3.1242609389890315,-5.875222248753083,-114.90785480100749
406.0,-0.6521881077596954,0.010964503309712307,-1.5705360775573214,1.2275698762292768,-3.1246673608884423,-5.885850479025789,-115.18381692075458
407.0,-0.6501510368241331,0.0109359977640487,-1.570606661413771,1.2275127001137787,-3.1243245713626586,-5.901107328753437,-115.46038860368516
408.0,-0.645063647906448,0.010998703475339012,-1.5705772994289917,1.228235698555974,-3.1266127991351302,-5.899782216720134,-115.7380097304228
409.0,-0.6412291873836727,0.010985726817654319,-1.570610151037389,1.2282421611767138,-3.126634898728387,-5.910103769685461,-116.01662709627585
410.0,-0.6379621926867238,0.010991267073949545,-1.570617243422971,1.2286045321389234,-3.1276469079267613,-5.914333034186135,-116.29602633647818
411.0,-0.6405735448371033,0.010940601651985996,-1.5706716088299726,1.2288902358402907,-3.1283035990636416,-5.919932038954258,-116.57483834714081
412.0,-0.6460020501389749,0.010946598229182387,-1.5706695878428816,1.2287083073061917,-3.1276101272925136,-5.933085738267758,-116.85235307058856
413.0,-0.6466868853058388,0.011020177031843431,-1.5706061830134395,1.2287144623559465,-3.1276301600206997,-5.942226345444031,-117.12959288968638
414.0,-0.6414205591846698,0.011070634271954967,-1.5705641902911804,1.2284071446642055,-3.1267521534625677,-5.95684539726358,-117.40810351839261
415.0,-0.6427546245435074,0.010978657901267959,-1.5706506967953904,1.2289804357682699,-3.1281877474673747,-5.9589136998711965,-117.68635733971615
416.0,-0.6464683073168777,0.00923215707390819,-1.570592439471798,1.228937392230318,-3.1280827396558113,-5.96840523956222,-117.96398006882534
417.0,-0.6461680077678276,0.009547645054377241,-1.5706485376920507,1.2286501602330708,-3.127122409620471,-5.983246330691531,-118.24165677842001
418.0,-0.6430436182808766,0.010081204251684595,-1.5706141166383547,1.2283043146241164,-3.1260030249833033,-6.000391231222196,-118.52004202859412
419.0,-0.6354065980091234,0.010452074430461073,-1.570573572126962,1.2279441353445364,-3.124911613757346,-6.018525628768441,-118.80029381412494
420.0,-0.6349406958534425,0.010572939050784064,-1.570658505728779,1.2282020695420137,-3.125418310465139,-6.028773596468545,-119.08076848041021
421.0,-0.6315529828226059,0.010765499267681538,-1.570607284747202,1.227993454552893,-3.1249070690112815,-6.043864725635851,-119.36203605629854
422.0,-0.6298633128418618,0.010830170061908628,-1.5706327036033818,1.2281723508308324,-3.1253750374762115,-6.053915531734964,-119.643756129751
423.0,-0.6326292802777836,0.010853145208316015,-1.5706647810874752,1.2284804952478299,-3.126241342081678,-6.060985759187659,-119.92477144642362
424.0,-0.6350661560033269,0.010918079740623917,-1.570639878564717,1.228885750162536,-3.127559889114814,-6.0637839141118866,-120.20504145089947
425.0,-0.6358527867926539,0.010966442112625225,-1.5706195246765389,1.228761266498764,-3.127259302415078,-6.075104578585161,-120.48508302355867
426.0,-0.6377561573942438,0.010970033419318891,-1.5706315157629744,1.2287941187070448,-3.127259687170383,-6.085281472359009,-120.76466147679784
427.0,-0.6403713032957248,0.010980033246844635,-1.5706315358438505,1.2287872264074127,-3.1271804896101965,-6.095898462389231,-121.04358404757171
428.0,-0.6444336063313297,0.010978897059327941,-1.5706385480194995,1.228849383935723,-3.1272924602077357,-6.105485655850104,-121.32150021656183
429.0,-0.6502670919632373,0.010977020670857627,-1.570643640028797,1.2286313466790593,-3.126553210677484,-6.1202871473934986,-121.59803949065235
430.0,-0.6489036696463005,0.01106355820466881,-1.5705674858262728,1.2282396275226868,-3.125492673869893,-6.137418875308775,-121.87482708931348
431.0,-0.6438009319553186,0.011073849823169163,-1.5705620882018736,1.2279185267524881,-3.1245158997417546,-6.155547475441304,-122.15289841957073
432.0,-0.6415383225640328,0.011020445776057743,-1.570612393578088,1.2277059629501168,-3.1237178707296205,-6.174105319212124,-122.43166232724847
433.0,-0.6417087821857351,0.01099684635772464,-1.570633406204147,1.2275081743368188,-3.123023779633574,-6.192850304731654,-122.71046570300985
434.0,-0.6435708028373821,0.01098803021484028,-1.5706414316582502,1.2274114071200293,-3.1226887776423995,-6.210092968210659,-122.98884687294004
435.0,-0.6472477797710076,0.010981449587117095,-1.5706473882606546,1.2275688579100021,-3.123187508993604,-6.222485466978312,-123.26630986618892
436.0,-0.6527832422815917,0.010978002310990624,-1.5706501855782278,1.2275049047068642,-3.1230386242464707,-6.238229491945911,-123.54244735763595
437.0,-0.6512168572685979,0.011063359565599517,-1.5705726598476537,1.227259882524885,-3.12253551142865,-6.255759973523044,-123.81884483817603
438.0,-0.648616245426346,0.011046710550338778,-1.570590246536299,1.227237493128493,-3.12249816605436,-6.271452640171822,-124.09589103797427
439.0,-0.6430450229538487,0.01106454763000312,-1.570573657152643,1.2276270581454949,-3.1238724843661885,-6.278124461776941,-124.3741859410312
440.0,-0.6354813208830606,0.011063151409724378,-1.5705759475418657,1.22812353155308,-3.1255936778271654,-6.2809457896485235,-124.65427769614749
441.0,-0.6303465288954478,0.011019263101699444,-1.5706167979080123,1.2286656332862538,-3.1272919737384077,-6.2821500498408795,-124.93566605347324
442.0,-0.6232345461478562,0.011039947518418637,-1.570597261238392,1.2290954616857932,-3.1287227181019714,-6.282674193232298,-125.21881254126168
443.0,-0.6214115939117647,0.01097425118185692,-1.5706584865884747,1.229576201928154,-3.1300167871987763,-6.282908349953803,-125.50249992076621
444.0,-0.6264552095200149,0.010927288916427443,-1.5706991080961434,1.2301331341263029,-3.131475200576186,-6.280615525538937,-125.78486790915788
445.0,-0.6351435545775169,0.010932585640946351,-1.5706921661626063,1.2303656778620438,-3.1320249436318504,-6.282090809933765,-126.06495899807422
446.0,-0.6427990816500843,0.010979045897079903,-1.5706493813176725,1.2305764400981951,-3.1325683889785196,-6.28269510661577,-126.343019022213
447.0,-0.642378084485569,0.011070412500433361,-1.5705673273006806,1.2306897812659632,-3.1329831331566544,-6.2829551434936795,-126.62100237842878
448.0,-0.6355030255225081,0.011105140645457819,-1.5705376734225631,1.230818810046563,-3.1333612671063067,-6.283068403124631,-126.90062793198507
449.0,-0.6287403385137612,0.011065384238623077,-1.5705750700609717,1.2310134023438541,-3.1337489624117056,-6.2831191745665205,-127.18203763665885
450.0,-0.6260857782762592,0.011006079715624128,-1.5706286140992485,1.23123303381079,-3.134112636873845,-6.283143781313339,-127.46422778173688
451.0,-0.6265738429346938,0.010944280101989284,-1.569442153952263,1.2314022991637403,-3.1344418731148007,-6.283157842223544,-127.74605058733444
452.0,-0.6287391538581053,0.01100712076748482,-1.5698082481359548,1.2315634780755182,-3.1346035096315616,-6.283165822107736,-128.02737454248643
453.0,-0.6304338882442447,0.011012026012501364,-1.570073055658896,1.2316707117693433,-3.134775033058386,-6.28317064816017,-128.30829972577672
454.0,-0.6330348425704335,0.01099999803873744,-1.5702645124218413,1.23178740651384,-3.1349371978659533,-6.283173906085072,-128.58860415045072
455.0,-0.6379842924448076,0.010981834598379751,-1.5704014170416156,1.2319100330733124,-3.1350875744812186,-6.283176407152084,-128.86769477962676
456.0,-0.6473142839540122,0.010955314814298584,-1.5705052073254993,1.2320452254165857,-3.135235722975503,-6.283178392222612,-129.14451724210645
457.0,-0.6486998344576558,0.011060266180434151,-1.5704639147950832,1.2320078245925223,-3.1352164716435023,-6.283181258235466,-129.42083691691005
458.0,-0.6464821934881441,0.011067874254261308,-1.5704963657274462,1.2320482896662206,-3.1352629265806504,-6.2831815436946705,-129.6976798220939
459.0,-0.6390227490038901,0.011097688939332249,-1.5704938061835696,1.2321757763641141,-3.1356354077789717,-6.280855659773126,-129.97630346544506
460.0,-0.6328146977075195,0.011048937067526207,-1.5705562567638198,1.2321675524332332,-3.1354344868428616,-6.2822270531376905,-130.25660266548365
461.0,-0.6306972277050098,0.010996602893447033,-1.5706143272579385,1.232257741393764,-3.1354447675787305,-6.282780690833764,-130.53754736323947
462.0,-0.6277762230062831,0.0110134734326156,-1.570605494951344,1.232291476438165,-3.1354501153511385,-6.283013920103582,-130.81923960100184
463.0,-0.6293067257566011,0.010966538578870746,-1.5706539291130066,1.232405158509035,-3.135544464172387,-6.283111353799724,-131.10062262588337
464.0,-0.6338457271750191,0.010959239833126027,-1.5706623202520182,1.2324853594303198,-3.135612971561993,-6.283153175749101,-131.3808534585583
465.0,-0.6367248259711381,0.010997913050214629,-1.5706290642720275,1.2325031554854962,-3.135624566983681,-6.283171463176859,-131.66029130326294
466.0,-0.6423508527164707,0.010975004275444285,-1.5706517301315495,1.2325832515032058,-3.1356926948778896,-6.283178651486052,-131.9383496441551
467.0,-0.645760154131243,0.011015103854945692,-1.5706153299175951,1.2325860734602414,-3.13569008453904,-6.283182580386679,-132.21549374436316
468.0,-0.642534872245422,0.011076560047650287,-1.5705610432985277,1.2325393721790836,-3.135642886081926,-6.283184319583416,-132.4933293015642
469.0,-0.6364724763030258,0.011074462233567893,-1.5705650651160508,1.2325497693828045,-3.135649726737355,-6.283184196834336,-132.77268530002277
470.0,-0.6366214908321363,0.01098779017120235,-1.5706446006010484,1.2326734047763648,-3.1357591304604306,-6.283183434518324,-133.05214047838268
471.0,-0.6386689043109633,0.01098493637735362,-1.5706451861940922,1.2327208607194953,-3.1357967828007207,-6.283184374287019,-133.33108382726567
472.0,-0.6453395011538144,0.010951785701247014,-1.570674948309361,1.2328071845335107,-3.135867340785019,-6.28318457603717,-133.6084209420729
473.0,-0.6477567132207712,0.011021954181569591,-1.5706104485459964,1.2327665925666635,-3.1358218323045777,-6.283185874328258,-133.88505254169954
474.0,-0.6459549363523925,0.011054058653951485,-1.5705831639610017,1.2327433899773774,-3.1357933983996795,-6.283185745155115,-134.16206866755036
475.0,-0.6424945083216865,0.01105089549159259,-1.5705869564307258,1.2327532739432925,-3.135797834548795,-6.283185218651339,-134.43993837670192
476.0,-0.639631481436913,0.01102896662055785,-1.5706071313862262,1.2327892567895828,-3.135826777238909,-6.283184812968892,-134.71855626925836
477.0,-0.6359424550608973,0.01103122175796876,-1.570604838448334,1.232801518813248,-3.1358339653575884,-6.283184938348848,-134.99810622737868
478.0,-0.6354444260727614,0.010990687393558837,-1.5706421964472606,1.2328685705632993,-3.135890070793637,-6.283184577918262,-135.27785462960614
479.0,-0.6322983206624901,0.011027717452933924,-1.570607605220474,1.2328483137111226,-3.13586655902979,-6.2831853507324755,-135.5583572739003
480.0,-0.6341713629469246,0.010968137557133968,-1.5706629393675193,1.2329393948371834,-3.135943577872244,-6.283184620573991,-135.83848357825678
481.0,-0.6305075436737315,0.01104485940583403,-1.5705915025546457,1.2328732735533494,-3.135878263952449,-6.283185899706516,-136.11943616001926
482.0,-0.6262529677830339,0.011030890130564243,-1.5706065309813741,1.2328931581570672,-3.135891911980257,-6.283185182721558,-136.40153068296263
483.0,-0.6278675266092237,0.010965930753257254,-1.5706652032956434,1.2329876994470814,-3.135973942841368,-6.283184545505107,-136.68331488492782
484.0,-0.6353367835523472,0.01078764756700527,-1.57068712252063,1.2330642111565415,-3.1360391660642866,-6.2831849846151036,-136.96325100237618
485.0,-0.6390112298753325,0.010882756699633915,-1.570628405856873,1.233015894138778,-3.1359855954383815,-6.2831863094819616,-137.24214008646365
486.0,-0.6401341310581242,0.010947907164414223,-1.5706084193770118,1.2329987547643186,-3.1359640186783992,-6.283186087690992,-137.52069815917045
487.0,-0.6359699653037393,0.011020446022523797,-1.5705675128538845,1.2329426985923841,-3.1359104186953477,-6.283186091956493,-137.80022406393226
488.0,-0.6327075548734421,0.011001693091008133,-1.5706021762889142,1.2329764952574178,-3.1359401077687474,-6.283185066844654,-138.08063677088086
489.0,-0.6324015355988979,0.010976973198499955,-1.570634420598425,1.233026381254743,-3.1359841960748285,-6.283184808467735,-138.3611845837206
490.0,-0.6371687480880167,0.010942847961723238,-1.570671146913993,1.2330986666912864,-3.1360466506630096,-6.283184836169879,-138.64058287653643
491.0,-0.6384949300657585,0.011007379783890072,-1.57061599743762,1.2330516331836041,-3.1359993291300485,-6.283186006697346,-138.91955009882727
492.0,-0.6374926705752487,0.011026696395927089,-1.5706030157772743,1.2332727240904848,-3.1366782167769207,-6.278667411368422,-139.1987039989681
493.0,-0.6348280145211959,0.011035017387491894,-1.570597823304583,1.2330647901475413,-3.136103237632506,-6.281331221543343,-139.47855116797624
494.0,-0.6328975018761654,0.011017032177214645,-1.5706157353842272,1.2330363660177595,-3.135936804588645,-6.28240555701573,-139.75893626927308
495.0,-0.6354806314980851,0.01097132146387356,-1.570657558712276,1.2330877881652547,-3.1359409801758464,-6.282855944947153,-140.03874049022124
496.0,-0.6431271315649052,0.010943512458323375,-1.5706813697694115,1.233148062329299,-3.1359893562545933,-6.283045509487558,-140.31666829059353
497.0,-0.6477544496720599,0.011005315831035782,-1.5706247297243485,1.2331027735517983,-3.1359531418611857,-6.283126311669669,-140.59335605385448
498.0,-0.6508285132577035,0.011019577461029809,-1.570613357576722,1.2330937298272397,-3.1359537985149326,-6.28315976959859,-140.8692656678506
499.0,-0.654316795751679,0.011012386360331507,-1.5706200171370082,1.233107837228014,-3.135976790702255,-6.283173808371481,-141.14433687108263
500.0,-0.6511904658912462,0.011078427315288592,-1.5705598501840776,1.2330265929458164,-3.135912837908478,-6.283180551122243,-141.42004078679585
501.0,-0.6425526826904685,0.011102648292340705,-1.5705395894776428,1.2329731127548222,-3.1358752211462972,-6.2831827112324135,-141.69781231726375
502.0,-0.6319901191922503,0.011086810885531411,-1.5705550724678967,1.2329648621900604,-3.1358797908572917,-6.283183155853506,-141.97828485433644
503.0,-0.6300781101289629,0.010972590138715039,-1.5706599889052912,1.2330947961256753,-3.1360061828941066,-6.283182572730607,-142.2594460430112
504.0,-0.6299566910579627,0.010978219423587825,-1.5706522695063379,1.233113126198124,-3.136026345394994,-6.283184081513029,-142.54064190529036
505.0,-0.6342745595568279,0.010947075287424083,-1.570680753810219,1.233175816342592,-3.136082950772221,-6.283184425075508,-142.82078836459834
506.0,-0.6366646835947563,0.01099502390799814,-1.5706362439048422,1.2331447753100009,-3.136053161908954,-6.283185587971514,-143.10025447101143
507.0,-0.6395973859513405,0.01099292869427008,-1.5706391012090528,1.2331582392719618,-3.1360636417403196,-6.283185466289275,-143.3789840399201
508.0,-0.6474131365507063,0.01095548423359137,-1.5706719467573376,1.2332208841503565,-3.1361193812512718,-6.283185226473956,-143.65583192784814
509.0,-0.6478198484365226,0.011055802343321458,-1.5705798129668216,1.2331136823211983,-3.136020216776345,-6.283186617893419,-143.93241444172835
510.0,-0.641483876467274,0.01109774446687621,-1.5705440781265454,1.2330402482111735,-3.1359543867345496,-6.283186118666914,-144.2104849710623
511.0,-0.6378215715174407,0.008057689835619457,-1.5703048853980355,1.2330426970205437,-3.1359975577072676,-6.283185176113757,-144.48999062797304
512.0,-0.6316951294129141,0.008534089821655719,-1.5705227715458199,1.2330799537746249,-3.135978792544051,-6.283184956022133,-144.77105142210513
513.0,-0.6249393616391575,0.009400100114414525,-1.5705453558404021,1.2330833761828839,-3.135989498169344,-6.283184654474302,-145.05374497775486
514.0,-0.6249054532527685,0.009898799258827801,-1.5706260178097833,1.2331767492061436,-3.1360796033707996,-6.283184035004989,-145.33648702338235
515.0,-0.6267123179220326,0.009600752073729464,-1.5706041319732682,1.2331802387729889,-3.136090550998388,-6.283185108369896,-145.6187947547131
516.0,-0.6314093305918712,0.009889088804767606,-1.5692127239585925,1.2332146718772807,-3.1361721383918075,-6.283185838140766,-145.8995353543435
517.0,-0.6380096357778834,0.010249081395132177,-1.5668964522072337,1.2332168806252044,-3.136198381809816,-6.283187246851591,-146.17795048648856
518.0,-0.6444186886276232,0.010640349388689286,-1.5680397641270836,1.233235735819319,-3.136048930223847,-6.2831866438647905,-146.4549076881446
519.0,-0.6431841942543379,0.010836749512728443,-1.5688293114548528,1.2331301535825425,-3.135977488150966,-6.283185993356887,-146.7322254801627
520.0,-0.6427811442681771,0.01087231539390208,-1.56944497996752,1.2331523379835605,-3.1360220783730943,-6.283184575148326,-147.00982503129515
521.0,-0.6386970335393181,0.010954367511013169,-1.5698012902744485,1.2331007733210237,-3.1359925706454477,-6.283185051802778,-147.2884764568314
522.0,-0.639857321009261,0.01091344144515862,-1.5701287180979302,1.23317949330871,-3.1360743814824623,-6.283184210058877,-147.5670120391563
523.0,-0.6459973094787756,0.01090494517594192,-1.5703272686524363,1.2332348700040483,-3.1361296618966388,-6.2831847727253685,-147.8441105112091
524.0,-0.6490708563684355,0.010977606768500575,-1.5703898362134832,1.2331839004794662,-3.1360836563463246,-6.283186039424411,-148.12039301484037
525.0,-0.6487141489047659,0.011018058016304882,-1.5704410803413973,1.233143498296569,-3.1360466654000425,-6.2831860775169535,-148.39672710834327
526.0,-0.6439009421115811,0.011055647802847452,-1.5704654395275977,1.2330907999941274,-3.1360004921964872,-6.283185945193604,-148.6741987553556
527.0,-0.6437205229983831,0.010988140430362784,-1.5705667206627811,1.2331635322259575,-3.1360683435260084,-6.28318476234272,-148.95183393853696
528.0,-0.6401048994625796,0.011035865690120345,-1.5705473903518836,1.233112395365032,-3.1360229690830503,-6.283185668845755,-149.2303049899974
529.0,-0.639427348478267,0.010992034481994345,-1.5706062449904314,1.233162083296463,-3.136067926871918,-6.283184938123684,-149.50902771385958
530.0,-0.6413866265725613,0.010976692936405602,-1.5706305044059683,1.2331934972868919,-3.136095688983986,-6.283185172069712,-149.78729225500234
531.0,-0.6456683999824181,0.010969264471467989,-1.5706443123947398,1.2332202490922926,-3.1361176193485294,-6.283185451205088,-150.06451407208212
532.0,-0.6487442646745807,0.010999463040172115,-1.5706216245066877,1.2331988888543128,-3.1360953633990967,-6.283186002417015,-150.3409377384019
533.0,-0.6458086194156712,0.011038145300078525,-1.5697991382855507,1.2331125873509774,-3.1360484060966627,-6.28318669222048,-150.6177969846838
534.0,-0.646628018007461,0.010099444076754414,-1.5700610557037862,1.2331686417781162,-3.136059865956461,-6.283185406480154,-150.89473580192492
535.0,-0.6420892231740508,0.010291412046395996,-1.5702382247881248,1.2331124726153324,-3.1360012202635557,-6.2831857692004345,-151.17274627407414
536.0,-0.6392986332940324,0.010515233488553655,-1.57038914188554,1.2331489538122242,-3.1360414981600213,-6.283184759143563,-151.45150452848742
537.0,-0.6356631944145406,0.010699654603013233,-1.570454261941336,1.233135684270513,-3.136034953534505,-6.283185082922644,-151.7311597998672
538.0,-0.635494491673134,0.0107719190363965,-1.570543168619321,1.2331861720648103,-3.136083351467531,-6.283184723376789,-152.01092540126362
539.0,-0.6358307986096365,0.010854624336830068,-1.5705684181720119,1.23318771251778,-3.1360853054539546,-6.283185298273191,-152.29059402990845
540.0,-0.6327704409642718,0.010942664728479377,-1.5705555767366575,1.2331429112660697,-3.136044342669713,-6.283185786787023,-152.5709861121008
541.0,-0.632799352291753,0.010931327098063288,-1.5706111520377417,1.2331912855514742,-3.1360881973468335,-6.283185063483315,-152.85144402674092
542.0,-0.6366381550904823,0.010926446898727368,-1.5706431237807212,1.2332358108774761,-3.136127818398992,-6.283185194610982,-153.1309643884019
543.0,-0.638908100999109,0.010976365895359335,-1.5706161146762891,1.2332072449852127,-3.1360995520818014,-6.283185963526632,-153.40985317524456
544.0,-0.6373594924283748,0.011023853688432513,-1.5705864563295862,1.2331587684089425,-3.13605393794191,-6.283186128569833,-153.68906937401954
545.0,-0.630215596802322,0.011071291567149843,-1.5705523760317994,1.233090662620825,-3.135993559845467,-6.2831859980406515,-153.97004879407862
546.0,-0.6266602869804146,0.011008078516389722,-1.570617088382246,1.233150799582281,-3.1360507075097086,-6.283184690886011,-154.25206807615467
547.0,-0.6303615563240561,0.008496516317129485,-1.5705960485899457,1.2332036386634535,-3.136123381695947,-6.283184816450091,-154.53361678825792
548.0,-0.6374531610923252,0.00886407892074152,-1.5707415415604984,1.2332886421913607,-3.1361624937319705,-6.283185205933692,-154.81337101723292
549.0,-0.6397939693974712,0.009664964831144977,-1.570644954617203,1.233216899194767,-3.136096806301285,-6.283186397160515,-155.0922754838386
550.0,-0.6403300903629013,0.010150655930326087,-1.5706215344354153,1.2331971324263173,-3.136079475346908,-6.2831859633551534,-155.3709335111434
551.0,-0.6402668150992814,0.010458024371318514,-1.5706139056388781,1.2331894159417436,-3.1360743169374308,-6.2831856720805135,-155.6495425426594
552.0,-0.6443964006333954,0.010611225773836988,-1.570651590446043,1.233244361815666,-3.136125454209736,-6.283185144729473,-155.92715451926384
553.0,-0.6489689342332308,0.010754356170531408,-1.5706358179250952,1.2332394542872744,-3.136120810974596,-6.283185731029832,-156.20359455321045
554.0,-0.6517477785255801,0.010863309226943054,-1.5706127464869302,1.233212330858436,-3.1360951750361132,-6.283186016989337,-156.47930060419526
555.0,-0.6488217565488443,0.010969890665863043,-1.5705659356388963,1.2331380736207405,-3.1360282872608245,-6.2831862460249095,-156.7556122728205
556.0,-0.6451607994856376,0.01098471214852339,-1.5705864082443406,1.233139306002117,-3.136031880220972,-6.283185360458458,-157.03283726326634
557.0,-0.6381565152393092,0.011027618484550151,-1.5705680661650543,1.233097336494689,-3.135997722143644,-6.283185397751617,-157.31177095721588
558.0,-0.6283689692107197,0.011047273885876088,-1.5705648835859063,1.2330682935584223,-3.135976147350677,-6.283185062828696,-157.5932152429084
559.0,-0.6261212114631295,0.01094065269401911,-1.5701270880669342,1.2331719840596398,-3.1360961172316686,-6.283184130988922,-157.875301462086
560.0,-0.6280658217172006,0.010956049816726158,-1.5703025597582394,1.2332231223728607,-3.136108983166373,-6.283184854757925,-158.15695035636205
561.0,-0.6336645426359807,0.010943081079455548,-1.5704356818065008,1.2332639348886387,-3.1361460975622935,-6.283185173184647,-158.4372113928464
562.0,-0.6334880610574897,0.01102786412147434,-1.5704400010290638,1.2331776593611596,-3.1360677124906227,-6.283186382990371,-158.7174052085714
563.0,-0.6337752545731686,0.011008887570052698,-1.570514159596471,1.233193202340995,-3.13608221242482,-6.283185574506136,-158.99756951569182
564.0,-0.6325721986139592,0.011025296415908936,-1.5705352463253206,1.2331713969791602,-3.136063714836313,-6.2831857047214505,-159.2780228836395
565.0,-0.6341990399032666,0.01098962575517007,-1.5705926653106492,1.2332124416915022,-3.1361015035686686,-6.283185190482159,-159.55812165681425
566.0,-0.6374796127013563,0.010984926740650394,-1.57061221334697,1.2332281624629624,-3.136115401178723,-6.283185470387074,-159.83739528596308
567.0,-0.637463183220255,0.011028259419047306,-1.570583760221045,1.2331807241590258,-3.1360712361645313,-6.283186047248347,-160.11660407426393
568.0,-0.6406316663598441,0.010985299773631059,-1.5705795279512262,1.2332274789867994,-3.1361152476780196,-6.283185335346743,-160.3950676144817
569.0,-0.6424348033956638,0.011015024464230076,-1.570573828901675,1.2332023316916205,-3.136088752243619,-6.283185884121421,-160.67303612941015
570.0,-0.6383759897240125,0.011069298080791224,-1.570539715525825,1.2331269936118758,-3.1360208453852203,-6.283186162917099,-160.95193374862995
571.0,-0.6358423915636802,0.011026331314767929,-1.5705903193981594,1.2331589925315265,-3.136052038737669,-6.283185084130717,-161.23154144449757
572.0,-0.6316165797197625,0.011040032074575414,-1.5705833917955774,1.2331353886761494,-3.136033151806188,-6.283185338591141,-161.5122124752898
573.0,-0.6258141667047725,0.011042856230654808,-1.5705859633904133,1.2331204339529853,-3.136021789638326,-6.2831851978418864,-161.7944001021567
574.0,-0.6262232047983503,0.010967992951634281,-1.5706575572222403,1.2332085626606109,-3.1361030436756043,-6.28318441885578,-162.0766128647008
575.0,-0.6329196371360626,0.010930598544867328,-1.5706909172028036,1.233279815184488,-3.136166677105731,-6.283184880857516,-162.35715405136943
576.0,-0.6358560597721229,0.011004362708996076,-1.5706242728538629,1.2332160499401785,-3.136105235986262,-6.283186320876647,-162.63682907098084
577.0,-0.6329081806793266,0.011059776336546421,-1.5705765790924477,1.2331431146641698,-3.136037056759089,-6.283186406463937,-162.9171678350187
578.0,-0.6322351078820038,0.011013390109110031,-1.5706208003623132,1.2331835598304262,-3.136074463513594,-6.2831852490181594,-163.1977509755914
579.0,-0.634469933683628,0.010987386625948609,-1.5706433808272466,1.233218258334758,-3.1361065511621704,-6.283185192593239,-163.47779919828983
580.0,-0.6348745193171496,0.011016759620770646,-1.5706162952985938,1.2331893115964354,-3.1360794952452884,-6.283185775918136,-163.75769548191053
581.0,-0.6311739661311292,0.011016759869438923,-1.5694017663928999,1.233125524229507,-3.136072159670058,-6.283186385446234,-164.03821079749554
582.0,-0.6293350005856234,0.009360678570970768,-1.5697377978521125,1.2331452056729535,-3.1360331287548595,-6.283185615381292,-164.31958777693393
583.0,-0.6317056368425451,0.0095590101400934,-1.570149847033021,1.2332365553216003,-3.1360992791460798,-6.283184586308111,-164.60049812254658
584.0,-0.6351502366286328,0.010057628648087527,-1.570304884990612,1.2332422522381243,-3.1361130507236,-6.283185154127844,-164.88046546570445
585.0,-0.6404197929253928,0.010346987362152813,-1.569470803503421,1.2332491270752195,-3.136164288698103,-6.283185758108741,-165.15885446264647
586.0,-0.6440642555047926,0.010640863447883047,-1.569802156812911,1.2332291461573552,-3.136088405462799,-6.28318620255578,-165.43630924533247
587.0,-0.640735557485646,0.010835189530198705,-1.5700129950632293,1.2331363757900922,-3.136011976227495,-6.283186223062542,-165.71452190403767
588.0,-0.6366299573186186,0.010893939914311267,-1.5702184834199242,1.233137422843406,-3.13602268584956,-6.283185132849732,-165.9938310060409
589.0,-0.6374627543380391,0.01088419953225684,-1.5703979218499782,1.23320488783978,-3.136091020217805,-6.283184493172953,-166.27304830589713
590.0,-0.639006945378522,0.010926428893175645,-1.5704718188298243,1.2332061382672288,-3.1360951466862153,-6.283185214530661,-166.551879068851
591.0,-0.6401960860470106,0.01094667132170876,-1.5701135228783505,1.2331958599439612,-3.1361035940580426,-6.2831856865676015,-166.83031200194094
592.0,-0.641090531328045,0.010988940886255677,-1.5702678013943385,1.2331961759567436,-3.1360784371297865,-6.283185713156442,-167.1085397729954
593.0,-0.6378379628774667,0.011035958080052945,-1.5703490725539597,1.2331413470579256,-3.1360317314261223,-6.283185875601075,-167.38754697655
594.0,-0.6349856421139385,0.01101664280770672,-1.5704508100490653,1.2331551517872008,-3.136048288363058,-6.283185161536068,-167.6673357623232
595.0,-0.6310289995153687,0.01102562982889643,-1.5704976502934147,1.2331410458955554,-3.136038955542511,-6.2831852573264335,-167.9481474388237
596.0,-0.6326457155345098,0.01096288126003989,-1.570592288193573,1.233253316954337,-3.1362113873205906,-6.282537173343893,-168.22865613113927
597.0,-0.6346391281429766,0.01098291601124928,-1.5705971876445912,1.2332198503211473,-3.1361251300537902,-6.282919782710273,-168.50863821657748
598.0,-0.6416106775271883,0.010945246451723992,-1.5706478818474776,1.2332755621208962,-3.1361536408148587,-6.283073573367777,-168.78693029931028
599.0,-0.6465017228948552,0.010997753230925814,-1.5706099760576504,1.2332313596649764,-3.1361049974397486,-6.283139179433483,-169.0639299463026
600.0,-0.6503194632372529,0.011011129210577324,-1.5706062914820462,1.233217153508298,-3.136089321188481,-6.2831661459055335,-169.33997314788846
601.0,-0.6498986763560417,0.011052645432769051,-1.5705737030755078,1.2331604940019931,-3.1360388586680523,-6.283177705608546,-169.61604203532102
602.0,-0.646633637563644,0.01106084232726126,-1.570570716359592,1.2331312091193185,-3.1360155823317513,-6.283182019484753,-169.8928828861914
603.0,-0.6420919195436589,0.010677414896400592,-1.5705679982939103,1.2331155114050354,-3.1360097157296813,-6.283183655014951,-170.1709107865892
604.0,-0.6364637176903036,0.010728395282562182,-1.5705970219153098,1.23311516187336,-3.1360086777952456,-6.283184251144548,-170.45036508623338
605.0,-0.6329711496107242,0.01080387432013049,-1.570626586035087,1.233149824018736,-3.136044255110747,-6.283184262726531,-170.7307546745306
606.0,-0.63007389174235,0.010872865699906028,-1.57062778882751,1.233157268560275,-3.1360534758195575,-6.283184738280716,-171.01189567346694
607.0,-0.6250254270573768,0.010942883041708184,-1.5706063874583887,1.2331303465430883,-3.136030588602241,-6.283185192339766,-171.2943256339013
608.0,-0.6268635277179287,0.010895751705403378,-1.5706775684399488,1.2332278459143855,-3.1361195976132894,-6.283184394851842,-171.57640708509774
609.0,-0.6290662528896126,0.010941770531216533,-1.5706514238763265,1.2332200248438683,-3.136111249307214,-6.283185480673561,-171.8578756586118
610.0,-0.628477292344849,0.010992880933570148,-1.570617331303176,1.2331826047131325,-3.136075082309389,-6.283185928814289,-172.13944026320613
611.0,-0.6318741437600645,0.01095709758195929,-1.570658084752944,1.2332390739474308,-3.136125136186487,-6.283185239629247,-172.420195905746
612.0,-0.6334083651302296,0.011000381817001307,-1.570622268218666,1.233205137155762,-3.1360930810089678,-6.283185969907867,-172.70049275446405
613.0,-0.6312940686754789,0.011037070274790811,-1.5705930762725793,1.2331599593250266,-3.136051294618144,-6.283186018125846,-172.98127809423596
614.0,-0.6313148772419703,0.011002388117618852,-1.570627584630854,1.2331949699124678,-3.1360836620474446,-6.283185233994158,-173.2621149050841
615.0,-0.6306285496179722,0.011015162778419796,-1.570616329958574,1.2331821842971706,-3.136072645984444,-6.283185526077189,-173.54310902300205
616.0,-0.6318497650483947,0.010993205431621507,-1.570637534632821,1.2332098627809467,-3.136097618429872,-6.283185255935546,-173.82382469260935
617.0,-0.6349969789594062,0.008714828921817672,-1.5705698597083195,1.233194901636874,-3.136105540148568,-6.283185700860984,-174.10410218715774
618.0,-0.6363745579923474,0.009084365956175147,-1.5706790371881443,1.2332178561913725,-3.1360920448867056,-6.283185703878421,-174.38399227531147
619.0,-0.6402369379093589,0.009729881518027278,-1.5706765319031535,1.2332526928787846,-3.136125740641218,-6.283185350029898,-174.66281750762045
620.0,-0.6455286258371169,0.010171896239038766,-1.570658831544152,1.233261139369963,-3.136134780635298,-6.283185639502064,-174.94023741056324
621.0,-0.6504851287296709,0.01047398618636927,-1.5706354612740465,1.2332486198745827,-3.136123459589713,-6.283185942007856,-175.216361108269
622.0,-0.6524307063830315,0.01066841269474541,-1.5697799875073182,1.2331960271802713,-3.136110859517479,-6.2831865142878565,-175.4917210971304
623.0,-0.6520804629706864,0.010843927286026235,-1.5700163820368604,1.233178029370166,-3.1360440224885013,-6.2831860999800835,-175.7671568721994
624.0,-0.6498266344467414,0.010916767506448842,-1.5702035913593877,1.2331565651024048,-3.13603191202084,-6.283185455105896,-176.04315509825838
625.0,-0.6445477960242744,0.010976084886418231,-1.570318210162097,1.2331201754089125,-3.1360075506449125,-6.283185280365299,-176.3204397558291
626.0,-0.6411651455588541,0.010964458450817983,-1.5704419502113396,1.233152993958156,-3.1360439762671164,-6.283184622813337,-176.598646171768
627.0,-0.6368808738216521,0.010991256058236731,-1.5704916293222717,1.233139866280191,-3.136036630665295,-6.283185001036396,-176.87793553936112
628.0,-0.6340355090963953,0.01098120790341806,-1.5705513714995454,1.2331637028745974,-3.136060755466276,-6.283184829721949,-177.15800395721615
629.0,-0.6336037784937388,0.010968715011464932,-1.570595615326881,1.2331950926276467,-3.1360901734789324,-6.283184926264425,-177.43823193560246
630.0,-0.6347044567527133,0.010970523436811102,-1.5706156009668617,1.2332121087961039,-3.13610485223301,-6.283185263949565,-177.71819697168166
631.0,-0.6347885214727322,0.010995989556516214,-1.5706070675111057,1.2331957873570438,-3.13608853739035,-6.283185693188613,-177.99811463869685
632.0,-0.6360568769910256,0.010987933192709286,-1.5706246358098064,1.2332128443049166,-3.136102670966247,-6.283185505425686,-178.2777313051092
633.0,-0.6346207509423439,0.011024241058033875,-1.5705977423934876,1.2331740406123501,-3.1360666495649796,-6.2831859137306925,-178.5576610025117
634.0,-0.6389038606047887,0.010960114210794021,-1.570660931604629,1.2332540757532995,-3.136138564966165,-6.283185017478658,-178.836610199173
635.0,-0.6370092819961471,0.01104710500219939,-1.5705829268226896,1.2331597413853927,-3.1360521026376413,-6.283186374973146,-179.11589912348077
636.0,-0.6401060611523984,0.010976670039130205,-1.5706510837507233,1.2332373719880354,-3.136121811993854,-6.2831850540001986,-179.39451986601247
637.0,-0.6404754050138431,0.01102340648219908,-1.5706078270005845,1.2331899182341857,-3.1360784671774757,-6.2831859760897375,-179.6729697801078
638.0,-0.6409721114932087,0.011013124662053349,-1.5706193124793077,1.2331972645449032,-3.136084478777665,-6.283185564997063,-179.95130945457694
639.0,-0.6434175530462118,0.010994165301431894,-1.5706366231789397,1.2332216325832273,-3.1361065625794886,-6.283185395773228,-180.22906636981276
640.0,-0.642705559455388,0.011033561465205429,-1.5706007074732204,1.233175813483335,-3.1360646878705136,-6.283185937103392,-180.50693387216344
641.0,-0.6433339982186396,0.011007913160242933,-1.570625392575832,1.2331997004094297,-3.1360864675011464,-6.283185353713202,-180.78468279644292
642.0,-0.6446418116151048,0.011004472893440535,-1.5706279330125856,1.233205799070411,-3.136092302616381,-6.283185456647339,-181.06210999501155
643.0,-0.6399616618611689,0.011066723394249686,-1.5705713501498444,1.2331252597564557,-3.136019893905557,-6.283186071168776,-181.34060173864165
644.0,-0.6379685507944964,0.011012673925967881,-1.57062270848668,1.233173449022182,-3.1360652295934885,-6.283184915286927,-181.61968232361542
645.0,-0.6371282364593706,0.011004339694221965,-1.5706290148219626,1.2331851983109907,-3.136077283236557,-6.283185133847301,-181.89899063572042
646.0,-0.6398011975874783,0.010972643276506959,-1.5706576731096744,1.2332312392354035,-3.136118643220523,-6.2831850407281165,-182.17767987612288
647.0,-0.6459502144168581,0.010958054495440005,-1.5706695644573594,1.2332682767102552,-3.136150676755582,-6.283185381332078,-182.45486720253746
648.0,-0.646935081058308,0.011032586053220121,-1.570601484177143,1.2331906230753906,-3.1360778245881975,-6.2831864467256295,-182.7316933759174
649.0,-0.6459215182059688,0.011037884302513687,-1.57059857801297,1.2331724835452682,-3.1360606727032154,-6.283185887864048,-183.00875380668103
650.0,-0.647495050857149,0.011001307464716418,-1.5706318009912765,1.233209618403695,-3.136095245230356,-6.283185262646647,-183.28547948934317
651.0,-0.6493460019115781,0.011005459286662016,-1.5706269747380437,1.2332084871878763,-3.1360944068350607,-6.283185543070157,-183.5617430914013
652.0,-0.6481497755899647,0.011037268969243761,-1.5705982729319252,1.2331678381788336,-3.1360574081922654,-6.283185858990027,-183.8382436781443
653.0,-0.6431501920730429,0.01106206171045732,-1.5705766361825377,1.2331232123096618,-3.136018418747408,-6.2831857264295765,-184.11593168491098
654.0,-0.6345804625283817,0.011076811414024676,-1.5705639546330674,1.2333114621456784,-3.13665660868765,-6.278840267097342,-184.3957201994484
655.0,-0.6266678375970137,0.01104432900471734,-1.5705946273986595,1.2331387278403187,-3.136134238906733,-6.281401451257594,-184.67764904013916
656.0,-0.6245466113643623,0.010975934092033622,-1.5706567591141414,1.2331705026591029,-3.1360311542290575,-6.282434491236901,-184.9602750503141
657.0,-0.6221135061139312,0.010997396202154747,-1.5706357132772824,1.2331445987022451,-3.1359681597405675,-6.282868873902837,-185.24353178455874
658.0,-0.6252110773552844,0.010946149711347298,-1.5706828809465103,1.2332178419440245,-3.1360296913780914,-6.28305052485785,-185.52606844608198
659.0,-0.6337118690893042,0.01092628136082299,-1.5706984356390332,1.2332765181058294,-3.1360894347688095,-6.283127657201455,-185.80643445485376
660.0,-0.6404658341160178,0.010983180965064482,-1.5706456971538652,1.2332401388969971,-3.1360641468562114,-6.283161158230275,-186.08499615736284
661.0,-0.6406963035100787,0.01105595020800658,-1.5705808037422295,1.2331555529466374,-3.1359957354284878,-6.283175343789041,-186.363374501171
662.0,-0.6457670424760743,0.010986202019710602,-1.5706453719620175,1.2332310437912448,-3.136073854816697,-6.283179847891248,-186.64059186653537
663.0,-0.6443823707744609,0.011066502715826723,-1.570570404322861,1.2331365734623894,-3.135996846672979,-6.283183596620013,-186.91800928892138
664.0,-0.6452569468436078,0.01101544825301191,-1.5706191299003038,1.2331817945004349,-3.136045224470574,-6.283183600070747,-187.1952810901422
665.0,-0.6435052347535469,0.011043689285986414,-1.5705921318793348,1.233144370016709,-3.136018210463406,-6.283184666358886,-187.47293139125284
666.0,-0.6416907161405784,0.011028381722385594,-1.5706071937312946,1.2331522645709312,-3.1360308682009754,-6.283184566697279,-187.7510528031289
667.0,-0.643930192203591,0.01098250332002231,-1.5706486035770364,1.2332084178832188,-3.1360861729980924,-6.2831843856665,-188.02868836425503
668.0,-0.6434033856240718,0.011024664318807859,-1.5706092545061585,1.2331660973567773,-3.1360502148735607,-6.283185379609512,-188.30638670464606
669.0,-0.6390225316402856,0.011053867144435027,-1.5705840005167464,1.2331219578348647,-3.1360126867158,-6.28318545933473,-188.58513373097873
670.0,-0.6388580135860393,0.010992460158980538,-1.5706409526687548,1.233187080567459,-3.1360747426564424,-6.283184552035191,-188.86402150546803
671.0,-0.6424005935935964,0.010968377546078045,-1.5706610233850842,1.23322967622427,-3.136114733145667,-6.283184877507888,-189.14206262969165
672.0,-0.6450335433935626,0.010996784176761013,-1.5706345475053871,1.2332110028347563,-3.1360969174902285,-6.283185641140174,-189.41940835979275
673.0,-0.646107960449617,0.011015901822411469,-1.5706178433731925,1.233191311182374,-3.1360781836896443,-6.283185774305898,-189.69645776975713
674.0,-0.6523438723205452,0.010963475937849037,-1.5706652738678264,1.2332599874029482,-3.1361403332602547,-6.283185149719735,-189.97207181184214
675.0,-0.6529551517704419,0.011043551954809428,-1.5705911250665718,1.2331734953923188,-3.1360611052805334,-6.283186392399372,-190.2474076720365
676.0,-0.6469635549839181,0.011090375015099647,-1.570550563372934,1.2333111521481426,-3.1366237888108883,-6.279093423814497,-190.5240776389862
677.0,-0.643701774026596,0.011028071490468265,-1.5706090046666585,1.2331816157230047,-3.1361610879207094,-6.281505147382916,-190.80167007283177
678.0,-0.6384095753609969,0.01104627618463438,-1.5705909229833244,1.2331068750837868,-3.1359700829794996,-6.282479060536437,-191.08056844688113
679.0,-0.6400238920275153,0.010961958652982691,-1.5706686213980876,1.2331923378907432,-3.1360118218816697,-6.28288640557992,-191.35920574757435
680.0,-0.6395189505881362,0.011008861914509328,-1.5706238787677358,1.233150551110689,-3.135970726232762,-6.2830591064480545,-191.63790147246704
681.0,-0.6412737150779254,0.01098326959766181,-1.570648492310801,1.2331879179450371,-3.136012007546091,-6.283130894160403,-191.91620383041823
682.0,-0.638162826372053,0.011044614957804014,-1.570591920060516,1.233121536692257,-3.1359628334970817,-6.283162207193063,-192.19519141015599
683.0,-0.6340988372391412,0.011035561475138001,-1.5706019663353323,1.2331224145413964,-3.13597531092413,-6.2831745607777,-192.47523012729837
684.0,-0.6269503447589239,0.011057860544220607,-1.5705813504387283,1.2330866881103661,-3.1359549835638756,-6.283180231161582,-192.75709109414424
685.0,-0.6184955809503501,0.011051869431539574,-1.5705877082072235,1.2330794687634892,-3.135959582092231,-6.28318230674886,-193.04122248374063
686.0,-0.6154767644442474,0.01098215672034579,-1.570651754014574,1.2331598517757971,-3.1360409576948673,-6.2831827286285105,-193.3263033438428
687.0,-0.6196672463283929,0.010927950472525356,-1.570698976319145,1.2332495127497156,-3.1361265204111266,-6.283183541125786,-193.61035859049187
688.0,-0.6235893294479631,0.010968966731002505,-1.5706600516192066,1.2332331178191014,-3.136111801799685,-6.283185150068262,-193.8933116916664
689.0,-0.6281632830152335,0.010977636787969591,-1.5706527348175072,1.23340592801275,-3.1366040783282543,-6.280031571209775,-194.17502455869453
690.0,-0.631697062495481,0.011002076119101978,-1.5706302025650514,1.2332493735190637,-3.1361928136122184,-6.281891484383643,-194.4557955464835
691.0,-0.633669154399642,0.011020039487607214,-1.5706140663637178,1.2331934168868397,-3.136044594339308,-6.28264167793048,-194.7360302312525
692.0,-0.6365530992473609,0.011006821906736455,-1.5706261199749474,1.2331960232065635,-3.1360192169299754,-6.282955939076817,-195.01554242540587
693.0,-0.6380720304451356,0.011023572085934664,-1.5706103483070424,1.2331734872198745,-3.135997466891473,-6.283088244889406,-195.29463266477399
694.0,-0.6374699478823525,0.011038141623369914,-1.570597562104623,1.2331495812295359,-3.1359837265976998,-6.283143804150025,-195.57384202579436
695.0,-0.6358950017972516,0.011035491396930696,-1.5706004828838744,1.2331438114810576,-3.1359893099122926,-6.2831670366823,-195.8534473407383
696.0,-0.6351280928567645,0.011017449741301998,-1.5706170358648,1.2331604389069164,-3.136014869066176,-6.283176790153903,-196.13327209613445
697.0,-0.6368235996289701,0.010991692706137682,-1.5706400831981675,1.233195320602619,-3.136055000474829,-6.283181031057611,-196.41270437301557
698.0,-0.639084233513689,0.01099600744962463,-1.5706354983813746,1.23320050891701,-3.1360656595192653,-6.28318333386075,-196.6915565691509
699.0,-0.6368721873609204,0.011045832483661285,-1.570590421248066,1.2331418029013186,-3.1360171189828225,-6.283184773316592,-196.97088596454034
700.0,-0.6321702827427953,0.011052706840124516,-1.5705856393436513,1.2331189547773402,-3.1360018408065065,-6.283184773326917,-197.25140582228835
701.0,-0.6314849986243936,0.010995416016919378,-1.570638266098766,1.2331798464709203,-3.136062250676643,-6.283184203861861,-197.53219643859734
702.0,-0.6368531930368266,0.010947254918298144,-1.57068014608551,1.2332540877182514,-3.136132284841004,-6.283184412148194,-197.8116931412332
703.0,-0.6386295968220076,0.011012848911512487,-1.5706193764294973,1.233195090982737,-3.136078547923758,-6.283185832906527,-198.09063666695656
704.0,-0.637034183185707,0.011040233735360385,-1.5705962285165058,1.2331570795241094,-3.1360442515721183,-6.283185780346373,-198.36993797344482
705.0,-0.6363117294988886,0.011017615540538057,-1.5706174927982015,1.2331750653725568,-3.1360624452075623,-6.283185204542831,-198.6494551037638
706.0,-0.633899773044563,0.011033067363568506,-1.5706028728669608,1.2331525828574064,-3.1360440581134483,-6.283185417219805,-198.92956117819026
707.0,-0.6370243060311069,0.010968328281333968,-1.5706621185157106,1.2332307770045365,-3.136116082246557,-6.283184696790365,-199.20897590160092
708.0,-0.6364507606236784,0.011027167206112813,-1.570606952478937,1.2331715606384388,-3.1360623462139023,-6.283185876859406,-199.48844165209982
709.0,-0.6405893995447278,0.010970028663397033,-1.570660252578851,1.2332410828850062,-3.1361248588500676,-6.283185025159083,-199.76695511732103
710.0,-0.641502113551615,0.011023590560607255,-1.5706099442739772,1.233187636544053,-3.1360758204374486,-6.283186026386047,-200.04515111485188
711.0,-0.6368437417385148,0.011069607527012077,-1.5705694892625945,1.233120013825172,-3.1360148389970455,-6.283186059197566,-200.32444315720252
712.0,-0.6280651580567835,0.01108534494615375,-1.5705562851515913,1.2330749598039366,-3.135977758415012,-6.283185516533211,-200.60597086181795
713.0,-0.6194125518571937,0.011055396051494325,-1.5705845070454494,1.2330859867559223,-3.135992920095081,-6.2831847205293005,-200.88984865385865
714.0,-0.6175186906846749,0.010972925685955325,-1.5706596598919844,1.233180482341535,-3.1360815880942936,-6.283184034530698,-201.17438733786796
715.0,-0.6226277983280303,0.010925797370714635,-1.5707001038078796,1.2332634406632477,-3.136156107302758,-6.283184529468896,-201.457649294984
716.0,-0.6325612267854825,0.010920721974849395,-1.5707023956908928,1.233309760842276,-3.136194400708975,-6.283185453288892,-201.73833003523924
717.0,-0.6431569708546087,0.010958496261934606,-1.5706668753936677,1.2332992343532767,-3.136179901564093,-6.283186407309967,-202.01626990705157
718.0,-0.6480702843110209,0.01103747249597748,-1.5705958564474591,1.2332143493310492,-3.1360984420043647,-6.283187105871276,-202.2928627078205
719.0,-0.6487318658962358,0.011064227997846192,-1.5705732626067639,1.2331645177383361,-3.1360518760950598,-6.283186545960617,-202.5692313913152
720.0,-0.6477707150433928,0.011057241686893109,-1.5705801901301857,1.2331499589863544,-3.1360402678967625,-6.283185820232446,-202.84582440729199
721.0,-0.6414797542189896,0.01109273954328113,-1.5705477220073985,1.2330833720374228,-3.13598330302762,-6.283185822898937,-203.12390015227743
722.0,-0.6360013891663177,0.011049682021564042,-1.5705886316040472,1.2331074582274684,-3.1360093209450217,-6.28318480357296,-203.4034204039112
723.0,-0.6332937955954001,0.011009740546596373,-1.5706245369099654,1.233147220414044,-3.136048612552695,-6.283184574687255,-203.68369872840438
724.0,-0.6308280547331122,0.011010031122707825,-1.5706237962149536,1.2331500957070338,-3.1360523060816288,-6.283184998157994,-203.9646200827691
725.0,-0.6347197706660734,0.010947626610445039,-1.5706806466093721,1.2332363625749965,-3.136129934242828,-6.2831846232109285,-204.2446503734395
726.0,-0.6364709970367091,0.010999556677980126,-1.5706318452029207,1.2331959718585412,-3.1360911144792842,-6.283185884577295,-204.52415597273497
727.0,-0.6354175900053234,0.011027532218470595,-1.5706078341210135,1.2331632569794186,-3.136059392471866,-6.283185939708559,-204.80388721081303
728.0,-0.630923972023722,0.01105295393476649,-1.570585331098419,1.2331226338488857,-3.1360229785447604,-6.283185809197752,-205.08473229589887
729.0,-0.6298295410499974,0.011000159778760031,-1.5706342777728,1.233176273737774,-3.136072813168405,-6.283184893373129,-205.3659492325767
730.0,-0.6329162246076143,0.010967371624210109,-1.5706624809922103,1.2332268605942085,-3.136118686012099,-6.28318498176922,-205.6464246051567
731.0,-0.6311473029795981,0.011035247515748813,-1.570599982415074,1.2331556388496596,-3.1360526130383874,-6.283186088013275,-205.927249936297
732.0,-0.6261541041833727,0.011052177078234348,-1.5705864333768909,1.233122551281496,-3.136022687995797,-6.283185715080114,-206.2093540293923
733.0,-0.6220808460635835,0.011025335944786004,-1.5706115222629136,1.2331420074047104,-3.136042183790548,-6.283185069733597,-206.49258505114284
734.0,-0.6224552420947798,0.010977100574944646,-1.5706548593555278,1.233202244236896,-3.1360976527165976,-6.283184734441906,-206.77580318375087
735.0,-0.628866379328604,0.01093624489943583,-1.5706901067518497,1.2332737903356208,-3.1361612152405685,-6.283184947336493,-207.0574069725673
736.0,-0.637275934604303,0.010953952837386894,-1.5706721305948943,1.2332838285410839,-3.136166931602497,-6.283185861262173,-207.33682252317254
737.0,-0.6409200857696066,0.01102535660084405,-1.5706075659099796,1.2332116876304309,-3.136097554123911,-6.283186718860734,-207.61519967023105
738.0,-0.6427082050201876,0.011033481706660115,-1.5706017067445346,1.2331926044229509,-3.13607856694769,-6.283186178643787,-207.89310471586663
739.0,-0.6381960744365491,0.011086951024506842,-1.5705530183104313,1.2331107433456512,-3.1360056155498652,-6.28318629402101,-208.17204128770385
740.0,-0.6361401286521123,0.011027907914125763,-1.5706085787834412,1.2331570421717732,-3.1360502252589906,-6.283184957697011,-208.4515849507612
741.0,-0.6385208659212401,0.01098190624126442,-1.5706488821820601,1.2332131986703636,-3.1361030176839315,-6.283184803131018,-208.73059463977893
742.0,-0.6394428977323032,0.011011377241481077,-1.570621121839869,1.233187410065201,-3.1360791693403693,-6.283185621207891,-209.00932384693772
743.0,-0.6428106668801152,0.010985151269090632,-1.5706457074183813,1.2332226121780472,-3.1361101012422328,-6.283185315986794,-209.28725160231474
744.0,-0.642094943109985,0.011038281682913126,-1.5705967617513006,1.2331629745057089,-3.1360553739251347,-6.283186070460005,-209.56526888274314
745.0,-0.6413836596867546,0.011022795681237464,-1.5706124129837933,1.2331715911136993,-3.136063312295988,-6.283185466032288,-209.84348436052346
746.0,-0.6353404961353771,0.010278671245405466,-1.570539902825477,1.2330883926507805,-3.135997549361665,-6.2831859668662595,-210.1232663641313
747.0,-0.6297879359755979,0.010364496529958779,-1.5706194842475518,1.233125253791061,-3.136022239853649,-6.283184877568662,-210.40453814977693
748.0,-0.6280857361338192,0.01055242152598853,-1.570652524963238,1.2331789410781233,-3.136074199457178,-6.283184551941877,-210.68629239457766
749.0,-0.6284883921393101,0.010696697824203835,-1.5706551581867303,1.2332023412007336,-3.136096085435696,-6.283184986186451,-210.96793906271466
750.0,-0.6314967501630094,0.01078372711429549,-1.570663681375493,1.233233308282013,-3.1361228954914946,-6.283185230957528,-211.24881618424544
751.0,-0.6366024092812431,0.010847555848308548,-1.5706622726309314,1.2332535654674683,-3.1361390877467317,-6.283185589365155,-211.5283791412265
752.0,-0.6414264054769044,0.010912108696423103,-1.5706406163637163,1.2332419441312032,-3.1361259155491275,-6.283186032131915,-211.80668162641405
753.0,-0.6446282648383361,0.01096372885098036,-1.570618417771702,1.2332172798822818,-3.1361014555038973,-6.283186170474653,-212.0841380508895
754.0,-0.6446592358343579,0.011010206296645479,-1.5705926075709846,1.233176009495481,-3.1360633730055496,-6.283186153814511,-212.36152732934977
755.0,-0.6441188235163141,0.011012272702694646,-1.5706018983491157,1.2331739683544847,-3.136062341233108,-6.283185622976526,-212.63905256218655
756.0,-0.6429921984721492,0.011016977422437835,-1.5706042852583364,1.2331680171964767,-3.136058384312006,-6.283185469745213,-212.9168522092997
757.0,-0.6445160040330783,0.010987668509894277,-1.570635444558357,1.2332056362322017,-3.1360934364022595,-6.283185099029849,-213.19432359060434
758.0,-0.6402720313354247,0.011056405395981945,-1.5705750457597893,1.2331247916088668,-3.1360210018706884,-6.283185991143985,-213.4727443770685
759.0,-0.6385147923250559,0.011007764739852472,-1.5706234740507738,1.2331706613323499,-3.1360639154652246,-6.28318492355501,-213.75168860169168
760.0,-0.6356558130253233,0.011023387261005053,-1.5706093103325116,1.233152899973876,-3.136049380592121,-6.283185334093578,-214.03133642364125
761.0,-0.637159595158211,0.010973463333252128,-1.5706561598948756,1.2332154414752297,-3.13610629566679,-6.283184814501721,-214.31068917821815
762.0,-0.6361101476654213,0.011017346664681373,-1.5706155068321197,1.2331740319943527,-3.1360681509804005,-6.283185738166546,-214.5902430561266
763.0,-0.6395313671946574,0.010967315026399162,-1.5706623581816224,1.233238449266443,-3.1361254694026894,-6.283185064179997,-214.86901664976656
764.0,-0.6446695270040432,0.010973564963900262,-1.5706550458611754,1.2332588002426543,-3.1361604898142477,-6.2830162489588535,-215.14649900008519
765.0,-0.6458553032688771,0.010476058330980437,-1.5705873840033369,1.2331851982673996,-3.13608237174083,-6.283116852934134,-215.42368844060928
766.0,-0.6405408312677789,0.010612789622043435,-1.570572675982063,1.2331152316025125,-3.13600594611018,-6.28315700555118,-215.70210822184194
767.0,-0.635578706058663,0.010740789402627562,-1.5706000884506415,1.2331320385410132,-3.136023338049946,-6.283172774109726,-215.98180340511166
768.0,-0.634524346989241,0.010797813394061806,-1.5706413585701045,1.2331853910045592,-3.1360747348360354,-6.2831794165974895,-216.26182965173504
769.0,-0.6336752145185265,0.010874619467140979,-1.5706316389239607,1.2331836027382015,-3.1360742552663563,-6.2831829618674435,-216.54205430188122
770.0,-0.6386730890103173,0.010865284282958184,-1.570679980167791,1.2332608879912779,-3.136144007473268,-6.283183885694474,-216.8210936358479
771.0,-0.6421323181526796,0.010940489671993917,-1.570636105282696,1.2332269561522915,-3.136111545841179,-6.28318554367534,-217.09918886723855
772.0,-0.6433796057784309,0.010984781553469873,-1.5706139792346705,1.2331989057022175,-3.1360843326436867,-6.283185846568996,-217.37692802925167
773.0,-0.6408794235610761,0.011028848137406391,-1.570585540989936,1.2331517138399637,-3.1360418484921126,-6.283185924339638,-217.65523135193374
774.0,-0.6330707057726751,0.011071949715005658,-1.570554222280296,1.233087695523412,-3.1359867539498807,-6.283185766830604,-217.93545480349377
775.0,-0.6272069216801598,0.011025739649499539,-1.5706026213934012,1.2331253404609284,-3.136024986536998,-6.283184665508489,-218.2172862475895
776.0,-0.6250734574765999,0.010985954157083066,-1.5706410597073062,1.233175102449033,-3.136072734209793,-6.283184521746829,-218.49975707660676
777.0,-0.6296115584388023,0.010933250204654459,-1.5706897594309885,1.233258994043066,-3.1361483884428365,-6.283184584269255,-218.78113991252272
778.0,-0.6330475592921524,0.0109803490503654,-1.570646750780077,1.2332307056682503,-3.1361198425239527,-6.283185863211364,-219.06156734301726
779.0,-0.6344185347491444,0.01100968938762225,-1.5706220191072888,1.233203683086056,-3.1360923808838583,-6.28318605510426,-219.34159898444017
780.0,-0.6372053313142305,0.010994609943120032,-1.57063661739689,1.2332237547019838,-3.1361092561698416,-6.283185651323383,-219.62094244130054
781.0,-0.6423771428624151,0.010980507795787,-1.5706487606982824,1.2332497532345528,-3.1361317928456853,-6.283185613939125,-219.89900401252342
782.0,-0.65050075418299,0.010968644718088814,-1.5706584692295453,1.233279121003026,-3.1361568550799355,-6.283185738877965,-220.17508477641755
783.0,-0.6523769669027707,0.011050621329751872,-1.5705838654607058,1.2331863674649572,-3.136070716580166,-6.283186732403877,-220.45057389422448
784.0,-0.6507069709710924,0.011063765281626349,-1.5705741521726695,1.2331495530200847,-3.1360375093753596,-6.2831860756426,-220.72642932266373
785.0,-0.6470217015116069,0.011061775698638164,-1.570576455837757,1.2331293426164465,-3.136022050347596,-6.283185548773813,-221.00317006898808
786.0,-0.6414062770937162,0.011060950597396079,-1.5705775477725152,1.233109798664353,-3.1360080309340232,-6.283185248944577,-221.28129412240622
787.0,-0.6354287209002878,0.011044941551277396,-1.570592737220215,1.2331118369200047,-3.136013615005665,-6.283184902050635,-221.56095391988651
788.0,-0.6327013651091417,0.010999936864203818,-1.5706340420204628,1.2331599069282482,-3.1360596918664014,-6.283184533145494,-221.84139261999456
789.0,-0.6328600953406799,0.010978472200979491,-1.5706527622918192,1.2331958061338295,-3.136092585151425,-6.283184824907167,-222.1218356465477
790.0,-0.6388944356955447,0.010936273074663305,-1.570690159067687,1.233268424396486,-3.136156750544798,-6.283184919460618,-222.40082037381129
791.0,-0.6410242731068958,0.011009349810457768,-1.5706226443731608,1.2332034502576235,-3.13609461891723,-6.2831862938672645,-222.67915773861372
792.0,-0.6392870812620267,0.011042560357618752,-1.570594285582021,1.2331584320681468,-3.136051819864738,-6.283186154274784,-222.95787693464646
793.0,-0.6349790518925115,0.011053013335194338,-1.5705855081290887,1.2331307798640272,-3.1360277789656523,-6.283185723390297,-223.2376684034662
794.0,-0.6324193208347929,0.011017737020732263,-1.5706181060194784,1.2331607354526448,-3.13605680029277,-6.2831850332091905,-223.51817367438534
795.0,-0.6301423153243181,0.010953499681881146,-1.5686164880391265,1.2331420002835576,-3.13612660128348,-6.283186005521325,-223.7988143786616
796.0,-0.6296431252775261,0.011042796091024905,-1.5692384053181454,1.233189891955236,-3.1360437823351877,-6.283185627373397,-224.07972903200664
797.0,-0.62805061852772,0.011038786405819024,-1.5696883954332541,1.2331734386868372,-3.1360405163281135,-6.283185160588011,-224.36115718792567
798.0,-0.6295553381993841,0.010992159061508461,-1.5700302781475954,1.2332159484003096,-3.136091224594187,-6.283184658425079,-224.6423323426144
799.0,-0.6347751340877327,0.010964567763036654,-1.570254695352126,1.2332565064801275,-3.1361347837088283,-6.2831849481371185,-224.92224969741986
800.0,-0.6424853822738216,0.010961997931506304,-1.5703904512693774,1.233277028554944,-3.136155689164356,-6.283185528306681,-225.200254489393
801.0,-0.6462428727878594,0.01102202292895594,-1.5704262038413461,1.2332143661947097,-3.1360986396504407,-6.283186433992173,-225.47724863403613
802.0,-0.6458382298690533,0.01105377243273319,-1.5704594925949837,1.233163475029525,-3.1360528888626775,-6.283186273786122,-225.75429401528422
803.0,-0.6394985846259984,0.011093266705922816,-1.5704648905894858,1.233090755257896,-3.135990068033627,-6.283186072373102,-226.03285105736396
804.0,-0.6341517369104345,0.011047590496937494,-1.5705353859865192,1.2331167259560951,-3.136017993412933,-6.283184917204022,-226.3128398062621
805.0,-0.6354639213303437,0.010970102063715514,-1.5706233890116612,1.2332066624611477,-3.1361022890175816,-6.283184348760108,-226.59262360551492
806.0,-0.6392685884811977,0.01096798895542529,-1.570635577678655,1.233229179651009,-3.1361220414820985,-6.283185185856627,-226.8714544202882
807.0,-0.6420108378857751,0.010996315262819086,-1.5706180973471187,1.233285631402643,-3.136324011548295,-6.2817488801788945,-227.14954579290705
808.0,-0.6458923319147268,0.01098969169056373,-1.5706301078915437,1.233237672554068,-3.136155804510873,-6.282596003696911,-227.42669563247233
809.0,-0.6460861182626411,0.006842583259599301,-1.5704502365777793,1.2331018101459925,-3.136027770512239,-6.282938829794951,-227.7043942051821
810.0,-0.6441633267306119,0.0074779868957859635,-1.5706989014059678,1.2331700523324047,-3.136015660185897,-6.283080850872016,-227.982570694747
811.0,-0.6417567952708466,0.008712280784549895,-1.5706579349115581,1.2331684754610757,-3.13602019298683,-6.283140789161399,-228.26110668921797
812.0,-0.6364411480292084,0.009549769778665078,-1.5706098017298051,1.2331291738574384,-3.1359940495759298,-6.283166277334993,-228.54078694187905
813.0,-0.6363845560046606,0.010007698262529882,-1.5706598508266867,1.233205111240466,-3.136071321120591,-6.283176107620679,-228.82049918857155
814.0,-0.6384563024398605,0.010346490890072833,-1.5706538833926773,1.2332238137025417,-3.136093839101752,-6.283181321225136,-229.09963397424468
815.0,-0.6355237544355149,0.01063150531827171,-1.570593367796497,1.2331538604579506,-3.1360336582875648,-6.2831841864432425,-229.37937559460352
816.0,-0.6342157091084855,0.010742173702455825,-1.5706242110192805,1.2331850124555452,-3.136065309419915,-6.283184256299311,-229.65948250001654
817.0,-0.6349630092074446,0.010818918545411072,-1.5706381069218747,1.233209426546203,-3.1360903008977763,-6.28318468701131,-229.9394107351624
818.0,-0.6375191015650855,0.010870839072513447,-1.5706456223546756,1.233229882878429,-3.136109788433619,-6.283185061697633,-230.2186951670757
819.0,-0.6404554663827361,0.010919001677536979,-1.5706375131575747,1.2332300768871192,-3.1361098019566964,-6.283185480731091,-230.49721941040704
820.0,-0.6398437333264955,0.010986851796657277,-1.5705995985275323,1.2331808556312251,-3.1360650297823294,-6.283185950040053,-230.77582259625038
821.0,-0.6401967582241368,0.010981208971228127,-1.570621219383905,1.2331996682313051,-3.1360828893627923,-6.283185358209864,-231.0543659623082
822.0,-0.6368741487587785,0.011029700199449884,-1.5705865488208874,1.2331487992598418,-3.136038383902006,-6.283185765197714,-231.33368198002077
823.0,-0.6346807294110619,0.011006593796412055,-1.5706154756479982,1.2331722437396477,-3.1360614682525063,-6.283185080201286,-231.61360404970267
824.0,-0.6313024434392047,0.011021430865490442,-1.5706056310341752,1.2331556649052977,-3.136048409433067,-6.2831853044979304,-231.89437969883838
825.0,-0.6281055257225067,0.011013605758657109,-1.570616193440559,1.233162588694617,-3.13605612502145,-6.283185113185551,-232.17600991748137
826.0,-0.6315551191918427,0.010947541462305796,-1.570677753522128,1.23325127075814,-3.136137018695126,-6.283184599738982,-232.4568614168248
827.0,-0.6315504638899033,0.011012313358683534,-1.5706183162584775,1.2331927325617273,-3.1360825979130498,-6.283185959110213,-232.73761610164624
828.0,-0.636646030970173,0.010957246073573465,-1.5706704151170559,1.2332653501485389,-3.1361467603285273,-6.283185150077622,-233.0171591390927
829.0,-0.6453052864237381,0.010952419101754924,-1.5706727041552153,1.2332961123806843,-3.1361730242096204,-6.283185674890788,-233.29454191503757
830.0,-0.6559353203025349,0.010963995885548947,-1.5706611813461795,1.2333061856785832,-3.136179343446495,-6.283186154740667,-233.56933323914456
831.0,-0.6670568637828723,0.010986098375610176,-1.5706404198330606,1.2332965602562032,-3.136167971755433,-6.283186511040997,-233.84150314906626
832.0,-0.6692457674187066,0.011086912331066684,-1.5705497255414202,1.233169627548506,-3.1360508523916284,-6.283187306905834,-234.1130059611668
833.0,-0.6640656071183892,0.011122955631946856,-1.5705195512839742,1.2330860750558668,-3.135977251659326,-6.283186461887106,-234.3856004761623
834.0,-0.654087949214442,0.011126028052647827,-1.5705177720195482,1.2330351176620233,-3.1359380663618563,-6.283185483459083,-234.66049943333752
835.0,-0.6431272525187951,0.011093629241061468,-1.5705482304255094,1.2330332416085832,-3.1359448260135387,-6.283184560685154,-234.93810751893048
836.0,-0.6373304212262335,0.011013207413677732,-1.5706222637305975,1.2331101803303222,-3.1360205741205927,-6.283183795298699,-235.21730303849813
837.0,-0.6366384435787521,0.010967129544478506,-1.570663041589442,1.2331756096082196,-3.1360816974222407,-6.283184169709277,-235.49676159665148
838.0,-0.6342005710324269,0.010932908087587699,-1.5682720725147854,1.2331220849621052,-3.1361326449903655,-6.283186278716034,-235.77625078712748
839.0,-0.6323433724688923,0.011053973101205171,-1.5689900485193657,1.2331620575411688,-3.1360188310151282,-6.283185848616046,-236.0563689237991
840.0,-0.6278824704878508,0.011059351054572062,-1.5695103366564385,1.2331278865558675,-3.1360015223579785,-6.283185201444849,-236.3377505674851
841.0,-0.6286424672307261,0.01098180012644707,-1.569933477670496,1.233202697628412,-3.136083873656953,-6.2831842208627275,-236.61913964469352
842.0,-0.6306802037138151,0.010982940155555189,-1.570166616152315,1.2332093263113182,-3.136097788460924,-6.283185012604018,-236.90005330228547
843.0,-0.6334303738901615,0.010984552973614312,-1.5703236307778052,1.2332155955288815,-3.136106342630363,-6.283185394235129,-237.18029503343033
844.0,-0.6384700325186413,0.010972171304788,-1.5704407561799476,1.2332412902970988,-3.136130360936712,-6.2831855131252485,-237.45929834686325
845.0,-0.6443821113631457,0.01098151323963058,-1.5705026682087135,1.2332440527594934,-3.1361320308812046,-6.283185904091557,-237.73682275062845
846.0,-0.6463352983757786,0.011032395938825915,-1.5705043547206359,1.233186587200263,-3.136078432694654,-6.283186435221736,-238.0137885953622
847.0,-0.6527135743513833,0.01097800628873034,-1.5705864553118396,1.2332490061484442,-3.136134488928713,-6.283185474532009,-238.28929024055677
848.0,-0.6521558211910115,0.011065195278427937,-1.5705273221949976,1.233146004154123,-3.136040616377508,-6.2831866413165685,-238.5647821069642
849.0,-0.6460919045877562,0.011091600826777648,-1.5705200880935317,1.23308631704989,-3.1359879875487118,-6.283186032073864,-238.84169736685158
850.0,-0.6356910550246874,0.010975349411741234,-1.5705154264195718,1.2330362949952804,-3.135949314519392,-6.283185438947194,-239.12121267877936
851.0,-0.6304025010050807,0.010907108779784543,-1.5706107568322014,1.2331196812199985,-3.136027976075733,-6.283184095665927,-239.40223513401412
852.0,-0.6241862859182256,0.010959143850794644,-1.5705989274799856,1.233103260025145,-3.1360160852701675,-6.283184869739235,-239.68486899010588
853.0,-0.6228880005006903,0.010925700670748847,-1.570655287757266,1.2331760033383454,-3.13608228424973,-6.2831844136076285,-239.96795729966243
854.0,-0.6282074212683822,0.010897518461113979,-1.5706951604933697,1.2332557565128779,-3.1361528553386417,-6.283184736594844,-240.2497292643443
855.0,-0.6330777492033264,0.010951120219150337,-1.5706556068895285,1.2332359152104384,-3.1361305852412564,-6.283185966579489,-240.53017674540914
856.0,-0.63358260732306,0.011014605826929121,-1.5706058047011933,1.2331768866279902,-3.136073053631822,-6.283186446571694,-240.8104035097913
857.0,-0.6378294657928872,0.010972311816202729,-1.5706496464086754,1.2332321555783876,-3.136121365917806,-6.28318548279645,-241.08961863617776
858.0,-0.6426524899575267,0.010987405634110796,-1.5706370605900122,1.233229748410151,-3.136117660958495,-6.283185901811397,-241.36759653794576
859.0,-0.6454563837434351,0.01101677215792722,-1.5706124290463117,1.2332002884037556,-3.1360889452986327,-6.283186145510152,-241.64482786820523
860.0,-0.6461985294906754,0.011033035164569735,-1.57059950412669,1.2331754150795569,-3.136065642294875,-6.283185992085957,-241.92184144449323
861.0,-0.6471236870522785,0.011021278294011703,-1.5706113644331456,1.2331963187389046,-3.136114912554555,-6.282905315544688,-242.19863453137523
862.0,-0.6451691408133873,0.01104641130569832,-1.5705888303887696,1.2331464717619214,-3.1360467218159696,-6.283070746860758,-242.47586162212875
863.0,-0.6416873415896637,0.011045080357723235,-1.570591356512778,1.2331305706253597,-3.1360253315918207,-6.283137051520419,-242.7539503904608
864.0,-0.6353613557039387,0.011060165008998599,-1.57057805604202,1.2330967002921478,-3.1359949706045223,-6.283164958516181,-243.03361125751152
865.0,-0.6294793650316024,0.011035297580732493,-1.5706018728068678,1.2331111285913505,-3.1360109686385615,-6.283176170663138,-243.314834073641
866.0,-0.6239566089980876,0.011024045244004686,-1.5706120824242982,1.2331190469044926,-3.136021295576374,-6.283181110150225,-243.59753662127085
867.0,-0.6226477645903574,0.010977189131934052,-1.5706550698730422,1.233179062033239,-3.1360772158646006,-6.283182920054541,-243.88067887646304
868.0,-0.6268242222743894,0.010940350705707834,-1.5706871484368707,1.2332459035408303,-3.1361371382268515,-6.283184082910569,-244.1627921456575
869.0,-0.6359702123800874,0.010926463999569447,-1.5706977261535175,1.2332976637636281,-3.1361813010078463,-6.283185078640987,-244.44257284295995
870.0,-0.6485283599286122,0.01093697711192835,-1.5706861204042197,1.2333223919314797,-3.1361999818247166,-6.283185950689782,-244.7192098392856
871.0,-0.6579614697912847,0.011005297935804438,-1.5706236763603076,1.2332627226414261,-3.1361415726615647,-6.283186939191312,-244.99347290079038
872.0,-0.6613181126249728,0.011066136201526388,-1.5705699199387995,1.2331811894325928,-3.1360650230815437,-6.283187007286014,-245.26683717222724
873.0,-0.659943367512421,0.011087181504671348,-1.5705521860751535,1.2331273562176843,-3.1360172610086523,-6.283186330739324,-245.5404617278473
874.0,-0.656213280828173,0.011078660084087482,-1.5705606650920916,1.2331060892145769,-3.1360016989546056,-6.2831855611933145,-245.8149519659108
875.0,-0.6526689789321951,0.011050245276557137,-1.570586882330738,1.2331167369484317,-3.136015557574573,-6.283184978933467,-246.090315889248
876.0,-0.6458562975721489,0.011069602539030492,-1.570569014891726,1.2330770238716973,-3.1359836308762454,-6.2831852026263135,-246.36729820672053
877.0,-0.6426059886522846,0.011009119018549044,-1.5706256615606315,1.2331356944376033,-3.1360399074956953,-6.283184392955017,-246.64518308954248
878.0,-0.6414693669628037,0.010992911140404585,-1.570639346178347,1.2331618019491515,-3.1360649203316147,-6.283184767753234,-246.92338402586395
879.0,-0.637766090489966,0.011026070476244657,-1.5706091767397425,1.2331278600599673,-3.13603397555008,-6.283185429156551,-247.2024729959392
880.0,-0.6404741861763568,0.0109539435571516,-1.570675821467862,1.2332200451404303,-3.1361169087926166,-6.283184615190872,-247.48100565044564
881.0,-0.6436992836382273,0.01097804022456725,-1.5706517806352254,1.2332148807618013,-3.1361102926382864,-6.283185597354211,-247.75870259974076
882.0,-0.6462716443181271,0.010996227634915593,-1.570635724278969,1.2332051973192202,-3.1360985598117566,-6.28318586014017,-248.03573975096603
883.0,-0.6496220024125935,0.010994015263942019,-1.57063778308565,1.2332148129393363,-3.1361052566893877,-6.283185757733904,-248.31196112396634
884.0,-0.6464348045738956,0.01106615516922944,-1.5705719313392421,1.2331256954342031,-3.1360236485736532,-6.283186405308273,-248.58884125836207
885.0,-0.6435331511986468,0.011035448425590032,-1.570601954402707,1.2331430100700016,-3.1360404008974427,-6.2831853257596695,-248.8664810892847
886.0,-0.6400856575821868,0.011033273064197623,-1.5706031977143629,1.2331371388524386,-3.1360371311076918,-6.28318526927918,-249.14498232669064
887.0,-0.6374806736434362,0.011015461062891963,-1.5706197087070193,1.2331530246304487,-3.136052762714957,-6.283185052752353,-249.4241723807997
888.0,-0.6351719897077502,0.011011432275900257,-1.5706231644009305,1.233158297839942,-3.136058160908233,-6.283185161113477,-249.70396210612594
889.0,-0.6337682571075998,0.011001829293444912,-1.5706320241074374,1.2331724516600426,-3.136070909736046,-6.283185168056658,-249.9841343773767
890.0,-0.6322352994979066,0.011005476591034218,-1.570581326089558,1.2332738953820293,-3.1363744466646772,-6.2812171487776975,-250.26467328965282
891.0,-0.6332033763912428,0.010983887027049315,-1.5706172220249441,1.2332231400627518,-3.1361566753227392,-6.282377442740602,-250.54502439968113
892.0,-0.6303523070984693,0.00549554467214826,-1.5703939674090586,1.2330575312654357,-3.135999209287351,-6.282847045100316,-250.82691218312505
893.0,-0.6333498087072017,0.006252772168533273,-1.5707988418467234,1.233259849088466,-3.1360838566119607,-6.283041144473122,-251.1081829449649
894.0,-0.635889066534661,0.007925301103639225,-1.57070682412025,1.2332413200696404,-3.1360717755737477,-6.283124667489631,-251.38843871907136
895.0,-0.6408050100881573,0.008987091540950575,-1.570685517281563,1.233267195638235,-3.1361029354538767,-6.283159272314753,-251.66727538382517
896.0,-0.6401119993273754,0.009759202163082984,-1.5705996064304777,1.2331826982374483,-3.1360340700411244,-6.283174881850793,-251.94603080523834
897.0,-0.6441019165784903,0.010146690889878275,-1.5706509403106304,1.2332521090817004,-3.136104345511525,-6.28317993687041,-252.22380544272883
898.0,-0.6466778322292678,0.01047267275060345,-1.5706153837972399,1.233319345366856,-3.136370924229994,-6.281311570956839,-252.50081540382922
899.0,-0.6438846150052505,0.009805351833837133,-1.5705394059667486,1.233153754875117,-3.1360743932697988,-6.282416816160083,-252.7785474042609
900.0,-0.6406201262748964,0.010044466119589934,-1.5706134969497816,1.2331567978682783,-3.1360116261504056,-6.282861592421889,-253.05710414620265
901.0,-0.6404737031702752,0.010350804848828634,-1.5706413095452272,1.2331940647774646,-3.13603458150823,-6.283048142612616,-253.33569717716884
902.0,-0.6400400878511562,0.010589153320338931,-1.5706256447601832,1.2331841935808914,-3.1360279908786928,-6.283127165464296,-253.61434100492883
903.0,-0.6402116941976537,0.010730314122155834,-1.5706296172705312,1.2331939876310039,-3.136043017088756,-6.283160241409997,-253.89292718376882
904.0,-0.6442475900454593,0.010792408276248291,-1.5706588005279274,1.2332439643425759,-3.1360949112879535,-6.283174082068508,-254.170545549206
905.0,-0.643302093951278,0.010923599387985847,-1.5705949617017678,1.2331704499674396,-3.1360335178015215,-6.28318112526749,-254.44827602866448
906.0,-0.6414321837325366,0.010956414339601192,-1.5706038160679425,1.2331684587359701,-3.1360370367481516,-6.28318310355628,-254.72647434272812
907.0,-0.6351053636559455,0.011020045471901394,-1.5705696010348476,1.2331111557823753,-3.135991670260805,-6.2831844394479885,-255.00620428939885
908.0,-0.6275671733418542,0.011024292896923471,-1.5705828013067702,1.2331053874286582,-3.1359933372059103,-6.28318432665863,-255.28790620673755
909.0,-0.6253433765451352,0.01034149194879974,-1.5706257922045814,1.2331719312030187,-3.136065180025849,-6.283183937592128,-255.57040948967298
910.0,-0.6300554643902114,0.010389227061178544,-1.57070933957442,1.2332702626160068,-3.1361471997138306,-6.283184185693143,-255.85178066069483
911.0,-0.6397379695835317,0.010569568829420386,-1.5707079199616611,1.233318894643,-3.136190758033843,-6.2831851417303834,-256.13066720180086
912.0,-0.6459428887590494,0.010768734806341135,-1.5706353448378076,1.2332558553876178,-3.136130805359201,-6.283186484359151,-256.4078690497952
913.0,-0.6441599409494465,0.010929297823853395,-1.5705622342773096,1.233151494696221,-3.1360349886792735,-6.283186788440929,-256.68535824485593
914.0,-0.6432182686456801,0.010940500286878554,-1.5706004315984678,1.2331756091583572,-3.136059018236821,-6.283185415412428,-256.9631223660869
915.0,-0.645520539585256,0.010935480443978036,-1.5706339865903007,1.233216848067146,-3.136098972843169,-6.283185062018499,-257.24036232524014
916.0,-0.6436681394548578,0.011006617588583643,-1.570588255925007,1.2331567521898752,-3.136045600012535,-6.28318585132546,-257.5179717949285
917.0,-0.6391828773238809,0.011028501880089697,-1.5705828753648723,1.2331306646371227,-3.1360238284150905,-6.283185491836681,-257.79668357744475
918.0,-0.6335797621638609,0.011031072530922302,-1.5705895111123755,1.2331218944949955,-3.1360192074479363,-6.283185137835163,-258.07682891827676
919.0,-0.6252499679117557,0.011051056300029064,-1.5705769298720367,1.2330896599518597,-3.1359939313740646,-6.283185144000708,-258.3591256161959
920.0,-0.6229432759917873,0.010973651559392898,-1.5706523188179342,1.2331786748742117,-3.1360772554630314,-6.283184175365449,-258.6421791303245
921.0,-0.6260891868398945,0.01094051382451657,-1.5706826225811494,1.2332422686686562,-3.136134813352371,-6.283184652031472,-258.9244723506781
922.0,-0.6287593574903861,0.010976149853688142,-1.5706508166005337,1.2332261705797332,-3.1361172455421427,-6.283185700595467,-259.20602153072116
923.0,-0.6319026382387096,0.010983249905543084,-1.5706459553092924,1.2332313183650538,-3.136118835648825,-6.283185782568305,-259.4867502087935
924.0,-0.6387896914212409,0.010959573537093531,-1.5706673180475526,1.233275172419426,-3.136156386803169,-6.2831856078734605,-259.7657597250801
925.0,-0.6406659259556344,0.011033333551197233,-1.5705998941758987,1.2331977520762907,-3.1360837357915075,-6.28318659170352,-260.04417344672487
926.0,-0.6447488362339371,0.010998024026024834,-1.5706337195933116,1.2332337290984938,-3.136115138922309,-6.283185652294515,-260.3216186600184
927.0,-0.6521393625131745,0.01097686054874003,-1.57065125781622,1.2332680596825825,-3.136145961574726,-6.283185626614932,-260.59728603840813
928.0,-0.6577004379460525,0.01101352612282291,-1.570617252096513,1.2332331760843307,-3.136112836400155,-6.283186256010795,-260.8715627730883
929.0,-0.6635228615827906,0.011010034728140746,-1.570621042639115,1.2332355543738573,-3.136113964017286,-6.283185987113268,-261.1444773287971
930.0,-0.6620420827512075,0.011084296069888647,-1.5705535932842905,1.233135373151652,-3.1360234777219307,-6.283186583992843,-261.41760134929893
931.0,-0.6586591061253902,0.011068101571934325,-1.570570651206677,1.2331245158846693,-3.1360162386591655,-6.283185542053822,-261.6915196778253
932.0,-0.6505622152784842,0.011094734223371917,-1.5705461009561377,1.2330662769981955,-3.135968542730094,-6.283185489886188,-261.9673107073657
933.0,-0.6396269987629706,0.011090698588445143,-1.570551031339692,1.233039349918921,-3.135950541540499,-6.283184907442177,-262.24580291041383
934.0,-0.6351244832499278,0.010996459863227942,-1.570638257954635,1.2331352674741507,-3.1360424056070233,-6.28318380642636,-262.52559575829275
935.0,-0.6315868693583888,0.010999307704549634,-1.5706338230334975,1.2331421741013735,-3.1360503811829674,-6.283184698137494,-262.80630723142946
936.0,-0.6328354486246873,0.010955418787693664,-1.5706743346549576,1.2332086378337286,-3.1361094053407412,-6.283184626314943,-263.08678599977515
937.0,-0.6345181750441407,0.010976638226269231,-1.5706538543632427,1.2332063861613842,-3.1361047878867367,-6.283185494118025,-263.366812026133
938.0,-0.6345251697270856,0.011004950458519765,-1.5706286115680534,1.2331838147724279,-3.1360813892193176,-6.283185855746225,-263.6467996023775
939.0,-0.6399779345543444,0.010952691822492259,-1.5706761409094467,1.2332571762135607,-3.1361458417976085,-6.2831852107935795,-263.925493505961
940.0,-0.6419366819304133,0.011015927924211057,-1.57061701652071,1.2331981970744108,-3.1360898357301035,-6.283186316272894,-264.20359535268375
941.0,-0.6440245936388078,0.011008072065520529,-1.5706255356599184,1.233205522841405,-3.1360944292762922,-6.283185814591865,-264.48118714088025
942.0,-0.6486327746500425,0.010986475714790162,-1.570644324587799,1.2332358902278446,-3.1361211338619697,-6.283185570567893,-264.7576751842241
943.0,-0.6500167762369996,0.011030697719022566,-1.5706034368882218,1.2331869898212602,-3.136075606466693,-6.283186171126475,-265.0337498615957
944.0,-0.6473375796542346,0.01105958408974439,-1.570578328534352,1.233138946799794,-3.136032129368818,-6.283186016894638,-265.3104221443038
945.0,-0.6440529326434228,0.011043806796056259,-1.5705936205514575,1.2331460083367893,-3.136054139835175,-6.283058318048467,-265.5879188681921
946.0,-0.639051409313705,0.011048909116654444,-1.5705887967471424,1.2331210151490752,-3.136023360375312,-6.283133153276542,-265.86665474968777
947.0,-0.6354961108004852,0.011018590830052199,-1.5706170906944248,1.23314557891375,-3.1360439432305323,-6.283162927611463,-266.14634456615084
948.0,-0.6339253160793914,0.010997524542474796,-1.5706358446994786,1.2331721555468727,-3.1360680135490484,-6.283175640030176,-266.4264774240331
949.0,-0.6307312201877541,0.011019893563713396,-1.5706152009994907,1.2331496406219726,-3.1360475754127037,-6.283181463808255,-266.70740700760416
950.0,-0.6299806451934865,0.010989665498694286,-1.570643562104601,1.2331873923282715,-3.1360817567778967,-6.283183327625267,-266.98859062757936
951.0,-0.6283366943945317,0.01100881564664901,-1.5706253510574366,1.2331723439072713,-3.136067899107338,-6.28318475117118,-267.2701798625504
952.0,-0.6300503187667047,0.010974558078234066,-1.5706569453615133,1.233219835007499,-3.1361101280808796,-6.283184787078824,-267.55138691229314
953.0,-0.6370005477254271,0.010942345990633763,-1.570684417100521,1.2332802366734936,-3.13616340066717,-6.283185084828965,-267.83086675598446
954.0,-0.6413442864757422,0.011000464780923432,-1.5706304740054997,1.233232072171114,-3.136116628019141,-6.283186259068696,-268.10915915064226
955.0,-0.642854321807027,0.011029043866096667,-1.5706057538375897,1.2331965423428042,-3.13608212585693,-6.283186224326998,-268.3870229645262
956.0,-0.643063465060725,0.00951294185788457,-1.5705517513359182,1.2331584116891976,-3.136062278523285,-6.283186057010848,-268.66505776089406
957.0,-0.643931855184939,0.0097250098442347,-1.570656973265085,1.2332035775661871,-3.1360818745945958,-6.2831853626399266,-268.9429012872863
958.0,-0.6412351631825011,0.010209573260350206,-1.570607359860961,1.2331559797424292,-3.1360418074283847,-6.283185738939057,-269.2212665847724
959.0,-0.6426506792254455,0.010445992755662265,-1.5706514663522337,1.2332169727341564,-3.1360998005165115,-6.283184842910796,-269.49931363176563
960.0,-0.6461138933572043,0.010630855702720224,-1.5706501134402222,1.2332348859781643,-3.1361172678495426,-6.283185283134822,-269.77647704800796
961.0,-0.6435096462531159,0.010281305072551719,-1.570563848098905,1.2331412771573016,-3.136037703676235,-6.283186262026128,-270.05423016869446
962.0,-0.6375530208506549,0.010401173495519991,-1.5688519095460753,1.2331008115812967,-3.1360692728154556,-6.283186279662056,-270.33303899518745
963.0,-0.6320444190036482,0.01068263419983362,-1.5693928052003512,1.2331331683218034,-3.135993630929748,-6.283185391117512,-270.61335357828426
964.0,-0.6273993868947878,0.010785553597403536,-1.5698092633914384,1.2331463908928961,-3.136019556545645,-6.2831845298369595,-270.8949925344407
965.0,-0.624659306400682,0.01084252909043992,-1.5700969769283277,1.2334137138161012,-3.1367661795762842,-6.278579923384555,-271.1774149380826
966.0,-0.622147227026775,0.010898337592222486,-1.5702724387894953,1.2333420498078302,-3.1365779345742455,-6.278839168317447,-271.4605559306504
967.0,-0.6214020421689052,0.010918089775517881,-1.5704057754867615,1.2332571893608828,-3.1362547192261268,-6.280429207561034,-271.74397737068193
968.0,-0.6267337371839349,0.010892863542340139,-1.5705284650380456,1.2332479542203518,-3.136048519942279,-6.282034698939491,-272.0261088716217
969.0,-0.633799746673375,0.010927080440764144,-1.5705625418501576,1.2333955318595802,-3.136456551843765,-6.279603982297025,-272.3063694534767
970.0,-0.64360636212632,0.01093587043799725,-1.5705986351839316,1.2332820481881872,-3.1360864632157526,-6.281708930120505,-272.5841836415306
971.0,-0.6471726341761946,0.011030278136773942,-1.5705425374237052,1.233156018017118,-3.1358911467780977,-6.282563934078283,-272.8609802435212
972.0,-0.6533746728285441,0.010991692903395063,-1.5705990267473078,1.23319244340697,-3.1359165537252203,-6.2829213313909875,-273.13633120785835
973.0,-0.6576642197133934,0.011023913954269248,-1.570581564262894,1.2331610116093794,-3.135905986803826,-6.283072650152813,-273.410601214546
974.0,-0.6557971742908578,0.01107760950820829,-1.5705425411631617,1.2330884383010334,-3.1358644314765503,-6.283136586226781,-273.68521252826645
975.0,-0.6507111611022616,0.0110790303459343,-1.5705487905672642,1.2330639564332264,-3.1358680805882795,-6.283163006086889,-273.96102218242993
976.0,-0.6451175080780975,0.010975826562557293,-1.5678954260069622,1.2330421849544682,-3.135986957532266,-6.283175238844566,-274.23759028115614
977.0,-0.6375326964880994,0.011125153669369652,-1.5687016795211222,1.2330548522187619,-3.1358503703563056,-6.283180055600944,-274.51619616451046
978.0,-0.6336668661538891,0.00837906300044462,-1.569291013393854,1.233074569617627,-3.1359263276920286,-6.283181000110162,-274.7964664783378
979.0,-0.6305538486298716,0.008758124538026298,-1.5698675190215061,1.2331432832425082,-3.135978740516644,-6.283181986587175,-275.077673218081
980.0,-0.6332825793138868,0.009481607889994975,-1.5701632617218597,1.2332243629271094,-3.136073934352137,-6.283182599794535,-275.3581987850019
981.0,-0.635286281526764,0.010032011270950781,-1.570293841096663,1.2332025197811827,-3.1360673519092868,-6.28318428951016,-275.6381094658405
982.0,-0.6363346484961203,0.010382632862156087,-1.5703921042255762,1.2331901913333816,-3.136063999602242,-6.283184845597563,-275.91769891067986
983.0,-0.6345539436614505,0.010629737357595714,-1.5704415899533093,1.2331532042968183,-3.136036441777006,-6.283185276752434,-276.19767421479673
984.0,-0.6344978309449346,0.010742316101531688,-1.570520199393747,1.2331819086607028,-3.1360671245237826,-6.283184855196838,-276.47769718120514
985.0,-0.6340447041317991,0.010842473592756877,-1.5705469715851619,1.2331742750449262,-3.1360633587609117,-6.283185218749821,-276.7578147194115
986.0,-0.6313329830736979,0.009574006713868115,-1.5705073283521844,1.2331252346825101,-3.1360341011876627,-6.283185617112292,-277.0388029020508
987.0,-0.6284566253916922,0.009805381276483314,-1.5706136126185697,1.2331592160479403,-3.136047413777004,-6.283185054807369,-277.3205601058598
988.0,-0.6278938289996139,0.010202345357592561,-1.5706335004320198,1.2331925566690412,-3.1360809696785363,-6.28318487848242,-277.6024364211418
989.0,-0.633410168458182,0.010430497269030647,-1.570676077841866,1.233267570865115,-3.1361502478187613,-6.2831847875298905,-277.88292114073414
990.0,-0.6374769279208641,0.010657956100477222,-1.570632048643404,1.2332337476324677,-3.1361182261300122,-6.28318596090028,-278.1622628463769
991.0,-0.6414834800680927,0.010780240982612104,-1.5705877192316142,1.2332318278527086,-3.13611636207157,-6.283185921802157,-278.4405532197474
992.0,-0.6425378317890378,0.010893447176841582,-1.5705689620865928,1.233189843722167,-3.1360750440268856,-6.283186174145178,-278.718504796858
993.0,-0.6372753309691407,0.010994025381744143,-1.57053304921319,1.233110294998304,-3.1360044492664976,-6.283186196331489,-278.9976802407222
994.0,-0.6354258567854913,0.010958472973767796,-1.5706031643221714,1.2331685228502547,-3.136060283520905,-6.28318481315935,-279.27742462872607
995.0,-0.6311778786071592,0.011005408332241852,-1.570582443941281,1.2331322975161705,-3.136030183223122,-6.283185394779355,-279.55821421629076
996.0,-0.6232795568424017,0.011040645496393652,-1.5705668907517387,1.2330906512617328,-3.1359951499866496,-6.283185362234009,-279.84104414654064
997.0,-0.6209680426482743,0.010970536958984343,-1.5706423154097042,1.2331745833128078,-3.1360737012848303,-6.283184307470073,-280.1246297722732
998.0,-0.6233233731311459,0.010945584091723812,-1.5706696434559912,1.2332287185452278,-3.1361228634086515,-6.28318474631679,-280.4076490980608
999.0,-0.6297164022931563,0.010935325479110615,-1.5706820728071755,1.2332727486415007,-3.13616008390381,-6.283185282191499,-280.4076490980608
