time,shoulder link,upper arm link,forearm link,wrist1 link,wrist2 link,wrist3 link,total_reward
0.0,-2.2275941113032706e-07,6.070744973073329e-05,-1.2480678487588104e-05,-6.168936372644878e-06,4.59121667042725e-07,0.00019114237505891992,-0.9111607981031667
1.0,-0.004813367615437061,0.0045572687164623414,-0.004768350947066598,-0.01109729746487438,-0.011114054340204136,-0.010992373660710078,-1.8205846750436128
2.0,-0.014749126345157475,0.008319249753768678,-0.008588165839762322,-0.026781759966758748,-0.02305719698782471,-0.02169125835435258,-2.7253310994589572
3.0,-0.023645583005936464,0.011194783570820472,-0.017266703394575287,-0.03871680165707698,-0.03901545868034281,-0.037115684012489054,-3.624457425074217
4.0,-0.03437172076028713,0.01286552510853567,-0.028731236879237634,-0.054623741318101784,-0.04894143038620802,-0.05457664915041821,-4.516490413043563
5.0,-0.046262362575405655,0.013864424974485137,-0.04270084936760181,-0.07229803395725296,-0.05917780221609369,-0.07288178333221694,-5.399995856802618
6.0,-0.060019125134876436,0.014413696321730802,-0.05834280243398814,-0.09068529062891968,-0.06578040877611112,-0.08689272289657338,-6.273556946545998
7.0,-0.07516630445245545,0.01468029533502842,-0.07508623788360226,-0.10216621886589904,-0.07955185507138925,-0.10081691672436525,-7.13550980627451
8.0,-0.09149446711276658,0.014792933097342996,-0.09205611101971095,-0.1178982074606025,-0.09633512520966328,-0.11736962645932612,-7.984986823427608
9.0,-0.1077039564057383,0.014530660657457947,-0.10563918377119323,-0.13125003182595107,-0.11435976119484942,-0.13506069599619555,-8.822218689292443
10.0,-0.12444868838301962,0.014781707758363368,-0.1207944686864157,-0.14056283960035398,-0.12234502569337383,-0.15345669371099743,-9.647014393427181
11.0,-0.13992872398546044,0.014951687768570664,-0.1371355649780337,-0.15541680678283076,-0.13507049085784614,-0.17214823130297557,-10.459719473622343
12.0,-0.15580096617021616,0.015023106711678192,-0.15431209050494493,-0.17263751000809294,-0.1513936202933118,-0.1842601867434191,-11.259887181899208
13.0,-0.16984196918937405,0.015030396175562231,-0.1720557589712294,-0.18906631496965753,-0.16816219394345516,-0.20025154808847254,-12.048234750888017
14.0,-0.18442137911533935,0.014976016612187393,-0.18966469057559485,-0.20689669679937797,-0.18502665257081635,-0.2179464077798864,-12.824533231035442
15.0,-0.200511863535608,0.01446233429394551,-0.20166548432591466,-0.22536725594007212,-0.19828472046860202,-0.23634822753319185,-13.588702673197107
16.0,-0.21577413228119213,0.014786470209578946,-0.21568836386245613,-0.2440582869318033,-0.214773921084501,-0.2550421780409714,-14.341036610962185
17.0,-0.23056689353489204,0.014989341909431169,-0.2313297044973033,-0.26285880507956694,-0.23267879161874455,-0.27385702027591374,-15.081413433930885
18.0,-0.24323093270601687,0.01503510604309106,-0.2478255049166784,-0.2793100445045614,-0.25116792128008275,-0.29272181947779397,-15.810680376020754
19.0,-0.252851401190552,0.015035487205569738,-0.2651008054460415,-0.2896895030616846,-0.26656326912307243,-0.3116072216972799,-16.530428794917384
20.0,-0.2640772056056391,0.015042054560541149,-0.28289697898430494,-0.3034993004974891,-0.278526656518576,-0.33003353210762454,-17.239875723932858
21.0,-0.27254142531890857,0.015029296248209032,-0.3010358532130516,-0.3202858135991657,-0.29446641016690533,-0.34487834868454736,-17.940284187798405
22.0,-0.2825009610781001,0.014723984816783291,-0.3166795272069035,-0.3344630571311315,-0.3121431675063966,-0.3620360072001358,-18.631244827379355
23.0,-0.295621875838174,0.014849643928634306,-0.333259018541594,-0.35072635014701536,-0.32705374671351484,-0.38021389471985995,-19.310845882151632
24.0,-0.30829886575465953,0.014899737708480576,-0.35059280097935835,-0.36250353979492267,-0.34260127537824137,-0.3887612407255051,-19.978909662143103
25.0,-0.32055053637838343,0.014928680408396192,-0.3684329187945714,-0.37580446812489404,-0.35991510123986314,-0.3976587567391045,-20.635576437805355
26.0,-0.33450735990042973,0.014894457565236142,-0.38664131101973637,-0.3854358258785855,-0.37691250130747184,-0.40481432889625923,-21.27968239540623
27.0,-0.35025607265754216,0.014899101217855296,-0.4050590500997334,-0.4004063769052135,-0.3950060296120714,-0.41879460476853964,-21.910042379151395
28.0,-0.3658538859100169,0.014449302247027507,-0.4187216496851585,-0.4177104088472921,-0.4135710660384209,-0.42959306480876885,-22.527361341419326
29.0,-0.382141356994463,0.01468834652329309,-0.4339065333046079,-0.43590642327256995,-0.42934062765410863,-0.4439939138995386,-23.131323240260222
30.0,-0.3981331665655743,0.014708028526212962,-0.44883529354528645,-0.4545222968754435,-0.44312509352462726,-0.4610133618856864,-23.721984643113394
31.0,-0.41470044023643293,0.014778833184087238,-0.4650627637294094,-0.46457710169633004,-0.4598467932501652,-0.4791354010282222,-24.29866845398549
32.0,-0.4320945229050857,0.014829703773476945,-0.48194227330842415,-0.47717818903849224,-0.47784775600234997,-0.48541043298574904,-24.860644679567294
33.0,-0.450055841066781,0.014862964961723107,-0.49946838237048935,-0.4934304971905495,-0.4939463247029232,-0.4991066989303948,-25.407408667343287
34.0,-0.46635458312931094,0.01482535366914573,-0.5174595126998189,-0.50720625642292,-0.5109813901114942,-0.5158559468711426,-25.939704442506226
35.0,-0.48049877657095047,0.014801242727909475,-0.5357480605052646,-0.5232346256374926,-0.5290997450687347,-0.5313430508951813,-26.458765651988084
36.0,-0.495386368704756,0.01450206638820762,-0.5514128860483819,-0.5409453126389169,-0.5395485141929678,-0.5468107844322743,-26.964772241754982
37.0,-0.5083420353809331,0.014568969962158715,-0.5680262220613622,-0.5527212001559403,-0.5548892355008562,-0.5642568353081283,-27.458645679977664
38.0,-0.522105339941969,0.014568505326767485,-0.5845333558100432,-0.5685570896698351,-0.5723164685403346,-0.5824657946027336,-27.939955524773723
39.0,-0.5365696884313581,0.014622514624638025,-0.6017823873826792,-0.5861871489932287,-0.5906095316390398,-0.5964503512349288,-28.407998702865896
40.0,-0.5506238558288882,0.014471138608552016,-0.6188467969830128,-0.5902068066910142,-0.5948534317176752,-0.6088864317636119,-28.863277507928473
41.0,-0.5644451417964327,0.014555416375731859,-0.6364125760933727,-0.6029767408439163,-0.6077533115055733,-0.6159051717702223,-29.305724461789794
42.0,-0.5795254725365158,0.013907234580150057,-0.6467099788583772,-0.6193946092387581,-0.6241709616073944,-0.623807694382197,-29.735690105682487
43.0,-0.5943719944046914,0.014283983250817839,-0.6593219144186846,-0.6372053716743784,-0.6420524528460138,-0.635170467966397,-30.153196095549085
44.0,-0.610027430913155,0.013999553511954838,-0.6678995189206962,-0.6556972895663387,-0.6605270855583812,-0.6451656041491246,-30.55834383216404
45.0,-0.6227026222213189,0.014425245623087307,-0.6796130952700545,-0.6743690968161294,-0.679259270781783,-0.6602848123192181,-30.952430822776883
46.0,-0.6337773557198384,0.014598206941838693,-0.6937713832283344,-0.6902687849984472,-0.6980862416193879,-0.6750080937675743,-31.3358844196034
47.0,-0.6448427006898587,0.014365716941808555,-0.7062214424368207,-0.7078995375481006,-0.7169533216555146,-0.6912182667968902,-31.708850405415486
48.0,-0.6580440887730761,0.014481653871149882,-0.7206986987999798,-0.7260240320754296,-0.7338155827194627,-0.694957922664317,-32.06983393952236
49.0,-0.6722524848722995,0.014058188372551194,-0.7359060959812603,-0.7410486664926346,-0.7518404681249463,-0.7058655774658968,-32.41773858084836
50.0,-0.6865060417036932,0.013916900438365012,-0.7510238243306117,-0.7507647755368182,-0.7591533111288128,-0.7213557587898868,-32.752967336832
51.0,-0.7019734704267052,0.014113549438802954,-0.7672827990092437,-0.7657568761497392,-0.773256734481912,-0.7388440596807768,-33.07450668121431
52.0,-0.7153742554201569,0.014065439915290455,-0.783082879840811,-0.7773724188110119,-0.7901790758341904,-0.7571604014359765,-33.383403838540715
53.0,-0.7245006314903747,0.014081159537245772,-0.7985889066225428,-0.7908025574505061,-0.8047951823260958,-0.77098310855152,-33.682275855188365
54.0,-0.733686889280147,0.01412872740859114,-0.8152328402993734,-0.8043303047342564,-0.8218596822126071,-0.7877016122647207,-33.97095182316324
55.0,-0.7435540192896154,0.014122747657428656,-0.8326221245974121,-0.8188106931906711,-0.837933740925743,-0.79986073493284,-34.24876578671728
56.0,-0.7559222784174155,0.014044051980191694,-0.8505471028331224,-0.8320158483278781,-0.8501858661253142,-0.8142155235727425,-34.51427914172247
57.0,-0.7699817979120019,0.014000362672281625,-0.8687805428492023,-0.8484966966924113,-0.8662475878839005,-0.8312055198507888,-34.766169514758644
58.0,-0.7839119173095241,0.013861803013869004,-0.8861649025401112,-0.866400633735863,-0.8718707967072766,-0.8334405975327867,-35.00489011540167
59.0,-0.7990736496598582,0.013731726226902965,-0.9040542169239577,-0.8712845871847819,-0.8829954699002103,-0.8397941934988815,-35.22988658449021
60.0,-0.8155837885706022,0.013740159894262907,-0.9217277934577575,-0.8844063249511858,-0.8986465737904864,-0.8534126125372389,-35.44012574912933
61.0,-0.8329191619165931,0.013253746982909494,-0.9337134850847115,-0.8974298641227237,-0.9162019347434627,-0.869373646050995,-35.636188360415865
62.0,-0.8508782735490733,0.013426554482858505,-0.9460741981338624,-0.9128040588078591,-0.9345497817982349,-0.8839855249465856,-35.81801974381601
63.0,-0.8652019519412357,0.013243034153050049,-0.9549051720276368,-0.9252779999286572,-0.9480528992758397,-0.8978538476568084,-35.988569538044935
64.0,-0.8799420245081856,0.013611491599684696,-0.966864632020987,-0.9413881490529761,-0.9646291012365529,-0.9043517924620585,-36.147263246894916
65.0,-0.8961081289930242,0.01345718319067791,-0.9771605614659259,-0.9590111879776569,-0.9825664448295502,-0.9181072633757481,-36.29357339196502
66.0,-0.9132924820117628,0.01346348243382811,-0.9874163662027504,-0.97680620370426,-0.9907559949164054,-0.9348800695280327,-36.42768470024728
67.0,-0.9249407146004485,0.013670820730479536,-0.9997152029413618,-0.9943983540747572,-1.005213210939414,-0.9529005855597057,-36.551649456294406
68.0,-0.9372015640633331,0.013317322993063346,-1.0088791399433208,-1.012793904645385,-1.0222628245735839,-0.9672870630949618,-36.66613520611681
69.0,-0.9507793124398564,0.013316506417675645,-1.0179581363296866,-1.03145124523733,-1.040402474692266,-0.9842502143466745,-36.77112543687586
70.0,-0.9659520015254425,0.013157306166044788,-1.0249096063298397,-1.0502756853458994,-1.0509757752428606,-1.002347672548411,-36.86741289494064
71.0,-0.9824856035344929,0.01322985361427598,-1.032156171447819,-1.0691191036060883,-1.066363115625126,-1.0209158550708377,-36.95558838493063
72.0,-0.9988276101221154,0.013401986318175414,-1.0412584705213324,-1.0879780615040742,-1.0810255111222022,-1.0396786700850527,-37.036548685133695
73.0,-1.0157864463006236,0.013567786258990761,-1.0534731478162624,-1.1068528315809616,-1.0981251012866207,-1.056368301722766,-37.11090804554358
74.0,-1.033389144966695,0.013251453494274711,-1.0632237552946326,-1.125811687497323,-1.1097155375307417,-1.0743177956235983,-37.1816331598778
75.0,-1.0506175633514276,0.012938773816625325,-1.0689808912756993,-1.1447506679017705,-1.1254952049616,-1.0925604812599434,-37.253187970507156
76.0,-1.0682916542691652,0.012514888154963311,-1.07728509430766,-1.1635821396892667,-1.138207843620257,-1.1039256336967922,-37.327486264923515
77.0,-1.0864031994936958,0.012754027451800935,-1.0892161635004192,-1.1824832629153657,-1.1496870113085431,-1.1196208415865747,-37.406222645280636
78.0,-1.104806969204606,0.012988407728952994,-1.1034479908132253,-1.1978528519306961,-1.150985501421589,-1.1349224070012645,-37.49049305450615
79.0,-1.1233729351367359,0.01304389410677986,-1.11928338839296,-1.207579469365813,-1.1609311098236939,-1.150399241090539,-37.582376619880066
80.0,-1.1396665290115024,0.013069692712745344,-1.1353437529252128,-1.2226088965761748,-1.1736982260286744,-1.1678506652526717,-37.6823350050509
81.0,-1.1525730305092017,0.012702496396723936,-1.1469413684170644,-1.2380330788329044,-1.190021318761214,-1.182793101133071,-37.79023641549273
82.0,-1.1666565607948713,0.01264359322990429,-1.1574230597979631,-1.255446110832968,-1.2078500132810106,-1.1936870426910557,-37.907629989581714
83.0,-1.1824757032613338,0.012718765180616905,-1.1695864022010856,-1.2651819534013993,-1.2263091432539177,-1.2037739323454748,-38.0357922390791
84.0,-1.1979303817954223,0.012901293814986893,-1.183903837210444,-1.2802128904495944,-1.245030585069468,-1.214890385287952,-38.17481012525968
85.0,-1.2142217029198157,0.012898684197048125,-1.199822135818411,-1.297275076486227,-1.2620541988452103,-1.2210604943341625,-38.325265537695735
86.0,-1.2313725385572596,0.012495195236830271,-1.211685996425115,-1.3154635977198224,-1.279325270116126,-1.2255743088209687,-38.48838521478743
87.0,-1.249211870743725,0.012586544730974453,-1.2256808584778016,-1.3278433108179408,-1.2975397156917372,-1.238498436407573,-38.664522956176214
88.0,-1.2674333801588276,0.012599656747364829,-1.2413340518798415,-1.3351026197353355,-1.316156504851972,-1.2397415982129536,-38.85380718218544
89.0,-1.2859055586344494,0.01261271073177597,-1.2580662319301277,-1.347309707534156,-1.334939571580758,-1.2514273946097505,-39.05656506849178
90.0,-1.2973909591549575,0.012619348290019166,-1.275078869991184,-1.3634192468589892,-1.3498076651884046,-1.2673474134835443,-39.26832091699199
91.0,-1.309779965061482,0.012402118482744721,-1.292899341518693,-1.3707357256927064,-1.365042508679881,-1.285015709044111,-39.48911171826494
92.0,-1.3243764348453375,0.011832767385093567,-1.3040222631139644,-1.374372256824152,-1.3823952321898303,-1.2954780025374875,-39.72068743299064
93.0,-1.3391824071302243,0.011936316811368725,-1.3140839211589146,-1.3868906480096463,-1.3977932785250071,-1.3056147850177844,-39.96329663568239
94.0,-1.3534640594565568,0.012151561712087066,-1.3264870649870173,-1.403148359853635,-1.4151976409773055,-1.3139618782804825,-40.21679205464399
95.0,-1.3610960452213352,0.012304803964703733,-1.3410181105969825,-1.4209471164526442,-1.433486949109213,-1.3181264247609925,-40.47731894121476
96.0,-1.3599687433458452,0.012292317244866123,-1.3567408907601823,-1.436189902287812,-1.4477337336738136,-1.3309287434425687,-40.73919393774832
97.0,-1.3607075932956096,0.012127594692172925,-1.3736659137007146,-1.4535523109949435,-1.4646194816276632,-1.3473079659639313,-41.003730485843825
98.0,-1.3649203014140392,0.011941140895496073,-1.391069988502723,-1.4718276412859566,-1.4826884995895033,-1.362048264024084,-41.27342470021083
99.0,-1.3648373861664542,0.011878619387803739,-1.4089100852940157,-1.488083741732376,-1.5012553327526736,-1.3760180033939948,-41.546248383907866
100.0,-1.3590377260366624,0.01061213094387649,-1.4262577226008721,-1.5058399043902975,-1.520016031947938,-1.3852876703784722,-41.81968303590999
101.0,-1.3523597773780698,0.010456227322697131,-1.4413760763470296,-1.5243533934400362,-1.5388508836310866,-1.385025916897835,-42.09327236672406
102.0,-1.3421165436518534,0.010657298385055084,-1.4532346892565702,-1.543068979858349,-1.5577283071800385,-1.3960969046340033,-42.36534205427704
103.0,-1.33385130429497,0.010969238664096935,-1.4673348949825067,-1.5607993951966754,-1.5763180453951153,-1.4117630166099198,-42.63724631565587
104.0,-1.32777392075748,0.011092141961297557,-1.482582696838683,-1.5792047540480558,-1.5950865120151656,-1.4202853427601627,-42.91079145225686
105.0,-1.3206192928770495,0.011183688856316923,-1.4990263245964508,-1.5978978742655379,-1.6117820058793424,-1.4348470901230643,-43.18604985408851
106.0,-1.3155837149523721,0.011137336016534962,-1.5163767098437069,-1.616739336924478,-1.6202836926632613,-1.4519524322628015,-43.46390436990922
107.0,-1.3114362825887858,0.010987269316717325,-1.5330028349675375,-1.628996998839155,-1.6329526813699295,-1.464976144640256,-43.74497895574567
108.0,-1.3092434737439018,0.010754972582110707,-1.5456229110589699,-1.6450743592357133,-1.6492453748092708,-1.4813592043736252,-44.030212703315854
109.0,-1.302291437816677,0.010678470700474901,-1.5540032215926205,-1.6625068370086733,-1.6670758462890178,-1.4900465211868215,-44.31747746286272
110.0,-1.2911724084959144,0.010650201431162772,-1.5596085156962747,-1.6757407372021274,-1.6855313436876171,-1.4984969464097881,-44.60452902862532
111.0,-1.2773520982594042,0.010696195053326472,-1.5633153803584792,-1.6922040966748644,-1.7042459218802974,-1.511213597342723,-44.890462538817985
112.0,-1.2617614012983747,0.01073313475378002,-1.565796145435134,-1.7101032212452696,-1.7230683014862194,-1.527524714647242,-45.17483564554002
113.0,-1.2470670862098396,0.010732558975034045,-1.5674833411958198,-1.7285999711826996,-1.7419338136143196,-1.545353634880826,-45.458098775295795
114.0,-1.2364320424966202,0.010693031500814083,-1.568649840206431,-1.7466240691179373,-1.7595264808548796,-1.5638108523068672,-45.74145125212848
115.0,-1.2285650957484637,0.010655512577402508,-1.5694367501266422,-1.7554116802466437,-1.7720290352439303,-1.5825278327206098,-46.02453615442427
116.0,-1.2244616195504925,0.010686024888789733,-1.5699187492971014,-1.7700859323013418,-1.788184756463085,-1.5999883479255836,-46.309111675730826
117.0,-1.2217937678977229,0.010718449989088106,-1.5702295284271974,-1.7861049872947425,-1.805953883677838,-1.6182699831304772,-46.59586775431335
118.0,-1.222926263492082,0.010670444776701999,-1.570499409496215,-1.795188756922072,-1.8220280579885264,-1.636913741879365,-46.885080816248255
119.0,-1.2186019975110753,0.010822295892848551,-1.570512831462179,-1.8099440001447242,-1.8397293060798914,-1.6557078665629865,-47.17583103374538
120.0,-1.2174623222714358,0.010764131608701544,-1.5706725389623812,-1.8248533256154673,-1.8483478177826544,-1.6745640676380862,-47.46840739572892
121.0,-1.2162077096406836,0.010792132589053599,-1.5707136924062517,-1.8420562281787187,-1.8629665947430571,-1.6824635125621559,-47.76338024100933
122.0,-1.2145967778604376,0.010722797324461374,-1.569421856562012,-1.8564213618195435,-1.8776506244332036,-1.6861358580462116,-48.06008048222273
123.0,-1.2134835386655698,0.010760217244721983,-1.5681920553263855,-1.8733704427910525,-1.8897939599693883,-1.6987412795860035,-48.358614880899005
124.0,-1.2179348346304488,0.010785063975564514,-1.5690737557691126,-1.8882681824570275,-1.9003672490364645,-1.705712686774724,-48.660672303347575
125.0,-1.2243365728712297,0.010765527926804725,-1.569678273548601,-1.9054673558819333,-1.9125204374174243,-1.711975548434426,-48.96711212453223
126.0,-1.2267717684921362,0.010816798344016148,-1.570026764466415,-1.923660044958737,-1.913601918026285,-1.7192668012547825,-49.27617011460598
127.0,-1.2236743439310775,0.010834293341568246,-1.5702787162041338,-1.9345421502233011,-1.925215957681267,-1.7314521948279111,-49.58639883229706
128.0,-1.2243051832708247,0.010724634758734478,-1.5705575272268435,-1.9378092781222562,-1.9312919818199112,-1.7423853111610914,-49.89764647294546
129.0,-1.2269301312415024,0.01075034768277143,-1.5706472778503322,-1.9502564773280588,-1.9360529501366965,-1.7566335251766938,-50.21104848716799
130.0,-1.223727151812541,0.010844454342866712,-1.570641739360211,-1.9664899313245021,-1.9490809243371532,-1.7521877296344002,-50.526045489813285
131.0,-1.2154040373540065,0.010844891022148567,-1.5707007002058955,-1.9750570542979973,-1.9633995541327915,-1.752805117999191,-50.84082295748848
132.0,-1.210669477484419,0.010778180698697874,-1.5707974671842664,-1.9896570295901417,-1.9803630351410328,-1.7588285312221537,-51.15693738972298
133.0,-1.2086615379457226,0.010729659976632309,-1.5708660834136956,-2.003338999069396,-1.998466164867523,-1.7636225080729584,-51.475097496776726
134.0,-1.2075364084268678,0.010712504001050746,-1.570899096518493,-2.014179270317386,-2.0149443221325614,-1.7627547663791907,-51.79513864711327
135.0,-1.210292154546042,0.010685027656531123,-1.5709333227129643,-2.029654466645048,-2.0303633887625807,-1.7652065126568486,-52.11827153182378
136.0,-1.2117445221912975,0.010701065441975395,-1.5709287348523948,-2.038195044244046,-2.047788490176494,-1.7772725649607297,-52.44374449650775
137.0,-1.2145331412596747,0.010681670810314558,-1.5709517502300403,-2.0431909214462736,-2.066076124797214,-1.7879624172108732,-52.77158562811947
138.0,-1.2159745671562068,0.010689745538780295,-1.5696620053474175,-2.056319564498356,-2.0795714870994555,-1.7946897424368917,-53.101482864797106
139.0,-1.2221929958602278,0.01070439092341545,-1.5700876706491358,-2.0664904815549456,-2.096144968193372,-1.8079374069508456,-53.43495421083684
140.0,-1.22976302538747,0.010710656259531763,-1.5703586108764056,-2.081034834121821,-2.10911572150038,-1.8219286757235214,-53.772515403347704
141.0,-1.2403175362106698,0.010682651677287307,-1.5705719543181882,-2.098137778813006,-2.1254798729584183,-1.8330267376596556,-54.11532694924607
142.0,-1.2527496716008029,0.01066969995712888,-1.5707120182264143,-2.1129297874513617,-2.1433338388852383,-1.8486024275604278,-54.4638279939828
143.0,-1.258454908258124,0.010767518935328917,-1.5707096253254114,-2.1259418480817747,-2.1618078431935075,-1.8661256324836082,-54.816170076435526
144.0,-1.2640914164259438,0.01074344978896942,-1.570789163701854,-2.1423578718781306,-2.180525963653011,-1.8844563692759626,-55.172528680464424
145.0,-1.2717001732140822,0.010184008221674902,-1.5708382372238876,-2.16023939272809,-2.1993510879238265,-1.899130326623193,-55.53374810719187
146.0,-1.2796720877170962,0.010247315339849716,-1.5709141634953607,-2.1787284861704506,-2.2182223553472764,-1.9024612279864663,-55.8997088070703
147.0,-1.290954919714549,0.01018223791440607,-1.5709566794122387,-2.1974643637341353,-2.2371088680927507,-1.9149790301590988,-56.27128720145841
148.0,-1.3039747387325793,0.010306821934461934,-1.5709803346922424,-2.216298679990224,-2.256005589068619,-1.9310957536687088,-56.648913968639306
149.0,-1.3120296470752075,0.01049957764338276,-1.5709197094571503,-2.233968383967896,-2.2749085332585515,-1.939889088964899,-57.031124619614374
150.0,-1.3192978062493026,0.010532071909843557,-1.570709492232365,-2.242418263940359,-2.2938065295619037,-1.954560250841244,-57.41708755164435
151.0,-1.3242874140320853,0.01061954676474551,-1.5707638097214647,-2.2498525891219563,-2.2978430431197974,-1.9644366594239124,-57.80523132490523
152.0,-1.3294057203289793,0.010642811817383493,-1.5708215847238094,-2.2639526637366014,-2.3106616911384115,-1.969607686980586,-58.1964189058544
153.0,-1.3381538526108612,0.01058903949505712,-1.5709377120867123,-2.2707508701270536,-2.3270506649470195,-1.9771185973965186,-58.591557524507806
154.0,-1.3431420374465675,0.010641765713285813,-1.570516528824149,-2.273385176200027,-2.344918451186622,-1.991212770802182,-58.98937162660002
155.0,-1.342650497904683,0.010735712351662183,-1.5705913822010547,-2.278091100783447,-2.3633914581363618,-2.0039872207016476,-59.3884425982511
156.0,-1.3428284739190997,0.010702489158483966,-1.5707217011018955,-2.2910932531811876,-2.3821118851997003,-2.0202840962651907,-59.78933379592718
157.0,-1.3454135037145076,0.010653761751698307,-1.5708401717394846,-2.307572432138398,-2.386876407259012,-2.0375579780006867,-60.19211587174026
158.0,-1.346923012970486,0.010662598263448722,-1.57088299188059,-2.3254726340460414,-2.396042185345232,-2.053889313312466,-60.59675398620697
159.0,-1.3466012598693422,0.010665110790428459,-1.5709214958141144,-2.341575623348562,-2.401650689317983,-2.06804395710866,-61.0024284152917
160.0,-1.3477807761642102,0.010629169497862053,-1.5709768467233536,-2.359285787814801,-2.4073379811486313,-2.075046852820687,-61.40958664999014
161.0,-1.3512012450110018,0.010596380950922248,-1.571023983111327,-2.376011974242633,-2.4207216267745886,-2.083426999923885,-61.819208316814795
162.0,-1.354150808637436,0.010610656616882118,-1.5710210411835883,-2.393645187014102,-2.432372449305995,-2.0971277485084343,-62.231095889835906
163.0,-1.3585477269639217,0.010591041520291623,-1.5710466161569006,-2.4120246352963024,-2.448191815480222,-2.105451055215663,-62.645843346147295
164.0,-1.3623553724723203,0.010593013575029791,-1.5710633948025776,-2.420553086099852,-2.4658207169978676,-2.1082482382768317,-63.062974740940646
165.0,-1.3689463649131461,0.010568856632722185,-1.571074973778823,-2.4343893675829635,-2.484193605905969,-2.108655165592608,-63.483431218965656
166.0,-1.3795571108936013,0.01054068717105327,-1.5710990245265404,-2.4502374693669373,-2.5009049465107496,-2.1176411391886263,-63.90832768824489
167.0,-1.3873470074402272,0.010234659879689327,-1.57102561234595,-2.467314222610847,-2.517592547576209,-2.124950307386315,-64.33703339020752
168.0,-1.3894887773110056,0.010344159074756392,-1.571012820121915,-2.480950272010758,-2.5337439128410213,-2.138758849069982,-64.76763381280514
169.0,-1.3936226389632955,0.01039221763103619,-1.5710724142592625,-2.4889675666890287,-2.551473553374465,-2.145185998049899,-65.20045305880922
170.0,-1.3984483983216505,0.010460678634124202,-1.5710567186152224,-2.5033167069022633,-2.569891019605767,-2.158912768261185,-65.63589110641686
171.0,-1.4030606178941578,0.010506639042024158,-1.5710573485243182,-2.5186969877424534,-2.588592966164811,-2.1744795497262963,-66.07390699324395
172.0,-1.4091540399108147,0.010514716429787695,-1.5710765644966873,-2.5361212347949627,-2.607411024377178,-2.1851511651441804,-66.51492406842989
173.0,-1.4164637243172633,0.010523232735302654,-1.5710923158808157,-2.5524965814368814,-2.6219252587610327,-2.194694523552362,-66.95905900736109
174.0,-1.4255039703918047,0.010523631489243648,-1.5711016322278484,-2.5702055733475624,-2.638938556636428,-2.1964973639356673,-67.40687651274717
175.0,-1.4358133013583794,0.010530149367075702,-1.5711040026694523,-2.588615741914231,-2.6560597373785373,-2.208315401461994,-67.85872392196153
176.0,-1.4427080664866498,0.010556219764727898,-1.57025803848932,-2.6073152100224597,-2.6742099933103822,-2.224288045869848,-68.31350629511735
177.0,-1.450353890602795,0.01058652971878464,-1.5705331424358686,-2.615467711013407,-2.6927984041516115,-2.24012551704662,-68.77132997769532
178.0,-1.4568343660283023,0.010592088696366889,-1.570691695565328,-2.6299054155622628,-2.711570189752472,-2.252727380290071,-69.23195819976627
179.0,-1.464862188122489,0.01055825690969282,-1.570841965739235,-2.646975908377019,-2.7304172003179796,-2.2667416662271567,-69.69579704547395
180.0,-1.4763570839409508,0.01052041927816543,-1.570960236561578,-2.665126788693824,-2.7427200282700763,-2.28333984519534,-70.16362311961393
181.0,-1.4901342389518655,0.010516320167381188,-1.5710358034969465,-2.6745433040292825,-2.7549239464067865,-2.3012830520227205,-70.63598830285791
182.0,-1.504491739781313,0.01053276580477671,-1.5710408580365811,-2.6884271140263833,-2.769074302517819,-2.319787438034557,-71.11316277084318
183.0,-1.5202481982508147,0.010535381199977425,-1.5710739560771094,-2.696804466449838,-2.776889036258365,-2.3385237985518166,-71.59536339243814
184.0,-1.535975134320523,0.010552486225219898,-1.5710558111847805,-2.710916154228777,-2.789916333459442,-2.3573561612906926,-72.0827625170432
185.0,-1.5526297733611472,0.010553629914280376,-1.5710765743102941,-2.7201958078173587,-2.806369688287546,-2.3762281097806577,-72.57568517816662
186.0,-1.5687340647858175,0.010573011581803474,-1.5710678160198104,-2.7276863108962996,-2.8109183076003412,-2.395116529044772,-73.07374602702248
187.0,-1.5856089523039216,0.010563405729612495,-1.5710630097454465,-2.7409838231826362,-2.8239240164962855,-2.4122999499247184,-73.57734803782732
188.0,-1.6012426827846176,0.01058724932662974,-1.571062628228483,-2.746133209451778,-2.840392100951669,-2.4247102671415823,-74.0861978588159
189.0,-1.610159926887932,0.010648798163773631,-1.5709889470940528,-2.7593510709122517,-2.858288151829279,-2.434580503923126,-74.5982545891074
190.0,-1.6185561935130908,0.010606283281183158,-1.5710306741690252,-2.7759225116996378,-2.876772935153788,-2.4485862351524186,-75.11321734424149
191.0,-1.6238058909051116,0.01061886808705047,-1.571032708549182,-2.7912019109244786,-2.887552436102039,-2.4629952105927,-75.63000470796882
192.0,-1.6300358956947143,0.010569045026799536,-1.5710778770956453,-2.8085634574108123,-2.9016792959263036,-2.4799962244311735,-76.14885980608649
193.0,-1.637856422361396,0.010537643249611473,-1.5711100189805949,-2.8268324241485,-2.9148643499262095,-2.4838326007349307,-76.67023623827019
194.0,-1.6443490995696368,0.010549996927290809,-1.5711021870207516,-2.845472780700887,-2.9313402173683665,-2.494574948273947,-77.19375193403363
195.0,-1.6514050500458637,0.010532252564458187,-1.5711229983369503,-2.864269721681462,-2.948140503960273,-2.5089270710823457,-77.71951315899555
196.0,-1.658274038124502,0.007798186143121106,-1.5710220874653404,-2.882598230247193,-2.965623625185915,-2.525926626558585,-78.24783863981395
197.0,-1.6677635221202332,0.008186282383096304,-1.5712454929231692,-2.8956330924197298,-2.983926646232255,-2.5440403363482678,-78.77908256642837
198.0,-1.6804356452121783,0.008969081996777348,-1.5712182839401139,-2.912018721949007,-2.9926591663702014,-2.558649225620718,-79.3140596293979
199.0,-1.6906474528974338,0.009551160050263569,-1.5711496615830858,-2.927462395106433,-3.007323642180794,-2.5646160316594564,-79.85214052936136
200.0,-1.7031815503532615,0.0098640768097128,-1.571161385450297,-2.944598000463488,-3.024473671274447,-2.578168016126636,-80.39397519801302
201.0,-1.714539808635237,0.01011856934819543,-1.5711312882508053,-2.9602596460428923,-3.0422200366218584,-2.584972842760995,-80.93926621710534
202.0,-1.7276508936785813,0.010240540886606732,-1.571144269211626,-2.9777792109983077,-3.060117448324729,-2.597468656753628,-81.48848632670234
203.0,-1.738685494241185,0.010371805832937531,-1.5711148279557208,-2.993560175455965,-3.07847925856319,-2.6136147421310496,-82.0410422956492
204.0,-1.749586845994402,0.010428056816295281,-1.5711227991325383,-3.007478005707736,-3.0971545003030694,-2.6313742348536158,-82.59684682110617
205.0,-1.7629267755574918,0.010433558878972893,-1.5711442985112298,-3.024255811684245,-3.112645009600639,-2.6498026466723896,-83.15662201454178
206.0,-1.7762360380935147,0.010473498336644684,-1.5711322048695786,-3.0417629475884636,-3.1211951885676834,-2.666209531560445,-83.72044588152613
207.0,-1.7841739827017649,0.010549274007811844,-1.5710789866373343,-3.05944854064714,-3.135768667287678,-2.675774322963861,-84.28662800658066
208.0,-1.7939157338595173,0.010524711001715693,-1.5711306290728917,-3.0697349840866175,-3.1528814714419164,-2.687823992048431,-84.8556446450828
209.0,-1.8040157282479787,0.010514470972081327,-1.57112820872051,-3.0839480269436557,-3.1710426604101167,-2.703646333880871,-85.42759860465468
210.0,-1.8167707997088154,0.010486949644247673,-1.5711534698596752,-3.1004094308215353,-3.1830263115195585,-2.7169272300296434,-86.00334441330159
211.0,-1.8271536490436904,0.010527049070467925,-1.5711173406884333,-3.118295676747164,-3.198967386308147,-2.7256862048152892,-86.58215305202788
212.0,-1.8391570262177088,0.010506046232032157,-1.5711422356533447,-3.136779488745962,-3.2111327290931797,-2.738863684122643,-87.16451125107116
213.0,-1.850485486023375,0.01054237371347205,-1.5711326155836054,-3.1460031113114195,-3.2271557666410544,-2.7424127743627458,-87.75027437201933
214.0,-1.862889266469783,0.010544156629688214,-1.5711449097468366,-3.1450610552596063,-3.2376620645349092,-2.755005642057456,-88.3399067458912
215.0,-1.877262212278324,0.010463812870401512,-1.5701168867446433,-3.154066256613127,-3.253006677657065,-2.7712994926226178,-88.93391122160251
216.0,-1.8931638562592532,0.010519058576247723,-1.5704147228634007,-3.1667866555404682,-3.2570177657840813,-2.7891220934969185,-89.53296470400412
217.0,-1.9094001537288838,0.010514348074709854,-1.5706437899983605,-3.1831032345187356,-3.2698058344447687,-2.8075765941057145,-90.13705150429163
218.0,-1.926459020384348,0.010516637904434068,-1.5708036037612376,-3.1999138164744863,-3.2830974277521787,-2.8262923422910373,-90.74643282336524
219.0,-1.9441583716204884,0.010524810686767224,-1.570905788962177,-3.2163162398303573,-3.2996276686815382,-2.8451161351332983,-91.36128938251228
220.0,-1.9622662334552559,0.010543916332535474,-1.5709714125616487,-3.2284297729033304,-3.3175482798009694,-2.86237652086209,-91.98175892181482
221.0,-1.9779508954558327,0.010572880138966291,-1.570988228337261,-3.2407540959020817,-3.3360429288887357,-2.8805712230664313,-92.60708834399755
222.0,-1.9942990166567278,0.010528807225482462,-1.5704926006716027,-3.2568737422667913,-3.3545077372145555,-2.8991788378157604,-93.23746291931198
223.0,-2.009469134674384,0.010571725511560553,-1.5706609939920224,-3.274629414113555,-3.373223260228921,-2.909623170465413,-93.87253018903431
224.0,-2.02257188329006,0.010580816922253726,-1.5707929649088088,-3.293058715169934,-3.3920469096420782,-2.9121462187217344,-94.51163158777658
225.0,-2.0372287573419996,0.010554121112748185,-1.5709159774786121,-3.3107133311859815,-3.403838954339671,-2.924318176290687,-95.15540343299666
226.0,-2.047767864103123,0.010612908679337481,-1.5709399969069455,-3.3213375229818407,-3.41970762904981,-2.940437998959864,-95.80249014208907
227.0,-2.0603664021916073,0.01055515741629551,-1.5710233660494755,-3.3329940432248635,-3.4373550129051176,-2.958188802461224,-96.45340156108392
228.0,-2.075153177552854,0.010534933607414101,-1.5710660939933165,-3.344296225204735,-3.4501202692442483,-2.976448327228179,-97.10902795687569
229.0,-2.091372224066344,0.010538639273329622,-1.571084383233493,-3.3522784902937275,-3.46079024240831,-2.993843398695671,-97.76990667904307
230.0,-2.1054344845557758,0.010570004055538033,-1.5710638348491006,-3.3594388098624783,-3.469236037367761,-3.010619603187948,-98.43544193791503
231.0,-2.1181637865909524,0.01055258304797006,-1.5710662680986132,-3.3734212502124863,-3.480036924928354,-3.028615717957633,-99.105195529132
232.0,-2.1281381309248477,0.010581484615760467,-1.5710553967869312,-3.385623471746346,-3.4939514321721314,-3.0432834769456876,-99.77819580843754
233.0,-2.139774611177365,0.010538188183597957,-1.571092945670587,-3.4005589062198425,-3.51076512591594,-3.0594241053920994,-100.45488737600402
234.0,-2.153820343070966,0.0105147526698403,-1.57111472562377,-3.4178046050986315,-3.528803303896985,-3.0749316602453027,-101.13612855435495
235.0,-2.1664729154571685,0.010547599439400611,-1.5710916651499338,-3.4360252991526967,-3.5411251805940824,-3.092390494132574,-101.8217452808587
236.0,-2.180833247395102,0.010537362691564318,-1.571108845146494,-3.452933189854255,-3.5572010491101143,-3.100897346497362,-102.51216251658738
237.0,-2.196769627664961,0.010533622960305852,-1.571110540866044,-3.4709785860989415,-3.5739912011549966,-3.1074569009993387,-103.20798234141557
238.0,-2.2101052507428847,0.009905226907370607,-1.5710517629998446,-3.488549735479096,-3.5903988329237957,-3.121199896300264,-103.9083835799095
239.0,-2.2248059645207747,0.009997515970250651,-1.5711082013629005,-3.50557606059612,-3.605840282945623,-3.133799204610843,-104.61385849632502
240.0,-2.240974644940406,0.010195643861026137,-1.5711019640983372,-3.5214452418369078,-3.6135769897347823,-3.1479460671372363,-105.32516197893008
241.0,-2.251693290343719,0.008850351607152205,-1.5709854086134871,-3.5288666668652007,-3.627828609612531,-3.1648436933961004,-106.03998391052217
242.0,-2.2615198262709155,0.009139003631029041,-1.5710928229677685,-3.541661175385842,-3.6448069767744355,-3.1829149427492376,-106.75816952857924
243.0,-2.268675811748283,0.009650518906126495,-1.5710632331617238,-3.558040863335374,-3.662914442937376,-3.2014722400903373,-107.47905539853565
244.0,-2.2790899172448373,0.00993086772009794,-1.5711014326284753,-3.575895448748555,-3.6814890860221636,-3.2202305264072177,-108.20368168052916
245.0,-2.292453667228484,0.010137486415264022,-1.5711093770212774,-3.5929194395541013,-3.700253719211525,-3.2390718806072076,-108.93309932560926
246.0,-2.306521470012256,0.010291967486096155,-1.5710932254499743,-3.6110181530535614,-3.7150569101165023,-3.2579475707961434,-109.66779084119634
247.0,-2.316121983448211,0.010433322842995892,-1.5707493132352968,-3.6295897180423355,-3.732192679439761,-3.276837430354341,-110.4063643974782
248.0,-2.3280549573386957,0.010485787361930596,-1.5708668062307336,-3.6439436659123197,-3.750365930436656,-3.2957332754081783,-111.14923103629033
249.0,-2.3379311400278113,0.010544377231861314,-1.570907601933671,-3.6596184815241886,-3.762698379992695,-3.312445431140981,-111.89604012180317
250.0,-2.3461541250319606,0.010566785181135307,-1.5709482604418354,-3.6771609196116786,-3.7787775760108153,-3.3304035700911054,-112.64622608068352
251.0,-2.3508912536788364,0.010607081722815053,-1.5709568060394217,-3.69550186899327,-3.792489863296035,-3.3426633849944047,-113.39875924166603
252.0,-2.356730099197811,0.010620505410376298,-1.570998746037554,-3.702405789468091,-3.8091796621324057,-3.3582569935949746,-114.15325987033354
253.0,-2.3658464054240036,0.010554410663188877,-1.5710515057259673,-3.7163399170139866,-3.8271651333042818,-3.3757795818756406,-114.91116927325537
254.0,-2.3735484538395446,0.010610213510538724,-1.5710276043803524,-3.723239989766754,-3.8456854925924167,-3.3941097597106005,-115.67174591256229
255.0,-2.3822313598734977,0.010569810559587785,-1.5710516014574576,-3.7371464260300185,-3.864428981189403,-3.4051778830070525,-116.43564033420814
256.0,-2.388741576324267,0.010636762246283831,-1.5710192467022281,-3.7406677450880963,-3.8832630733061917,-3.4142520069505706,-117.20159469624012
257.0,-2.398735649073278,0.009166263756522701,-1.5710270839499914,-3.7532455801505824,-3.902138022550559,-3.4290000498593725,-117.97097909456953
258.0,-2.4117949212539185,0.009376608707931432,-1.5711141026561615,-3.769521025921691,-3.9210249439785203,-3.4436709476733975,-118.74544656417854
259.0,-2.4266659336652565,0.009797194987103264,-1.5710875806398772,-3.78735711585416,-3.939919791750206,-3.4544248200867496,-119.52590306863551
260.0,-2.4429031348018593,0.010084377704335075,-1.5710628925119858,-3.8058165789166014,-3.9588168824067265,-3.468035239242081,-120.31291636616771
261.0,-2.4552116390328504,0.010324838740727428,-1.5710008426964934,-3.8245383468678416,-3.9766138589938076,-3.4781785252749553,-121.10529433131597
262.0,-2.463860105917669,0.010470742788385862,-1.570972894810737,-3.8433583521845955,-3.9850043054059934,-3.493176780692832,-121.90200647283383
263.0,-2.4737055404874835,0.010526365844628426,-1.5709943635017793,-3.8592154593174803,-3.991535005554501,-3.5104580974751873,-122.70323973352077
264.0,-2.4786442310774546,0.010612347614131918,-1.5709530254430204,-3.8768089721871895,-3.9957946599791403,-3.524385872078691,-123.50759971847691
265.0,-2.478741599658537,0.010659804785426335,-1.5709365932450885,-3.895164569771314,-4.0083512889456765,-3.541156804919054,-124.31316352990669
266.0,-2.479984123577271,0.010635571577824408,-1.570977970727107,-3.9138272074108973,-4.02275785635865,-3.553662747596399,-125.12017427051626
267.0,-2.4859956875396505,0.010594823915497617,-1.5710263300846847,-3.932621780173873,-4.038928492871605,-3.5685113751316275,-125.93028347291188
268.0,-2.496226613360214,0.01058569562243845,-1.5710417029879997,-3.950999450401327,-4.056684887334585,-3.5780888367539982,-126.74501803792599
269.0,-2.509454260620554,0.010609591810098042,-1.5710304284452152,-3.9655805271353066,-4.070264304968636,-3.5926467804079727,-127.56535808729902
270.0,-2.519190226413746,0.010675198773682828,-1.5709707011222018,-3.979536604954893,-4.086878034672021,-3.6097426769501606,-128.390057727471
271.0,-2.5307092974135537,0.010683622215203503,-1.5709766518590784,-3.9842971331674333,-4.1048369300314596,-3.626244815158877,-129.21883140430887
272.0,-2.5446928987238273,0.010636599806636723,-1.5709957718371916,-3.997360997582885,-4.123346791653725,-3.6421983452241466,-130.0532114739649
273.0,-2.5603932411826213,0.01063911022153964,-1.570988662159402,-4.013236762202032,-4.142084946090372,-3.659846511098948,-130.89413153983645
274.0,-2.5758139904489656,0.010667312581097576,-1.5709625169030481,-4.030879833409937,-4.160018709326886,-3.678228032939715,-131.7417451748074
275.0,-2.587230014044702,0.010735497085811094,-1.5709097853826681,-4.04538198002448,-4.17436618499477,-3.6961624773146324,-132.5945359534853
276.0,-2.5954329164088357,0.010743676272121703,-1.5708983204230162,-4.062385621341817,-4.191314727907629,-3.714650466056943,-133.45143256887147
277.0,-2.602307963039532,0.010750446829744095,-1.570898458095844,-4.0764981774540265,-4.208755352671773,-3.7320420162192947,-134.31165768680256
278.0,-2.610051804997823,0.010717161324359452,-1.5709227237569083,-4.093339632149565,-4.227042104059767,-3.7490263734477605,-135.17568965894515
279.0,-2.619570454238593,0.010710433437097091,-1.5709326935859549,-4.10777603507821,-4.244498065047971,-3.767112105988097,-136.04400414110742
280.0,-2.631860860904641,0.010685396083888524,-1.570949406099481,-4.124761533936562,-4.257781279098752,-3.7848706689657696,-136.91795710258737
281.0,-2.6415878801165023,0.010744312181730718,-1.5709011673645996,-4.138123998703915,-4.274269987262755,-3.790437627599137,-137.79635096948226
282.0,-2.6522218290329946,0.01071968851969671,-1.5709170584451089,-4.154636579489986,-4.292176290309385,-3.8012950249110307,-138.67962759307508
283.0,-2.665495894732544,0.010716729783055606,-1.5709227073843948,-4.168593607786761,-4.3046606520923465,-3.8132031335728485,-139.56868881797604
284.0,-2.676713287129821,0.010768681865369945,-1.5708797817997455,-4.177408821149229,-4.317964159904376,-3.8291495977319605,-140.46239312511585
285.0,-2.6829865815209053,0.010787836063492031,-1.5708516769763357,-4.192072224585956,-4.330981863697794,-3.846826899114424,-141.35950623875675
286.0,-2.691589939319778,0.01074379421475236,-1.5708916617533177,-4.207550649897902,-4.345399059916079,-3.861447295449639,-142.26074762097102
287.0,-2.700471784340988,0.010747017896381798,-1.570886696621772,-4.224257010228516,-4.362409232675411,-3.878513566064293,-143.1663456894322
288.0,-2.7123447707797714,0.010733777007182928,-1.570901677791843,-4.238810443444202,-4.377800611191357,-3.891613116470697,-144.0771664831183
289.0,-2.7216283733074635,0.01077103833026041,-1.5708635581913883,-4.255860933776199,-4.395198480206597,-3.9074532251164733,-144.99258046333367
290.0,-2.7290239194212207,0.01078692296178868,-1.5708499048808433,-4.273991139478086,-4.404693460264394,-3.9250760981650856,-145.9122222217419
291.0,-2.736691106975341,0.010780670647885926,-1.5708556033671632,-4.292564946695457,-4.417062058712262,-3.931303880881686,-146.83609951297092
292.0,-2.7439341098537446,0.01078897556992475,-1.570847786285521,-4.311327885922078,-4.433218135267136,-3.9429674425622387,-147.7639675336872
293.0,-2.7432772650357347,0.010890988285567496,-1.5707642769517731,-4.321737871760267,-4.445494889304778,-3.958841897098271,-148.69243769931958
294.0,-2.744041417424792,0.01084592974167591,-1.5708100682143562,-4.32481548474004,-4.459760330446701,-3.9764902921007574,-149.6209219552884
295.0,-2.7430631598517827,0.0108163386773307,-1.5708216497412506,-4.337201231635153,-4.475316829471844,-3.9948728140241947,-150.54969133974612
296.0,-2.740727282427891,0.010809063134709517,-1.5708262335688141,-4.352834439523099,-4.489016803079521,-4.004745197623687,-151.47861303858815
297.0,-2.7351326163017133,0.010842708044713737,-1.5707992843975227,-4.3663280533644055,-4.505701377295136,-4.014492146851804,-152.40619297949578
298.0,-2.7313757449447484,0.010823548964657651,-1.5708239819880705,-4.372233346045001,-4.52369086757435,-4.029515130125084,-153.33214897998957
299.0,-2.734665518098564,0.010730707698774747,-1.5708994945420425,-4.384064641951083,-4.542217816112813,-4.041719492768034,-154.2594930848139
300.0,-2.7433995500674038,0.010704496585151841,-1.5709173182463456,-4.40002739447403,-4.560960339850603,-4.057764432047096,-155.19075300005827
301.0,-2.755478644004691,0.01072067385225334,-1.570900699035174,-4.41772080610889,-4.579792730570113,-4.075422674240356,-156.12740967430048
302.0,-2.7699057761213934,0.010748638412916624,-1.5708742585775521,-4.43612272800887,-4.598663389787221,-4.093808220700646,-157.07041947154937
303.0,-2.781169453367816,0.010837068354651373,-1.5707981845472538,-4.448947236317555,-4.614376776144059,-4.112495464337057,-158.01833371155146
304.0,-2.7922721011680838,0.010834664089409233,-1.570797139793597,-4.4644961983447145,-4.627824474518187,-4.127036256653181,-158.9712821450715
305.0,-2.7964363277226467,0.010917893800818387,-1.5707229827137106,-4.477296189022986,-4.641743048632806,-4.144061123680493,-159.92658572934812
306.0,-2.796670339301239,0.010929029042310006,-1.5707150232749916,-4.487430237136404,-4.658544219867488,-4.16218397992903,-160.88222738544206
307.0,-2.7978626063185152,0.01087411481877952,-1.570760717381659,-4.50259129363153,-4.676581482336427,-4.180762633058854,-161.83880344598438
308.0,-2.797292827031334,0.010882076703852835,-1.5707517891393228,-4.519956767194172,-4.69340636119505,-4.197355355087421,-162.79599578179827
309.0,-2.7971469163790417,0.01086691344727929,-1.5707660781592616,-4.538213994703213,-4.704133156618951,-4.212117687631135,-163.75425074429222
310.0,-2.8022714253693675,0.010817159167807943,-1.5708104703029833,-4.556835538761018,-4.719573939591934,-4.224740084378071,-164.71524605490558
311.0,-2.812112877691123,0.010803136080364985,-1.570820585131219,-4.575621179506206,-4.737042281016721,-4.231219857603321,-165.68070287297613
312.0,-2.8200001213854686,0.010862673212668776,-1.570765267295238,-4.594484068585268,-4.74708371659768,-4.2449598604737515,-166.65041748727845
313.0,-2.8275560092637986,0.010887753367288922,-1.5707438029775973,-4.608641919697302,-4.754190539990616,-4.261726061117013,-167.62392415922963
314.0,-2.8341279714584027,0.01091928601252147,-1.5707161598329535,-4.61421590213251,-4.768158375996023,-4.2797439115267,-168.59975062644642
315.0,-2.837930461730676,0.010935911849833274,-1.5706999211231114,-4.620331607565367,-4.774129865489956,-4.289123831454895,-169.57728989393846
316.0,-2.8430694205966334,0.010891348355389298,-1.570737808024328,-4.633868756420988,-4.786611368445079,-4.3004310083127315,-170.55722002175654
317.0,-2.851943939492361,0.01085880488274312,-1.5707647791309658,-4.650556441743098,-4.802843544904123,-4.315385049573751,-171.54098094018448
318.0,-2.8575336077046893,0.010917034226864096,-1.570710719668684,-4.668558426755277,-4.820633617223935,-4.332639373035089,-172.5275369970159
319.0,-2.864663491023382,0.010900453132510843,-1.5707260131208223,-4.687069598919747,-4.833739800057261,-4.350858647336748,-173.51756471891048
320.0,-2.8740441089801685,0.010895290596432532,-1.5707285710105054,-4.705806275674682,-4.845443051445797,-4.368253929961103,-174.51200357170643
321.0,-2.8806697152354057,0.010944459784459775,-1.5706828068361118,-4.724644954869005,-4.861282741195321,-4.380572777775473,-175.5097001106959
322.0,-2.8848236425044647,0.01096744276336629,-1.5706621299929155,-4.74351049495171,-4.878920029319542,-4.3966500887319855,-176.50953652169653
323.0,-2.889257157499166,0.01096339857102697,-1.5706647684024022,-4.758073493721,-4.8929664971007405,-4.413469995043767,-177.51137696052672
324.0,-2.892713653958806,0.010977738107301446,-1.5706505969421294,-4.767663941654652,-4.909784994080058,-4.431494418507137,-178.5143213318456
325.0,-2.8941640315211914,0.010980762249841623,-1.5706491106335438,-4.78178664639552,-4.921457073925216,-4.450031994845809,-179.51823331047095
326.0,-2.8893795999227714,0.01103531856447242,-1.5705992322610314,-4.7952468743581935,-4.925679948156779,-4.466972531525747,-180.52127860438048
327.0,-2.8846560936093977,0.010998015779286677,-1.5706353340517076,-4.8118177079848214,-4.93853406001318,-4.485031524084973,-181.52296075806447
328.0,-2.875963075801748,0.011034536616953222,-1.570599756040638,-4.826265303942809,-4.9521291856527405,-4.503582992928155,-182.5216553572851
329.0,-2.867094446228602,0.011008377407054173,-1.57062547355356,-4.843246766557292,-4.9610051455248705,-4.518069805279762,-183.51756102340997
330.0,-2.860726898043614,0.010973873004803176,-1.5706562040618675,-4.8613489018063225,-4.975695278215959,-4.526733942193727,-184.5112664314161
331.0,-2.856167256116111,0.010963245650588916,-1.5706643494084256,-4.879918481462821,-4.990899080168644,-4.538911782001953,-185.50344129074128
332.0,-2.852435079311109,0.010973060061266556,-1.5706517748133135,-4.893220239293697,-5.006764237227356,-4.544164880298471,-186.49399374744246
333.0,-2.8505586641290876,0.010966600971026943,-1.570656391963318,-4.902082049385278,-5.024386424196297,-4.544550438606739,-187.48315388029457
334.0,-2.8550817226868235,0.010909934189204613,-1.570710505108443,-4.915435351921322,-5.038201678123411,-4.555847541676085,-188.47383628392504
335.0,-2.859938632772009,0.010947591177124147,-1.5706750551819995,-4.932040314645852,-5.054913881085689,-4.571153777079451,-189.46639800975092
336.0,-2.867128259759827,0.010947601904750377,-1.5706739647445178,-4.949985166011022,-5.0617741576913176,-4.585919291793799,-190.46240336935156
337.0,-2.874926545893333,0.010976832920869577,-1.5706426277874437,-4.965643091385848,-5.074195807334171,-4.597624136760253,-191.4616359632396
338.0,-2.8795518296872507,0.011028797008578301,-1.5705959699753163,-4.9831535708555,-5.0885493344121695,-4.610042451381498,-192.46286598329905
339.0,-2.884677054161527,0.011022386485339685,-1.5706013364814768,-5.001467569573748,-5.105545047270016,-4.626202070365478,-193.465987017068
340.0,-2.890319730351419,0.011026223192443365,-1.5705955102555123,-5.020123523274456,-5.123657689738671,-4.643967554884752,-194.47112304989875
341.0,-2.8925726531415306,0.011069661438133597,-1.5705546426568566,-5.038925706219798,-5.138818905413772,-4.662398487574083,-195.4772326329021
342.0,-2.898629150645093,0.011012547622132645,-1.5703376673951535,-5.056244646757709,-5.145769847217996,-4.681104501296421,-196.4861252494522
343.0,-2.9090553322908566,0.011005302546237647,-1.5704327345925622,-5.074464963760524,-5.159703717899153,-4.699924260855944,-197.4989983967734
344.0,-2.913358029065295,0.011097227558532163,-1.5704051939476793,-5.091817834828798,-5.163597425826525,-4.714830215328737,-198.51438421214715
345.0,-2.91633569712787,0.011093033320882954,-1.5704499793762627,-5.1098310995699245,-5.176337192649472,-4.732011328843921,-199.53096017763352
346.0,-2.921861772257683,0.011060067409312696,-1.570504893886382,-5.128352148214492,-5.189481355590769,-4.750198885221339,-200.54958310130726
347.0,-2.9282722153777057,0.01106351244096659,-1.5705165466328588,-5.146800723912943,-5.205946036584164,-4.761144487079079,-201.57039581275686
348.0,-2.9366940174811376,0.011054559288991185,-1.5705351560861365,-5.165502145395226,-5.223841690110654,-4.776255304502378,-202.59400043989757
349.0,-2.9460928266082833,0.011065185147757122,-1.5705314452229442,-5.184318809779199,-5.24232553703061,-4.793579505595639,-203.62073649161928
350.0,-2.9526406524948605,0.01111156040641994,-1.5704938483138517,-5.203186952430533,-5.259993793813026,-4.804753736301068,-204.649630328392
351.0,-2.9562607540828916,0.011137306378601209,-1.570474310174368,-5.222067097184094,-5.278368407007005,-4.818571808205593,-205.67944691055112
352.0,-2.9551463452697098,0.011172473495159018,-1.5704412328142854,-5.237715515146561,-5.286043262764755,-4.834160694069587,-206.7090295766887
353.0,-2.9522206175212053,0.01115937528336695,-1.5704447162569513,-5.242794947925646,-5.299717639629253,-4.840199908579931,-207.73671053687795
354.0,-2.9520905979232963,0.011113042449168655,-1.5705062278648598,-5.255973849399696,-5.316455179521328,-4.853786473052024,-208.7635022162622
355.0,-2.952590963795387,0.011111953109098141,-1.570510807632503,-5.272523401375556,-5.331894279120652,-4.870490072131845,-209.78996466886736
356.0,-2.9528063847102506,0.011117327325304575,-1.5705029901488545,-5.288631339019345,-5.349320215516961,-4.888482081245062,-210.81582620632096
357.0,-2.9550058266818224,0.011094553389205808,-1.5705163416636776,-5.300263662339677,-5.366897021656621,-4.901811238114607,-211.84158340176273
358.0,-2.9524715908175483,0.011157542199120837,-1.5704568200491593,-5.308527924641348,-5.3828898194131085,-4.911812646805152,-212.8655863239879
359.0,-2.9530874175505266,0.011104500672065688,-1.5705088540361911,-5.314816616850225,-5.398767860349451,-4.924635724994693,-213.88870281526113
360.0,-2.9516213120317545,0.011098999273527404,-1.5690521231914996,-5.328450712870031,-5.412723028223668,-4.940981688374083,-214.9111619307815
361.0,-2.955084854349112,0.011124401832347676,-1.5695358373287145,-5.344847120682894,-5.429524825697315,-4.958824685968487,-215.93402511143248
362.0,-2.96097772436446,0.011106026211411131,-1.5698615228780248,-5.359081796097882,-5.444976438016794,-4.975493779584305,-216.95834129351744
363.0,-2.970926401027774,0.011081242275539532,-1.5700990467341889,-5.375983875248017,-5.462041597577614,-4.99344081876448,-217.9856167569958
364.0,-2.984012397463159,0.01108127198395856,-1.5702341491679406,-5.391274823896333,-5.478336405781728,-5.011946031452437,-219.0171127800822
365.0,-2.995918182923545,0.011133418681798972,-1.5702847556903978,-5.408637438806241,-5.493532205285384,-5.021993996826619,-220.0526239080214
366.0,-3.008390134489512,0.011143234249784558,-1.570339551503169,-5.426897403772718,-5.505973445823576,-5.030875543349798,-221.09248952371266
367.0,-3.0132020018536854,0.01122786287867938,-1.5702884248316205,-5.436035012994811,-5.522112921433459,-5.045324467469083,-222.13349242994443
368.0,-3.021203959709909,0.011159544545895175,-1.570385221428589,-5.443451162758504,-5.539886166566212,-5.062378032339345,-223.17625940259887
369.0,-3.030066066592161,0.011154649185518527,-1.5704017930428635,-5.4436483498647155,-5.5583160614145,-5.0747221237187565,-224.22098225963674
370.0,-3.039542461836568,0.011170974936862702,-1.570427606090708,-5.454863193139493,-5.57702343591567,-5.084097391683316,-225.26817486941752
371.0,-3.0491492921996612,0.011175516837981498,-1.5704290282966789,-5.46659729101943,-5.595842858054762,-5.098972379861611,-226.3179108486995
372.0,-3.0578568728150657,0.011195157150774855,-1.5704233620638641,-5.482466693416824,-5.601012743906949,-5.107892636454406,-227.37097046625962
373.0,-3.065308985271012,0.010228993940500666,-1.570375338206856,-5.5001152660387005,-5.614278014793944,-5.122605214094529,-228.42609299117692
374.0,-3.0707670315230007,0.010377891076212628,-1.5704284212700927,-5.518504296170861,-5.630851552510513,-5.139772523875242,-229.4825914005574
375.0,-3.0800147918242318,0.009979222346662597,-1.5704374392544993,-5.537168293088512,-5.648796901140112,-5.157956101530414,-230.54149548578326
376.0,-3.0926234767057714,0.010244018428806987,-1.570483753289645,-5.555979086678434,-5.666615146112336,-5.176559931880122,-231.60422708506053
377.0,-3.1002813692060287,0.010640879468808095,-1.5703966037309527,-5.574848513542089,-5.685050180993743,-5.192487436981537,-232.66921571019918
378.0,-3.1048075979008543,0.010865485600646773,-1.5703749093857617,-5.593725235403687,-5.703762135656942,-5.201578065668156,-233.73515040733162
379.0,-3.1117180792020354,0.010954747189566754,-1.5704120269118078,-5.612603173628317,-5.716788216579533,-5.213192562208611,-234.8030840926301
380.0,-3.1225398092749272,0.011006048906992394,-1.570438423685391,-5.63149185266388,-5.7322635092662795,-5.229024993415682,-235.87423595036663
381.0,-3.130835764794461,0.011114802904118003,-1.5703884628802391,-5.650395381003442,-5.746208069091747,-5.237609175420273,-236.94796419403892
382.0,-3.141782381460304,0.011118911772529647,-1.5704173028958293,-5.6692830602174755,-5.7619571854394005,-5.252196279378549,-238.02488108544375
383.0,-3.155497064138747,0.011121355241885554,-1.5704212961595694,-5.682626649877416,-5.779536343642753,-5.258569792784964,-239.10573947742577
384.0,-3.1688656777591424,0.011177628624686128,-1.5703935121742154,-5.6978552188425935,-5.79634106792838,-5.272280687929188,-240.19055872380497
385.0,-3.17849620049226,0.011239185059704435,-1.5703474921084275,-5.71234295481167,-5.814347284327758,-5.2890352820015805,-241.27801388401787
386.0,-3.190418178782214,0.011176557637232024,-1.5703840043075141,-5.71211075826269,-5.832882614204232,-5.302406597151268,-242.3683483055133
387.0,-3.2047700127702106,0.01119702509102766,-1.5703975082867307,-5.7187258415021205,-5.85007993871472,-5.31894153015315,-243.46262435881874
388.0,-3.2146351994219,0.011274316359676689,-1.5703377493731534,-5.727253617815483,-5.868245153592165,-5.336861705595543,-244.55948423992174
389.0,-3.226555740108341,0.011250166956269871,-1.5703779026742923,-5.741770891362907,-5.87974681342207,-5.352996627002064,-245.6598757746609
390.0,-3.240921795664125,0.011234200609531314,-1.5703886864395566,-5.758868881793821,-5.89388891121737,-5.362762090794362,-246.7645380835858
391.0,-3.2548195344456325,0.011218214038027039,-1.5694001460822216,-5.777025080475052,-5.910793647295554,-5.377815390522797,-247.8735496141126
392.0,-3.2701210803636855,0.011267383032142093,-1.5696917208685943,-5.7948708246836045,-5.9288709809447635,-5.39296508349285,-248.98681658139978
393.0,-3.285507290561025,0.011269043582527633,-1.5699027185697367,-5.813317113433842,-5.947430758262917,-5.410277785272303,-250.10433419719726
394.0,-3.3002843280092726,0.011266164333989713,-1.5700395929229367,-5.8288619577950325,-5.966190420332117,-5.428200869310278,-251.22584498514695
395.0,-3.316204892597859,0.01126104817458409,-1.5701474966585958,-5.84631425015383,-5.981671326517676,-5.446197752807492,-252.3518364227907
396.0,-3.3287349111490228,0.011112763917729609,-1.5701633454360655,-5.862954821616529,-5.999098667175368,-5.463189354272912,-253.48120811002713
397.0,-3.3395809470051088,0.011141115182939941,-1.5702229051387657,-5.88088956252252,-6.017391789099251,-5.47890479574989,-254.61340183668105
398.0,-3.351721816771295,0.011146240352150694,-1.5702791720684623,-5.8921950389296,-6.036042675900897,-5.495636400689268,-255.74861847161884
399.0,-3.3660495363770684,0.011183680454328406,-1.5703148152799535,-5.9078498562257105,-6.050783163423785,-5.513624941003492,-256.88774483517005
400.0,-3.3769592487873963,0.01125460397039377,-1.5702813481253688,-5.922216289742764,-6.061934178522182,-5.526530113460857,-258.0300095560452
401.0,-3.3871040358447693,0.011269533140110905,-1.570298592447849,-5.939182341036875,-6.077014805941073,-5.542282130844216,-259.1749658957514
402.0,-3.399829546044262,0.011222177438301536,-1.570340192497056,-5.951177305541444,-6.09432844572954,-5.5537899994246205,-260.3230964514735
403.0,-3.4147168566737873,0.011220245306731255,-1.5703525760929997,-5.961697775978222,-6.1063175092067095,-5.569529814233673,-261.4751952602601
404.0,-3.4310107412666535,0.011216919193701068,-1.5699863138287327,-5.971285794148684,-6.118774004326555,-5.5871205711133864,-262.63172668180584
405.0,-3.4439433325696487,0.011303310439306559,-1.5700449165067345,-5.980043887161559,-6.129456384658536,-5.60038852884598,-263.7917199596235
406.0,-3.457240395306667,0.011297725783109797,-1.570146550641138,-5.991855660711606,-6.141855949686606,-5.613362088259922,-264.9551055233135
407.0,-3.466583104100799,0.011338503455212215,-1.5701645182638677,-6.004101949119463,-6.158016631488629,-5.629749806998692,-266.12081067011
408.0,-3.4763030326566744,0.011309195020063405,-1.5702336639325656,-6.017760338848947,-6.173042374006452,-5.640804849944307,-267.28886111499435
409.0,-3.4888837007681808,0.01127694575798181,-1.5702923545499712,-6.034453977391364,-6.186601537799446,-5.649381207578639,-268.4600845426658
410.0,-3.503682284052105,0.011262333955594834,-1.5703173137268014,-6.052445361197046,-6.203230709807161,-5.663178139448237,-269.6350106966638
411.0,-3.5164660382582658,0.011281369992281538,-1.5702944103204264,-6.065270181127318,-6.212930785535135,-5.679953452078177,-270.813259685632
412.0,-3.52671226602697,0.011289925740386205,-1.5702853707334046,-6.0727996457507665,-6.2242628158021995,-5.695234526956814,-271.99400933883203
413.0,-3.5392412560376765,0.01128502436575633,-1.5703218468412055,-6.086933385254419,-6.23161928509678,-5.712591579877931,-273.17792148110135
414.0,-3.552972239004439,0.011283900309985799,-1.5703255891530878,-6.10348868006355,-6.245276250838513,-5.72643779990845,-274.3652057617404
415.0,-3.5682931540763683,0.011108732246606008,-1.567168285301396,-6.1106383564888755,-6.262002768722837,-5.743173144622437,-275.55701563221834
416.0,-3.5821348429180135,0.011399195940206908,-1.5680595752963258,-6.1231067502679,-6.274577152863621,-5.7611760060668376,-276.7519795972793
417.0,-3.5971883173652928,0.011338960432748275,-1.5688259738217118,-6.135047641114417,-6.279677455140594,-5.770655792510831,-277.9502531730975
418.0,-3.6135877925076882,0.0113230404922347,-1.5693251621407023,-6.150998080799926,-6.281771937992796,-5.785609181888443,-279.1523219726412
419.0,-3.6279594257919863,0.011341650772106587,-1.5696251886553545,-6.168222315993969,-6.282631396596122,-5.801271218352753,-280.35781476151755
420.0,-3.643383186510496,0.0112691883904765,-1.5698754827466743,-6.175712283386416,-6.282984171402269,-5.818805174855407,-281.5666807239167
421.0,-3.6600226813574395,0.011294036228390186,-1.5700194360197688,-6.189016866405449,-6.28313011846228,-5.83713957657578,-282.77926442780097
422.0,-3.677191726032887,0.01129593806294544,-1.5701117454634268,-6.202607114707323,-6.283189544350581,-5.855805742117316,-283.99560473141423
423.0,-3.6918316425315174,0.01131959471231342,-1.570147136640385,-6.213531652348884,-6.283202935342064,-5.867563844466373,-285.2151199637938
424.0,-3.7073948860658925,0.011319999090832103,-1.5702067615670605,-6.229033821217169,-6.2832095094060625,-5.8732993229567985,-286.43789597346347
425.0,-3.7230641538318565,0.011324569633153526,-1.570231968534413,-6.24653571736404,-6.283211479461098,-5.8830423307716115,-287.663909933494
426.0,-3.7369159470376765,0.011239204953479822,-1.5677612203596578,-6.264860109354214,-6.2832128302022126,-5.898093283071282,-288.89361326020344
427.0,-3.748613771556201,0.011281591231934436,-1.565875053553782,-6.2754530787146665,-6.283213765702267,-5.9138131017734805,-290.126363141756
428.0,-3.7622254286860413,0.011380044588730097,-1.567277879591529,-6.279743185694456,-6.283215783044364,-5.9286917977102,-291.3611853251218
429.0,-3.7736011926627206,0.011358044547207659,-1.5682670220553991,-6.281506949083731,-6.283215019630003,-5.945882864035527,-292.59770249517504
430.0,-3.7868675863295804,0.011296773577893514,-1.5689782320413828,-6.282229248246029,-6.283214390966575,-5.964075092469962,-293.8362407821681
431.0,-3.802122279575273,0.009050363913391268,-1.5679585995983476,-6.282507241723126,-6.283212912321791,-5.982682396169334,-295.07698977463923
432.0,-3.8186285347230586,0.009421263362264615,-1.5688326699183663,-6.282663819308587,-6.283213463193748,-5.999714199560909,-296.32026159280343
433.0,-3.8359915681380947,0.010073414204250685,-1.569315439914041,-6.282698893422447,-6.283213788126649,-6.017811955670509,-297.56639863211234
434.0,-3.851727752701146,0.010536097122096064,-1.5696123565743227,-6.282712937027065,-6.283214110785532,-6.031473788517503,-298.81508396630335
435.0,-3.8645664999479883,0.010844400639035178,-1.5698082282530212,-6.282719021789305,-6.283214332558781,-6.0349109674502905,-300.06579472248126
436.0,-3.874401567904312,0.011039867447522549,-1.5699462000639515,-6.282721740338127,-6.283214442535681,-6.047463737461201,-301.31801667935457
437.0,-3.8865873327121427,0.011100424396566092,-1.5700991755511378,-6.282724692332244,-6.283214181682902,-6.060911887935141,-302.57195511956576
438.0,-3.8989377532230947,0.011176806452849837,-1.5701654618408973,-6.282725527469806,-6.283214304173688,-6.076151003314462,-303.82765437920347
439.0,-3.908975154439544,0.011250868034052617,-1.5701901279276695,-6.2827252357663985,-6.283214471370571,-6.093513060159263,-305.0847827628317
440.0,-3.9213415752378933,0.011239133331051898,-1.5702618010728153,-6.282726501345484,-6.2832142352790985,-6.1117765904184935,-306.34352870622786
441.0,-3.9359965188099935,0.011243537270218984,-1.5702955569288295,-6.282727133565765,-6.28318917605606,-6.121987719729496,-307.60416890858755
442.0,-3.9521433274054356,0.011258896190614763,-1.5703067666074488,-6.282727202931495,-6.283204940776291,-6.1350288972088505,-308.8668401601389
443.0,-3.966039200551409,0.009147923901941767,-1.570175251473448,-6.28270565423693,-6.283210224413531,-6.145993025638487,-310.1305667555774
444.0,-3.9751663749635213,0.009472045450052254,-1.5703162702698212,-6.282747409111874,-6.283212457006206,-6.161517830075503,-311.3953984115147
445.0,-3.9824096793082493,0.010125382401405075,-1.5702989546940564,-6.2827312936414454,-6.283213627838013,-6.179019911893964,-312.661318849268
446.0,-3.988299416959865,0.010544516148926911,-1.5702934044775705,-6.2802485360502,-6.283211515544654,-6.197341942368558,-313.92805768248434
447.0,-3.995827376624187,0.010804583290981377,-1.5703186054315617,-6.281743171375971,-6.283212910539875,-6.2160029093836915,-315.1957138694468
448.0,-4.002392699453821,0.01098849739459628,-1.5703078528410124,-6.282322678517214,-6.283213943129947,-6.232587654004098,-316.46416827522125
449.0,-4.006665779579202,0.011119827172558857,-1.5702937595549065,-6.282559723879489,-6.283214331623475,-6.238250827036126,-317.73314933416
450.0,-4.008410819087323,0.011206011088074688,-1.570285538519597,-6.282656664008551,-6.283214463141783,-6.251696764937998,-319.0023653657435
451.0,-4.014320120082474,0.011178978412434126,-1.57035608301621,-6.282698339578453,-6.283214104023431,-6.268342571003686,-320.27213647836675
452.0,-4.019903143439507,0.011228548620597035,-1.5703383054692304,-6.282714376717579,-6.28321432976644,-6.2765455440074005,-321.5425158182533
453.0,-4.023956284685318,0.011266869412113835,-1.5703241395404521,-6.282720602531395,-6.283214419477445,-6.274883263082456,-322.8133355920952
454.0,-4.028479012333972,0.011266129543897541,-1.5703384175224107,-6.282723508785775,-6.28321433012332,-6.279871000977737,-324.08459965630635
455.0,-4.029387979264928,0.011318648292368685,-1.5702988981760584,-6.282723739696975,-6.283214561002778,-6.281821241425895,-325.3560112565415
456.0,-4.034001955908205,0.011253016358179407,-1.5703648230110328,-6.282271895082841,-6.283214169264501,-6.282625111224371,-326.6278008054077
457.0,-4.040916506815752,0.011246855141285502,-1.5703735763274576,-6.282546477894605,-6.283214159599632,-6.2829552644691224,-327.90024643696796
458.0,-4.048223851655882,0.011260199109896799,-1.570362306551264,-6.282652480331412,-6.283214299848495,-6.283090910169576,-329.17339285010587
459.0,-4.052620531908475,0.011307156576059834,-1.570321365582661,-6.282694921807052,-6.2832145223402085,-6.28314662964241,-330.4469971463352
460.0,-4.054291033196725,0.011328949878762967,-1.5703042771042857,-6.282712254202934,-6.283214542278479,-6.28316951967982,-331.7207823333645
461.0,-4.056266845788807,0.01130534939539951,-1.5703273556148554,-6.28272011946532,-6.2832143676747485,-6.28317892541207,-332.9947269121772
462.0,-4.061665323116321,0.011256527333823785,-1.570371290987769,-6.282724246730889,-6.283214155499722,-6.283182791934604,-334.2691050933171
463.0,-4.0684874741985775,0.011255757244241722,-1.570370375333847,-6.28272548080882,-6.283214239141994,-6.283184378722926,-335.54408021293614
464.0,-4.078780929671754,0.011161677569932749,-1.5687532787199876,-6.282730605933482,-6.283213594039015,-6.283185051935119,-336.8204542884113
465.0,-4.085401744690923,0.011356497506711818,-1.5691620019915902,-6.282721063696963,-6.283215196567886,-6.283185272558277,-338.097359273263
466.0,-4.092508108913358,0.011316959824998358,-1.569567788181908,-6.282724473963069,-6.28320424814961,-6.283185401257163,-339.3746634838792
467.0,-4.1021816928608645,0.01127549059597254,-1.569849327408502,-6.282726495399629,-6.283209331304447,-6.283185454587983,-340.6525892577577
468.0,-4.114891286675444,0.01125038303742154,-1.5700348804580264,-6.282727400057114,-6.2832123375277815,-6.283185476215086,-341.93137094860595
469.0,-4.126290635459611,0.011290576518170083,-1.570108137573894,-6.282726477465278,-6.2832137270986355,-6.283185480868365,-343.21095376708195
470.0,-4.132714200566683,0.011351890443999214,-1.5701287633226921,-6.282724940557689,-6.283214403857973,-6.2831854793777335,-344.4910070576578
471.0,-4.142068071735135,0.011288475715316496,-1.570238071753771,-6.282726429980211,-6.283214139982141,-6.28318548530969,-345.7715937185311
472.0,-4.154735644531077,0.011259691624466424,-1.5702944508407406,-6.282727281693841,-6.283214134378985,-6.283185487851822,-347.0529233649355
473.0,-4.163430671018327,0.011329100790551709,-1.5702534706044151,-6.282725544678505,-6.283214564122296,-6.281580187326912,-348.334818658602
474.0,-4.171824147102912,0.011315480289285435,-1.5702835303133942,-6.282725712383905,-6.283214410179146,-6.282554253847327,-349.6171656623702
475.0,-4.177164470943053,0.01134601930280658,-1.570265852181554,-6.282725054514446,-6.283214570935884,-6.282925399062694,-350.8998271874599
476.0,-4.186109025156292,0.011279730174981633,-1.5703348185496706,-6.282726305117954,-6.279665931095979,-6.2830786667364675,-352.18290309054856
477.0,-4.196302103394872,0.01127593335449101,-1.5703383483695037,-6.28272715032726,-6.281826025477988,-6.28314159408161,-353.4664580219983
478.0,-4.2065474587862015,0.011286931090530734,-1.5703321518740962,-6.282726292223144,-6.282654812229242,-6.283167456655254,-354.7504777531963
479.0,-4.219349028188955,0.011264385554107593,-1.5703544345142497,-6.282726859482795,-6.282995605969313,-6.2831780805238955,-356.03500457223316
480.0,-4.2300985318076965,0.011310481751603981,-1.5703131617605066,-6.2827258649738,-6.283135599041793,-6.2831824410498225,-357.31997436645014
481.0,-4.24293411684694,0.011282039860334478,-1.570340707823144,-6.28272664555492,-6.283192763884084,-6.2831842361971715,-358.6053557455718
482.0,-4.25789337468434,0.01127434823602992,-1.5703459933334776,-6.282727099194259,-6.283207039853319,-6.283184973692574,-359.8911729428426
483.0,-4.274237517254637,0.011280793134077967,-1.5703390107420003,-6.282727139746473,-6.283211662179949,-6.283185276189025,-361.17739731953276
484.0,-4.291450113709897,0.01129292102179472,-1.5703271550864852,-6.282727068079058,-6.283213378929253,-6.283185400169163,-362.4639635842237
485.0,-4.303327191562987,0.011371494127403875,-1.5702570129774536,-6.2827252215586755,-6.283214369414058,-6.283185445685301,-363.75076350616257
486.0,-4.316572140927145,0.011327142307628903,-1.5702996076608802,-6.282726336569201,-6.283214245516245,-6.283185470421914,-365.03767363504943
487.0,-4.3308963814676105,0.011290793548022695,-1.5697117186040537,-6.282728231566691,-6.283214119277545,-6.283185487148499,-366.32485907218427
488.0,-4.346667060071178,0.011282089685510636,-1.5689197182564503,-6.2827279638823255,-6.283214219828064,-6.283185487805506,-367.61234162173156
489.0,-4.3618969202090945,0.01136333991841749,-1.5693278691134855,-6.282723801584,-6.28321485869067,-6.283185469157066,-368.8996784456363
490.0,-4.376084823060041,0.011357278992057867,-1.5696419048156913,-6.282725628441492,-6.2832145458563415,-6.283185481079822,-370.1867855813133
491.0,-4.388475815763528,0.011360384026380472,-1.5698459183316802,-6.282726032556961,-6.283214502202429,-6.283185484201751,-371.4736671478601
492.0,-4.402579322982733,0.011319582058320437,-1.5700216516830146,-6.28272705553355,-6.283214282004783,-6.283185487830687,-372.76024128464275
493.0,-4.418363195697391,0.011303263747087414,-1.5701277688383284,-6.282727434825405,-6.283214264863183,-6.283185488745393,-374.0464385205139
494.0,-4.435242350027167,0.011302575835212813,-1.5701898856039753,-6.282727394847657,-6.283214300545425,-6.283185488379941,-375.3321693199784
495.0,-4.4528318147855295,0.011308676044321297,-1.5702256521445297,-6.282727267005633,-6.283214340759311,-6.283185487787916,-376.61733041348003
496.0,-4.469182465564194,0.011335537466701878,-1.5702295623836164,-6.282726634703041,-6.283214473097836,-6.283185485749612,-377.9018873556347
497.0,-4.483013415198455,0.011361884711150799,-1.570225963789892,-6.282725958945626,-6.283214572231878,-6.283185483757953,-379.1858672125649
498.0,-4.494909096163875,0.011366186139584478,-1.570236304218544,-6.282725789341871,-6.283214554545492,-6.283185483346901,-380.4692918061024
499.0,-4.504738540019729,0.011368417479875978,-1.5702439305149587,-6.28272561164253,-6.2832145576573994,-6.283185482852617,-381.75222144490533
500.0,-4.517018309939038,0.011314286178733462,-1.5702991591443856,-6.28272677896247,-6.283214283048122,-6.283185486430862,-383.03447056833215
501.0,-4.528273021424669,0.011324541068168966,-1.5702892900017322,-6.281371965146107,-6.283214372092225,-6.2831854987503215,-384.31607448169444
502.0,-4.54159374905368,0.01130258093678235,-1.5703194644944465,-6.282190243085403,-6.283214124759611,-6.283185463293629,-385.5968642053072
503.0,-4.555743818864821,0.011300454418540074,-1.5703191352069805,-6.28250731964448,-6.283214322410387,-6.283185487866886,-386.87673564747206
504.0,-4.571237169784993,0.011293417598909637,-1.57032529275632,-6.282637224615673,-6.283214323532098,-6.283185489835955,-388.155528156613
505.0,-4.58788820253864,0.01129570929501013,-1.570322737678772,-6.282690368930274,-6.283214340123742,-6.283185489224046,-389.43308116031534
506.0,-4.60532644597474,0.011303667885644873,-1.5703152132289249,-6.28271205055051,-6.28321436478266,-6.283185488161798,-390.7092443890397
507.0,-4.622541459770384,0.01132136928529619,-1.5702991645018274,-6.2827206583826305,-6.2832144310748275,-6.283185486685242,-391.98394295131976
508.0,-4.6364903386365155,0.011356147119962063,-1.5702635799985654,-6.280524415177772,-6.283212631947257,-6.283185506198384,-393.25737316494053
509.0,-4.651486999642822,0.011336513095459761,-1.5702901158952645,-6.280231618862688,-6.283213520287341,-6.2831854646148,-394.5293697382411
510.0,-4.667848786274341,0.011328370907555422,-1.5702999306893928,-6.2817271770678555,-6.283213945527001,-6.283185461197206,-395.7997374748127
511.0,-4.6851023201590625,0.011318890068461252,-1.570302784980606,-6.282318081789329,-6.283214286266867,-6.283185493538095,-397.06829206920395
512.0,-4.702934473162903,0.01132015334836018,-1.5702994768813665,-6.282559765793413,-6.283214385429729,-6.283185494005265,-398.33487695278427
513.0,-4.718944921354929,0.011349507232571433,-1.5702729279186893,-6.28265792629836,-6.283214543797866,-6.283185489509319,-399.59960809849986
514.0,-4.735540279904032,0.01125567130478757,-1.5683785590948263,-6.282703423960754,-6.2832137997731765,-6.283185511282251,-400.8628656795691
515.0,-4.7521598219945105,0.01139735373193984,-1.5689319155878894,-6.282710595201503,-6.28321519008424,-6.283185461167249,-402.1239296406344
516.0,-4.768814779003193,0.01136982655664326,-1.5693846485733263,-6.282720796243479,-6.283214579836209,-6.283185480379271,-403.38265080317706
517.0,-4.784457624769928,0.011364285880956584,-1.5696756282073565,-6.282724574618142,-6.283214468144893,-6.283185485731068,-404.6391330044607
518.0,-4.8009302482246925,0.011338336605353966,-1.5698914586615265,-6.28272645737519,-6.283214326965476,-6.283185488562282,-405.893216521133
519.0,-4.818253173620373,0.01132755553509965,-1.5700294126111694,-6.282727137666649,-6.283214318240723,-6.283185489015411,-407.14471711548407
520.0,-4.836130684402744,0.011314083120337689,-1.5701162473897317,-6.2827271867875165,-6.283214339101394,-6.27968276623535,-408.3934703519676
521.0,-4.851916166587223,0.011345496862696413,-1.5701489181913355,-6.282726542445208,-6.283214521780418,-6.281808155283114,-409.6397171745733
522.0,-4.866730593110132,0.011348003529472014,-1.5701904053729447,-6.2827264470820365,-6.2832144804613295,-6.282617991053976,-410.8835448688974
523.0,-4.882677269732668,0.011326730195913444,-1.5702378906381032,-6.282726984112161,-6.283214359777214,-6.282952397229099,-412.124704295537
524.0,-4.896420533068453,0.01135548246714391,-1.5702308406434062,-6.282726202082727,-6.283214540156117,-6.283089726607133,-413.36349331678514
525.0,-4.911374544754281,0.011326111301496845,-1.570271288052701,-6.282726819533148,-6.283214356150391,-6.2831461477550885,-414.59965119938954
526.0,-4.927343915628258,0.011240312206179848,-1.5684146741453566,-6.282731608011763,-6.283213746948856,-6.283169348083054,-415.8334126974178
527.0,-4.9432787059047225,0.011384297830519773,-1.5689586882653779,-6.282722176143008,-6.283215146992048,-6.283178821310136,-417.06413602585496
528.0,-4.960033133830695,0.011351344577842563,-1.5694116134968183,-6.282725704181496,-6.28321451524161,-6.283182753017748,-418.2915399716717
529.0,-4.977539316340651,0.011334421801511113,-1.569708804839657,-6.282727085335795,-6.283214350388611,-6.283184366688579,-419.51543809345776
530.0,-4.989627008217039,0.011395594707890647,-1.5698446356476594,-6.2827256310321635,-6.283214679004702,-6.283185023148002,-420.7368295807022
531.0,-4.9999940712698265,0.011375570687543364,-1.5699938937415268,-6.282725855890204,-6.283214505463074,-6.283185295475429,-421.95605619443614
532.0,-5.0118720989404055,0.011330387400671037,-1.5701205095468613,-6.282726782889721,-6.2832143113074475,-6.283185409464489,-423.1728003031801
533.0,-5.026042303082401,0.011299060377182566,-1.5702051047054237,-6.282727365250591,-6.283214236191365,-6.283185456603532,-424.3865536358702
534.0,-5.03986842531051,0.011313940485617822,-1.5702296762936476,-6.282726816404076,-6.283214382418531,-6.283185473458133,-425.5973252994646
535.0,-5.0551054098519925,0.01129959275778929,-1.5702689533147765,-6.2827270808626645,-6.28321430361374,-6.283185481928735,-426.8047645295957
536.0,-5.069990756434941,0.0113163448401042,-1.5702706131510629,-6.282726701070829,-6.283214412029137,-6.283185483756552,-428.00887117752063
537.0,-5.0857131577119015,0.011310133932213268,-1.5702880906143315,-6.282726892831275,-6.283214357175871,-6.28318548562788,-429.2093984045894
538.0,-5.102499164579332,0.011307800859835503,-1.5702970979735853,-6.282727080478914,-6.283214346245026,-6.2831854865874694,-430.40602593928173
539.0,-5.120027599939074,0.011312239264744655,-1.5702974893710178,-6.282727098538487,-6.283214365627192,-6.283185486757257,-431.59849227696446
540.0,-5.136899536314825,0.011331777664780555,-1.570283098317824,-6.282726711453318,-6.283214454725165,-6.283185485638498,-432.78685639645335
541.0,-5.15427272378223,0.011328163241088329,-1.570288770355538,-6.282726906282625,-6.2832144013056705,-6.283185486301176,-433.97091943377836
542.0,-5.172180396805199,0.01132867484263455,-1.57028907874565,-6.282727028624007,-6.283214398103078,-6.283185486601124,-435.1504561650166
543.0,-5.1904367762313806,0.011332009534815968,-1.5702865417600345,-6.282727044139069,-6.2832144077475425,-6.283185486608746,-436.3252818684735
544.0,-5.2016683861524085,0.01141723723672395,-1.5702117915250966,-6.282724842477235,-6.283214843925029,-6.2831854800419205,-437.4970832283633
545.0,-5.214247993244967,0.011353263484111715,-1.5702737370099196,-6.282726229483845,-6.283214398453329,-6.283185484756239,-438.66554904168237
546.0,-5.226210869281041,0.011350531907180328,-1.5702750010407305,-6.282726275233945,-6.283214467861261,-6.282788448432249,-439.8307702866039
547.0,-5.236091905603088,0.011359382334817406,-1.5702685161270762,-6.282725763056982,-6.2832145350663,-6.283029361733671,-440.99326831711744
548.0,-5.244071259076465,0.01135896611725468,-1.5702707545148478,-6.2827255255114585,-6.283214530713863,-6.283121156689853,-442.1535423560121
549.0,-5.255078143267018,0.01129917307543929,-1.570325659109868,-6.282726786960703,-6.283214235961094,-6.2831590656047895,-443.31078499243364
550.0,-5.267281973503856,0.011293403408259553,-1.5703292172870653,-6.282726849813944,-6.283214304316618,-6.283174632187668,-444.46460224575515
551.0,-5.281547680681366,0.011278267857953904,-1.5703426094740445,-6.282727143127211,-6.283214252711479,-6.283181028209345,-445.61438001354134
552.0,-5.296896882606656,0.01127263328587922,-1.570338604121359,-6.2794150485515186,-6.283210219007398,-6.283183689432631,-446.7597145889996
553.0,-5.31339403784352,0.011304288165651424,-1.5703263835657963,-6.281414636552889,-6.283212304993311,-6.28318467704473,-447.9002411161959
554.0,-5.329510813975128,0.011316749460939359,-1.570307995649487,-6.282189743936995,-6.283213782055333,-6.2831851800369005,-449.03596148980927
555.0,-5.3459569821653785,0.01131655792736184,-1.5703057380608973,-6.282507107296437,-6.283214206620463,-6.283185366144257,-450.16671213671776
556.0,-5.36318504269329,0.011315066774976533,-1.570305620733891,-6.282637108970069,-6.283214323531793,-6.28318543978551,-451.292179528714
557.0,-5.380999898506609,0.011319064627597204,-1.5703010630532033,-6.282690269869763,-6.28321437421185,-6.283185468447285,-452.4120945293188
558.0,-5.392874640483748,0.011395788992452414,-1.5702329596993956,-6.282710073642114,-6.283214771495893,-6.283185473834285,-453.52816672017013
559.0,-5.406044067718224,0.011342647209593609,-1.570284063997871,-6.282720169178319,-6.283214391195403,-6.283185482254622,-454.640051675512
560.0,-5.421215975059886,0.011314908308425587,-1.5703070892581688,-6.282724580275298,-6.283214311670233,-6.283185485971058,-455.7470466760423
561.0,-5.432762854442192,0.011363417860844981,-1.5702634438663698,-6.282724710035826,-6.283214612500238,-6.283185482459601,-456.8502027974217
562.0,-5.441468665147993,0.01137199228968051,-1.57025870402256,-6.282724870200859,-6.283214598031325,-6.283185481708107,-457.95044496441557
563.0,-5.452910708984487,0.011311192063910203,-1.5703145352433423,-6.282726490268026,-6.2832142737779995,-6.2831854860467296,-459.04691970722496
564.0,-5.466827042535573,0.011287786099831167,-1.5703339759622938,-6.282727031190324,-6.281505019621626,-6.28318549000454,-460.1387555027367
565.0,-5.48246908913188,0.011282566405275753,-1.5703366501748663,-6.282727506387125,-6.2825513245320606,-6.283185484615192,-461.22529407054043
566.0,-5.499255904021883,0.011290073327410416,-1.570329374739764,-6.282727171326134,-6.282952826842339,-6.2831854875198685,-462.30607117136844
567.0,-5.516400975308814,0.011305347816528522,-1.570315135381655,-6.282726928839812,-6.283117962411687,-6.283185486622908,-463.3808760978284
568.0,-5.532321798649378,0.011332359400614618,-1.5702908960538438,-6.282726407672934,-6.283185787903354,-6.283185484983953,-464.45003978860507
569.0,-5.548960207465031,0.011323365194965842,-1.570299236441593,-6.282726786225317,-6.283205765379448,-6.283185486126803,-465.51327358660956
570.0,-5.566390176729299,0.011321525464056811,-1.5702997600023287,-6.282727013551538,-6.283211233668867,-6.28318548664523,-466.57021372573377
571.0,-5.579515303322252,0.011378390037261082,-1.5702490168104626,-6.282725586166855,-6.283213524849861,-6.283185482331661,-467.62227260397566
572.0,-5.593774345821777,0.011337926606055555,-1.5702876329005826,-6.2827265144072095,-6.283213967382031,-6.2831854854466025,-468.6690950745553
573.0,-5.609655647781433,0.011317766186271182,-1.570304070417412,-6.2827270960345265,-6.283214177985398,-6.283185486960052,-469.71001442287906
574.0,-5.626597802115176,0.01131363908526649,-1.5703067852916723,-6.282727186668095,-6.283214287704102,-6.283185487128675,-470.74455952982686
575.0,-5.644228042919906,0.011316939383057686,-1.5703031789013275,-6.2827271387249795,-6.283214348696699,-6.283185486935842,-471.7723899058121
576.0,-5.662304518304189,0.011322946623374497,-1.5702972737540657,-6.282727077948868,-6.283214384525726,-6.283185486722991,-472.79325118428727
577.0,-5.677827651704552,0.011360615433867358,-1.5702637589369646,-6.282726163921888,-6.2832145734154246,-6.283185483994685,-473.8080027614357
578.0,-5.692742423681931,0.011353371202712122,-1.5702718140265242,-6.282726320925856,-6.283214483535605,-6.283185484675679,-474.8168716918924
579.0,-5.708817218367796,0.011331266606395097,-1.570291332524705,-6.282726914808848,-6.283214372711973,-6.283185486416989,-475.81936849004643
580.0,-5.725882568126279,0.011323391015056689,-1.5702974181086282,-6.282727129518627,-6.2832143624541485,-6.283185486944097,-476.81502499429865
581.0,-5.743322167466077,0.011326829793626793,-1.5702938014185248,-6.282727047938258,-6.283214394300877,-6.2831854866502805,-477.80360807903065
582.0,-5.761224759980509,0.011328196617802187,-1.5702922913962007,-6.2827270579890095,-6.2832143958670095,-6.283185486671951,-478.78485833652235
583.0,-5.777560208231418,0.011353324558278512,-1.5702701959880985,-6.282726343809544,-6.281677086756459,-6.283185487101387,-479.7593138812046
584.0,-5.794381512529421,0.011338678889922675,-1.570283307104528,-6.282727032695064,-6.282619199487146,-6.283185483423891,-480.72674695554207
585.0,-5.811918845589408,0.011332573391146426,-1.5702883311708826,-6.28272703801716,-6.282980713536436,-6.28318548697328,-481.68678766305237
586.0,-5.829934936242481,0.011332524677052732,-1.5702879530085432,-6.282727051042769,-6.283129394658574,-6.283185486860947,-482.63915743571914
587.0,-5.843147148743944,0.01139195120626083,-1.570235461439742,-6.282725484767851,-6.2831905539221,-6.2831854821171085,-483.58573225460077
588.0,-5.85740820083402,0.011347117590853523,-1.5702784828305372,-6.282726471520546,-6.283206471941125,-6.283185485386905,-484.5261723740976
589.0,-5.872640162715332,0.011330893772369921,-1.570291697599272,-6.282726901348976,-6.283211478862675,-6.283185486407825,-485.45997984772436
590.0,-5.8890404302207,0.011318482330139797,-1.570302388404937,-6.282727132386087,-6.283213284306942,-6.283185487029177,-486.3865992467055
591.0,-5.906318052842863,0.011317011016190691,-1.5703030419943178,-6.282727165353464,-6.283213971017707,-6.283185487044798,-487.3055728330355
592.0,-5.924165836378185,0.01132098946032295,-1.5702989943511818,-6.2827271145938965,-6.2832142394693955,-6.283185486848946,-488.2165734678405
593.0,-5.942383395110496,0.011326772795141717,-1.5702933960227607,-6.282727062702565,-6.283214348837489,-6.283185486665069,-489.11936038505064
594.0,-5.960840763491723,0.01133258329244588,-1.570287798681777,-6.282727029167053,-6.283214396088779,-6.283185486542687,-490.01374976718915
595.0,-5.97791439022656,0.011354492933959176,-1.5702682172261861,-6.2827265378711425,-6.283214508540327,-6.283185485073651,-490.9002645106727
596.0,-5.995343926063437,0.011343884745658917,-1.5702783020171986,-6.282726842668365,-6.28321442319898,-6.283185486088878,-491.7787295932638
597.0,-6.013264889429837,0.011260844368517434,-1.5683870306987293,-6.282731645856892,-6.2832137958658425,-6.283185508917885,-492.6489797235177
598.0,-6.029922662823558,0.011416432645486134,-1.568923507361063,-6.282721863202516,-6.283215254983334,-6.283185459129593,-493.5113328031996
599.0,-6.047033237758196,0.011375956502185891,-1.5693852200850578,-6.282725561811545,-6.28321456502873,-6.282911642150307,-494.3655670780645
600.0,-6.059113848872021,0.011415383056651,-1.569634043646753,-6.282725356767618,-6.283214709254903,-6.28307780421508,-495.213880015362
601.0,-6.072149553753338,0.01135679409756571,-1.5698804095033596,-6.282726699727439,-6.283214345868508,-6.283141121175375,-496.0559844577756
602.0,-6.087163770845985,0.01132070508313517,-1.5700395618481007,-6.282727471352465,-6.283214254762539,-6.283167266541024,-496.89089334975296
603.0,-6.10263356230519,0.011304974206134617,-1.5701303388894907,-6.279115295722922,-6.283209533141682,-6.283178039573804,-497.7182826858435
604.0,-6.118043095675678,0.011307680389836363,-1.5694269931924996,-6.281297472543921,-6.283211843813575,-6.283182358069461,-498.53820159139394
605.0,-6.131812554830923,0.011371421445111558,-1.5696694714690982,-6.282138913626846,-6.283214055503028,-6.282702283667945,-499.3513142337936
606.0,-6.146873865979404,0.011331821531367475,-1.5698975895615046,-6.282486739092424,-6.282102403864329,-6.282995470966328,-500.1570434526952
607.0,-6.1615311152116305,0.011333202383536826,-1.5700239795721818,-6.282628812884285,-6.282786912893493,-6.2831071964996426,-500.955474615846
608.0,-6.175650340362537,0.011333822814577765,-1.5701113958589914,-6.282686530049615,-6.28304965825024,-6.272043212616948,-501.7468489163684
609.0,-6.188861955724521,0.011338667551086612,-1.5701663376861559,-6.282709918405177,-6.283157740960817,-6.266639741704475,-502.5315756787143
610.0,-6.199645674987714,0.011357365635617319,-1.570190019789395,-6.282719034658722,-6.283199366382432,-6.261739765018917,-503.31080536735436
611.0,-6.209561757513862,0.011345741481483604,-1.5702286223600677,-6.282723144265987,-6.283209049299945,-6.253263654592478,-504.08501118766117
612.0,-6.21957399109548,0.011328645333152844,-1.57026227846958,-6.282724941336679,-6.283212422368251,-6.253155119948622,-504.8541470453785
613.0,-6.232239694071814,0.011289380986586883,-1.5703093334499187,-6.282726568211751,-6.283213512695305,-6.249519766829751,-505.61691859677825
614.0,-6.2466960703695245,0.011282423929829583,-1.5703220405472427,-6.28272693889413,-6.2832140023267105,-6.2592024580843075,-506.3723424416033
615.0,-6.255604504660399,0.01136324445197418,-1.5702550904916217,-6.282725050824334,-6.283214602237437,-6.265613111639415,-507.12301561892247
616.0,-6.26464053265831,0.011330884180210755,-1.570291444387877,-6.282725833787907,-6.2832143851982,-6.261127988574299,-507.86907372248385
617.0,-6.271151537151048,0.011351352050228596,-1.5702749117707802,-6.282725269055954,-6.283214544250777,-6.258566186259182,-508.6116868215581
618.0,-6.2753806025176315,0.011353568434893787,-1.570276435087369,-6.2827250460731925,-6.283214532922633,-6.2510053865080595,-509.3520573762074
619.0,-6.278123402943654,0.011345052522304989,-1.570286506845709,-6.2827249875306554,-6.283214484630756,-6.247563372225033,-510.09097191748674
620.0,-6.279902251155128,0.011333211600694731,-1.5702989300674925,-6.28272503353059,-6.283214437162649,-6.2492496710519525,-510.8289415380468
621.0,-6.2810559500240934,0.011321523921524114,-1.570310835666244,-6.282725155237911,-6.28321439955686,-6.250165660343795,-511.5662980774728
622.0,-6.281804219836372,0.01131149270984678,-1.5703210007250972,-6.282725143142104,-6.2832143742688515,-6.256821168889616,-512.3032568937618
623.0,-6.282289543546908,0.011303356148626636,-1.5703292555146975,-6.282725211712311,-6.28321435568377,-6.262779443982598,-513.0399577192638
624.0,-6.282604331095407,0.011297102415674885,-1.570335651602643,-6.282725207815519,-6.283214344225373,-6.271635024454243,-513.7764911992283
625.0,-6.28280850690955,0.011292326741276665,-1.5703405618404938,-6.282725303661248,-6.283214335101918,-6.272273856072215,-514.512916136034
626.0,-6.282940946486882,0.011288904203225834,-1.5703441388667416,-6.282725190060022,-6.283214331721441,-6.27531296457028,-515.2492706656803
627.0,-6.282872189186344,0.011288315727769154,-1.5703450419919742,-6.282725173662706,-6.283214337273153,-6.275322142176644,-515.9856548443503
628.0,-6.2829535403427546,0.011283271535544944,-1.570349983844048,-6.282725220032238,-6.283214315716401,-6.264236992038825,-516.7220026721591
629.0,-6.283034757414133,0.01128258582303336,-1.5703507164882649,-6.28272513300433,-6.283214324576552,-6.256632062880789,-517.4583073701459
630.0,-6.283087715074878,0.01128214713568934,-1.5703513041478636,-6.282725103032093,-6.283214325798292,-6.2457519712440455,-518.1945839029792
631.0,-6.2831220698793695,0.011281838854761746,-1.5703517337594668,-6.28272502221622,-6.283214327289113,-6.242056176835916,-518.9308421635743
632.0,-6.283144351845309,0.01128153309191858,-1.5703521161064413,-6.282725051542858,-6.283214326234972,-6.241602412399122,-519.6670885745183
633.0,-6.283158804211581,0.011281286139863433,-1.570352415815524,-6.2827250663877905,-6.283214325294661,-6.244729758620795,-520.4033273003348
634.0,-6.283168180427271,0.01128113757400967,-1.5703526173215152,-6.282725120493494,-6.283214325080576,-6.25660638950742,-521.1395610395907
635.0,-6.283174260340962,0.011280955280746189,-1.5703528212057905,-6.282725189915398,-6.283214323037039,-6.269923106939352,-521.8757915471774
636.0,-6.283178196478193,0.011280666289425546,-1.5703530837021973,-6.282725293479127,-6.283214319578425,-6.264249265661308,-522.6120199652332
637.0,-6.283180753620117,0.011280614189487182,-1.570353151347997,-6.2827252046205215,-6.283214322306901,-6.255723871106514,-523.3482470225673
638.0,-6.283182417006477,0.011280655940181013,-1.5703531388482332,-6.282725054429432,-6.283214324825454,-6.254890986432814,-524.084473194065
639.0,-6.283183493523914,0.011280609503671582,-1.570353193048029,-6.282725123752808,-6.283214323841426,-6.252526252480116,-524.8206987932492
640.0,-6.283184192267977,0.01128059525375833,-1.570353214594635,-6.282725105021682,-6.283214323949202,-6.251495356462883,-525.5569240209439
641.0,-6.283168817833132,0.011217755093440265,-1.5688304147276155,-6.282728784795287,-6.2832138264121316,-6.252144770364315,-526.2931717119014
642.0,-6.283196060669909,0.011328296229541004,-1.569274512240731,-6.282721319458056,-6.283214920237737,-6.2533819292153465,-527.0293994634135
643.0,-6.283191044044769,0.01130713784606009,-1.569634933379028,-6.282724056064998,-6.282714228980545,-6.243882448016552,-527.7656301234276
644.0,-6.283187645754877,0.011292729236309373,-1.569875581678093,-6.282725105605388,-6.283028326492849,-6.24221868588334,-528.5018588344691
645.0,-6.283185924592872,0.011285381862804521,-1.5700355069847092,-6.28272531148871,-6.283148948387424,-6.249351913875222,-529.2380863322188
646.0,-6.2831851344149525,0.011281545515825855,-1.5701419491264363,-6.282725454604802,-6.283196900794328,-6.250200221417119,-529.9743130391543
647.0,-6.283184837305441,0.011279745151932209,-1.5702127389765332,-6.282725422169465,-6.283208193051333,-6.243517121344722,-530.7105392302035
648.0,-6.283184793629048,0.011279195892812179,-1.5702597038312227,-6.282725215740855,-6.28321207259879,-6.2493523794459,-531.4467650110756
649.0,-6.283184854964368,0.011279025906359859,-1.5702910454723669,-6.2827252626179835,-6.283213491063318,-6.2520346143512615,-532.1829904750891
650.0,-6.283184957578494,0.011279165389729116,-1.5703118591845038,-6.282725189660185,-6.283214013489205,-6.2577102458063365,-532.9192156937572
651.0,-6.283185058882409,0.011279260376554912,-1.5703258071448913,-6.282725256171168,-6.283214203915861,-6.248846571110836,-533.6554407319322
652.0,-6.283185158052679,0.01127959978399822,-1.5703349412810843,-6.282725092359271,-6.283214279151534,-6.248712613315291,-534.3916656283982
653.0,-6.2831852402784545,0.011279847056899415,-1.5703410503320854,-6.2827250824603915,-6.283214306108831,-6.253580003787924,-535.1278904218605
654.0,-6.283185302567665,0.011279989708501002,-1.5703451620421007,-6.28272516298273,-6.283214315139713,-6.2563116419850395,-535.8641151429008
655.0,-6.283185349478402,0.01128009578739652,-1.5703479062795989,-6.282725195797214,-6.283214318821829,-6.255141312732456,-536.6003398124654
656.0,-6.283185387587189,0.011280242042837473,-1.5703496843283424,-6.282725108576697,-6.283214321772855,-6.258101656649314,-537.3365644431188
657.0,-6.283185413064388,0.011280285483897201,-1.5703509203010173,-6.282725188425771,-6.2832143215679315,-6.256405586426496,-538.0727890482121
658.0,-6.283185448233507,0.011281011203940426,-1.5703515351181123,-6.282724984614564,-6.2815454587868205,-6.258807444241008,-538.8090242735757
659.0,-6.2831854392639634,0.01127968322018764,-1.5703524269449927,-6.282725448073189,-6.282567410870246,-6.254026046098777,-539.5452534289831
660.0,-6.283185450367499,0.011280260204526433,-1.5703526368909315,-6.282725093592814,-6.282959550207791,-6.252209736702998,-540.2814798023547
661.0,-6.283185461137708,0.011280435176036498,-1.570352856205492,-6.282725116433786,-6.283120834240833,-6.244776882842599,-541.0177050279628
662.0,-6.283185465713214,0.011280466703649197,-1.5703530204563123,-6.282725055160874,-6.28318703113579,-6.230692418105966,-541.7539297820701
663.0,-6.2831852453690535,0.011272943388226332,-1.570355208542948,-6.280772441485252,-6.283200504547302,-6.223287554876562,-542.4901420949402
664.0,-6.2831856140148306,0.011288969316129552,-1.5703508279548268,-6.281951231475013,-6.283209065490939,-6.224497350485323,-543.2263610044173
665.0,-6.283185580595132,0.011282921365827944,-1.5703524583615667,-6.282408509375734,-6.283212460540996,-6.235168848987707,-543.9625832266473
666.0,-6.283185503875629,0.01128059497642284,-1.5703531596098783,-6.282595654987051,-6.283213666389919,-6.247224032866258,-544.6988068456665
667.0,-6.283185476912589,0.011279892831924095,-1.5703534291755106,-6.282672270820394,-6.283214091157597,-6.251590725580156,-545.4350310298244
668.0,-6.283185471831949,0.011279837194338223,-1.5703534742818952,-6.282703548510831,-6.283214241690475,-6.252418228598295,-546.1712554377863
669.0,-6.283185484066505,0.011280429178710845,-1.5703533352566794,-6.282716233666759,-6.281980174711032,-6.2513092820625475,-546.9074878222882
670.0,-6.28318547040992,0.011279591538948048,-1.5703535394416055,-6.28272173049684,-6.282738854705948,-6.247074183916405,-547.6437157233566
671.0,-6.283185470050629,0.011280041023475247,-1.5703534559932915,-6.282723633506695,-6.283030007044691,-6.234909238663791,-548.3799415771196
672.0,-6.283185477342685,0.011280343404584663,-1.5703533420730758,-6.282724430468821,-6.283149757321604,-6.22692758855231,-549.1161665829709
673.0,-6.283185480611787,0.011280473618634957,-1.570353294747512,-6.282724784288828,-6.283197242036365,-6.221208166917732,-549.8523912476975
674.0,-6.2831785217736025,0.011252925367916394,-1.569683662697041,-6.282726561609766,-6.28320812054337,-6.217575832469205,-550.5886257694228
675.0,-6.2831903766961075,0.011301597939860323,-1.569878872364137,-6.282723316479923,-6.283212400158458,-6.225500806463556,-551.324851575871
676.0,-6.283188082451458,0.011292160412922591,-1.5700374274207034,-6.282724703087351,-6.28321357629571,-6.2250615778825535,-552.0610773056243
677.0,-6.283186538227209,0.011286039424051377,-1.5701431777539812,-6.282725098338289,-6.283214024465242,-6.234405321893477,-552.79730303829
678.0,-6.283185743630131,0.011282665769473706,-1.5702135740359286,-6.282725279358686,-6.283214194725959,-6.24165087441148,-553.5335286374954
679.0,-6.27897113946505,0.011334219297061812,-1.5702117531897821,-6.282724138165674,-6.283214510003717,-6.248685441865387,-554.2718053104276
680.0,-6.278054341413943,0.011266928040922674,-1.570305857726725,-6.282725535613467,-6.283214123559038,-6.253086361752112,-555.0106838232313
681.0,-6.279549936022198,0.011246686108855026,-1.5703421752926332,-6.2827260789068005,-6.283214144698184,-6.2506607907306835,-555.7488412004293
682.0,-6.2808246023169225,0.011264064075531452,-1.5703394205694885,-6.282725472110579,-6.283214293865425,-6.25091674599081,-556.4863215697227
683.0,-6.281654307741361,0.011275027017370553,-1.5703392001747898,-6.282725152791372,-6.283214335902728,-6.254512448795498,-557.2233606521177
684.0,-6.282192428964426,0.011280269004808758,-1.57034082076098,-6.282725141027169,-6.283214341987452,-6.255189501942802,-557.9601134789999
685.0,-6.282541421980962,0.011282565589395702,-1.5703429425337196,-6.282725098128013,-6.283214340917498,-6.26659025485237,-558.6966806428077
686.0,-6.282767750207388,0.011283054897680864,-1.570345244210714,-6.282725223297165,-6.283214332550081,-6.260171202345377,-559.4331274026947
687.0,-6.282914542681656,0.011283066138422976,-1.5703470891153246,-6.282725111613077,-6.283214331926883,-6.258175466089436,-560.1694960679154
688.0,-6.283009745455843,0.01128267464160875,-1.570348678035432,-6.282725149482879,-6.28321432843814,-6.249154723613361,-560.9058140875646
689.0,-6.281843923865284,0.011297632556936825,-1.5703359095035774,-6.282724770024598,-6.2832143995720795,-6.240897814516669,-561.642696969046
690.0,-6.2820874025303945,0.011272033816590442,-1.5703604420849449,-6.282725225593303,-6.283214251121774,-6.239905981412617,-562.3795051148987
691.0,-6.282471079874281,0.0112756045993025,-1.5703566074085953,-6.282725262262163,-6.283214308163092,-6.236748595691931,-563.1161096998043
692.0,-6.2827221414861,0.011278872932299473,-1.5703540725198826,-6.282725181102677,-6.283214325434678,-6.229954184630344,-563.8525807221745
693.0,-6.282884988115202,0.011280494026263166,-1.570352867252332,-6.282725109830097,-6.283214329742789,-6.2229077157897175,-564.5889651074367
694.0,-6.282990599709153,0.011281233500019682,-1.5703523556002317,-6.282725004060289,-6.283214330601797,-6.2241210061483185,-565.325293307228
695.0,-6.283059092853033,0.011281491106772977,-1.5703522285088698,-6.282725079200935,-6.283214329223248,-6.235658477681355,-566.0615850698737
696.0,-6.283103506715334,0.011281341182655506,-1.5703524062025316,-6.282725223341091,-6.283214324447908,-6.237769472903846,-566.797853209779
697.0,-6.283132326984489,0.011281840235532676,-1.5703523987583763,-6.2827250549437865,-6.281557175174063,-6.239344441075942,-567.534116593865
698.0,-6.283150988609446,0.011280373352119424,-1.570352878992325,-6.282725429623521,-6.2825720251181565,-6.23734394811448,-568.2703640247032
699.0,-6.283163133504199,0.011282069883356598,-1.570352568275755,-6.282724887105842,-6.27947750170599,-6.235422607480965,-569.0066241415155
700.0,-6.2831709591897384,0.011279427435878791,-1.5703532741852626,-6.282725574190868,-6.28174753864119,-6.234946888486536,-569.742866714489
701.0,-6.283176056058106,0.0112804228794201,-1.570353132426836,-6.282725089882143,-6.282622667750093,-6.232395567923032,-570.4791004427044
702.0,-6.28317937289328,0.011280742538019362,-1.5703531119259861,-6.28272504157368,-6.282982531025744,-6.228070603573632,-571.2153298726366
703.0,-6.283181521543707,0.011280802197528438,-1.5703531265522004,-6.282725034668614,-6.283130258873226,-6.224748394349857,-571.9515571172149
704.0,-6.283182913112571,0.011280756721122057,-1.5703531672224085,-6.282725077857283,-6.283190910245465,-6.22060354335773,-572.6877831942327
705.0,-6.283183820248205,0.011280812356518236,-1.5703531210018193,-6.282725041036478,-6.283206717508967,-6.230063549615225,-573.4240086697848
706.0,-6.283184406183295,0.01128073568121607,-1.5703531711475254,-6.2827251365071906,-6.283211545365128,-6.242674132694226,-574.1602338011019
707.0,-6.283184783874764,0.011280633610225571,-1.5703532407530676,-6.282725184801466,-6.283213306018203,-6.253139771793257,-574.8964587212181
708.0,-6.283185026855181,0.011280535709544705,-1.5703533110723273,-6.282725260337404,-6.2832139494308565,-6.25656802776704,-575.6326835088088
709.0,-6.2831851818660205,0.011280426867409946,-1.5703533839345818,-6.282725231580682,-6.2832141846425476,-6.246875947400689,-576.3689082139841
710.0,-6.283185284307212,0.011280427484878291,-1.570353372845752,-6.2827251123290635,-6.28321427299555,-6.231781819309689,-577.1051328636077
711.0,-6.283185358471867,0.01128059506149695,-1.5703532413159267,-6.282724951226145,-6.283214308450124,-6.2323276054737935,-577.8413574705355
712.0,-6.283160642958109,0.011182151041526008,-1.567971176653282,-6.282730905786058,-6.283213537916133,-6.225524777820271,-578.5776177342342
713.0,-6.283202823423854,0.01135523097805269,-1.568665826997754,-6.282719165950396,-6.283215256023778,-6.21935705629066,-579.3138469869613
714.0,-6.28319470146868,0.011322037432583766,-1.5692295294319294,-6.28272332572573,-6.2832145161105535,-6.222131843219861,-580.0500758469309
715.0,-6.283189207499693,0.01129992414284365,-1.5696059696814184,-6.282725112439839,-6.283214297097527,-6.221800315633469,-580.7863046790956
716.0,-6.283186394817853,0.011288168590513667,-1.5698561998740863,-6.2827255279711505,-6.283214250843583,-6.232799853500619,-581.5225330038812
717.0,-6.283185081674748,0.011282109653671648,-1.5700226930020678,-6.28272564345269,-6.28321425173277,-6.238087557325876,-582.2587606649283
718.0,-6.283184570316992,0.011279351317509918,-1.5701333751600965,-6.282725531490546,-6.28321426752467,-6.243156493724572,-582.9949876687151
719.0,-6.28318446143674,0.01127829530290505,-1.5702069980450322,-6.282725447985077,-6.283214282649654,-6.2461075996852236,-583.7312140973936
720.0,-6.283184537809972,0.011278112946642927,-1.5702559595071788,-6.282725348506265,-6.283214294976442,-6.248359053487035,-584.4674400543942
721.0,-6.283184686700446,0.011278381577662576,-1.5702884854220536,-6.282725252549465,-6.283214304840923,-6.257927321381752,-585.2036656379724
722.0,-6.283184843793199,0.011278684743978404,-1.5703101918429088,-6.282725262718862,-6.283214309293059,-6.26457593048142,-585.9398909398087
723.0,-6.283195665386276,0.010122767794807976,-1.5702713829357944,-6.282714373677249,-6.28321385356184,-6.26139719708468,-586.6761323773809
724.0,-6.283172559269188,0.01026743229944782,-1.5703746427932523,-6.28273714679612,-6.283214812654543,-6.260871372668125,-587.4123842448428
725.0,-6.283177503631935,0.010620310197013687,-1.5703629818312825,-6.282728332955685,-6.283214446103989,-6.265765511944798,-588.1486265054174
726.0,-6.2831817039077364,0.010854374219789667,-1.5703553521456541,-6.282725197025995,-6.283214313550716,-6.261179054307317,-588.8848617558258
727.0,-6.28318325937754,0.010981032184643413,-1.57035864601717,-6.27648623846335,-6.283204235207297,-6.252347523035332,-589.6210533986298
728.0,-6.283185505973716,0.011129970018526388,-1.5703431673203976,-6.280227457406208,-6.283208496167443,-6.246294141108481,-590.3572635306413
729.0,-6.283185924549496,0.01117336599811846,-1.570348043663265,-6.281702835322596,-6.283212360806693,-6.246384735835215,-591.0934828452469
730.0,-6.283185875126037,0.01120661546373104,-1.5703503450185528,-6.282306677919715,-6.283213677477547,-6.248764102949187,-591.8297057508669
731.0,-6.283185834924392,0.011230795993960372,-1.5703514093960937,-6.282553874134371,-6.283214112806804,-6.243434950020821,-592.5659299224716
732.0,-6.283185791532989,0.011247616707307936,-1.5703519222922464,-6.282654956632007,-6.283214256103853,-6.237058432533611,-593.3021544851609
733.0,-6.283185744177473,0.01125900400829621,-1.5703522062531496,-6.282696266442183,-6.283214302914219,-6.2370937568251135,-594.0383791317515
734.0,-6.283185694149666,0.011266515682553288,-1.5703524490263077,-6.282713263851863,-6.283214316564483,-6.2394802375144165,-594.7746037701128
735.0,-6.283185646594384,0.011271412579244851,-1.570352664367319,-6.282720275981517,-6.283214320136787,-6.240356460656689,-595.5108283815679
736.0,-6.283185605661853,0.01127459809365765,-1.570352837022538,-6.2827231568680375,-6.283214321327567,-6.238518228471769,-596.2470529686543
737.0,-6.283185574017522,0.01127669704105804,-1.5703529459910293,-6.282724291615573,-6.283214322545389,-6.237735687437444,-596.9832775372271
738.0,-6.2831855520395745,0.011278108165339749,-1.5703529948510724,-6.2827247284352445,-6.283214323785693,-6.244764510646823,-597.7195020918048
739.0,-6.283185528824069,0.01127887255346668,-1.5703531523107577,-6.282725078357728,-6.283214321166426,-6.2402033558504995,-598.4557266433958
740.0,-6.283185514880434,0.011279464447388221,-1.5703531815464946,-6.282725080384179,-6.283214322965988,-6.236321480693935,-599.1919511904604
741.0,-6.283185506553892,0.011279871268188503,-1.5703531878393222,-6.282725057296587,-6.283214323968366,-6.236204092342392,-599.928175733838
742.0,-6.283185500878741,0.011280133796560822,-1.5703531970998965,-6.282725061939676,-6.283214324011654,-6.240237966468415,-600.6644002750849
743.0,-6.283185494226845,0.011280246557688674,-1.5703532509585332,-6.282725157299895,-6.283214322726467,-6.240939442580457,-601.4006248171665
744.0,-6.283185489004091,0.011280318628171063,-1.570353285443915,-6.282725177570393,-6.283214322584905,-6.238074826650205,-602.1368493602014
745.0,-6.283185484893321,0.01128036033996109,-1.5703533104103404,-6.2827251697652615,-6.283214322791506,-6.2305654606975445,-602.8730739042103
746.0,-6.2831854891192345,0.011280544827187438,-1.5703532092581418,-6.282725051040075,-6.2832143258278,-6.238675893380696,-603.6092984426682
747.0,-6.283185486864647,0.011280508291289727,-1.5703532654230505,-6.2827251425419,-6.283214322984827,-6.243724939698642,-604.3455229833609
748.0,-6.28318548330334,0.01128046991757697,-1.5703533124996523,-6.282725207386311,-6.283214322014586,-6.243350560346508,-605.0817475263456
749.0,-6.283185480687791,0.011280451015138075,-1.5703533364827922,-6.282725210710189,-6.283214322249148,-6.237617028535361,-605.8179720706422
750.0,-6.283185483848118,0.011280543522492794,-1.5703532688428437,-6.282725046710049,-6.283214324561145,-6.240620332009957,-606.5541966120901
751.0,-6.283185482189404,0.011280505789717003,-1.5703533063709534,-6.2827251672777535,-6.283214322942077,-6.23902653514495,-607.2904211546892
752.0,-6.283185483855247,0.011280552567720727,-1.5703532713407973,-6.282725076913962,-6.283214324007502,-6.243056241670367,-608.0266456960126
753.0,-6.28318548339928,0.011280535484944497,-1.5703532893821996,-6.282725140259453,-6.283214323059702,-6.2462535235700605,-608.7628702377942
754.0,-6.283185481329972,0.01128049561598455,-1.5703533221020602,-6.282725195193594,-6.2832143223338655,-6.2447308266373,-609.4990947811156
755.0,-6.283185482426396,0.011280528700964132,-1.57035329529313,-6.282725114254762,-6.283214323487061,-6.246353572522474,-610.2353193234682
756.0,-6.283185494455073,0.01128114049299115,-1.5703531801443913,-6.282725057787015,-6.281398078748552,-6.238667093634888,-610.971555437812
757.0,-6.283185475265786,0.011279802765624196,-1.5703534452743242,-6.282725301473149,-6.28250926356639,-6.239940710166429,-611.7077849702009
758.0,-6.283185476588843,0.011280369250470932,-1.5703533143142259,-6.282725061326894,-6.282935654689761,-6.244544611397194,-612.4440114896087
759.0,-6.283185479551662,0.01128050898590714,-1.57035331820329,-6.282725153428347,-6.283111026874697,-6.242585472635949,-613.1802367691957
760.0,-6.283185485587512,0.011280665253468112,-1.5703532281380508,-6.282725077699938,-6.2831830105522455,-6.252958378374928,-613.9164615349471
761.0,-6.283185483809121,0.01128059270047393,-1.5703532895399572,-6.282725174265558,-6.283204923698787,-6.257720460601747,-614.6526861423217
762.0,-6.283185479277173,0.011280486706605307,-1.5703533588950875,-6.282725230448448,-6.28321089409819,-6.25140618546778,-615.3889107112395
763.0,-6.283185499197411,0.011281479751252469,-1.570353111221779,-6.2827249496658695,-6.280498324988668,-6.239156444934301,-616.1251524613463
764.0,-6.283185470191165,0.011279432687852467,-1.5703535412915308,-6.28272542807845,-6.282154387496924,-6.23427062151557,-616.8613844842635
765.0,-6.28318546987482,0.011280250704566534,-1.5703533584615723,-6.282725067131038,-6.282789823089311,-6.22912493855303,-617.597612033781
766.0,-6.283185481368824,0.011280613889509284,-1.5703532368899595,-6.282724937568045,-6.283051137703352,-6.23266136308012,-618.333837732654
767.0,-6.283185481081846,0.011280610718625458,-1.5703532839995944,-6.282725133027416,-6.283158438014886,-6.228540042634179,-619.0700626748749
768.0,-6.28319363423996,0.010540286440601416,-1.5703191822128462,-6.282718100673833,-6.283200423926124,-6.222472234711285,-619.8062970275804
769.0,-6.28317836464437,0.010632705424063978,-1.5703791465502352,-6.282732729453855,-6.283209809496155,-6.219712557486405,-620.5425382945094
770.0,-6.283181144203414,0.010858420058420639,-1.5703676174861496,-6.28272714880782,-6.283212638744306,-6.218642542634939,-621.2787736717407
771.0,-6.283183577515119,0.011008156457118829,-1.5703599914595545,-6.282725103119606,-6.283213674163224,-6.215931640021707,-622.0150047319299
772.0,-6.28318501375956,0.011091915333055346,-1.5703553352196409,-6.28272444600122,-6.283214058614931,-6.20690932792048,-622.7512333238251
773.0,-6.283185353058093,0.011155946516331637,-1.570354250774891,-6.282724572741402,-6.283214221590656,-6.205173430272581,-623.4874604575343
774.0,-6.283185654756105,0.011200158486032816,-1.570353049683185,-6.282724612609982,-6.2832142777954,-6.214132333951036,-624.2236865429471
775.0,-6.2831856704903215,0.011225394997277335,-1.5703535297355213,-6.2818956476624646,-6.283214329089766,-6.22074080155619,-624.9599067499082
776.0,-6.283185834345507,0.01125051688281724,-1.570351585963828,-6.282396426436387,-6.283214245936902,-6.219366373917674,-625.6961294136306
777.0,-6.2831857839749485,0.011259804035543395,-1.57035231122646,-6.282590599079068,-6.28321431697323,-6.215024473545743,-626.4323532733184
778.0,-6.283185709590315,0.011266630744241671,-1.570352589235092,-6.2826699856415384,-6.283214331977692,-6.224419999346064,-627.1685775930534
779.0,-6.283185653879319,0.011271314881304782,-1.5703527955207672,-6.28270258583278,-6.283214329028714,-6.237072281462806,-627.9048020761354
780.0,-6.283185606592093,0.011274379801277977,-1.5703530066557383,-6.282716028284819,-6.283214323710194,-6.238728770530876,-628.6410266148824
781.0,-6.283185572541246,0.011276485064142862,-1.5703530961568497,-6.282721422809939,-6.283214323067562,-6.237020293079944,-629.3772511666006
782.0,-6.283185549404053,0.011277922304814558,-1.5703531223015599,-6.282723564017435,-6.283214323726075,-6.23845882167051,-630.1134757168712
783.0,-6.283185532819838,0.011278870579050426,-1.5703531413103684,-6.282724446205255,-6.283214323769764,-6.244608493274151,-630.8497002630918
784.0,-6.283185515694766,0.011279388043515318,-1.5703532382773444,-6.282724967460365,-6.283214321714817,-6.24198975695525,-631.5859248094911
785.0,-6.283185508341987,0.011279846552768391,-1.5703532051361588,-6.282724972790512,-6.283214323862248,-6.2473278697496335,-632.3221493520064
786.0,-6.283185500143702,0.011280063079405251,-1.5703532536384794,-6.2827251203390535,-6.283214322561939,-6.249743354232964,-633.0583738945019
787.0,-6.283185491922316,0.011280169390574458,-1.5703533102436134,-6.2827252022672555,-6.283214321850445,-6.24455824383545,-633.7945984387437
788.0,-6.2831854931403806,0.011280398061530554,-1.5703532253124852,-6.282725074016917,-6.28321432489714,-6.252479635494843,-634.5308229781845
789.0,-6.283185489336522,0.011280408410653593,-1.5703532792854242,-6.282725163459508,-6.283214322564709,-6.25653837267252,-635.2670475195206
790.0,-6.283185485062978,0.011280406848585799,-1.5703533194787263,-6.282725210420667,-6.283214321966757,-6.255243757617226,-636.0032720627684
791.0,-6.283185488145852,0.011280541374489108,-1.5703532439025023,-6.282725125381816,-6.283214324414745,-6.265873289786184,-636.7394966018965
792.0,-6.283185484898617,0.011280476267847629,-1.570353312018959,-6.2827252135842375,-6.283214321756892,-6.269790436547791,-637.4757211441092
793.0,-6.283185484443485,0.01128049911893728,-1.570353303632958,-6.282725153901677,-6.283214322507285,-6.275397981504445,-638.2119456863231
794.0,-6.283179172090256,0.01125543457601321,-1.569746369170791,-6.282726698199817,-6.28321412357391,-6.274122778016907,-638.948179235764
795.0,-6.28318991455582,0.011299494503288236,-1.5699233554415066,-6.282723640323161,-6.283214560490702,-6.27325463301361,-639.6844049127573
796.0,-6.283187839965228,0.011291078745152033,-1.5700669685253716,-6.2827246643914245,-6.283214372527831,-6.276749189455419,-640.4206305252301
797.0,-6.283186127208022,0.011274997217559826,-1.570165854354083,-6.280057637622839,-6.283211243475035,-6.274830384539802,-641.156839332713
798.0,-6.283185902080906,0.011293856899174625,-1.5702235654780954,-6.281668114624,-6.283212932399238,-6.279846997124827,-641.8930570987073
799.0,-6.283185515431825,0.011283991838126416,-1.5702681941288013,-6.282292810822077,-6.283213883157953,-6.281811465120515,-642.6292792517332
800.0,-6.283185278337049,0.011280176433170043,-1.570297257870452,-6.282548336823922,-6.28321418897714,-6.2826210898989565,-643.365503155194
801.0,-6.283185217461624,0.011279095453006396,-1.5703162425840616,-6.282652841151373,-6.283214283096583,-6.282953621994311,-644.1017276838018
802.0,-6.283185227312666,0.011278931576828823,-1.5703287909120707,-6.282695598419645,-6.2832143095597095,-6.272129571828044,-644.8379524020942
803.0,-6.283185265894177,0.011279184099921055,-1.570337023092682,-6.282713003495707,-6.283214319179894,-6.258518424263608,-645.5741771450545
804.0,-6.283185313253114,0.011279573991529936,-1.5703424125338035,-6.282720065154893,-6.283214323733912,-6.25335853461706,-646.3104018572454
805.0,-6.283185357184968,0.011279914984177854,-1.5703459821442305,-6.282722985012058,-6.283214324855399,-6.260137878572949,-647.0466265282649
806.0,-6.283185385579325,0.011280002017592319,-1.5703484887400851,-6.28272437301166,-6.283214321513581,-6.257405047633218,-647.7828511691313
807.0,-6.283185414912908,0.01128025043662186,-1.5703500221283027,-6.2827247648898545,-6.283214324110607,-6.267488742150921,-648.5190757790874
808.0,-6.283185433837447,0.011280308469047151,-1.5703511337942462,-6.282725005365066,-6.283214322124362,-6.276824249627366,-649.2553003702766
809.0,-6.283185444488466,0.01128030210493763,-1.5703519142575866,-6.282725200292863,-6.283214320703251,-6.277804590956124,-649.9915249495363
810.0,-6.283185450781098,0.011280277835570828,-1.570352443053521,-6.282725180632999,-6.28321432067736,-6.267143955370642,-650.727749521735
811.0,-6.283185457423149,0.011280329929273577,-1.5703527419662322,-6.282725083826247,-6.283214322811492,-6.251650609247737,-651.4639740862999
812.0,-6.283185467342382,0.011280481060167758,-1.5703528568584382,-6.282724999933628,-6.283214325866216,-6.245169144217767,-652.200198640616
813.0,-6.283185474907295,0.011280562681535322,-1.5703529501610989,-6.282724981668541,-6.283214325903253,-6.246874628852639,-652.9364231886798
814.0,-6.283185478799644,0.011280578081016249,-1.5703530455244579,-6.2827250447598475,-6.283214324568377,-6.252711011868054,-653.6726477339442
815.0,-6.283185475908571,0.01128047148082615,-1.570353199113203,-6.282725204911642,-6.283214321808067,-6.247288309997394,-654.4088722817327
816.0,-6.283185479237083,0.011280538996287741,-1.5703531907824386,-6.282725076072202,-6.283214324095795,-6.248297784583006,-655.1450968263821
817.0,-6.2831854792286475,0.0112805122969518,-1.570353245355834,-6.282725156294253,-6.283214323120464,-6.245956623141343,-655.8813213709196
818.0,-6.28318799700793,0.01108388709728764,-1.5703441769767932,-6.282723211320764,-6.283214246177422,-6.248861025640643,-656.6175482876475
819.0,-6.283183840205008,0.011108466817610414,-1.5703601071762372,-6.282727132114626,-6.283214408280656,-6.256912751450858,-657.3537771077796
820.0,-6.283184490998589,0.011168399800602913,-1.5703570804697293,-6.282725696313813,-6.2832143441157635,-6.264609375577294,-658.0900044299262
821.0,-6.2831850783445224,0.0112081197765393,-1.570355108379192,-6.282725231918323,-6.283214320461712,-6.265317288567752,-658.8262306452625
822.0,-6.283185380833975,0.011233822106464487,-1.5703540062901402,-6.282725007532123,-6.283214316498864,-6.266935166369582,-659.5624561849137
823.0,-6.283185517692801,0.011250360527478798,-1.5703534797342298,-6.282725042201779,-6.2832143163266965,-6.263719736333406,-660.2986813194075
824.0,-6.28318556943671,0.011261042666551847,-1.570353227433104,-6.2827250484900405,-6.283214318287774,-6.257370425042735,-661.0349062112077
825.0,-6.2831855825645535,0.011268003040694327,-1.5703530772710919,-6.282724967193211,-6.283214321294851,-6.257238951362129,-661.771130956035
826.0,-6.283185577650371,0.01127251558657184,-1.5703530151011265,-6.282725011146546,-6.283214322675035,-6.266155774464623,-662.5073556123067
827.0,-6.283185562493935,0.011275355903311498,-1.5703530599062816,-6.282725095171911,-6.283214321585503,-6.276251783849719,-663.2435802192324
828.0,-6.283185334254795,0.01127014640092702,-1.5703551422042101,-6.28094650403597,-6.283213205955215,-6.2754471476877605,-663.9797935724542
829.0,-6.2831856513179405,0.011285917078125362,-1.570351136964995,-6.282020278410275,-6.283213752244754,-6.276305638762982,-664.7160129735871
830.0,-6.283185604755741,0.01128114564910213,-1.5703526313441507,-6.2824367723243455,-6.28321416769237,-6.276210139835866,-665.4522354052615
831.0,-6.283185523120206,0.011279540746546031,-1.5703532520094117,-6.282607222245163,-6.283214288560845,-6.270595043136064,-666.1884591114168
832.0,-6.283156279949615,0.011163196554221141,-1.5675422669647565,-6.2826837044608235,-6.2832134000081945,-6.263973793826508,-666.9247255277794
833.0,-6.283185707500988,0.011287018287957307,-1.5664082413060196,-6.282702985119142,-6.283214791220739,-6.268001795443042,-667.6609854575933
834.0,-6.283201013324625,0.011390087681132696,-1.5676433381667227,-6.282710204272616,-6.283215318535278,-6.268170657027654,-668.3972243660866
835.0,-6.283191102859184,0.011336863367640613,-1.5685498700714426,-6.282720408505416,-6.2832144509456995,-6.2700721004476865,-669.1334610403964
836.0,-6.283185499418824,0.011304932882218198,-1.5691539183508425,-6.282724288324094,-6.283214214826615,-6.269582757759574,-669.8696958275306
837.0,-6.283183089391179,0.011288338690286262,-1.5695555337047107,-6.282725415421491,-6.2832141804701145,-6.273364747651282,-670.6059286059483
838.0,-6.283182345871915,0.011280222031663437,-1.5698226690082147,-6.282725780186285,-6.283214200053835,-6.268850462247196,-671.3421595472522
839.0,-6.283182408762095,0.011276856909156488,-1.5700002487898719,-6.282725601905375,-6.283214232485914,-6.268928752104378,-672.0783889368705
840.0,-6.2831828039031485,0.011275816719725188,-1.570118404604289,-6.282725528872978,-6.283214258480012,-6.2669405496492665,-672.8146170846647
841.0,-6.283183293442518,0.011275922345870442,-1.5701970053194045,-6.282725425838312,-6.283214278448552,-6.26225131613455,-673.5508442709428
842.0,-6.283183763775244,0.011276491107548919,-1.5702493083970397,-6.2827253147351145,-6.283214292657789,-6.252410377743787,-674.2870707311106
843.0,-6.283184171608089,0.011277251931351144,-1.5702840718094475,-6.282725220383036,-6.28321430374932,-6.242843333593848,-675.0232966499973
844.0,-6.283184505959297,0.011278028597775974,-1.5703071609875268,-6.2827250796544885,-6.283214311838261,-6.241647946425184,-675.7595221706496
845.0,-6.28318476769798,0.011278685200554197,-1.5703225323875776,-6.282725089399089,-6.2832143161248615,-6.249579860582066,-676.495747402565
846.0,-6.2831849622579865,0.01127910405014667,-1.5703328454690835,-6.282725184301076,-6.283214316565763,-6.253979318090342,-677.2319724317015
847.0,-6.2800363906719285,0.01131908212385159,-1.57030355881925,-6.282724342958637,-6.28321450198066,-6.254593276893536,-677.9697300991987
848.0,-6.277125751823612,0.011297650582538966,-1.5703296149615038,-6.282724769938942,-6.283214322652478,-6.246221398492919,-678.7090200714034
849.0,-6.278612169336646,0.011237299496572765,-1.570387104450532,-6.282726087807908,-6.2832140627196384,-6.237452044808068,-679.4476745839467
850.0,-6.280213177644152,0.011257713302103588,-1.5703684481244427,-6.28272549537982,-6.283214277897844,-6.237513965324569,-680.1854797489258
851.0,-6.281257787133553,0.011272363606790079,-1.5703572940400925,-6.282725211011897,-6.2832143380861805,-6.233012055435589,-680.9227295235282
852.0,-6.281935071763278,0.011271625294133326,-1.5703542312946022,-6.2806742342719915,-6.28321259060488,-6.236712808404402,-681.6596060503531
853.0,-6.282374830415424,0.011291499743079818,-1.5703475205310151,-6.2819123816946005,-6.2832135137162215,-6.243329267056345,-682.396255876052
854.0,-6.282659736135738,0.011286071532639805,-1.5703487640198268,-6.28239265697398,-6.283214096613639,-6.247299034688048,-683.1327576429017
855.0,-6.28283159003592,0.011232716485861317,-1.5691139241953007,-6.282592108745483,-6.283213867970296,-6.251423822317029,-683.8691810993682
856.0,-6.282973295077154,0.011321364281614942,-1.5694750307665684,-6.282666439274589,-6.283214802505557,-6.253928432100768,-684.6055253079727
857.0,-6.283046801586591,0.011303535285268064,-1.569768130682499,-6.28270158210338,-6.28321442653579,-6.250001601166914,-685.3418282221754
858.0,-6.282617974771974,0.011297627604550763,-1.569958533627666,-6.282715684727279,-6.283214341795877,-6.237656356901478,-686.078336438667
859.0,-6.2827233791670976,0.011262723086104633,-1.5696421802333456,-6.282722625006374,-6.2832141119840745,-6.232847913149095,-686.8148131334247
860.0,-6.2828908060028095,0.011294033760081907,-1.5698599471648542,-6.282722636366368,-6.283214462511256,-6.232077803734354,-687.5511986050908
861.0,-6.282993310086452,0.011276174485480097,-1.5700274329745745,-6.2798164374834196,-6.2832107098594205,-6.242435979042581,-688.2875096616476
862.0,-6.283060614302744,0.011295669773104047,-1.5701307329431646,-6.281572753757102,-6.283212462358899,-6.246831579615348,-689.0237942022073
863.0,-6.283104081170767,0.011284470269522085,-1.5702062692964363,-6.2822537754063195,-6.283213711133061,-6.252998225410213,-689.760059942212
864.0,-6.283132338949971,0.011280079579010156,-1.5702559489383194,-6.282532407471183,-6.283214124301815,-6.2591839502604225,-690.4963122637755
865.0,-6.283150798167796,0.011278729944617923,-1.570288732760132,-6.282646455520538,-6.283214255950138,-6.255482744732099,-691.2325553073589
866.0,-6.283162856102965,0.011278687132038194,-1.5703103288961946,-6.282692892835495,-6.283214300523556,-6.25751899571608,-691.9687920756445
867.0,-6.2831707241804775,0.011278957145203732,-1.570324695059274,-6.282711972159459,-6.283214313690584,-6.259946212808137,-692.7050246604724
868.0,-6.2831758562609945,0.01127928553098222,-1.5703342548691046,-6.282719780493869,-6.283214317972102,-6.261286980905026,-693.4412544791193
869.0,-6.283181189038345,0.011124042115470214,-1.5703335025744904,-6.28272152761342,-6.283214257259158,-6.253431669693966,-694.1774843546194
870.0,-6.283180086304918,0.011143764796456982,-1.5703502808319252,-6.28272581182646,-6.283214388770388,-6.249660627312081,-694.9137145394403
871.0,-6.283182024162252,0.011191347385281958,-1.570350691151235,-6.2827252132114655,-6.283214339205221,-6.242543723800382,-695.6499427582366
872.0,-6.283183422244292,0.011223010246110034,-1.570350909760504,-6.28272487839948,-6.2832143233290765,-6.242917400750602,-696.3861695865463
873.0,-6.283174346066451,0.011204000225595461,-1.5693972301275552,-6.282727271214119,-6.283214005976423,-6.235418731964873,-697.122409724183
874.0,-6.283191740038142,0.011286499771823388,-1.5696757979435152,-6.282722480421339,-6.283214693700544,-6.238591336161779,-697.8586369398787
875.0,-6.283188774765675,0.011281650471358675,-1.5699019962036862,-6.2827243482361785,-6.28321439608184,-6.239080719728911,-698.5948637147263
876.0,-6.283186747518203,0.011278322500769553,-1.5700530405055937,-6.282725008226677,-6.28321431048759,-6.243093567177195,-699.3310902916419
877.0,-6.283185722538302,0.011277180750177964,-1.5701534892505675,-6.282725259690996,-6.283214292662187,-6.255781887406752,-700.0673165451852
878.0,-6.283185252373278,0.011276982360512975,-1.5702204013682186,-6.282725366950129,-6.283214292057229,-6.261901685456412,-700.8035424601632
879.0,-6.283185079051382,0.011277332438534807,-1.5702648849599272,-6.282725332950542,-6.283214298893674,-6.265263916104986,-701.5397680658243
880.0,-6.283185054623688,0.011277885282712605,-1.5702944552465417,-6.282725250807232,-6.283214306105706,-6.269778674058786,-702.2759934110859
881.0,-6.283185095150347,0.011278423225895671,-1.5703141436914358,-6.282725234007213,-6.283214311031885,-6.273321471777318,-703.0122185492943
882.0,-6.283185159723077,0.011278920467164928,-1.5703272291579848,-6.282725182279351,-6.283214315044081,-6.278733515533479,-703.7484435271593
883.0,-6.283185223925935,0.01127927740389688,-1.5703359784640456,-6.282725238976851,-6.283214316685444,-6.278948637370989,-704.4846683859346
884.0,-6.2831852825027035,0.01127959366374756,-1.5703417760680312,-6.282725192988744,-6.283214319057192,-6.277612634168203,-705.2208931556473
885.0,-6.283185328166495,0.011279768910468975,-1.5703456821047226,-6.28272516561688,-6.283214319546439,-6.265979428548719,-705.9571178631588
886.0,-6.283185368020992,0.011280011727260215,-1.570348203320489,-6.282725112090316,-6.283214322673262,-6.25574277704963,-706.6933425212602
887.0,-6.283185401207959,0.011280222306187295,-1.570349853469232,-6.282725021299963,-6.283214324538005,-6.252487205770133,-707.4295671427857
888.0,-6.283178511393455,0.011253430652839035,-1.569684436620959,-6.282726524439281,-6.281822680061317,-6.258284487431229,-708.1658105094266
889.0,-6.283190301043361,0.01130064539031743,-1.5698798688814397,-6.28272373898587,-6.282676936713026,-6.254875692007995,-708.9020401462474
890.0,-6.283188031043813,0.01129179616519544,-1.5700380072559148,-6.282724683628324,-6.283004552418284,-6.246968892650351,-709.6382673856356
891.0,-6.283186505937646,0.011285866845720133,-1.5701435656529048,-6.282725047625741,-6.283139286688966,-6.241985553760445,-710.3744936693058
892.0,-6.2831857256218715,0.011282663444186939,-1.570213767448588,-6.282725144114803,-6.283193960814026,-6.2413836661835145,-711.1107194222051
893.0,-6.283185361765121,0.011280991744631312,-1.5702604912925113,-6.282725232501157,-6.283207349397199,-6.238909979558497,-711.8469448905475
894.0,-6.283185223604395,0.011280272327157198,-1.570291514647582,-6.282725138749825,-6.2832117682028095,-6.243909793889541,-712.5831701410164
895.0,-6.283185190520181,0.011279869399440527,-1.5703122609815559,-6.282725263305934,-6.2832133817670535,-6.23752243702453,-713.3193952221349
896.0,-6.283185214064315,0.011279862544415067,-1.5703259653664838,-6.28272515095391,-6.283213976522292,-6.234674509346386,-714.0556201649737
897.0,-6.283185256152355,0.011279923696115524,-1.5703351046255232,-6.282725146501027,-6.283214194404033,-6.2319150797796805,-714.7918450015715
898.0,-6.2831853036121075,0.011280071421261664,-1.5703411472318016,-6.282725062273669,-6.283214275684979,-6.23634589917904,-715.5280697561054
899.0,-6.283185341828174,0.011280105221897341,-1.5703452515147376,-6.282725202712024,-6.28321430357703,-6.234186782848441,-716.2642944529664
900.0,-6.283185379898114,0.011280291183276614,-1.5703478747566977,-6.282725110016272,-6.283214317012295,-6.243716608365019,-717.0005191023048
901.0,-6.283185084902746,0.011269494952292283,-1.570352789414974,-6.279969497678209,-6.283211047557494,-6.243799736542374,-717.7367263490356
902.0,-6.283190044448633,0.010945681124338896,-1.5703318337884693,-6.281629901061967,-6.283212729395135,-6.241443471961639,-718.4729471224152
903.0,-6.283182685407027,0.010980492239258049,-1.5703628779939065,-6.282281918963152,-6.283214023775607,-6.250234814374742,-719.2091759523645
904.0,-6.283183729342847,0.011082783521548773,-1.5703590119865434,-6.282543425890161,-6.283214229832573,-6.243729151247184,-719.9454041173906
905.0,-6.283184748861968,0.011152187583121548,-1.5703559124697133,-6.282650313144494,-6.283214290502658,-6.252188200934934,-720.6816311109891
906.0,-6.283185282415458,0.011197386991230041,-1.5703542612857457,-6.282694276514356,-6.283214306167334,-6.26206178718662,-721.4178572255076
907.0,-6.2831855283908675,0.011226665174108917,-1.570353477442117,-6.2827124664182925,-6.2832143105404,-6.262327075828027,-722.154082747605
908.0,-6.283185626786436,0.011245701264296196,-1.5703530759651139,-6.282719842106986,-6.2832143150456945,-6.2613139925782715,-722.8903078859768
909.0,-6.283185649967001,0.011258023469425666,-1.5703529244824594,-6.282722901526641,-6.283214317833096,-6.259356494335981,-723.6265327842068
910.0,-6.283185637261388,0.011265968510054018,-1.570352918087441,-6.28272420565618,-6.283214319375857,-6.253554145203518,-724.362757536461
911.0,-6.283185614106882,0.011271154635653423,-1.5703529222379522,-6.282724662885343,-6.283214321748361,-6.251158396658443,-725.0989821993317
912.0,-6.283185589662448,0.011274524061028803,-1.5703529464997665,-6.282724850410788,-6.283214323004238,-6.255211272009585,-725.835206808295
913.0,-6.2831859768342,0.011244097945661096,-1.5703515829584764,-6.282724796671745,-6.283214308327962,-6.250090110183494,-726.5714317809392
914.0,-6.283185271000576,0.011249584704082667,-1.5703542318617945,-6.282725381011199,-6.2832143372113505,-6.249397763600702,-727.3076570493635
915.0,-6.283185360862683,0.011260349515414488,-1.5703538004412414,-6.2827252335908605,-6.2832143261900235,-6.244087794991162,-728.0438820620517
916.0,-6.283184974484735,0.011265653263126481,-1.5703080498344362,-6.282725195625018,-6.283214308771563,-6.240842541468978,-728.7801075575707
917.0,-6.283185818547844,0.011273548305457244,-1.570321157801574,-6.282724990144648,-6.28321434021948,-6.2351258128362455,-729.5163323506983
918.0,-6.281917748612135,0.011291698076435241,-1.570317442832191,-6.2827246766922515,-6.283214399526117,-6.221749563003302,-730.2531744570639
919.0,-6.282127761010691,0.01126719038823897,-1.5703489598467861,-6.282725215257938,-6.283214244887282,-6.214996084752376,-730.9899613264666
920.0,-6.2824971693107665,0.011272299485524622,-1.570349003019188,-6.2827251735443115,-6.2832143053702705,-6.212224397111196,-731.7265521711666
921.0,-6.282739056184404,0.011276686531782617,-1.5703490017780546,-6.282725071437114,-6.2832143240554394,-6.213606052463312,-732.4630142869008
922.0,-6.282895957679344,0.011279088774262489,-1.5703494637602913,-6.282725089075849,-6.283214328821609,-6.225239426189916,-733.1993928963352
923.0,-6.2819286089269735,0.011293498525394534,-1.5703380691819429,-6.282724906146089,-6.283214388295657,-6.228926265469385,-733.9362379056903
924.0,-6.282171762675459,0.011272013131304206,-1.5703593287148148,-6.28272534429683,-6.283214258701651,-6.231992813811351,-734.6730012701944
925.0,-6.282526081946672,0.011275613622081727,-1.5703559553017108,-6.282725335883566,-6.28321430914114,-6.229764688626603,-735.4095766105924
926.0,-6.282757815882068,0.011278761051524719,-1.5703537454527134,-6.282725207657888,-6.2832143250597605,-6.224352924535681,-736.1460286643598
927.0,-6.282908127936396,0.011280409068555243,-1.5703526686429203,-6.282725035257439,-6.283214330161018,-6.2285072547108875,-736.8824007456029
928.0,-6.283005608148487,0.011281128607348631,-1.5703522791485516,-6.2827251157732,-6.283214329374933,-6.241232456035006,-737.6187209649611
929.0,-6.283068818764232,0.011281194504388341,-1.5703523549459866,-6.2827252810412695,-6.283214324428191,-6.240322063890023,-738.355007559859
930.0,-6.28310981666346,0.01128121156063377,-1.5703524369928423,-6.282725161800351,-6.283214325137448,-6.240376500094436,-739.0912723457126
931.0,-6.2831364077949425,0.011281157343033138,-1.570352557785687,-6.282725106716399,-6.283214325223105,-6.244220318232028,-739.8275229867862
932.0,-6.283153654360514,0.011281067050728958,-1.5703526921577486,-6.2827251158191775,-6.283214324649643,-6.252402270949052,-740.5637644543959
933.0,-6.2831648362042305,0.011280883936530428,-1.570352883627327,-6.282725226525534,-6.283214322431243,-6.253499567346631,-741.2999999759882
934.0,-6.283172090001632,0.011280790592928467,-1.5703529900031572,-6.282725174763635,-6.283214322987214,-6.253802192558673,-742.0362316398845
935.0,-6.283176799381066,0.011280809691126945,-1.5703530073880216,-6.282725133116394,-6.2832143246558125,-6.265038023721281,-742.7724607976284
936.0,-6.283179849734017,0.011280684552775451,-1.570353125590527,-6.282725190455757,-6.283214322180779,-6.272219364689669,-743.5086883350192
937.0,-6.2831818231804535,0.011280514116975265,-1.5703532680748071,-6.282725245502228,-6.283214320314108,-6.264004787711957,-744.2449148251412
938.0,-6.283183106457423,0.011280510640129238,-1.5703532773065894,-6.282725153689924,-6.283214322799917,-6.252872820033266,-744.981140631819
939.0,-6.28318394132766,0.011280552550566762,-1.570353251521673,-6.282725090538777,-6.283214324671784,-6.244160692404304,-745.7173659930979
940.0,-6.283184488180173,0.011280680085507457,-1.5703531622367342,-6.282725009292127,-6.283214326765602,-6.251774531532236,-746.4535910613989
941.0,-6.283184833904893,0.01128052768316104,-1.5703532850296669,-6.2827251861341,-6.283214322259028,-6.246751201008272,-747.1898159486623
942.0,-6.283185063164132,0.011280582348453493,-1.570353243054009,-6.282725060866414,-6.283214324337035,-6.249016179923946,-747.9260407133028
943.0,-6.283185206982971,0.011280485397290799,-1.570353320592398,-6.282725169503338,-6.283214322218116,-6.240860773862561,-748.6622654028121
944.0,-6.283185307723635,0.011280614702424764,-1.5703532236584143,-6.282725042487944,-6.283214325531803,-6.246946413660564,-749.3984900364362
945.0,-6.2831853670786515,0.011280523041937834,-1.5703532990355114,-6.2827251941569315,-6.2832143225459856,-6.245034273281786,-750.1347146399625
946.0,-6.283185409245981,0.011280569348662436,-1.5703532612809885,-6.28272507291336,-6.283214324000653,-6.249685039135596,-750.8709392207812
947.0,-6.283185436289198,0.01128057022520757,-1.5703532646248834,-6.282725106318997,-6.2832143233948194,-6.256950555941042,-751.6071637873088
948.0,-6.283185448442294,0.011280459545959652,-1.5703533516646373,-6.282725242473054,-6.283214321129082,-6.252047803773576,-752.3433883488466
949.0,-6.2831854610168385,0.011280517927172768,-1.5703533034488986,-6.282725112284796,-6.283214323572604,-6.251632528223651,-753.0796129026909
950.0,-6.2831854672856515,0.011280496817960296,-1.5703533212283207,-6.28272516865238,-6.283214323028092,-6.247367978225902,-753.8158374531841
951.0,-6.283185474497818,0.011280557604508265,-1.5703532718448288,-6.282725057964459,-6.283214324454856,-6.24978477117452,-754.5520619992209
952.0,-6.283185476144707,0.011280518707750679,-1.5703533048101048,-6.282725161171025,-6.2832143230314825,-6.248184447440028,-755.2882865447767
953.0,-6.28318547830066,0.011280555713151893,-1.5703533035657378,-6.282725166034778,-6.283053985550047,-6.24349979276971,-756.024512125905
954.0,-6.283185479610548,0.01128048601700619,-1.570353288432899,-6.282725085940106,-6.28316225243554,-6.244859147699081,-756.7607370457832
955.0,-6.283185477643523,0.011280480079291477,-1.5703533272897838,-6.282725170239012,-6.28320037586054,-6.238596533183299,-757.4969616908116
956.0,-6.283185478065735,0.011280494938495216,-1.5703533205752627,-6.282725132910526,-6.283209316046999,-6.229793415817694,-758.2331862710466
957.0,-6.2831854799559945,0.011280538384140034,-1.5703532857988969,-6.282725075012932,-6.283212494107573,-6.223747045811865,-758.9694108269128
958.0,-6.283185480326368,0.011280540240077217,-1.5703532837639709,-6.282725095223631,-6.283213655150888,-6.217284788629201,-759.705635374239
959.0,-6.283185483162062,0.011280594879732452,-1.5703532397112019,-6.282725016432044,-6.283214080611917,-6.218279509960307,-760.4418599166064
960.0,-6.283185481923845,0.011280550799603993,-1.5703532768348158,-6.2827251306859475,-6.283214234145279,-6.216165025814786,-761.1780844591269
961.0,-6.283185485796728,0.011280633760023476,-1.5703532160883988,-6.282725082872111,-6.2832142923899905,-6.2258456049011475,-761.914308997912
962.0,-6.2831854855764675,0.011280587619896,-1.5703532545250096,-6.282725139083331,-6.283214310992955,-6.235815267492298,-762.6505335380721
963.0,-6.283185483554797,0.011280530977946748,-1.570353300384165,-6.2827252000793115,-6.283214317346396,-6.242482957581354,-763.3867580802622
964.0,-6.283185481708776,0.011280492181416414,-1.5703533309058215,-6.282725222750833,-6.283214319929316,-6.245032069671449,-764.1229826238321
965.0,-6.283162776565932,0.011190304213967658,-1.5681686575377127,-6.282730463944965,-6.283213607542585,-6.2480462440047635,-764.8592398533103
966.0,-6.283201431147377,0.011348905826776017,-1.568805806896416,-6.282719753846572,-6.283215177475732,-6.238136793686758,-765.5954686704374
967.0,-6.2831939667080015,0.011318544267207489,-1.5693227230407052,-6.28272348129778,-6.283214500629602,-6.240140694109081,-766.3316971472914
968.0,-6.283188918963012,0.01129830135354522,-1.5696679322407883,-6.282725096800581,-6.283214299779865,-6.2413912071013495,-767.0679256088122
969.0,-6.283186328191038,0.011287430928025359,-1.5698974855096524,-6.282725536010256,-6.283214255375616,-6.240694724929726,-767.8041536150197
970.0,-6.283185119002547,0.011281909654133877,-1.570050146287588,-6.282725586160712,-6.283214258104647,-6.23306783663688,-768.5403810150583
971.0,-6.283184653642634,0.011279539522657643,-1.5701515328076432,-6.28272538475835,-6.2832142756021705,-6.241111947144923,-769.2766078080438
972.0,-6.283184551209822,0.011278519606795849,-1.57021909367916,-6.282725393981973,-6.283214286639825,-6.244951551728091,-770.0128340766686
973.0,-6.283184618704051,0.011278325784999932,-1.5702640170371427,-6.282725335593046,-6.283214297260537,-6.246709445848457,-770.7490599147192
974.0,-6.283184753773889,0.011278556742774412,-1.5702938568788558,-6.282725222854631,-6.283214306230083,-6.254087690120339,-771.4852854115942
975.0,-6.283184896481071,0.011278823540535865,-1.5703137740334487,-6.282725272360512,-6.283214310319174,-6.256616059242417,-772.2215106506153
976.0,-6.2831850294818485,0.011279186030992785,-1.5703269771368953,-6.282725175923905,-6.283214315049562,-6.2624144121923235,-772.9577356946514
977.0,-6.283185137486802,0.011279428114204782,-1.5703358277637294,-6.282725269121589,-6.283214316325639,-6.260235450854616,-773.693960597603
978.0,-6.283185226956524,0.011279719792611666,-1.5703416520176388,-6.282725151749407,-6.283214319648881,-6.260539859642884,-774.430185395425
979.0,-6.28318529954596,0.011280014845179698,-1.5703454839915618,-6.28272513074221,-6.283214322196847,-6.271630537642485,-775.1664101142412
980.0,-6.283185344554465,0.011280000148043801,-1.570348207251361,-6.282725246275563,-6.283214318830198,-6.265080312775111,-775.9026347862837
981.0,-6.283185381159164,0.011280130789563022,-1.5703499199016413,-6.282725170987129,-6.283214321474776,-6.254972481541171,-776.6388594203848
982.0,-6.281088283737318,0.01130658580322529,-1.5703270599086365,-6.282724515565782,-6.283214446079411,-6.2474407081262875,-777.376105040634
983.0,-6.28143583133891,0.011263595137741214,-1.5703681696747795,-6.282725336472337,-6.283214194178613,-6.249977813080709,-778.1132593543239
984.0,-6.282046921603507,0.011270227905022537,-1.570361008455184,-6.282725380561544,-6.283214292465048,-6.24011265112481,-778.8500895633553
985.0,-6.282447056155257,0.011276452336052921,-1.5703560327467478,-6.282725046614663,-6.283214326841701,-6.242113893321373,-779.586706918881
986.0,-6.2827065963528135,0.011279631807797034,-1.5703535553308572,-6.282725081632358,-6.2832143334685195,-6.253942988371989,-780.3231861981884
987.0,-6.282874908071476,0.011281036041407387,-1.5703524943851803,-6.282725174554725,-6.283214331352226,-6.269917632088735,-781.0595759376607
988.0,-6.282984053006801,0.011281392051019206,-1.5703522605557272,-6.282725315085028,-6.2832143257575455,-6.268650497687013,-781.7959076183478
989.0,-6.2830548390779075,0.011281483209643447,-1.5703522388486455,-6.282725236485059,-6.2832143258741295,-6.262212423855127,-782.5322016445377
990.0,-6.283100747284467,0.011281388473966631,-1.57035236049344,-6.282725137414237,-6.283214325683922,-6.2504954023295225,-783.2684712515893
991.0,-6.283130525872229,0.011281337446401316,-1.5703524498594275,-6.282725025739777,-6.283214327369713,-6.247132722464674,-784.0047250180824
992.0,-6.283149839731506,0.011281218962798701,-1.5703525882900817,-6.2827250200360325,-6.283214326545864,-6.2503245973202235,-784.740968512163
993.0,-6.283162364525135,0.011281054838604386,-1.5703527562619721,-6.282725095166584,-6.283214324693319,-6.25466674737591,-785.4772053459124
994.0,-6.283170484366873,0.011280851687750544,-1.5703529461401922,-6.282725220618194,-6.283214322625242,-6.250581994622833,-786.2134378627372
995.0,-6.282019726958674,0.011295205072452954,-1.5703398945278726,-6.2827248486191225,-6.283214390836574,-6.2440350598372705,-786.950230475704
996.0,-6.278258812536664,0.0113213290648142,-1.5703166703429512,-6.282724148049987,-6.2832144850001805,-6.251208141792712,-787.6888958387108
997.0,-6.279253437612054,0.011243602255244074,-1.570388704526579,-6.282725912994751,-6.283214059952448,-6.257189476230665,-788.4272093714249
998.0,-6.280628138575655,0.011259468205858093,-1.570371302735119,-6.282725729718054,-6.283214266605654,-6.254567430159998,-789.1647939391137
999.0,-6.281526899597315,0.011272621558454852,-1.570360003385928,-6.2827251790339425,-6.283214331346888,-6.258163062777213,-789.1647939391137
