time,shoulder link,upper arm link,forearm link,wrist1 link,wrist2 link,wrist3 link,total_reward
0.0,-7.406551696352816e-06,6.030084618622773e-05,-1.257065149514047e-05,-6.408652901908051e-06,7.0401935537523395e-06,-4.695566270117108e-08,-0.9111607981031667
1.0,-0.0027466602824848026,0.004565325902405739,-0.005045228647532647,-0.005709453901699549,-0.0111081979373329,-0.011109957168751242,-1.8214699080480905
2.0,-0.010420280911542951,0.008723673133616744,-0.013848109801513936,-0.01905074805370853,-0.026797070149679497,-0.026790234834336624,-2.727627399073429
3.0,-0.022241687883673637,0.011358792759907848,-0.02604790304004934,-0.035669217414326625,-0.044369023214649424,-0.044359387646873735,-3.6261150463571976
4.0,-0.027777158568418545,0.012871634820027926,-0.040568252400300056,-0.04563729192184267,-0.05277041777679643,-0.06270927182959493,-4.519405698794309
5.0,-0.03442334948959849,0.013312067435276718,-0.051302587740876184,-0.05119561422577036,-0.06256547902849988,-0.07141634881712032,-5.407251644836145
6.0,-0.04532647780915671,0.01411476051759291,-0.06454038646440127,-0.06026392967725948,-0.07762419824304208,-0.08606865315349604,-6.286828783742811
7.0,-0.059166360966950805,0.014588846399907627,-0.07957859926562424,-0.07503536873730181,-0.09277029470911141,-0.10321186939783711,-7.156069360022659
8.0,-0.07361471010065213,0.014831106826033934,-0.09591851736437243,-0.09223827791520842,-0.09944405454338545,-0.1143653966946328,-8.014497146881013
9.0,-0.08918694127266892,0.014655894986351357,-0.10984188249424408,-0.11043887765272757,-0.11327661362135649,-0.12997010041029433,-8.861438136079192
10.0,-0.10596817090876043,0.014775155842898378,-0.12422958525793522,-0.1271262971009116,-0.12571565577218966,-0.14022324620106993,-9.69612725928399
11.0,-0.1235443157450993,0.014690534080029152,-0.13693499117482624,-0.1450764778964501,-0.13077131857174729,-0.15546405945092245,-10.518434351708583
12.0,-0.14163176697820298,0.01492705145313457,-0.15157719349913404,-0.16038590802045233,-0.14395083022367308,-0.17284908085659484,-11.327479892681914
13.0,-0.16002610388095545,0.015048781920782451,-0.16758804611617947,-0.17555019297563443,-0.16048963603491195,-0.19112273668835486,-12.122588622593097
14.0,-0.17861714631015405,0.01499431093499725,-0.18362691232788045,-0.18739690580597676,-0.17462198297409284,-0.20976381162265276,-12.903453239113722
15.0,-0.19731682113622384,0.014847546087764492,-0.1981955615758202,-0.20328224543457984,-0.19148795398607904,-0.2226449625539057,-13.670167075484951
16.0,-0.21609644547243373,0.013464705419471408,-0.21394140763218725,-0.22091184099655872,-0.20371969745169424,-0.23895575096766786,-14.422117330442203
17.0,-0.23493020446472532,0.013365033730130631,-0.23000085684956828,-0.23496245737040752,-0.21976187718707946,-0.24823605980904145,-15.159361621959768
18.0,-0.2510843628063615,0.013689861123807143,-0.24346935287133034,-0.2517655113329621,-0.2374825332556139,-0.2572854101821331,-15.88404971995198
19.0,-0.26596077489785347,0.014260728401050663,-0.2586024610981524,-0.26442390643272906,-0.25589832094771486,-0.2680031104217994,-16.596744205689664
20.0,-0.28173791899318945,0.014630295213704767,-0.27497894640817105,-0.2806399587750659,-0.27459966438686123,-0.283449387780729,-17.296626936991142
21.0,-0.29865342184742216,0.01478664063478473,-0.29220229802976666,-0.292136639431677,-0.29341746783621103,-0.30091977329899877,-17.982598869311463
22.0,-0.31440004032857327,0.01484445753774887,-0.30941806174488373,-0.3078668113645561,-0.3048306310475845,-0.3178947196042557,-18.655391139719402
23.0,-0.3304990631997915,0.014904941360983859,-0.32716126431232045,-0.3254477155205459,-0.3205515033833367,-0.33597619492493597,-19.314666116436246
24.0,-0.34758096532155736,0.014839028178910392,-0.34438442172066314,-0.3438009360519548,-0.3347581829346589,-0.3545372463403467,-19.959826514558323
25.0,-0.3653366691881942,0.014501752025776787,-0.35775886131570284,-0.36248507523971135,-0.3489903213005559,-0.3732971593392038,-20.591040260248736
26.0,-0.3835450234625073,0.014726610618554762,-0.372785510699727,-0.37572233854746595,-0.3659185109989702,-0.39213915138216593,-21.207826140227763
27.0,-0.4020111475998906,0.014903553605685972,-0.38907952748022884,-0.3921756309072603,-0.37669448672918987,-0.4110151359472436,-21.809821469530178
28.0,-0.416371178104825,0.01495551536679756,-0.4061832989441168,-0.4080408087259388,-0.392152850742514,-0.4255029380386821,-22.398990225468392
29.0,-0.42930805162992375,0.014675419679145485,-0.4206786696244228,-0.4256487260218964,-0.4096294128486239,-0.44250380618705293,-22.976705788616805
30.0,-0.4398182263243174,0.014444919114261025,-0.43251929943735873,-0.43697231471541786,-0.42664736750979704,-0.4572316831636355,-23.544891169930757
31.0,-0.45170575513929156,0.014573288424887306,-0.4442977216581405,-0.45260666522969045,-0.43785685743868535,-0.47434900022722337,-24.10319905702442
32.0,-0.4607251340699481,0.014787412538131905,-0.45744563887978623,-0.4697280816838007,-0.453412380645913,-0.49065347949758886,-24.652790582649146
33.0,-0.4711438793966805,0.014939350069396918,-0.47251236150098147,-0.4878583167143367,-0.47092709683723427,-0.5084487825805484,-25.192570500762102
34.0,-0.4845645782941828,0.014966315381534308,-0.4888758191483279,-0.5064397544840872,-0.4892550424953,-0.5268912613213542,-25.720259290786167
35.0,-0.4986820166196626,0.014870633799836275,-0.5052869979123208,-0.5252164614867081,-0.5053446668823941,-0.5444710897738448,-26.235244935040217
36.0,-0.5107398358295505,0.014870977464757894,-0.5224672239424738,-0.5440590120542659,-0.5182937881127027,-0.562805963577172,-26.738586436646717
37.0,-0.523934544557751,0.014762303423152998,-0.5402628177722347,-0.5532024916720049,-0.5309380392388696,-0.572389046303339,-27.229563403745264
38.0,-0.5391513908122906,0.01473303226766875,-0.5583943336864401,-0.5650428778216279,-0.5471907802873239,-0.5873851855653033,-27.706777714388032
39.0,-0.5540915900141586,0.014705680211225453,-0.5767739370394492,-0.5784430699813435,-0.5614817896183739,-0.6028983334045191,-28.170239667002804
40.0,-0.5698164258879068,0.014500341613617134,-0.5934145752204186,-0.5950342104678931,-0.5725710823202871,-0.6037368420045317,-28.619844521554374
41.0,-0.5842788873174606,0.014564597139469585,-0.6106881026148432,-0.61296357787079,-0.5881465727069988,-0.6083715381922185,-29.056136511120656
42.0,-0.5964162252200235,0.01417746349171721,-0.624099534796264,-0.6263046210232701,-0.6056706257002598,-0.607436260730004,-29.481150455846418
43.0,-0.6086354462398117,0.01442371361747791,-0.6391265827182443,-0.6427701610500633,-0.6149325199217531,-0.6074541659057312,-29.89499695985379
44.0,-0.6227802283434729,0.01450256635958779,-0.6553217114490257,-0.658531750120278,-0.6297973017450523,-0.605595471693237,-30.296087038726508
45.0,-0.6386583420453469,0.014417209742178675,-0.6709885114949435,-0.6761033358891808,-0.6467082312475911,-0.6125220549948593,-30.683289199796217
46.0,-0.6518113278893268,0.011580390799060796,-0.6814180621799425,-0.6875259938395522,-0.6647862372159121,-0.6207871395921254,-31.058165640257997
47.0,-0.6655649119739144,0.011633955397586491,-0.6922565831019423,-0.6969258274239037,-0.6833373387172599,-0.6326928419557042,-31.421654756568124
48.0,-0.6811604442993306,0.012762121299981066,-0.7047905819015797,-0.7117193090299392,-0.7020995987826584,-0.6438880416194529,-31.772772735852552
49.0,-0.695502813558647,0.013517325009049976,-0.7190906879048291,-0.728927020339836,-0.7179535620256065,-0.6504798525398672,-32.11155865912302
50.0,-0.7105710014240723,0.013917500689571994,-0.7349753804324798,-0.7466621887358654,-0.7355394923740788,-0.6588984935778238,-32.43709901977494
51.0,-0.7269998269993121,0.014076550676362258,-0.7515667735922215,-0.7650658291884879,-0.753895982597423,-0.654492716137967,-32.748251552050164
52.0,-0.744353120656351,0.014164601861814227,-0.7689103248941602,-0.7837588667183992,-0.768269010552516,-0.6567453504844261,-33.044323311331844
53.0,-0.7622578169059603,0.014178132646987729,-0.7867789029205355,-0.8024714658702806,-0.7852246995467153,-0.6491767503656318,-33.324790113243374
54.0,-0.7805281564172735,0.014156653135304561,-0.8049993577886846,-0.8212890521177155,-0.7991699560698877,-0.637832612355492,-33.589422005867505
55.0,-0.7968260965897365,0.009995140802086631,-0.8230403154125739,-0.8400674134317564,-0.8159595715266117,-0.6361813733790658,-33.83742624049681
56.0,-0.8109709884819615,0.008139995556132632,-0.8421715464543759,-0.8534241946803824,-0.8289446238818774,-0.6284627680791295,-34.070809552751435
57.0,-0.8255307684228028,0.002665580960184377,-0.860466860449968,-0.8621757225061216,-0.8377405416093321,-0.6142534806235738,-34.28851142201358
58.0,-0.837876055156498,-0.004102333384936003,-0.8793706497292123,-0.8768858275496594,-0.8499575353185176,-0.6089985653541206,-34.490632194650594
59.0,-0.8513701895092438,-0.010876028249271702,-0.8983920441047126,-0.8925851271056755,-0.8660474567537394,-0.608062481118969,-34.67670174498445
60.0,-0.8628778379797446,-0.018606439572534092,-0.9172447918195227,-0.9101063266055657,-0.882151202635042,-0.5965492775851572,-34.84754485132953
61.0,-0.875809027875316,-0.029671371446944886,-0.9360084741901777,-0.9283961067792477,-0.898132877226351,-0.5818989913409827,-35.00179348744105
62.0,-0.8905510747043971,-0.043380970298309916,-0.9549363701520387,-0.9470709689611786,-0.9133677052769171,-0.5700535390775802,-35.13838746848074
63.0,-0.9065004843203114,-0.05872750989569541,-0.9732386332340004,-0.9659032188603048,-0.9307106918166137,-0.5598030764787632,-35.25780684556312
64.0,-0.9234054839966961,-0.0756227363946978,-0.9854584481673783,-0.9833891121512967,-0.9446633059170303,-0.5653261618897146,-35.36266665188707
65.0,-0.9409773059373652,-0.08904043900854514,-0.9975257913082537,-1.0017355647977146,-0.959567035193623,-0.5729913567838468,-35.455781405592205
66.0,-0.9590527658217207,-0.10158096679180617,-1.0077577116718068,-1.0153172582432854,-0.9738847602929829,-0.587121555856701,-35.5400605675751
67.0,-0.9775205381734499,-0.11527019141950062,-1.020544873411959,-1.0318545585754442,-0.9857093694767745,-0.603182639867268,-35.62036712662276
68.0,-0.9868770164464268,-0.12949898988398842,-1.0355073718943988,-1.0498150498035215,-1.001606942403896,-0.615229480765547,-35.705639261874495
69.0,-0.989399779675957,-0.14478528208195998,-1.0517992139982104,-1.0620281925404316,-1.0192579368214183,-0.6196617730936664,-35.80194279878197
70.0,-0.9870289843924474,-0.16030246768485884,-1.0641115806521613,-1.078146361929277,-1.037634680543232,-0.6254747311172995,-35.91251152951745
71.0,-0.9794357141035993,-0.1744093064549547,-1.0784022978238994,-1.0904000879845932,-1.0563202520005266,-0.6388965919843353,-36.03886348763391
72.0,-0.9688155298706159,-0.1885578610040819,-1.0904680455447813,-1.1061132477362376,-1.075125885737115,-0.654195237509558,-36.182277977910815
73.0,-0.9554383534729869,-0.19967399736083238,-1.1030194860208788,-1.1237274003108415,-1.0902293032256034,-0.663246861693541,-36.342501420925196
74.0,-0.940149527880398,-0.21232922608434562,-1.1134907349088246,-1.1293598737727577,-1.107496773125247,-0.6758606066588366,-36.519102896660584
75.0,-0.9267992719421152,-0.22509758703272956,-1.123858845234873,-1.1428191926855462,-1.125716119038111,-0.6921234519146454,-36.712658718807035
76.0,-0.9126841475745777,-0.2391318704250308,-1.1367869464767382,-1.159417004709322,-1.1443414753039247,-0.7099322014079745,-36.9254258823795
77.0,-0.8968441083838735,-0.2519570369362223,-1.1499879371731674,-1.1774842755458046,-1.1631227912659012,-0.7242617342760259,-37.15769099100274
78.0,-0.8911794188832357,-0.2655369762264992,-1.164932814054785,-1.1959847961709162,-1.1819625785914414,-0.7356175845239011,-37.407532686479954
79.0,-0.8941686172132063,-0.2787443007883199,-1.1813653967150117,-1.2147681515182625,-1.2008428955808268,-0.7424675119425344,-37.672893345562464
80.0,-0.8961286652079228,-0.29321744334344874,-1.1975212380183364,-1.230432778347141,-1.2142487054338815,-0.7563443741627437,-37.95493181658469
81.0,-0.8989401151666675,-0.30927937133616773,-1.2120672484401789,-1.2479757863554968,-1.2307787735600002,-0.7725891939728765,-38.254476435871595
82.0,-0.9017996673741464,-0.3259509303450187,-1.2279997390426836,-1.266292431314592,-1.2487011905417313,-0.7852670555629992,-38.57267200814519
83.0,-0.9040628161152608,-0.33988456056522465,-1.2453432028678038,-1.2830742034767704,-1.2671943381701332,-0.801507217507064,-38.90831778405732
84.0,-0.8999234110305062,-0.35461802173497786,-1.2577015222191976,-1.2982833238525233,-1.275735215886227,-0.8193052491570195,-39.26170468404448
85.0,-0.8945419527240491,-0.3704143649596995,-1.2721322776801645,-1.3091036519800607,-1.2885807413392814,-0.8328985479376907,-39.63378712265488
86.0,-0.8920626132474511,-0.38482868510977924,-1.2883823148712958,-1.3227658447997281,-1.296766284701891,-0.8480865282600525,-40.02426201665517
87.0,-0.8941856439779737,-0.40022658316584014,-1.3053982400791773,-1.3222093915786732,-1.3111786919703647,-0.8654252619518162,-40.430954896423586
88.0,-0.8952568034103365,-0.4148589757223605,-1.3231193966324786,-1.326216514590459,-1.3235420882125066,-0.8770704135650554,-40.85435711997944
89.0,-0.8970128078049523,-0.4293062760428045,-1.3381625457644377,-1.316728672034379,-1.339658041056116,-0.8928693557268005,-41.29145634907861
90.0,-0.8989339376402037,-0.4438472808758387,-1.3542531535136964,-1.3030774532307463,-1.357410093942257,-0.9104846159977679,-41.741788020902526
91.0,-0.8957012028766038,-0.45957358399254516,-1.3650908412862,-1.286401235670894,-1.3756892445536537,-0.9211928296714754,-42.204917544560075
92.0,-0.8944895573994438,-0.4718270164876505,-1.3787119344358982,-1.268438808746702,-1.3935552852177246,-0.9311416244424865,-42.67877737527789
93.0,-0.8928974025644918,-0.4830816575031928,-1.391115651548007,-1.2679881744821666,-1.4120183841496747,-0.9437582599269693,-43.16444442500002
94.0,-0.8935717323912863,-0.49218159186605065,-1.4030503621259813,-1.2571441254945894,-1.4279662786790217,-0.9596754804505266,-43.65871520670286
95.0,-0.8930498799300796,-0.5021957524793678,-1.4157603426277294,-1.2456127518138307,-1.4400187521765044,-0.9773353710334121,-44.16231236968577
96.0,-0.8983225629188022,-0.5077133579838071,-1.4310716942982256,-1.2299505613519572,-1.45168817950517,-0.9957225366852565,-44.67175340727301
97.0,-0.9036095438444315,-0.5115334936265313,-1.4469892198258438,-1.2122946533637988,-1.4675328080600225,-1.013021383808383,-45.18536088185802
98.0,-0.9103549345160855,-0.5114731538610957,-1.4641538619129102,-1.1939614728461174,-1.4851684315443892,-1.0312357656157733,-45.700622846883235
99.0,-0.9190176666952244,-0.5110460771686911,-1.4816493465797873,-1.1752282876834195,-1.5035474859514124,-1.0498517157220761,-46.21689703101899
100.0,-0.9264531932993294,-0.5133747825724775,-1.4949543318456195,-1.1563942526272593,-1.5222342570732044,-1.06592430467878,-46.73500461657141
101.0,-0.934029839153547,-0.5157507198454508,-1.5100760359232739,-1.143992206306994,-1.5410452766296228,-1.073930413572746,-47.25646531782453
102.0,-0.9392599155493797,-0.5121313098743063,-1.525408817386827,-1.133857868420002,-1.5536648915655256,-1.0882927329383816,-47.778160762879565
103.0,-0.9418719802795515,-0.503794321084053,-1.5411906324950602,-1.1186275556499925,-1.566992826746162,-1.1005266135916782,-48.29647512134843
104.0,-0.9455259806258886,-0.4950639794898539,-1.5517823073768373,-1.1012287622917496,-1.571356113213444,-1.1149825898000245,-48.8091656308599
105.0,-0.954001001056467,-0.4839889573733994,-1.558947656189659,-1.0829585459703694,-1.5806669580391721,-1.1209025908582742,-49.31299266850883
106.0,-0.9614257772352703,-0.47333594437266846,-1.563426540076506,-1.0642318609037908,-1.5929737573307308,-1.132595553329957,-49.80733012344604
107.0,-0.9659861700539637,-0.464304588702318,-1.5663298484205188,-1.0549655228404844,-1.6091063385679536,-1.1374769963768863,-50.29442947131929
108.0,-0.9629555676577782,-0.45351057610337486,-1.568432123994441,-1.0428591497880837,-1.6268652703133528,-1.1505829141087214,-50.7734679995772
109.0,-0.963726825824622,-0.4464008006733021,-1.5696090350029235,-1.0331322436654418,-1.6452865940862513,-1.1670877884240116,-51.24646132829667
110.0,-0.9654111030528799,-0.4427039066939289,-1.5704342743027315,-1.020043945205651,-1.6566312042332931,-1.1849976972786715,-51.71516811722694
111.0,-0.9606004089821679,-0.4390900122445311,-1.5710475455578181,-1.0074044704012282,-1.6583818659666416,-1.2034884203090328,-52.18029459406216
112.0,-0.9590925759330713,-0.4407300658115744,-1.571291049595685,-0.9938054919668886,-1.6702463895046606,-1.222219274909861,-52.64482250391356
113.0,-0.9550437861711017,-0.4429266503774183,-1.5716770598827805,-0.9788510124718203,-1.6853809032650835,-1.23835056164674,-53.109500121941416
114.0,-0.953024804487748,-0.439146997623198,-1.5722903402695616,-0.9616904662932267,-1.7027083423794036,-1.2491907980169583,-53.57010790243126
115.0,-0.9504785413476297,-0.4301350973982379,-1.5725059665306382,-0.9454130256476866,-1.7196839939417237,-1.2646660184319252,-54.02297452590036
116.0,-0.946641445918439,-0.41905667174242983,-1.572475242290905,-0.9313684719915621,-1.7377666662464408,-1.2770588910944185,-54.46694342872797
117.0,-0.9439717505616984,-0.4070006867491062,-1.5724552567674561,-0.9145350291900897,-1.7478342029506742,-1.2896256527565582,-54.90081312930726
118.0,-0.9387833303564739,-0.4035051695817726,-1.5718478701141045,-0.9039106842106153,-1.7602897094948864,-1.3058444783277339,-55.33092368619902
119.0,-0.9389882350749943,-0.4033899353707281,-1.5720000721565868,-0.8886526944734839,-1.7752005986568267,-1.322880270368547,-55.75926575086551
120.0,-0.9407284965203024,-0.40452997547836483,-1.5720401677394078,-0.8712365762552152,-1.7924341418867036,-1.3364947100327111,-56.186298566769324
121.0,-0.944973892776988,-0.4062404348688641,-1.5720702249753165,-0.8708135144662483,-1.810645067871644,-1.3476304123661464,-56.61438417329924
122.0,-0.9440602827931724,-0.40748613151413304,-1.5721233628514064,-0.8665881498222074,-1.826772614143258,-1.3632245465574269,-57.04327967064978
123.0,-0.9416587788546639,-0.4069227883766677,-1.5722899406604003,-0.8538343333399413,-1.8430293970138185,-1.3771269905767822,-57.47095766615864
124.0,-0.9341253557704303,-0.4062885067885058,-1.57216887532894,-0.8501512411566962,-1.860812848675209,-1.3924940656299294,-57.89869830405967
125.0,-0.922736965699483,-0.4083150952597909,-1.572056755355214,-0.8409060759008178,-1.878312023619028,-1.4063333184065459,-58.32800574874136
126.0,-0.9195636465228925,-0.4099914897903293,-1.572284301825183,-0.8328810946581595,-1.8951564586934084,-1.4230795188078615,-58.7583833099466
127.0,-0.917115482678777,-0.41127272629651246,-1.5722679201603353,-0.8292635232708575,-1.913187326401407,-1.4410875077139085,-59.18990556871569
128.0,-0.9197831761288248,-0.4111342631803756,-1.5724200143194038,-0.8243539418837017,-1.9317262018012784,-1.4547902257835885,-59.62123775151047
129.0,-0.920788309537169,-0.407852094635799,-1.572486369235192,-0.8177771315976023,-1.9500194539787696,-1.4714591709254565,-60.05018039268856
130.0,-0.9188401460028934,-0.4064430383944178,-1.5722516127655002,-0.8088116645220587,-1.9649999253865873,-1.482253381427966,-60.47757069988254
131.0,-0.9206075173465532,-0.4092112125570731,-1.572095040277679,-0.8052110488597456,-1.9822130358943153,-1.493541953877567,-60.90671804478038
132.0,-0.9164818045647827,-0.4152426445901266,-1.5719373002112675,-0.8065745535063056,-2.000421823372452,-1.509221759620895,-61.34096147741552
133.0,-0.9096126283232673,-0.4255787087328363,-1.5718639774648435,-0.8091759500227684,-2.0061531307173537,-1.5267886179245465,-61.783174122773744
134.0,-0.9105439775680357,-0.4357344742101646,-1.5722051313441014,-0.8100381292088443,-2.019632522079989,-1.5397217263653586,-62.2331124893181
135.0,-0.9109442259046335,-0.4407039920459601,-1.5725242515227464,-0.808880986764525,-2.0363015902467736,-1.554797350899729,-62.68727901591547
136.0,-0.9054008843721669,-0.4465579894952605,-1.5723286484036123,-0.8073460203493291,-2.0542781756497717,-1.5659575146206774,-63.14626002458871
137.0,-0.9034738892602298,-0.44968315461413205,-1.5726007878474648,-0.8065557912339195,-2.0711741559175736,-1.5815524472461844,-63.60842263151058
138.0,-0.9083739555266823,-0.449811813880651,-1.5727357072738903,-0.8078165641152204,-2.089217065630348,-1.5990833792897008,-64.0714815369178
139.0,-0.9117239632105375,-0.4476309845421297,-1.5726906200530117,-0.8112127715911406,-2.1035964618812466,-1.617417354920068,-64.53398567854983
140.0,-0.9107268279086035,-0.4404862450418536,-1.572797813190576,-0.8125718187210815,-2.1205592823866333,-1.6360833378002373,-64.99291774188694
141.0,-0.9039418572503782,-0.43022349891662137,-1.572728165290885,-0.8019710510667337,-2.1368126112138808,-1.6504480645191382,-65.44494180299544
142.0,-0.8971263950595783,-0.4199568079845199,-1.5725487674944478,-0.79171606112534,-2.1545813419304713,-1.6644505822908122,-65.89002646278743
143.0,-0.8940513534281791,-0.4122638620012079,-1.572341604630524,-0.7856906214822864,-2.1614754454322926,-1.6773951091365553,-66.32956050094671
144.0,-0.8967215598700263,-0.4057081043637775,-1.5722820151512746,-0.7943853263169793,-2.1754117631589263,-1.6913551907777242,-66.76611639848191
145.0,-0.8981607178077569,-0.39894476853609584,-1.572251261916249,-0.8045406498099511,-2.1882328640623174,-1.7081699945962958,-67.19986271298532
146.0,-0.8956349975995964,-0.39307793240868283,-1.5721635798662474,-0.8067754884153167,-2.1926934981574284,-1.7234710030375486,-67.63023065518392
147.0,-0.8913451435021847,-0.3904906834687071,-1.5719996781446375,-0.8058626655599923,-2.20563637502688,-1.7385773934848714,-68.05952076510152
148.0,-0.8860893377018147,-0.38406116664434825,-1.572279480192303,-0.8066110574544886,-2.222081382792422,-1.755869259876628,-68.48604174122237
149.0,-0.8767077570874702,-0.37863885511296846,-1.5720770159832052,-0.8065829057485887,-2.237082406921437,-1.755341344451037,-68.91015203560735
150.0,-0.8731629324369296,-0.37576189389019665,-1.572087498030371,-0.7980301907421944,-2.2543175322722213,-1.7613288616370533,-69.33254496855355
151.0,-0.8755010437560569,-0.3713222264603999,-1.5722263901409617,-0.7956154920043778,-2.2725325099376406,-1.7748086355033852,-69.75270228836978
152.0,-0.878269026962229,-0.36668232212423324,-1.5721490580634725,-0.7968114782465154,-2.2841512422157395,-1.7856818308019435,-70.17034366974127
153.0,-0.8744016476458613,-0.3672986201455517,-1.5717789824826038,-0.7955498548559059,-2.299946511207214,-1.7976063580301958,-70.58911474744787
154.0,-0.8698906889221287,-0.37415255221535587,-1.5716068854418535,-0.8036092674019271,-2.3175601739155716,-1.8094711469332545,-71.01456874077445
155.0,-0.8712383451297088,-0.38200347810392155,-1.5718853622488023,-0.8126393917999631,-2.3244417235345374,-1.8242517918492984,-71.44694330558349
156.0,-0.8723256312404003,-0.3862841330627832,-1.5721820643560405,-0.816768992649775,-2.3358477091573255,-1.841427429779696,-71.88366222021064
157.0,-0.8716470125266723,-0.39416587852221413,-1.5719545837076234,-0.8186581751448605,-2.3516022999815807,-1.8596141634700063,-72.32680087521601
158.0,-0.8712312822074909,-0.40165182832143226,-1.5721419934153227,-0.8209954429972928,-2.369207193987316,-1.8742144027310956,-72.77665463725208
159.0,-0.8650821140219082,-0.40733706822006266,-1.5722095466308037,-0.8235709010880315,-2.379615383417735,-1.8912684797308996,-73.23180299329913
160.0,-0.8622296439946121,-0.41349971951004416,-1.5722332560347905,-0.8356990804063136,-2.394926025787097,-1.9014023178655415,-73.69369708177148
161.0,-0.8560332515632569,-0.4219112945464563,-1.5721294290338048,-0.8470554012835185,-2.402436797804484,-1.9166060437856052,-74.16337373176887
162.0,-0.848496669870947,-0.42714746682222665,-1.5724044240564892,-0.8619923837402235,-2.4098087878344088,-1.9339760456336932,-74.6395141195179
163.0,-0.8414274848131439,-0.4296306418179183,-1.572565658317823,-0.8647447205476284,-2.4238645901633538,-1.9522434891833724,-75.1192308625981
164.0,-0.8425168895702959,-0.42860909650084983,-1.572767439562996,-0.8668965579073411,-2.440760805915687,-1.9687062390612997,-75.59983506486408
165.0,-0.8424884714589537,-0.42685064152265806,-1.5726142019392162,-0.8666093295955104,-2.45458601655704,-1.986561564640725,-76.08013863467771
166.0,-0.8448146788115393,-0.4253579010030342,-1.572055127736527,-0.8726258421647038,-2.4676002608330787,-2.0050287925525243,-76.5607266248503
167.0,-0.8497333728942669,-0.4275143971568034,-1.5719999266593312,-0.8688503795421095,-2.4838696581444006,-2.01569473357627,-77.04312547783043
168.0,-0.8537374208813086,-0.4305481145443601,-1.5720677814444266,-0.8784008772106007,-2.4985267343875117,-2.0253600506030502,-77.52951155653913
169.0,-0.853886873554136,-0.43653728245730067,-1.5720170356331935,-0.8837520302781839,-2.5156194377628394,-2.040342053306275,-78.02171135180684
170.0,-0.8477891860989628,-0.44004104353208406,-1.5722758181634326,-0.8875383396018085,-2.5337785077159585,-2.057619606806373,-78.51857667301243
171.0,-0.8481366215873629,-0.43742255508209915,-1.5727277776465072,-0.8890594732899878,-2.552132717352793,-2.0758487595799746,-79.01565575064565
172.0,-0.8496057151686495,-0.42955867489162763,-1.5728504905870582,-0.8808582038134247,-2.5708024367865367,-2.094471400177381,-79.50812149141399
173.0,-0.8501543292603859,-0.4203690978843277,-1.5726491573940942,-0.8823018974019208,-2.5859851209366376,-2.1132568964497955,-79.99561385915696
174.0,-0.8507581439367402,-0.4128017396936664,-1.5724350712617223,-0.8871864433369194,-2.603285135345219,-2.132109499721451,-80.47972240619288
175.0,-0.8477303332323489,-0.40736870400321945,-1.5722270045273472,-0.8989130959382673,-2.619162966186143,-2.148158584643195,-80.96267105767527
176.0,-0.839589403811961,-0.40806996034313037,-1.5719087448592828,-0.9092238384244776,-2.6367709310659464,-2.165831618226439,-81.44864967967156
177.0,-0.8356916919496391,-0.4108628459557656,-1.5720776455943535,-0.9197295043014154,-2.6551406772815325,-2.180612735496988,-81.93938491379242
178.0,-0.8357395501191773,-0.41623686629340384,-1.5721025136191162,-0.9255089682202169,-2.673821264254593,-2.190038112543509,-82.43585514967441
179.0,-0.8419314198028991,-0.42527694189604287,-1.572109477505033,-0.9292410018843335,-2.6926301067606646,-2.1953841400124925,-82.94004383578267
180.0,-0.840438504412069,-0.4303815822955207,-1.5723445199908876,-0.9402473773144168,-2.7115039873730975,-2.2086572962493936,-83.45070538021504
181.0,-0.8330637853807971,-0.4313029554214329,-1.572522288872476,-0.9508778241410346,-2.727982698106201,-2.225230534427125,-83.96500172143571
182.0,-0.825011417967008,-0.42950709314893537,-1.5726205432997495,-0.9589424685422463,-2.745837574085243,-2.241183135986549,-84.48090377636348
183.0,-0.824627829066253,-0.43131135327528664,-1.5724206932340512,-0.9723014928592072,-2.764296818312751,-2.256091277956115,-85.00076965727075
184.0,-0.8267904913689778,-0.43224285593189693,-1.5725574139810528,-0.9837020629537749,-2.778765982915617,-2.2645221140354685,-85.52373627097803
185.0,-0.8238275591442655,-0.43079350618259754,-1.5725821560099027,-0.9923010003790574,-2.795763509885435,-2.2656775197079995,-86.04825782225109
186.0,-0.8239804974682875,-0.4273982831307333,-1.5726514862957754,-1.006877227111906,-2.8138745718317426,-2.2746423177386803,-86.5736197693041
187.0,-0.8234410774922659,-0.4246342030120776,-1.572509400726605,-1.0239523149509004,-2.8273018553463443,-2.2782510720862277,-87.09996014048048
188.0,-0.8218631556459216,-0.424425611432083,-1.5723722578350052,-1.0380565548302891,-2.8438517167623343,-2.290838983784342,-87.62892469886597
189.0,-0.8244961940897245,-0.4256544148228944,-1.572405126017185,-1.0533896276901717,-2.8617815706510674,-2.3067340069887705,-88.16165983470874
190.0,-0.8260259766755935,-0.42847104881564757,-1.5723348170345146,-1.0701367664075025,-2.8802820469276065,-2.324384966100475,-88.6993638947954
191.0,-0.8221597458248406,-0.43452025618222134,-1.5721857029312098,-1.0881217481824725,-2.899016737690993,-2.335556796876404,-89.24440328069758
192.0,-0.8182972216845587,-0.4449896395017536,-1.5721760648049514,-1.0955701407578682,-2.912112248158141,-2.351171918242031,-89.79828005412713
193.0,-0.8156159738633404,-0.4544846636237054,-1.5724108696839973,-1.1097890890289215,-2.9276851856668027,-2.3670987613348013,-90.3613278397721
194.0,-0.8117935819420024,-0.461968463484904,-1.5725828178107664,-1.1243339035304514,-2.941977977088694,-2.3823021892464222,-90.93214952854147
195.0,-0.8038152534858338,-0.4637419911004366,-1.5728756036162286,-1.1367248889385129,-2.958923833542713,-2.3996315492938116,-91.50728872414001
196.0,-0.8039154094976955,-0.46629722516872685,-1.5728133596568792,-1.1504733672200929,-2.977006151961179,-2.417881209877086,-92.08676784600021
197.0,-0.8051675695535419,-0.4698745618051981,-1.5727298657386704,-1.1672038507730458,-2.9955713513279667,-2.4282151396753866,-92.67148628743837
198.0,-0.8066630376097009,-0.47395633690280603,-1.572722776210898,-1.1852270648619152,-3.0103643094511843,-2.439727735652056,-93.26160244639603
199.0,-0.8136149349584196,-0.4769625854503394,-1.572863126121371,-1.2038039541618755,-3.0275014059824215,-2.452184357897641,-93.85651140154015
200.0,-0.8207178611296886,-0.482090837478356,-1.5727057394038657,-1.2209471440702357,-3.0456695304326877,-2.4683621929341815,-94.45725821992382
201.0,-0.8272713011378777,-0.48528821319208953,-1.5728821692990211,-1.2357777583531553,-3.0639473323534947,-2.4861352027814028,-95.0626892317337
202.0,-0.8318125480305723,-0.487692541786839,-1.5728680269642972,-1.2477978045123945,-3.081606241151218,-2.5045693273073155,-95.67189128754495
203.0,-0.832475638260672,-0.4909541086364595,-1.5727570505912418,-1.2637492182019618,-3.0999752009891504,-2.5098929332922695,-96.28575429688857
204.0,-0.8278245045747348,-0.4933705384572138,-1.5728098092626717,-1.2786675959910223,-3.1186591401961703,-2.5113443196878555,-96.90393108501706
205.0,-0.8234193413162205,-0.4988405985696884,-1.5727059658905873,-1.286677464376294,-3.1372106551968,-2.5192134498341257,-97.5276188012267
206.0,-0.8205541534123009,-0.5042925445582356,-1.5728077439370405,-1.3010800705129006,-3.155966270157406,-2.532820947747491,-98.15737141240706
207.0,-0.8209460244288319,-0.510587111298866,-1.5728465972102144,-1.3156556566807143,-3.1748062326937574,-2.5495198618082155,-98.79352267829181
208.0,-0.8273838071264009,-0.5191001076801626,-1.5728526241430347,-1.3301304594517591,-3.193680969372659,-2.5675095856518206,-99.4371683325868
209.0,-0.8360103441966868,-0.5264161405476412,-1.573003283059802,-1.3471963933259952,-3.2125755399174993,-2.5750196135626107,-100.08773756148142
210.0,-0.8385273300406835,-0.5366565767734963,-1.5727827811504773,-1.3652736350154377,-3.2314690070276275,-2.5891997413690873,-100.74691111758604
211.0,-0.843440875295959,-0.5466951493011025,-1.573002286535503,-1.3837812884326284,-3.2368968843683077,-2.6010291564037025,-101.41386460096226
212.0,-0.8530471428719103,-0.5591367586550003,-1.5729655203534294,-1.4024800352977898,-3.250260985711567,-2.6169187635744615,-102.09012902561288
213.0,-0.8605153470672295,-0.5643052124623334,-1.5734511043842703,-1.4182135292899292,-3.266887791550226,-2.6345717468359453,-102.77173293115135
214.0,-0.8671046112850085,-0.568725751823673,-1.5733258843867661,-1.4353954707559256,-3.27370556467082,-2.651989947647442,-103.45716646334745
215.0,-0.8727806527358245,-0.5740709412620358,-1.5732539941044417,-1.45358998931416,-3.284674929803474,-2.6623335717678103,-104.14725217657629
216.0,-0.872483440505939,-0.577091221789846,-1.573348879234825,-1.468287135639258,-3.3002530318660663,-2.6776221696012774,-104.84092519348988
217.0,-0.8708926310861193,-0.5825050625875376,-1.5731731550271522,-1.4853359516000606,-3.3168923393470573,-2.695027332615888,-105.53952399491205
218.0,-0.871772228346759,-0.5841055429677959,-1.5735102681088202,-1.4975095206469315,-3.3348517572483023,-2.7133091656414,-106.24087623962431
219.0,-0.8760811759804558,-0.5866429122727692,-1.5734332256341306,-1.4935171071462396,-3.3533567250347245,-2.7303454255277777,-106.94445003337786
220.0,-0.8831012135612699,-0.5846212731187381,-1.5736125512463244,-1.50307337260903,-3.372097816989418,-2.7459652380250943,-107.64821182771661
221.0,-0.8887329498483179,-0.581529106566984,-1.5734985428766108,-1.5102750350205343,-3.390928773863566,-2.7634660282082977,-108.35121220390043
222.0,-0.8970707354258729,-0.5739325460997261,-1.5736559702278496,-1.5243337037357776,-3.4083469319706814,-2.7781432287801566,-109.05104128570501
223.0,-0.9022593840905391,-0.5730724245558315,-1.5730680817953133,-1.54110149673392,-3.425068433972658,-2.795235347912379,-109.7511895951694
224.0,-0.9096675723598077,-0.5708809575490436,-1.5733247568333764,-1.5592626949087867,-3.443053566710352,-2.8133860394397074,-110.45147099569009
225.0,-0.915525470508911,-0.5741765698700999,-1.5729947558947777,-1.5711722695253478,-3.4615672615069606,-2.8284064027625186,-111.15448200887208
226.0,-0.9226078348084933,-0.5813045026559335,-1.5729781150808935,-1.5871351924822317,-3.4801793335665825,-2.845641492722998,-111.86269663520551
227.0,-0.9256040777554096,-0.5921348113097697,-1.5729040254426865,-1.6046248010401063,-3.4913920498979167,-2.8638514778141944,-112.57796534675524
228.0,-0.9273798835924139,-0.6027400779736308,-1.5731311580593694,-1.6229991120623573,-3.5070370412741587,-2.8786582899235036,-113.30050153960174
229.0,-0.9292616925256844,-0.6112668764256101,-1.5733672995652581,-1.6383876518806761,-3.5245932421955244,-2.8958010858422036,-114.0290332938477
230.0,-0.9286729342858685,-0.6224400006956935,-1.5732552653157248,-1.648650151349796,-3.542934021791723,-2.913973015430576,-114.76476773509431
231.0,-0.934097521140069,-0.6336073792416371,-1.573452691186934,-1.6621892422057636,-3.5616060600775628,-2.9325719243201447,-115.50764315902079
232.0,-0.9426466799751078,-0.6438830843100258,-1.5735539081162635,-1.6788431989792256,-3.5800617687805607,-2.951347347116612,-116.25685765110528
233.0,-0.9511849157957694,-0.6548802719684576,-1.5735605425708492,-1.6902837981793946,-3.5987717495861733,-2.9701958232397363,-117.01258096243183
234.0,-0.9557833812749507,-0.6611799715949567,-1.573798441379244,-1.7060513076252661,-3.6161046686471234,-2.9772072581045625,-117.77239760542808
235.0,-0.9606488231035583,-0.6635286043262699,-1.5739246563436964,-1.7236552200310782,-3.634330281359306,-2.9863100537183596,-118.53392665157935
236.0,-0.9700242512837989,-0.6624992233874173,-1.5740601122344746,-1.7325562443708729,-3.652951317390886,-2.9970679921666266,-119.29507182085932
237.0,-0.9824965718097327,-0.6589462325032976,-1.5740472895074762,-1.7381960845571547,-3.6717342375426183,-3.012531446301697,-120.0542052864454
238.0,-0.9972685769005043,-0.6577000435273581,-1.5737745066618587,-1.7474226055428763,-3.6858758360452724,-3.0300089802123154,-120.81209384713189
239.0,-1.012927585208489,-0.6550205178204159,-1.5738190019124618,-1.7603326160109551,-3.7027326976320065,-3.0483207375613626,-121.56808960578545
240.0,-1.0298059733109985,-0.6550944813053243,-1.5736108282159844,-1.7731066027236877,-3.71569961084537,-3.0636924941319283,-122.3232700866636
241.0,-1.0472046060032518,-0.6533552551128187,-1.5737397925732943,-1.788105533013777,-3.7285840206350365,-3.0810776549751067,-123.07676727668812
242.0,-1.0638920827968321,-0.6517005315864357,-1.5737067938475724,-1.79013071927983,-3.743802941465446,-3.0905870733003344,-123.8287348654561
243.0,-1.0789166081512729,-0.6526236350042726,-1.5735170616698517,-1.7986203271258037,-3.74809720371159,-3.1055480727184963,-124.58022723749507
244.0,-1.0893878162484678,-0.6546139740326125,-1.573472655327009,-1.8131825917967814,-3.758330814413935,-3.1228180651094384,-125.33204418839874
245.0,-1.093733803523201,-0.653621711973105,-1.5736365174044225,-1.8303295558244648,-3.77360900546978,-3.139266191682865,-126.08300912693389
246.0,-1.1002349738469177,-0.6566998334493677,-1.5734511253708559,-1.8484659799359997,-3.7910082243823013,-3.1571223048868498,-126.83478882462069
247.0,-1.1083000168656214,-0.6645546322974492,-1.573362910917344,-1.8670624009853911,-3.8092893476873155,-3.1719333013566895,-127.58971005936799
248.0,-1.1183276362071086,-0.6722940990882856,-1.573590919507254,-1.8779371053938183,-3.8226113522827454,-3.1857155366327277,-128.34788533789944
249.0,-1.1290054754174914,-0.6829725695195404,-1.5734918716487458,-1.8921365284085672,-3.8391122131171667,-3.202440772878026,-129.1103851545958
250.0,-1.135600362315339,-0.6917650778288219,-1.573688144719871,-1.9091164621541978,-3.8570241997885835,-3.2204399706909004,-129.87644945985383
251.0,-1.1432226674424109,-0.702656865682128,-1.573646343329428,-1.9261206910135844,-3.8755135276261803,-3.2362252812497436,-130.64674272082593
252.0,-1.1521615824058091,-0.7143162140263206,-1.573766521788733,-1.9345895730971456,-3.885695408849539,-3.253790746200166,-131.42189591043405
253.0,-1.164409001405381,-0.7281523047386377,-1.5737340201516474,-1.9491303229536263,-3.8940615408061015,-3.2721378440462177,-132.20231052960293
254.0,-1.177960225832969,-0.7411242058736417,-1.5738918752186688,-1.9662604878231906,-3.9017651275917777,-3.2885582941012594,-132.9872857170449
255.0,-1.1931320239164762,-0.7480491436133833,-1.5742374174378824,-1.9844626303077018,-3.9159610989156377,-3.306394685709378,-133.77360529765195
256.0,-1.209642683737869,-0.7507734634589027,-1.5743286384720148,-2.0030570604100726,-3.932916483648864,-3.3235527658969186,-134.55878038508345
257.0,-1.223852659950718,-0.752622012323311,-1.5742384770591775,-2.0165621422515847,-3.95101225155405,-3.3370159796341112,-135.34258525981926
258.0,-1.2347202690947083,-0.7531569805047207,-1.5741984710129542,-2.033142397968145,-3.9618441709640506,-3.353587585311434,-136.12455720810604
259.0,-1.2472735604936336,-0.7553079819939512,-1.574103776676448,-2.041931263510231,-3.977330003897564,-3.3679539886747314,-136.9055667053705
260.0,-1.2590615461315162,-0.7562676006195964,-1.5741424470587704,-2.0517309117332587,-3.9948198901717946,-3.384918763828123,-137.68505606690115
261.0,-1.2703628193574557,-0.7550062970900504,-1.5741815476429453,-2.066791170472287,-4.0131374229948475,-3.400569160759989,-138.46161703020084
262.0,-1.284178931397167,-0.7544443238801324,-1.574125729020164,-2.0752783299070177,-4.031795847031104,-3.4124450852894963,-139.23560370145336
263.0,-1.295806268221685,-0.7507042378720085,-1.574052739452613,-2.0835892712151898,-4.050596868702327,-3.414582387192984,-140.005816147584
264.0,-1.3098524093194168,-0.7479127408646535,-1.5739677204051994,-2.094592261641946,-4.069453541641091,-3.426563544920547,-140.77211811400355
265.0,-1.323086753422482,-0.7515608251545121,-1.5736732421465498,-2.110154152476156,-4.078542466230628,-3.4426040880537476,-141.53720788958162
266.0,-1.337079710233029,-0.7590382692713643,-1.5736916647737367,-2.127702893766932,-4.088271432491614,-3.4603219323276067,-142.30262768114287
267.0,-1.349379037370969,-0.7688023536805365,-1.571545106400741,-2.1407934193126508,-4.100248545218164,-3.4755504959790255,-143.06947461420185
268.0,-1.363044588610938,-0.7797568049732966,-1.5722604450308177,-2.1571725888059925,-4.115069310846826,-3.4928783817311224,-143.83797425047476
269.0,-1.3782470404445935,-0.7866603509140929,-1.5731217591740492,-2.1750799353961283,-4.132266506362797,-3.511126871613656,-144.60599178475678
270.0,-1.3880071352052106,-0.7916751696296142,-1.573493060735098,-2.1869107112001163,-4.150462584431295,-3.529757453796055,-145.373413483166
271.0,-1.395622259877887,-0.7988392101270557,-1.5736106955323188,-2.200584455845937,-4.167006140210993,-3.5376027105083265,-146.14114904292464
272.0,-1.4047299167869467,-0.8071244258790968,-1.5737980489461247,-2.2172975674491857,-4.183906701824657,-3.5519187242623476,-146.90919850499043
273.0,-1.4141918563087237,-0.817143697545596,-1.5739053732758728,-2.2241169902295157,-4.201963259059275,-3.5689233106773273,-147.67888274110203
274.0,-1.4217290747928335,-0.8223888679640138,-1.5742299751711786,-2.237284727566904,-4.220514992194809,-3.580089531775179,-148.44798394291874
275.0,-1.4311424809308617,-0.8286000954852819,-1.5741742914644101,-2.253095629637593,-4.23926953169039,-3.595698183121468,-149.21613160848577
276.0,-1.4401350364067944,-0.832184662789057,-1.5743451954311423,-2.270724288382704,-4.245976479898438,-3.613234928927834,-149.9827054275373
277.0,-1.4503061306956346,-0.8389368884964635,-1.5741848410266466,-2.2854298068578225,-4.2543034024585324,-3.6315713215752217,-150.74880713659277
278.0,-1.463212021797821,-0.8466667555298998,-1.5742571210459462,-2.295721948632281,-4.264553089818286,-3.650238292688486,-151.51484754930922
279.0,-1.478222740306225,-0.8576720177817247,-1.574146333168062,-2.310970109038395,-4.2757942206744906,-3.669041923480317,-152.281148852446
280.0,-1.494359386262087,-0.8667624556004262,-1.5743611115232454,-2.3232819165712217,-4.288887838620549,-3.6879019740413512,-153.04699364776965
281.0,-1.5114157237558992,-0.8725565749852402,-1.5744985768596764,-2.339367803238299,-4.3053442857101105,-3.6939581622302327,-153.81031575826518
282.0,-1.5291680305094446,-0.8774863128248283,-1.574487143674318,-2.357104181720255,-4.323234395526753,-3.7075734410926655,-154.57023727454646
283.0,-1.5453845325391866,-0.8833877300343682,-1.5744219456348978,-2.369997756107278,-4.338810294146931,-3.7167583594829163,-155.32777452019246
284.0,-1.556371969115728,-0.8865928431079172,-1.5745237198454856,-2.3798968499764297,-4.349457835156607,-3.730773830615022,-156.0832716347547
285.0,-1.567162701033967,-0.894262776917022,-1.5706188678499868,-2.3789424857541865,-4.358100457384595,-3.7376825216533325,-156.83927136892865
286.0,-1.5732805740629838,-0.9054457555711226,-1.5715360693431626,-2.388705650198756,-4.3699442282876335,-3.7515997870662963,-157.5967029307052
287.0,-1.583111481150643,-0.9198658915002167,-1.5724726130920508,-2.3984652942303453,-4.385881800850949,-3.7674828142925354,-158.35591871753758
288.0,-1.5922730520251174,-0.9357999872041226,-1.5731163023421315,-2.404943589652635,-4.403239922729188,-3.7851191617711675,-159.11766151837287
289.0,-1.6023825110835788,-0.9474298770449302,-1.5738177168257166,-2.41222681479187,-4.421497035463768,-3.803496303930621,-159.88014876946147
290.0,-1.6129078361794602,-0.9577977877368562,-1.5740854876296282,-2.4262451300221013,-4.440131023269915,-3.819965868522953,-160.64192286513122
291.0,-1.6216149745782023,-0.9689964869856528,-1.574213432712678,-2.4431334314980866,-4.454914263668527,-3.8378232187914256,-161.4033397927785
292.0,-1.633410037192697,-0.9827640455674298,-1.5742866199516263,-2.4611983937738424,-4.468303369573662,-3.8562911796648986,-162.1646284405855
293.0,-1.6475521008437017,-0.9983718646490858,-1.5743756035250518,-2.479751320476617,-4.484861573417323,-3.8750124823299554,-162.92562938851268
294.0,-1.6632702119397595,-1.0151812970332992,-1.574464109731428,-2.4985043441080426,-4.502793497710343,-3.8938385465924994,-163.68618123829737
295.0,-1.6800261634249904,-1.0322376114524956,-1.5745720209220797,-2.515516040242502,-4.515021365077659,-3.908621148548166,-164.44653745966488
296.0,-1.69339219321228,-1.049536585574485,-1.5746292069626417,-2.5228962778009367,-4.5310570490858195,-3.920081723190376,-165.20802704080361
297.0,-1.708392849422798,-1.0651345833031907,-1.5747711252970347,-2.537007162808567,-4.533916075023676,-3.9358076155055937,-165.9698688734903
298.0,-1.7211398250428913,-1.0793870704615156,-1.5748207497407434,-2.5502842947915667,-4.546254928116007,-3.9533927275484033,-166.73138227793024
299.0,-1.7358616017529462,-1.0940277148132693,-1.5748224677628808,-2.5667886861751446,-4.562445313332126,-3.9623677973324343,-167.4915763084751
300.0,-1.751858975150601,-1.1050587678593293,-1.5750006114545023,-2.5846982820664115,-4.580226254438849,-3.9771201929216824,-168.24873167718133
301.0,-1.7670318669510854,-1.1171800034801946,-1.5748838109683774,-2.6031917341674835,-4.593338847909626,-3.9943043664282447,-169.00335467438532
302.0,-1.7833389473019825,-1.130194889236434,-1.5748802864785463,-2.621914322999831,-4.6097553901646195,-4.009878609016905,-169.75518742924152
303.0,-1.8005521775035225,-1.1450306083373214,-1.5748295865516369,-2.640736153711481,-4.627628535703238,-4.020773116399469,-170.50430874096403
304.0,-1.8182578479312126,-1.1596406958991847,-1.5748983924648277,-2.6574144978942402,-4.646104003466265,-4.033300266897885,-171.25062535797838
305.0,-1.834764504882543,-1.1753837063255463,-1.5748662426184672,-2.671531639691934,-4.662760819938053,-4.049017623738496,-171.99494320619624
306.0,-1.8519800325210762,-1.1917273661855843,-1.5748971773354812,-2.683958160412431,-4.676388563589279,-4.066592042485001,-172.73755536071468
307.0,-1.8688364978756462,-1.2056940512893206,-1.5750196986661018,-2.7000971103677043,-4.6930358902064455,-4.084943742968352,-173.4772198291918
308.0,-1.885441117931514,-1.2186744293015228,-1.5750336244386387,-2.7178590251008607,-4.70497837599598,-4.103617031708114,-174.21371041953432
309.0,-1.9003459069574993,-1.2311807321217005,-1.5750336776233402,-2.7362862914152735,-4.719909100445272,-4.122423257732112,-174.94695611445093
310.0,-1.9165685704365558,-1.2456445155982954,-1.5749574677936957,-2.7549838835643516,-4.731096060210857,-4.13487387232223,-175.67727854243043
311.0,-1.9336246496911134,-1.2602988844299974,-1.5749963427246783,-2.7690707268654955,-4.746260388192309,-4.144124951864207,-176.4046328311433
312.0,-1.950139011579847,-1.2761881183243855,-1.5749584517344382,-2.7808328850147523,-4.7636089105650665,-4.144457036327629,-177.12940765375407
313.0,-1.9673889014242676,-1.2932407898779725,-1.5749550168928619,-2.7920165500504672,-4.781867665025111,-4.149401323443992,-177.85160067706968
314.0,-1.9851404423771246,-1.30960540615946,-1.5750257664044336,-2.799354000617203,-4.800502636488609,-4.159123228578334,-178.57111668608113
315.0,-2.0033212537482186,-1.3266599863196356,-1.574997120985282,-2.81341735667446,-4.812863361614006,-4.17417002505683,-179.28763967299483
316.0,-2.0186210348051192,-1.344320883548999,-1.574996432251378,-2.823788540868778,-4.828954712008938,-4.190665964817938,-180.00203093698903
317.0,-2.033833963628467,-1.3610100129903895,-1.57507507843193,-2.8259715689712825,-4.838173670568159,-4.208558263104491,-180.71518703877794
318.0,-2.045010010121447,-1.378138511052587,-1.5750271466281793,-2.8353289495019633,-4.853013569324536,-4.227041231583764,-181.4272502818267
319.0,-2.0557393492880194,-1.3917159162856179,-1.5751874438075273,-2.850222293387908,-4.870235726220787,-4.244244290898687,-182.1369201346167
320.0,-2.0687248181823152,-1.4025553918047637,-1.575234202038626,-2.8674708767952346,-4.88844236150968,-4.253225901591253,-182.8425887571081
321.0,-2.081455330345083,-1.4145536357498618,-1.5751168419988277,-2.885701264870711,-4.897307575105521,-4.260280690466608,-183.5449514811727
322.0,-2.093158291365861,-1.4288216007141872,-1.5750308758569498,-2.8975200389187603,-4.912021372091364,-4.274221441059993,-184.24496501303113
323.0,-2.105805354705214,-1.4448534569427018,-1.5749912835842046,-2.9133751399969956,-4.9219969893311175,-4.291069629167817,-184.94267942667642
324.0,-2.1192226775011713,-1.461946133369043,-1.5749855876930672,-2.931011434196932,-4.937124928644775,-4.307410994294988,-185.63757743478786
325.0,-2.132757437411348,-1.4784363069013362,-1.575040657883063,-2.9493769525864884,-4.946757448535693,-4.312019831465166,-186.3296863738748
326.0,-2.147983249643455,-1.492972575825624,-1.5751195472335222,-2.96804135966756,-4.96175306831762,-4.308574798484222,-187.01770444711
327.0,-2.16085867447842,-1.50845077077522,-1.575043006043933,-2.9842549492950297,-4.974795685627144,-4.318363483907169,-187.70271112800035
328.0,-2.1755391456765296,-1.5251784319140942,-1.5750123777258813,-2.99921691132191,-4.991202701703747,-4.330621705237816,-188.38431131742445
329.0,-2.1916306908459906,-1.5426985690720865,-1.5749922617007388,-3.0164312627767402,-5.006621519493487,-4.346726915903883,-189.06200992085957
330.0,-2.208561754361628,-1.5571892624521109,-1.57431603676862,-3.0346151635546743,-5.024041987983458,-4.362584509358077,-189.7347290214457
331.0,-2.226193385674372,-1.568727249692932,-1.5745990321613332,-3.053216386282466,-5.042330820119016,-4.380194491133037,-190.40143401947387
332.0,-2.238754502584774,-1.5820276691712445,-1.57464688001056,-3.0720205333642934,-5.060978483148201,-4.398560277219463,-191.06399820509722
333.0,-2.2519293587139244,-1.5974990481045983,-1.574703335188269,-3.0857372892036086,-5.079773827186974,-4.416571119694161,-191.7230379641687
334.0,-2.2669353262679226,-1.614280417592736,-1.57475175844621,-3.1023859934871654,-5.0986311698540545,-4.430432699142691,-192.3779690062792
335.0,-2.281829675143586,-1.6318075497060318,-1.57479374953576,-3.12035196942056,-5.117514108813113,-4.4471698913176745,-193.02880126624206
336.0,-2.2907344429641294,-1.6488155951629937,-1.5748601883187152,-3.138863968458981,-5.136047498530651,-4.46239038004178,-193.6774624395386
337.0,-2.300251498435484,-1.6642955067544014,-1.5749380348801425,-3.146402879252887,-5.149825281695779,-4.47874826307247,-194.3244285289543
338.0,-2.3122310803918404,-1.6806656913761875,-1.5748771641607757,-3.1544185535537204,-5.160761262168443,-4.495410776771809,-194.96905930415903
339.0,-2.3264757730689576,-1.69705131279341,-1.5748778533166294,-3.1571228953675443,-5.17627200434738,-4.513365349673716,-195.61053607892106
340.0,-2.3378840030926344,-1.7115441958785638,-1.5749342256763912,-3.1570289548286086,-5.193772778414949,-4.531873937695563,-196.24949921765537
341.0,-2.346338630427406,-1.7247734210678825,-1.5749395723067052,-3.1553271487590107,-5.211121409109197,-4.550612057973639,-196.88691866624177
342.0,-2.3579920032726216,-1.7397769263140268,-1.5748276866387425,-3.16575344046477,-5.229363110678026,-4.569445036059005,-197.52127636284501
343.0,-2.3712266670308435,-1.7561460276005258,-1.5742551100092919,-3.18116047769567,-5.236407188345857,-4.582172746702492,-198.15234060432394
344.0,-2.3862679384405796,-1.7721087316889117,-1.5744286533756837,-3.1986040465373535,-5.247455517997973,-4.59240051305691,-198.77900504722749
345.0,-2.4025592176324424,-1.7865814955396573,-1.574587345422049,-3.216894663311079,-5.260507079816546,-4.6076127664956426,-199.40031191483752
346.0,-2.416484093205557,-1.8021095114531172,-1.5745934506540513,-3.2355591738260507,-5.276947092283491,-4.624985480395938,-200.01710757987505
347.0,-2.4261913724256834,-1.8151917750055095,-1.57473571014651,-3.2475764836494045,-5.2804879439150385,-4.643254028511567,-200.63148952287315
348.0,-2.4298503690996616,-1.8296474175473638,-1.574666895180039,-3.2635441617736034,-5.293096490063899,-4.660837306077658,-201.24557814540472
349.0,-2.4339762472185167,-1.8432508190857029,-1.57470846970073,-3.2811949909283906,-5.306579265274587,-4.677813679017096,-201.8591137028498
350.0,-2.4368929917164306,-1.858173355513594,-1.5746272711469675,-3.2912508433849155,-5.323192890015449,-4.692010739378237,-202.47301962866084
351.0,-2.438885050758564,-1.8745900590708449,-1.5745799622952186,-3.3064007282620462,-5.3411496110598895,-4.705222840104376,-203.0877681686033
352.0,-2.4436472870853443,-1.8920119329656941,-1.5745426169661472,-3.3237394463296597,-5.35766802463195,-4.717611004165206,-203.70247066519948
353.0,-2.4529903225998098,-1.910022017231573,-1.5745097507620796,-3.3365255499253705,-5.37555055454255,-4.73374727733221,-204.31552911253615
354.0,-2.460429489604262,-1.9250457230833233,-1.5746157916815624,-3.352786096164673,-5.386664059693132,-4.7469523415034205,-204.92714831992262
355.0,-2.4700292434614486,-1.939529492987962,-1.5745637715703595,-3.368855300840532,-5.402259033746218,-4.76342020828204,-205.53627322896872
356.0,-2.4785086436422494,-1.9552481767690715,-1.5744815051462362,-3.3854157627915127,-5.4052369782916525,-4.781312663321738,-206.14386291427817
357.0,-2.487409277943157,-1.9721512852981906,-1.5744206386131585,-3.39571870788761,-5.411483396514987,-4.787872020934566,-206.75020418041336
358.0,-2.493639192914832,-1.9897618946299735,-1.574394228417581,-3.410968126272012,-5.425071305623694,-4.800880266709077,-207.35614531791114
359.0,-2.5035412444476464,-2.0079922717976415,-1.5743433329730325,-3.4283445855402146,-5.440253889921903,-4.807098313078727,-207.9602544666996
360.0,-2.516535283298752,-2.0264524696193957,-1.5743015043123234,-3.440671872428241,-5.453635781426781,-4.820737609707755,-208.56144151156948
361.0,-2.5306063811339947,-2.0451090810444423,-1.5739992281140593,-3.456743859817154,-5.470189456926347,-4.837462372727985,-209.15903508238114
362.0,-2.54330805378898,-2.0638153389566654,-1.5740580911520574,-3.472023946085474,-5.4825550982746405,-4.8554631381780355,-209.75372925832343
363.0,-2.551555432948987,-2.079810948514651,-1.5742001847185512,-3.4829274050140295,-5.491388633193317,-4.873991378911325,-210.34722107841137
364.0,-2.562727203785976,-2.0956530766671766,-1.5741525051353287,-3.498412652754715,-5.504515964008527,-4.8927375541947855,-210.93810237358477
365.0,-2.573438715754481,-2.11002819400926,-1.5741782215992732,-3.5159000984525863,-5.511278253255911,-4.905641080668968,-211.52624550226452
366.0,-2.582550554933003,-2.1255601277565117,-1.5740916032943342,-3.53214464146795,-5.525131851532515,-4.921960714053586,-212.1125168632557
367.0,-2.5912564118372887,-2.142347794167931,-1.5740297280523483,-3.549897275847387,-5.541948670706037,-4.939791238481063,-212.69734984567197
368.0,-2.597799048338546,-2.159200219353554,-1.5740153851109657,-3.5642906962938015,-5.559989986486872,-4.958249035080043,-213.28188129176945
369.0,-2.6014790569909922,-2.173327308447234,-1.5740853212635089,-3.579738160945297,-5.57853774771097,-4.976966194299535,-213.86689584833456
370.0,-2.6095979770115365,-2.188656103673012,-1.573931803593319,-3.5917728772299538,-5.597084958677997,-4.9957904487287745,-214.4509582743736
371.0,-2.613222490722883,-2.205100249887703,-1.5738948041128162,-3.6057826616760646,-5.6158390607963575,-5.009826326259068,-215.03612833081533
372.0,-2.612305011670237,-2.2224699035688324,-1.5738575830819375,-3.6226217225838493,-5.634303531017212,-5.022976612121107,-215.62472793006913
373.0,-2.6163839443318793,-2.240583713012616,-1.5737670732750633,-3.6406574554245013,-5.639770160148512,-5.032295462825981,-216.21497553806225
374.0,-2.623863142972462,-2.2574244863073556,-1.5737629360084382,-3.6591916854826967,-5.647820885815867,-5.045524462128415,-216.8049887071526
375.0,-2.6247686085497253,-2.273892968613963,-1.5737640140141957,-3.677957282303379,-5.662150203366765,-5.062050121839696,-217.39746519128752
376.0,-2.6302344819830807,-2.2867029965051016,-1.5737907930904849,-3.694103237926719,-5.6791615172621865,-5.079967681904102,-217.99001325324335
377.0,-2.640383902993369,-2.295265449362451,-1.5737985782363009,-3.711822614894656,-5.692212337606915,-5.098461480081103,-218.57942556263825
378.0,-2.653695610965346,-2.306403569845559,-1.5735821210584235,-3.730288867079869,-5.708604806774761,-5.1154322461947075,-219.16474818443731
379.0,-2.6685232335958626,-2.3196358879253327,-1.5734899715929147,-3.748992923342574,-5.716152725255456,-5.1320339571639755,-219.74580718905074
380.0,-2.678654433747839,-2.332515572070607,-1.5735211579868356,-3.763217784720401,-5.730341170986986,-5.1458623451591645,-220.32477232900445
381.0,-2.6863101641592255,-2.34720001508969,-1.5734384841776987,-3.7777852578990943,-5.747293640860525,-5.1610132312545325,-220.90335843192878
382.0,-2.6888196269035043,-2.358659385112558,-1.5735560084809714,-3.7869400428691713,-5.765394061073523,-5.172135179937482,-221.48337581204237
383.0,-2.6935705551395275,-2.3720234133179345,-1.5733868515754814,-3.7989381852248254,-5.7839581464624485,-5.187713933467384,-222.06439218145485
384.0,-2.702849715917148,-2.385693014787204,-1.5733318127532137,-3.8149208358629108,-5.7977746911762615,-5.201917220939818,-222.64438891686308
385.0,-2.7054030396952817,-2.4007377218376864,-1.573312041888226,-3.8326350272246295,-5.8005372188922095,-5.218818869075662,-223.22628886692857
386.0,-2.7079286139521517,-2.412028901456885,-1.5733994943168033,-3.8509978814406924,-5.806117983104026,-5.227147598653546,-223.80950902061042
387.0,-2.7155380158689817,-2.4250771681344405,-1.5732065726531845,-3.869735758495656,-5.817887795136751,-5.241641608930728,-224.39232886102846
388.0,-2.7228116095884682,-2.436691934746338,-1.5732456304645381,-3.8885319257817925,-5.828203636755407,-5.249804326338078,-224.97447541359466
389.0,-2.727163882900073,-2.4502173105437013,-1.5731442663040753,-3.907424709129495,-5.843458443801811,-5.264216909898324,-225.55777625519937
390.0,-2.730303582424851,-2.4646489647880587,-1.5731026998032196,-3.9262099052762847,-5.860090414514246,-5.281260531544229,-226.14319505823931
391.0,-2.729912779037753,-2.480451883833129,-1.573054615367626,-3.9450664848394013,-5.872245088524159,-5.299393044063758,-226.7325693155356
392.0,-2.7303801852236678,-2.4968090823603317,-1.572999003500996,-3.963943620443413,-5.888257457851354,-5.3166532267908915,-227.32593764317625
393.0,-2.730040463128797,-2.5139280562387425,-1.5729441688757815,-3.978858632140803,-5.905964766854386,-5.331677153732999,-227.92399611066432
394.0,-2.733328364075435,-2.528522066945075,-1.5729699465455151,-3.996017923613368,-5.924373305801341,-5.348919895763393,-228.5246732580422
395.0,-2.741774524437289,-2.5440243441744435,-1.5728267566716951,-4.010079349047757,-5.943066674895981,-5.361896308476116,-229.1261303707427
396.0,-2.753538464164257,-2.5607345107348363,-1.5727514965172353,-4.026900569351681,-5.956451989167162,-5.371052079341783,-229.72718787081342
397.0,-2.767730468929634,-2.5772299047079774,-1.572724249427638,-4.044938618532955,-5.970755543098101,-5.385845104445409,-230.32690110170952
398.0,-2.777707157991583,-2.594316919524339,-1.5727009712839206,-4.055671665319717,-5.987612752562676,-5.396733262292255,-230.9274545533213
399.0,-2.7812441229825815,-2.6018961368203803,-1.5715001276536384,-4.062687992284123,-5.9970260739770405,-5.4081870521742115,-231.5289504282873
400.0,-2.7818725761467107,-2.601495896466104,-1.5683976016655434,-4.076309848005352,-6.008284186024874,-5.423936745699636,-232.1299349824432
401.0,-2.7820079513091422,-2.6015364795984195,-1.565533855388718,-4.087435740913764,-6.022184006242308,-5.436805492979304,-232.73089539297257
402.0,-2.781993000042273,-2.6019192001763733,-1.5631709959916456,-4.095760702434245,-6.038789355415651,-5.450282090516119,-233.33217904952957
403.0,-2.78212176966655,-2.602397829791408,-1.5615612343165963,-4.097633601363358,-6.051269668374517,-5.461809518448984,-233.93387814265392
404.0,-2.7827850185845837,-2.602862572720934,-1.5592290065880696,-4.109125821309624,-6.067580156173375,-5.477573470510378,-234.53558570836032
405.0,-2.7836453439808735,-2.6032711430720674,-1.5573615648312502,-4.117729247417946,-6.0854390246722785,-5.4951747203190004,-235.1373390837708
406.0,-2.7837697802011285,-2.6035293370935624,-1.5554331604232672,-4.131988738934519,-6.0978671943841505,-5.513537670157232,-235.73903301203086
407.0,-2.7836889634231934,-2.6036978498664074,-1.5538332545360525,-4.1458770335020105,-6.100768193469741,-5.530557831867354,-236.34045248941396
408.0,-2.7849628465961302,-2.603906665571888,-1.5518983570808205,-4.162294513734645,-6.113648074310679,-5.5486523096162,-236.9412948855273
409.0,-2.7863615234039028,-2.6040474292348756,-1.5505069442916433,-4.17447776323323,-6.124869278273401,-5.567218541688427,-237.54155450212875
410.0,-2.7868935022559564,-2.6040559273372343,-1.5491909809300228,-4.190254996710364,-6.129121361447374,-5.581932412594709,-238.14120786546349
411.0,-2.787696687583825,-2.6040372427151084,-1.5480760235013895,-4.2049704178719,-6.141912151857453,-5.598769381867254,-238.74043992200228
412.0,-2.7880173485032302,-2.60392722939471,-1.5470220146888272,-4.221854215881837,-6.151736659618879,-5.612663400292465,-239.33926525521508
413.0,-2.7887184395959173,-2.6038082092287813,-1.546200051184096,-4.2365661063625195,-6.161765002776246,-5.619808844030058,-239.93761653730738
414.0,-2.7898922194474722,-2.6036947336653573,-1.545177229744315,-4.253357596808107,-6.176944619481257,-5.633818674019802,-240.53538913896023
415.0,-2.790013398968366,-2.603452341837898,-1.5445843934818977,-4.269373116434345,-6.184030873863985,-5.6506962832187435,-241.13273741929243
416.0,-2.791024947688722,-2.60326007192297,-1.544239637862141,-4.281202854525774,-6.198306119876958,-5.668760205691232,-241.72968738783754
417.0,-2.792050071954829,-2.6030540314066974,-1.543589684513215,-4.296740194295393,-6.210564734799196,-5.687314467621017,-242.32604677093107
418.0,-2.792705710757464,-2.6028035365955686,-1.5429320938645605,-4.314143776210538,-6.226190445717898,-5.701809100268183,-242.9219840981121
419.0,-2.7932787734970477,-2.6025012427488923,-1.5430997557179895,-4.323457541032698,-6.240217942605337,-5.71881510601599,-243.5177282007541
420.0,-2.7940915287643566,-2.602238655268583,-1.5427449999733145,-4.337810071853018,-6.257094087861249,-5.730405512708507,-244.11313979038368
421.0,-2.795454862905413,-2.602022257019296,-1.5420669619831853,-4.354614187671389,-6.2729439173579475,-5.746180690682935,-244.70791008654848
422.0,-2.7962554930042294,-2.6017235909747907,-1.5419033132218571,-4.36789678957071,-6.279225215864318,-5.763786152145136,-245.30202722907853
423.0,-2.7966979685484086,-2.601411974555826,-1.541589724712122,-4.384078668107575,-6.281749180593029,-5.778709762686325,-245.8954482884653
424.0,-2.7966522725451495,-2.6010595906074956,-1.5412845710280694,-4.401798132143364,-6.282489926305448,-5.79590712493899,-246.48827076359396
425.0,-2.796691473242817,-2.6007132060308407,-1.540940936792163,-4.420155569467664,-6.282975076663031,-5.8141016603560844,-247.08047527956828
426.0,-2.797292197324885,-2.6003996231029647,-1.5405616942023483,-4.437863614092041,-6.283439570471625,-5.829297472253933,-247.67188411235514
427.0,-2.7972702883954996,-2.6000134233459953,-1.540536167609807,-4.453617403950132,-6.2831359413643035,-5.845845260180092,-248.2627524755437
428.0,-2.797449148880252,-2.5996643607386094,-1.5403330720369324,-4.47092653962544,-6.283301323327437,-5.862480253577441,-248.85304037029803
429.0,-2.7971433618597428,-2.5992495054173315,-1.5405162075548482,-4.485369281010459,-6.282968150064101,-5.880421671244441,-249.442976471838
430.0,-2.7970901823917536,-2.598898789265731,-1.5406009849089985,-4.499342113312952,-6.283165380290192,-5.898924730648906,-250.03254401400005
431.0,-2.7969171153622208,-2.5985345620638642,-1.5404962408608673,-4.515828485255176,-6.283067755123427,-5.909012930737391,-250.6217369483132
432.0,-2.7969967255101427,-2.598198373658323,-1.540249014593605,-4.533648301999158,-6.283238325786276,-5.922886059734156,-251.21047335009717
433.0,-2.797906551169518,-2.597913152437131,-1.539818871268948,-4.551980802473675,-6.283533974575596,-5.936799021070091,-251.79844109807289
434.0,-2.7989190317708754,-2.5975381264400568,-1.5394788340377419,-4.570599901060243,-6.273877534728075,-5.945708558922572,-252.3854269535192
435.0,-2.8006712534693685,-2.5972108669016043,-1.539088847140279,-4.5893379868539,-6.2800646085710214,-5.955424346881799,-252.97137642373164
436.0,-2.8017678617637927,-2.596952328359455,-1.538904163408795,-4.606757842184486,-6.282317195773314,-5.970440608156738,-253.556560998759
437.0,-2.8029318091031716,-2.5966717147730454,-1.5393448713155788,-4.616250502228617,-6.283364659028148,-5.980032669549899,-254.14105666271988
438.0,-2.8033136222976376,-2.5963480253198483,-1.5394384172601459,-4.630832598555899,-6.283274171004086,-5.995009791343418,-254.72510621612625
439.0,-2.804186223067746,-2.596058432852242,-1.539527499135569,-4.644057632934511,-6.2835000337383144,-6.012286137163667,-255.30858024922017
440.0,-2.8050779449843244,-2.59576859836738,-1.5395119725188249,-4.65825000131046,-6.283529725775849,-6.026358199186871,-255.891446107774
441.0,-2.8059298463657405,-2.5954664773478404,-1.5397121952342385,-4.670122128358577,-6.283532802863193,-6.03841071211841,-256.4737549933256
442.0,-2.8074638177279176,-2.5951393480415925,-1.539715164074081,-4.6829791376303405,-6.283671289079869,-6.041395264453408,-257.0552190119365
443.0,-2.808764076066975,-2.5949350423686934,-1.539435261238117,-4.699036204804154,-6.283645959600063,-6.053759446333191,-257.63594409890476
444.0,-2.811613627649491,-2.59399428482791,-1.539541016710296,-4.7169076289658625,-6.283727757799222,-6.068975225841223,-258.2150831638756
445.0,-2.813525215261117,-2.594116326436305,-1.5393440266097274,-4.735205271143163,-6.283664509725098,-6.086335414918284,-258.79330599710624
446.0,-2.81457273867251,-2.5940384310502544,-1.5390283888602614,-4.753784613211895,-6.283565301337458,-6.104598379268213,-259.37100356153684
447.0,-2.815643055569925,-2.593832399893351,-1.5387268633812938,-4.772544087897864,-6.283562928319593,-6.12069857042069,-259.9481665357039
448.0,-2.816538296800782,-2.5935600778720613,-1.5392983794737438,-4.781279027590605,-6.283507381984529,-6.134012758867323,-260.52485508318875
449.0,-2.8171523949985082,-2.5933067845418627,-1.539541544736767,-4.793308895263868,-6.28343260632457,-6.148763672930425,-261.1012131253421
450.0,-2.8174542844338024,-2.59306319937093,-1.5394824747293048,-4.809104725277137,-6.2833383105878475,-6.165916256113148,-261.6774072122451
451.0,-2.818024317606838,-2.5926450180050185,-1.5405742574155838,-4.812544161240664,-6.283378443791198,-6.174173651790175,-262.25325293829457
452.0,-2.818646299057856,-2.5922882492871144,-1.5414022551774262,-4.817332571816254,-6.283390268221429,-6.1837468979848955,-262.8287353075322
453.0,-2.8195503923461325,-2.592132728412636,-1.5412600390664999,-4.829921099576513,-6.283460314883343,-6.193905769428282,-263.40383151659034
454.0,-2.8220612574236434,-2.591493292490936,-1.5409796839505558,-4.846132246702424,-6.283613039134221,-6.208692876476052,-263.97772271145567
455.0,-2.823855895343476,-2.5916617301736293,-1.5404221676846608,-4.863680072437628,-6.283587719835313,-6.22204802039094,-264.55093696135475
456.0,-2.8250682832958103,-2.591656383591656,-1.5405524658691094,-4.873620129742503,-6.283533947832546,-6.238590032292096,-265.12368550750824
457.0,-2.825492236785718,-2.5915586432351816,-1.5403743679192226,-4.8884245564204045,-6.283360681449565,-6.249760973475149,-265.69633237805425
458.0,-2.825359052579012,-2.5913304768321503,-1.5406454128890865,-4.900188413800839,-6.283190790053729,-6.258195406183498,-266.26909812601366
459.0,-2.824988345158522,-2.591124896503977,-1.5407639526010732,-4.913835546772561,-6.283085468961941,-6.26993173869785,-266.84213829207266
460.0,-2.825203401201204,-2.5910217617805897,-1.5404598231894253,-4.930279367627257,-6.283246464300726,-6.277792569117913,-267.4152836953125
461.0,-2.825407849787134,-2.5909129798051573,-1.5400857377457682,-4.94806651805985,-6.28324178654598,-6.280968675996139,-267.9885560879374
462.0,-2.8258668776092883,-2.590808755527178,-1.5398687697309115,-4.964015242553996,-6.2832910749204895,-6.2822749255974815,-268.5618541154994
463.0,-2.8256391828425285,-2.5906679594569444,-1.5397024030693525,-4.9814987478541415,-6.283113669491854,-6.282811483606433,-269.1355033160949
464.0,-2.82535150687635,-2.5905466550457956,-1.5395072120987945,-4.999796633751341,-6.283114611244963,-6.283031929107938,-269.70961110226864
465.0,-2.8256500370300004,-2.5904209425537883,-1.5395243003584287,-5.0144366216287874,-6.283245743537193,-6.283122523687311,-270.28386677358407
466.0,-2.8265641628524314,-2.5901327571723223,-1.5402955361082482,-5.020036311087713,-6.283336412477636,-6.283159726625773,-270.8577569810545
467.0,-2.8272450612655518,-2.5899561144761334,-1.5405416072398954,-5.0304709988680285,-6.283319097133915,-6.283174922802923,-271.43149096595783
468.0,-2.827686644374969,-2.589873101259365,-1.5403436815493425,-5.045576418129092,-6.283287265036889,-6.283181166583457,-272.00533101474474
469.0,-2.828317365173795,-2.5897886664810836,-1.540237908822721,-5.059421615744836,-6.283301006803795,-6.283183809566288,-272.57919317055956
470.0,-2.828679008517709,-2.589953669703043,-1.5395124240061142,-5.076265522557513,-6.283263556233249,-6.283184847224535,-273.1533424065625
471.0,-2.828276487808579,-2.5897119286321706,-1.5399208715495936,-5.08700669391761,-6.28311747279875,-6.283185322607404,-273.72789830185116
472.0,-2.828500439512671,-2.589232374531451,-1.5413568147274324,-5.087652430427414,-6.283224730536738,-6.283185523301138,-274.3022764359681
473.0,-2.8288860490381396,-2.5891040157360723,-1.5415002998889722,-5.098628501186991,-6.283238746337688,-6.283185464048299,-274.8767240506336
474.0,-2.829540014322177,-2.5890607701903328,-1.5413038171281,-5.111837205767579,-6.283269519022056,-6.283185534727789,-275.45122867267213
475.0,-2.830226188075907,-2.589045052521312,-1.5410558889428485,-5.125620316677169,-6.283274065260951,-6.2831855744288445,-276.02580449602675
476.0,-2.830717072707114,-2.5890808749301133,-1.5406275096132482,-5.1421548116850095,-6.28325525391599,-6.283185568658461,-276.600652687229
477.0,-2.831439028371377,-2.5891333766397535,-1.5401650832247171,-5.1594002313492755,-6.283265652510441,-6.28318559959759,-277.1757287101773
478.0,-2.831780827731205,-2.589160546004707,-1.5397915418279584,-5.177532870637115,-6.283233245077394,-6.283185615083515,-277.7512380231435
479.0,-2.8327497027426727,-2.5891947139551696,-1.539375301364318,-5.1960714493270554,-6.283259536645035,-6.283185632900243,-278.3269569134316
480.0,-2.83517836767027,-2.5887332693699796,-1.5393491415832214,-5.214649819454321,-6.283280875620164,-6.283185628940013,-278.90205076750203
481.0,-2.8384815231708966,-2.5884716155484586,-1.5395584159145437,-5.233489286061893,-6.283278149982092,-6.2831856283024745,-279.4761743417796
482.0,-2.840107988138444,-2.5888502100417234,-1.539896645213812,-5.244862478015748,-6.283249621784228,-6.283185678838258,-280.0500399041619
483.0,-2.8416247023248684,-2.588913765371436,-1.5396942940965959,-5.260271648518121,-6.283237870488828,-6.2831856059837765,-280.6237960573036
484.0,-2.842433306188927,-2.5890203964109393,-1.539407398251563,-5.277647593226452,-6.283213457967245,-6.283185602086392,-281.1978684678675
485.0,-2.8426136483369806,-2.5890910389636583,-1.539213836183974,-5.29593419818765,-6.283192444482792,-6.2831856169328715,-281.77262707854044
486.0,-2.8427131113051236,-2.5889345337496446,-1.5399234498898642,-5.304341036820319,-6.283185702661099,-6.283185674897234,-282.3476910294253
487.0,-2.842809347099838,-2.588921136431494,-1.5400542074544563,-5.317873725038606,-6.283183295599259,-6.283185589016672,-282.9232932560324
488.0,-2.843035643628164,-2.588972870178322,-1.5398716091541547,-5.334405724900302,-6.283176166148513,-6.283185579774974,-283.49953970284275
489.0,-2.843615410288278,-2.589232829298756,-1.5392392379223392,-5.35239080814595,-6.2831536850840255,-6.283185604508748,-284.0764081447128
490.0,-2.8442703204315314,-2.589283788814662,-1.538951398718938,-5.370713079640768,-6.283137837836853,-6.283185619674664,-284.6538306309413
491.0,-2.8444846310864573,-2.589320866702702,-1.5390242042686373,-5.3866922016829,-6.28315897330744,-6.283185652792508,-285.23192797059005
492.0,-2.8452151429471075,-2.589414127212512,-1.5388899955722206,-5.404182146579152,-6.2830991555739075,-6.280454391452703,-285.81058188909094
493.0,-2.8471727970836747,-2.5891912139547237,-1.538904906286536,-5.422574040205387,-6.2830136727496875,-6.2821116512777095,-286.38914136373063
494.0,-2.8502008030367665,-2.588911707888544,-1.5392219612730726,-5.440787952257323,-6.282943259424174,-6.282743129111822,-286.96707546970805
495.0,-2.8519380210715606,-2.589412130564034,-1.5391865884609328,-5.459215989407717,-6.282958263093812,-6.2830038880534,-287.5452350483053
496.0,-2.853553257256579,-2.5895706848959787,-1.5391561875093775,-5.475426093264826,-6.282907597849172,-6.283111007659103,-288.1235304267513
497.0,-2.855017456653072,-2.589698463199253,-1.539284097911403,-5.488225473149966,-6.282885024852512,-6.283154986975341,-288.7018472354211
498.0,-2.8563678313589165,-2.5898162543159167,-1.5391831467184363,-5.504349054653862,-6.282879059071435,-6.2831730035463655,-289.280406948711
499.0,-2.8571710845709757,-2.590006536463972,-1.5390396422398618,-5.522079067098139,-6.282952603349616,-6.283180428926362,-289.8596026832565
500.0,-2.8578487003927973,-2.590091663379699,-1.5393564874835242,-5.532729587356586,-6.282970096565646,-6.281940111429927,-290.4391280740479
501.0,-2.8577167524005214,-2.5899659583202754,-1.5400726840485242,-5.541681810083866,-6.283163858672682,-6.2826957984252845,-291.01918851808483
502.0,-2.857818641628869,-2.5900660229374965,-1.540148329902947,-5.556126061957275,-6.283115344111607,-6.282983758754594,-291.60008851052817
503.0,-2.8582373881516965,-2.5898640483286677,-1.5409601630919183,-5.56225846437994,-6.283060227519777,-6.283102735622202,-292.18113138220167
504.0,-2.859310377977786,-2.5899957017917603,-1.5408501092675944,-5.575506492730251,-6.282876051841481,-6.283151505052207,-292.7624778848978
505.0,-2.8625911753797015,-2.589359130125147,-1.541028652923759,-5.590303976903272,-6.28263744437402,-6.283171602976945,-293.3429185571507
506.0,-2.864315386935323,-2.5900565653481413,-1.5407895063871575,-5.607115680551937,-6.282756204907162,-6.283179838049567,-293.9236524017951
507.0,-2.8665068916360372,-2.590194694083062,-1.5405413116733162,-5.625213136317799,-6.2826248234653255,-6.283183253308321,-294.5044716459156
508.0,-2.8678020183576765,-2.5905452827653597,-1.5407227889387438,-5.635781991014836,-6.282714585269742,-6.2831846871740895,-295.08541629404965
509.0,-2.8690274498087307,-2.590850893502687,-1.540472008081271,-5.650926726485665,-6.28268141881354,-6.283185203723299,-295.6667919146842
510.0,-2.8710270327592786,-2.5908888287588625,-1.5403204008945266,-5.666968190985556,-6.282549523842341,-6.2831854580195285,-296.24820788587886
511.0,-2.872525189006909,-2.591191135372055,-1.540388021714217,-5.678732191626836,-6.282577269201151,-6.2831855637182255,-296.8297292771398
512.0,-2.873612151725597,-2.591527588618245,-1.5401641750623687,-5.694411531819162,-6.282647864049792,-6.28318556819479,-297.4118098089955
513.0,-2.8747466338169376,-2.5918219825882307,-1.5398835568720983,-5.71187620564378,-6.282636458454899,-6.283185595554652,-297.99455826879984
514.0,-2.8750342146285344,-2.592005060334557,-1.5401155660867971,-5.724825108475361,-6.28295035531073,-6.283185635870143,-298.5780658070281
515.0,-2.8747513777704397,-2.5922533965177745,-1.5401654366873934,-5.741064855487565,-6.283193993154866,-6.2831856046739345,-299.1628670937725
516.0,-2.874406759323671,-2.592435836567064,-1.5403572751992802,-5.755703370905422,-6.283251271050924,-6.283185635103495,-299.7489200564914
517.0,-2.874863174122618,-2.5925150543145805,-1.5407191556874151,-5.766528493855539,-6.282242678611762,-6.283185631715249,-300.33563646752066
518.0,-2.8763789406951923,-2.592680458561369,-1.5405641408367456,-5.781771839749624,-6.2822782537492365,-6.283185601187166,-300.92269447875566
519.0,-2.8788271030577985,-2.592652227473076,-1.5404855141705707,-5.799185435523161,-6.2822236925261565,-6.2831856038141645,-301.5097155144222
520.0,-2.8806301233946106,-2.593225142477269,-1.5402630041292782,-5.817359284333156,-6.282316947965737,-6.2831856227967675,-302.0972575006403
521.0,-2.884530147675547,-2.5928231287168617,-1.5406116054470889,-5.836306736125558,-6.282105319003278,-6.283185633650863,-302.6841173725866
522.0,-2.8885508055837255,-2.5933455252929867,-1.5409102972776314,-5.85515148667078,-6.282077432995445,-6.283185656222329,-303.27043824809476
523.0,-2.8906429047375055,-2.594156829408039,-1.5406702381322466,-5.8738672420722216,-6.282202177573318,-6.283185667721071,-303.8572780341137
524.0,-2.892125082755266,-2.5946915508438018,-1.5403335201430917,-5.89268590091416,-6.282268714414081,-6.28318566499537,-304.4449074578711
525.0,-2.8925300383621844,-2.595211165667281,-1.5401335144201307,-5.911586197543111,-6.2827518421033135,-6.283185655635495,-305.0338370339859
526.0,-2.892396481295857,-2.5957663231619654,-1.539861472019315,-5.930613997572547,-6.283080488132452,-6.283185660761189,-305.624405150856
527.0,-2.8927459471144346,-2.5961899306626117,-1.5397242203365518,-5.949466517698775,-6.282890588646906,-6.2831856628392755,-306.2163903843821
528.0,-2.8936501481252908,-2.5965943915509304,-1.5396072976123405,-5.968352137969064,-6.2826182617037,-6.283185662795845,-306.80951224698237
529.0,-2.8943063012834362,-2.5969648494452087,-1.539733719868198,-5.984134183835408,-6.28268799140063,-6.283185679240461,-307.40363450084544
530.0,-2.8944132079031575,-2.5973565912996572,-1.5398196336354477,-6.001645742110414,-6.2815843340556015,-6.283185643483915,-307.9992445474937
531.0,-2.8946400567624244,-2.5974986657336006,-1.540385898893952,-6.012454282058607,-6.2823513023442255,-6.283185661466522,-308.5956319897435
532.0,-2.8958422516622058,-2.5975217253500156,-1.5409762628862715,-6.020493679117359,-6.282139418296965,-6.283185623613803,-309.1921150512953
533.0,-2.897507235771262,-2.597684366318918,-1.5411236977551588,-6.032252410731081,-6.281985187992878,-6.283185578469134,-309.788723101738
534.0,-2.8987841936165397,-2.5979771652451653,-1.5411872912206297,-6.044567804411824,-6.2821305340682505,-6.283185582269275,-310.38571798205396
535.0,-2.899971737694795,-2.5983513681438266,-1.5410866484349002,-6.059257032717424,-6.282176046363745,-6.283185594810359,-310.98336790454135
536.0,-2.9009908682647296,-2.5987661356940217,-1.5409865399929166,-6.074172855095496,-6.282270045484155,-6.28318561244588,-311.5817968918757
537.0,-2.902232419890878,-2.5991504163427934,-1.540883216204466,-6.089568246526838,-6.282174608360545,-6.283185624271735,-312.1809460644166
538.0,-2.9036423629214267,-2.599442989842381,-1.540998693415593,-6.101949887132284,-6.282058318923541,-6.283185625342878,-312.78048727898715
539.0,-2.9046878049687583,-2.5999067626671377,-1.5408774956745301,-6.117857355440263,-6.28222531318258,-6.283185611428957,-313.3808778999089
540.0,-2.90534395205463,-2.6000087905957483,-1.541473560397178,-6.1260596592785515,-6.282477106019293,-6.283185640692594,-313.9816512481903
541.0,-2.906059820466153,-2.6002326325013603,-1.5417736122932049,-6.13702449083345,-6.2824629902111635,-6.283185584277751,-314.58302448237555
542.0,-2.907919567077762,-2.6004476809406203,-1.5416687101632205,-6.15247110140759,-6.281954958156663,-6.283185592207298,-315.18479843971227
543.0,-2.9117832661684018,-2.600108535241842,-1.541980147360614,-6.167852164959475,-6.281376041540876,-6.283185609956573,-315.78583936664785
544.0,-2.9144590227877942,-2.601115430920904,-1.5419364189871558,-6.184989639010053,-6.281649081875376,-6.283185625228806,-316.38715116192225
545.0,-2.9156982617425236,-2.601940659926686,-1.541575115935409,-6.203113978014956,-6.28198668105411,-6.283185644220708,-316.9895385827067
546.0,-2.916209058413897,-2.6025953597917373,-1.5413244094500782,-6.2214360805856375,-6.2824675520661755,-6.28318565469959,-317.59331576340065
547.0,-2.9162585459908947,-2.60320150332169,-1.5411879389328635,-6.240123253336919,-6.28288943179727,-6.28318565820551,-318.1987448425322
548.0,-2.9161903040480124,-2.603794914016259,-1.54109829725832,-6.258962883885224,-6.283078311496386,-6.283185665006134,-318.80592705756504
549.0,-2.9158083740801444,-2.604163324081145,-1.5414408247899853,-6.2732111721784145,-6.28332857969555,-6.283185668770309,-319.41459646731056
550.0,-2.91605073021026,-2.6041155715852313,-1.5423655051217788,-6.279310155447722,-6.28293408551595,-6.283185671452641,-320.02375505671904
551.0,-2.9169919784553415,-2.60391159876419,-1.5433742978194465,-6.281951075256529,-6.282413734357869,-6.283185608388109,-320.6327041748719
552.0,-2.9175309863847483,-2.603607446080301,-1.5444988464848055,-6.2831982065567455,-6.280245724327747,-6.283185551689822,-321.24158160947974
553.0,-2.9172114188533946,-2.6032160188329083,-1.5457897778477176,-6.283596922088344,-6.282205836447567,-6.2831855220987025,-321.8504137311234
554.0,-2.916703257408506,-2.6028321900966,-1.5470084728778595,-6.283740736005223,-6.283054794470269,-6.283185503509628,-322.4593611409177
555.0,-2.916729651033126,-2.6025203185780166,-1.5479618555434826,-6.28378600022918,-6.282980506824565,-6.283185496450936,-323.06825634860735
556.0,-2.9177684486538205,-2.6023171029593493,-1.548548036827354,-6.283784031300423,-6.282307433597216,-6.283185493363056,-323.676666860911
557.0,-2.9188817138249266,-2.6021524224582313,-1.5490214104461224,-6.283787365004195,-6.2821781577794855,-6.283185486407305,-324.2844875108604
558.0,-2.919342905891806,-2.601968254331472,-1.549586156872496,-6.283819238208863,-6.282587365849854,-6.283185481875663,-324.89198708601066
559.0,-2.9201607152255327,-2.6018295792719592,-1.550008598885956,-6.283835269080445,-6.282335474138331,-6.28318548565853,-325.4990852009
560.0,-2.920714803304434,-2.601690352898204,-1.5504317732514876,-6.283851105134851,-6.282560172832238,-6.283185482278328,-326.10584597020863
561.0,-2.920328093809065,-2.6015022001582384,-1.5510293356111549,-6.283892787226541,-6.283267260575058,-6.283185479466924,-326.7126804815869
562.0,-2.9199321056837735,-2.601329801092326,-1.5515735877353491,-6.283922730304019,-6.28332115514616,-6.283185483580644,-327.3196827408486
563.0,-2.919772512161302,-2.601191295480801,-1.5519940776289392,-6.283933380250647,-6.2832555059729485,-6.283185484523571,-327.92674802109235
564.0,-2.919363397892138,-2.6010531041790617,-1.552416284921504,-6.283949520190617,-6.283361948344719,-6.283185482417504,-328.53397172453356
565.0,-2.919734625454483,-2.600985499152256,-1.552607129396953,-6.283945487995246,-6.2828355555921185,-6.283185486893359,-329.14106513435195
566.0,-2.9203068481517898,-2.600944871179598,-1.55270947525623,-6.283935829816954,-6.282690241612134,-6.283185483769545,-329.7478722248965
567.0,-2.9201528765811533,-2.6008632848514868,-1.5529658946025788,-6.283954329116763,-6.283180188279536,-6.283185479636472,-330.3546779903463
568.0,-2.919021868355637,-2.6007208829694135,-1.5534346345348162,-6.283995010340547,-6.283670571353101,-6.283185478505834,-330.96195820897526
569.0,-2.918232046436758,-2.6006110064046695,-1.5537848136468886,-6.284013574191246,-6.283565501664455,-6.283185484513741,-331.56964100416315
570.0,-2.9182294942380893,-2.6005670788233344,-1.5538988911487024,-6.284001126591379,-6.283182291118564,-6.283185486351609,-332.17736634311177
571.0,-2.918414709512939,-2.6005469303319866,-1.5539388813484123,-6.283989731115313,-6.283051041053862,-6.283185483666975,-332.78500373008376
572.0,-2.9179386577722393,-2.6004879033965245,-1.5541251573914558,-6.284003938970146,-6.283396893434393,-6.2831854797229045,-333.3928182708354
573.0,-2.9179338150795813,-2.6004664538595437,-1.5541903674243402,-6.284006093592111,-6.283107428165712,-6.283185484604819,-334.000676084089
574.0,-2.91761391137322,-2.6004268243579216,-1.5543110638562967,-6.284009802391834,-6.283332468185466,-6.2831854808297685,-334.60865164188425
575.0,-2.916731788897766,-2.600352256208134,-1.5545565114613158,-6.284031379981276,-6.283558025029753,-6.283185480056832,-335.21702324238345
576.0,-2.9158637532213354,-2.6002832861456815,-1.5547792326030483,-6.284046146494969,-6.283587280790271,-6.283185482623134,-335.82581959938824
577.0,-2.915042432768459,-2.6002236435246537,-1.5549629722670735,-6.284052385205825,-6.2835871711275,-6.283185482793148,-336.43501633437364
578.0,-2.9138329891449812,-2.600144023056888,-1.5552147082970533,-6.284067212316227,-6.283721915299467,-6.283185480993887,-337.044780378713
579.0,-2.9115540013921293,-2.5998694695723334,-1.5557189070798887,-6.284113131065951,-6.283945896351551,-6.283185478536511,-337.65556534118826
580.0,-2.909586272930613,-2.59980180238896,-1.556080478509318,-6.284133968176288,-6.283924298463441,-6.28318548282061,-338.26735188327245
581.0,-2.908692464704579,-2.599825578933273,-1.5561304715416264,-6.284113029297015,-6.283633168974692,-6.283185487794969,-338.8796560499933
582.0,-2.908061595548981,-2.599845030892611,-1.5560972361354852,-6.284092947119635,-6.283539989871246,-6.283185484287123,-339.4922901979443
583.0,-2.9079031848657406,-2.5998897817352167,-1.5559548709487432,-6.284075626916362,-6.283286720189173,-6.283185484895078,-340.1050491136791
584.0,-2.907777958748565,-2.5999332963980324,-1.555812413859581,-6.2840625103128644,-6.28326026768061,-6.283185482249842,-340.7178780405207
585.0,-2.908084070069215,-2.6000033266140576,-1.5555856799234171,-6.284046263299147,-6.282922484264682,-6.28318548378366,-341.3306086779089
586.0,-2.9093498940498472,-2.6001349116557617,-1.55515161982712,-6.284009284853068,-6.2821605124403375,-6.283185485742901,-341.9428157140034
587.0,-2.9103290376989506,-2.6001439957179597,-1.5549760710729295,-6.28237652202779,-6.282266888819548,-6.283185485712479,-342.5543738527905
588.0,-2.911251565208841,-2.600320508522723,-1.554551660846516,-6.2837975185128245,-6.282222353665896,-6.283185471037129,-343.16562501437636
589.0,-2.912844348086961,-2.6004547310173876,-1.554135297531549,-6.283940455768848,-6.281714444832595,-6.28318549014543,-343.7761797672432
590.0,-2.914077688635857,-2.600546101466414,-1.5538591288041532,-6.283945175721854,-6.28193238519515,-6.2831854824073305,-344.386100648852
591.0,-2.914640431918108,-2.6005781876558696,-1.5537854604867343,-6.283959662053419,-6.282410211283215,-6.283185479558879,-344.9956919961796
592.0,-2.9155007608946155,-2.6006209871095227,-1.55366501554627,-6.283958773244557,-6.282253075246294,-6.283185483166031,-345.6048877025977
593.0,-2.9165539015561284,-2.6006705137922945,-1.5535084362638365,-6.283947104704528,-6.282146270069605,-6.283185482419735,-346.2135753782699
594.0,-2.917330812892517,-2.600696093891989,-1.5534332821636807,-6.283947138023367,-6.282332320253243,-6.283185480442503,-346.82185405472643
595.0,-2.9182669406067996,-2.600728503086939,-1.5533357629188325,-6.283944236038107,-6.282215466255937,-6.283185482390041,-347.42968693985006
596.0,-2.9196305733975714,-2.6012274555477983,-1.552085991797574,-6.284215093190747,-6.281888480154897,-6.283185499417447,-348.0370101274187
597.0,-2.9200225951510497,-2.601249459675784,-1.5518848586114293,-6.283975041028149,-6.282602877107629,-6.283185470193472,-348.64403191202547
598.0,-2.9197534095449944,-2.601105857908378,-1.5522633770524705,-6.283940633684565,-6.283144448175957,-6.283185472018146,-349.25109319620304
599.0,-2.9197757256150645,-2.6010061004092537,-1.5525522140895178,-6.283947582197201,-6.283054456514192,-6.2831854802822535,-349.8581411693705
600.0,-2.9193250177714205,-2.600889413618773,-1.552909736767619,-6.283964383705242,-6.2833766852616595,-6.283185479142531,-350.46534616239495
601.0,-2.9182417467782464,-2.6007417235663293,-1.5533815830011226,-6.283996701005834,-6.283638260043159,-6.283185479700719,-351.07302894885197
602.0,-2.916859988335052,-2.600586019884096,-1.5538774446860768,-6.2840263833505965,-6.283767925878731,-6.283185481638164,-351.68135880706586
603.0,-2.915998446053858,-2.6004809189670297,-1.5541953327002993,-6.284033384202337,-6.283617103446126,-6.283185485561697,-352.29013087998646
604.0,-2.916187101221787,-2.600463267877557,-1.5542155145077672,-6.284010850661776,-6.283038740525511,-6.283185487729977,-352.8988778764254
605.0,-2.916492336708179,-2.6004645394762314,-1.5541837893229187,-6.283994097446852,-6.28294857624643,-6.283185483257245,-353.5074725842701
606.0,-2.9167838394081014,-2.600470477592165,-1.5541562403664342,-6.283990679324838,-6.282890391772217,-6.283185482410982,-354.1159267754172
607.0,-2.917322563928971,-2.6004949103318062,-1.5540729048380613,-6.283983117757508,-6.282680114036176,-6.283185483138217,-354.724139794679
608.0,-2.9175893867090243,-2.6006307653723657,-1.5537430326013493,-6.2840680418996895,-6.282857723119828,-6.283185485533622,-355.33223207432906
609.0,-2.917493395727973,-2.60061959451536,-1.5537457206519434,-6.284003108979494,-6.2831339289367545,-6.283185478149566,-355.94033463077807
610.0,-2.9167739932320806,-2.6006446319601033,-1.5537385721664025,-6.284081721518483,-6.2834820615919735,-6.283185481439089,-356.54876371948035
611.0,-2.9166075389871957,-2.6006119136559938,-1.553794550683134,-6.284017547351253,-6.283222657908185,-6.283185481966221,-357.1573091493383
612.0,-2.9173480418788276,-2.600619414306533,-1.5537163394167162,-6.283976268876385,-6.282613083206707,-6.283185484056409,-357.7655506154935
613.0,-2.918165271644182,-2.600642741970458,-1.5536146800320276,-6.283958370253965,-6.282471684871394,-6.283185481524188,-358.3733919859097
614.0,-2.919301389286135,-2.6006917108371836,-1.5534481255194659,-6.283945098855444,-6.282072757163156,-6.28318548299544,-358.9807154694106
615.0,-2.9205140729274,-2.6007442473510363,-1.5532763704120913,-6.283933363310102,-6.2819951379826025,-6.283185481768838,-359.5874471769389
616.0,-2.92189399743871,-2.600804463718999,-1.5530849714897472,-6.283922678834155,-6.281830774964877,-6.2831854822187045,-360.1935178803122
617.0,-2.9241531959974214,-2.6008075890270064,-1.5526872138520278,-6.283910233795184,-6.281372410205107,-6.283185485831421,-360.7984985579609
618.0,-2.92668271600991,-2.6008389076395018,-1.552283568683798,-6.283871073390578,-6.281189169618652,-6.283185480361151,-361.4022137543829
619.0,-2.9283103168693585,-2.6009958274071643,-1.5521133736320307,-6.283865681455594,-6.28154858417178,-6.28318547468244,-362.0051052569606
620.0,-2.9296556781427503,-2.6011006256148734,-1.5520459970663405,-6.283875117905702,-6.281701963538796,-6.283185479866998,-362.60735108635515
621.0,-2.9300819715525,-2.6010812230028013,-1.5522200511790738,-6.283904145052057,-6.282464104111076,-6.283185477646317,-363.20929910265687
622.0,-2.929400273087557,-2.6009615303406237,-1.5526595806222296,-6.283952303322447,-6.283373107376823,-6.283185477616057,-363.8114681254818
623.0,-2.928287391732074,-2.6008090278830918,-1.5531714489203636,-6.283991425552811,-6.283634002350994,-6.283185480904931,-364.4141383507782
624.0,-2.9269316156601937,-2.6006479661349666,-1.5536872134554287,-6.284019566629304,-6.283760844506101,-6.283185482100082,-365.0174392895413
625.0,-2.9256523294736474,-2.600506502055564,-1.5541268231823093,-6.28403746332831,-6.2837488684519265,-6.283185483841776,-365.62135733050064
626.0,-2.9240966297967605,-2.6003617067341613,-1.554575184037208,-6.284057000844021,-6.2838350499611,-6.2831854822564335,-366.2260069541395
627.0,-2.922920348543968,-2.600259218485961,-1.5548842901801792,-6.284065808041058,-6.283721848711264,-6.283185485261837,-366.8312492807021
628.0,-2.9223759492136567,-2.6002147603757275,-1.554997497667934,-6.2840550329363465,-6.283504856234283,-6.283185486000994,-367.436787451706
629.0,-2.9222763736748103,-2.6002122696792567,-1.5549787523740146,-6.284038564040214,-6.283280612712368,-6.283185484869875,-368.04240076211283
630.0,-2.922285329994867,-2.6002237454307284,-1.5549268916762506,-6.2840281207789825,-6.283192085846626,-6.28318548298142,-368.648018225286
631.0,-2.921669983614419,-2.6001940646832487,-1.555025369766727,-6.284039216149773,-6.283432063450229,-6.283185479426715,-369.25389777121256
632.0,-2.920885124073045,-2.6001535653218686,-1.5551641930641926,-6.284054550469838,-6.283530691513365,-6.283185481528192,-369.8601557284678
633.0,-2.919907131384361,-2.600101385934422,-1.5553342596118147,-6.284066377814197,-6.283631259960204,-6.283185481368197,-370.46687898567654
634.0,-2.918836816415324,-2.6000466163587586,-1.55550962255116,-6.284077406626764,-6.283674709258934,-6.283185482091638,-371.0741232074262
635.0,-2.9183366590374544,-2.60003637489405,-1.5555308973954338,-6.284070982653366,-6.2834547204258575,-6.283185485059402,-371.6816526715214
636.0,-2.9179582365127823,-2.6000388792713505,-1.5555089686498353,-6.284060798699829,-6.283404348592726,-6.283185482868559,-372.28937356065086
637.0,-2.91707058497813,-2.5999414834096983,-1.5557188684137635,-6.282924431012146,-6.283586175868651,-6.283185483442019,-372.89739424784153
638.0,-2.916607956816623,-2.599912283341291,-1.555759586365785,-6.2823687957383845,-6.283406956952492,-6.283185478090785,-373.505625641214
639.0,-2.9164339541583613,-2.600026217117869,-1.555512751931233,-6.283890465139234,-6.283304610362466,-6.283185480529242,-374.114105108991
640.0,-2.9162863401311703,-2.6000598517613414,-1.555412515962871,-6.284033909428576,-6.283270854852591,-6.283185490734352,-374.7226816075821
641.0,-2.9158442739067203,-2.6000651282228295,-1.5554097288800401,-6.284050215455389,-6.283378983176665,-6.283185484601874,-375.3314646657103
642.0,-2.9161847456960808,-2.6001208969600635,-1.555231036981746,-6.284036456695167,-6.282857951434264,-6.283185487069002,-375.9401582953182
643.0,-2.9165508520220147,-2.6001748182968423,-1.5550522984768431,-6.284019974771652,-6.282853030777621,-6.283185482449213,-376.5486717495595
644.0,-2.916885196702232,-2.6002226571985645,-1.554903483581321,-6.284014393276825,-6.282824774960726,-6.283185481911995,-377.15703007141076
645.0,-2.916660159070163,-2.6002263750282943,-1.55490471619327,-6.284023444998392,-6.283240421478321,-6.283185479220747,-377.765451125217
646.0,-2.916819642267903,-2.6002527739569556,-1.554827237810243,-6.284021681263349,-6.282982649006509,-6.283185483494106,-378.3738361275497
647.0,-2.9163352061304857,-2.600231370403926,-1.5549027822992822,-6.284030359464282,-6.283411387451013,-6.283185478889123,-378.98239987218375
648.0,-2.9162702262100604,-2.600238314177831,-1.5548846119340347,-6.284031213206159,-6.283151900267507,-6.283185483992468,-379.5910400431034
649.0,-2.915801446068008,-2.600318318099383,-1.5547094910474957,-6.284100294267909,-6.283393831316286,-6.283185483791532,-380.1999013879968
650.0,-2.9160002979741186,-2.600352277547704,-1.5545637469168148,-6.284034049064601,-6.282955252084602,-6.2831854835169745,-380.80872788312774
651.0,-2.9167395221706442,-2.6003967264816588,-1.5543814717040423,-6.28399446107494,-6.28257793287627,-6.283185482583285,-381.41722803713003
652.0,-2.9181273794821596,-2.6004899272848903,-1.5540615457074167,-6.283963693983829,-6.2819970734449155,-6.283185483917706,-382.0251131110216
653.0,-2.919416616359392,-2.6005733564329034,-1.5537899214114514,-6.283946860015536,-6.28196544713793,-6.283185480592734,-382.6323620653362
654.0,-2.9206992624070103,-2.6006493940677875,-1.5535553673823408,-6.283939388385017,-6.281895616355856,-6.283185481137907,-383.2389911911397
655.0,-2.9210871202424635,-2.6006545199439564,-1.5535600807312409,-6.283954707324307,-6.2825692227824055,-6.283185477144466,-383.8453451614935
656.0,-2.922021973979452,-2.600691290579796,-1.5534547208171101,-6.283952408346888,-6.278253136904615,-6.283185483446981,-384.45159468295606
657.0,-2.9230711175656623,-2.6007311399272326,-1.5533249138382303,-6.283939622305772,-6.267850047142252,-6.283185480427169,-385.05813815200025
658.0,-2.9232809618563564,-2.600708722353054,-1.5534091245329171,-6.283956683124142,-6.265791712926081,-6.283185478672165,-385.6647483174796
659.0,-2.923031350292406,-2.600652772092592,-1.5536051164997058,-6.28398082880898,-6.275721871339182,-6.283185482093681,-386.2707079817624
660.0,-2.9236569207403287,-2.600659745934007,-1.5535780145118054,-6.283970523550156,-6.279506100777145,-6.283185485443075,-386.876054660846
661.0,-2.924640556681359,-2.60069302737933,-1.5534556539113564,-6.2839513155160205,-6.280999234128897,-6.283185483755373,-387.4807927337169
662.0,-2.92573398642705,-2.6007345204994112,-1.5533152134255428,-6.28393941135525,-6.281593744199384,-6.283185482476338,-388.08494242764164
663.0,-2.926151037780271,-2.600726875074216,-1.553348414910866,-6.28395012942378,-6.282381724559531,-6.283185478745584,-388.68879601253474
664.0,-2.9257322966544925,-2.600658722284383,-1.5535882631656468,-6.283980427781909,-6.283188431534611,-6.283185478266225,-389.29276147841375
665.0,-2.9257293007689538,-2.600619906021426,-1.5537177896960221,-6.283988382093674,-6.283049965304996,-6.2831854840213355,-389.896751417241
666.0,-2.9255508793174068,-2.600572222620143,-1.5538641263946886,-6.283991965962657,-6.283252909468951,-6.2831854814551376,-390.50079354908837
667.0,-2.9256690145016693,-2.600550315331206,-1.5539270988048124,-6.283991534032997,-6.283039567086097,-6.283185483855702,-391.10480171904624
668.0,-2.9253718844074403,-2.600503645390302,-1.55407306345294,-6.283999627816068,-6.283314449226778,-6.283185480468997,-391.7089100688523
669.0,-2.9249670788318527,-2.600453621609123,-1.5542352425503143,-6.284012043609973,-6.283361242323178,-6.283185482033319,-392.3132089285209
670.0,-2.9237570158949864,-2.600351729868586,-1.554568417144447,-6.28403806764658,-6.283691766553118,-6.283185478838738,-392.9180401235385
671.0,-2.921100690869939,-2.599934353068039,-1.5552591451487703,-6.28410574119584,-6.283980920056292,-6.283185477662154,-393.5240203895595
672.0,-2.919253359663954,-2.599883796559068,-1.5556557064614056,-6.284123072559517,-6.283873762046126,-6.283185483934249,-394.1309711673589
673.0,-2.917902832868494,-2.599898578088576,-1.5558546791122494,-6.284105867788029,-6.283781992553277,-6.283185485241167,-394.7386316173501
674.0,-2.917003097073364,-2.599900487044849,-1.5559251978610737,-6.284095189961468,-6.283637682885294,-6.283185485822818,-395.34677377338033
675.0,-2.9165499322495183,-2.599918372351503,-1.5558776193679336,-6.284080817386782,-6.2834670464557725,-6.283185485167767,-395.95517208567315
676.0,-2.916024867157629,-2.599928094753468,-1.5558453451484033,-6.284074431827767,-6.2834663174135335,-6.283185482301348,-396.5638297114329
677.0,-2.9152245684100815,-2.5999177854851774,-1.5558836212641745,-6.28408037954767,-6.28356008060546,-6.28318548111034,-397.17287197980943
678.0,-2.9150195386303484,-2.599948253309166,-1.5557824020340816,-6.28407100512085,-6.2832787468038624,-6.283185484783803,-397.7820678400272
679.0,-2.9153055922715327,-2.6000118554050333,-1.5555656483531435,-6.284047724284197,-6.282970051894121,-6.283185484033705,-398.3911660075023
680.0,-2.9149930787565266,-2.6000314098277735,-1.5555069517759124,-6.284047996213331,-6.283331476176313,-6.283185479179028,-399.0003733631807
681.0,-2.915354728469218,-2.600094102814642,-1.5553088938589306,-6.284037016332508,-6.282831375377821,-6.283185484765686,-399.6094801551635
682.0,-2.9161258911963728,-2.600180317488258,-1.5550242417675733,-6.284011845226322,-6.2825336569293615,-6.283185483195733,-400.21824571446075
683.0,-2.916604480674416,-2.6002405581039314,-1.5548361872756402,-6.284004456128375,-6.2826772947266365,-6.283185480194071,-400.8267606067502
684.0,-2.917176922065137,-2.6003002845679064,-1.5546550311610252,-6.283999558601796,-6.2825817479143895,-6.28318548183287,-401.4350144173959
685.0,-2.9173596451370707,-2.6003256462225335,-1.5545858361175036,-6.284002409369832,-6.282886559954651,-6.283185479600376,-402.0431437256299
686.0,-2.917366777960477,-2.6003332456164046,-1.5545753485979341,-6.2840099454732075,-6.2830427184760325,-6.283185480866414,-402.65125755343047
687.0,-2.9176393051376333,-2.6003555352029104,-1.5545072920385488,-6.284005729275852,-6.282890219970587,-6.283185482870974,-403.2592605654528
688.0,-2.918009571608212,-2.600382350351349,-1.5544196106896049,-6.2839981276218895,-6.28281969843505,-6.283185482200969,-403.86708927280193
689.0,-2.9179030793504954,-2.600374028716718,-1.5544533205299464,-6.284005824927556,-6.283162260635206,-6.2831854797480595,-404.4749271791049
690.0,-2.9175067445203817,-2.6003440320346445,-1.5545609235723332,-6.284020069447457,-6.283333704981643,-6.2804796901039435,-405.08293958076655
691.0,-2.916414564101318,-2.6002656078840674,-1.5548249317751741,-6.284044543466253,-6.283638539140287,-6.2821215144534355,-405.69143923347195
692.0,-2.9157397243461864,-2.6002195378862383,-1.554973028052021,-6.284052731486299,-6.283503535631627,-6.282747104944495,-406.3003001116945
693.0,-2.9159322697704053,-2.6002387440926595,-1.5548895631547526,-6.284031279785315,-6.283031057740932,-6.283005428447534,-406.9091273412388
694.0,-2.916249944016691,-2.6002707309627064,-1.554769688970045,-6.28401378204728,-6.282926594342147,-6.283111511584786,-407.517805993864
695.0,-2.917017250595645,-2.6003347185196173,-1.5545558904577212,-6.283996254960183,-6.282520693142603,-6.283155095615533,-408.1261590718891
696.0,-2.9182032115676746,-2.6004246760291854,-1.5542596836669866,-6.283972708873229,-6.282141300113149,-6.283172999409771,-408.73397413906275
697.0,-2.9185592489504955,-2.6004510608150717,-1.5541868504051228,-6.283978478122,-6.2826915504404175,-6.283180349125231,-409.34154316377476
698.0,-2.9186244134248502,-2.6004508643791917,-1.5542088631028776,-6.283993800811793,-6.282924627404332,-6.283183373442645,-409.94906093855906
699.0,-2.9188151697026705,-2.600454730233399,-1.5542041632696428,-6.283995479048904,-6.2829147048530585,-6.283184616612851,-410.5564896516481
700.0,-2.919325562711495,-2.600479106587862,-1.5541230704041986,-6.28398634321775,-6.281088558722719,-6.283185127448674,-411.163815783847
701.0,-2.9194242017060237,-2.6004735728099493,-1.5541431809396073,-6.2839903789819544,-6.2822891867795905,-6.283185334314205,-411.7709906218136
702.0,-2.9195447542412323,-2.600626308562933,-1.553784593546148,-6.284096186535842,-6.282692720782806,-6.28318542777783,-412.37811808515426
703.0,-2.9187896271927234,-2.600572806324166,-1.5539169256807164,-6.284027125522333,-6.283460927862123,-6.283185450881994,-412.98551576631377
704.0,-2.91839158162794,-2.600504623388683,-1.55410237068624,-6.284015555337431,-6.283329706819935,-6.283185471344249,-413.5931259815362
705.0,-2.9182550445133337,-2.6004665062795635,-1.5542000365628958,-6.2840086270400635,-6.283264278592968,-6.283185478128044,-414.20080365323855
706.0,-2.9186802133959207,-2.600476240190779,-1.554148401157772,-6.283994224115504,-6.2828395560450145,-6.283185482745837,-414.8083197246636
707.0,-2.919646772361405,-2.600527981465021,-1.5539631396653875,-6.283971224298342,-6.282382006300666,-6.283185483619532,-415.41540933741777
708.0,-2.920642848631467,-2.6005819752823194,-1.5537822853862824,-6.283957164175155,-6.2822637737561635,-6.2831854815974095,-416.0220166314939
709.0,-2.9207182761844304,-2.6005686591252,-1.553839476242887,-6.283973677813884,-6.282903050787877,-6.283185477466973,-416.62850440079905
710.0,-2.9201362323015347,-2.600506229995731,-1.5540633415472316,-6.284003331872799,-6.283385933834981,-6.28318547898208,-417.2352208214763
711.0,-2.9197299645502435,-2.6004558274100145,-1.554231571789329,-6.284014854350266,-6.283360197417414,-6.283185482861448,-417.8421434885582
712.0,-2.9191229816294917,-2.6003950341235393,-1.5544231920531753,-6.284023469247904,-6.283465124157473,-6.283185481431363,-418.4493405061861
713.0,-2.9193077001388574,-2.600394998336026,-1.5544096078698646,-6.2840130129525935,-6.282980183898741,-6.283185486082512,-419.0565117858357
714.0,-2.9197763162243553,-2.600419021328143,-1.5543137230226385,-6.28399497959594,-6.282796007152626,-6.283185483439633,-419.6634674665246
715.0,-2.919837237963145,-2.600416696011838,-1.5543201767683097,-6.283997830570402,-6.283043993574477,-6.283185480376329,-420.27035851334097
716.0,-2.9196877969973354,-2.600399473482857,-1.554383059349574,-6.284007864534066,-6.283205440041966,-6.2831854811279015,-420.8773055927138
717.0,-2.919455757591019,-2.6003762422929833,-1.5544615954138308,-6.284014691897585,-6.283267254377612,-6.28318548165027,-421.48435787150686
718.0,-2.9190436226337497,-2.6003416183961563,-1.5545748642116344,-6.284022968292966,-6.283358730233983,-6.283185481374683,-422.09159739617803
719.0,-2.918514957626561,-2.6003012543920385,-1.5547054380929308,-6.284031904727602,-6.283425264682398,-6.283185481791086,-422.6990865752205
720.0,-2.9177365707664253,-2.6002467937451814,-1.5548809861060964,-6.284043776411384,-6.2835403294691305,-6.283185481261063,-423.3069385985476
721.0,-2.9170661745522466,-2.60020417279263,-1.55501467356941,-6.28405031006861,-6.283517256537267,-6.2831854829911995,-423.915126147956
722.0,-2.9169402504171176,-2.600204116176235,-1.5550011705324907,-6.284040048433814,-6.283258638974556,-6.283185484825706,-424.52341323481465
723.0,-2.9167742910026906,-2.600204998505261,-1.5549875334593781,-6.28403311204451,-6.283268616453454,-6.283185482091008,-425.13177593590905
724.0,-2.9170052970947267,-2.600235428070344,-1.5548829844650025,-6.284022948676343,-6.28297157020569,-6.28318548394972,-425.74006657105394
725.0,-2.9172761877452333,-2.600268092139998,-1.5547729400346186,-6.284012976347662,-6.282931335387058,-6.283185482027427,-426.3482278017331
726.0,-2.917433642252619,-2.6002909729797015,-1.5547026333934109,-6.284011508092723,-6.282981961628604,-6.28318548136311,-426.95630766892634
727.0,-2.918301372796776,-2.60036047148215,-1.5544756806459774,-6.283992657716167,-6.277250112661726,-6.283185484150303,-427.56442797912985
728.0,-2.918795918513256,-2.6003993093489197,-1.5543516512923994,-6.283986741324878,-6.278179955232135,-6.283185480591372,-428.17224136752037
729.0,-2.918894795908026,-2.6004067351001163,-1.5543416023129144,-6.283996239073256,-6.28103928137744,-6.283185480025132,-428.7797736511705
730.0,-2.9190666521235418,-2.600415244586918,-1.5543238838449984,-6.283999537419321,-6.282131940841886,-6.283185481921651,-429.38713348699105
731.0,-2.91858416449851,-2.6003755807799127,-1.5544618353278499,-6.284014816962762,-6.283125098693753,-6.283185478963989,-429.9946246561013
732.0,-2.9176868426780675,-2.6003072253443347,-1.5546945241767247,-6.284037991334417,-6.283518868327233,-6.2831854804144065,-430.60251267027826
733.0,-2.9176090294815307,-2.6002986428145394,-1.5547138656845654,-6.284031323230615,-6.283146726073495,-6.283185485944991,-431.2104969378564
734.0,-2.917839083897961,-2.600315389505404,-1.5546415837908754,-6.284013968913893,-6.283000094353492,-6.283185483569098,-431.8183811433122
735.0,-2.918926255803714,-2.600394334756856,-1.5543706741363175,-6.2839860514121035,-6.282295557409322,-6.283185485999613,-432.4258177111367
736.0,-2.9196173612586223,-2.600443828345058,-1.5542076383405372,-6.283975437572545,-6.282508135398595,-6.2831854798364555,-433.03287995243625
737.0,-2.9197411202195207,-2.6004494044033772,-1.5542068410794454,-6.283989014917541,-6.282882086711907,-6.283185479217153,-433.6398396501665
738.0,-2.919565871187679,-2.6004293454051153,-1.554287495457518,-6.284003514300311,-6.283171376841982,-6.283185480336981,-434.24685519229325
739.0,-2.918513912001399,-2.6003463463027945,-1.554571203015193,-6.284031999838233,-6.283643112443065,-6.283185478094692,-434.854317319394
740.0,-2.9168398611869275,-2.6002224743293336,-1.5549851073043959,-6.284068179888677,-6.283855606894469,-6.283185479752134,-435.4625659512383
741.0,-2.9156790051256976,-2.600141221291244,-1.5552398258309141,-6.284078689946534,-6.283716751040662,-6.283185485102338,-436.07141383905866
742.0,-2.9140037197923148,-2.6000320610962997,-1.5555740328283874,-6.284093328445427,-6.28387437722025,-6.283185480535661,-436.6810437770193
743.0,-2.9130393099590397,-2.599985940417297,-1.5557104616354855,-6.284094459307138,-6.283642562732259,-6.282454013949123,-437.29119801603525
744.0,-2.9126262229041866,-2.5999862849166044,-1.5556841186836055,-6.2840754295842185,-6.2834566766131,-6.282897857225802,-437.9015824713583
745.0,-2.9127487701901713,-2.600029677678903,-1.555524283173445,-6.28405293480165,-6.283106750897747,-6.2830669751865535,-438.5119549884643
746.0,-2.9129373944214056,-2.600435880057698,-1.5544971206243288,-6.284271800958116,-6.283025553979429,-6.279052692729971,-439.12234836343947
747.0,-2.913416773533228,-2.600532161345711,-1.5540717872299763,-6.284063176390352,-6.282766447913985,-6.281559530340404,-439.73253706787926
748.0,-2.9146246156430973,-2.6005785487505837,-1.553829537504242,-6.283971967963811,-6.282165731916109,-6.280439780725226,-440.34218448004737
749.0,-2.9152815998830066,-2.600598748399941,-1.5537416875689238,-6.283959957831764,-6.282492432106662,-6.282094083636652,-440.9514537981463
750.0,-2.916452051937093,-2.60065659949373,-1.553554206181846,-6.283949675099922,-6.282057784622039,-6.282736133853008,-441.56020433558086
751.0,-2.918066811644571,-2.6007417823580394,-1.5532731310222465,-6.283925687245321,-6.281705379023238,-6.28300091050932,-442.1681969970828
752.0,-2.9188231570428984,-2.6007618542637223,-1.553220400444715,-6.283933360713477,-6.282279869887061,-6.283109651736803,-442.7757389891101
753.0,-2.9192600219313607,-2.6009966787532437,-1.5526830024710083,-6.28410715463764,-6.2825366884293,-6.283154338930904,-443.38310808724236
754.0,-2.9200040777739593,-2.601025418009515,-1.552517498735629,-6.283963035612709,-6.282399864225365,-6.283172681909601,-443.9901213114251
755.0,-2.9199610423538034,-2.6009340536015704,-1.5527602301724728,-6.2839458783205595,-6.2830245577143335,-6.283180217286471,-444.59705310024884
756.0,-2.9196591164972943,-2.6008386948449416,-1.5530580854683775,-6.28396721200116,-6.283252742411184,-6.283183319787376,-445.20409780653716
757.0,-2.919495022123617,-2.6007629076912795,-1.5532906030096338,-6.283975800659132,-6.283236845193705,-6.28318459506251,-445.81121549366355
758.0,-2.919334003983204,-2.6006965996673768,-1.553490872487956,-6.28398129451571,-6.283250470512167,-6.283185117879276,-446.41839784875305
759.0,-2.918703955130021,-2.600606166597397,-1.5537764946416395,-6.2839987660297005,-6.283447440513141,-6.283185330787965,-447.0258471411712
760.0,-2.918814646411455,-2.6005755070747587,-1.5538618390869927,-6.2839952494950815,-6.283014168087597,-6.283185424494891,-447.6332979499869
761.0,-2.919067610012892,-2.6005616657633706,-1.553886915206156,-6.283984681018937,-6.282961809294602,-6.283185457742385,-448.2406186934633
762.0,-2.919318163289408,-2.6005529165040637,-1.553907034982656,-6.283983349810963,-6.282918923227853,-6.283185472086445,-448.84781565111786
763.0,-2.9192898244614556,-2.600527262172154,-1.5539893601604968,-6.283990287483002,-6.283120682101663,-6.2831854766920765,-449.4549965201782
764.0,-2.9190785754524122,-2.6004907116025335,-1.5541102303041403,-6.284000862224777,-6.283250856436016,-6.28318547968357,-450.0622624635359
765.0,-2.9189581994147087,-2.6004627774705873,-1.5541983288421455,-6.284004815557605,-6.283222833680884,-6.2831854819278306,-450.66958958747455
766.0,-2.918179085498648,-2.6003920446867594,-1.5544287717665097,-6.284022635438065,-6.283503495694993,-6.283185479076745,-451.2772481346423
767.0,-2.9179707268687802,-2.6003654327537875,-1.5545103818500787,-6.28402471822939,-6.283235620001349,-6.283185484984002,-451.88505331514824
768.0,-2.917913023685517,-2.600353701543679,-1.5545337140673066,-6.2840161761325115,-6.283212957762359,-6.280391366740617,-452.4928836158409
769.0,-2.918072981482662,-2.600361127154735,-1.5545007246250166,-6.28400955302808,-6.2830363879255815,-6.282086787641355,-453.1006560775001
770.0,-2.9185779649521058,-2.6003942102630884,-1.5543851819617471,-6.283996534233206,-6.282753686126212,-6.282732794059209,-453.70821280713426
771.0,-2.9193288468565473,-2.6004439225614653,-1.5542187519424187,-6.283982092906965,-6.282514261819937,-6.282999547583709,-454.3154269228463
772.0,-2.920161676582325,-2.6004966828695455,-1.5540483459171803,-6.283971375657334,-6.282391654018075,-6.283109096169982,-454.9222448004739
773.0,-2.921229098572038,-2.600561378583619,-1.5538419348322385,-6.283958958445387,-6.282168036386349,-6.283154102206623,-455.5285657124337
774.0,-2.92154420951785,-2.6005681307719057,-1.5538331515734827,-6.283968350505732,-6.282707532959231,-6.283172586598667,-456.13466156587265
775.0,-2.920889064198,-2.600502738264551,-1.55406995511286,-6.284001834575569,-6.283412021870624,-6.283180181559621,-456.74099348832533
776.0,-2.920459171358113,-2.60045178378487,-1.5542443546794307,-6.284016384718389,-6.283353948898284,-6.283183307389849,-457.3475509575779
777.0,-2.920286222913086,-2.600421582652244,-1.5543324089547783,-6.284013498275173,-6.283280889448856,-6.283184589566536,-457.9541991160295
778.0,-2.919811979889821,-2.6003752692566957,-1.5544760613361421,-6.284020476645439,-6.283396762239418,-6.283185113941986,-458.5610547340696
779.0,-2.9189778761260565,-2.600308568916455,-1.5546927047188992,-6.28403738900383,-6.283551884248621,-6.2831853300943585,-459.16829448207096
780.0,-2.918275853868586,-2.6002560157347023,-1.5548584376324517,-6.284045883323173,-6.283529050579198,-6.283185421169302,-459.77588473901864
781.0,-2.918125374219553,-2.6002474316910127,-1.5548709645021999,-6.284036268113305,-6.283275512004141,-6.283185459474163,-460.38358459732666
782.0,-2.917976591486205,-2.6002437348255407,-1.554870219092722,-6.2840290997149895,-6.283266616062427,-6.283185471910741,-460.9913532958749
783.0,-2.917986116455955,-2.6002538600645617,-1.5548322078929533,-6.284024567675348,-6.283147460945539,-6.2831854786950485,-461.59913475902954
784.0,-2.9188998505329997,-2.6003274188196097,-1.5545820006759041,-6.283998715800731,-6.282455197263638,-6.28318548421216,-462.2065543174233
785.0,-2.919163376938007,-2.60035363729604,-1.554496884434862,-6.2839948101052245,-6.282871850811757,-6.283185478036153,-462.81378487362605
786.0,-2.919712226311832,-2.600396184605768,-1.5543690641207335,-6.283993016417437,-6.282612687385693,-6.28318548282074,-463.42078693906
787.0,-2.920308435405602,-2.6004371756427718,-1.5542387946128504,-6.283984084074121,-6.282594137123811,-6.283185481509942,-464.0274967791252
788.0,-2.9212826308921023,-2.600500433090644,-1.5540357418610227,-6.28397037870164,-6.282273104833576,-6.283185483289573,-464.63376952789645
789.0,-2.9219963209677418,-2.6005406202251757,-1.5539109541318907,-6.283965586726646,-6.282436439293697,-6.283185480268148,-465.2396679034625
790.0,-2.921860342341773,-2.600516672931923,-1.5540074834063426,-6.28398619161617,-6.283068918869786,-6.28318547789457,-465.8455563024788
791.0,-2.9214556602565938,-2.600470713075828,-1.5541728738008544,-6.284006780390722,-6.283309684130221,-6.283185480716652,-466.45161806305106
792.0,-2.9207619075247866,-2.6004685584738914,-1.5542379439959133,-6.284063905768388,-6.283476459913428,-6.283185483157081,-467.0580107459078
793.0,-2.919813240796662,-2.600393940279279,-1.5544593901724089,-6.284044466859416,-6.2836077209834444,-6.283185480302025,-467.66484546038373
794.0,-2.9192247761091252,-2.600333804243235,-1.5546286439976253,-6.28403900886053,-6.283493588010037,-6.283185483255941,-468.2719840555554
795.0,-2.918414690152821,-2.600268432684378,-1.5548234015757105,-6.284044121631623,-6.283576818461694,-6.283185481145425,-468.8794966427986
796.0,-2.9183846612881177,-2.6002657601652515,-1.5548151718959387,-6.28403399356464,-6.283146677874587,-6.283185485987593,-469.4870864585993
797.0,-2.9191413940215307,-2.6003229912177925,-1.5546054480327993,-6.284003648221048,-6.282603848101137,-6.283185485614237,-470.0943669148591
798.0,-2.919717191304428,-2.600369040639958,-1.5544481953090892,-6.283990455531343,-6.282648451980631,-6.283185481151718,-470.70135262108425
799.0,-2.9199896971480683,-2.60039141979465,-1.5543849422202902,-6.283994394032121,-6.282819858801189,-6.283185480440428,-471.3081860734743
800.0,-2.9203187722134394,-2.600413544977624,-1.5543218000964112,-6.283994736766841,-6.282795650027365,-6.2831854818923585,-471.9148651924067
801.0,-2.919885032839273,-2.6003791884518184,-1.5544450626437556,-6.284011208994233,-6.283348987384062,-6.283185478390131,-472.52168534165645
802.0,-2.919559838939105,-2.6003513746575395,-1.5545439232755485,-6.284022522202585,-6.283306828528659,-6.283185482597754,-473.1286781090107
803.0,-2.9189616751794714,-2.600305490009439,-1.5546921792878219,-6.284031273241199,-6.283449051077224,-6.283185480850663,-473.7359383395692
804.0,-2.918684694481893,-2.6002852502651748,-1.5547531474403555,-6.284032203246992,-6.283307823806458,-6.283185483868994,-474.34335888413864
805.0,-2.918929771509516,-2.600206676202181,-1.554838849007132,-6.2823502289255995,-6.28298536793551,-6.283185490852047,-474.9505413331331
806.0,-2.918944628676036,-2.600302499062957,-1.5546565584446286,-6.283833975389905,-6.283129547244911,-6.2831854713546855,-475.55783177660044
807.0,-2.9188386303952703,-2.600308691335477,-1.5546486669302377,-6.284001799148274,-6.28320478913517,-6.283185488117932,-476.16518516997013
808.0,-2.9185346681105018,-2.600294057900388,-1.554707577357377,-6.2840224317244795,-6.2833000238322665,-6.281729971323819,-476.77267635739844
809.0,-2.918140365586276,-2.6002715983301408,-1.5547868847753592,-6.284030721373872,-6.283356132367499,-6.282613149755567,-477.3803558539098
810.0,-2.9182158885527483,-2.6002822376802532,-1.554747982043867,-6.284023323740151,-6.2830838920451875,-6.282949669451756,-477.98803699971705
811.0,-2.917770769227515,-2.600257547878657,-1.554826836570698,-6.284028735271053,-6.283394674760298,-6.2830886224305935,-478.5958897418038
812.0,-2.917617821410183,-2.6002544072233023,-1.5548383669147587,-6.284030749959447,-6.28322737550974,-6.2831456926833456,-479.203848077816
813.0,-2.918080375354017,-2.600294742057925,-1.5546966675675604,-6.2840122631350415,-6.282818792889862,-6.283169138028998,-479.81162977040543
814.0,-2.918507972796817,-2.6003324823378158,-1.554568549904465,-6.284000537022348,-6.282793246014771,-6.283178766317069,-480.4192004077508
815.0,-2.9185054644882364,-2.6003382078118715,-1.5545581366281338,-6.284006964174995,-6.283072464500351,-6.283182721153019,-481.0267391539336
816.0,-2.9185839848476616,-2.600346722034013,-1.5545384254422605,-6.284010056494747,-6.283033264034851,-6.283184348830208,-481.63424990993803
817.0,-2.9179114593646283,-2.6003009465195905,-1.5546962092199417,-6.284027115522877,-6.283485913909395,-6.2831850129457605,-482.24202668277246
818.0,-2.917728841885635,-2.6002896851601096,-1.554735438351806,-6.284030316654602,-6.283228562933329,-6.2831852931388825,-482.84993786206786
819.0,-2.917789959728956,-2.6001525428124626,-1.554940966603524,-6.281563866210264,-6.283136619064864,-6.283185414325824,-483.4575966887036
820.0,-2.917817337847507,-2.600286523367094,-1.5546918244332772,-6.28364249109094,-6.283128075049001,-6.2831854311101445,-484.06543322969026
821.0,-2.9185350168654467,-2.6003594431785464,-1.554466547209297,-6.283955693576313,-6.282592322406189,-6.28056287131156,-484.6730199646537
822.0,-2.9192237301022192,-2.6004150501836136,-1.5542941603023737,-6.283978704406489,-6.282556238465921,-6.282075618041587,-485.2802719721489
823.0,-2.919913388956027,-2.6004229865072452,-1.554216226133722,-6.283280935419073,-6.2824888752210715,-6.282729671364512,-485.88713058866506
824.0,-2.920836218713458,-2.600513710331201,-1.5539773228953824,-6.283787320795219,-6.282292285324149,-6.282998217867391,-486.4936078781624
825.0,-2.9219303326106116,-2.6005868160925094,-1.5537537129771188,-6.283933489226268,-6.282133090501192,-6.283108557160534,-487.09958284673854
826.0,-2.923301459198605,-2.6006664197475535,-1.5535042661375944,-6.283936600919004,-6.281879321999957,-6.2831538814740036,-487.704917144146
827.0,-2.924431321635902,-2.600721069313539,-1.5533388991530732,-6.283933391427571,-6.282018239861621,-6.283172498091253,-488.3096763755091
828.0,-2.9250289035197916,-2.6004959410042767,-1.5537152870587734,-6.2799419273975285,-6.2824171397388175,-6.283180157344982,-488.9137168657879
829.0,-2.9255905668318336,-2.600690810263499,-1.5533850005537682,-6.283070803505981,-6.28248654998756,-6.283183238986831,-489.517757314326
830.0,-2.9256267381928636,-2.6007882974784056,-1.5532031489518954,-6.283967094059159,-6.282954856457054,-6.283184600686794,-490.12183044156586
831.0,-2.9256905447855153,-2.6007671000725785,-1.5532681079369184,-6.283976270333753,-6.282994811058712,-6.283185120996527,-490.72587312170486
832.0,-2.925493868915392,-2.600701278315277,-1.5534696965053156,-6.28397825085403,-6.283240445851138,-6.283185331998769,-491.3299702194182
833.0,-2.924773448320898,-2.6006053435262615,-1.5537794048768656,-6.284000427622538,-6.283474832212102,-6.28318541894765,-491.9343758990796
834.0,-2.9234528933756336,-2.6004750427580308,-1.5542028259228877,-6.284031477120546,-6.283733437096348,-6.283185454942406,-492.5393811309483
835.0,-2.9219525309499,-2.600341967832137,-1.5546284774511112,-6.284057371036624,-6.283809489458833,-6.28318547190303,-493.14510431294923
836.0,-2.9208769486823933,-2.6002505434874315,-1.5549050155099429,-6.2840636960084115,-6.28369078760752,-6.283185480813846,-493.75137193819404
837.0,-2.919991516317833,-2.6001848021794007,-1.5550937023547162,-6.28406234737578,-6.283628454245257,-6.283185482187721,-494.3580757691601
838.0,-2.9198197496242977,-2.6001793828359903,-1.5550870521001492,-6.284047957990913,-6.283284513545564,-6.283185485410518,-494.9649137404729
839.0,-2.919369235395188,-2.600161302238956,-1.5551310845286597,-6.28404390186552,-6.2833966389844464,-6.2831854809266225,-495.5719476452163
840.0,-2.919648170022671,-2.6001977824415876,-1.5550037660402158,-6.2840304875365085,-6.282901148470171,-6.283185485519401,-496.1789162986345
841.0,-2.9205018553824194,-2.600274499308187,-1.5547404206474278,-6.284002139883659,-6.282484124973588,-6.283185484303968,-496.785515023188
842.0,-2.921134156793383,-2.6003332634778564,-1.5545503462161667,-6.2839912752397975,-6.282562425846209,-6.283185480695997,-497.3917917217041
843.0,-2.921731936226347,-2.6003842226763183,-1.554396021494915,-6.283988348278528,-6.282544839788524,-6.2831854813818095,-497.99778262831325
844.0,-2.921904233651462,-2.6003991686229444,-1.5543612238586535,-6.283994472885281,-6.2828767460559,-6.283185479530029,-498.6036503405726
845.0,-2.92205814897832,-2.600407993026335,-1.5543444672534092,-6.283999670423212,-6.282923532755022,-6.283185481611072,-499.20944301027964
846.0,-2.922360986247536,-2.6004240589020795,-1.5542951165056698,-6.283996069218765,-6.282853024389363,-6.2831854823792375,-499.81509689967345
847.0,-2.92285280121835,-2.6004515750251813,-1.5542048591251372,-6.283988248030341,-6.2827080269071045,-6.283185482678187,-500.42052637776504
848.0,-2.9234689045478333,-2.6004859631441284,-1.554092677547352,-6.283979871642396,-6.28258939423157,-6.283185482348326,-501.0256661597335
849.0,-2.923227265564518,-2.6004581811271668,-1.5541936885846825,-6.2839959134080665,-6.283217215365682,-6.283185478009832,-501.6308435478642
850.0,-2.9224504342372453,-2.6003917040695903,-1.554426130880111,-6.284023146601929,-6.283483205853962,-6.280283029069376,-502.2363668062841
851.0,-2.9210507471952267,-2.600283223546984,-1.5547873285486307,-6.284053166947565,-6.283760583820708,-6.282044184760244,-502.8425307016132
852.0,-2.920396840814458,-2.6002326458860665,-1.554941886309816,-6.284055919552195,-6.283489351113472,-6.282715244687207,-503.44906444649376
853.0,-2.920012523700256,-2.6002083900308994,-1.5549981322705395,-6.28404471575542,-6.283413487165209,-6.282992339215889,-504.05579070128937
854.0,-2.9203497255180304,-2.600241103498307,-1.5548728089909152,-6.284024842944658,-6.282906719910953,-6.2831061382556594,-504.6624167790273
855.0,-2.9213435445732574,-2.6003220146416965,-1.5545922988395349,-6.283994184332099,-6.282382280401535,-6.283152887852386,-505.26861595355246
856.0,-2.9221106180638374,-2.6002637814629876,-1.5545874614087267,-6.28191469790521,-6.28245234519852,-6.283172097447852,-505.87423135512614
857.0,-2.922357776398272,-2.60039623161143,-1.5543388975085737,-6.283741444436696,-6.282786083946752,-6.283179963920101,-506.47985569739365
858.0,-2.9229109799889086,-2.600445422596085,-1.5542018092442813,-6.2839651746864895,-6.282596358364673,-6.283183231271079,-507.0852635660918
859.0,-2.9226995079457962,-2.6004277966246563,-1.5542792604976725,-6.283997035323811,-6.283203790567834,-6.283184553921621,-507.6907002570859
860.0,-2.921430920880827,-2.6003323583323246,-1.5546155874926912,-6.284037133960694,-6.283674063547269,-6.283185097821365,-508.2966902158921
861.0,-2.92050788302984,-2.600261735037125,-1.554851150750793,-6.284054129090498,-6.2836107781314166,-6.283185328050713,-508.90315469062267
862.0,-2.9199250242032915,-2.6002200865950695,-1.5549704781706488,-6.284049847899649,-6.283509133559766,-6.283185419927289,-509.50991604923036
863.0,-2.9202659324865388,-2.600249708603516,-1.5548516618624184,-6.284026793179762,-6.282909768119573,-6.2831854604046,-510.11658729686
864.0,-2.920661995451131,-2.6002869796937778,-1.554714713881389,-6.2840085101639485,-6.282852602640427,-6.283185471582776,-510.7230644069201
865.0,-2.9211442425411867,-2.6003303752765183,-1.5545732221405233,-6.284000374746452,-6.2827178944041915,-6.2831854779608864,-511.3293232603606
866.0,-2.9221925310919814,-2.600409943726219,-1.5543131594352473,-6.28398027271694,-6.282258088299076,-6.283185482305261,-511.93512621770947
867.0,-2.922482869908515,-2.600431632000355,-1.554251905710447,-6.283983618700787,-6.282777067580062,-6.28318547732415,-512.54071789046
868.0,-2.921676779293966,-2.600371957535924,-1.5544725862836808,-6.284018380831941,-6.283506780872607,-6.283185476698917,-513.1466167355973
869.0,-2.920274276567033,-2.6002684715091537,-1.5548285435591964,-6.284054215164841,-6.283759812259719,-6.283185479261907,-513.7531672598255
870.0,-2.9191285862873326,-2.6001863995441252,-1.5550930280140152,-6.284068805971246,-6.283704152493648,-6.283185483620208,-514.3602932995244
871.0,-2.9185654898422704,-2.6001524955987447,-1.5551828622838624,-6.284060814151364,-6.283508348002995,-6.283185485286628,-514.9677255478662
872.0,-2.918312036603871,-2.6001479428836856,-1.555177031786142,-6.284048070718167,-6.283367183556055,-6.283185484029275,-515.5752992583456
873.0,-2.9179130802320743,-2.600138324037712,-1.5551994306667005,-6.284046206481293,-6.2833918030124405,-6.283185481781493,-516.1830617486308
874.0,-2.9177682678714834,-2.600148718461991,-1.5551616591209303,-6.2840419857418945,-6.283252899195702,-6.283185483377316,-516.7909201335868
875.0,-2.9175439601996356,-2.6001540928243636,-1.5551413994917327,-6.284039062138542,-6.2832873374569225,-6.283185481647727,-517.3988833564454
876.0,-2.917327330942377,-2.600159919501631,-1.5551237759284056,-6.284039173129201,-6.28328339166343,-6.283185482116468,-518.0069585392916
877.0,-2.917645747517365,-2.6002022515539744,-1.5549818311045343,-6.284025356716135,-6.282912221285742,-6.283185484268721,-518.6149285438937
878.0,-2.9181530412939702,-2.6002560706087077,-1.554801932441063,-6.2840091009226855,-6.2827451422131615,-6.283185482598493,-519.2226689311694
879.0,-2.9186160747485874,-2.6003036573675686,-1.5546509949888443,-6.284001643823706,-6.282720646461021,-6.283185481513197,-519.8301865967743
880.0,-2.918994828779472,-2.600340676755226,-1.5545391225964744,-6.283999233880077,-6.282760791266472,-6.28318548120532,-520.437516657176
881.0,-2.9197751329033617,-2.600400730576416,-1.5543483322375542,-6.28398700812394,-6.28245181268464,-6.283185483343425,-521.0445057647157
882.0,-2.9212325775788104,-2.600502808402819,-1.5540134973006459,-6.283959187624767,-6.281903209883319,-6.283185484429844,-521.6508460581662
883.0,-2.9223974240738984,-2.600577992950821,-1.5537751703177163,-6.283947347484796,-6.282034987465428,-6.283185479954207,-522.2565927648764
884.0,-2.922533831763226,-2.60057364498102,-1.5538147116887573,-6.2839692307772115,-6.282772945093354,-6.283185476826099,-522.8621837952179
885.0,-2.9230142137689956,-2.6005865988166827,-1.5537895984858479,-6.283975000480999,-6.282596542441708,-6.283185483109968,-523.4675712964792
886.0,-2.9236634752259403,-2.6006075677490754,-1.5537207330969274,-6.283966276785643,-6.2825364683502585,-6.283185482293258,-524.0726428533637
887.0,-2.9246248570323647,-2.600648793781221,-1.5535847209628493,-6.283954600693247,-6.282274010783578,-6.283185483255467,-524.6772720077247
888.0,-2.924774493273293,-2.6006311900457657,-1.553649759009717,-6.283966536841172,-6.282863458865351,-6.283185478117387,-525.281747485115
889.0,-2.924542090222694,-2.600585301435347,-1.5538138643432309,-6.283988244592349,-6.283186963454827,-6.2769512762943664,-525.8863012897402
890.0,-2.9247561403514655,-2.6005706078157633,-1.553860138140288,-6.2839875587004705,-6.282945046907443,-6.280714053837817,-526.4907802633063
891.0,-2.9255326270507083,-2.6005973656142833,-1.5537594917114868,-6.283969656478804,-6.282529357988708,-6.282167760814881,-527.0949221595782
892.0,-2.925703492658685,-2.6005835169032654,-1.5538024525121117,-6.283974252488562,-6.28292599072475,-6.282767449463498,-527.6989207845435
893.0,-2.925156927692785,-2.60052015217581,-1.5540214860100308,-6.284000682072693,-6.283396693408117,-6.283013744633535,-528.3031266358556
894.0,-2.9243626645822522,-2.600440936655394,-1.5542858992992374,-6.28402271827844,-6.283530548335338,-6.283114930247333,-528.9077012617701
895.0,-2.923403575107851,-2.6003549588936727,-1.5545618924671234,-6.28403896115875,-6.283622125451751,-6.2831564984751305,-529.512727565064
896.0,-2.922056854816901,-2.6002494925501902,-1.5548987933287366,-6.284059742250817,-6.283764059105867,-6.2831735743113155,-530.1183842762546
897.0,-2.9209019279618644,-2.600166567427442,-1.5551568898758645,-6.284071484465401,-6.283710013076577,-6.283180592374018,-530.7246171846527
898.0,-2.920534785651649,-2.60014795269692,-1.555193183710135,-6.284058419781156,-6.283394725760587,-6.283183476847202,-531.3310777941175
899.0,-2.9209296991243705,-2.600190069442174,-1.5550293203437682,-6.284029944283222,-6.282899450985889,-6.283184660390313,-531.937404242994
900.0,-2.9219282732969227,-2.600277430439683,-1.5547275330350308,-6.2839985070637,-6.282379079004843,-6.283185145679674,-532.5433019300286
901.0,-2.9224458890902207,-2.60032891716701,-1.554562920012864,-6.283991700479093,-6.2826399191359705,-6.283185340179943,-533.1489099820404
902.0,-2.922131080106842,-2.600946825799135,-1.5531083174374654,-6.284429389653141,-6.283229544060169,-6.2831854425835845,-533.7547846234218
903.0,-2.9216892970908503,-2.601327836609652,-1.5519878641273606,-6.284349155572391,-6.283354834660895,-6.283185460477033,-534.360955959155
904.0,-2.9211222995456283,-2.6012258897910514,-1.552071556801464,-6.284063638593107,-6.283448025073132,-6.283185457880966,-534.9673466974156
905.0,-2.921146523984004,-2.601086019247232,-1.552367285356551,-6.283963461158755,-6.283118755378066,-6.283185470458083,-535.5737263063618
906.0,-2.921309805260191,-2.6009900634795096,-1.5526067365557317,-6.283946542547162,-6.283045374259538,-6.283185476486105,-536.1800038629223
907.0,-2.9215244586980513,-2.600920494530173,-1.5527996234647665,-6.28394821030565,-6.282967309522608,-6.283185480208358,-536.7861663162829
908.0,-2.922350924051657,-2.6009062682900415,-1.5528214817876307,-6.283936905555355,-6.2824779575120475,-6.283185484146676,-537.3919688480161
909.0,-2.922930560733593,-2.6008822174654536,-1.5528850250352924,-6.283935576313873,-6.28260748469652,-6.283185480733621,-537.9974520585988
910.0,-2.9228494927338557,-2.600816586345721,-1.5531012264304571,-6.2839569162684965,-6.2830709306759305,-6.283185479295877,-538.6029089216306
911.0,-2.9225341768724236,-2.600738329843617,-1.55335874394291,-6.283977434722478,-6.2832788386095775,-6.282330238815312,-539.2084895699295
912.0,-2.9225798113134296,-2.600690588261675,-1.553504161324117,-6.283979619032547,-6.283089849090603,-6.282849187621371,-539.8140656149928
913.0,-2.923581379370563,-2.6007159068360415,-1.5533992553269798,-6.283955878398847,-6.28237941828626,-6.283046924332676,-540.4192278315804
914.0,-2.924733799885709,-2.600755960441976,-1.5532518197493277,-6.2839362546958135,-6.282172521074715,-6.283128570400688,-541.0238337232039
915.0,-2.9257993871556622,-2.6007903822730607,-1.5531397881693976,-6.283931306433843,-6.282132648687927,-6.283162100860705,-541.6279143286112
916.0,-2.9265114474735228,-2.6007973674336897,-1.5531257313642512,-6.28393742093561,-6.282371304774074,-6.283175874989889,-542.2316110963686
917.0,-2.9263223879094955,-2.600738683687726,-1.553332916422936,-6.283964238123692,-6.283083282824044,-6.28318153192029,-542.8353095222994
918.0,-2.9252125944112657,-2.6006157649950232,-1.5537501580600916,-6.284005037434968,-6.283624584274075,-6.283183857138498,-543.4394737874328
919.0,-2.9243623794920475,-2.600515768330316,-1.5540739810641218,-6.284023978060943,-6.283584348859867,-6.283184817878836,-544.0440634430261
920.0,-2.9236057777446933,-2.600431290497616,-1.5543304074725428,-6.284029075622754,-6.283568242388626,-6.283185209599093,-544.6490144828199
921.0,-2.922468993570759,-2.6003310158112596,-1.5546434263921631,-6.284045271735724,-6.283696471753908,-6.2831853689639505,-545.2544916773326
922.0,-2.9214876414158035,-2.6002517722376983,-1.5548884382344603,-6.284056213146953,-6.283649529279645,-6.2831854375629606,-545.8604570590669
923.0,-2.9207002255665033,-2.6001954773967477,-1.5550535138951382,-6.284057256862502,-6.283587035722339,-6.283185464726343,-546.4668137949442
924.0,-2.9203827253906085,-2.6001803914447215,-1.5550836357123463,-6.284048389179767,-6.28337566550962,-6.283185477078417,-547.0733568485517
925.0,-2.921054811717249,-2.600232879354649,-1.5548785212549014,-6.283898131788264,-6.282668244118752,-6.283185484183596,-547.6796463835877
926.0,-2.921076502106882,-2.6002540563209733,-1.5548117652110902,-6.283974905958553,-6.283101789740007,-6.283185476251024,-548.2858711934961
927.0,-2.920634493437705,-2.6002381935980723,-1.5548797759990953,-6.284024740913275,-6.283349457314559,-6.283185479945722,-548.8922908533749
928.0,-2.920413831194361,-2.6002342756896697,-1.5548985389739503,-6.284032329026098,-6.281250773380409,-6.2831854826716,-549.498990723434
929.0,-2.9196539811221585,-2.6001920672277086,-1.5550391044939238,-6.2840450376118,-6.282870903634077,-6.283185480155849,-550.1059276192678
930.0,-2.919375017279316,-2.600185318654592,-1.5550595200525628,-6.284044716363622,-6.283079052765629,-6.283185484358904,-550.7130024363098
931.0,-2.918805735880431,-2.6001601399379477,-1.5551361116625124,-6.2840466108585815,-6.28341770603353,-6.28318548088862,-551.3203142900827
932.0,-2.9184361951668207,-2.600151283261075,-1.5551628759165164,-6.28404793290722,-6.283351851325692,-6.283185483273443,-551.9278254381404
933.0,-2.9181733421032736,-2.600151459512746,-1.5551562635175464,-6.28404334770709,-6.283324755949238,-6.283185482580717,-552.535470554635
934.0,-2.9176793257528626,-2.600136890698811,-1.5552030751515842,-6.284047250264125,-6.283412368824788,-6.283185481150842,-553.1433454482219
935.0,-2.9178594983439674,-2.6001700677999793,-1.555089986805297,-6.28403529306294,-6.282989790176399,-6.283185485115307,-553.7511944668809
936.0,-2.9184315417421853,-2.6002301033510364,-1.5548842652723007,-6.284013074693129,-6.2827130055582625,-6.2831854835564815,-554.3587954632904
937.0,-2.919101326447193,-2.600294715125261,-1.5546733231943721,-6.2839985413690895,-6.282568023800432,-6.283185482195892,-554.9660859670221
938.0,-2.919047939348752,-2.6003041614704867,-1.5546561131909005,-6.28400778616778,-6.282656741219357,-6.283185478286681,-555.5733733605782
939.0,-2.9196053705367104,-2.600351197794552,-1.5545124606327425,-6.284001746352931,-6.282454829883258,-6.283185484508242,-556.1804363173992
940.0,-2.9195946200025102,-2.6003543310480786,-1.5545069402305929,-6.284003533137928,-6.283014069830529,-6.283185478920896,-556.7874343443115
941.0,-2.920218019265566,-2.600399061868973,-1.5543661720477544,-6.283995455649864,-6.2825662445530295,-6.283185484785334,-557.394192036747
942.0,-2.9205092761092444,-2.600438162676328,-1.5542569113488265,-6.284004236567407,-6.282840302931785,-6.283185480826132,-558.0007729981788
943.0,-2.919782835303772,-2.600385035957851,-1.554440571161483,-6.284019475207309,-6.283472517616057,-6.283185477160983,-558.6076285432895
944.0,-2.9185761900914007,-2.6002922773290624,-1.554752733597292,-6.284047909435433,-6.283689142680033,-6.283185479699352,-559.2150463091303
945.0,-2.91818174866346,-2.6002604346866085,-1.5548458585102163,-6.284045394788628,-6.283364156894246,-6.283185485870488,-559.8227113383012
946.0,-2.917222864553172,-2.600195545218976,-1.5550438636806718,-6.28405174083693,-6.283613533385522,-6.283185479855644,-560.430796080378
947.0,-2.9165050643924006,-2.600154143350842,-1.5551732450264713,-6.284059600655674,-6.2835335096488185,-6.283185483907762,-561.0392550280197
948.0,-2.916414327394388,-2.6001614539469537,-1.555132366497554,-6.284044995674156,-6.283247600833803,-6.283185485107994,-561.6477990719416
949.0,-2.9164215793954895,-2.600179446579839,-1.555061066117884,-6.284032728296563,-6.283188866132864,-6.283185482724514,-562.2563450659484
950.0,-2.9165922093761494,-2.6002100336389393,-1.5549578245636337,-6.284024291564196,-6.283031942953219,-6.2831854828401426,-562.8648291168224
951.0,-2.9169138570145536,-2.6002497452866447,-1.5548277227345766,-6.284014649706978,-6.282891913442396,-6.283185482494328,-563.4731739236007
952.0,-2.917595005380524,-2.600311656327949,-1.5546259384483223,-6.283999571075038,-6.282581760393659,-6.283185483311494,-564.0812244663333
953.0,-2.9186008968491306,-2.6003918411088387,-1.5543650797669049,-6.283980359891321,-6.282282026373702,-6.283185482958123,-564.6888175546169
954.0,-2.9192688776864166,-2.6004425680063235,-1.5542093681963443,-6.28397622348013,-6.2824731281285295,-6.283185479902037,-565.2960578283162
955.0,-2.9203969417765787,-2.6005188353080855,-1.5539714949720733,-6.283963352259771,-6.27333725887532,-6.283185481796011,-565.903464283319
956.0,-2.920721933136929,-2.6005308352549004,-1.553945308085683,-6.283972428088179,-6.278738072786454,-6.283185480018128,-566.510306668748
957.0,-2.9212265310539203,-2.6005515009008473,-1.553891873741353,-6.283975080531139,-6.280964946009147,-6.283185481829271,-567.1167165586769
958.0,-2.921644392066622,-2.6005617159574723,-1.5538647049800787,-6.283975134027636,-6.282001437223135,-6.282630659894212,-567.7228287578529
959.0,-2.9222181735250743,-2.6005804204218923,-1.553806488997374,-6.283971577883094,-6.282293492232823,-6.282967316970779,-568.3286382914141
960.0,-2.923026148706274,-2.6006136362374117,-1.5536970521150606,-6.283961898459249,-6.282283156484584,-6.283095593261662,-568.9340555702025
961.0,-2.9231962763131167,-2.6006004469152355,-1.5537466048658988,-6.283971444517139,-6.282815258687773,-6.283148558184315,-569.5393205566538
962.0,-2.923294484629273,-2.6005807450683287,-1.5538204048859534,-6.283982792873091,-6.282926810548444,-6.283170313921636,-570.1445280572767
963.0,-2.922578978732497,-2.600504104365562,-1.5540776612522946,-6.284006309834255,-6.283496847038805,-6.283179247300072,-570.7500058813439
964.0,-2.921840990258388,-2.6004289336688466,-1.5543260836365191,-6.284025726813827,-6.2835255984684935,-6.283182922586307,-571.3558441570583
965.0,-2.9206479194166066,-2.600327577513404,-1.5546508577779117,-6.284045231619079,-6.283710159079195,-6.283184428866457,-571.9622283265392
966.0,-2.9194413212253156,-2.600233647677131,-1.5549489440583537,-6.284062513779016,-6.283720908437207,-6.283185050892465,-572.5692024826498
967.0,-2.9182935342501404,-2.600153114924847,-1.5551958909440584,-6.284071069631705,-6.283710583820463,-6.283185305650693,-573.1767371310482
968.0,-2.917435855954539,-2.600102445643066,-1.555343003781404,-6.2840714773331445,-6.283614971204407,-6.283185411332336,-573.7847081620827
969.0,-2.916740542939817,-2.60007133559035,-1.5554272238045954,-6.28406797524431,-6.28355148369939,-6.2831854535042915,-574.393028386474
970.0,-2.9169443190060163,-2.6001089208277137,-1.5552858141260482,-6.284046124939573,-6.283005271187382,-6.283185474215054,-575.0013249511676
971.0,-2.9179218874226365,-2.600202844493205,-1.554960280099098,-6.284009251699934,-6.276903125002103,-6.283185479615858,-575.6096316114904
972.0,-2.918251523296834,-2.6002487696274392,-1.5548134703787484,-6.284004927077513,-6.280375038166191,-6.283185477932303,-576.2175153745554
973.0,-2.9194742542243666,-2.6003521969836605,-1.5544836036004996,-6.28398412727619,-6.281094177663954,-6.283185484263164,-576.824771969833
974.0,-2.9212158625110693,-2.6004828487690843,-1.5540553168116904,-6.283950401081001,-6.281220078069669,-6.2831854830022165,-577.4311770604085
975.0,-2.922853827089658,-2.6005976936872193,-1.5536942239949711,-6.283932746059352,-6.281421343341827,-6.283185480427076,-578.036761681738
976.0,-2.925291807057561,-2.6005863697638185,-1.5532224685909755,-6.283910217049929,-6.281167179225925,-6.283185484583919,-578.6411409667259
977.0,-2.926966299723534,-2.600736445118317,-1.5529370839376833,-6.283898201015651,-6.281524737977977,-6.283185474872631,-579.2446583398856
978.0,-2.9285271035086233,-2.6008801735931746,-1.5527183406901923,-6.283895674460717,-6.281531920944554,-6.283185480282196,-579.8474447616073
979.0,-2.9292069530845204,-2.600905596835236,-1.5527443095087818,-6.283915150683081,-6.282248538683682,-6.28318547727305,-580.4498177812596
980.0,-2.9297129164726816,-2.600830127151187,-1.552937070333506,-6.282866654435543,-6.28246131507199,-6.283185484234586,-581.0518243589604
981.0,-2.929453496327209,-2.6008141632892388,-1.5530964370485707,-6.2838680078278495,-6.283152949841056,-6.283185473187366,-581.6539580694658
982.0,-2.9288579242369566,-2.6007209337507122,-1.5534133186833161,-6.283979485112242,-6.280962640803735,-6.283185484750158,-582.2565419265379
983.0,-2.928851809881633,-2.600670691151386,-1.5535695398380163,-6.283986265416562,-6.282066334009825,-6.283185487701905,-582.8590687390731
984.0,-2.928935871665639,-2.6006337414563285,-1.553672435543009,-6.28398119001227,-6.282673274212834,-6.283185483606351,-583.4614883471627
985.0,-2.9287865922680725,-2.6005869711299114,-1.5538172176113585,-6.283989226127784,-6.283066637854212,-6.2831854820263855,-584.0639347072548
986.0,-2.928140193383008,-2.600510582592492,-1.5540649863096376,-6.2840083727159675,-6.283445602664005,-6.283185480472407,-584.6666436989844
987.0,-2.9282368216914496,-2.6004913373607415,-1.5541173287805987,-6.284004281853071,-6.283023101190855,-6.28318548590742,-585.2693628458832
988.0,-2.928284367399753,-2.6004737916669627,-1.5541588806145044,-6.283997566452306,-6.283120551424956,-6.283185482096731,-585.8720365862386
989.0,-2.9281862277657624,-2.6004504161230426,-1.5542312755525187,-6.2840027912491365,-6.283202389830182,-6.2831854818427715,-586.4747457831269
990.0,-2.927804021839719,-2.6004097814728278,-1.5543635939391656,-6.284013391151143,-6.283331960623704,-6.283185480974804,-587.0776190723443
991.0,-2.9265293287666503,-2.6003098796953132,-1.5546955702551775,-6.284043105144281,-6.283703780623292,-6.283185478433295,-587.6810537196961
992.0,-2.9252456802580027,-2.600214543977226,-1.5550071810809265,-6.284066144685304,-6.283737303471777,-6.283185482705777,-588.2851173177161
993.0,-2.924126878541924,-2.6001383268419525,-1.5552411367611259,-6.284073110181303,-6.2837021740170895,-6.283185483456913,-588.889731315076
994.0,-2.922817998638491,-2.6000581792030615,-1.5554881608136673,-6.28408349203659,-6.283760999259638,-6.283185482080591,-589.4949715814681
995.0,-2.9220256237668703,-2.6000229228503873,-1.5555867510557846,-6.2840816424366714,-6.283594730350189,-6.283185485239376,-590.1006335887233
996.0,-2.921661969749528,-2.600024592958776,-1.555560786200766,-6.284067035364796,-6.2834278445324365,-6.28318548447088,-590.7064983090464
997.0,-2.921214514570507,-2.6000251078422383,-1.5555490471300875,-6.284061456364149,-6.283426830710986,-6.283185482040259,-591.3125807486754
998.0,-2.920466589346556,-2.6000066131314465,-1.555610656007932,-6.284068525350693,-6.283532748070271,-6.283185480901393,-591.9190170974742
999.0,-2.919325331887129,-2.599940537219841,-1.5557976552277548,-6.283728565069226,-6.283687486195265,-6.283185482035913,-591.9190170974742
