time,shoulder link,upper arm link,forearm link,wrist1 link,wrist2 link,wrist3 link,total_reward
0.0,-5.252554937969963e-05,6.136786523034883e-05,-1.5090141487308861e-05,4.169661693096616e-05,2.363609911655788e-06,-2.6281668015244952e-05,-0.9111607981031667
1.0,-0.0022657254643620017,0.004573167528177508,-0.005042494057985102,-0.01107750213257143,-0.011110039660596833,-0.011126123010881362,-1.8218991850784663
2.0,-0.009133117730287405,0.008635127226970714,-0.012761447845474332,-0.02676188521100236,-0.026797467286138642,-0.025696130948554767,-2.7291660408859038
3.0,-0.019428885096208427,0.011321215283436749,-0.024192682316493623,-0.042154770933140163,-0.04436877052491333,-0.03517964848877411,-3.629717140230457
4.0,-0.03255595509727948,0.012596389192286154,-0.03469602814568654,-0.05067600368529671,-0.06271944837765506,-0.05011153336231609,-4.521214537026575
5.0,-0.04634474574752839,0.013169216876658528,-0.04213618693828602,-0.04364665990087552,-0.08060082490676071,-0.06736914482589473,-5.402855180130762
6.0,-0.058628073349323705,0.014050061587941401,-0.05251258831813162,-0.03405284863312448,-0.09781248619544831,-0.0855899615366978,-6.27503017450905
7.0,-0.07214303313693793,0.014613845146863988,-0.0657162622629553,-0.01906372811701971,-0.11279276290293505,-0.10420916424837497,-7.1364346205981155
8.0,-0.0875789885121639,0.014885389654479513,-0.08084268811482445,-0.0017806950693462177,-0.12417548228239111,-0.12049874914372274,-7.985497526654144
9.0,-0.10431460172779927,0.014632597056114147,-0.09288678394075628,0.01054254442982986,-0.1398679360281246,-0.13827708961464513,-8.82166571140156
10.0,-0.12187912969064302,0.014875680741711889,-0.1070468586543562,0.0266258380138475,-0.15744234442875857,-0.15555943417305287,-9.64407031999132
11.0,-0.13820992096289275,0.015000192998718156,-0.12278876007294168,0.04435881885036499,-0.17579433679143275,-0.1714096714301859,-10.45288159970874
12.0,-0.14862112013261244,0.01454525409186324,-0.1337538923765671,0.058683334563102256,-0.18943990768005195,-0.1799190696877254,-11.25218284861503
13.0,-0.1594955275345283,0.014833733014312303,-0.14712405450978808,0.0756555128530509,-0.20608715945910433,-0.19447727937221082,-12.041740505154351
14.0,-0.17209664968007346,0.01499416910686377,-0.16233537693660718,0.09278217610869441,-0.224055298272523,-0.2115811816913597,-12.820004579845099
15.0,-0.18595718343266715,0.015042323242190443,-0.17878180963105053,0.10268252466216034,-0.23766872742893563,-0.2215745472132924,-13.58636494280638
16.0,-0.19822252182565248,0.015013803102596278,-0.1960411964136078,0.11777930232377554,-0.25225105493592925,-0.2367235294501771,-14.3412238311887
17.0,-0.21032013170236982,0.01496652122304416,-0.21383915133522677,0.13512293924750116,-0.26709907255768106,-0.2540709951764005,-15.084552016711665
18.0,-0.22431724240824177,0.014915349087975094,-0.23200034887090965,0.1533853170157844,-0.27374279468934226,-0.2658490708876941,-15.815495821863916
19.0,-0.24011190102763158,0.01486590487946176,-0.2504061003182838,0.17113098085926942,-0.28756114932495735,-0.2811981136654464,-16.532619249897028
20.0,-0.2564993128466406,0.01482316644338136,-0.26897570982623886,0.18643768806258668,-0.3043623424267884,-0.2986188195024429,-17.235415997761002
21.0,-0.2735861334759399,0.014325084946912911,-0.2820784993991029,0.20379494582150065,-0.3223955212685567,-0.31690707794894973,-17.924062314691106
22.0,-0.28970138884872465,0.014583122913674815,-0.29687961143987496,0.22205950470747374,-0.3359732677250581,-0.3355540475608957,-18.599263576974554
23.0,-0.30322055125519165,0.014739672925265861,-0.31304474812289224,0.23893648504595444,-0.35258906062915324,-0.3543494662575555,-19.262154475711203
24.0,-0.3174506939616832,0.01455224443021372,-0.3271967614450773,0.25484603368857084,-0.3705454975554069,-0.3712399567291589,-19.912612763087655
25.0,-0.3284461891666854,0.014518639640052164,-0.34045519783022776,0.2667202320087914,-0.38401005412509387,-0.38927564098367506,-20.552913350493853
26.0,-0.3403591714621289,0.014697743434851666,-0.35551743794758506,0.275782258387065,-0.40057821805070953,-0.4010540043250326,-21.18252316516173
27.0,-0.35447030766246496,0.014701372091607337,-0.3710267317556801,0.2866878838448919,-0.4183439974470811,-0.40863376148908603,-21.799815938610955
28.0,-0.3702286575511436,0.014175845308115586,-0.38029297198845213,0.28883073906992757,-0.43677341901691863,-0.41739032340051613,-22.404880464878683
29.0,-0.3871691228700653,0.01403748430417756,-0.38591050885136685,0.29074182008537147,-0.4536478318553724,-0.42963477184408844,-22.997904673755404
30.0,-0.40485200433423285,0.014581769468273826,-0.39568302788158016,0.2811677833696731,-0.47167992955629856,-0.4457403273193412,-23.578417399728234
31.0,-0.4225197844871145,0.014853238292998812,-0.4085074857472094,0.27408679906445105,-0.4831575491605718,-0.45629993144998987,-24.145978654380603
32.0,-0.4354025613926172,0.014464435775023302,-0.41716389563088796,0.2601260345003542,-0.49623664955246427,-0.4630174258548011,-24.703809295675153
33.0,-0.4451707113364013,0.014244186882826948,-0.4223688781638448,0.24514074802539926,-0.5126855615427183,-0.4768369431644307,-25.254471625262987
34.0,-0.45685079248501026,0.014413372633912727,-0.42810842857972226,0.22905961466604852,-0.5272076483668164,-0.4884561616497045,-25.797230861503156
35.0,-0.47112938285484474,0.014608612104305516,-0.4353532272933328,0.21484370865571742,-0.5429911282775209,-0.49990842944916497,-26.33017593714797
36.0,-0.48684696530476457,0.014859871111857863,-0.4456447500757117,0.1979823827187247,-0.5527080710078532,-0.512608488441421,-26.852247034279863
37.0,-0.5036477651479532,0.01491467180036587,-0.45782001676521317,0.18429754077773586,-0.5663144226342322,-0.5272425307074194,-27.362109961028914
38.0,-0.5212188744265299,0.014778676717193105,-0.46979396930123696,0.16992144724501132,-0.5759453257765983,-0.5443493718970164,-27.859422794936112
39.0,-0.5393093875437623,0.014855342595437611,-0.48399557057907855,0.16348645368375034,-0.590931021403363,-0.5625072975223531,-28.343145920541875
40.0,-0.5556512189732419,0.014865046123938548,-0.49967193458997117,0.15301730605636862,-0.6075537167970119,-0.5786915724772776,-28.813928310037422
41.0,-0.5721207913534164,0.014814909420787068,-0.5164356453197032,0.14056038091775871,-0.6255012894019734,-0.591460870310315,-29.27157618396907
42.0,-0.5877841873681514,0.01112761537034608,-0.5335517494095343,0.12438601067344118,-0.6440102217919301,-0.6077404482061803,-29.71495499160997
43.0,-0.6039427719738588,0.010904185284065424,-0.5506441210128773,0.10658231668705184,-0.6627449709566311,-0.6255550841512282,-30.145171199239034
44.0,-0.6202420508894597,0.012139946868399322,-0.567801768089007,0.08816593843488038,-0.6815799747622991,-0.6440062296133586,-30.562950141928646
45.0,-0.6371720333788309,0.012910492206873705,-0.5842597556249347,0.06947468249721954,-0.7004532359360813,-0.6627206823997039,-30.967924523131778
46.0,-0.6530283091742002,0.013485718412009842,-0.6014751142984455,0.061251565461932805,-0.7193436962647077,-0.6815439362939565,-31.36022804562346
47.0,-0.6670739619621024,0.013864631338037049,-0.6192407045203611,0.046809356686447874,-0.7382411132938771,-0.6910509349813038,-31.740783069087026
48.0,-0.679209899217426,0.013892097502321055,-0.635146890174925,0.029747241059557672,-0.7549684799080503,-0.7060206524846792,-32.11094870190391
49.0,-0.6920003969788676,0.013912964689861534,-0.649992999146163,0.020355958600614895,-0.7719593376152746,-0.7232946507352618,-32.47060797148855
50.0,-0.7046423827096361,0.014145169805048211,-0.6660939392252807,0.005461816664243788,-0.7870522557972432,-0.7415223446987075,-32.819784417166865
51.0,-0.7187998075296401,0.01424280416985106,-0.6831403168335988,-0.011779517841566915,-0.7993415585015098,-0.7563702097437001,-33.15759366721641
52.0,-0.7299520377086129,0.014196569843467916,-0.6996084424841803,-0.030005239885454726,-0.8154281919451559,-0.7625885619528973,-33.485368735121405
53.0,-0.7421405565560758,0.013582394403640455,-0.7083486444451506,-0.048621518959160184,-0.826193069792733,-0.7747735452851205,-33.80426415234824
54.0,-0.7567372096286554,0.013873547261114838,-0.7186405627633363,-0.06399350770284695,-0.8416296610890028,-0.7869958093026294,-34.11316777157749
55.0,-0.7729386718579621,0.014179154330641947,-0.7317350038455125,-0.07738821819703162,-0.8590995965404203,-0.8030683106048414,-34.4106742717448
56.0,-0.7901494961182577,0.014290861952336184,-0.7467889132358742,-0.08668766799575808,-0.8735215195116828,-0.8207976280237238,-34.69590868898796
57.0,-0.8059424292435146,0.014336230716757836,-0.7631254850019659,-0.10010022039941521,-0.8903123708519142,-0.8392135917045573,-34.96921731260944
58.0,-0.8221320207364716,0.014290336856772213,-0.7802760880002616,-0.11670410847830587,-0.9078000458449415,-0.8531658083256705,-35.2303381796701
59.0,-0.8392824781017981,0.014208141207663953,-0.79787831980976,-0.1345921566330892,-0.9261075883418477,-0.8699393004948253,-35.47881108411179
60.0,-0.857065406455462,0.013911194987479742,-0.8131463803774673,-0.14870853581093768,-0.9404023892377793,-0.885236316216863,-35.71509201630515
61.0,-0.8752758907962602,0.01399354779147968,-0.8295041285194621,-0.16553591788042546,-0.9573260163185625,-0.9026002397996822,-35.93921051407203
62.0,-0.8937033725724975,0.013641516314011929,-0.8415642090599231,-0.18359423559768645,-0.975408087397665,-0.9208640411296135,-36.152226664327905
63.0,-0.9123563285003095,0.01381936834006619,-0.8557108048938774,-0.19153062621559294,-0.9933009436546564,-0.9340848337503485,-36.35459289684196
64.0,-0.9310927455414225,0.013967624784585696,-0.8714295438830801,-0.20585621566049617,-1.0117739982217908,-0.9505444622839136,-36.54629064822967
65.0,-0.9476964488755603,0.013906652087376221,-0.8868480277807166,-0.2228795596387678,-1.0304991363471627,-0.9678666097531873,-36.72834425620815
66.0,-0.9625275083225058,0.013931451184665117,-0.9034027017278883,-0.24097387090682368,-1.0484080635417106,-0.986104597226044,-36.90144232457248
67.0,-0.9780936396951817,0.011623566908744864,-0.9205726099721943,-0.25940642855260304,-1.0668814298927207,-1.0047306697474523,-37.064223602338515
68.0,-0.9947837746057772,0.011020136840927555,-0.9387288532994564,-0.27566710782288245,-1.0791826176175883,-1.0202113149433918,-37.217766864601415
69.0,-1.0122818487569334,0.011721696470335573,-0.9569829243146066,-0.2934029672007198,-1.0944160243790912,-1.0376412665757002,-37.363826701830824
70.0,-1.0275008859739518,0.012227160041201342,-0.9730311529062989,-0.31181599006446914,-1.1117897898469729,-1.0486201278145761,-37.50412080644578
71.0,-1.0431835005660377,0.012700860100201133,-0.9899850082574008,-0.3269771669223236,-1.129633834962554,-1.0641581861867162,-37.63953016952746
72.0,-1.0586210482629157,0.013013675969455513,-1.0075667008357707,-0.344267764785144,-1.145510221906047,-1.0816660298514424,-37.77067463940966
73.0,-1.0705607847435403,0.012988191966956147,-1.023090619505785,-0.3570054985027789,-1.161386198944056,-1.099990457068349,-37.898689386643646
74.0,-1.0752121488730308,0.012820279012791338,-1.0341210486805996,-0.36424737153299747,-1.1790093793618734,-1.118652489198939,-38.024478176134735
75.0,-1.071979330998528,0.012988839800124082,-1.0436595739032615,-0.37825008871835514,-1.197381070228585,-1.1374541213592233,-38.14698872568979
76.0,-1.0656216772349163,0.013309460022586614,-1.056026149271183,-0.3951123796671561,-1.216056096085631,-1.1555112450192933,-38.264564912564495
77.0,-1.0614319212714394,0.01337904176410158,-1.0706483208776592,-0.41126515721942564,-1.2342808997634356,-1.1726004619534547,-38.37662532667327
78.0,-1.0548957884651156,0.01339802573723337,-1.0866744263221433,-0.42672367990859145,-1.2493710428067473,-1.1849841801798504,-38.48212311452272
79.0,-1.0496726334661721,0.01319669689480819,-1.1018686355398508,-0.4441693915065451,-1.266628447185727,-1.2010917105283245,-38.581272438477725
80.0,-1.0430408611180901,0.012997254884282347,-1.115152917431773,-0.4595060845298314,-1.2848544626310217,-1.218834630546004,-38.67463017004269
81.0,-1.0326108724391392,0.013079922561342924,-1.1301856836485134,-0.46601455625700555,-1.3034774686713222,-1.230918850608868,-38.762174155738855
82.0,-1.0240186726491094,0.012954186386409541,-1.1455206938807911,-0.46434512257619853,-1.315401094021229,-1.2468930736661963,-38.84473881894478
83.0,-1.0193380879521368,0.012706766937012679,-1.1571626045416457,-0.474833033360081,-1.3313196831697447,-1.2645806892870695,-38.92296181290707
84.0,-1.021991465541471,0.012834586656190554,-1.1710744463781637,-0.4902447353953205,-1.3489844507031405,-1.2829794972723843,-38.99669820748489
85.0,-1.0291781467944632,0.012530684734752431,-1.1815306041445242,-0.5038237194172042,-1.364258947420506,-1.292014777011849,-39.06742344618432
86.0,-1.0337687412286,0.012687771567789177,-1.1926530877509172,-0.5180743211207521,-1.3816165023619724,-1.3067962864023834,-39.13557348369808
87.0,-1.0391656674140528,0.01284072046242541,-1.2063587798111148,-0.5342785633700707,-1.3998716934645428,-1.3214657935336749,-39.20104321751544
88.0,-1.0414440052037532,0.01283823587193741,-1.2218101870419231,-0.5402712397065891,-1.4185115233217678,-1.338573675920106,-39.26425297093634
89.0,-1.0400917525303006,0.012628340404145146,-1.2364114352131137,-0.5327387624177048,-1.4238240377621176,-1.356731706072611,-39.325331629532364
90.0,-1.0343429310157934,0.012495927970227052,-1.249428803982888,-0.5185371859942981,-1.4226009744826797,-1.3753249496249427,-39.38434097741755
91.0,-1.0323292182133887,0.012507229085096163,-1.2631847453571596,-0.5091837773379594,-1.4291520044613633,-1.394098292041261,-39.44268806998388
92.0,-1.0363677495015895,0.012496696847135993,-1.2782289981437758,-0.5025032003021774,-1.4428827280328678,-1.4129459577390544,-39.502319066837835
93.0,-1.0397696227343058,0.012381113790989608,-1.2926953893636104,-0.4887102643659369,-1.4580954578084173,-1.4318242290515772,-39.56474269173009
94.0,-1.0435003585958529,0.012451856325230264,-1.3085799879904203,-0.4797446337391281,-1.475442250374851,-1.4441041134096273,-39.630241646006006
95.0,-1.0478791852377842,0.012368360869788373,-1.3239383331636232,-0.4778254559640062,-1.4922036146703364,-1.4548811163357227,-39.69873708529282
96.0,-1.047450034724007,0.012406189314896206,-1.3403925593805144,-0.47516316268797154,-1.5075439403302255,-1.468618675948516,-39.7694511175887
97.0,-1.043420610788982,0.012249789097315398,-1.3557965353224244,-0.4708806873102022,-1.5231747176041646,-1.4837149761911104,-39.8419055356387
98.0,-1.0349181439001727,0.012106044115808269,-1.3694300142228386,-0.4632543842740488,-1.5406942874973066,-1.5010137278535745,-39.915850621365436
99.0,-1.0302383510594557,0.012058746835628593,-1.3848229359291266,-0.44908678642968486,-1.5590132048658853,-1.5192511716182973,-39.993590325607514
100.0,-1.0331351503971864,0.011964371613434477,-1.4014311203863685,-0.4321386124941339,-1.5699271336309728,-1.5346236339089643,-40.077023553889994
101.0,-1.0363557209130978,0.011947472364839786,-1.418522810123855,-0.414039426645076,-1.580337996596746,-1.5505458739430238,-40.166663003817874
102.0,-1.0428202949879288,0.011909146610285904,-1.4362664166106685,-0.4025237666217115,-1.595637320447817,-1.562037139295693,-40.26299384918569
103.0,-1.047085772761758,0.011856080969789596,-1.454370303732873,-0.3867658901707258,-1.6130565952960456,-1.5750642824907792,-40.36640246565909
104.0,-1.0503088803731104,0.011799406442794882,-1.4727725292462146,-0.37311505779515786,-1.6223633883018052,-1.5914875029016815,-40.4762984350004
105.0,-1.0469566405950648,0.01175552535233103,-1.4903858062292645,-0.3613891244187162,-1.6372511877267344,-1.5998512249893106,-40.59158229446903
106.0,-1.0381110078894427,0.01166691629140634,-1.507642964806351,-0.34554034793996363,-1.6517268485549128,-1.614355915362688,-40.71189040611185
107.0,-1.031181085543161,0.01151203886338702,-1.5245763653673903,-0.32789957446010704,-1.6538152703993725,-1.6305049058215844,-40.83747853559806
108.0,-1.0293688643924321,0.011268306710963282,-1.5384531032366624,-0.3132421507925,-1.663287585752103,-1.648251733370012,-40.968338641597384
109.0,-1.0340211277350435,0.011080631601241142,-1.5491368155872443,-0.30007988841431693,-1.6766430061115567,-1.654940119384434,-41.10419412690805
110.0,-1.0413274342242553,0.010970426011146886,-1.5562613840910646,-0.2836153702635085,-1.6932295794990917,-1.666508184088098,-41.2448093498642
111.0,-1.051638169657,0.010992252013418052,-1.5609884456302325,-0.2728013685250444,-1.7111728470519398,-1.6788770249636427,-41.38971092707165
112.0,-1.058566588833347,0.011070593048925156,-1.5640770227316194,-0.2584441906528635,-1.7296837653234713,-1.695016826524751,-41.53855204192734
113.0,-1.0620522097392278,0.011137721770750477,-1.5661436120937107,-0.24143295099167955,-1.7419791316218864,-1.707874879776651,-41.69052484159601
114.0,-1.0590909004106535,0.0112502196904799,-1.567479244689424,-0.22487116893131442,-1.7580453587715061,-1.724193407801413,-41.84451946773814
115.0,-1.0558316461998978,0.011210876428283258,-1.5677057865181627,-0.2069698623307667,-1.7657250555395458,-1.7420241367958205,-41.999939681633776
116.0,-1.0480547894274779,0.011334942207268198,-1.568502702275149,-0.188470984475806,-1.7754176329128741,-1.7604820090617759,-42.15644101412509
117.0,-1.0363709082258128,0.011409748817463419,-1.5690647661242185,-0.17997144397000037,-1.7861388390087927,-1.7774535431256895,-42.31280113874584
118.0,-1.0301779040238648,0.011272244826729913,-1.5695683237728748,-0.166438231935256,-1.7996828479730655,-1.7830278072455872,-42.470331494750134
119.0,-1.0239919881951913,0.011273857821074512,-1.5698225660305012,-0.14976338253103672,-1.8154366058677187,-1.7964413664536203,-42.62944756130309
120.0,-1.025098509333291,0.011218822767003988,-1.5700725293881943,-0.13802653843180807,-1.8330135317877447,-1.8002713076407726,-42.790456919187875
121.0,-1.0292963307622929,0.011203177773899581,-1.5701880278863156,-0.12218771028564172,-1.8513728930563145,-1.8083246133243858,-42.95411610207537
122.0,-1.03253665622755,0.011248439558344913,-1.5702256170433757,-0.10454502430530975,-1.8700518054900481,-1.8158090764825794,-43.120577744413595
123.0,-1.0402518320392287,0.011248545248767644,-1.5703021113018187,-0.09338731012721461,-1.8835700687386836,-1.8184637003601267,-43.28971170593473
124.0,-1.0418906461956707,0.011330194399921962,-1.5702444361508918,-0.07777060634295452,-1.9001656210049587,-1.8306672445402816,-43.46127672956552
125.0,-1.0365559074874373,0.0114226381419447,-1.5702059454583523,-0.06790836461742251,-1.9181101832884258,-1.8431637244632908,-43.63372228957327
126.0,-1.0284450691616396,0.011394260010007788,-1.5702358254195088,-0.05513619150421078,-1.9356606390094702,-1.859354520165336,-43.806916393252656
127.0,-1.021081293200639,0.011337071879427426,-1.570288701553127,-0.03880475812480643,-1.950714594596389,-1.8771329785905921,-43.98130206123268
128.0,-1.0115809562157398,0.011350986833574559,-1.570283311869398,-0.02096072727450816,-1.9679714537151662,-1.8824628305352435,-44.156941740737324
129.0,-1.0023502909232733,0.010661239524073178,-1.5702784509187144,-0.004149043359179438,-1.986188974974951,-1.894387364318119,-44.33397696481052
130.0,-0.9957728691481751,0.010722029066906374,-1.570370224024233,0.009090651623125313,-2.004806134529118,-1.9048429408425012,-44.512263443322645
131.0,-0.9870087463079611,0.010941262500610456,-1.5703354088374288,0.025574654286045002,-2.01517000307283,-1.915820539336341,-44.69184355614138
132.0,-0.9753957452701575,0.011101015162509793,-1.5703098498784314,0.043481190756623406,-2.030474121929382,-1.9313688800688773,-44.87293085117153
133.0,-0.9724254011212338,0.011081706563830788,-1.5704176671073828,0.05880896845701062,-2.042165755605001,-1.9482394459425232,-45.055735796408
134.0,-0.9771010535745512,0.011092937150155123,-1.5704580302411693,0.07218287274961209,-2.0579931362459494,-1.9654299731674565,-45.24038093736116
135.0,-0.9843887348476753,0.011162512531335272,-1.5704315857338198,0.08173511453957115,-2.075627097489866,-1.977748983716197,-45.42669045705852
136.0,-0.9949814785091812,0.011159315947850749,-1.5704326558134267,0.09669072907331103,-2.089463506567265,-1.9938278714170332,-45.615650470960745
137.0,-0.9989206721076647,0.011319506493239739,-1.5703211378389563,0.10459205932976288,-2.10405860776157,-2.0093066425038155,-45.806073743656945
138.0,-0.9998385605737052,0.011312847963713107,-1.5703166998787477,0.11873625550547019,-2.1211381686673207,-2.0267537762139978,-45.99833655687045
139.0,-0.9954026333549552,0.011370420109067587,-1.5702764152396493,0.13182954531568214,-2.139287092884222,-2.0354181977194905,-46.191759917783
140.0,-0.9860309460161423,0.011398320092828257,-1.5702590972298254,0.14405129977129252,-2.1578751170310846,-2.0500477682978513,-46.3857418767144
141.0,-0.9797073888261157,0.011312840932944728,-1.5703347698314887,0.15852427154147447,-2.1766403486728847,-2.0668433178557546,-46.5808318993273
142.0,-0.9803454138369952,0.011241800769007233,-1.5704102426316815,0.16947586403351428,-2.1911734107728384,-2.082015413830293,-46.77723381883754
143.0,-0.9822327115815943,0.0112362186799904,-1.570399652335867,0.18498831112998326,-2.208199657581142,-2.0987555835632805,-46.97552332277888
144.0,-0.986256453890163,0.011226379569820848,-1.5704092592542096,0.2024944004062457,-2.2263232736931657,-2.109757596940692,-47.17613893163561
145.0,-0.9856494697008945,0.011309400973019558,-1.5703422861721863,0.21884822536643386,-2.2449065764520566,-2.1173556277194088,-47.37848196084883
146.0,-0.9804321232732142,0.011343017194817184,-1.5703126672777592,0.23666053090101072,-2.2636740026936137,-2.131523788308847,-47.58217797732956
147.0,-0.9718718276811484,0.011379254581583656,-1.570300910305958,0.24705883564408804,-2.2754423398077193,-2.145342094230585,-47.78615810390291
148.0,-0.9683584877905254,0.011266784088688158,-1.5703856885732301,0.262377407542033,-2.285035130857447,-2.1572441059164396,-47.991428163920546
149.0,-0.9667125440333787,0.011251576588817938,-1.570394964081182,0.2798000430858389,-2.2999946614370637,-2.173166917019057,-48.19832533480714
150.0,-0.9621655772486553,0.011293265392779623,-1.5703591367792409,0.2980883761846253,-2.317268311141988,-2.189033048178779,-48.406653097911416
151.0,-0.9599227382818158,0.011257299442958734,-1.5703966234356121,0.3167385137734602,-2.335492973133896,-2.2066480613048807,-48.61659167503334
152.0,-0.9608354697255124,0.011240961611602361,-1.570420257375075,0.3323339543163447,-2.3541142959056427,-2.2250159668288885,-48.82801569677065
153.0,-0.9636110061732654,0.01122894716964388,-1.5704234028460773,0.34980656514607517,-2.3729001468424444,-2.2436959041675317,-49.04123912042375
154.0,-0.9648972950130709,0.011266232447554397,-1.5703941974905529,0.3655983971272742,-2.391754184483432,-2.2620841486463044,-49.255938913078644
155.0,-0.9682344034330107,0.011236468466478787,-1.5704163757324525,0.38316974796525005,-2.4106329947999585,-2.2807653869664835,-49.47246877406345
156.0,-0.9669787679814432,0.01128018752619048,-1.5698965017854618,0.40151550830049515,-2.428947452343863,-2.299574665356414,-49.69032965246985
157.0,-0.9633906610369768,0.011318228294609704,-1.5700325831291282,0.41908347712368044,-2.4475931645785014,-2.3171234655095323,-49.90928181947651
158.0,-0.956816729140642,0.01132394301328295,-1.570129491383325,0.437409942867604,-2.466388245796368,-2.3314357257408247,-50.129078395315005
159.0,-0.948431611762428,0.011312122127962622,-1.5702084803096064,0.45607262286702477,-2.4722353779568147,-2.348370088435551,-50.349986037278576
160.0,-0.9420636590845145,0.011271439121139171,-1.5703003435537783,0.4728719433973057,-2.4842402251472913,-2.362542029730075,-50.571859731082846
161.0,-0.9434821488219357,0.011177098383996055,-1.5704135733608156,0.49086837913942893,-2.5002652182217,-2.3794205277136027,-50.79521967779026
162.0,-0.9510299004676729,0.0111438336351714,-1.5704601151082964,0.5093895483597348,-2.5137820034212797,-2.397482993531078,-51.02067091727992
163.0,-0.9539824240611242,0.01123382572306612,-1.5703917817848962,0.5281211590568119,-2.5240950840384118,-2.4071357055728293,-51.24799279578104
164.0,-0.951200315490262,0.01128906842139796,-1.5703558826164408,0.5469511872928687,-2.539345885406196,-2.4221574013098928,-51.47648700842076
165.0,-0.9464162648509112,0.011287697556533572,-1.5703709932094294,0.5629317760294679,-2.5525024519834276,-2.4394526338362486,-51.70573984943226
166.0,-0.9406202403237375,0.011284680534224148,-1.57038741621227,0.5723728544091553,-2.5656154067898096,-2.4551912098663498,-51.934989602870424
167.0,-0.9352286970176953,0.011263338091363468,-1.570411428025494,0.57611393210825,-2.582066554575085,-2.4727415529864376,-52.163514809572156
168.0,-0.9290107033999758,0.011247822999074463,-1.570409792452523,0.5829989411833147,-2.5993392623103966,-2.4871727275469073,-52.3915073674477
169.0,-0.9242538041661509,0.011204322160308939,-1.5704333696421127,0.596852419621239,-2.617555420335346,-2.4968302014869184,-52.61972401262779
170.0,-0.9235140880911921,0.011168797664291557,-1.5704752224391034,0.6079691860529101,-2.630466444130963,-2.5118297567181296,-52.848397166207825
171.0,-0.9199147689284352,0.011218501404148033,-1.5704321275462,0.6180936252100404,-2.646796543969752,-2.529115093646186,-53.07704170173174
172.0,-0.9225640417970431,0.010631904990817806,-1.570481024558458,0.633285129986331,-2.6646312351386614,-2.546589727342704,-53.30652032499134
173.0,-0.9224567465584914,0.01077240616081312,-1.5704640998327812,0.6416040818299236,-2.6757997282392165,-2.5648874636842742,-53.53623357711177
174.0,-0.9192830238797026,0.010951504940944783,-1.570435232405568,0.6464273311750665,-2.681656568404807,-2.5835380665913568,-53.765876247136596
175.0,-0.9138116949405078,0.011067385269230868,-1.5704230769872556,0.6445831010465198,-2.693065546935041,-2.5954358318418054,-53.994367605681546
176.0,-0.9066516455216042,0.011108733445919177,-1.5704115405822032,0.6549950247383804,-2.7088365483826955,-2.611342661172389,-54.222567783409836
177.0,-0.9006799063018435,0.011117988659326906,-1.5704379287274435,0.6701036496150109,-2.7264424908914497,-2.6290027277652954,-54.45094195515669
178.0,-0.8996212368179672,0.01110382123133268,-1.570495097782442,0.677810922558313,-2.744807029619656,-2.6468492399838564,-54.67892978745101
179.0,-0.9050842912387325,0.011071970485456216,-1.5705359115795388,0.6852875745568915,-2.763486786179585,-2.6588477526081533,-54.906733882226334
180.0,-0.9150627469434153,0.011074130350124884,-1.570535654505018,0.6951437064845963,-2.7822966580526165,-2.67092126094645,-55.13489055990719
181.0,-0.9263884244101502,0.010710585667650332,-1.570493133415893,0.7033387166390087,-2.801159663867164,-2.684402118240217,-55.36359105527568
182.0,-0.930794430594584,0.01086591248027725,-1.5704319625108283,0.7132471247451089,-2.8199244418087237,-2.697008298142925,-55.59245058247665
183.0,-0.9273958409391793,0.011051993967361857,-1.5703787112573138,0.7195790100433939,-2.8336693144710083,-2.7132367730348355,-55.82069350125241
184.0,-0.9185686695057668,0.01113729686723034,-1.570359721653603,0.7318515100317137,-2.8322661840342693,-2.730067532901976,-56.04936255804554
185.0,-0.9086981389900762,0.011166845999222314,-1.5703974230851692,0.7380667159360634,-2.8428805143850897,-2.7363496948054853,-56.2772427415399
186.0,-0.9008027568054502,0.011148573600685711,-1.5704417747102513,0.7444885098708744,-2.8566855307576846,-2.7432227410870045,-56.50431175443027
187.0,-0.8937408601216635,0.011153324350281327,-1.5704590481818526,0.7469024842500356,-2.8632393850238267,-2.7545706328821593,-56.73078323563495
188.0,-0.8890479966031715,0.011139491330099756,-1.5704889357060665,0.7443262501869691,-2.8770148756326575,-2.7625123364626423,-56.95586296038019
189.0,-0.8842131078189307,0.011142012145123288,-1.5704721735097678,0.7516383023754478,-2.8937998119841573,-2.7766060369624066,-57.18020027571636
190.0,-0.8843044092052236,0.011100746740562328,-1.5705228545962575,0.7568356950472499,-2.911825084340613,-2.7935138540704547,-57.40372562572836
191.0,-0.8879359842251489,0.011105086129444178,-1.5705365864655523,0.7511408530711975,-2.928289458662332,-2.808718110357742,-57.62569130473163
192.0,-0.8926443242210049,0.011105078428456145,-1.5705081313304943,0.7583810510349372,-2.9409636303799522,-2.8260410301636663,-57.847544915623445
193.0,-0.893063352366573,0.01116871703039588,-1.5704518225121948,0.7696771532810106,-2.9523456789663203,-2.8442877955223,-58.069564711147464
194.0,-0.8871984113546472,0.01122916379993321,-1.5704082610482066,0.7802503916447484,-2.9550938223239336,-2.8554566443308196,-58.292015790936965
195.0,-0.8845880441037335,0.011161634069186206,-1.570472205788279,0.7952029965625886,-2.9665509137716346,-2.869233034679225,-58.51487296129322
196.0,-0.8822302998647119,0.01116265054592308,-1.5704750262767126,0.8116730093498215,-2.981191389316069,-2.885434014402423,-58.738004706016426
197.0,-0.8781412774725609,0.011184563358401348,-1.5704733310993437,0.8218783645789492,-2.99648332892431,-2.902837449483793,-58.960740852958864
198.0,-0.8800459771365057,0.011117161901193605,-1.5705466844967966,0.8217710151025668,-3.0120819398265066,-2.9177373129375948,-59.18235542771238
199.0,-0.8841708319086093,0.01110845552333352,-1.5705319445858708,0.8286341250479121,-3.0290527487044754,-2.934842384462575,-59.40335595743504
200.0,-0.8928201318300609,0.011088069233573394,-1.5705583949458086,0.8265574371424863,-3.03617680498125,-2.9498324028545366,-59.62403109169486
201.0,-0.8938274075693076,0.011192356094825103,-1.570451302309337,0.8290784474865524,-3.048837956792195,-2.9651684912882894,-59.84396121242058
202.0,-0.8922303661455583,0.010480897473765228,-1.570423545191458,0.834931338835727,-3.062019408255534,-2.976832077346308,-60.06338574555289
203.0,-0.8921520207181847,0.009312539337027895,-1.570452022755702,0.8466368262446095,-3.078323180085323,-2.992335092483139,-60.282764329222786
204.0,-0.8926640956507407,0.009689904139183476,-1.5703652182881942,0.8561239799912584,-3.0956342129889522,-3.009262342412374,-60.50150393276575
205.0,-0.8913968090184377,0.006844376488830445,-1.570258904776006,0.8616205565037199,-3.111224195158973,-3.026525818975982,-60.71996543090848
206.0,-0.8869722927078728,0.007675420057336872,-1.5704867231669957,0.8674780967119311,-3.121756370933757,-3.044941903331842,-60.93772936030028
207.0,-0.8851785239388243,0.00795109861709455,-1.5704717042992153,0.8750268069488492,-3.131501931230233,-3.061389085690901,-61.15511899003687
208.0,-0.8795380014225296,0.008932080232372663,-1.5704822727732763,0.8775669615644274,-3.138008767378644,-3.0787041618391218,-61.37172088152746
209.0,-0.8806878469875198,0.0096246073743164,-1.5705410856892081,0.8877350699281719,-3.1477731108788998,-3.0968398312027263,-61.58821012209805
210.0,-0.8809402072335408,0.01017372459109126,-1.5705009868596256,0.9018655108432189,-3.1626036666639434,-3.1152288888219637,-61.8045025905693
211.0,-0.8752181444093806,0.01057472316541901,-1.5704544650296361,0.9118050953114007,-3.1789803653855686,-3.1337855607807574,-62.01992897129842
212.0,-0.8744205091762135,0.01071527978111144,-1.5705325611061347,0.9159283994305384,-3.195912825402676,-3.152526042404689,-62.2342076679666
213.0,-0.8734456875787504,0.010868479108721314,-1.5705140127916104,0.9193603509125173,-3.2127275295130886,-3.171427745046812,-62.4472377371122
214.0,-0.8695639199048885,0.01098786934817463,-1.5704882240990028,0.9195404573006567,-3.2306974132368866,-3.188431473508287,-62.658587274915654
215.0,-0.8693472688001358,0.010996580862455788,-1.5705356457286785,0.9158093036096742,-3.248561153337601,-3.199804396395101,-62.86809873377707
216.0,-0.8716915134866992,0.011016628903418616,-1.57053587665433,0.9207410003021501,-3.2671818206759964,-3.2142793806680294,-63.07642552667279
217.0,-0.8727845483662929,0.009110359333397046,-1.5704368125537613,0.9309264830575464,-3.2859642883606988,-3.228302379035438,-63.28437797785381
218.0,-0.8753106466104883,0.00939348898726753,-1.5705801379426503,0.943276912332744,-3.3048051854891947,-3.245133861126419,-63.49174396023108
219.0,-0.8738406445789555,0.010042788672853792,-1.570519207795301,0.9489979348144347,-3.3207800169325257,-3.2631774090084695,-63.697940289105375
220.0,-0.8736694359471604,0.010402746741053294,-1.5705306051388013,0.9567854209012358,-3.331213506980496,-3.279675232059153,-63.903703652565945
221.0,-0.8681717378456667,0.010710851066891257,-1.5704685379503638,0.9678128786925726,-3.3327850869570366,-3.2915607798253657,-64.10992650393247
222.0,-0.8692417088935156,0.010778124847213908,-1.5705546146796423,0.9834308471555536,-3.3445834218651096,-3.307457797282848,-64.31638376951462
223.0,-0.8713265703783388,0.010898459672778695,-1.5705584094889447,0.9849538881145963,-3.360548338116145,-3.325113702740083,-64.52161085608502
224.0,-0.8711543143032089,0.010993393487780634,-1.5705206575433894,0.9929929883303857,-3.3782377890402655,-3.33765069314215,-64.72584313952537
225.0,-0.8667711907668798,0.011072081435521536,-1.5704833013497015,1.0073448750477472,-3.396637454583121,-3.3482461228138205,-64.92943767926796
226.0,-0.8627962695600526,0.01107557852556673,-1.5705189043950236,1.0155391909384863,-3.4084163274629398,-3.360297890264635,-65.132594749292
227.0,-0.8567222665540213,0.010949744945698545,-1.5656381681094371,1.026615587557512,-3.4242753963853882,-3.3763074017915855,-65.3338258785753
228.0,-0.8474334472772697,0.01121536175995066,-1.5657581667990728,1.03457006241343,-3.441921348126727,-3.394011020634998,-65.53415871243098
229.0,-0.8461447332078448,0.011135651958328047,-1.567387083879937,1.04712859636209,-3.4603069813143885,-3.4124162582136313,-65.7344131066927
230.0,-0.8448487536155908,0.011115308545299041,-1.5684353058754645,1.0566751505344005,-3.4786232390246856,-3.431111712679338,-65.93420512024183
231.0,-0.849390650182778,0.011036011206575316,-1.5692045919655828,1.0567702939518322,-3.4914666087062103,-3.449927117944873,-66.13302911977826
232.0,-0.8584642025669709,0.011013995763440297,-1.569679784336583,1.0552977602913978,-3.50491229901004,-3.468792045924397,-66.33054740172963
233.0,-0.8622209416028757,0.011097190929557348,-1.5699114745123817,1.0516220292555358,-3.521505300811637,-3.4835897916189213,-66.52635366418374
234.0,-0.8585173820442361,0.011159634721172852,-1.57004860957544,1.059871810366831,-3.5394321338606702,-3.499918414190405,-66.72126360107146
235.0,-0.8535449878866369,0.011137534425551222,-1.5702152560417466,1.0685203849575686,-3.5579325140391966,-3.517739771240805,-66.91540736668749
236.0,-0.8502052390218273,0.011100968026241742,-1.5703472318349059,1.0750990913336227,-3.57649931112601,-3.5361934045550383,-67.10864241361503
237.0,-0.8451816210928403,0.011113723355762956,-1.5703914556107934,1.0887292786091605,-3.589450694660695,-3.5549088342644866,-67.3020141417935
238.0,-0.8432560814605196,0.011066932305197438,-1.5704906735786055,1.094318869670336,-3.6030292747857007,-3.573732550308598,-67.4948665000028
239.0,-0.8437187584188997,0.011051038225903271,-1.570527914001722,1.1027448312596801,-3.60818120793057,-3.5875490879713974,-67.68791080556025
240.0,-0.8461417311095922,0.011038500062081987,-1.5704210862899903,1.1151134998211385,-3.620924076715226,-3.604261263612485,-67.88073031027393
241.0,-0.8476654198789872,0.011066702692313045,-1.570463114767261,1.1206108268897967,-3.634555164880631,-3.622254544536708,-68.07279786963211
242.0,-0.8510581026592985,0.011047102392216606,-1.570522732881677,1.1188673904235003,-3.6512341526792835,-3.6407795880207066,-68.26324650727342
243.0,-0.8541798645753437,0.011063772931096548,-1.5705152827389433,1.1293136461355853,-3.6653445682357932,-3.6595244558999918,-68.45315704626816
244.0,-0.8571993909986501,0.011065949842992086,-1.5705363621435564,1.1379585848701503,-3.682199065596669,-3.678360333996908,-68.64225495710222
245.0,-0.8609475480169342,0.011060898416241496,-1.5705492935072893,1.1513557053146017,-3.700254676201891,-3.6972337679941067,-68.8307813596204
246.0,-0.8580276986203421,0.011130123366117545,-1.5704970928384923,1.1658194504519634,-3.7188018783096912,-3.7161228100431476,-69.01902649451812
247.0,-0.8523288162588901,0.011123205608100342,-1.5705167867055103,1.176944249686251,-3.737560153934224,-3.735018191921804,-69.20699734289173
248.0,-0.846208953134037,0.011100572017484147,-1.5705429984916495,1.1848928141512456,-3.7459908401778015,-3.7539161966657684,-69.39537072355661
249.0,-0.843838865310966,0.011040675421627217,-1.5706064848769237,1.1814446128354676,-3.7532657861392917,-3.767592323674806,-69.58317649751203
250.0,-0.8482464533086935,0.010983561151213966,-1.570647779713181,1.1831777588770067,-3.7638971606584746,-3.7842433756749863,-69.77002355545163
251.0,-0.8464489192184995,0.011080371603148004,-1.5705526975789517,1.1917053228076455,-3.7793144348847063,-3.802211297158939,-69.95645410620232
252.0,-0.8497889447787125,0.011010252413335198,-1.5706212572407865,1.2014579365500777,-3.7903285415783956,-3.820725859920318,-70.14265292627937
253.0,-0.8533927820598705,0.011028891588248954,-1.5706052413169325,1.2109767256183703,-3.803137678208782,-3.83946650330052,-70.32840573851033
254.0,-0.851741811782337,0.01043899594259519,-1.5705464737078,1.2083549550087995,-3.819471240592891,-3.858300685497457,-70.51300874787916
255.0,-0.8488377634955426,0.010525266552941167,-1.5705949791934335,1.1988293768656948,-3.83642151441041,-3.877173324417864,-70.69590187417069
256.0,-0.8472309400596357,0.010698083570548479,-1.5705883679099608,1.199702791464522,-3.854503124584431,-3.896061859132315,-70.87770430003944
257.0,-0.8493022924310196,0.01078854689956192,-1.5706108934037166,1.2065528793908862,-3.8711383209561294,-3.9149571077557046,-71.0587134684516
258.0,-0.8548750614036429,0.010851118225589502,-1.57062600502517,1.2157626204998757,-3.8890685233417166,-3.9338551405922146,-71.23873140661684
259.0,-0.8534952499933844,0.010990147148263879,-1.5705545972498993,1.2171388101753056,-3.9071998887528565,-3.9491875578453115,-71.4177244789177
260.0,-0.8460002296493564,0.011062909028873384,-1.5705194522720283,1.2186663403935052,-3.9257797410920072,-3.966551673471072,-71.59644947321999
261.0,-0.8433446247983043,0.011002872958351576,-1.5705919778432624,1.2242879526937014,-3.9445557460201335,-3.982503170176954,-71.77492622795498
262.0,-0.8440015324643575,0.010990694713776804,-1.5706137891809213,1.2323092550380268,-3.963401445667348,-3.998926672960734,-71.95291841479519
263.0,-0.843710033824323,0.011013209601099855,-1.570614192611041,1.2244059772616198,-3.9822755522969295,-4.015324969548424,-72.1293110935209
264.0,-0.8490016044905484,0.010970548531750798,-1.5706477874724867,1.2220678510753316,-4.0011713200938575,-4.033165144091608,-72.30381365739113
265.0,-0.8518278671064375,0.011028723385496769,-1.570599856035015,1.2129738308732754,-4.014479911643263,-4.043991046835204,-72.47645849972396
266.0,-0.8574573747735171,0.011011304680865903,-1.5706037995578503,1.218629579128681,-4.029257995019387,-4.059471623604909,-72.64800608270042
267.0,-0.8572915250525446,0.011088250813501559,-1.5705384092544723,1.2260954017186956,-4.039793217879483,-4.0657560610416095,-72.81951958135377
268.0,-0.8574743459555004,0.011061724220060862,-1.5705691383758058,1.234853873904311,-4.047793257235153,-4.079438011611515,-72.9913249591953
269.0,-0.856522346360934,0.011064609988858247,-1.5705735243434358,1.2379759763886746,-4.052707072045367,-4.096180870264373,-73.16327216141254
270.0,-0.8581107542765823,0.011029651665364527,-1.57060356694419,1.2449537242367135,-4.064981579314336,-4.114189022947911,-73.33500763568682
271.0,-0.8651875944444753,0.010983197072713313,-1.5706457649704626,1.252378880118639,-4.075091397503621,-4.125401486333759,-73.50595385606155
272.0,-0.865898215739444,0.01107571141634987,-1.5705595721733197,1.2644038852702189,-4.090246116252519,-4.141035083889888,-73.67695911657377
273.0,-0.8652449695014837,0.011062151754850754,-1.5705805449348509,1.272447534489865,-4.1036424034242245,-4.155037388706616,-73.84812178646223
274.0,-0.8663180163534205,0.011036427339818564,-1.5706004411291041,1.2864270599289196,-4.1121432575295165,-4.163590523937775,-74.01994975929139
275.0,-0.8671752089608665,0.011031463744394511,-1.5706109587872363,1.2951033143565271,-4.126679930538072,-4.174641091183441,-74.1917936406475
276.0,-0.8633681158309424,0.011070301067383343,-1.570577774784211,1.2990831334474524,-4.143774826670421,-4.190234529078505,-74.36378961271568
277.0,-0.8648598223906194,0.010996822272597101,-1.570640714486152,1.3088172873513368,-4.161939406625827,-4.207765863121203,-74.53577131365843
278.0,-0.8659865008833474,0.010887773571702758,-1.5706337798685466,1.3058589837612198,-4.178256702410271,-4.226100073702776,-74.70673600524454
279.0,-0.8641247765517694,0.01094120573494063,-1.5706021266737715,1.307092015753857,-4.195704659362409,-4.240170458934048,-74.87744731094348
280.0,-0.8635741457881548,0.010946288057684335,-1.5706310042210874,1.3011265026545162,-4.214002692588395,-4.2559106537132045,-75.04718922782332
281.0,-0.8678501073308852,0.010932785042501086,-1.5706535812621032,1.3039709319564674,-4.232656648584264,-4.273483652508054,-75.21587415054434
282.0,-0.8686033824487239,0.011002234216017226,-1.5706058665316822,1.3018624654615016,-4.251446271771221,-4.291474740535227,-75.38364109031073
283.0,-0.8726126163532809,0.010980015923410953,-1.5706281987834056,1.311507777022852,-4.2636535702691205,-4.309992734805353,-75.5512016208884
284.0,-0.8761022100959104,0.010995876606544757,-1.570628445974597,1.3093911974345671,-4.279679557855031,-4.3200041963681555,-75.71754423513381
285.0,-0.8806609810799787,0.010998316671504266,-1.5706241121582036,1.3148895630395612,-4.296561815326074,-4.3283623075811715,-75.88311649834846
286.0,-0.8809008651976544,0.011050417270759769,-1.5705807550000537,1.3205842832916757,-4.314608693529467,-4.342821819526745,-76.04865346559667
287.0,-0.8795978647166054,0.011043711993114193,-1.5705935772716562,1.3211166402388328,-4.3328966522434476,-4.359883916624428,-76.21411387678926
288.0,-0.8798715839166944,0.011019364707102788,-1.5706134816028865,1.3258827159322457,-4.341846082273009,-4.37547797845637,-76.37979630718544
289.0,-0.8821175327394244,0.010970943624668512,-1.5706221827314994,1.3388625680157948,-4.356593218150274,-4.386824561078675,-76.54597884520169
290.0,-0.8826601568454802,0.010985005666796891,-1.5706268087536335,1.3380044439581766,-4.368909724493127,-4.402495896009238,-76.71180037552477
291.0,-0.8860488516167431,0.0109665443308989,-1.5706480676352572,1.342629591885341,-4.385012191670068,-4.420058216788148,-76.87717148761179
292.0,-0.8864895753351176,0.011018646934435078,-1.5706043603508233,1.3517229311664976,-4.393232339583145,-4.4384051383973695,-77.04311333676038
293.0,-0.8844055713338018,0.011032237824507263,-1.5706002805633559,1.3592862461637267,-4.406801329065423,-4.457076461237061,-77.21002729108108
294.0,-0.8851635619528126,0.01099117427355639,-1.5706405113912958,1.3694868788814851,-4.423488853070519,-4.4660629018111715,-77.37766408469018
295.0,-0.880425978817883,0.011048790071298279,-1.5704546145732179,1.380250399904612,-4.440749384590825,-4.480827168706522,-77.54716175922867
296.0,-0.8765214939345288,0.01100861511607258,-1.5705455218351894,1.3808136742322765,-4.4589685235502845,-4.498016451661225,-77.7177099979535
297.0,-0.874991125488768,0.010977926599849242,-1.5706010195197952,1.3785072082890937,-4.4775873349780495,-4.5158169028226895,-77.88853069652265
298.0,-0.876831430158044,0.010952678533234422,-1.5706403449087827,1.3767064983998956,-4.496371823635354,-4.5313695326092445,-78.0588730714531
299.0,-0.8772473432196733,0.0108831211851654,-1.5706164222393344,1.3756142629450938,-4.514895801387969,-4.5423283175755556,-78.2291272608085
300.0,-0.8825550005835853,0.010854208700394333,-1.5706703277213634,1.3778254916656492,-4.533642273364464,-4.557846088344463,-78.39847464913043
301.0,-0.8833367201646665,0.010957498974852438,-1.5706082947862103,1.380616299689696,-4.552467400340963,-4.575345231141085,-78.5679822853403
302.0,-0.8888867655277317,0.01091917549085279,-1.5706658034625307,1.3863934612950264,-4.571007961515278,-4.588782573346489,-78.73692888706961
303.0,-0.8986134390302052,0.010922051262246216,-1.5706735328214898,1.3997877978411428,-4.583154127652873,-4.603208820142098,-78.90488978943813
304.0,-0.905468332383643,0.009676991636421889,-1.570592602431045,1.4107902039901796,-4.599152805004808,-4.616887399835989,-79.07262752561365
305.0,-0.9104580110020649,0.009881014877569481,-1.570674788754461,1.4114083110043105,-4.605322755381193,-4.632631272779915,-79.23934850639101
306.0,-0.9116846286667388,0.010295034353358889,-1.570637712198117,1.4039684478632983,-4.618960523040218,-4.650208899189489,-79.40506432078767
307.0,-0.9142809294493123,0.010532870406504916,-1.5706376565216065,1.4086919421025008,-4.635694133631956,-4.666593490920855,-79.57080310821856
308.0,-0.9122468812185834,0.010742735802860805,-1.5705930995428623,1.4154613500288036,-4.653692332968669,-4.684078279135776,-79.73788156508662
309.0,-0.9086146476764632,0.01082844999577081,-1.570615509665302,1.415003922494749,-4.664781890306161,-4.702386446375994,-79.90605013739815
310.0,-0.905278957521721,0.010883097342887825,-1.5706255433496328,1.4200392601175758,-4.680370608881916,-4.711048366145623,-80.07593971691612
311.0,-0.9065705430894345,0.010867393146121566,-1.5706817278365632,1.4233389251055726,-4.695743484052056,-4.721755686534934,-80.2463014495708
312.0,-0.9063517394457417,0.01091406907138862,-1.5706684206310986,1.4140317904110442,-4.706213373166458,-4.73720087511515,-80.41605314592691
313.0,-0.9031303236756738,0.010971704556825224,-1.5706291369143779,1.4087245533679955,-4.717672779405842,-4.7529505648593275,-80.58643132270566
314.0,-0.9000679691054199,0.010975633905209317,-1.5706353050125303,1.407514843143121,-4.733436014337059,-4.768115121874979,-80.75809032620975
315.0,-0.9022150885370613,0.010926759883373473,-1.570686854128086,1.4069808961550527,-4.7429264230572326,-4.7854289955661145,-80.92949803279139
316.0,-0.9051371162132369,0.010943514509022815,-1.5706761420018593,1.4031899912443973,-4.750446631318098,-4.803672147740537,-81.09992268755774
317.0,-0.9097806497967955,0.010945697563655888,-1.5706756512534237,1.4022195122605243,-4.7603468085385865,-4.822300535814005,-81.26923677165264
318.0,-0.9177698966449397,0.010935909710133623,-1.5706846573032924,1.4052440647764255,-4.775457147014008,-4.841088206523225,-81.43709872547461
319.0,-0.9293819816575847,0.010933179583343815,-1.57068660065055,1.4137592932035994,-4.792790943080726,-4.859941726485347,-81.60322341044987
320.0,-0.9339401054066248,0.011020581879930576,-1.5706137260606625,1.4127401787311886,-4.81103262372529,-4.877012875781803,-81.76850205152829
321.0,-0.9376619327203034,0.011009984551152903,-1.5706244812994676,1.4140093082288832,-4.829670688368295,-4.8946673427063345,-81.93355723602193
322.0,-0.9361185658821874,0.011065340724268449,-1.570571530628288,1.4256012506875926,-4.838121605238989,-4.908281562609825,-82.10039444422868
323.0,-0.9306091311966525,0.01105484278644684,-1.5705892832289667,1.4257407549469494,-4.850331130707239,-4.924914766376131,-82.2692271892478
324.0,-0.9282531618019082,0.010987251879922942,-1.5706511102946696,1.4234622259751617,-4.849950046608721,-4.939860743971572,-82.43860173598165
325.0,-0.9279986026311655,0.010980605185487853,-1.57065131342849,1.4336661109404105,-4.860986048901066,-4.957074571835319,-82.60952853862784
326.0,-0.9336069240761694,0.010903253263202576,-1.5707277980904222,1.4286125653405035,-4.875713281309012,-4.974091289768447,-82.77911112523854
327.0,-0.9354957197484725,0.010973100610729031,-1.5706612768549095,1.4199736082102559,-4.892861766574176,-4.992192461034953,-82.94788989491197
328.0,-0.9417436681500956,0.010938075729179677,-1.5706888036818725,1.4215499991839857,-4.90274499969274,-5.007279345602892,-83.11554701592013
329.0,-0.9429528883669832,0.011012572870390284,-1.5706208162536106,1.4239332054374136,-4.910555980984611,-5.022388055471978,-83.28332032340515
330.0,-0.9420954717347577,0.011024644295665253,-1.5706106298763154,1.4359998268400076,-4.922281522602444,-5.0365174694326065,-83.4530593677173
331.0,-0.9469955283485402,0.010946032152477827,-1.5706858713659113,1.4488689565791577,-4.9381821102294605,-5.052480274295056,-83.6236300982347
332.0,-0.9509804489706585,0.010959749226679354,-1.570675946474623,1.4526742203324883,-4.955833662433234,-5.0675452375728,-83.79430769349005
333.0,-0.9525254844096775,0.01097483015047086,-1.570663938371706,1.4480586256736363,-4.968930049972101,-5.084814864054994,-83.96467503937895
334.0,-0.9537607075135236,0.010970426739216034,-1.5706665264535562,1.440103577589178,-4.984594404868541,-5.10303964049811,-84.13461747282977
335.0,-0.9504088616991924,0.011009776294306503,-1.5700310743360717,1.4394758904431155,-4.999531145943887,-5.117042326229762,-84.30596222850741
336.0,-0.9447775563843402,0.011038874647285266,-1.570209061470031,1.4390317235792252,-5.014197206933681,-5.133838811652526,-84.4797717563742
337.0,-0.946279187437157,0.010931937978806382,-1.5704370940330454,1.4332252427639491,-5.031313928286313,-5.147789334198809,-84.65371885147573
338.0,-0.953130869278827,0.010911097697588858,-1.5705363045752143,1.4356750700890393,-5.049471596305645,-5.161172858141341,-84.82691923191182
339.0,-0.9571518600393576,0.009324906005350471,-1.5704958172434753,1.432783712066131,-5.068056190548717,-5.175933717969133,-84.99986649168844
340.0,-0.9566446872009404,0.00963085699125906,-1.5705777857414047,1.440200928160643,-5.085015441541794,-5.193090291473565,-85.17464916477304
341.0,-0.9557653901566655,0.01009084701579036,-1.5706110090473633,1.4448842548260494,-5.101349415264071,-5.199594398969505,-85.35116240832912
342.0,-0.9516223276723796,0.010432405507257126,-1.5705962309976478,1.4502808718855398,-5.117075512286438,-5.213373988582042,-85.53046334132507
343.0,-0.9518212301756119,0.010568344101576565,-1.5706675002962902,1.4556772674623322,-5.1311494755481135,-5.230157328790346,-85.71129841036618
344.0,-0.9563201520654453,0.010651724201392711,-1.570718906775353,1.447005956757048,-5.145959712881232,-5.248182266669789,-85.89086979351022
345.0,-0.954266221342787,0.010846015105973371,-1.5706191956284297,1.4475177438863327,-5.149259856907896,-5.26272862052041,-86.07119032886082
346.0,-0.9536002993428558,0.010868432997228752,-1.5706551017080521,1.4511782656293333,-5.160736651957202,-5.279760542697532,-86.25293200447693
347.0,-0.9567107388852291,0.010863433425956666,-1.5706948784310004,1.4533665569163132,-5.169693027946326,-5.297886393992895,-86.43458188956632
348.0,-0.9619745602234745,0.010892335932765203,-1.570689552965065,1.463716984157128,-5.1843961089081345,-5.31646628907189,-86.61659380464208
349.0,-0.9612836592833213,0.010973153009017385,-1.5706345869640308,1.4700601333056966,-5.201554168490722,-5.328216576758674,-86.80058187465183
350.0,-0.9610660672500595,0.010938055931851034,-1.5706803917846772,1.4646710535243876,-5.219744407283191,-5.343718187121883,-86.98548114155643
351.0,-0.9647540210558779,0.01092114587052005,-1.5706972424176013,1.4707766548734509,-5.2336289329810635,-5.355476158683596,-87.1708612686029
352.0,-0.9712231413844243,0.010897460779507024,-1.5707238313051295,1.466732157969675,-5.246079866170863,-5.371325440993838,-87.35469293092741
353.0,-0.9754421173770157,0.010953611568240557,-1.5706729172106262,1.4680346316433366,-5.259779706441113,-5.38582603373049,-87.53820310537321
354.0,-0.9786332806824153,0.010967846759129474,-1.570662660340748,1.473530877260649,-5.276491644072011,-5.400660585986221,-87.72246899064645
355.0,-0.9757084636153002,0.011030955013147463,-1.5706077263687752,1.4838087694850721,-5.29448234576187,-5.417840979141596,-87.90997861279875
356.0,-0.9718184097459731,0.011000055134584436,-1.570640776585247,1.4934127610235788,-5.309800668339844,-5.433464276356196,-88.10102022881463
357.0,-0.9716401195659883,0.010940588790401131,-1.570696299705853,1.5046787143571798,-5.319291013312542,-5.445507052830978,-88.29418967926597
358.0,-0.9728420944003141,0.010913192831578121,-1.5707216084923343,1.5050622598986299,-5.3316941557562,-5.455310529432655,-88.48803836072173
359.0,-0.9754761310256646,0.010903804580556767,-1.5707289874936308,1.501704247609659,-5.3478663279935805,-5.469924041431891,-88.68196086684331
360.0,-0.975173386948413,0.010962209600493735,-1.57067446269882,1.5076807234915783,-5.365634101077988,-5.475147232881175,-88.8779369233723
361.0,-0.9734060596471966,0.010948442034891268,-1.5706891166414647,1.5033831300522513,-5.382465272353401,-5.488406734392027,-89.07547342537366
362.0,-0.9768185883267471,0.01089534003520523,-1.5707357068969954,1.502673330889483,-5.3982178134564,-5.497623440103777,-89.27318822650582
363.0,-0.9813950854277864,0.010909275403910014,-1.5707209784611718,1.5036735810897115,-5.415772173294575,-5.509888193256816,-89.47089895341816
364.0,-0.9797088428035552,0.010313147682183593,-1.5706219777404509,1.5118717559110602,-5.432004011427819,-5.525938970234427,-89.67133970444767
365.0,-0.9765904161842129,0.01040983246709473,-1.5706725891720212,1.526321300291311,-5.443790014508999,-5.537734641190609,-89.87540376828845
366.0,-0.977381666559162,0.010535915966567328,-1.5707344862267023,1.535041036434931,-5.455979870594012,-5.553596371053504,-90.08128086956727
367.0,-0.9840614532750814,0.010613196456906716,-1.5707777801288392,1.5419386980862457,-5.470340838073791,-5.565633221392778,-90.28694053229208
368.0,-0.9867367960218981,0.010763744176875995,-1.570714998878646,1.5460940853703045,-5.47505703580836,-5.581600146193943,-90.49245035788304
369.0,-0.9881387372444466,0.01082540173388138,-1.5707098028537156,1.5498925671395591,-5.4881190369115345,-5.59928503711643,-90.69897583174824
370.0,-0.9867634476016311,0.010878423355903381,-1.5706931433346396,1.5505010503180774,-5.495273277484293,-5.612857456540504,-90.90661871785429
371.0,-0.9872296302549861,0.010873409391369597,-1.5707192122842155,1.554977729881737,-5.497564067101579,-5.62947261160199,-91.11484244745424
372.0,-0.9893430434535819,0.010867637337710725,-1.5707370330657249,1.5551053722546024,-5.509620035094105,-5.647425768780456,-91.3234264653818
373.0,-0.9892087172626302,0.010905514510725979,-1.570710652972778,1.5541467648800031,-5.513614795352606,-5.659312210214149,-91.53226912437286
374.0,-0.9895229400503329,0.010901494665766872,-1.5707207680828308,1.5526471753160698,-5.526377220776483,-5.66810236251021,-91.74195457350054
375.0,-0.9883974366835415,0.010934785320019876,-1.5706950732621663,1.5589218063167576,-5.542740228496248,-5.68005588179624,-91.95406355613292
376.0,-0.9922610025853912,0.010868901826051509,-1.5707581584511014,1.5635397370619122,-5.560600030083775,-5.695613344099603,-92.16707105582402
377.0,-0.9980994106595213,0.010753556810286015,-1.5668893512316582,1.5653329926860404,-5.579066455047127,-5.71312303526136,-92.37905613676182
378.0,-1.0080526356944266,0.010916068022192273,-1.5680913070055977,1.557637283576504,-5.592243531309846,-5.731447913397971,-92.5884156435434
379.0,-1.0186598484880791,0.010927323046720491,-1.5689448098367715,1.5590824663662597,-5.608680168636425,-5.750110286920363,-92.7961508617153
380.0,-1.0278182839413776,0.010929601616457877,-1.5695213090475493,1.5573433669912018,-5.624549941771745,-5.7689119150448995,-93.00238748658604
381.0,-1.0284305007316639,0.011022176985300084,-1.5698283082795834,1.5647333061652406,-5.642156908036345,-5.7859407584268,-93.21066807276303
382.0,-1.0244933147296682,0.010999444077056381,-1.5701114839877999,1.5642284202102017,-5.66053007612849,-5.793471719637018,-93.42179971227152
383.0,-1.0200622897271867,0.01098405642646066,-1.5703033456840878,1.5751819067402746,-5.679214892636954,-5.807653876059593,-93.63721281861882
384.0,-1.0167068902027372,0.010943833358576188,-1.570459565237303,1.5895370337417205,-5.6964614399675195,-5.824602980519672,-93.85688856362533
385.0,-1.0161010987890018,0.010876499454412557,-1.5705978418437205,1.5946052243516973,-5.714652814266517,-5.842696406300336,-94.0791092618228
386.0,-1.0103395110914686,0.010946241285105561,-1.5705886156223674,1.6051180292731093,-5.732520149057608,-5.860790485155496,-94.30586503048593
387.0,-1.0038737403312799,0.010917218556842913,-1.5706524839780713,1.6139466973604049,-5.74514159553787,-5.875160142297228,-94.53696867070248
388.0,-0.9995164532665431,0.010888698712922446,-1.57070433242411,1.6285953364278323,-5.744670723251921,-5.892115473150272,-94.7711538469535
389.0,-0.9942189725935022,0.010869135132612246,-1.5707335712738688,1.629890254178517,-5.754095159172245,-5.910209472341057,-95.00820210145162
390.0,-0.9923766613484659,0.010824242128534944,-1.5707843155275965,1.6280122994590025,-5.754875732782162,-5.9287762927499825,-95.24591437163178
391.0,-0.99477498146588,0.010829567022577525,-1.5707908013062295,1.6383809687016626,-5.765826419354721,-5.947538575371673,-95.48489326216936
392.0,-1.0025043151210842,0.010771823785747689,-1.5708420329613677,1.637002888050508,-5.779913643131702,-5.966381450241399,-95.72252746831538
393.0,-1.0046379815265283,0.010873753651443411,-1.5707520129919865,1.6353699163362174,-5.796788177158757,-5.985257885671095,-95.96066447375716
394.0,-1.0034406484040357,0.010922576086171556,-1.5707167104549271,1.645835099407955,-5.808087385389599,-6.004148133188424,-96.20127699142185
395.0,-1.0031038070810039,0.010870541011692771,-1.570762034312657,1.6471405784227007,-5.823754458680579,-6.023043933859841,-96.4436848455972
396.0,-1.008168113009415,0.010827451134848719,-1.570803829631087,1.6551760822697221,-5.839540715033623,-6.041942281521231,-96.68678463285231
397.0,-1.0121800797869795,0.010847323483994857,-1.570782880251225,1.6592470899994882,-5.850589571309345,-6.0532073463044656,-96.9299802496893
398.0,-1.01252598526544,0.01088081441545914,-1.5707525871568202,1.6605048962471631,-5.859485458717691,-6.0679810802255885,-97.17396496825555
399.0,-1.012486050781485,0.010883892922313239,-1.5707541085160421,1.668468108826137,-5.860610067792001,-6.085157953302606,-97.41889990722649
400.0,-1.0181186057509706,0.010787764571809383,-1.5708346523851326,1.6620521204253516,-5.872224997977804,-6.10237933853535,-97.6625561411483
401.0,-1.0243855271743438,0.010835523984564251,-1.570794218376307,1.6644349719078768,-5.883777095536164,-6.120569006580076,-97.90543362382603
402.0,-1.026569085174698,0.010885463219659478,-1.570749520186406,1.665879143157341,-5.898733536382426,-6.139174784007979,-98.14905170680272
403.0,-1.0275767665668443,0.01087985021257491,-1.5707554101716878,1.6666317890363207,-5.912044055792155,-6.157953084735951,-98.39367622192344
404.0,-1.0238949825002321,0.010916584861340747,-1.5707216736488745,1.6657847418979768,-5.928563895350201,-6.166014666569155,-98.64085651740943
405.0,-1.023289947901846,0.01085828406513586,-1.5707767180999224,1.6669283515018245,-5.938868219267728,-6.18041662446262,-98.88944184694044
406.0,-1.0248968098514495,0.010860507048807037,-1.5707790601226348,1.6784720736439125,-5.95098836374446,-6.194949123554707,-99.13981115990924
407.0,-1.0305133147112813,0.010795225756304407,-1.5708320706263805,1.6803972926742285,-5.967035796652965,-6.212000604103376,-99.39019962584541
408.0,-1.03717801741111,0.010820117464457567,-1.570811254516343,1.6873380262675481,-5.984752597869079,-6.23013539362294,-99.64082181707302
409.0,-1.0433554041014235,0.01083675765692927,-1.5707966501358464,1.6951481633058427,-6.003163340782718,-6.248718977319215,-99.89202245151944
410.0,-1.042872230392439,0.010871358691656906,-1.570756901512955,1.688107327825328,-6.014424115282932,-6.258432628724857,-100.14366424653667
411.0,-1.036137614688943,0.01091479759423034,-1.5704060648302611,1.6812417857777167,-6.030081679078012,-6.272986782652145,-100.39798544869913
412.0,-1.0277898759257076,0.010926324244206084,-1.570507736033768,1.6800619341734777,-6.041642076966819,-6.278996584698541,-100.65595641834079
413.0,-1.0230977058727282,0.010868617160114266,-1.5706322646004827,1.6840496623689893,-6.055523604548021,-6.281464657220821,-100.91726248292072
414.0,-1.0220384106180151,0.010801419702563675,-1.5692369187413933,1.6967215450126059,-6.0690579966022735,-6.282478525408868,-101.18112677074721
415.0,-1.0266799322307867,0.010729064298372108,-1.5673900389097708,1.7011303743601585,-6.085686764789504,-6.282894968626781,-101.445112666667
416.0,-1.028369072021348,0.01086932480312068,-1.5684335574999857,1.693279023363979,-6.103639614494886,-6.283066035277652,-101.70966229957114
417.0,-1.033447530201151,0.010847294710057293,-1.5692323407103033,1.7011978915987982,-6.121505739915114,-6.283136505217392,-101.97528513016415
418.0,-1.0354279298974998,0.010868921021718124,-1.5697237932768306,1.7082136726445292,-6.139963134656866,-6.283165347476773,-102.24276402545648
419.0,-1.0366523243209986,0.010837290844513492,-1.5700936177009759,1.7093835468488006,-6.154493442553707,-6.283177124529395,-102.51147919298113
420.0,-1.0357523620072766,0.01085284364255383,-1.5703114259420536,1.7108263520801708,-6.169710830470713,-6.283182058214174,-102.7820615236128
421.0,-1.0405394414968512,0.010774252674502074,-1.570536781343008,1.7104592655649504,-6.179148353853465,-6.283184052621117,-103.0522155982933
422.0,-1.0389292823325402,0.01087382351277731,-1.5705516902851917,1.7125965950613173,-6.19405790925262,-6.283184925317944,-103.3242921690843
423.0,-1.0372939323620693,0.010835772423590453,-1.5706555969586538,1.709934331346379,-6.21131629144239,-6.283185195201718,-103.59831042166758
424.0,-1.0375908171913588,0.01082652246087941,-1.5707148898293097,1.7135577744212938,-6.229537707668173,-6.283185450853912,-103.87430657246298
425.0,-1.0421437266292042,0.01078139709142113,-1.5707856286150101,1.7167479388305222,-6.248159091223696,-6.283185448873079,-104.15103026769677
426.0,-1.051183752815121,0.01072905785411432,-1.5708438762792334,1.7077371030306063,-6.26694395825266,-6.283185421685151,-104.42605634742296
427.0,-1.0545202288495243,0.010857750752328877,-1.5707501375721666,1.7109525591119685,-6.276537533243735,-6.2831855713901215,-104.70110529907697
428.0,-1.053145412817934,0.010865311547350322,-1.5707483365601325,1.7053256055035715,-6.2804501874104695,-6.283185425127403,-104.97638513473233
429.0,-1.0493276308959245,0.010894403562623828,-1.5707362154021283,1.7095308989481637,-6.2820565760231535,-6.283185571391763,-105.25327900925811
430.0,-1.045994065492547,0.010853877955381043,-1.5707750975919221,1.7110000331302895,-6.282719103887435,-6.283185466455092,-105.53142446294396
431.0,-1.0415401165104745,0.01085421438206187,-1.5707771038920855,1.712315372966191,-6.282989431278904,-6.283185472276606,-105.81105573228189
432.0,-1.0359944811843522,0.010857780711268231,-1.5707780668938658,1.7162283227338357,-6.283100480932411,-6.283185499836896,-106.09274802110413
433.0,-1.0308990600331507,0.010855908447622516,-1.5707869668556325,1.7280109154055332,-6.283146889328566,-6.283185463103591,-106.37711117259146
434.0,-1.028140951993176,0.010805202508168257,-1.570829914173667,1.7366244914317122,-6.283167346987442,-6.28318542759143,-106.66321537698865
435.0,-1.0316619336001815,0.010755075095154864,-1.570878920996541,1.7504569985085803,-6.283176871375006,-6.283185395383559,-106.94959281731695
436.0,-1.0366158489126462,0.01074567842727886,-1.5708792477194726,1.7571772577810192,-6.2831774995731635,-6.283185357622765,-107.23507812264711
437.0,-1.044543042075381,0.01072459324734384,-1.5708945101172076,1.7583439226957966,-6.283178467843064,-6.283185361673273,-107.5183227728327
438.0,-1.048256940646262,0.010820108809872874,-1.5708151786124465,1.7668165073411608,-6.283173170610767,-6.283185463159665,-107.80106890336059
439.0,-1.0502744785839684,0.010818563318053942,-1.570816182513503,1.773548632145151,-6.283174287938876,-6.28318543467238,-108.08381761644789
440.0,-1.0526632479559312,0.010812387607622445,-1.570824596779629,1.7835530057482936,-6.283175151131541,-6.283185438198184,-108.36677135254321
441.0,-1.0554499603301,0.010797973535408295,-1.570836180309692,1.7930802700540602,-6.283175375245518,-6.2831854296194525,-108.64978615979152
442.0,-1.0518026137106247,0.010847726405217107,-1.5707865327167518,1.7974990425367614,-6.2831717268041425,-6.2831853731913,-108.93415254276371
443.0,-1.04371782071043,0.0108150803602773,-1.569192603692614,1.7996739308652872,-6.283172576745033,-6.283185420901069,-109.22064738089986
444.0,-1.0433819542367317,0.010804158204822552,-1.569763275001379,1.81063427659906,-6.2831776389169836,-6.283185432938112,-109.5084846374067
445.0,-1.0444912384242997,0.010771018856229293,-1.5701391074348365,1.8165403655849555,-6.283176187540105,-6.28318539908309,-109.79665799428491
446.0,-1.0476310786824041,0.010732916725991973,-1.5704056275596563,1.8158057148715563,-6.283176346785227,-6.283185368600294,-110.08396976592084
447.0,-1.0443946357748537,0.010818626809267406,-1.5704893496207473,1.815191808937292,-6.283170522861207,-6.283185446164459,-110.3720821432748
448.0,-1.0422553611292573,0.01078938691031138,-1.5706282296026495,1.816695369794718,-6.283173666158988,-6.283185492648023,-110.66105425408922
449.0,-1.0430298046832016,0.010774418074527534,-1.5707192687567462,1.8251301044818529,-6.283174756941307,-6.283185508323578,-110.95060027934164
450.0,-1.0495284465181716,0.010721681244664619,-1.5708135403359602,1.8353407024779023,-6.283176790231316,-6.283185464892419,-111.23924291175153
451.0,-1.04900513481415,0.010808219334984803,-1.5707610825534541,1.8418877682025223,-6.283169922520967,-6.283185407007296,-111.52846247312117
452.0,-1.048405919585171,0.010786210192467009,-1.5708063689065506,1.8498663586206476,-6.283172207961421,-6.283185447604831,-111.81860290397051
453.0,-1.0491047619724112,0.01072763176728276,-1.5708592400544132,1.8433166269412846,-6.283173968337154,-6.283185358481156,-112.10805282558906
454.0,-1.0473166293934526,0.010804276802170373,-1.5708156094562797,1.8490231793282275,-6.283170235293459,-6.283185523322304,-112.39842043559575
455.0,-1.041658437313216,0.010821687032495819,-1.5708041867423679,1.8526307050562039,-6.28316990313762,-6.28318545698254,-112.69074165030639
456.0,-1.0366204126234022,0.010801922722655474,-1.5708321238501464,1.8609616573716459,-6.283172013733534,-6.280357351252357,-112.98534442616823
457.0,-1.0366020765804305,0.010710075301796249,-1.5709074078221579,1.8599415181068266,-6.2831758351726625,-6.2820732933731644,-113.28002605247002
458.0,-1.03226433161207,0.010763300011746144,-1.5708553104864598,1.8518411482422994,-6.283170717464744,-6.282727212125691,-113.5752306763264
459.0,-1.0323678504877556,0.010706278484129899,-1.5699997004138897,1.8501027692101775,-6.283174154241576,-6.282997355900915,-113.87010377814727
460.0,-1.03544024585053,0.010733437341005753,-1.5695475310692297,1.853272017908122,-6.283119454247382,-6.283108238351437,-114.16418369189691
461.0,-1.040673412801144,0.010744782103830362,-1.56998449854799,1.8529258971155878,-6.283151853939036,-6.2831536849041445,-114.45679583405625
462.0,-1.0498827126313492,0.010360528408783858,-1.570305893386215,1.8455727963777087,-6.283165299528929,-6.283172383220216,-114.74626475984329
463.0,-1.051077749678325,0.010534368724152744,-1.5704175131805371,1.838852216583055,-6.283163668586546,-6.2831801355539065,-115.03462878653501
464.0,-1.0509171786344251,0.010645306274980282,-1.570548518832161,1.8416005456474054,-6.283167742655048,-6.283183406907366,-115.3232673836189
465.0,-1.04626296173213,0.010746504217176161,-1.5706044707574243,1.848897307105838,-6.283167751576566,-6.279445520665347,-115.61383431126575
466.0,-1.041803318206961,0.010686259722457283,-1.5699974643869814,1.8418651036142213,-6.28317265896806,-6.281714759293459,-115.90503043965093
467.0,-1.0412843177082738,0.010706280258360389,-1.5702975019063918,1.8342440048723445,-6.283174271158721,-6.282579505293026,-116.19584426499479
468.0,-1.0372747377985327,0.010762984566224399,-1.5704486975224956,1.822608857744487,-6.283170866893718,-6.282936631629781,-116.48681484622595
469.0,-1.03725800890609,0.01072307952112592,-1.5706253436275568,1.810046118163507,-6.283174724988575,-6.283083314077901,-116.77681549783297
470.0,-1.0413367227187311,0.010740133798579719,-1.5707110655228247,1.808610757945579,-6.283174554281693,-6.2831436547047455,-117.0654866117064
471.0,-1.0468690385004333,0.010735185807171551,-1.5707689495950632,1.8016960726401716,-6.283174560991829,-6.283168244664182,-117.35191856730192
472.0,-1.0497158493595342,0.01082312883033358,-1.5707425462019713,1.8093472836955988,-6.283170933192845,-6.2831784915924,-117.63806218821786
473.0,-1.0539782463616933,0.010796725837405959,-1.5707928325145535,1.8200316886602843,-6.2831735390304075,-6.283182588070886,-117.92395313905119
474.0,-1.0563861221412993,0.010787892230958874,-1.5708067505448529,1.8219405371599713,-6.28317285131605,-6.28318417702706,-118.20931064511733
475.0,-1.0561438941113261,0.010792370580386963,-1.5708096926121693,1.8168356335797589,-6.283172150384033,-6.283184880280644,-118.4942627696404
476.0,-1.05076819783261,0.010857209091222206,-1.5707676528989851,1.818233570482238,-6.283169478022047,-6.283185326120421,-118.78078623174788
477.0,-1.0479242466917373,0.010804773647570093,-1.5708248948463124,1.8229518775426636,-6.283173948378412,-6.283185439695021,-119.06865288737492
478.0,-1.043938774905133,0.010796824242598814,-1.5708288381458504,1.8222888277143237,-6.283173389250354,-6.283185386306942,-119.3576451095041
479.0,-1.0398476759552857,0.010799572856268248,-1.5708340681192747,1.8259015815998845,-6.2831732933476,-6.283185497430753,-119.64818749656685
480.0,-1.0385913208369093,0.010751798178114457,-1.57087540562987,1.8258823108515354,-6.28317550670537,-6.283185432875358,-119.93919715988471
481.0,-1.0357021451592712,0.010792071135168608,-1.570843942572513,1.8303516595733726,-6.283172528491526,-6.283185513199818,-120.23141834299213
482.0,-1.0343776352939378,0.010747668223264336,-1.5708784364515813,1.8274375753663772,-6.283174824949411,-6.283185395869916,-120.52386729412838
483.0,-1.0378130806306114,0.010690703471920616,-1.5709237643058311,1.8160144100098574,-6.283176506058837,-6.283185471427925,-120.81437902102975
484.0,-1.0414751112775382,0.010736741722881164,-1.5708864492090069,1.8057451048894768,-6.283173503849899,-6.28318551153048,-121.10281693408199
485.0,-1.0383075103901604,0.01081787339743807,-1.5708114562211823,1.7904976285100531,-6.283169263994503,-6.28318557936259,-121.39070192527937
486.0,-1.0409946618951116,0.010741123758690265,-1.570884091557641,1.7731381981845926,-6.283175972140145,-6.283185632927269,-121.67636299376255
487.0,-1.0493492733623682,0.010759745838486398,-1.5708780931612176,1.7714908882417173,-6.283175912931106,-6.283185729450802,-121.9593713469735
488.0,-1.0548789644738001,0.010808247613616302,-1.57082791833363,1.7669625135271398,-6.283173019406728,-6.283185535196031,-122.24024672104294
489.0,-1.0550930018052636,0.010885461215659526,-1.5707659215709588,1.7732834233425645,-6.2831704889827344,-6.28318558914205,-122.5214808027921
490.0,-1.0506342377230729,0.010892286005046678,-1.5707560698025547,1.7783090899839236,-6.283171577504235,-6.283185490600335,-122.80442211491372
491.0,-1.0455468813813504,0.010861067021045457,-1.570784261008971,1.78476902649955,-6.283174222136549,-6.2831854847165465,-123.08948246931548
492.0,-1.039408647266743,0.01083489571080739,-1.5708025140003194,1.7867916050825998,-6.280850848541325,-6.283185414766366,-123.37639289918253
493.0,-1.038187344053269,0.010774769932832249,-1.5708609755098766,1.7923160060378693,-6.28226143819842,-6.283185488352816,-123.66440364303983
494.0,-1.0354512577906543,0.010795408136522189,-1.5708386499980762,1.7958532034230432,-6.282798410608876,-6.283185439976783,-123.95357999358717
495.0,-1.0389452354591844,0.010723946951068111,-1.5709041932078611,1.799421542072333,-6.283024102763877,-6.283185459738754,-124.24218121811427
496.0,-1.0478030905850908,0.010685691708570753,-1.5709306220938437,1.7960583926856768,-6.283115196941554,-6.283185391600475,-124.52792418711901
497.0,-1.0511497354193635,0.010781426703484765,-1.570842449775409,1.7889195598422876,-6.2831457937523245,-6.2831854287673305,-124.81188151726343
498.0,-1.0507960810458505,0.0108266669969732,-1.5708081306939883,1.784623176802764,-6.283160523521298,-6.283185515474064,-125.09547635378489
499.0,-1.045026559770208,0.010890037843527937,-1.5707583007001382,1.788546576545423,-6.283165390210068,-6.283185589165508,-125.3810075533825
500.0,-1.042156912635591,0.010839464235712895,-1.5708116685369726,1.8011963705520386,-6.283173376316673,-6.283185485395519,-125.6686119795035
501.0,-1.0402489665976355,0.010766193425632608,-1.570857769169248,1.7961718894818035,-6.2831758753122395,-6.283185363953569,-125.95644308796524
502.0,-1.042857958275168,0.010727027254171753,-1.5708947819480927,1.7897514409813,-6.283177538801055,-6.283185432841767,-126.24300473589305
503.0,-1.0473639073459453,0.01075157422346293,-1.570877337017472,1.7881884247792015,-6.283175492594982,-6.283185538446084,-126.52806070899717
504.0,-1.0449901171318303,0.010864883017981775,-1.5707829249813974,1.79619550792065,-6.283169966666875,-6.283185540887204,-126.81434152383372
505.0,-1.0433429466585051,0.010811558458196263,-1.5708284296673352,1.8015670560660795,-6.2831744120270985,-6.283185461397562,-127.10167251751471
506.0,-1.0386321392249522,0.010835086288946805,-1.5708051783315697,1.8069718374483732,-6.283172653222866,-6.28318545713558,-127.39084908203297
507.0,-1.0344575653906134,0.01079601713341466,-1.5708379080281978,1.8085722416295038,-6.283174953056905,-6.283185413031122,-127.6815026706477
508.0,-1.0364326652283646,0.010730290130393623,-1.570898640740985,1.8112176994986877,-6.283177911760367,-6.283185468603342,-127.97192398590427
509.0,-1.0427919117123754,0.010703869648328122,-1.5709177470315412,1.8103238870673088,-6.2831773982130885,-6.283185431684456,-128.26041097327123
510.0,-1.0502455997730278,0.010709501163346482,-1.5709057329361722,1.8011605587500719,-6.283175239851156,-6.283185444236893,-128.54587030478118
511.0,-1.054132762354208,0.010775522676461266,-1.5708473359998185,1.7891963491294904,-6.283171507759169,-6.283185509201781,-128.8290087034455
512.0,-1.0576919011036587,0.01075753885450393,-1.5688696903392148,1.7876064199143349,-6.283172553582153,-6.283185647427622,-129.1103890896316
513.0,-1.0545757865958894,0.010925711813065455,-1.5693969161414254,1.788077879392495,-6.283168375740348,-6.283185522215367,-129.3926745358857
514.0,-1.045934254742479,0.010942571797532242,-1.5698251890061112,1.7959210503077772,-6.283169617130911,-6.283185532212761,-129.6782560079382
515.0,-1.0450387946558264,0.010792458999285635,-1.570251910131616,1.8031125780984822,-6.283178433994416,-6.28318548223667,-129.96507019930894
516.0,-1.0431628607935333,0.010783344435901432,-1.5704444624966722,1.8008578809038114,-6.283175613153413,-6.283185360318846,-130.252296580107
517.0,-1.038953302842461,0.01082586721923049,-1.57054767360512,1.8072106000143944,-6.28317310138619,-6.27996891989141,-130.54133012501143
518.0,-1.0318920471376358,0.010819828115838478,-1.5706352774660277,1.8067904220406537,-6.283173329046125,-6.281920580181133,-130.83250544538436
519.0,-1.0323517406732925,0.010753130359230721,-1.5707673379057303,1.8177847871011934,-6.283178097309684,-6.282664342048887,-131.12468195994504
520.0,-1.0333321900641883,0.010739118664576096,-1.5708063685845195,1.8192754606783583,-6.283175899143293,-6.282971321082126,-131.4167224826668
521.0,-1.036337134848145,0.010736720604910332,-1.5708385798868618,1.8232038529769818,-6.283175244518197,-6.283097536137136,-131.70822826691597
522.0,-1.0443508279594194,0.010709324171997048,-1.570882169565769,1.8294384421235224,-6.283176160500808,-6.283149363279509,-131.99795008248594
523.0,-1.050536712500596,0.010736736173022524,-1.570859018607859,1.8260635113708474,-6.283172953778982,-6.283170517540518,-132.28549679920698
524.0,-1.0509983211187102,0.010799572200029833,-1.570809736345481,1.8181125630914827,-6.283169577379218,-6.2831793296469,-132.57208633366054
525.0,-1.0483222857619892,0.010855769411202754,-1.570780640931373,1.8236004794709955,-6.283169274497354,-6.283183065047236,-132.85985361353383
526.0,-1.040496256287838,0.010872237907194065,-1.5707649844483578,1.8265247546187997,-6.283169527970809,-6.283184442241406,-133.15014930834036
527.0,-1.0295297936472962,0.01088126922666778,-1.5707646854249444,1.8350847010126143,-6.283170666020992,-6.283185067906058,-133.44451204031304
528.0,-1.0272469391343364,0.010749128175339044,-1.5708867969365965,1.8451358497634018,-6.283178123396003,-6.283185283909084,-133.7407056052571
529.0,-1.0296378899380587,0.010684859153408154,-1.570930222727303,1.8430179761814935,-6.283177818766788,-6.283185251743261,-134.0360946749384
530.0,-1.0312408786178715,0.010703775312392272,-1.570907073782817,1.8311117930447438,-6.2831738242037565,-6.283185412755179,-134.32993000679423
531.0,-1.0343791821920485,0.010733393323800305,-1.5708922850948912,1.8251672182523713,-6.283173091003367,-6.28318552919959,-134.6222645961179
532.0,-1.040041209454096,0.010713307565852228,-1.5709054486679295,1.812462074341749,-6.283173990367427,-6.283185536659324,-134.91180080478
533.0,-1.047159997826622,0.010730830587656804,-1.570890165060606,1.7977879989389856,-6.28317321128848,-6.283185582501996,-135.19788189198565
534.0,-1.0491564831931965,0.010848678237719605,-1.5707971347381924,1.7970127461750254,-6.2831685122093175,-6.2831856866023985,-135.48309943771775
535.0,-1.044500260876474,0.010898620379628236,-1.5707527098266452,1.7988389464437131,-6.283168364233217,-6.2831855718360785,-135.76973963537785
536.0,-1.041049155838088,0.010848875342013611,-1.5708001073637285,1.8049927499269387,-6.283173241162115,-6.283185555332732,-136.0580277396302
537.0,-1.0429428902894882,0.010764569741080046,-1.5708703477220214,1.8085359310183127,-6.283177220748123,-6.283185460862989,-136.34619965446612
538.0,-1.0421656192023947,0.010797834921934216,-1.570835314633878,1.8091975888441254,-6.283173366948383,-6.283185433190336,-136.63459577672046
539.0,-1.041086204841979,0.01077593866341741,-1.570851227058875,1.8033253476827202,-6.283174364515853,-6.28318540394387,-136.9228272763195
540.0,-1.0384518743742057,0.010799453105057128,-1.570832305296383,1.7977366566695572,-6.283173074051053,-6.283185477822721,-137.2113181986956
541.0,-1.0377824634956483,0.010806307496413214,-1.570838796092757,1.8049109316614764,-6.283174225802572,-6.283185564904722,-137.5006566790695
542.0,-1.0362119463848998,0.010821147629939805,-1.5708265335293903,1.8170821076809627,-6.283173484112201,-6.283185476973721,-137.7915216583781
543.0,-1.0325959166783263,0.010806303546627344,-1.5708313519190096,1.8231566548486695,-6.283173468084578,-6.283185396285787,-138.08403684021192
544.0,-1.0291462651485557,0.010790722350578,-1.5708461985887057,1.8298857171707836,-6.283174007075072,-6.283185441186037,-138.3782372459041
545.0,-1.028556684593839,0.010740244876581501,-1.5708869324840167,1.8313940289727282,-6.2831758502485835,-6.283185387732267,-138.67284839757195
546.0,-1.0341118720261004,0.010612769205599663,-1.5680044430409423,1.833425445792717,-6.2831781220681275,-6.2831854888342,-138.96525821782075
547.0,-1.0347766769671776,0.010852800317576577,-1.5688040572654214,1.8381285225415964,-6.2831691858569645,-6.2831854484536995,-139.2578812653195
548.0,-1.0301979983457137,0.010828520671132406,-1.5694688553946072,1.8289074540604573,-6.283169909282399,-6.28318540521394,-139.55127603948372
549.0,-1.0268554136559356,0.010802917554027708,-1.569940156052567,1.8246885982458756,-6.283172528365874,-6.283185519039238,-139.84550421991776
550.0,-1.0265848775371165,0.010754016173743476,-1.5702758128219774,1.8168799625531997,-6.283174835419142,-6.283185483151897,-140.1392973809962
551.0,-1.030115438557168,0.010728406287842421,-1.5704965031648928,1.8085887544247419,-6.283175589854887,-6.28318550933441,-140.43137864401163
552.0,-1.0314319805642511,0.010780247923676154,-1.57058260787442,1.8007682930672764,-6.283172252163872,-6.283185527297023,-140.72230941810906
553.0,-1.0310725471400364,0.010809367057058887,-1.5706495317781015,1.7970259221522171,-6.2831719433599735,-6.2831855694008505,-141.01299241373184
554.0,-1.0328268240035587,0.010776727927061424,-1.5707364880108707,1.7918230126506016,-6.283174679048103,-6.283185511520863,-141.30274143865665
555.0,-1.038418485941368,0.010729936550444748,-1.5708109441463278,1.7791600809988304,-6.283176408756736,-6.283185536632787,-141.58974058916243
556.0,-1.047786872161586,0.010738247848809786,-1.5708331433727665,1.770010843878901,-6.283176081231015,-6.283185559134828,-141.87311121278518
557.0,-1.0603842002822945,0.010763290109663598,-1.5708327220288023,1.7692788577578407,-6.283175153856296,-6.283185632054465,-142.1527111554451
558.0,-1.0666554171637554,0.010865434095985291,-1.5707541651375374,1.774095103243458,-6.283169865210749,-6.283185588894803,-142.43077229002418
559.0,-1.0667818388888743,0.010895769519870105,-1.5707334519935578,1.778352459703143,-6.283170019385423,-6.283185492160705,-142.70909047971446
560.0,-1.0666264040762352,0.010857174239639195,-1.5707737531733397,1.7834438876443668,-6.283173510676707,-6.283185481589789,-142.9879452738408
561.0,-1.0636763464480787,0.010866917437800197,-1.5707684277643272,1.7903866933871122,-6.283172791884232,-6.283185481032695,-143.26821481828537
562.0,-1.0566221266086329,0.010895706494686132,-1.5707508406280588,1.8042536219170926,-6.283172171103505,-6.2831854141868195,-143.5516791750132
563.0,-1.05050765114226,0.010825019495517016,-1.5708110932335946,1.8135549714027621,-6.283175599122036,-6.283185394040278,-143.83785598409165
564.0,-1.0407362896429249,0.010844618409038102,-1.570792243360713,1.8215202922769635,-6.28317313886325,-6.28318540316201,-144.1276009075013
565.0,-1.0383950371607082,0.010742604003692414,-1.5708907853261083,1.8323933155939045,-6.283178799867212,-6.283185412321337,-144.41921596239777
566.0,-1.0383954514494964,0.010374241369329094,-1.570885496543903,1.8428708265208937,-6.283176128213244,-6.283185403437242,-144.71185745744566
567.0,-1.0364722752182518,0.010437174350937828,-1.5708909578468784,1.84335560245083,-6.283174226193546,-6.283185323551332,-145.00511926785967
568.0,-1.0335982791629637,0.010556554240422424,-1.570876921401876,1.8423596313031296,-6.283172911179204,-6.283185412353898,-145.29913814756208
569.0,-1.0369121342200955,0.010546626564000234,-1.570941352512497,1.8332057974885907,-6.283176646524455,-6.283185436053037,-145.59149149276533
570.0,-1.0421307836118103,0.010639081267039247,-1.5709058197970716,1.8311716935799804,-6.283173402940226,-6.283185557764818,-145.88203565572658
571.0,-1.046500411029864,0.010691375118220308,-1.5708810764394352,1.8250011689770769,-6.283172212468825,-6.283185465704704,-146.17069064657088
572.0,-1.0500326800236581,0.010750007660950946,-1.5708520892782163,1.8255363836293115,-6.28317105134374,-6.283185572819655,-146.45828515589665
573.0,-1.0467526653984718,0.01084330499512628,-1.570781929963212,1.8310529324025213,-6.283167769800748,-6.283185555409445,-146.74717096943778
574.0,-1.04460549207203,0.010772735628811208,-1.570843695427623,1.8266730213997118,-6.283173329711978,-6.28318539608365,-147.03641511066144
575.0,-1.0444004167039471,0.010742048860954565,-1.5708710712619354,1.8158813900923878,-6.283174255875594,-6.283185472662665,-147.32482079732074
576.0,-1.046901660077792,0.010778842824677866,-1.5708590393429143,1.822572045575729,-6.2831735956347385,-6.283185584579176,-147.613046885933
577.0,-1.0477518908092074,0.01075946745652123,-1.570861026299454,1.814227005108827,-6.283173084510713,-6.283185454886895,-147.90029226302374
578.0,-1.0439810460357082,0.010831432255991553,-1.5708050492718424,1.8115044465050583,-6.283170100687798,-6.283185537243065,-148.18829341870702
579.0,-1.0421427606533866,0.01079386624841572,-1.5708426135788685,1.8104304975311187,-6.283173834350788,-6.28318552434072,-148.4768144784642
580.0,-1.0387091717867383,0.010813259504501294,-1.5708248693116693,1.8103898087244292,-6.283172628468627,-6.283185510540375,-148.76632702424035
581.0,-1.0417421328037737,0.010723674590291412,-1.5709027536641011,1.8063489422102503,-6.2831777048861035,-6.283185454492083,-149.05473262970094
582.0,-1.0478121030617882,0.01072316203636049,-1.570900492481372,1.8007881738946574,-6.283176065784894,-6.280404508660922,-149.34084805207144
583.0,-1.051675231683156,0.010800552533684048,-1.5708395695248787,1.8053549321617242,-6.28317187114068,-6.282092061870445,-149.62611250757467
584.0,-1.050743328591159,0.010850585411026898,-1.5707961971004578,1.8136074042165482,-6.283170258714878,-6.282734957981815,-149.91228229610778
585.0,-1.0530258028688408,0.01079597788924764,-1.5708482737309077,1.8262637321200355,-6.283174713123394,-6.283000381468432,-150.1989968088085
586.0,-1.050863798873915,0.01082316950742601,-1.570814565411105,1.8339395930767042,-6.283171448668129,-6.277850995104259,-150.48694810767302
587.0,-1.0497540923494948,0.010779397814877682,-1.57085334389256,1.8394395342259209,-6.283173866785757,-6.281086489111091,-150.77577956055853
588.0,-1.0472020098353743,0.010785789539648073,-1.5708453521973247,1.8425175172336492,-6.283172496540261,-6.282320640310209,-151.06561651248458
589.0,-1.0410859859813948,0.010800871463854068,-1.5708282367157835,1.8397832964519674,-6.283171326213823,-6.282830189590193,-151.35699844694568
590.0,-1.0343548147932338,0.010801871823106919,-1.5708339137235436,1.8400436671806815,-6.283172048983296,-6.2830395693063235,-151.6504471314229
591.0,-1.0273486156386806,0.010789513412957816,-1.5708442462743433,1.838082519600069,-6.283172864552,-6.279785717767591,-151.9459049894798
592.0,-1.0280903486983,0.0107045648529604,-1.5709235379473026,1.836917145575156,-6.283177388172144,-6.2818476040637865,-152.24121309892877
593.0,-1.035155439509478,0.010660979612755,-1.570955337838024,1.829640961053831,-6.283177468545095,-6.282634238149004,-152.53381737259284
594.0,-1.0456175228605271,0.010695183165690812,-1.570929119126865,1.8274202097022552,-6.2831745780783175,-6.282959146746428,-152.82305681191158
595.0,-1.0564834738302902,0.010492306608241747,-1.5708795418896369,1.8300523510812592,-6.283171798198566,-6.283092547240676,-153.10932757906687
596.0,-1.0584026904275414,0.010631554923344817,-1.5707994755472359,1.829011840359945,-6.2831670739253775,-6.283147248958162,-153.3947542801323
597.0,-1.0557630909875833,0.010735792688736489,-1.5707776149692931,1.8348579087696728,-6.283168036951023,-6.283169840487279,-153.68136282135677
598.0,-1.0550142154758062,0.010706299541658044,-1.5708388929134973,1.833953843477396,-6.283173120870539,-6.2831789612953965,-153.96819836008942
599.0,-1.0539186702743184,0.010766376622776574,-1.5708228621793454,1.8445277718257111,-6.283171741005196,-6.28318283496168,-154.25622702576896
600.0,-1.0484632123443867,0.010782227914456767,-1.57081373069668,1.8446689205884752,-6.283170928774338,-6.283184270174796,-154.54583083752803
601.0,-1.046678650522638,0.010723226853118169,-1.5708780690993864,1.8407021306943159,-6.283174869577623,-6.283184957551499,-154.83573619366447
602.0,-1.0471376758969992,0.010754769881151724,-1.570870025492067,1.8489332639619267,-6.283173368927008,-6.283185337085812,-155.126212513996
603.0,-1.0446531979712788,0.010774181846214812,-1.5708491619773004,1.8512229104156201,-6.2831714689706235,-6.283185343793418,-155.4175872836742
604.0,-1.045055297290744,0.010704378450390023,-1.5709052040635807,1.8410784326883984,-6.2831745699209645,-6.283185398380524,-155.70807769383026
605.0,-1.0483725259379704,0.010706128839230661,-1.5709089518297028,1.830112547581109,-6.283174056756086,-6.283185481287117,-155.99664494778438
606.0,-1.0468965628319646,0.01081698703631554,-1.5708226274670594,1.830261725907819,-6.283168745368513,-6.283185622624999,-156.28548493696616
607.0,-1.0411972136012897,0.010832743429126622,-1.570805980404009,1.8267387106068869,-6.283169780177223,-6.279032180112119,-156.5756665299496
608.0,-1.0422270211000342,0.01074306874670817,-1.5708896978173983,1.8246210609098854,-6.2831759592550025,-6.281552369253939,-156.86551887971441
609.0,-1.0494399326480273,0.010704406415225088,-1.5709218002363716,1.8227087880223507,-6.283176683769339,-6.282512610602759,-157.15314549154579
610.0,-1.0538108582513859,0.010763609606664462,-1.5708642678694626,1.8176110143703463,-6.283171968203265,-6.282909081608296,-157.43893930253662
611.0,-1.0507964376099908,0.010855635793928304,-1.5707865244880137,1.8166157261128826,-6.283168053299426,-6.283071991908789,-157.7253540899662
612.0,-1.0444660015353102,0.010873476701205005,-1.570777422860187,1.8225195654069146,-6.283169754382904,-6.283138911880274,-158.0141157288419
613.0,-1.040294034301227,0.010794807313438475,-1.5708403585097157,1.821193904540645,-6.283174605669006,-6.28316625100707,-158.30412569917198
614.0,-1.0433425139055328,0.010725218385745689,-1.570905600425085,1.823179375934366,-6.283177535127991,-6.283177636418207,-158.59353758075306
615.0,-1.050261771779733,0.010702773399243772,-1.5709187361040797,1.8201156643805307,-6.28317655011422,-6.283182196867357,-158.88068096866914
616.0,-1.0502550796512193,0.010796913419513336,-1.5708301647254133,1.8119265234213484,-6.283169982729826,-6.283184119133007,-159.1669296375487
617.0,-1.0465092778029945,0.010860957543712689,-1.5707892405768566,1.8180038483696368,-6.283169481941643,-6.283185027170973,-159.45471795404015
618.0,-1.040275753119924,0.010844051038950543,-1.5707987187693793,1.8202490589319404,-6.2831715083160855,-6.283185238661409,-159.74456995691543
619.0,-1.0323660298919883,0.010836773706787815,-1.570805014505425,1.822750301816543,-6.283172377982732,-6.283185381058892,-160.0370502546297
620.0,-1.0274860725015629,0.010790834166263811,-1.5708502948962257,1.8291085714311213,-6.283175129486388,-6.283185473306756,-160.3316873675804
621.0,-1.0288398451698242,0.0107004632621671,-1.5709221031391172,1.8266217070007154,-6.283178356506828,-6.2831853617808315,-160.62585792801278
622.0,-1.0349505079153405,0.010691266776107716,-1.5709313653743229,1.825451804394125,-6.283176788474144,-6.283185471357324,-160.9180993811672
623.0,-1.0406591279821134,0.010754529490569318,-1.5708812464734219,1.83219985103647,-6.283172712385503,-6.283185530760595,-161.2091208822073
624.0,-1.042986270523142,0.01076867369476983,-1.5708572647596972,1.8280672191184628,-6.283171491005687,-6.283185381294309,-161.4990377626054
625.0,-1.0451316779166635,0.010795578965978879,-1.5708442825347624,1.8336008147524396,-6.283171381321596,-6.28318553729128,-161.78876573228592
626.0,-1.0435625699110014,0.010805219497431733,-1.5708261065945701,1.8305706907568726,-6.283170765822355,-6.283185390656487,-162.07864892379584
627.0,-1.0417074388975236,0.010773611647434867,-1.5708500205838665,1.8195086657952357,-6.28317253642808,-6.283185465600642,-162.36815180201899
628.0,-1.0383616411259318,0.010832045239033515,-1.5708132893065314,1.8227200392323955,-6.2831708046585275,-6.2831856058776925,-162.65885791334995
629.0,-1.0365448575565197,0.01076136623551265,-1.5708642690662609,1.8128956310271342,-6.2831744030630015,-6.283185479871332,-162.9493508704676
630.0,-1.0373463320176985,0.010747152663104895,-1.5708789144893616,1.8023898739970288,-6.283174996315926,-6.28318550997494,-163.2387062978699
631.0,-1.0409236023760224,0.010760540593205364,-1.5708746533460858,1.8001371780041795,-6.2831745762625895,-6.283185610220238,-163.5267767274505
632.0,-1.044394454676991,0.010783039719598753,-1.570854223416188,1.8002538637050207,-6.283173419621837,-6.283185555470817,-163.81377778274958
633.0,-1.045922723576254,0.010801042064723175,-1.5708347804149845,1.798548337550804,-6.281768723835357,-6.2831854905501485,-164.10000525684845
634.0,-1.0423748366877392,0.010831092894335072,-1.5708014047359355,1.7893303882860556,-6.282617429733663,-6.283185464677246,-164.3864629199367
635.0,-1.0352263408104592,0.010869509994999237,-1.570774758660879,1.7867511484446308,-6.282943528508365,-6.28318556277369,-164.67481542933123
636.0,-1.0282707954309542,0.010555415204515419,-1.5708012689752067,1.7789657787050757,-6.2830809966269205,-6.283185477683897,-164.96474709125025
637.0,-1.0278043263146373,0.005937129225102866,-1.5707357839477976,1.7771549887005313,-6.283137251936452,-6.283185507580891,-165.2556820113393
638.0,-1.0311714056779102,0.00599912317729108,-1.5709727004338345,1.7788607103215888,-6.283164987910025,-6.28318562428281,-165.5458912213347
639.0,-1.0346363678753607,0.007542798501485463,-1.5709361614143798,1.783842674123193,-6.283170450822358,-6.283185569623877,-165.83511622627773
640.0,-1.0410987598461,0.008655704601701172,-1.5709149822698014,1.7908183977997871,-6.283174079734761,-6.283185508433117,-166.12278440386396
641.0,-1.0477162995985423,0.009396389082632765,-1.570883311208052,1.7925305436731904,-6.283173957648134,-6.2831854040637545,-166.4084474793647
642.0,-1.0495525054085082,0.009938964941205062,-1.5708157273283876,1.7952395301493993,-6.283170790208279,-6.283185454906824,-166.69358004312
643.0,-1.0537328190922186,0.01021816051946394,-1.5708435741022886,1.8025564621456238,-6.283174178980875,-6.283185491939266,-166.97812394735152
644.0,-1.0590600336272256,0.010400562713923815,-1.5702982542856616,1.812454293094277,-6.283174299144902,-6.283185460181281,-167.26182015794035
645.0,-1.0609825183312211,0.010593929898061087,-1.5704303726253939,1.823612049994705,-6.283171418816506,-6.283185410150791,-167.54588649028028
646.0,-1.057055212048591,0.010665519590860421,-1.5705484110922174,1.8170350049785033,-6.283170884148147,-6.283185333352472,-167.83048569789943
647.0,-1.0480620565369003,0.010761198798293714,-1.5706017462515256,1.8124334732156888,-6.283169959081708,-6.283185447934866,-168.11722878297095
648.0,-1.041722091876476,0.010754353200163746,-1.5707061385247365,1.814999815768947,-6.283174050536824,-6.283185557583289,-168.40617498682352
649.0,-1.0372172637430819,0.01074810291074227,-1.570769235179594,1.8178788409275122,-6.2831750820857355,-6.283185497897126,-168.69679455023677
650.0,-1.0374315965215013,0.010712493923358669,-1.5708407500464487,1.8219234960788229,-6.283176978066993,-6.283185493414333,-168.9878177574913
651.0,-1.0379956742924303,0.01075905886829895,-1.5708311209353696,1.8346237069570976,-6.283174226235571,-6.283185453345807,-169.27974961671836
652.0,-1.039567210862313,0.01072779638052544,-1.5708660815512563,1.8393060720189292,-6.283174867719687,-6.283185374960897,-169.57168381782327
653.0,-1.0395501900204764,0.01074789494479076,-1.570855108909296,1.839239006975574,-6.283172781918517,-6.2831853823837855,-169.8635934409717
654.0,-1.0409607322169723,0.010750470048735682,-1.5708669418287875,1.8437426686803031,-6.283173079332059,-6.283185496984839,-170.15549336589436
655.0,-1.0451386954205515,0.010739258263218907,-1.5708846334771556,1.851766946258252,-6.283173692967385,-6.283185487504097,-170.44688694495187
656.0,-1.0475520692486138,0.010750761905496009,-1.5708686068989273,1.852383903786257,-6.283171873409767,-6.283185379992469,-170.73759380738002
657.0,-1.0528776769205435,0.010695565953289075,-1.5709117730774043,1.8415739599590677,-6.283173973404742,-6.2831854335363655,-171.0258886357357
658.0,-1.053833706870911,0.010790758681841706,-1.5708359253328186,1.8352607399915613,-6.283168961100886,-6.283185518416561,-171.31319330347216
659.0,-1.0511069382648097,0.010825217504146004,-1.5708106007475462,1.8306961948606788,-6.283169052500056,-6.2831855283415114,-171.60081894402737
660.0,-1.0520680789322412,0.010770713714473806,-1.5708627157079431,1.8273831647337762,-6.283173547873811,-6.283185529919311,-171.88796125857937
661.0,-1.0508323558401345,0.010806773921465802,-1.570830257413078,1.8255877470386312,-6.283171181880233,-6.283185525974621,-172.17523428944432
662.0,-1.0446927877426213,0.01084696927348177,-1.5707945903042337,1.8241713784764926,-6.283169794715147,-6.283185504635513,-172.46410918092624
663.0,-1.0448722154687626,0.010781810966130614,-1.5708658944687606,1.834732925267418,-6.283175530784229,-6.2831855206356355,-172.75399325732133
664.0,-1.0406906886479326,0.010799617026313902,-1.5708323568128346,1.83318883683885,-6.283171990687641,-6.283185357001804,-173.0449308499537
665.0,-1.035788809005954,0.01079003729566349,-1.5708433331160727,1.830924533184379,-6.2831728213858264,-6.283185444930938,-173.33717266827662
666.0,-1.0320173470172607,0.010782008019196581,-1.5708548532504885,1.831990697421561,-6.283173457790395,-6.2831855106382415,-173.6306870894224
667.0,-1.0288489908947565,0.01076929522262516,-1.570864163652005,1.8310206964714866,-6.283173794791022,-6.283185463812139,-173.92512133353017
668.0,-1.029706311422318,0.010736245783367881,-1.570896705474247,1.832618658193007,-6.283175379899426,-6.2831855102941665,-174.219512032807
669.0,-1.0340479116188033,0.010700957427831292,-1.570920078310207,1.8266227263913704,-6.283175854777585,-6.283185423887376,-174.51211638374835
670.0,-1.0398895471459326,0.01071197660507405,-1.5709078149129891,1.8167961686037293,-6.283174162396382,-6.283185481940001,-174.80207752750326
671.0,-1.0438103488754624,0.010768176144339305,-1.5708604609210406,1.8080753137705663,-6.2831714964643925,-6.283185516365864,-175.08999783427504
672.0,-1.0434094690576154,0.010822098115705904,-1.5708135598500514,1.7994014932615137,-6.283169930143591,-6.2831855225009825,-175.37715944079605
673.0,-1.0415179696877375,0.010816168034772691,-1.5708175959967876,1.787522059965601,-6.2816236135656025,-6.283185555185715,-175.66368445197136
674.0,-1.0416345896564638,0.01081350628092724,-1.5708286098131259,1.7848144430526738,-6.282563144338654,-6.283185627713602,-175.95001597084018
675.0,-1.0404193682013119,0.010834134161331334,-1.5708104392903965,1.7865968650500252,-6.2794795244646995,-6.283185590921509,-176.23655791846377
676.0,-1.0402264057383925,0.010819834384011311,-1.570826007729864,1.7934814994723256,-6.281713875799645,-6.283185546851142,-176.52397981835577
677.0,-1.0361735081586145,0.010851026061337343,-1.5707950312601684,1.8015021930919564,-6.282572157671184,-6.283185494602417,-176.81335518997957
678.0,-1.033389608346692,0.010799862774379724,-1.5708381910929488,1.8068866002273092,-6.2829290224113645,-6.283185430936541,-177.10417548878962
679.0,-1.0330196211535307,0.010739025419373344,-1.5708815312217732,1.7999741236185611,-6.283075772511544,-6.2831853796078025,-177.39461170565497
680.0,-1.0366131183268246,0.010721331636037971,-1.5709001636628104,1.7929128374395649,-6.283135529707343,-6.283185457729606,-177.6833826021436
681.0,-1.043812946786954,0.010749510822337821,-1.5708858160514443,1.7984887695963228,-6.283158564548888,-6.283185582699051,-177.97046277612847
682.0,-1.0500974482690766,0.010769285442978187,-1.5708615963201855,1.8001635763904151,-6.283166796524626,-6.28318546472955,-178.2557883867873
683.0,-1.0538193223227652,0.010805480518448214,-1.5708297779631228,1.8031227763949709,-6.283169162482966,-6.283185487162014,-178.54021851197265
684.0,-1.0555405754013767,0.010794283363269628,-1.570832066604124,1.7966870935726318,-6.283171583705826,-6.283185407203898,-178.8235679552521
685.0,-1.0526070613422334,0.010862443054196914,-1.570779942335179,1.7988504382551371,-6.2831696058719,-6.283185560435497,-179.10783772525306
686.0,-1.048937086851796,0.010850016413086671,-1.5707960810875725,1.8061222824080392,-6.283172397955963,-6.283185528276438,-179.39384100048215
687.0,-1.048585792910835,0.010774477757295623,-1.570857202518059,1.8073058803641568,-6.283176273099456,-6.283185414651377,-179.68017068882963
688.0,-1.043058325939606,0.010839262322575437,-1.5707988867588893,1.8097322645611638,-6.283171516587069,-6.28318546882491,-179.96823921962192
689.0,-1.0372050266827018,0.010814303184262053,-1.5708233065110022,1.8117693696756543,-6.283173833871201,-6.2831854613665925,-180.2582962756181
690.0,-1.030172707842443,0.010795463132791037,-1.5708331098655106,1.8052151443870645,-6.283174187860566,-6.283185406634376,-180.5499545208143
691.0,-1.0272291455398193,0.01077535203177561,-1.5708638390695517,1.809322069336363,-6.283175990762576,-6.283185569607661,-180.84295941796555
692.0,-1.0302101231291276,0.010719849908249477,-1.570911281034512,1.8131119572704602,-6.28317800718733,-6.283185495874789,-181.13549492441527
693.0,-1.0320372569369158,0.010737559774041809,-1.57045204752197,1.8123107778467396,-6.283174583245096,-6.283185431202033,-181.42723817834195
694.0,-1.0378774665229227,0.010722588299642509,-1.5706124414082634,1.8089354887824984,-6.283176126617661,-6.28318543854886,-181.7170055289609
695.0,-1.0395138611154757,0.010807029481605689,-1.5706354336314434,1.8101867279975066,-6.28317086788763,-6.283185526610718,-182.00626794447953
696.0,-1.045772943171265,0.010755265432374397,-1.5707499462296173,1.8155203245535096,-6.283175150807738,-6.283185535967702,-182.29424379393507
697.0,-1.0525090099704026,0.010758180605823198,-1.5707829880668078,1.8167793299918393,-6.283173800768238,-6.2831854384945895,-182.580344959987
698.0,-1.0534298276150533,0.010816417017509546,-1.5707554633009408,1.813269402411854,-6.283170146204136,-6.283185412607436,-182.86575259851435
699.0,-1.050581810970447,0.010820284610321385,-1.5707682544132668,1.8025838851805844,-6.28317074835221,-6.283185466774026,-183.15101442141255
700.0,-1.0429422824385373,0.01084891206960737,-1.5707551460805176,1.787100388303219,-6.283170180495395,-6.283185551388035,-183.43709295707703
701.0,-1.0399162846016128,0.010815189136060669,-1.570810608782945,1.7855658664490162,-6.2831749586796946,-6.2831856744087,-183.7240237441025
702.0,-1.0398061208281184,0.01077347341564191,-1.570847113812946,1.7791249617550706,-6.283176674311391,-6.2831854999241665,-184.01047888603958
703.0,-1.0399460157186466,0.010820323530504336,-1.5708201723546493,1.787664818814795,-6.2831744980868685,-6.283185574499664,-184.2975929359654
704.0,-1.0390707009089983,0.010829821096808755,-1.570814757071921,1.8010174796063292,-6.283174243995718,-6.283185471815513,-184.5861418416666
705.0,-1.036954466029408,0.01079176236285324,-1.5708368802022283,1.8023929843753166,-6.283175100532445,-6.283185334074735,-184.87550004720637
706.0,-1.0359582518299684,0.010787808375069844,-1.5708469823241713,1.8090051456519978,-6.283174999680378,-6.283185479278934,-185.16576837667932
707.0,-1.0313764687748643,0.010819953618912517,-1.5708163802151298,1.8142534413383327,-6.283172594225081,-6.28318543738459,-185.45784269865908
708.0,-1.0334028253229481,0.010708977654368911,-1.5709107649342777,1.8104855341996813,-6.283178564858169,-6.283185357809143,-185.7491673463056
709.0,-1.0413150373186006,0.010676401212750772,-1.5709363335331938,1.8020231543707126,-6.283178075732573,-6.283185439838208,-186.03742092938725
710.0,-1.0438312490013293,0.01079820937922821,-1.5708335256445134,1.799277667680139,-6.283170636722061,-6.283185545635789,-186.3244754078474
711.0,-1.040807758814233,0.010872002433942016,-1.5707779210598027,1.8067384598496996,-6.283169268917634,-6.283185556823291,-186.61296711715406
712.0,-1.0383847411847944,0.01078831687506819,-1.5708388967849563,1.7989507222681898,-6.283174304583195,-6.2831854280121515,-186.9016117441238
713.0,-1.0357792375270398,0.010813251871679691,-1.5708246436846747,1.7987991157963805,-6.28317331654758,-6.283185550945194,-187.19099926166163
714.0,-1.0352983054913492,0.010794918047211607,-1.5708458113689072,1.8042602277441582,-6.283174887758308,-6.283185559551442,-187.4810577358761
715.0,-1.0337446999915916,0.010812221374686926,-1.5708308030256197,1.8131486803176975,-6.283173607463783,-6.2831854952764274,-187.77234650686108
716.0,-1.0330042811302933,0.010776684232956203,-1.5708573634964158,1.8176023668702093,-6.283175022608377,-6.283185416925941,-188.06431274706168
717.0,-1.032387987839297,0.010768303541908776,-1.5708617147977761,1.818859408481769,-6.283174483469813,-6.283185412820724,-188.35659543895034
718.0,-1.0332244769545709,0.010768799834502536,-1.5708667102911822,1.8251719352802465,-6.283174273302751,-6.283185501662052,-188.64919309773472
719.0,-1.0341149433986487,0.010748961592521296,-1.5708753910913877,1.822184333517255,-6.283174365049212,-6.283185365729128,-188.9412842126506
720.0,-1.038621039928587,0.010725528719425781,-1.570899117348094,1.8198565184612165,-6.283175333942719,-6.283185467748042,-189.2318601868171
721.0,-1.0408908982445095,0.010777711090636077,-1.570853103803264,1.8184278451524634,-6.283171886966787,-6.283185491149037,-189.52153729642646
722.0,-1.0439500462771187,0.010374348923950486,-1.5708434961297941,1.8220687155700213,-6.283172478502095,-6.2831855370601275,-189.81069929389187
723.0,-1.047389267892546,0.010411994478344356,-1.5708797111238264,1.81574495542029,-6.283173960059532,-6.2831854271068295,-190.09830996168256
724.0,-1.0467331790815537,0.009172895313591724,-1.5707734057787224,1.8164404718076503,-6.283169196159434,-6.283185528965704,-190.38629883820497
725.0,-1.045740847192588,0.009468008952935763,-1.5708619539183672,1.8203583696358174,-6.281511381262516,-6.281539958080596,-190.6747765192097
726.0,-1.0394264855815318,0.009954466992086778,-1.5708184689773168,1.8131182004231299,-6.2825155972638775,-6.282538344586882,-190.96441341006465
727.0,-1.0347639430165108,0.010225447245359015,-1.5708465910597418,1.8064282709084285,-6.2829047728165985,-6.282918868266552,-191.25490738021264
728.0,-1.0300841589874619,0.010438288726531266,-1.5708337785592783,1.804068664441125,-6.283062858753266,-6.283076039882818,-191.54658468898126
729.0,-1.032432277080916,0.010503082811158242,-1.5708951732385192,1.8084046450766047,-6.283132074234635,-6.283140596240731,-191.83803856539186
730.0,-1.0369464138866165,0.010554588282699852,-1.5709073459167533,1.7989836331729177,-6.28315788718737,-6.283166974006189,-192.12731284859066
731.0,-1.0421466173497613,0.010655397000606843,-1.570873485800885,1.7968595259157059,-6.283166361688262,-6.283177967127989,-192.41475817201743
732.0,-1.0491656278783357,0.010694058915729013,-1.5708713638050722,1.7968274502712334,-6.283171228194346,-6.283182414870323,-192.70010394671525
733.0,-1.052369369792141,0.010776884196160018,-1.5708174846417884,1.7987113331283429,-6.283169887524545,-6.283184237070759,-192.9845564209543
734.0,-1.0503662052696021,0.010808942195100597,-1.5707947756576655,1.7916904908843903,-6.283170336683677,-6.2831849029915094,-193.26890190371503
735.0,-1.043505027805341,0.010877137500129334,-1.5707533738872494,1.7955117358590662,-6.283169582877722,-6.2831853600599015,-193.55550955873093
736.0,-1.0381915122627037,0.010790817695529918,-1.5708258605258292,1.7859238193107658,-6.283175296651513,-6.283185369799128,-193.84299559080662
737.0,-1.0358386835392057,0.010787627137863928,-1.5708414568792115,1.7850447526515654,-6.2825477613456675,-6.283185541549199,-194.13109378998175
738.0,-1.0366601462034537,0.010772491381174176,-1.5708606646553795,1.789261820571257,-6.282928863741175,-6.283185550951271,-194.41939349475535
739.0,-1.0361088043574362,0.010783354895462307,-1.570845702003183,1.7880824522856806,-6.283073148501238,-6.283185431328801,-194.7077486140733
740.0,-1.0367392476216999,0.01075446731177027,-1.5708677621501232,1.7794648837372564,-6.283134297035812,-6.283185444611048,-194.99520106189405
741.0,-1.0338802571091952,0.010815801434370153,-1.5708161991677572,1.7725323701714033,-6.283155709840656,-6.283185502367058,-195.2828082082738
742.0,-1.0371181821643147,0.010745073349536317,-1.5708826577445516,1.7656219421202692,-6.283171140601119,-6.283185515957578,-195.56894387101448
743.0,-1.0402374471600802,0.010806835167981796,-1.5708343608003545,1.770651922328263,-6.283171634251903,-6.283185607326163,-195.85448859373082
744.0,-1.0372150819991115,0.0108834075379229,-1.5707689912011635,1.7826767650661965,-6.283170207314554,-6.283185495037887,-196.14188276423025
745.0,-1.040082239261471,0.010781751440407597,-1.5708603182124554,1.7960564661806397,-6.28317770195065,-6.283185426661421,-196.42977811333685
746.0,-1.0371882693312946,0.010826247169019256,-1.5708073147557267,1.8002819172417273,-6.283172740125854,-6.283185337372274,-196.71882193600194
747.0,-1.0385700842815622,0.00895836819776461,-1.5708293437597423,1.796228579221127,-6.283176584010316,-6.283185309340012,-197.00758798859292
748.0,-1.04577483167109,0.009204661402692365,-1.570958496177734,1.7902482148490753,-6.283179571124247,-6.278598536836524,-197.29374050898156
749.0,-1.0499108405470237,0.009790019988512326,-1.5708783204501215,1.7792291949855326,-6.283173490952698,-6.277424341816491,-197.57744744697592
750.0,-1.051547314597248,0.01016302561361736,-1.5708406524933491,1.765061651827493,-6.283172520890205,-6.280886247606044,-197.85925700397232
751.0,-1.0494941665574633,0.010465573682844074,-1.570775909750741,1.7661085361547053,-6.28317063299386,-6.2822392586796445,-198.14157415314497
752.0,-1.046150669939459,0.010595164545503487,-1.5707852569356686,1.768364069920417,-6.283173410795765,-6.282796800098492,-198.42505674290905
753.0,-1.045358627825036,0.010651498506273735,-1.5708199487798362,1.7763279100626763,-6.2831762393584265,-6.283025825491846,-198.70953045887364
754.0,-1.0438235705297874,0.010672640148414646,-1.5701761149077686,1.7758819302344149,-6.283176254698585,-6.283119787747889,-198.99425560058523
755.0,-1.0431957238012033,0.010742757133544735,-1.570379416729011,1.7805266680077974,-6.283175561051745,-6.283158549394496,-199.27962572461462
756.0,-1.0374198329915025,0.010789749215413294,-1.5704967525056936,1.774900333128852,-6.283173291586889,-6.283174314650783,-199.56621222425517
757.0,-1.0338706343137392,0.010749944335413897,-1.57064541707297,1.7637776920137525,-6.283176841306814,-6.283180925937824,-199.85301412447728
758.0,-1.0291827812265681,0.010817732081083227,-1.570671029630276,1.7655412847752423,-6.283174180060932,-6.283183758039975,-200.14136028668315
759.0,-1.0309851690138523,0.010737163307986507,-1.5707924489165044,1.7655902232390157,-6.283179652022788,-6.2831847378658345,-200.4293303749652
760.0,-1.0386889926021998,0.010708949538929546,-1.5708480312708193,1.765397285792274,-6.283179758116437,-6.283185180865128,-200.71500344771414
761.0,-1.0486718428621482,0.010719622017895943,-1.5708551109836817,1.7603274298738667,-6.283177742953642,-6.283185310168836,-200.99722459122046
762.0,-1.0525050991570328,0.010844780021139172,-1.5707656451370586,1.7654825713824607,-6.283171122259389,-6.2831855123401565,-201.27857231142258
763.0,-1.0501521973360513,0.010807675061218476,-1.5682175460787615,1.7676316224390476,-6.283172008680091,-6.283185466615301,-201.56004605194332
764.0,-1.051261615783707,0.010871664165452545,-1.5690469785159178,1.7737272981491061,-6.283175098066523,-6.283185470510153,-201.84198326849855
765.0,-1.053370341187099,0.0108300130465123,-1.5696501378671728,1.7787769808241956,-6.283175793020501,-6.283185446904036,-202.12395443894374
766.0,-1.0541549627686688,0.010826758348796182,-1.5700338176230133,1.7842517526375907,-6.2831746720822,-6.283185459327757,-202.40628169433091
767.0,-1.0512919487987629,0.010824706642106417,-1.5702841031114478,1.780393122002384,-6.283173863406725,-6.280378950261244,-202.68914910958287
768.0,-1.0445808212278958,0.010836850984428091,-1.5704433478886495,1.7709393427161781,-6.283173145237457,-6.28131185411319,-202.9731690092157
769.0,-1.0387982028854132,0.010846529133126255,-1.5705651202294753,1.7758897065393844,-6.283174666917818,-6.2824281034652225,-203.2594090994211
770.0,-1.0395067766846295,0.01077751072411929,-1.5707088907832267,1.7879593195572567,-6.283178993204956,-6.282873984083447,-203.5466736636027
771.0,-1.0443028133712038,0.010720041763645655,-1.5707991863872997,1.790172089969017,-6.283179261657909,-6.283057407647476,-203.8328108042237
772.0,-1.0495984256147235,0.010744814259149712,-1.5708110595226656,1.7923711568173184,-6.283176031059602,-6.283132874246347,-204.11755678578004
773.0,-1.0541192074164185,0.010774383021146958,-1.5708096007429924,1.7962705376822956,-6.283174118024743,-6.283163880023564,-204.40129206881795
774.0,-1.0560153950015327,0.010816555780221624,-1.5707910390506143,1.8045809189741864,-6.283172300761685,-6.283176610202858,-204.68515031124969
775.0,-1.0565155518760412,0.010797170851710901,-1.570812314102768,1.8057837941538915,-6.283173482884354,-6.283181737903093,-204.96898906651688
776.0,-1.0588076381613138,0.010775052744904938,-1.5705400191690522,1.8115214763593719,-6.283174504801436,-6.283184002659377,-205.2526294503854
777.0,-1.0558208590283455,0.010829500949224462,-1.5705916034449865,1.8103317679281397,-6.283171274749333,-6.283184766166612,-205.5369536241088
778.0,-1.0532967425243291,0.010802772901305147,-1.570689534380486,1.8100527265174435,-6.283173656926788,-6.283185212759283,-205.82204758559263
779.0,-1.0460179930149518,0.010863675730140967,-1.5702078992296564,1.8210256123726183,-6.283170659618037,-6.283185386078497,-206.11001365350342
780.0,-1.0444235953887269,0.010774468757898878,-1.5704802220895773,1.8294540549022553,-6.283176801148762,-6.283185399826592,-206.39942820757022
781.0,-1.0412458648914547,0.010776680822173527,-1.5705950310895935,1.8304905923605677,-6.283174020390131,-6.283185345229905,-206.6899059450129
782.0,-1.039516950674448,0.010750772489111878,-1.5707041585239234,1.8294709238344635,-6.283174822663075,-6.283185412794912,-206.98089649012616
783.0,-1.041947069259412,0.010717288195515122,-1.5707921402151381,1.8279217916820427,-6.283175904888504,-6.283185457504009,-207.27111693485767
784.0,-1.0485060332695384,0.010719207182618911,-1.570834315917703,1.8330946375050006,-6.283175128410766,-6.283185547710823,-207.55988357866335
785.0,-1.0517679103466149,0.010757965009470604,-1.57081546709989,1.8298268788515502,-6.283171782404571,-6.283185392666027,-207.84733770053825
786.0,-1.0548745390612875,0.010755086608956839,-1.5708348658093925,1.8229490470161125,-6.283172481415211,-6.2831854330786285,-208.1332892834619
787.0,-1.0520011230566875,0.010847311510562344,-1.570771036834103,1.8231679421835554,-6.283168297048253,-6.2831855609069445,-208.4199342891098
788.0,-1.0492874095788485,0.0108222548543396,-1.5708056071025607,1.826940372799311,-6.283171841887377,-6.283185540483167,-208.70774318159803
789.0,-1.0427424241006487,0.010831211362000968,-1.57079447532397,1.8240539118391699,-6.283171180173751,-6.283185415503439,-208.9971978691687
790.0,-1.038861202036293,0.010770976458643864,-1.5708515380855042,1.817195994216006,-6.283174937784519,-6.283185438110617,-209.28732036698892
791.0,-1.0406210877863264,0.010725128394903508,-1.57089726705483,1.8114064018265905,-6.283176798715623,-6.283185506392115,-209.57650118771147
792.0,-1.0417655735180893,0.010742543158187913,-1.5708761671140352,1.7979629657106395,-6.283173956165598,-6.283185537099535,-209.86411590785605
793.0,-1.0409745450955281,0.010811821029665129,-1.5708276238417898,1.7961675195970215,-6.283171660447843,-6.283185638944419,-210.15170702235272
794.0,-1.043757639409,0.010766967104051062,-1.57086787253321,1.7946417630673277,-6.283175445634522,-6.283185541199162,-210.4384064807409
795.0,-1.0474888489652847,0.010793746575019645,-1.570848687475821,1.8019762043707064,-6.283174033394337,-6.283185560521085,-210.72461020455899
796.0,-1.051098949187769,0.010783455739680738,-1.5708517647516884,1.8058821937070304,-6.283174149443206,-6.28318545870333,-211.01010439670304
797.0,-1.058153157049641,0.01073805729104923,-1.5708870648762223,1.8049483198824758,-6.283176079330056,-6.283185415934581,-211.2935429144281
798.0,-1.059166671793091,0.010808478851994518,-1.5708176829863538,1.7971604364264049,-6.283170808081611,-6.283185423447342,-211.57585474110087
799.0,-1.053473019147148,0.010882538520499562,-1.5707600752525406,1.7955861435841043,-6.2831688358928695,-6.283185541642432,-211.8595310677827
800.0,-1.0487818437496341,0.01082548717941864,-1.570810764344718,1.7907064987477994,-6.2831740061528185,-6.283185468456205,-212.14422633782277
801.0,-1.0403721154480179,0.010858356941394058,-1.570780744436971,1.7858784309692146,-6.283172238825641,-6.283185496124102,-212.4309312409254
802.0,-1.0380119901952478,0.010783353405909683,-1.5708559709798704,1.7874159827570002,-6.283177628891863,-6.28318557446106,-212.71863655877868
803.0,-1.0386522208515,0.010752335030619465,-1.5708770668207903,1.7842512722245907,-6.283177629114066,-6.283185457822249,-213.00592373844322
804.0,-1.0442404009631214,0.010721602656591285,-1.5709046192118405,1.781414480294583,-6.283178310682335,-6.283185496818247,-213.2913495731984
805.0,-1.0481863157911147,0.010805685062337103,-1.5708381963719067,1.7913638015342623,-6.283173574435767,-6.283185527147723,-213.57636551368478
806.0,-1.0461663659669835,0.010846391900675068,-1.570795291640372,1.79716033056277,-6.2831713596917105,-6.28318544267051,-213.8624051308459
807.0,-1.0431877325527568,0.010821884308445114,-1.570816233247281,1.8011237436010943,-6.283173666807168,-6.28318543173396,-214.1497164457607
808.0,-1.04236330668032,0.010784583876219288,-1.5708496397887957,1.8050194378695013,-6.283175572746699,-6.283185450948183,-214.43768609310376
809.0,-1.0457408721520434,0.01073932074787618,-1.570888541337387,1.8074824552283297,-6.283177061056657,-6.283185443682796,-214.72495469243427
810.0,-1.0455076508650596,0.010766715082830516,-1.5708525963542384,1.7973478207349056,-6.283173219708074,-6.283185426666993,-215.0113307654261
811.0,-1.0392196213895608,0.01085385698129678,-1.570784462730195,1.793658799887046,-6.283169985567543,-6.283185534428565,-215.29911926979304
812.0,-1.036424399593109,0.009435291480603753,-1.5707932181995627,1.7978150984448857,-6.283174065164985,-6.283185570117011,-215.5884822586016
813.0,-1.0382000183623794,0.009597838896618938,-1.5709135451371314,1.799986116334009,-6.283178331858645,-6.283185506529504,-215.87760041324566
814.0,-1.0401993830898852,0.010005073441201839,-1.5708883741844675,1.7978995417074617,-6.2831757053151485,-6.283185439898905,-216.16582828657
815.0,-1.042221668114851,0.01027607731938312,-1.5708721930239442,1.7937092252186098,-6.283174692204365,-6.280031459824618,-216.4530062114062
816.0,-1.0471727213697175,0.010424754202783684,-1.5708867949537972,1.7873146020309947,-6.283175903380772,-6.280665254887856,-216.73814231532685
817.0,-1.0538444722631848,0.010570781231488777,-1.5708611633060618,1.7915112316123323,-6.283174238076584,-6.282171278231595,-217.02162302752618
818.0,-1.0567904823660135,0.010695085257808974,-1.570812514391852,1.7980407782022882,-6.283171538677116,-6.282768263206893,-217.304714734694
819.0,-1.0567876288319027,0.010734126338779862,-1.570811908524741,1.7970305031946001,-6.283172492949501,-6.283013990880642,-217.58769167638556
820.0,-1.0532209316619516,0.01077375758468042,-1.570799672367155,1.789987371018489,-6.283172140349303,-6.283114999420541,-217.87102682878594
821.0,-1.05390556294951,0.010749312082944185,-1.5708480531142974,1.7894618731599716,-6.283175816657497,-6.282323103750676,-218.15419371416453
822.0,-1.052969481626965,0.010777701251498625,-1.5708289509338336,1.7844317987733378,-6.283174048418504,-6.282814087454175,-218.43714047690554
823.0,-1.0471816582030045,0.010831369092668242,-1.5707888280597915,1.7782549435107786,-6.283171986298344,-6.283033077977738,-218.72114680994613
824.0,-1.0421378960576921,0.010810894798560159,-1.5708157335999853,1.7731925534187951,-6.283174923192608,-6.283122902390323,-219.00624993726984
825.0,-1.0391888573005466,0.010774533933928184,-1.570847522905584,1.7625112718226894,-6.282655771869131,-6.283159792941215,-219.29130634315504
826.0,-1.0407744030102921,0.010785626824934814,-1.5708541578607667,1.7692590676554885,-6.282971898902284,-6.283175036016844,-219.57653341254385
827.0,-1.041661423532982,0.01079553064992769,-1.5708402568976967,1.7737841201293827,-6.283091317748358,-6.2831811586294855,-219.86189137399595
828.0,-1.043951562376543,0.010766900121305193,-1.5708616612040627,1.7731766421624282,-6.283142293039343,-6.283183640468713,-220.14656243502844
829.0,-1.043766372700798,0.010807815246444369,-1.5708253278455009,1.7731587272537563,-6.283159928769683,-6.283184739745337,-220.43121886327998
830.0,-1.0464431702782229,0.010714010071533515,-1.567971437368043,1.7823655678651649,-6.282969162539991,-6.283185238905354,-220.71515642288992
831.0,-1.047595513604721,0.010876544897202217,-1.5688198672229228,1.792199085881172,-6.28309090743578,-6.283185300106109,-220.99976230586014
832.0,-1.0480625330839575,0.010854025441229202,-1.5694870258638836,1.8072847913544519,-6.283140366227563,-6.2831853288799975,-221.28577346336255
833.0,-1.0494836426854453,0.010786199887460856,-1.5699683291211202,1.8138521367408906,-6.283161913385639,-6.278834216523568,-221.57216088759444
834.0,-1.0513404443512695,0.010774078830993145,-1.5702679087625337,1.8199719495980604,-6.283169060576212,-6.281474474851875,-221.85864718641702
835.0,-1.0551247522804474,0.010733412883552125,-1.5704921255145965,1.81807844030677,-6.2831733296515315,-6.282480403054587,-222.1439869911866
836.0,-1.060730485417144,0.010759862114838788,-1.570609265136314,1.8262182914820304,-6.283173026741036,-6.2828959459265565,-222.42845312892817
837.0,-1.0591460975463685,0.010849650620825204,-1.5706175419784862,1.8379424624178033,-6.283168524142085,-6.28306648998448,-222.71426884877158
838.0,-1.051515234385856,0.010859585407382074,-1.570662250899366,1.8448090812905502,-6.283169151211204,-6.283136523282436,-223.00286342759964
839.0,-1.0442543145535972,0.010816854814031385,-1.5707425881208015,1.8524710915027705,-6.283172442892439,-6.2831653607031885,-223.29434538763914
840.0,-1.0403220575709948,0.01077984861182706,-1.5708094661099345,1.8666368157333824,-6.283174551932108,-6.283177146915899,-223.58832218630707
841.0,-1.03610980985442,0.01072613698487388,-1.5708543509543067,1.8625172014114062,-6.283174163929603,-6.283181923318837,-223.88329261961454
842.0,-1.0372471172817903,0.010580862954121579,-1.5677885440957662,1.852138880062961,-6.2831770698491765,-6.283184065784618,-224.17631231767365
843.0,-1.0330666591920545,0.010842618159084508,-1.5686508399674637,1.84243058543382,-6.283168048977905,-6.283184869538797,-224.46977011272543
844.0,-1.033900424402614,0.010796800187769243,-1.5694192377275713,1.8496859783204804,-6.283173005525899,-6.2831853519077105,-224.76390279512606
845.0,-1.040815763718941,0.010711602487159544,-1.5699570793895723,1.8519328095755165,-6.283175741261599,-6.283185375551103,-225.05641152711297
846.0,-1.0464481252381783,0.01076441540113552,-1.5702291042286487,1.8599220876798042,-6.283171243837565,-6.283185468893022,-225.3479442756736
847.0,-1.053072752116726,0.010708239758603674,-1.5704747843958888,1.8520483393009932,-6.283172892867735,-6.283185386999795,-225.63698478570754
848.0,-1.0588489047771739,0.010748201657854945,-1.5705856565504361,1.8450808551641853,-6.283170646480666,-6.283185464374392,-225.92372558875138
849.0,-1.0583488989298098,0.010808924213154153,-1.5706236936398956,1.8322765101471181,-6.283167542534001,-6.283185520599371,-226.2093797744636
850.0,-1.0517527800569964,0.010880453150374147,-1.5706353853318007,1.8278198325388788,-6.283166694576007,-6.2831855989150664,-226.49642837998863
851.0,-1.0446386282884788,0.010863829387983729,-1.5707007641256598,1.830981047703595,-6.283170394210429,-6.283185613179546,-226.78587746968188
852.0,-1.0345414835603712,0.01086983573399265,-1.5707223218553867,1.8360760769077848,-6.283170681642781,-6.283185532199352,-227.07879172977994
853.0,-1.0328046785151308,0.010752838363732546,-1.5708508645226262,1.8455097723100573,-6.283177601126898,-6.283185493979587,-227.37328860992088
854.0,-1.0303438134730174,0.01077825854040891,-1.5708373090545282,1.8568302902265577,-6.283173548271158,-6.283185438224385,-227.66948976916512
855.0,-1.0263934525772598,0.010751153452823313,-1.5708572263144442,1.855934969686882,-6.2831733998361905,-6.283185311101466,-227.96687489589021
856.0,-1.0237243106059626,0.010745895515195019,-1.5708727104756508,1.8570895872088196,-6.2831732394390984,-6.28318545458375,-228.2652260664555
857.0,-1.0216151246345944,0.010722605314927003,-1.570889081672775,1.848214854731817,-6.283173308119365,-6.283185426654393,-228.563515793911
858.0,-1.0237151237198483,0.010701092440694166,-1.5709159324340305,1.8396495294205335,-6.283174626083824,-6.28318548227768,-228.86047649227314
859.0,-1.0291890995330162,0.0107127411373355,-1.5709119403459029,1.8353057797062093,-6.283173798174449,-6.283185557997244,-229.15536756139713
860.0,-1.0389938206139058,0.010697774896610848,-1.5709240076916176,1.8296500572668195,-6.283174520386895,-6.283185511552168,-229.4468128802318
861.0,-1.0444452798460968,0.010791339674428,-1.5708424298363346,1.827283316360238,-6.283169221186274,-6.283185547841129,-229.73624895919582
862.0,-1.0474164916754434,0.005248183222897763,-1.5706544147942483,1.826534928171418,-6.283166094065032,-6.28318544230861,-230.02578260931656
863.0,-1.0435835758546859,0.006135270284497328,-1.5709068577476115,1.8236458472632513,-6.2831721932711675,-6.2831855677136055,-230.31607887965365
864.0,-1.0413907551170318,0.007744259757042377,-1.5708850173858224,1.8312714989614753,-6.283173279865836,-6.2831855695888486,-230.6073585594248
865.0,-1.042454048815524,0.008790805521218043,-1.5708846186815846,1.8454844500916179,-6.283174417552234,-6.283185449914551,-230.89937475122815
866.0,-1.0424135204438785,0.009476742009350584,-1.5708693269102352,1.8528765954976565,-6.283172816718453,-6.283185376937543,-231.19189468436088
867.0,-1.0450140163862847,0.009867281341810733,-1.570907787755091,1.8484354907885825,-6.2831747702068075,-6.283185324151569,-231.4832538176468
868.0,-1.0424895371601857,0.010245905176103106,-1.5708329340569587,1.8448463443902658,-6.283169344137503,-6.283185440893892,-231.77484148767473
869.0,-1.0410859382655644,0.010431735896351801,-1.5708485175879727,1.849175068954551,-6.283171515839273,-6.283185555956839,-232.06720874462775
870.0,-1.0381577610713781,0.010531830843844498,-1.5708558782540591,1.8397520567036219,-6.283171810164199,-6.283185439942302,-232.35962365130402
871.0,-1.0364624888072382,0.01059798799036538,-1.5708718844936629,1.827414861190322,-6.283172939727183,-6.283185505831197,-232.65148676251587
872.0,-1.0391224317911731,0.010665040452856305,-1.5708773999710632,1.8318024176659566,-6.283173685773727,-6.283185627469289,-232.942931395672
873.0,-1.0420383812251646,0.010679841736617585,-1.5708814445254589,1.8256137782946182,-6.283173488926761,-6.283185458187283,-233.23296626777602
874.0,-1.0456012179856855,0.01073063179169705,-1.5708641279118316,1.8274795847926866,-6.283172356022447,-6.2831855775611976,-233.52206311207803
875.0,-1.0483284630576881,0.010747601062810527,-1.5708566203367602,1.825113448103942,-6.283172257100777,-6.283185458119992,-233.81012459142897
876.0,-1.0501002815441913,0.010774194319938861,-1.570843395406618,1.824924907766193,-6.283171696287895,-6.283185509205022,-234.09761140916433
877.0,-1.0455690513073477,0.010826786576839182,-1.5707957388127978,1.8185405952772704,-6.283169345633826,-6.283185433362521,-234.38576139233822
878.0,-1.046512451441623,0.010757718431782592,-1.5708688438028924,1.8162784864386181,-6.283175158338398,-6.283185534948323,-234.67356420047588
879.0,-1.046923884084777,0.010798743314651273,-1.570838187521553,1.8212977356337705,-6.283172430540461,-6.28318557497401,-234.96162386996622
880.0,-1.05033913776764,0.01076530734858161,-1.5708709707458226,1.8294534082907052,-6.283174657611599,-6.283185514133249,-235.2494622901222
881.0,-1.054696931308936,0.01074687195173134,-1.570879433715429,1.8314095287121777,-6.2831742499276695,-6.283185405109962,-235.53622881110354
882.0,-1.0562100109462074,0.010771593717658097,-1.5708521800321276,1.8266706015325989,-6.283171909090582,-6.283185380847344,-235.82208694171905
883.0,-1.0520001317360705,0.010849582989756012,-1.5707914937225256,1.8291148487482745,-6.283168647736865,-6.283185538147056,-236.10924492947984
884.0,-1.0438653944880256,0.010853927799651287,-1.5707867718418658,1.82949499349386,-6.2831701080698945,-6.283185461332725,-236.39880664348763
885.0,-1.0364019048193216,0.010575450399652823,-1.5708150535897,1.8297727760311233,-6.28317294841201,-6.283185470497786,-236.69074634238112
886.0,-1.0369758851065014,0.010523403552072142,-1.5709128268523715,1.83304082530298,-6.2831779000468835,-6.283185518256089,-236.98298038152
887.0,-1.0432793119523909,0.010577932197647362,-1.5709271415897095,1.8424654068819037,-6.283176845950548,-6.283185496989042,-237.2741895228594
888.0,-1.0498689291030814,0.010634631488210311,-1.5709072478727661,1.846361905218587,-6.283173957113248,-6.283185410177612,-237.56376975299455
889.0,-1.0487571376730085,0.010728021697093823,-1.5708372255063732,1.836825627840285,-6.283168887561211,-6.283185400772615,-237.85269968793446
890.0,-1.0414638892916996,0.010814573689415326,-1.570786478199995,1.8310155444115244,-6.283167747978339,-6.283185494611316,-238.14315931173246
891.0,-1.0375850826500104,0.01076562163976845,-1.5708470643380281,1.826907776033388,-6.2831733969059815,-6.283185521487354,-238.4345320729126
892.0,-1.0348725998190553,0.01078317897526856,-1.5708445327185045,1.8306863314388102,-6.283172879288469,-6.283185593288361,-238.72705183714618
893.0,-1.0386815246220817,0.010685344416270877,-1.5709257227966045,1.8235555676740287,-6.283177526771668,-6.283185446021541,-239.017969657006
894.0,-1.0477592427767342,0.010668278466075737,-1.570939870715437,1.8119765605376525,-6.283176620012798,-6.283185505738937,-239.30520702195733
895.0,-1.054805395066958,0.010754120229698414,-1.5708688948321796,1.8034226514857121,-6.28317169843438,-6.283185543319313,-239.58948702372172
896.0,-1.0537697746529833,0.010881590431091798,-1.5707667633814786,1.8070092852759914,-6.283166880299753,-6.283185632497984,-239.87416031675502
897.0,-1.0501800507000414,0.01086716302861821,-1.5707807165373557,1.8121576367011345,-6.283170479432378,-6.282225390500974,-240.16033555227332
898.0,-1.0454685850520764,0.010847924012947149,-1.570796931848892,1.8184234895147506,-6.283172272091138,-6.282807949712778,-240.44846796396428
899.0,-1.041040978972811,0.010808076461252758,-1.570828335054129,1.820901631629775,-6.283174134813207,-6.283029866267315,-240.73819659560536
900.0,-1.0408101514150425,0.010757694677188036,-1.5708758991350271,1.8254455143816766,-6.283176189235354,-6.283121586498269,-241.02849486636842
901.0,-1.0394841786822504,0.010773926102384448,-1.5708577814568194,1.8276323699125667,-6.28317367789155,-6.283159188126609,-241.3193586075548
902.0,-1.0390400020880748,0.010746392412359881,-1.5708781432330072,1.8230764709173333,-6.2831746325606845,-6.2831746056488385,-241.61000678986042
903.0,-1.0407514850389437,0.01074394846153197,-1.5708842850240392,1.820672163680583,-6.283174448666109,-6.280144265467876,-241.89995025884502
904.0,-1.0378997359992341,0.010831601458308459,-1.57081382973864,1.8275788793796284,-6.283170078843596,-6.281989602116243,-242.19121820673533
905.0,-1.0336070078879147,0.010812785178102666,-1.5708279715368236,1.8322335694333887,-6.283172141291553,-6.282692707316654,-242.48422277855457
906.0,-1.0339481743891497,0.01074668998136922,-1.5708866626249622,1.8365450949273443,-6.283175689717285,-6.282983068753564,-242.77762559601163
907.0,-1.0341380603657861,0.010774935802151168,-1.5708642012472889,1.8458882823453477,-6.283173086243324,-6.283102321655502,-243.07175029694756
908.0,-1.0320794369853765,0.010752321844457027,-1.570868564697214,1.8396944375270678,-6.283172695790836,-6.283151206789157,-243.36598369749981
909.0,-1.0339076836144179,0.010661399324421818,-1.56924069062482,1.8289606889256718,-6.283175557772952,-6.28317144145672,-243.6583677369794
910.0,-1.0413807981770828,0.010737717148040504,-1.5697581173278468,1.824026893641423,-6.283174562442878,-6.283179770259994,-243.94819318907875
911.0,-1.0478144434498977,0.010764842187869704,-1.57010358259394,1.8159801653060554,-6.283172005222355,-6.283183126140205,-244.2354355578908
912.0,-1.0509909715711279,0.010845187205937605,-1.5702966794359627,1.8238579145331282,-6.283169315559819,-6.2831846101636915,-244.5223718250984
913.0,-1.049944148493833,0.010869615180926632,-1.570443194340831,1.83644266562237,-6.283169362345064,-6.283185084643488,-244.8106994586775
914.0,-1.0527670093126111,0.01076016766452426,-1.5706418985134833,1.8395155348606436,-6.283175064258073,-6.283185204583861,-245.0986645205068
915.0,-1.0542964847411012,0.01070224404198871,-1.5687673723884554,1.8322530081313186,-6.283173466397906,-6.283185336955587,-245.38502973831172
916.0,-1.0540336322202057,0.010833553531820252,-1.5693808114287306,1.8284016896280373,-6.283170357921401,-6.2831854407647185,-245.6711987793749
917.0,-1.0479715218572985,0.010864711046904677,-1.5698208576707795,1.8222423677830655,-6.283168944479512,-6.283185450443211,-245.9586414880226
918.0,-1.0437626229842796,0.010843944321674105,-1.5701700446585845,1.8309144956655012,-6.283172468665355,-6.283185552148354,-246.24822536163288
919.0,-1.035427038035484,0.010840333748263521,-1.570370857409937,1.8310545656486916,-6.283171461729927,-6.283185410124113,-246.54036441906402
920.0,-1.0291033742756333,0.0107876626769922,-1.5705611073362402,1.8306934871870955,-6.28317455924998,-6.283185460942408,-246.83454946910555
921.0,-1.0306577647399855,0.01070829674637721,-1.570729388216324,1.8325485209822843,-6.283177983759295,-6.283185504080194,-247.12861367890463
922.0,-1.0353860958738699,0.010687063851217732,-1.570801769901854,1.8257311778344192,-6.2831763855387175,-6.283185427193231,-247.4207012123891
923.0,-1.0396454796417038,0.010749182075068753,-1.5707967366448632,1.8263186303938326,-6.2831725481457275,-6.283185559677209,-247.71148168561365
924.0,-1.045739264183307,0.010727489015426007,-1.5708390334828264,1.8208143565473336,-6.283174012945014,-6.283185439219202,-248.00000081529808
925.0,-1.0497836930171442,0.010807946873163408,-1.5707979271167283,1.8286998183949101,-6.283170499060939,-6.283185549933364,-248.28790101621524
926.0,-1.0468292018061383,0.01082754228026141,-1.5707767639532006,1.8217507806282722,-6.283169109673322,-6.283185416230821,-248.5759820359454
927.0,-1.0463664084785043,0.010761155598039024,-1.5708436986012513,1.8078138589083694,-6.283173799816055,-6.28318550473837,-248.86307143826716
928.0,-1.0445126613474607,0.010813172999573212,-1.5708114515362752,1.8011946922837871,-6.2831716362006915,-6.2831855811333055,-249.15003886134386
929.0,-1.0395274858158638,0.01083154173253627,-1.570797305343085,1.7918348060153564,-6.283171618798214,-6.2831855285435765,-249.4376238099005
930.0,-1.0413981887149169,0.010766976931889959,-1.570866942064558,1.7914491514079698,-6.283176827783157,-6.283185626189213,-249.724740518143
931.0,-1.0416431979185838,0.010790317958982923,-1.5708390197606992,1.7855563063686357,-6.283174137987355,-6.283185471417699,-250.01120400805303
932.0,-1.0444637375845605,0.010789217971411486,-1.5708504661147003,1.7903841218484962,-6.2831751671199605,-6.283185594010716,-250.29727129638258
933.0,-1.0491487827448909,0.010759663391384252,-1.5708688589407622,1.7888376863893045,-6.283176029486824,-6.281026467444583,-250.58185118490664
934.0,-1.0484328807060805,0.010823164648132681,-1.5708086731238418,1.7838387216914926,-6.283171797360367,-6.282336494967669,-250.86607025518674
935.0,-1.0470776535084856,0.010838214583399066,-1.570805977446323,1.7889646446855254,-6.283172949898736,-6.279438820029145,-251.15112577534114
936.0,-1.0458790769522748,0.010803301218008453,-1.570830219191258,1.7875479224182504,-6.283174919377419,-6.281706013801333,-251.43645226441683
937.0,-1.0452588011220374,0.010789678764860266,-1.5708414026776427,1.7843262551935044,-6.283175297448106,-6.282576073550098,-251.72169569461727
938.0,-1.0463125397068125,0.010777336273422823,-1.5708537782260295,1.7817488627038183,-6.283175801944095,-6.282935193521766,-252.00642053858684
939.0,-1.0455653512448562,0.010820125124784618,-1.5708199510899938,1.7854042617081978,-6.283173436048302,-6.283082730971977,-252.2916247226289
940.0,-1.0444529055699223,0.01082900470060669,-1.570817693585738,1.796380989468886,-6.283174159162078,-6.283143246563989,-252.57812880049906
941.0,-1.0442667947980047,0.010785396994575048,-1.5708488881795124,1.8012240645090931,-6.283175775255441,-6.283168051255201,-252.8651841544064
942.0,-1.0485714914492914,0.010675941453528594,-1.5708757492126768,1.8143021186857498,-6.283176969995271,-6.280585122912264,-253.1522061646116
943.0,-1.0483366304574044,0.010708850337510628,-1.5708460236842399,1.8124244170569141,-6.283173237063769,-6.282162699580325,-253.43907422842773
944.0,-1.0483632789807835,0.010703571398101429,-1.5708689659021267,1.8016303547863408,-6.283174463949235,-6.282764085370063,-253.7250196184808
945.0,-1.0428559523324687,0.01082592120284103,-1.5707863429709283,1.8025683297319712,-6.283169648629107,-6.2830125338665574,-254.01250902183017
946.0,-1.0393694584539697,0.010763121278693106,-1.5708470503805823,1.7949618464577355,-6.283175125339118,-6.283114365155903,-254.3004865728057
947.0,-1.0429371580743823,0.01074094998775877,-1.5708859284578662,1.8016863018689129,-6.283177402104226,-6.283156367612965,-254.58807145426832
948.0,-1.046973206537397,0.010722646451651776,-1.5708889333226546,1.7933206417077612,-6.283175862135372,-6.2831734482040025,-254.87373269154565
949.0,-1.0503458584287886,0.01076554024811751,-1.5708579251186943,1.7878141350924377,-6.28317378788444,-6.283180578646172,-255.15784720848956
950.0,-1.0469617604658532,0.01083868116157973,-1.5707912362555914,1.7781286699258383,-6.283170296451944,-6.283183472567179,-255.44195159334734
951.0,-1.0381772325417773,0.010890203672992352,-1.5707527676360442,1.7736411072017615,-6.283170279887258,-6.283184731070295,-255.7281945213714
952.0,-1.0369918419731858,0.01076746099166788,-1.5708634651869757,1.766022293417041,-6.283178930458917,-6.283185160032668,-256.01433182728516
953.0,-1.0427802254087275,0.010724492984406519,-1.5709008483359035,1.7595320805345658,-6.2831797925678865,-6.2831853945128975,-256.2982226524492
954.0,-1.0473856362785827,0.010782013971880947,-1.570848959728754,1.7549165679072893,-6.283175335588244,-6.283185485879849,-256.5802247322865
955.0,-1.0458661659500674,0.01086448724305485,-1.5707778827092438,1.7545451922799002,-6.283171660701303,-6.283185537465092,-256.8624925265069
956.0,-1.0401795351171395,0.010876156144246647,-1.5707659362677953,1.7520263909701397,-6.2831729321449785,-6.283185474468047,-257.1462010039332
957.0,-1.0386027380066472,0.010808278622587186,-1.5708288894828328,1.7509988850976406,-6.283177937173545,-6.283185508994925,-257.4304127132377
958.0,-1.036190519356955,0.010808999969217137,-1.570821847137593,1.743904797087725,-6.283176653256967,-6.283185450228338,-257.7147098419774
959.0,-1.0357838404749207,0.010781396989684318,-1.5708462258205498,1.7335267381525525,-6.283178096251356,-6.2831855020311185,-257.99824692235563
960.0,-1.0372980875525124,0.010816386142595278,-1.5708262055500597,1.7389336036550511,-6.283177024849458,-6.28318561142937,-258.28177070676605
961.0,-1.0441847390777776,0.010767174290137172,-1.5708691274009832,1.7470267236954995,-6.283179714514894,-6.283185543657689,-258.564034709847
962.0,-1.0491849369403967,0.010790066778850863,-1.5708387988865813,1.7470659781876068,-6.283176585796533,-6.283185394406603,-258.84475862929776
963.0,-1.0513602457875122,0.01081315403603101,-1.5708155793080187,1.7422998862593417,-6.282423926494184,-6.283185406841668,-259.1242885486036
964.0,-1.0469612833787616,0.010911360362962863,-1.5707381773234204,1.7506195085843712,-6.282875147272674,-6.283185521023156,-259.4057381195249
965.0,-1.0426541184937195,0.01086198746257877,-1.570782712264975,1.7590529499842171,-6.283054024896672,-6.283185486591624,-259.68932547631096
966.0,-1.0380272332881129,0.010833005558930128,-1.5708039361221158,1.7633424619650873,-6.283126742281855,-6.283185410592957,-259.97474524754784
967.0,-1.0385238379372852,0.01077424297912967,-1.5708605613752786,1.771421361291743,-6.283158962222639,-6.283185468664319,-260.2608628595517
968.0,-1.041462721563304,0.01074656539930158,-1.570878440567169,1.7730746470640828,-6.283170328636109,-6.283185384694504,-260.5462956246313
969.0,-1.0472959191741538,0.010763259397179575,-1.570872341907228,1.784872536705787,-6.283173989772675,-6.2831854475276945,-260.83104321068146
970.0,-1.0503087861797962,0.010802431556308242,-1.5708342177059262,1.7963980302859945,-6.28033389790516,-6.283185425322464,-261.1156138721621
971.0,-1.0463829588885019,0.010859129513493994,-1.5707816719533285,1.806141754958207,-6.282050740594325,-6.2831854016546,-261.40224091171206
972.0,-1.038946788680125,0.010851194539458042,-1.5707876662024418,1.8130116980718727,-6.282711947064361,-6.283185387310038,-261.6917654072294
973.0,-1.036260202676588,0.010774812687560757,-1.570860132929062,1.8217130501116514,-6.282987792593242,-6.283185432798556,-261.98304281319946
974.0,-1.0371697509133244,0.010730502492668525,-1.5708948825803914,1.826030999979175,-6.28309948615683,-6.283185390459467,-262.27452329801235
975.0,-1.03994925358998,0.010704657631703455,-1.5709098893142264,1.8200569504054775,-6.283144339062185,-6.28318536478987,-262.5646970717179
976.0,-1.0405533236123221,0.010761369886356053,-1.5708634847517284,1.8148949784489534,-6.283159427435228,-6.283185461789763,-262.8541531964775
977.0,-1.0363173551803064,0.010809899235742442,-1.5708196470624856,1.8058566659039577,-6.2831652050278874,-6.283185474780519,-263.144002599728
978.0,-1.0359900437313445,0.010762578485173445,-1.5708679389187825,1.798377350620756,-6.2831728819940205,-6.283185522747428,-263.4333844248842
979.0,-1.0378121784258274,0.010757821875118641,-1.5708714123137666,1.7903431196970205,-6.283174193961809,-6.283185517942076,-263.72151144603777
980.0,-1.0413441256409801,0.01078230901983016,-1.5708575089540902,1.7925947598020187,-6.283173877509872,-6.283185634628256,-264.0087447765683
981.0,-1.0435006184475315,0.010815809376927171,-1.570829127101093,1.800567715808137,-6.2815037519805355,-6.283185551754769,-264.2958338982364
982.0,-1.0446705034354076,0.010821895602476232,-1.570824446135125,1.8122123334098517,-6.282514918011423,-6.283185461602163,-264.5836723017784
983.0,-1.0417411539662453,0.01084567173497987,-1.5707998754419166,1.8239756087822845,-6.282901097283519,-6.283185415784507,-264.8734020168089
984.0,-1.040897486308609,0.010766688183012138,-1.5708619515432292,1.8264336682277238,-6.283064445221256,-6.283185332681292,-265.1637390994904
985.0,-1.0417721800897048,0.010754992568857626,-1.5708732800041423,1.8291820706538007,-6.28312917739584,-6.283185429917034,-265.454091182585
986.0,-1.0481960826432823,0.01069666673220816,-1.5706837121203818,1.8302398835572484,-6.283158048129401,-6.2831854392736775,-265.74267488417706
987.0,-1.052318752467791,0.01076405221013683,-1.5707031082579215,1.8299416464121123,-6.283164280647745,-6.283185443587042,-266.0299461961209
988.0,-1.0573222120563006,0.010759979216133251,-1.5707625770870033,1.8308523298875115,-6.283169572990746,-6.283185483362341,-266.3158750096749
989.0,-1.0605913311855129,0.010793046630153496,-1.5707701889652124,1.8343984937816178,-6.283169681602239,-6.283185504929873,-266.60112931719203
990.0,-1.0601768852852018,0.010835805340768107,-1.5707604991196478,1.843482230499363,-6.283169076543307,-6.283185487774443,-266.8872251267257
991.0,-1.0543440525315049,0.01084897175701027,-1.5707580436964892,1.8473666126194597,-6.2831690302985095,-6.28318540505647,-267.17528659509827
992.0,-1.0469604495273794,0.010815732269033153,-1.5707950811837699,1.8455007340036347,-6.283171514112057,-6.2831853828750885,-267.4653832822455
993.0,-1.0416007479844611,0.010766137444229601,-1.5708454886634748,1.83875489306178,-6.283173977222419,-6.283185414213813,-267.7565698619391
994.0,-1.0355199860957154,0.010820371434017846,-1.5708182307466734,1.8471612518894531,-6.283171668407174,-6.2831855382714465,-268.0502610288131
995.0,-1.036786535479807,0.00993910910081966,-1.5709091952512149,1.839639059944267,-6.283177400917614,-6.282837544842943,-268.34330266174754
996.0,-1.037894070552663,0.010101073226429367,-1.5709118763397123,1.8302654383430832,-6.283174047796135,-6.283048690736073,-268.6351316622181
997.0,-1.038034182552729,0.0103731600205927,-1.5708671101145992,1.8306352998486375,-6.2831715233320775,-6.283129248432624,-268.9268294348506
998.0,-1.043691595892778,0.010432008350653282,-1.5709276817637443,1.8206751876128753,-6.28317593975481,-6.283162346637046,-269.21606311701385
999.0,-1.0478933210996833,0.010609770982653269,-1.5708581647646542,1.8213938621799741,-6.283171109066391,-6.283176103651817,-269.21606311701385
