time,shoulder link,upper arm link,forearm link,wrist1 link,wrist2 link,wrist3 link,total_reward
0.0,0.00022612133286753011,8.406276314433594e-05,-2.9208835067089377e-06,4.813885138207781e-06,-1.1658310989597612e-06,-2.2349686963111917e-05,-0.9111607981031667
1.0,-0.002563495526642816,0.004521766675525249,-0.0027170405530676095,-0.011084297673524608,-0.008022943701265826,-0.007193833810659136,-1.822231863505813
2.0,-0.011337509797288621,0.008788209593238963,-0.010299515763309078,-0.026763835464735004,-0.020758733168157656,-0.021174457742190234,-2.728926411640779
3.0,-0.02382456653440975,0.011442765256167664,-0.021700853123188,-0.04434476365349918,-0.03515355771038972,-0.03100703629726136,-3.627837783953505
4.0,-0.035331423637952,0.012923133776159883,-0.0352580352451257,-0.05391055625872035,-0.0521556766587724,-0.04423040971843311,-4.518162638247276
5.0,-0.04811546454456149,0.013833671930241648,-0.05060094400188306,-0.06712583005054257,-0.06433716778515416,-0.060749866089428464,-5.399015166430895
6.0,-0.061379894508178594,0.014305959668208782,-0.06669892826766138,-0.08320175498285734,-0.08035781519102062,-0.07866494864954171,-6.269626826209468
7.0,-0.07376809330659842,0.014610427411164369,-0.08370107784587343,-0.1009235967573042,-0.0932604740408588,-0.09715780437015983,-7.130336639897085
8.0,-0.08756043660741081,0.014773276952410555,-0.10132523160352538,-0.11660657790186682,-0.09902743912159594,-0.11149099594272234,-7.980339776125085
9.0,-0.10319559580398235,0.01484865128425722,-0.11937010338603998,-0.12942400996566195,-0.11248863997725785,-0.12842790833022696,-8.818021818776794
10.0,-0.12005066605018633,0.014791912595891568,-0.13649945292550916,-0.14572431030394864,-0.12170928367326377,-0.14651437732351297,-9.642837646738743
11.0,-0.13769120940053284,0.014438339176584694,-0.1492409891821174,-0.1594365722853697,-0.1365316653273129,-0.16507809654490993,-10.454629702886724
12.0,-0.15581855220692653,0.014727014618345708,-0.16381876522741579,-0.1643767972698496,-0.15119700767923713,-0.17824308283145057,-11.252794588617165
13.0,-0.1742195102699766,0.014372735605379905,-0.17314242088696094,-0.17529338846787682,-0.16403714173149672,-0.19292504855430473,-12.037927835573706
14.0,-0.19241826810820514,0.014825490883725815,-0.18536808617610037,-0.18986462283487515,-0.1803622732813818,-0.2042936742955206,-12.809939906980945
15.0,-0.20729140522821793,0.014881321904112774,-0.1978206696162083,-0.1987770828743118,-0.19819666973649414,-0.21998110722705685,-13.570267388078442
16.0,-0.22213136864649077,0.0151004510504153,-0.21233267752099597,-0.2134518756285695,-0.2128754962183943,-0.23755033687700697,-14.31896441162623
17.0,-0.2338565754464133,0.015096267681651615,-0.22762230575195813,-0.22454299608151548,-0.22798866745950896,-0.2559001915118488,-15.05733097536684
18.0,-0.24613821788277807,0.014720051980596786,-0.23931219641594967,-0.23696350808725844,-0.24529152290490347,-0.27457280388823646,-15.7856916848582
19.0,-0.25759776766466475,0.014789722684335194,-0.25100624784312897,-0.25113398296542006,-0.2551530178726916,-0.28863051996106764,-16.50479438516628
20.0,-0.2692092169981905,0.01500133497759675,-0.2644410874084327,-0.26802935944410117,-0.2661936185384657,-0.3054476233567342,-17.214361847162497
21.0,-0.2816546550951759,0.01473023391948666,-0.27498856969154173,-0.2861158190516019,-0.2817755863219382,-0.31374914386421765,-17.914081450337164
22.0,-0.2959407265048772,0.014809569546642833,-0.28574882969756993,-0.3044101657145728,-0.2940506975222741,-0.32761915241513573,-18.60304222883639
23.0,-0.30976062391480014,0.014590417213100873,-0.2934294735382987,-0.32306969620897474,-0.3097280161749839,-0.33875036044040396,-19.281774123555383
24.0,-0.32454218931837814,0.01452688531374335,-0.29901581435055713,-0.3418531279601312,-0.3272906484324845,-0.35089040113970715,-19.950237314159715
25.0,-0.3400196687499986,0.014839794996602502,-0.30666636461296576,-0.35614796536093024,-0.3444278439535945,-0.36501023108272457,-20.607676351748797
26.0,-0.3564266932496673,0.014874223879949354,-0.31391197273677096,-0.372531613452459,-0.3496482625084189,-0.38189962302411706,-21.253745946357125
27.0,-0.3737523255165615,0.015111124152385854,-0.3234602305132327,-0.39037201311170067,-0.35981285472670466,-0.3999675380579904,-21.887410213706122
28.0,-0.3890159233932408,0.015199701718692367,-0.33453603033248974,-0.40883734320493426,-0.37273994592941745,-0.41674258562090927,-22.509313719946512
29.0,-0.4044796929583687,0.015324700674473099,-0.34817945318945814,-0.42753193475744183,-0.3891332729077449,-0.4341260358568284,-23.11884941740716
30.0,-0.4211436889829135,0.01529421615279636,-0.3636084645878569,-0.4406173648153501,-0.40699771109211286,-0.451779894397,-23.714704118945388
31.0,-0.4386401529026187,0.015260273112699781,-0.38017750822858615,-0.45699019452942613,-0.4183746578372965,-0.4655891611060811,-24.296183667943925
32.0,-0.456670775735338,0.015182945397302156,-0.39751749149328747,-0.47484606945506863,-0.4340745971540582,-0.4823064537536492,-24.86265352074837
33.0,-0.47501864896978985,0.014739433524262394,-0.41130522579662526,-0.4933338399936966,-0.44744265491954105,-0.49998969419014494,-25.4145029370626
34.0,-0.48883010358894907,0.014847395418022243,-0.4260061458811867,-0.512033453413144,-0.4639896819034429,-0.5126989622245757,-25.954270280507213
35.0,-0.5024639920528927,0.014515654264958797,-0.43711661115063033,-0.5308597944816207,-0.4819132970504407,-0.5289425966662635,-26.482857725616068
36.0,-0.5149951880949252,0.01450457552745089,-0.4473576452273751,-0.5436906450245139,-0.4906421391339952,-0.5467417477266466,-27.001287234312407
37.0,-0.5268878600252116,0.014869409739279268,-0.4603155870076051,-0.5599435971623852,-0.5027929473412942,-0.5648508120593748,-27.509520171700782
38.0,-0.5405528960771273,0.015024869503206322,-0.47528223403014397,-0.5777441785349747,-0.5109182425503934,-0.577884887545197,-28.006002733190876
39.0,-0.5561157496622668,0.01492588492688287,-0.4902781202585167,-0.5962015159379449,-0.5198125301567639,-0.5895630661986653,-28.48938118913583
40.0,-0.5711760302582226,0.014392199414074509,-0.5001452178010901,-0.6131551788078043,-0.534483727628799,-0.6053947480837907,-28.96076740454076
41.0,-0.5869689206583447,0.014733276040763821,-0.512720047215328,-0.6311516294122292,-0.5516398090010776,-0.6153289778349635,-29.419628364397873
42.0,-0.6038628458291739,0.014632549903822088,-0.524321919454615,-0.6471826837033795,-0.5698180216510765,-0.6304461345218197,-29.86530698967419
43.0,-0.6179014777343724,0.014874489115434476,-0.538199434062127,-0.6644937130979791,-0.5869555160505348,-0.6477801900439314,-30.298939321897784
44.0,-0.6294896855617592,0.014608087114800649,-0.549625269246451,-0.6827549275000977,-0.5991362250492613,-0.6555942944435801,-30.722361072995145
45.0,-0.6425546419431936,0.01461290030163809,-0.5612092738119191,-0.7013581418325618,-0.6151559723746161,-0.6627297099492672,-31.134934759723777
46.0,-0.6556541885302138,0.014746540228915467,-0.5742399905453471,-0.720122047614466,-0.627822970939528,-0.6729436871629215,-31.536259051917934
47.0,-0.6700657520873081,0.01484903985904832,-0.589217799533095,-0.7389561761421509,-0.644059436621898,-0.6718738875991959,-31.925105182616097
48.0,-0.6861220853634439,0.011849305410486592,-0.6052075674282406,-0.757769881221942,-0.6603694518380421,-0.6826339489141242,-32.29878587429247
49.0,-0.7032084658199547,0.011696532002935559,-0.6229024929985804,-0.7728273370824107,-0.6781638974767861,-0.6981722254488646,-32.657477900288896
50.0,-0.7174358251162034,0.012615848458811401,-0.6405838244535542,-0.7791166047144719,-0.6966169244792049,-0.7156824715481546,-33.003473995225576
51.0,-0.7289356251909304,0.012234027204901871,-0.6570822006915323,-0.7927573994416238,-0.7153169305150816,-0.7297620043320425,-33.337876300298376
52.0,-0.738153338183684,0.012523030372007166,-0.6729070679413128,-0.8013280223324176,-0.7298314953997983,-0.7449215117115316,-33.66249585101262
53.0,-0.7494026202053298,0.013076551414729938,-0.6873045341930276,-0.815853697752448,-0.7468428433358004,-0.7516679094386719,-33.97682961279938
54.0,-0.7600884071366135,0.013561422236852153,-0.7017060698138844,-0.8329447008101285,-0.7615462311547022,-0.7655293312563469,-34.280966790003035
55.0,-0.7719536312749535,0.013864573483866804,-0.7176259369120184,-0.8396732207619734,-0.7687861350381444,-0.7823461013262163,-34.57422215267573
56.0,-0.7861180097317324,0.014070620135369787,-0.73452265706684,-0.8473609341947355,-0.7828390364578033,-0.8003847992267445,-34.854997678737085
57.0,-0.8015437422391101,0.013988636833997183,-0.7520348206624214,-0.8615261948453939,-0.7959584095796833,-0.8145132573063087,-35.1221659165407
58.0,-0.8180718047611311,0.014010676498911785,-0.7700858326397129,-0.8784915750328033,-0.8124037343373414,-0.8295603858759634,-35.374994614729964
59.0,-0.835457170455555,0.013837218250864853,-0.7862144663648263,-0.8919175722672567,-0.8271299853421803,-0.8468347573985688,-35.61373017601079
60.0,-0.8523764903160373,0.014002927886648165,-0.8031266235639011,-0.9084473280297499,-0.8442548683771162,-0.8649652644302218,-35.83859833147843
61.0,-0.8696452315387959,0.014064321607579712,-0.8207134947969245,-0.9263626749896876,-0.8624188579431448,-0.8835455304012153,-36.0493306506763
62.0,-0.8875020042668901,0.014047760238595164,-0.8387550476335587,-0.9433023184243753,-0.8715882193918196,-0.9023132911956426,-36.245798863853594
63.0,-0.9051634755531546,0.013990696615049085,-0.8570992321898843,-0.9579412716426836,-0.886422888453296,-0.921158585893454,-36.42825712821897
64.0,-0.9230385368006001,0.013618365322600114,-0.8713658159133914,-0.9750501095724203,-0.9003754502046558,-0.9374325196232133,-36.59808242362469
65.0,-0.9403037094638781,0.013796395278329416,-0.8869695661021695,-0.9931547791862508,-0.9171794761701343,-0.9552023669989539,-36.75588821151993
66.0,-0.9578199573057052,0.013865573038853033,-0.9037038880241194,-1.0117281125232884,-0.9352108411988794,-0.9736339907414021,-36.90172645964107
67.0,-0.974531727286289,0.011555999177579027,-0.9144370109642265,-1.0257584706275833,-0.9537524060193443,-0.9923403540643808,-37.03747061578521
68.0,-0.9888202406229809,0.011330062770015336,-0.9279048218044417,-1.032834316101445,-0.9725057564030729,-1.0076409223624323,-37.164963049394466
69.0,-1.002371878184451,0.01198578703919511,-0.9431403154209651,-1.0253206715429695,-0.9913421934887714,-1.0249928414703042,-37.285544367343206
70.0,-1.0173634466601276,0.012613170486368761,-0.9595280130580808,-1.0145599411760986,-1.0102145975572216,-1.043251248147804,-37.39966936636778
71.0,-1.0337367958391117,0.013051062538154247,-0.9767306914200968,-1.0103934094574667,-1.029104098151112,-1.0611797688371167,-37.5078482487621
72.0,-1.0503807875769955,0.012952637466703555,-0.9914474639406716,-0.9976083159306531,-1.0421475175986723,-1.0789281473446843,-37.61237725527824
73.0,-1.0579123579005443,0.013148810365441662,-1.005410860450775,-0.9811969620671052,-1.0486486681250213,-1.0973389662470814,-37.7133838348956
74.0,-1.0561102840183942,0.013458692325169547,-1.020947481505191,-0.9679685494663525,-1.056357044002738,-1.1160364559618197,-37.80857078533915
75.0,-1.0480499322019474,0.01360907464433458,-1.0376470386223995,-0.9638518035030461,-1.0697192731869014,-1.1348528088364196,-37.8960621474896
76.0,-1.0366357248341642,0.013259652511173822,-1.0513481112710075,-0.9560286102715363,-1.0789394266265133,-1.1537183832215485,-37.97648151444679
77.0,-1.0232989190973483,0.013238102011487868,-1.0654736999971115,-0.9417602558935604,-1.0861508323075053,-1.1726041395145579,-38.05085362094368
78.0,-1.0116596335150003,0.013280965373231368,-1.081180435858896,-0.9255952822825443,-1.0999740739396588,-1.190246851064509,-38.12001421928909
79.0,-1.0048814992211683,0.013233004652287494,-1.0980057209567708,-0.9100505876208743,-1.1167709045365595,-1.2072405273424487,-38.183892909596665
80.0,-1.0061683021894556,0.013129995396949673,-1.115568630874906,-0.8979403019085744,-1.1347994042630536,-1.2253286339141112,-38.241138873811316
81.0,-1.0137803361033024,0.012779083186793237,-1.129352508463309,-0.8922843185035569,-1.1492869180579335,-1.2312057067286997,-38.2919301222046
82.0,-1.02544239918389,0.012301831631788052,-1.136100539117756,-0.8850466751421197,-1.166296194683139,-1.2447455476893088,-38.3397595896666
83.0,-1.036647352649686,0.012392212126045151,-1.1411165081978032,-0.870997548451319,-1.1757478570169684,-1.2545367376286942,-38.38771663270362
84.0,-1.0446358893032677,0.013066109456091598,-1.150416944527127,-0.8762551236269895,-1.190689615979754,-1.2695820631843706,-38.43464618590851
85.0,-1.0484205574576546,0.012407945647737428,-1.1510716019420564,-0.873059416905994,-1.2074757358687818,-1.280627162982681,-38.48295734281349
86.0,-1.0454200487724763,0.012710631329472066,-1.1522901545498283,-0.8691089313560942,-1.2255004796178228,-1.2961749084991032,-38.53131679025735
87.0,-1.03931382772453,0.01293522429877085,-1.153790334542818,-0.8786340860389024,-1.244031054336101,-1.3136863873474014,-38.57787836720942
88.0,-1.029236709544566,0.012528758349961703,-1.1488137335933017,-0.8859874150342327,-1.2598490197271308,-1.3320123685786343,-38.623850279373215
89.0,-1.0160760167877239,0.01276757494317224,-1.145625118494503,-0.881374878627932,-1.2765922699821846,-1.3430052257057508,-38.66998914389304
90.0,-1.0054968407096891,0.012833061932473992,-1.142997317293366,-0.8727852979874217,-1.2945778362432427,-1.3543629349508357,-38.71749219000117
91.0,-0.999266328866218,0.013364789519677771,-1.1472423684898527,-0.8712554409930133,-1.3116790624445023,-1.370071156221922,-38.76408289379817
92.0,-0.9980169411316511,0.013398537895677716,-1.154803382928907,-0.8729726007377073,-1.3266956474408358,-1.3773243946659757,-38.80761192931956
93.0,-0.9976432090562126,0.013274515540538788,-1.163320751715502,-0.876130836339379,-1.3439437489459076,-1.389140184212666,-38.84734914660296
94.0,-0.9995041696683308,0.0132836771009696,-1.1740464791321177,-0.888045955110606,-1.3621575117272764,-1.3946359738289138,-38.881906097427404
95.0,-1.0015884150268202,0.012920756620314123,-1.1836904709850826,-0.8863063909671107,-1.3716984220732784,-1.40555414240637,-38.91227981852883
96.0,-1.0056862161643836,0.013066302916320141,-1.1962153031799816,-0.8934777034684744,-1.386675797476891,-1.4208318638482902,-28.93768689370185
97.0,-1.0080957683878975,0.012833486231336472,-1.2063901099204548,-0.9075215709482577,-1.400798047308203,-1.4317748828111534,-18.95871726154951
98.0,-1.0146851187050192,0.012060008044237657,-1.2088820007113408,-0.9022622433830184,-1.4170165288578824,-1.4250644358474234,-8.981450183510983
99.0,-1.0257119481377943,0.012007878969642113,-1.2084972722384588,-0.8889233778776672,-1.4348016447232201,-1.4166343996644204,-9.011564797304468
100.0,-1.0395480424780592,0.011933341593840045,-1.2034149176426423,-0.872313492953143,-1.453243157860833,-1.403766972981942,-9.053222250239244
101.0,-1.0455580117449863,0.012630709822054791,-1.2008595452911546,-0.8702678662167185,-1.4719696332018508,-1.4096105800886618,-9.101609306941157
102.0,-1.0433523738105734,0.012839451626452043,-1.199217299557664,-0.8688015623555913,-1.4898599740870773,-1.4231153976657351,-9.150969988642235
103.0,-1.0353364218861054,0.012758649189599298,-1.2041134743964745,-0.8792624047457599,-1.5009855353670762,-1.4397852203302348,-9.19490190437203
104.0,-1.0232370560992001,0.012131940024632887,-1.2018078406475847,-0.8924466530544737,-1.5141066009513207,-1.4561477186370404,-9.23239057198294
105.0,-1.0146886671766056,0.012232012644928342,-1.198412299925284,-0.9065407413736266,-1.5305660308115971,-1.4739712471835975,-9.266533183252909
106.0,-1.0040796685979714,0.012896021380703003,-1.2020329459560837,-0.9177451898820332,-1.5457505383207808,-1.4924254059614472,-9.294895412509371
107.0,-0.9904423063170441,0.012777279297248194,-1.2037944630817141,-0.9334337489128044,-1.5576547023637188,-1.4977710721754396,0.683859935189858
108.0,-0.9749171222746289,0.012717584089628704,-1.2056560349324745,-0.9398903935276308,-1.57356909456904,-1.5108920839152826,10.667636998643221
109.0,-0.9650874729088819,0.01214364630696385,-1.2013570743898032,-0.9327492268605585,-1.5856108700722191,-1.5063116008468087,20.649757438894667
110.0,-0.9645530199879153,0.012044640278817197,-1.194412975143586,-0.9186794803836458,-1.601579952451544,-1.5007832669380035,30.62855665220186
111.0,-0.9709567633423111,0.011984746568642847,-1.183489094418394,-0.9020017557318653,-1.6192739687628024,-1.4874716994119535,40.60167926800807
112.0,-0.9793257152880164,0.01215083755207681,-1.16978542886099,-0.8878219381685504,-1.6279416899435393,-1.473637268916679,40.56630278409452
113.0,-0.990389401411647,0.01232169874922508,-1.1543289906024863,-0.8746847356849016,-1.6425719546256263,-1.4568784324359672,40.52011492691645
114.0,-0.9950429458315835,0.013537932909630603,-1.149619277582624,-0.8800722922976704,-1.6597223356787352,-1.452696643597011,40.46887574543897
115.0,-0.9935002644044393,0.013990865224876609,-1.1529260899917373,-0.8920388620945219,-1.6778941059328358,-1.4620513193703097,40.41897448298287
116.0,-0.9877502004830397,0.013603306442213083,-1.1562883170290488,-0.8983844053677046,-1.6964904346703837,-1.477005354011212,40.37259072507751
117.0,-0.977755073164885,0.013676324083793117,-1.163145353235306,-0.9120242062331092,-1.7104095723452761,-1.4940642314259793,40.33284948652006
118.0,-0.9645353347970529,0.013608391583005494,-1.1727669323930798,-0.928773832760988,-1.7271653973476377,-1.512199586967608,40.30190085322731
119.0,-0.9504702739507549,0.013465655611587156,-1.1846813117552584,-0.9467901272034783,-1.7451753999998436,-1.5288021155707026,50.279972072862236
120.0,-0.941475802169003,0.012922004326678364,-1.193695854033472,-0.9651359513667326,-1.763700654458414,-1.5467185735985651,60.26393780889437
121.0,-0.9356169438725501,0.012071108032614328,-1.1937199348673302,-0.9643584576361168,-1.7824522190503513,-1.5429910326019904,70.24857823781134
122.0,-0.9371831444877464,0.011936046429583867,-1.1899546335471407,-0.9578046596612132,-1.8012831319125526,-1.536179291421175,80.2327899747525
123.0,-0.9441681129361852,0.011823409330803971,-1.1811723423814693,-0.9445895267137828,-1.816937768999432,-1.5291803876502665,90.21292395092874
124.0,-0.9552536415398818,0.011989921993120512,-1.169353784361862,-0.9333656429568024,-1.8206439664883114,-1.5152757755690294,90.18460852718134
125.0,-0.9683373243241016,0.012193804546179911,-1.155123551019282,-0.9243255774174133,-1.8301930916819669,-1.4984427753402916,90.14492422974988
126.0,-0.9728514415149346,0.0134332856409488,-1.151229069568801,-0.9316859435581216,-1.8451901626001581,-1.4904658929213432,90.10041069375316
127.0,-0.9707614265232907,0.013901882668938546,-1.1550936277684238,-0.9458821284977731,-1.860697144233832,-1.49833033496393,90.05783450947457
128.0,-0.9668066584260261,0.013568685225318605,-1.159057424071843,-0.9629182226873367,-1.872430696297324,-1.5015678149654224,90.01903624490998
129.0,-0.9595798682825558,0.013616114937668988,-1.1678015056402344,-0.9739766511297208,-1.8882734585371859,-1.5140021364318115,89.98652090774834
130.0,-0.9510499484238137,0.01350044916440254,-1.1788059785760665,-0.9895570330442625,-1.9015214720646691,-1.530229620408043,89.961978658023
131.0,-0.9469637032005565,0.013333577050440864,-1.1925015121824294,-1.007092892859335,-1.9180044861147914,-1.5394819624936533,99.94306798215527
132.0,-0.9425393824396878,0.013061895956082831,-1.2065876696018738,-1.0196518975280295,-1.9319599107128242,-1.5455267878723868,109.92742228134401
133.0,-0.9443344677988684,0.012150400454642598,-1.2124307986002942,-1.0175940874569307,-1.9441811081160467,-1.5425631958916288,119.90986569314093
134.0,-0.9522247311521747,0.011693240703517146,-1.2099939321240432,-1.0110490393158185,-1.960246152075404,-1.5303314546538849,129.88649523666436
135.0,-0.9629364990615882,0.01162559634135184,-1.2019614665015956,-0.9973042648393055,-1.971842521355299,-1.5183015524041201,129.85523590212188
136.0,-0.9703718049988269,0.011911035823154077,-1.1911875862992782,-0.9813266606832056,-1.9855311412208632,-1.5080883242108114,129.81680506611056
137.0,-0.9698227636633932,0.01307536873255907,-1.1896980597619111,-0.9803956419035567,-2.002241318082161,-1.5119672827362785,129.77676104795296
138.0,-0.9634982199849987,0.01357296192365453,-1.195125557946896,-0.9910755306748772,-2.020232226312997,-1.5246081806506007,129.7399652928451
139.0,-0.9527710534175498,0.013249306291632046,-1.1991654454059704,-1.0066663416987691,-2.0339026382174406,-1.5381663998775112,129.70929931173058
140.0,-0.9438743937216434,0.013314517285746804,-1.2079968339921543,-1.02158952956273,-2.050548822224208,-1.5545356251708042,139.6825773050551
141.0,-0.9395624265938817,0.013132677663900682,-1.218767870957373,-1.038830909133649,-2.0601825821206496,-1.5723834588548622,149.65520611744284
142.0,-0.942156230013816,0.012518583341309866,-1.2266051675180896,-1.0391526258755026,-2.0751888234561857,-1.573691944676806,149.62335665960745
143.0,-0.9490875677910803,0.011851014279391985,-1.225725415562076,-1.0287737350602086,-2.0924856666980074,-1.5671426892034177,149.58668436006195
144.0,-0.9570035128810209,0.012615551143722382,-1.2307165608645234,-1.0337589414913169,-2.1060329586057938,-1.5756374496090344,149.54328274447815
145.0,-0.9613283913846918,0.012532308000426755,-1.2330927351115462,-1.0469666147685148,-2.1226488632245135,-1.590239014464631,149.4943068245933
146.0,-0.9584372517516793,0.012601306854152033,-1.2347864780596463,-1.0635075040141186,-2.140606804393356,-1.6073621594022185,149.44358866008648
147.0,-0.9498505664353601,0.012749271606231655,-1.2381160206055812,-1.0814269023186227,-2.1590810173590818,-1.6255276903247602,149.39347467887305
148.0,-0.937591304481961,0.012995996363273088,-1.2465204545882103,-1.0963166603514654,-2.173038561131609,-1.6441241381172702,149.34403708113504
149.0,-0.9268498663763628,0.012830578884662871,-1.2558139933629195,-1.1135438871447192,-2.179103315598205,-1.6616476728646947,149.2927804893641
150.0,-0.9234021181552449,0.012383955104254897,-1.2620834828489664,-1.1317985144739726,-2.192684869775248,-1.6799572819720126,149.23673133031593
151.0,-0.9275698086502243,0.01217850879127623,-1.2666597969786044,-1.1504214636236552,-2.2045932461395927,-1.694111128240314,149.17485202741454
152.0,-0.9368145923217287,0.012309531346560027,-1.273212295244343,-1.169164694350759,-2.220524910958039,-1.7109721763352075,149.10495816489205
153.0,-0.9488854451649078,0.01245199715704332,-1.2826174181678303,-1.1879915105304846,-2.230440691029606,-1.729027227199456,149.02541759024592
154.0,-0.9585355198122125,0.012244413326394069,-1.290086005618953,-1.2002709024951332,-2.2425757581087855,-1.7452227346206886,148.93752215086312
155.0,-0.9663237307035429,0.012413714996175457,-1.2997283880171988,-1.216292407669128,-2.2586250604361866,-1.7629645680862742,148.8407795424453
156.0,-0.96614353126226,0.012208449347821804,-1.3057297165542374,-1.2340474831056485,-2.2763562487053974,-1.7813846083425051,148.73833979335862
157.0,-0.9593192884024434,0.012098371842933345,-1.3090558292829308,-1.2524757336720485,-2.2947689395124744,-1.8000862269593738,148.63318186949306
158.0,-0.9482032635905285,0.012073936942496708,-1.310855453085495,-1.2711790349900445,-2.3134643664185517,-1.8122965471632981,148.52679326518395
159.0,-0.9358275921707677,0.011961472151521695,-1.3101217506748104,-1.2900145307679132,-2.332053067561333,-1.8283265520138807,148.41982064654223
160.0,-0.9309310991339612,0.012086356925778731,-1.3120215836049878,-1.30884232739135,-2.3495281876888976,-1.846037423941151,148.30974792697168
161.0,-0.9309566086890769,0.011664629001257195,-1.3078482036493482,-1.3255786915326082,-2.367373323378203,-1.860520759483524,148.1974960352846
162.0,-0.9304565588646984,0.01158407082592354,-1.2988930264648288,-1.343513636843945,-2.3824948601660845,-1.8775278916141436,148.0853517773537
163.0,-0.9283152801279096,0.012093214630941469,-1.294185177876928,-1.3610006763077973,-2.385353262937532,-1.895643693671331,147.9736550958855
164.0,-0.9273753156789158,0.01229679483943593,-1.2922019173460482,-1.379329187128685,-2.3976830607218047,-1.9096444944917716,147.86007285800326
165.0,-0.9218001053732335,0.012294399402904313,-1.2896247895079578,-1.3972696849158028,-2.411780584559524,-1.9264409661736182,147.74526849618834
166.0,-0.9210780098166849,0.01237063624395256,-1.2899397851667704,-1.4157643620484002,-2.4286494187868484,-1.9444693923521235,147.62718213421368
167.0,-0.9176594070063374,0.012168187081343386,-1.2877816742887411,-1.4289788582219578,-2.4464256778802977,-1.9630089929067998,147.50731116237054
168.0,-0.9138049541266762,0.01230375240775162,-1.2872225553511814,-1.445404743268862,-2.4620314472185205,-1.9763227332890982,147.38529825423745
169.0,-0.9116373409447641,0.012038184098612296,-1.283196346700816,-1.4633354795236149,-2.4753562492430317,-1.9928204106720089,147.2618635529701
170.0,-0.9124993008096575,0.011988177520112945,-1.2777823548286464,-1.4818206038952697,-2.484458835372625,-2.0046047878541047,147.13761330279877
171.0,-0.9152391250105933,0.011775658096834665,-1.2749164046225898,-1.500511729776915,-2.4992326755182375,-2.020458576452711,147.01077576483002
172.0,-0.9221278094663293,0.011957183671442535,-1.275304409250094,-1.5193516936926228,-2.5164278295837015,-2.0378615360012735,146.87938072561715
173.0,-0.9269076773124986,0.012206324791655707,-1.278416793574197,-1.530650499042553,-2.534629918855651,-2.0515221978148634,146.74334880134188
174.0,-0.9243526059945891,0.01224545746916016,-1.2803245333160176,-1.5463256438565403,-2.5532456922166316,-2.066491347553927,146.6038106642843
175.0,-0.9169404762671105,0.012377701840355164,-1.2843765932239333,-1.558369999385204,-2.572023677284049,-2.083735419417098,146.46122526047375
176.0,-0.9073617108277112,0.012225085494706389,-1.2865380067982954,-1.5743799136600052,-2.5908736286372616,-2.1019499719801615,146.31578604538407
177.0,-0.8985684654583108,0.012279866213163728,-1.2907065655540049,-1.5877488945607574,-2.5994585909178913,-2.1175676599129925,146.1675833106247
178.0,-0.8914125029798744,0.012396551888631684,-1.2980325979301195,-1.6038112561575608,-2.603138843267048,-2.1350594876755333,146.01508362097616
179.0,-0.8857215990899004,0.012373597486437031,-1.3073615708401243,-1.6215527308595485,-2.615753450076882,-2.153375877388327,145.85617841839408
180.0,-0.8795159312320562,0.01218993144659162,-1.315963154500509,-1.640003841811482,-2.632062147304418,-2.172034485317739,145.69051598039374
181.0,-0.8777871968599029,0.01199836387573524,-1.3241560845404872,-1.6587374333771145,-2.6451509876577,-2.186126200380075,145.51822875016558
182.0,-0.8824367159894698,0.012070244006681162,-1.3357727353688096,-1.677529579695993,-2.658826991486981,-2.1982073793438133,145.33784567906017
183.0,-0.8903768345083971,0.011436549214354646,-1.338739102064214,-1.6964945955162347,-2.6708772939853773,-2.210627438361274,145.15219248038645
184.0,-0.9020098570787649,0.011756078751094868,-1.3452943835180782,-1.7153107110939938,-2.6868590767920377,-2.2267854236700146,144.96008846221824
185.0,-0.9161261912409471,0.011495677613502403,-1.347464168165911,-1.7342576924373032,-2.700783085110338,-2.2445500443453943,144.76244491522849
186.0,-0.9294726889017438,0.011436000580128345,-1.3460744512317822,-1.7531588872442514,-2.717563506105849,-2.2629806293063712,144.56049712453444
187.0,-0.9332563702920832,0.011577922822562257,-1.3425133540148473,-1.769812646935082,-2.7355907074799135,-2.281686580111762,144.3564938816736
188.0,-0.93453671754433,0.011757635179618366,-1.3400030086960777,-1.7877478246683278,-2.7541229898121653,-2.2976266201731512,144.15038722666023
189.0,-0.9297658828379168,0.011594520811814675,-1.3332452439554336,-1.7988099913534474,-2.7728772782197395,-2.315253690124825,143.9450202489531
190.0,-0.9201058248421399,0.011951820627785065,-1.3293021788955754,-1.8143283737681541,-2.785399633817741,-2.3290512492946407,143.74047445083536
191.0,-0.9101499323425357,0.012070552497361942,-1.3276677180592777,-1.8318637209731938,-2.7960893162389637,-2.3457635744130414,143.5354635897998
192.0,-0.9033307947201548,0.011885527815138214,-1.3246627431381204,-1.8502424544761114,-2.807235812331954,-2.363756997231172,143.32973395689308
193.0,-0.8990678335685106,0.011932176965460194,-1.3228418031847038,-1.868908978858678,-2.8228583401145535,-2.3757331083317643,143.12239497176873
194.0,-0.8988562460240429,0.01180979104503187,-1.3201377966103813,-1.887739177872417,-2.8340646069360216,-2.391666244644872,142.913624618198
195.0,-0.9016699310299784,0.011756626665703264,-1.3171110069191583,-1.8997015923608311,-2.8412590188113818,-2.401120316184204,142.70426803443755
196.0,-0.9040762789954206,0.011062245113249032,-1.3144501175235537,-1.9156093547499788,-2.855269779044032,-2.4051635531601385,142.49303833837084
197.0,-0.9051225840825603,0.010912031597055614,-1.3075845959523267,-1.9321582234896792,-2.86619041635771,-2.409558676506693,142.28218228093206
198.0,-0.9112728177702856,0.011307420786540717,-1.3020960603422111,-1.9500267273666991,-2.881684148340961,-2.422421511461433,142.0708247141568
199.0,-0.9109799243762002,0.011554025435770618,-1.295653366183107,-1.9590701613821848,-2.899183912630541,-2.436917063342536,141.86035632611686
200.0,-0.9053024567574657,0.012085352761088061,-1.2940904263133428,-1.97381410166336,-2.9174992622876648,-2.4539637796892904,141.64915702782824
201.0,-0.8976646345206291,0.01176370518341376,-1.2872230227984636,-1.991092323280076,-2.936164285513952,-2.4720965261138668,141.4385814280926
202.0,-0.8886979327635067,0.011937281798935521,-1.2816221434646289,-2.0043752393137844,-2.9521780948006273,-2.484787413981088,141.2291085573182
203.0,-0.8860605388585745,0.012017334198691406,-1.2780121273109657,-2.0208865487939427,-2.969835129517519,-2.5010198798271164,141.0190322049463
204.0,-0.8906508251211578,0.011627599499622387,-1.2731567284362852,-2.0388259205914188,-2.988224830940777,-2.516924304220123,140.80786307121357
205.0,-0.9003030712036998,0.011603077635312178,-1.2676365929580535,-2.052336315047414,-3.002317627322041,-2.5345535618005575,140.59627342627988
206.0,-0.9084379201920814,0.011529302224319736,-1.2577102163963378,-2.059609346553288,-3.0132430112448603,-2.552927342656624,140.3866744270225
207.0,-0.9101916914602632,0.011853831654751299,-1.2475547397474407,-2.072762380278421,-3.028024901961437,-2.5647494945554823,140.17950316688393
208.0,-0.9085903775242358,0.012185857511314546,-1.2404662810524072,-2.0855139780337044,-3.0376376650367685,-2.580158221440188,139.97427877823415
209.0,-0.9059428095329787,0.012357837350020303,-1.2357798314648187,-2.1018239286719345,-3.0503399678799696,-2.5956480072192685,139.76958426107947
210.0,-0.9004074722939864,0.01234750048474818,-1.2321443449449831,-2.103609253020675,-3.0666429326469933,-2.6131043597749706,139.5658228237397
211.0,-0.8905516036750138,0.01214221497241562,-1.2248427185752042,-2.106672864735334,-3.0821259202723987,-2.6314067588214978,139.3646599414713
212.0,-0.8806999413102982,0.0121091995511853,-1.215671916223061,-2.1189950382738036,-3.099571129069696,-2.65005969289634,139.1662234136915
213.0,-0.8757780003223037,0.012253977738259071,-1.208579675136669,-2.1351770685760667,-3.1071621981330506,-2.6633673599451204,138.9697642455006
214.0,-0.8785165535483961,0.01254400571252028,-1.2073297358145738,-2.1529468680215897,-3.121369292870315,-2.6798616454458086,138.7719879041679
215.0,-0.8833365202380663,0.012165506513486569,-1.2016257510755541,-2.17144046407908,-3.138339626941852,-2.692794022384695,138.5737504908216
216.0,-0.8816177059168172,0.012377694574689901,-1.1970868352448574,-2.1901187454463034,-3.141844182943888,-2.709142080965926,138.37633196739282
217.0,-0.8809169301627673,0.012368897488498067,-1.1932047561009231,-2.208960444213502,-3.151507769720152,-2.724110527801667,138.17892024742778
218.0,-0.8782901027501528,0.01210590359417298,-1.184704428803259,-2.2278581876839136,-3.1665472458645683,-2.740334002348284,137.98302377817822
219.0,-0.8718112070086355,0.012382775535182924,-1.178535755951477,-2.2423336323395318,-3.1838485331970867,-2.758109194878814,137.78849635984096
220.0,-0.8701693409104335,0.012743787833329441,-1.1793192334838856,-2.259330834676332,-3.1967839205578445,-2.761964401901431,137.5923519749122
221.0,-0.8707870337712792,0.01251327550464849,-1.1795569299539381,-2.266941380552598,-3.208983188583584,-2.773748584531808,137.39470612146067
222.0,-0.8724331653634488,0.01244562997825149,-1.1798582836967348,-2.2752913471238085,-3.223095890123011,-2.7896924223522745,137.1955001687424
223.0,-0.875579518158052,0.009807807830857359,-1.1831349740552743,-2.2897072241459386,-3.239981529331835,-2.8042618308033265,136.9913962173149
224.0,-0.8748948021199741,0.009938624769375331,-1.18701123518538,-2.3017677440955246,-3.2580568641160417,-2.8213182009942237,136.78384831385617
225.0,-0.8760545203802403,0.010776814434405297,-1.1915947595334477,-2.317740963431899,-3.2694350084460266,-2.838986131916654,136.57335979389302
226.0,-0.8817749077363177,0.011215695627022178,-1.1956631793790216,-2.335453041719724,-3.285138298858284,-2.857368638157789,136.35936068485233
227.0,-0.8860575225307599,0.011523920717368666,-1.198596638261693,-2.3497497134055094,-3.3027182692892993,-2.8706308955712254,136.14235835382084
228.0,-0.8885565988155428,0.01189962222711782,-1.203464804679889,-2.36666510315962,-3.3086996554180557,-2.880692718869032,135.92227522800204
229.0,-0.8907953060820071,0.011836045415418413,-1.2056520106900985,-2.384782325689894,-3.319676419401354,-2.895486399170684,135.6996229747704
230.0,-0.8961408531273204,0.011689574872483989,-1.2039569339499607,-2.403372905724677,-3.3328429888933573,-2.906299345969114,135.47569159716858
231.0,-0.9002924588335216,0.011905013180458293,-1.2027995264839655,-2.4110016687575295,-3.3493308697831146,-2.921754382798523,135.25091688876407
232.0,-0.8974956522620725,0.012081251746679917,-1.2011237446601055,-2.4252231422901764,-3.36723353207353,-2.9336581909292994,135.02561906026753
233.0,-0.889480612634419,0.01209882892984862,-1.1980155459299922,-2.4422138737156054,-3.3760325908733178,-2.9458232130774276,134.8009238400901
234.0,-0.880743843148234,0.012084760768761431,-1.1938172639092475,-2.460336415785844,-3.3907195853097005,-2.9618723702338663,134.576908169891
235.0,-0.8770839312792271,0.012273980378165099,-1.1934287879105225,-2.46794847995203,-3.407878543276708,-2.9795920764533896,134.35218635829878
236.0,-0.8793562509786812,0.011976499436322499,-1.1915264374037238,-2.4776512353027673,-3.4231540576964568,-2.998004130611715,134.1268523878569
237.0,-0.8850142101264412,0.0121212450575748,-1.1917552494434973,-2.4887681258249947,-3.434698820268405,-3.016702391389262,133.90038306341063
238.0,-0.8853502412935736,0.01199540104066077,-1.1878645672161692,-2.5044026147643015,-3.4469637669104065,-3.035518819181761,133.67422118287274
239.0,-0.8901555566050885,0.012133692604153791,-1.1860402919887594,-2.5215673962943197,-3.458976143789148,-3.0515878210693654,133.44763043847016
240.0,-0.8974239515775728,0.01246028061162976,-1.1898989507313071,-2.5282763950865856,-3.4749590279454807,-3.059643488775406,133.218430885064
241.0,-0.9002239848065345,0.01253392662665549,-1.1958144530252042,-2.5372523939588087,-3.492653689358621,-3.0740252237935715,132.98561018369224
242.0,-0.9018864953645849,0.012535090324521127,-1.204323481489244,-2.551513482361949,-3.5110572701465923,-3.0910564141337065,132.74800518280557
243.0,-0.9070444426695803,0.012148798872069724,-1.2098480706157009,-2.5685326215663067,-3.5267016986221416,-3.1091836711544403,132.50646280526496
244.0,-0.9162935776113316,0.01208290831867396,-1.2157509212058533,-2.574779269374746,-3.538978246261348,-3.126640294570776,132.26129675784216
245.0,-0.9270541028179206,0.011982466828511795,-1.22016424933193,-2.588454405654537,-3.5498865557390227,-3.1449244381854693,132.01282470150454
246.0,-0.9315031043150424,0.011789602722350365,-1.2192041391733253,-2.6041957227133845,-3.565396147088865,-3.1635691804200814,131.76325605996075
247.0,-0.9340932076033029,0.012009058604485198,-1.2203037165738915,-2.621759792437533,-3.579215598561331,-3.1823636892251375,131.51236835750717
248.0,-0.9303172026347978,0.011999058203224097,-1.2196060466881293,-2.640121392417671,-3.5959541772548618,-3.2012199468437252,131.2610286478756
249.0,-0.9295442903742536,0.011697166357690419,-1.2141140250800178,-2.64712383569131,-3.613964653025393,-3.220101824249801,131.01089727200485
250.0,-0.9269008386622118,0.01207894979729461,-1.2123054240101439,-2.6551329237779298,-3.6290464561756055,-3.233242846386785,130.76123745352433
251.0,-0.9190257934972027,0.011990928920820076,-1.2077920977656256,-2.658007501512262,-3.6363408812201214,-3.2452347776363872,130.51334114694373
252.0,-0.9117375885678588,0.011948394633448515,-1.2018511797418476,-2.670301077715856,-3.641158311906717,-3.261200749233412,130.26771723405642
253.0,-0.9093730677032358,0.011984687528606456,-1.196375825012769,-2.6845485585815476,-3.649378370927272,-3.2754971050472563,130.0238837089123
254.0,-0.906970612314646,0.012278562486410644,-1.1949476572074313,-2.698428853540199,-3.657060045219345,-3.2924359820425564,129.78044665896962
255.0,-0.9071469127810539,0.011934902704064575,-1.1908526597161144,-2.7152366223548623,-3.6641012752484197,-3.309332230912938,129.53792626625668
256.0,-0.90922002635885,0.012045406895074811,-1.1881582438697582,-2.733259866941928,-3.667425395409063,-3.323459683658465,129.29615435344775
257.0,-0.9077890703939745,0.012160398258612266,-1.1859651318627338,-2.751798499254899,-3.6798874870039877,-3.3377841589517585,129.05471025709912
258.0,-0.91031123573414,0.01181671420255808,-1.1785232328440713,-2.7705835147035307,-3.687578225054884,-3.349374762772096,128.81536801599069
259.0,-0.910497853828499,0.012306172579188417,-1.1765756989981995,-2.783846935917933,-3.693513731386611,-3.364741894984244,128.57679600200734
260.0,-0.9125257300441592,0.012047778026821433,-1.171207284283964,-2.7930738612896002,-3.7070118889551784,-3.3793864245564382,128.3395052079463
261.0,-0.9118150629350985,0.011952567664161366,-1.16211398604886,-2.8078882307934037,-3.710579889678431,-3.3844847094854082,128.10536838085483
262.0,-0.9054009184337752,0.01232258654489546,-1.1563453538712172,-2.8250867558350556,-3.723179357577112,-3.3974752809142292,127.87330063154795
263.0,-0.9008069245154326,0.012519632227677114,-1.1550336319143488,-2.8433053267424624,-3.739481707840851,-3.4098936864913596,127.6413048104404
264.0,-0.8995188608420335,0.012351547002186047,-1.1530261883619066,-2.861159681843188,-3.7543848933493655,-3.4195748618054402,127.40937405079828
265.0,-0.90047032094533,0.010890723160169079,-1.1493232025615931,-2.8796167931668957,-3.771583137879924,-3.4231785669020214,127.17754395364555
266.0,-0.8998830663226657,0.009788668078701912,-1.146475608661213,-2.8952035074420004,-3.7897776593936103,-3.427533628251766,126.94566179896484
267.0,-0.8998884921922733,0.010334434254196891,-1.1443474111482765,-2.9126834642316455,-3.808387206726921,-3.440377588975569,126.71412949672421
268.0,-0.90257522395119,0.011117258170620098,-1.1443318525317345,-2.9282493684594777,-3.8268503100945743,-3.4567729344178466,126.48238019916467
269.0,-0.9094794131767643,0.011737698338984722,-1.1489529371466014,-2.9416205631331453,-3.84501289112447,-3.47463751564976,126.24874306453682
270.0,-0.9203913569993644,0.011835254454676392,-1.1528595525343082,-2.9537381405766743,-3.863598846476036,-3.493109397309366,126.01314055403667
271.0,-0.9274242767135821,0.0118477061563581,-1.1534794609021228,-2.9697543105448596,-3.882365365410924,-3.509526915219603,125.7767351074201
272.0,-0.9262741233408107,0.012105507143240216,-1.1547096873831217,-2.9867563154601218,-3.8968042956557003,-3.523365141503406,125.5397762251854
273.0,-0.9196143800459674,0.012491052366762687,-1.161626688351575,-3.0045717552023423,-3.908907301659196,-3.5401033058292715,125.30055173113112
274.0,-0.9152876852570015,0.012375394355055693,-1.1696515772024048,-3.023041431155963,-3.924919329727949,-3.558107729176289,125.05829993897366
275.0,-0.9163385292155756,0.012104825431095709,-1.1753310116294524,-3.031774539754859,-3.9426266677303534,-3.5756317150712604,124.81362989121385
276.0,-0.9233845365654946,0.0104814379447283,-1.1831359346798356,-3.0372072466781206,-3.957350600941037,-3.5939457739793466,124.56559064458699
277.0,-0.9327126297072785,0.010295612155134146,-1.1859577689557022,-3.0505059128354852,-3.9728942591915786,-3.605081114156322,124.31631349782924
278.0,-0.9442418530348177,0.010873839661597346,-1.1882040496165431,-3.067085881035521,-3.9811582780755104,-3.6201857855403037,124.06655433879213
279.0,-0.9515165130417123,0.011377280446797224,-1.1906760111600454,-3.0802443623661833,-3.986427423947941,-3.6343652821719603,123.81620234222034
280.0,-0.9565098450455616,0.0116654415697267,-1.193872396133692,-3.096256230517445,-3.988474546090005,-3.651259915016233,123.56509563695522
281.0,-0.9592278189653058,0.011461589840897297,-1.1899800758957844,-3.113966689511888,-4.000424460481964,-3.667593541022687,123.31526263743694
282.0,-0.9569436288192281,0.01175065708404478,-1.1862110100292729,-3.132368177625587,-4.016452793736704,-3.6854029058477784,123.06705952457416
283.0,-0.9491047352178937,0.011558312591255754,-1.1816523300568784,-3.14701487313706,-4.033430737030842,-3.6946391192377503,122.82056175429523
284.0,-0.9443530035948058,0.011510294468872456,-1.1743705141195873,-3.149384317776691,-4.040785939628864,-3.7094956278537103,122.57633033085361
285.0,-0.9423098077676927,0.011669240216270867,-1.1664925623916602,-3.1615104119887687,-4.041787186918751,-3.7264752857994137,122.33492819139771
286.0,-0.9381912285921794,0.011919903378318553,-1.1594259089546892,-3.1776210263853235,-4.043394695120469,-3.7384949718801623,122.09621467325097
287.0,-0.9310079827545751,0.012433525120265538,-1.159833967169435,-3.1953737600617864,-4.0551443861169725,-3.7544466157916143,121.8578383234247
288.0,-0.92791317334692,0.012286938202322783,-1.160383766544483,-3.2138145354731726,-4.067292909018738,-3.7721249643381483,121.61946610733607
289.0,-0.926193353613812,0.012264944167371823,-1.1615272562478403,-3.2325229582444113,-4.0770672744767475,-3.7905197697564654,121.38105760701372
290.0,-0.9285142967808411,0.012049959195395572,-1.1597216110061792,-3.2435689111694037,-4.092101637391751,-3.8092109141575903,121.14322861860929
291.0,-0.9316226572786537,0.011940255905745498,-1.1546267752184451,-3.2517731746548892,-4.109400638738865,-3.828024533955419,120.9069024766116
292.0,-0.9295506845852471,0.012256364909556639,-1.1529411768608362,-3.266183569571272,-4.12574143077305,-3.8468883498584217,120.67132245014157
293.0,-0.9263771567167699,0.012189257019265343,-1.1503950674203338,-3.282745891955548,-4.143250782159308,-3.8579322144432897,120.43657061434277
294.0,-0.9295924196584014,0.01218269868463079,-1.1488494914095182,-3.296533146638825,-4.161574533701252,-3.873505470591956,120.20253906392784
295.0,-0.9355385298426379,0.01200567498390143,-1.1440141165628435,-3.3132429244274237,-4.180232053185067,-3.88536978230939,119.97028712127452
296.0,-0.9376745649156318,0.012171161197548158,-1.1397467133500383,-3.3312414173168667,-4.199027813952651,-3.901264413666202,119.73969657571732
297.0,-0.9403768260874017,0.01253554917303742,-1.1420756913439278,-3.3443241457517723,-4.213246969454473,-3.916419657012295,119.50898681329717
298.0,-0.9419848170632689,0.012293705383558496,-1.1417916930930134,-3.360717010346002,-4.23013047409375,-3.9206698940321623,119.2787082053336
299.0,-0.9436719246728003,0.012254037525387847,-1.1411366382745838,-3.375897114345797,-4.248197998491816,-3.92774087643064,119.04901278368156
300.0,-0.944412960915023,0.012158673110403782,-1.1380940295257598,-3.3858940204639723,-4.2667527160268435,-3.9347344286982158,118.82028815763216
301.0,-0.9426740169703143,0.012549166292977976,-1.142049434268468,-3.401042912632888,-4.2855086911733205,-3.9486386908696867,118.59098509629648
302.0,-0.9411824228314328,0.012462006894595935,-1.1471741184447795,-3.4183982945410114,-4.295422275998227,-3.965471472785501,118.36086471518217
303.0,-0.9451144644757186,0.012510897035261087,-1.1567542006339158,-3.4344973609171423,-4.310555316005027,-3.983516880633281,118.12911284374502
304.0,-0.9518945836418891,0.01247935744319202,-1.1694347015983582,-3.452200112067441,-4.3098280517036525,-4.002063628193182,117.89533333870418
305.0,-0.9573845475593382,0.01224507331856311,-1.1803595441730523,-3.470602956268214,-4.314856447104432,-4.020817464254691,117.65987320286082
306.0,-0.9664560794815442,0.011825753784835042,-1.185124400438058,-3.4892934614776467,-4.327328122064882,-4.039657057780199,117.42434633803067
307.0,-0.9710988546002316,0.01181092230018312,-1.1858953048955323,-3.498901820503252,-4.343499597912981,-4.058531923810746,117.18925662199673
308.0,-0.970107659930161,0.012098739624263973,-1.189890827934799,-3.5095697016841676,-4.352292715935392,-4.073026102434851,116.95383808222348
309.0,-0.9631904906709512,0.012208486598915365,-1.1960960652198882,-3.524993179738498,-4.366965397963847,-4.090029585049748,116.71757770263393
310.0,-0.9519660551430309,0.012010419001424084,-1.1983628630458514,-3.534760242355881,-4.384120916336205,-4.105897674958567,116.48065614089587
311.0,-0.9490116006618536,0.011869667575947446,-1.200311301712284,-3.549812976476729,-4.402309411821562,-4.12350604043667,116.24383261752241
312.0,-0.9522707976009585,0.01195414729458294,-1.2045376093567923,-3.567134723765428,-4.420910683451143,-4.141870911952758,116.00727538798623
313.0,-0.9607111430785111,0.011849964917485013,-1.2072138060945081,-3.5819944588798465,-4.4396860529607425,-4.160549597372377,115.77156978719933
314.0,-0.9679482078106652,0.011816406084547947,-1.2077859432634732,-3.599165225560094,-4.458528311028514,-4.179357961881191,115.53730171218132
315.0,-0.9716817134798322,0.011811905611257063,-1.2061303143927202,-3.617353795729031,-4.477048554954403,-4.192487749954602,115.30484809553569
316.0,-0.9754928747207685,0.011982260155760684,-1.2068799286382674,-3.63596543946134,-4.495788507912987,-4.203907506953083,115.07379380061892
317.0,-0.9820484649041248,0.011723250012690358,-1.2023774811838126,-3.654731036414212,-4.51462315494151,-4.219627169879334,114.84534015839911
318.0,-0.985517594783876,0.011942551929855008,-1.198713745195644,-3.6682989892655895,-4.527186833097607,-4.231174771181703,114.61886641709259
319.0,-0.9891857123599043,0.01214647857494053,-1.198197736061783,-3.6726665578151323,-4.5410431803521485,-4.243927915711733,114.3931261031074
320.0,-0.9874225351339547,0.012111757730116959,-1.1968901372342822,-3.681823273061051,-4.550405940191913,-4.2555328257691,114.16823965346912
321.0,-0.9798072179061413,0.011965031181368248,-1.1920185225628852,-3.6953504659480108,-4.565288238163606,-4.271335295735665,113.94481946410264
322.0,-0.9700133258471765,0.011953356047320719,-1.1846011057165473,-3.69838394560251,-4.580448019842956,-4.287122960808437,113.72233030228291
323.0,-0.9642518074415356,0.012168350612543961,-1.1817389689479618,-3.702310494787749,-4.586302612630089,-4.304705088164697,113.50013712602514
324.0,-0.9627710722372859,0.012378344400599886,-1.1855219179502414,-3.711705698006735,-4.599811349179494,-4.323059381519979,113.27770684597691
325.0,-0.9664421244231485,0.012302695143402523,-1.1920115923639953,-3.7266177403961396,-4.610146943628188,-4.335571243206007,113.05542271625002
326.0,-0.9744231110735309,0.012171308404234782,-1.1987781188472961,-3.7415661439417085,-4.624774194107389,-4.3517250269128755,112.8337091563414
327.0,-0.9846998992067063,0.011957311391159704,-1.2027216740479236,-3.758787624006192,-4.641895243172009,-4.369486854018126,112.61345882577089
328.0,-0.991457345222947,0.011874869396871289,-1.203443688308315,-3.777000904793666,-4.657335642119159,-4.383398609169687,112.39505681500935
329.0,-0.9926283783175455,0.011855283043784203,-1.2012456087912249,-3.795618890696032,-4.674758897489467,-4.393493884203334,112.17865263501214
330.0,-0.9912195378254871,0.0118964909334387,-1.1977961737406913,-3.813083812046813,-4.693051702046434,-4.404395906267018,111.96416724354405
331.0,-0.9844882697796481,0.01194870178038268,-1.1923004035532374,-3.825937313596448,-4.707479852099528,-4.418960279922159,111.75104915743049
332.0,-0.979695142841237,0.01221901178611486,-1.192703806394906,-3.842247506544347,-4.724467292953018,-4.430451883384923,111.53863846238146
333.0,-0.9711922245823541,0.012066607267949057,-1.1898840481033741,-3.8600653242949483,-4.742569294968638,-4.445241332919808,111.32701235205676
334.0,-0.9673710233603001,0.012146206599345174,-1.1899360991884333,-3.8785222299554984,-4.75549141059671,-4.462423330383061,111.11621984649503
335.0,-0.9703396516614747,0.011968341994423039,-1.1872092504011154,-3.890508811199262,-4.771823391278736,-4.470386794542836,110.90711207980196
336.0,-0.9769951583759648,0.011946330267599788,-1.1832625279613593,-3.9011771253756926,-4.784244964091858,-4.481829070290757,110.70030544303282
337.0,-0.9827329793691225,0.012130755527799698,-1.1812353024231126,-3.9087374108607973,-4.800370643101087,-4.497595568973148,110.49515447397827
338.0,-0.9851275342942957,0.012170237392034027,-1.1799659061256418,-3.9228887692710517,-4.818122440417325,-4.506530950970375,110.2916024631589
339.0,-0.9856998936266799,0.012131471919024597,-1.1780058536239422,-3.939827285662958,-4.8365501174916075,-4.519073991744073,110.08971528632371
340.0,-0.9856449569507731,0.012154240118778376,-1.176094645142463,-3.95541240229585,-4.84942707179392,-4.529989811001346,109.88929225333239
341.0,-0.9840925721936364,0.01117487712101712,-1.1731337341508332,-3.972903258634688,-4.86573694346159,-4.54549724147354,109.69048629083575
342.0,-0.9845153426701865,0.011069909754824622,-1.1651252783492776,-3.983434972918229,-4.881885896839596,-4.562992349963463,109.49352157233004
343.0,-0.9797772914697087,0.011379114304995965,-1.153318543661511,-3.9936639221871584,-4.896960394220003,-4.578032176748002,109.29793099917197
344.0,-0.9749932331120276,0.011692988978896103,-1.1408596403558686,-3.997978685027567,-4.901166415683717,-4.595280429206657,109.10316117122439
345.0,-0.9692699066484877,0.012254269361891227,-1.1360345125840852,-4.010876838401464,-4.914024279054433,-4.599402264423168,108.90863494668032
346.0,-0.9677923223978235,0.012261515946806929,-1.1318098468812947,-4.0240560094981666,-4.930436190115586,-4.612028627879711,108.7149798769241
347.0,-0.9680590371613866,0.012342340241692893,-1.1289534218784743,-4.038208788628385,-4.948303438574075,-4.621575692592758,108.52245693552163
348.0,-0.9686561281446907,0.011564178394894544,-1.1284311429467713,-4.052846299341341,-4.966775381466206,-4.630033963426384,108.33108918437861
349.0,-0.9744971296166818,0.011610371717575996,-1.1294518609067616,-4.06949726408576,-4.985504353529603,-4.644529966728484,108.1417718464176
350.0,-0.9826442281096432,0.011961356313729845,-1.1325168600431212,-4.083810228854475,-5.000439948344296,-4.6600557316788,107.95464974246985
351.0,-0.9832000278042627,0.012169379532079356,-1.1348699909382924,-4.091160594971642,-5.012716454329854,-4.677534124842335,107.76795778041239
352.0,-0.9825606463753319,0.012158296107335643,-1.1366875542965242,-4.105234546210493,-5.022015770072055,-4.695845804977577,107.58191849945455
353.0,-0.9767992679110167,0.012366387095947345,-1.1408994198451925,-4.122165760515087,-5.036412794037804,-4.7129257017962605,107.39549396505959
354.0,-0.9702529854763824,0.012549635264302644,-1.1499788547972636,-4.140247350578738,-5.053451298199392,-4.727085770670898,107.20799804740719
355.0,-0.9693500009260891,0.012128292988497217,-1.153059453480814,-4.152660731016847,-5.069634681119643,-4.743957965163643,107.02074947452131
356.0,-0.9655757849535328,0.012239888389668382,-1.1570946875463546,-4.168809725430236,-5.08311149993302,-4.7620176270297545,106.83332125599142
357.0,-0.9676146197940726,0.012102513687978557,-1.1597896171148734,-4.186546777222367,-5.099191221222838,-4.764337270916136,106.64723860147295
358.0,-0.9756610369938743,0.012232787131764029,-1.1645396832950219,-4.19599733814071,-5.1169120287464,-4.7764803360069354,106.46320536061941
359.0,-0.9875609377270392,0.012237565868163994,-1.1707396377284867,-4.210932696213594,-5.135322663956751,-4.79258963260857,106.28242997584394
360.0,-1.0019049794114219,0.012019600302407372,-1.1728449165900052,-4.228183449145054,-5.148909756912456,-4.810336055804652,106.10593769183275
361.0,-1.0069902065528848,0.012023064458366196,-1.1710058763185949,-4.246426840276422,-5.165513138370359,-4.828759013550189,105.93212202459935
362.0,-1.0036485861333215,0.012367529210154469,-1.1735313992797893,-4.265072852508718,-5.174764480248955,-4.838210865399301,105.758935651613
363.0,-0.9946970568625574,0.012167047994783381,-1.1714655791679691,-4.2828837129258135,-5.180914126557584,-4.850047223042368,105.58542936197861
364.0,-0.9833359803343551,0.01215005943794903,-1.1676993860778375,-4.30132054464631,-5.194504452342031,-4.865972705026237,105.4107241253072
365.0,-0.9723070520521911,0.012262838453058065,-1.1653492619681793,-4.319733007408956,-5.20305494424832,-4.881996088413016,105.23448090604036
366.0,-0.9677890636936619,0.012517141966944891,-1.1699690103521585,-4.338427084729176,-5.216429406187422,-4.899678739284813,105.05772714035892
367.0,-0.971037383509958,0.012216649999561189,-1.1793584921931506,-4.357228222354799,-5.22766274667887,-4.918074701607676,104.88264871468927
368.0,-0.9798482058544871,0.010970897885435999,-1.190837352514872,-4.376079182791191,-5.243299883684133,-4.936766252274615,104.71087512306141
369.0,-0.9909069986722998,0.011065256126436692,-1.2024472672428625,-4.3949298696768375,-5.258264526446826,-4.955580038822308,104.54274582076634
370.0,-0.9989853692739757,0.011384139777782616,-1.212129507066774,-4.41382477834401,-5.272716050443424,-4.974444306427163,104.37749492139238
371.0,-1.0023092897895343,0.011402928936193574,-1.214977291513803,-4.429088278460652,-5.289404990905404,-4.990778535743792,104.21399106004834
372.0,-0.9996320042182663,0.011619561267507154,-1.2152562983879585,-4.441074009430067,-5.307384177231335,-5.004344153858689,104.05043608619575
373.0,-0.9914896558825411,0.011887477338441562,-1.2164358266728148,-4.454087454688316,-5.325905125026528,-5.020965430306954,103.88513838408365
374.0,-0.987135363333301,0.011881256213354945,-1.2164401989431342,-4.464589311654709,-5.333284542494986,-5.025590877720819,103.71916689015336
375.0,-0.9848488330123357,0.011921397090340409,-1.2155556083565857,-4.475374825085125,-5.345485623631699,-5.038629323443931,103.55309384583042
376.0,-0.9818207151878046,0.01201164060119671,-1.2150505416625181,-4.490850938869446,-5.361582899343169,-5.040812333434482,103.38690916074411
377.0,-0.9815280709541631,0.012052754383237507,-1.2152686715603853,-4.50832920106778,-5.364347003361301,-5.052851602397021,103.2220856421859
378.0,-0.9869829029143787,0.012037107545027105,-1.215165717654699,-4.52234941590245,-5.366978955326162,-5.068916934683042,103.06023586716945
379.0,-0.9894337864075758,0.012013894381876722,-1.212679210560394,-4.539167764541154,-5.369894691136077,-5.080353510368786,102.90093572654052
380.0,-0.9945315792545822,0.012242313101518378,-1.2148196197130467,-4.5572135587229,-5.38217507724059,-5.09606187957284,102.74430521832852
381.0,-0.9932453222006827,0.012426018130523799,-1.2200780468788452,-4.574810062114552,-5.398329096547776,-5.113639542206465,102.5880956215515
382.0,-0.9940547591613884,0.012083138095334414,-1.2203796066045378,-4.589507600430318,-5.414842334275727,-5.126908828057239,102.43283984855309
383.0,-0.9897933333966781,0.012057470683838327,-1.2180113824720684,-4.605301124304078,-5.43221163936192,-5.14339410094033,102.27714519722647
384.0,-0.9834853280647001,0.012177470598947774,-1.2163641897061286,-4.612604366160458,-5.446240266333668,-5.153392184929947,102.11934550457067
385.0,-0.9773212065735847,0.012354303987757873,-1.2193234177704086,-4.6266863844781065,-5.4589746261935055,-5.168538677909603,101.95969169880155
386.0,-0.9707435920812817,0.01234938050976691,-1.2236677956217148,-4.641566584499897,-5.475256603741831,-5.185885071341448,101.79772737428029
387.0,-0.971283935643866,0.011911577684484144,-1.2258902512832286,-4.653096723910134,-5.491588423615729,-5.202580307920367,101.63587735051651
388.0,-0.9744151188335609,0.011921738895412889,-1.228294572203733,-4.668869618421964,-5.5025014619732335,-5.2114311614002435,101.47592446496002
389.0,-0.9822781328854486,0.011954850143018815,-1.2304887595507412,-4.683137127920528,-5.515889202094835,-5.219520551681797,101.31941498484149
390.0,-0.9939962405699035,0.011744606571730504,-1.2268980651614247,-4.700048433824608,-5.5324743087148525,-5.233866601800191,101.16830462193718
391.0,-0.9999419774072635,0.012019185582625285,-1.22421936887559,-4.718176678369544,-5.550403949801994,-5.248712493480725,101.02043658456488
392.0,-1.0038379217920754,0.012071350646730991,-1.2209054841671456,-4.736731484355539,-5.565461258458349,-5.260923391241368,100.87514966753481
393.0,-1.0014441979526503,0.012196505922754525,-1.2173595878681676,-4.752701191017647,-5.580862653961333,-5.274886463338217,100.72994621608778
394.0,-0.9989935835413992,0.012078323596264009,-1.2105148334776927,-4.763041262542664,-5.59532001815481,-5.29170760308093,100.58431837719255
395.0,-0.9920462903075895,0.012201194625273696,-1.203817685287504,-4.77758193490231,-5.607403490195327,-5.306400569603932,100.43697152400752
396.0,-0.9808779295225796,0.012018682925417315,-1.1966130153881531,-4.791455229633155,-5.621536696639464,-5.323504192118152,100.2858015117067
397.0,-0.9675469073283939,0.012373772791147026,-1.1948083165773795,-4.793664896465002,-5.638435584055864,-5.3335669854132455,100.12798057193056
398.0,-0.9631679516634757,0.01240934121773919,-1.196640123647367,-4.799836249619496,-5.652877495747748,-5.348302125745837,99.96735504494987
399.0,-0.9649005073360336,0.012495803046485968,-1.2028561358331702,-4.813405521859523,-5.669865122245118,-5.3653945323313295,99.80706967469379
400.0,-0.9721944198868149,0.01224724573251066,-1.206684624178231,-4.830083412741119,-5.6861328268754505,-5.3765452749525044,99.65013702620384
401.0,-0.9836498082939972,0.01226009173301087,-1.2113014381107032,-4.8480832956837165,-5.703909667261157,-5.390104876125614,99.49836806809462
402.0,-0.9964632044994116,0.011921417833715704,-1.2082944998815108,-4.866588589045661,-5.7178245091793505,-5.405473334218366,99.35309539295145
403.0,-1.0032854804754363,0.012135322015069958,-1.2050883867595739,-4.882842413255638,-5.732654315672482,-5.419431892005857,99.21148593932344
404.0,-1.0043848509204634,0.012394253423486316,-1.2047278956776273,-4.89568561952265,-5.745994124393496,-5.4362293020521495,99.07066888387754
405.0,-0.9989794504758632,0.012454749878161763,-1.2051101399693696,-4.9119831642116685,-5.758333197129635,-5.448615831855972,98.9282088576534
406.0,-0.9887254482695101,0.01217531836580125,-1.1993610695869903,-4.929650755183169,-5.770944960956786,-5.455693686068703,98.78224347469374
407.0,-0.9754456018382474,0.012250613459844415,-1.1925836844151292,-4.9433799718962375,-5.787186219932888,-5.466638253798077,98.63044535961407
408.0,-0.9664053288479673,0.012458662102489478,-1.1899700818605996,-4.956886599544139,-5.803407220673448,-5.482196608107436,98.47409350812485
409.0,-0.9655789682316435,0.012235977146166727,-1.184434876550919,-4.9683004040446415,-5.821178035967743,-5.489857897622739,98.31701812042667
410.0,-0.9656367073764294,0.01235253296275584,-1.179927479434193,-4.984051341656175,-5.831976992124469,-5.504080814914398,98.16056383227395
411.0,-0.9709798071107859,0.012518551199102801,-1.1793446114412727,-5.001644372416535,-5.84745376231976,-5.519784510390316,98.00684951124292
412.0,-0.9741414474036724,0.01263256601322375,-1.180686615987215,-5.013647357536959,-5.860604000278029,-5.537341545173045,97.85473173079043
413.0,-0.9757863928125324,0.012496967537508261,-1.1806115465897637,-5.029563889938581,-5.87271469082132,-5.552932199129642,97.70380767981702
414.0,-0.9783793395603294,0.012635698446017278,-1.1841287993617005,-5.047242291842609,-5.888734798624605,-5.570417026040777,97.5541653857728
415.0,-0.9835404988041049,0.012677605406688037,-1.1906973569071087,-5.065342094219863,-5.906446817296105,-5.58873072766736,97.40679428964822
416.0,-0.9868312578932904,0.012291869181486094,-1.1906418095420164,-5.083885963589854,-5.924855028732069,-5.601555522763736,97.26124722017694
417.0,-0.9834209547216176,0.012294038629489006,-1.1880108553110575,-5.100900288559736,-5.939075513484809,-5.6178442680827025,97.11456877225037
418.0,-0.9789593741151231,0.012521210943945187,-1.1889157305218014,-5.118983072123754,-5.955971325474258,-5.63566199806801,96.96565983276331
419.0,-0.9732087660078355,0.012241337194917233,-1.1840626094025022,-5.137046377048026,-5.972189632158336,-5.654114611550152,96.81424137546031
420.0,-0.9653270922004025,0.012366138943002515,-1.1791939435664658,-5.150863994267658,-5.986900748248147,-5.669083036819977,96.65888169559491
421.0,-0.95927102659685,0.012534021256666516,-1.1771574905976125,-5.167569007132913,-6.0040218787490955,-5.686006915634772,96.5002042755604
422.0,-0.9593469952506133,0.012569407909253032,-1.1770536360295247,-5.179919177224032,-6.0164821806469355,-5.6955371632755245,96.34132492556655
423.0,-0.9592004155880371,0.012589395066845106,-1.177341974183019,-5.187629991644986,-6.032617187799869,-5.710503098418632,96.18179286133358
424.0,-0.9561866070429504,0.012654793967193302,-1.1790352491416107,-5.196006130361212,-6.050374204226268,-5.7277750639485445,96.01993040900791
425.0,-0.9574119954013648,0.012817644134965481,-1.1864000636254972,-5.202924412873171,-6.061489432580775,-5.746001920703846,95.8578224729091
426.0,-0.9643286176217042,0.012637317516536671,-1.1940810306157077,-5.215775154506005,-6.077087191624237,-5.7646236993171955,95.69859310036625
427.0,-0.9730050285670563,0.012313629774457553,-1.1968470958017405,-5.232160513097464,-6.0834043553348875,-5.783408780484363,95.54446828462797
428.0,-0.9848261869033861,0.012556244822228071,-1.2042834066147539,-5.250042734793077,-6.092174272469104,-5.802261129549859,95.396547527758
429.0,-0.9883393289110863,0.012607281114911403,-1.2118485655096656,-5.264064913948188,-6.106797513733143,-5.821141434577414,95.2501000744287
430.0,-0.9838065738695644,0.012188543748957266,-1.2108998556054809,-5.280538455481399,-6.1239380366427,-5.834749958782907,95.10149837127047
431.0,-0.97988374005125,0.012272252906054902,-1.2102172972269034,-5.296829335558027,-6.13497508167236,-5.851372052796168,94.95116288508852
432.0,-0.9741118142003179,0.01215301614452253,-1.205239766463452,-5.314096152917442,-6.1382599201595,-5.869327975979054,94.79919844451132
433.0,-0.966558627544304,0.012408422508595841,-1.202539772537308,-5.324819530399413,-6.150731571521276,-5.880092614473798,94.64324439825997
434.0,-0.9563882803499628,0.01238526507129761,-1.1981573116954582,-5.337523806797896,-6.159993216192336,-5.895550026790457,94.48226893708609
435.0,-0.9476760172759259,0.01239064502603873,-1.1932323940994962,-5.353810087660033,-6.174829278028501,-5.912437316846952,94.31671196128816
436.0,-0.9417306501912895,0.012802229619101196,-1.1959874242250872,-5.3614870152189695,-6.19204780841715,-5.930495082889205,94.14685206092334
437.0,-0.9432047811399583,0.012788856849934681,-1.2024426217960333,-5.37568138378737,-6.208855436547814,-5.9488896170609715,93.97690439289059
438.0,-0.950875892764248,0.012678724929091743,-1.2102388772453134,-5.392643612261144,-6.225958698425203,-5.9675780357863335,93.81048017452768
439.0,-0.9623309372264626,0.012469686329904956,-1.2161752314349183,-5.410741487333645,-6.241861165496718,-5.978007341287982,93.64995644314112
440.0,-0.9706151966334507,0.012444884612839277,-1.221042514369221,-5.429324371015597,-6.25947975555067,-5.992224808629881,93.49371298811381
441.0,-0.9730025888618529,0.01209400935304975,-1.2278773769341638,-5.444214529378517,-6.270463751469134,-6.0091681284805,93.33862253556353
442.0,-0.9683706390207475,0.012029161873593236,-1.2327085475946828,-5.454119439050894,-6.2780183866018655,-6.026876571263948,93.18093945586524
443.0,-0.9686004831701363,0.011867383274801618,-1.2329785134775515,-5.4691742807051025,-6.281079503434362,-6.045089657664809,93.02397722494179
444.0,-0.9675337516594479,0.01213221071985642,-1.2341363592423051,-5.480213929088854,-6.282329183335506,-6.057974339376049,92.86711952077306
445.0,-0.9622966136355551,0.01204944740280037,-1.230697289043209,-5.488849657062551,-6.282843723447268,-6.074289634229786,92.7083996979039
446.0,-0.9618246489273292,0.011457831617843655,-1.231073855960731,-5.495295049734792,-6.283058939857941,-6.084931012775113,92.54970143555236
447.0,-0.959999314933412,0.011520544564293137,-1.2299921785023642,-5.4991269553334305,-6.283143647828371,-6.093281400876712,92.39044040835925
448.0,-0.9589527686020286,0.010254171433490998,-1.2273074003514053,-5.496532976860021,-6.2831805979407145,-6.1077423295763245,92.23071532845344
449.0,-0.9529922693419073,0.01057874740568293,-1.2224532774130406,-5.487898785608995,-6.28319150601379,-6.122846309511686,92.06764764680491
450.0,-0.9472850809761291,0.011262028706877838,-1.2178867777570839,-5.49236298124881,-6.28319510469711,-6.140143275238392,91.90189498532327
451.0,-0.9380650986266865,0.0117309562455095,-1.2128479563740857,-5.500063338366755,-6.283193465163717,-6.158379738700416,91.7318564642125
452.0,-0.9270352241932385,0.012414626108145642,-1.2155537621117467,-5.501595962372632,-6.283191255999493,-6.175384330272444,91.55533427450588
453.0,-0.9228487630195121,0.012628274231012813,-1.2237859736167915,-5.511499129339044,-6.283191058969716,-6.189149005873353,91.37606981571882
454.0,-0.92338244978061,0.012642073906076442,-1.2347867434536572,-5.524185652612569,-6.283191486082596,-6.2058515204235105,91.19689720112305
455.0,-0.9297070756797431,0.012554596400571234,-1.247398211850251,-5.539556472146588,-6.283191291189037,-6.222788557276074,91.02108219816164
456.0,-0.9404711768233452,0.01221819935825287,-1.2556981034132115,-5.552734733644494,-6.283191434122615,-6.240764796525617,90.85144501068872
457.0,-0.9493560610295951,0.012253950111852823,-1.263462975852909,-5.5647766219752475,-6.28319288117567,-6.255330798124788,90.68700596077002
458.0,-0.9574258933122701,0.012035610375104222,-1.266361056561707,-5.57175620576356,-6.283193547949717,-6.268894254218405,90.5273299072365
459.0,-0.9577238478255437,0.011992625021157234,-1.2643463231971697,-5.585547356827414,-6.2831931420359135,-6.27736393827885,90.36925986581608
460.0,-0.9513219366143045,0.012423607507363063,-1.2676655942173896,-5.580131731256345,-6.2831944422517285,-6.28079262184966,90.20702583999717
461.0,-0.9403766807271181,0.012338835117560868,-1.2692398043239563,-5.5704665832209255,-6.283193940627167,-6.282202526315514,90.03776514139749
462.0,-0.9289785968791578,0.012578957867195824,-1.2758325035183673,-5.574834768611696,-6.283191813742281,-6.282781483612562,89.86138146508101
463.0,-0.9247907103890303,0.012234733186147784,-1.2793584525735777,-5.577865867759145,-6.283195536202964,-6.283019606054719,89.68204460178896
464.0,-0.9284677448607949,0.012143174356794736,-1.2821908880551622,-5.58897515409614,-6.283196843203481,-6.283117363671163,89.50499283166015
465.0,-0.9373171232785106,0.012175454909927946,-1.286001863463582,-5.584717979073331,-6.2831922337586175,-6.283157621637009,89.33225574972523
466.0,-0.9496310731518162,0.012037779915535058,-1.286904078807132,-5.58124312743165,-6.283194909763966,-6.283174060315884,89.1661358542587
467.0,-0.9581944336337406,0.011989401682328421,-1.2837399009776722,-5.589838531125867,-6.283196683424621,-6.283180780831927,89.00600329423511
468.0,-0.9621421798467256,0.012102243912126356,-1.2797928413487363,-5.590909641716247,-6.283198446062924,-6.28318363833937,88.84883978696321
469.0,-0.9618714233770744,0.012001781426678015,-1.271396187871658,-5.5851246779549895,-6.2831972451538745,-6.283184820603996,88.69226982307055
470.0,-0.9587396346978033,0.011991471232127661,-1.2595017674823639,-5.577560028567138,-6.283195976354575,-6.283185218151894,88.53483152129134
471.0,-0.9507747365310294,0.012216715622568744,-1.2479530381299633,-5.564202283700653,-6.283200309478579,-6.2831852772935015,88.37329943839393
472.0,-0.9388999415111039,0.012258975676523516,-1.234494336531167,-5.556469984819197,-6.283199386842746,-6.283185312058088,88.20572297640271
473.0,-0.9323281899878942,0.01232320671637869,-1.223822002605364,-5.553058059483594,-6.283203405012228,-6.283185279438479,88.0347418462576
474.0,-0.9255564653329689,0.012730797520288455,-1.220065804287525,-5.54916744346429,-6.283193505926381,-6.283185287714539,87.8598620603505
475.0,-0.9192786221800354,0.012917339952839862,-1.2217034814915666,-5.556271159653783,-6.28319401418035,-6.283185259566422,87.68152027431394
476.0,-0.9199062222266096,0.012967190254207048,-1.229103952766438,-5.564702891326888,-6.283193189791618,-6.283185344771973,87.503266261203
477.0,-0.9268523265911988,0.012582046062920118,-1.2337874113715632,-5.579003826159813,-6.283195773164593,-6.2831855566722625,87.32947667121162
478.0,-0.9338019842300719,0.012519036530606565,-1.2381773619070846,-5.590651694201959,-6.283193134507613,-6.283185587400762,87.16023157314741
479.0,-0.9439523360043187,0.012330286662584894,-1.2403839629554672,-5.591570121511331,-6.283194186323079,-6.28318570591459,86.99672539793627
480.0,-0.9562473472834876,0.012224265698121387,-1.2399486314576154,-5.594590275820749,-6.283195188948282,-6.283185581626231,86.84055527490487
481.0,-0.961604368282335,0.012299937596205106,-1.238269367505159,-5.584697098615736,-6.283194627862324,-6.283185582807934,86.68722970577745
482.0,-0.9626585275884487,0.01239055225694879,-1.2366408256126384,-5.583757011888822,-6.283196039642545,-6.280214643925322,86.53465467949236
483.0,-0.9599980356252079,0.012193724139337945,-1.2298273757562133,-5.580247123917284,-6.281046322430089,-6.280781119470689,86.38116711638887
484.0,-0.9522093059496688,0.012316179674977683,-1.222131778797419,-5.57615825448443,-6.282353232569493,-6.282218046980359,86.22361201150862
485.0,-0.9404937267827831,0.012594638930730654,-1.2175535735203686,-5.575251743369037,-6.282855229164125,-6.282787388992214,86.0595641034066
486.0,-0.9267057148235412,0.012777667985739679,-1.2165410147090898,-5.572455283914807,-6.283062287152657,-6.283021918672952,85.88730387156974
487.0,-0.9149886249666419,0.012992732501109187,-1.222094485318152,-5.57373123170247,-6.283149914188468,-6.283118153469498,85.7076211929072
488.0,-0.9123812647779986,0.01281283727429879,-1.2298297047391402,-5.581630059532961,-6.283190470293748,-6.2831577984211044,85.52593612673508
489.0,-0.9174430961217391,0.012660368327352059,-1.2388579152659183,-5.588381085794941,-6.283192203190548,-6.283174153344553,85.34676867854988
490.0,-0.926555362186343,0.01254194034498377,-1.2483589543171698,-5.590690807370596,-6.283192373327064,-6.283180915458539,85.1722518981641
491.0,-0.9388205800316949,0.012340961695946754,-1.2555985354677481,-5.602735320068859,-6.2831929411973615,-6.283183664670538,85.00493738038926
492.0,-0.9504242715107781,0.01200600044629665,-1.2557136392616024,-5.606162620035542,-6.283194397604548,-6.283184942295895,84.84467654749302
493.0,-0.9573608990359478,0.012356655482547562,-1.2592845143940754,-5.6044168820050295,-6.283192500508645,-6.283185262707269,84.68811640130637
494.0,-0.9608145118912813,0.012037969383291347,-1.2557169116180698,-5.603511095070837,-6.283195911771724,-6.283185469185963,84.53391987324254
495.0,-0.9578576484607114,0.01229769132861535,-1.2533162456959763,-5.60725631465315,-6.283196138339851,-6.283185396256461,84.37873675464505
496.0,-0.95392725226828,0.012385258602825196,-1.2521090359095581,-5.60034660651683,-6.28319508224441,-6.283185509230668,84.22095024239694
497.0,-0.9460444896074538,0.012156207734808631,-1.2451724676851221,-5.588065430292189,-6.283195897611593,-6.281306674277456,84.0585884834853
498.0,-0.9395085875445688,0.012370833499502137,-1.2406724781575484,-5.585523105613767,-6.283199181868348,-6.282446531821744,83.89255040026944
499.0,-0.93575026436351,0.012357035892513258,-1.235779280608142,-5.580837381616755,-6.28319838383425,-6.282881036307328,83.72434825009789
500.0,-0.9283208006049493,0.01248127767605032,-1.2315083719248263,-5.580667688987743,-6.283198609161333,-6.283060347556139,83.55224359220615
501.0,-0.9276470524621389,0.012277668893843975,-1.2247988002542058,-5.5751795798780535,-6.283196983847999,-6.28313415623187,83.37965092264194
502.0,-0.9304979216832271,0.01258602241704583,-1.2229672846001771,-5.570575097869138,-6.283193970033726,-6.283164282730529,83.20852724116989
503.0,-0.932129749512292,0.01263138927100339,-1.2221952290448068,-5.577260745906481,-6.283198843830048,-6.2831766802691735,83.03888228198875
504.0,-0.9322455290549563,0.012745577829832632,-1.2244941986106135,-5.578951376908386,-6.283193138334974,-6.283181894923967,82.8692993624031
505.0,-0.9356411545522829,0.012424872753739827,-1.222990030858921,-5.59073541993288,-6.28319648682055,-6.283184063498139,82.70243869856407
506.0,-0.9352218801128351,0.012819992927774592,-1.227887892936969,-5.60257423227477,-6.28319249679191,-6.283184860582884,82.53588195582907
507.0,-0.9316947712117783,0.01249036964025361,-1.2283715331469607,-5.614058175490266,-6.283197311681149,-6.283185360879017,82.36799066102101
508.0,-0.9301969637811617,0.012540080015861477,-1.2308178488090706,-5.607601711507795,-6.283193485936514,-6.283185531343796,82.19856386690881
509.0,-0.9265858801706692,0.012649396430524934,-1.2354757164110763,-5.607876390472987,-6.283193242611908,-6.283185401509716,82.02670044148825
510.0,-0.9265274682178672,0.012747321438692522,-1.2448582951834282,-5.604108607167527,-6.283190980364026,-6.283185455281606,81.85361862343176
511.0,-0.9325044277229894,0.012203420849059609,-1.2472923696784497,-5.596405143261788,-6.283191922000624,-6.283185596755079,81.68318379610727
512.0,-0.9412378032276397,0.012174276390808607,-1.2479541888879182,-5.596721168118804,-6.2831950657106095,-6.2831854455550005,81.51777623498509
513.0,-0.9482928382211716,0.012273213277763572,-1.2484033169930353,-5.599129166532951,-6.2831972749723155,-6.283185459925666,81.35667856769668
514.0,-0.950765446040936,0.011919734817866463,-1.2473069841700193,-5.605879512674167,-6.283196584914892,-6.2831854597317465,81.19773561939355
515.0,-0.9477926135644071,0.012009641832965743,-1.245554343301167,-5.6068299075989785,-6.28319512592852,-6.283185569212206,81.03746716665209
516.0,-0.9416468100368934,0.012177170522315981,-1.2436745898797303,-5.604593691398035,-6.283196843612497,-6.283185538518083,80.87370047658771
517.0,-0.9314529824519855,0.012144710911311729,-1.2383323887802613,-5.60117075860371,-6.283197097598592,-6.283185538913903,80.70428495653535
518.0,-0.9236766057929666,0.012183038355279315,-1.2320219495465892,-5.593115980925024,-6.283200146586815,-6.283185515037039,80.530139426308
519.0,-0.9241008038039699,0.012436044983572578,-1.2301384848812833,-5.589806356098822,-6.283204146557692,-6.2831853531679975,80.35589788977659
520.0,-0.9302186499373938,0.01263099345010952,-1.232693209253195,-5.595430689268642,-6.283197369988414,-6.283185304554487,80.18528271472272
521.0,-0.9406348816539973,0.012373168069605445,-1.232122686486441,-5.597258638556514,-6.283195619924032,-6.283185520404596,80.02088941048464
522.0,-0.9474710447985993,0.012571181876408098,-1.23394510520692,-5.592554009931998,-6.283192341466816,-6.283185528084522,79.86022659467227
523.0,-0.9551660862894281,0.012489351346544634,-1.2354298108400634,-5.5828386273826265,-6.283193420979052,-6.283185498059896,79.70319664208782
524.0,-0.9556105111224401,0.012625134399120106,-1.238320067515682,-5.573202160158424,-6.283191436430929,-6.283185436500912,79.54578468467999
525.0,-0.9491321045057897,0.012431455244289114,-1.2374509245152137,-5.5691330656213935,-6.283194031305334,-6.2831854273227545,79.38461458251977
526.0,-0.9414164330062832,0.012477314023904933,-1.2373349260333304,-5.564755970206244,-6.283192881163349,-6.283185439801829,79.2186914029931
527.0,-0.9357117226178169,0.012740002652225302,-1.24340836626589,-5.560441800664295,-6.283191015991453,-6.2831853715265655,79.04853625301654
528.0,-0.9341795113646838,0.012321182866793096,-1.2444348154420797,-5.562210927252416,-6.283196554783015,-6.283185445531496,78.87734431225894
529.0,-0.9366609873413024,0.012431008510806809,-1.2478843489901144,-5.5678013644998945,-6.283194326841322,-6.283185414806237,78.70752503144737
530.0,-0.9415251560457005,0.012285995991332345,-1.2492879762153997,-5.565108128833599,-6.283195243514956,-6.2831855980842315,78.54017795380373
531.0,-0.945996337375022,0.012266224476011405,-1.249408301655775,-5.561803656985841,-6.283195782346724,-6.283185532459263,78.3752125600523
532.0,-0.9444857006623336,0.012368851447288456,-1.2493741444309283,-5.560046509738701,-6.283195263077359,-6.283185472138725,78.20946363385367
533.0,-0.9419636791570881,0.012279065419251185,-1.2473524715709365,-5.557825267206745,-6.283196407949346,-6.283185502405543,78.04228993467045
534.0,-0.935848728494618,0.012370747133744054,-1.2453156941529606,-5.563423782806908,-6.283194320346306,-6.283185411380982,77.87223908575747
535.0,-0.9302372162202117,0.011341901439915059,-1.2440002166762631,-5.562634980985623,-6.283196876605537,-6.283185506140586,77.6989932291049
536.0,-0.9299512546864848,0.011587903291681457,-1.2471512325697998,-5.560255018281491,-6.283194487975187,-6.2831854714158695,77.5249494721027
537.0,-0.9360151330628662,0.011921057505493623,-1.2525887527583408,-5.567218426853037,-6.283195859012259,-6.283185397580463,77.3541543679241
538.0,-0.9466252598007125,0.01190547859465555,-1.2553279869977256,-5.572057583772474,-6.283194789704319,-6.283185539331241,77.1894366645715
539.0,-0.9602325417042326,0.012057668811237808,-1.2583899971331767,-5.566588739433576,-6.283191768301501,-6.2831855983573055,77.03174697688608
540.0,-0.9682955022371074,0.012225866890802765,-1.2613166108987037,-5.564317158791096,-6.283194447465634,-6.283185480693667,76.87830501722637
541.0,-0.9675982701291137,0.011758008001274058,-1.2631365010659665,-5.568128143911769,-6.283192329513298,-6.283185423207193,76.7248013597985
542.0,-0.9603925928230118,0.011710771907526056,-1.2615911543968348,-5.569806296021302,-6.283195966130216,-6.28318555792932,76.56770202008552
543.0,-0.9490562754469545,0.011981932816830942,-1.2601099882682443,-5.565302447485879,-6.283192212708923,-6.283185565105583,76.40411126626266
544.0,-0.9405221641127013,0.012045461381953906,-1.2577520696231086,-5.567020738241827,-6.283198111088844,-6.283185437636208,76.23581431185707
545.0,-0.9367008871453013,0.01193027373659284,-1.2513422060044204,-5.578773754021737,-6.283194523635106,-6.2831855205992175,76.06654460969894
546.0,-0.940129113003715,0.012103011646905639,-1.2464799721282154,-5.57801891651604,-6.283198953887138,-6.283185602461255,75.89950727930207
547.0,-0.9440435962771916,0.012460539756276855,-1.246347476328608,-5.577283613716914,-6.283196452621284,-6.28318544215781,75.73475605932852
548.0,-0.9480015950009271,0.012664460965350774,-1.25092367025467,-5.572633023229076,-6.28319186454756,-6.2831854466591315,75.57154761213083
549.0,-0.9454165578643561,0.011690406866345366,-1.2547076640018797,-5.569563843996344,-6.283191948609601,-6.283185433558944,75.406526740002
550.0,-0.9425128690473039,0.01161060917711814,-1.2572284405382739,-5.575663641237553,-6.283195224589994,-6.283185444056079,75.2398995744287
551.0,-0.9416640630686725,0.011770472216040613,-1.2582169543724622,-5.572397163185848,-6.283193916397197,-6.283185602226285,75.07239838534029
552.0,-0.939702819796206,0.012078832977463781,-1.2609914891860436,-5.568075208174702,-6.283192103138268,-6.283185493817072,74.90322655540136
553.0,-0.9403887930614233,0.011894745820425412,-1.2585882993561521,-5.575298526920929,-6.279923414252548,-6.2831854910530645,74.7352420667463
554.0,-0.9436041255195031,0.012101126295879519,-1.2573335550107019,-5.582520287856749,-6.281913880121701,-6.283185472242061,74.56956030565769
555.0,-0.9464664799879855,0.012249672778390598,-1.25703633005921,-5.584680008023347,-6.282675857182737,-6.283185542308884,74.4057029285586
556.0,-0.9524658168421837,0.012176334757947018,-1.2550136283196127,-5.589752156314544,-6.282992841323501,-6.28035108187587,74.24571587975149
557.0,-0.9540460565262865,0.012157815772711182,-1.2498976337622714,-5.589802731545492,-6.283117338887865,-6.282071048233992,74.08735018456618
558.0,-0.9506484520354513,0.012440488820101476,-1.2476575950538311,-5.589529578368607,-6.283169114755099,-6.282726251017584,73.92736457443019
559.0,-0.9420743392775838,0.012228765361521591,-1.2401016404062148,-5.593474283848293,-6.283191422626433,-6.282996876014503,73.76348936028066
560.0,-0.9309492879299889,0.012437542982310423,-1.2344876692723266,-5.5930382464271995,-6.283194967433145,-6.283108013575573,73.59357881444497
561.0,-0.9234185000662477,0.01236320564590781,-1.2278179261037536,-5.5914812072579245,-6.283197875952278,-6.283153662619929,73.41947006960716
562.0,-0.9241999182304389,0.012727815891025895,-1.229035686600891,-5.592926687225739,-6.283197650644009,-6.283172262694622,73.24553968458117
563.0,-0.9313590515571517,0.012559045290982783,-1.2297232145215584,-5.601912291715279,-6.283197563370775,-6.2831800565480025,73.07620088638011
564.0,-0.9405575062997775,0.012639088577832644,-1.233106973436622,-5.594479516493312,-6.2831939006799615,-6.283183321262406,72.91157797536147
565.0,-0.9526094794744718,0.012481047584392675,-1.2350259669670882,-5.601129614538791,-6.283194673585129,-6.2831845405902,72.75415719643657
566.0,-0.9608140448964818,0.012629626212430292,-1.239255600079915,-5.6010616726067886,-6.283192621446808,-6.28318514946302,72.60129110887546
567.0,-0.9604763876423583,0.012783368675025912,-1.2465119038989236,-5.602229170335282,-6.283192056658489,-6.283185295159402,72.44790772366825
568.0,-0.9604718782972024,0.01248510287246831,-1.251137298402637,-5.60771931390258,-6.283195752296355,-6.283185424006664,72.29435933524081
569.0,-0.9555344733041138,0.012382500254427367,-1.2533712908176096,-5.610480048523752,-6.283196325873095,-6.282054465142489,72.13812587733202
570.0,-0.945667648211325,0.012305868888320077,-1.2531844788847715,-5.6094884421278355,-6.2831938495366195,-6.282740822140894,71.97624129591655
571.0,-0.9325993284932053,0.01238607429618509,-1.2533540009798325,-5.603810184892166,-6.283191778372347,-6.283002299164764,71.80637339928668
572.0,-0.9258539863620994,0.01234067187587512,-1.2556930145306302,-5.606792536107946,-6.2831974605706025,-6.283110105900092,71.63218629158882
573.0,-0.9228588129979814,0.01224930546613536,-1.2569793183048354,-5.613338965289713,-6.2831957720469935,-6.2831545281982075,71.45639711080243
574.0,-0.923763174311096,0.012296070307053555,-1.2590453576096474,-5.626553139841199,-6.283198691222191,-6.28317281389121,71.28162319398432
575.0,-0.9273171920155094,0.012495229725896334,-1.2654135312389645,-5.631777605609605,-6.283194479722919,-6.283180329890682,71.1086111475762
576.0,-0.9326217486608812,0.012474258599929853,-1.2730025110924925,-5.642009661452142,-6.283196322276747,-6.2831833793303264,70.93852073329678
577.0,-0.9351695805996973,0.012192444577012136,-1.275382406339234,-5.657283100362697,-6.2831944750868605,-6.283184777805162,70.77071995632308
578.0,-0.9390275209347123,0.012291072302539103,-1.2793984582638247,-5.672163374695137,-6.283199489987606,-6.2831852648719995,70.60562850101724
579.0,-0.9474672802601116,0.01205404945782108,-1.2795234837954141,-5.6857242087259,-6.283197533325844,-6.283185542131568,70.44622529809007
580.0,-0.9513002479510319,0.011884070758106668,-1.2733019626773303,-5.683723765186434,-6.283199082384291,-6.283185741192896,70.28992093300776
581.0,-0.9477216256049921,0.012057286439140585,-1.265573022021039,-5.676797876508642,-6.283197648957607,-6.283185603845029,70.13216510708982
582.0,-0.9420516420490732,0.012216169864565004,-1.2583145353391223,-5.662916471235088,-6.283196635264264,-6.283185450392113,69.97096003806098
583.0,-0.9327312776476981,0.012625306315553145,-1.2567422163294009,-5.652034057659395,-6.283192820104938,-6.283185326439426,69.80379089799898
584.0,-0.9265416061291647,0.01260794341826744,-1.2570020679127183,-5.65194103589907,-6.283194899656289,-6.283185254839506,69.6326975250025
585.0,-0.9281986026210562,0.012333269269740457,-1.2551023378943118,-5.640727592903518,-6.283195536226733,-6.2831854546951345,69.4618510087673
586.0,-0.9292605579783535,0.01229010393813429,-1.2511216825489695,-5.63919833438414,-6.28319803230104,-6.283185374578803,69.29198423178813
587.0,-0.9315781094416893,0.012460694921007084,-1.249726188640458,-5.646598605249015,-6.283202513588469,-6.283185357662625,69.1240228401622
588.0,-0.9382744432109174,0.01251302090537849,-1.2507612410846312,-5.64338662122214,-6.283194555973943,-6.283185524471073,68.95965336947272
589.0,-0.9432637246377574,0.012604543264899706,-1.253881385313968,-5.639875585422426,-6.283194934351126,-6.283185455475437,68.79782638007867
590.0,-0.9449220110864333,0.012344338687596556,-1.252669695810693,-5.63668816566468,-6.283195156415405,-6.283185516589568,68.63698429266437
591.0,-0.9427885795631189,0.012125382750265779,-1.2457427552623974,-5.633378979644436,-6.283199267922078,-6.283185548639033,68.47543680134203
592.0,-0.9385859631653621,0.012431425424231006,-1.2421276038680011,-5.630858863439406,-6.28319820117658,-6.283185425511978,68.31161350904054
593.0,-0.9298913744253169,0.012411325853627747,-1.2368601896179823,-5.627471371051649,-6.283198241249845,-6.283185469556824,68.14298895258443
594.0,-0.9220642263527076,0.012609616296317369,-1.2351805010470436,-5.631684389673173,-6.283194751610885,-6.283185330460189,67.96996248332245
595.0,-0.9221453727162333,0.012485074688889807,-1.2337362337051228,-5.632010939652768,-6.283198644398937,-6.283185483301594,67.79684544462086
596.0,-0.9187745687157608,0.012711290708826437,-1.2358230043896605,-5.632164407885121,-6.283194452992452,-6.2831854295938125,67.62172923804309
597.0,-0.9208372421325238,0.012735068082230782,-1.2416595757293565,-5.639323158905035,-6.283194261363876,-6.283185386665555,67.44755077040075
598.0,-0.9288184665814273,0.012332692023524317,-1.2446155281138034,-5.649390642090541,-6.283194593190615,-6.280754431174565,67.27838703054157
599.0,-0.9407938384685078,0.012540266529969864,-1.2526353102025942,-5.646015509136048,-6.283191529178213,-6.282229636384796,67.11538430015521
600.0,-0.9483489427061234,0.012428819085290047,-1.258393538161839,-5.6522718024757355,-6.283193889054457,-6.282791617457287,66.95684842862009
601.0,-0.9542861917087689,0.012184834360101728,-1.259891982671292,-5.6436732324861305,-6.283198061269378,-6.283023855986812,66.80112110484022
602.0,-0.954105515765649,0.01199729343700536,-1.2546523823416977,-5.641353788560288,-6.283196835794718,-6.283119085416939,66.64586253799692
603.0,-0.9476018419636865,0.012060232631644843,-1.2464443303055972,-5.629285036311003,-6.283195305158666,-6.283158223466511,66.48699562226994
604.0,-0.93750493256125,0.01247348860090993,-1.2429106152261027,-5.613200308354384,-6.283193471935878,-6.283174121724333,66.32154877903984
605.0,-0.9295592476584944,0.012822772136669255,-1.246808769408604,-5.616478823539703,-6.28319287996137,-6.283180567498637,66.15108986854209
606.0,-0.9265138223053,0.012628188966943758,-1.250957775486708,-5.617382299199823,-6.283197125896401,-6.2831835111187395,65.97832828415424
607.0,-0.9287244391751331,0.012303791903081741,-1.2513759774205038,-5.619204870120047,-6.283194920712017,-6.28318472345521,65.80679250762908
608.0,-0.9315241757285457,0.012298125823918843,-1.2508929137714404,-5.623760268949907,-6.2831973725456285,-6.283185161059467,65.63726946794725
609.0,-0.9343631811795676,0.012379847116632238,-1.2511342373346206,-5.636667396289555,-6.283198740923819,-6.283185375774391,65.47021082357959
610.0,-0.9417765297622411,0.012099542706834523,-1.2466218366396755,-5.642692677390974,-6.28319729993208,-6.283185587881926,65.30822002330163
611.0,-0.9425161819421793,0.012341696573308721,-1.2426880129593667,-5.649617907110843,-6.2831965407405805,-6.283185503736399,65.14775901903016
612.0,-0.941938975879942,0.012156950597002066,-1.2344576103957263,-5.64124957427634,-6.2832005464804634,-6.2831856267899,64.98714399588725
613.0,-0.9390742657119214,0.012681721687301289,-1.2335290002202792,-5.6351020173658215,-6.28319528132756,-6.283185387687469,64.82458841452703
614.0,-0.9387768817492297,0.012564510038262526,-1.2323684722504888,-5.629132472456393,-6.283195755400841,-6.283185429201029,64.66145354479687
615.0,-0.9388911234548705,0.012449262538779461,-1.22955132178688,-5.61580394859494,-6.283194465303963,-6.283185436701037,64.49779741404399
616.0,-0.9371930045517637,0.012443603729900261,-1.2258362643292724,-5.601837689590196,-6.283194636576595,-6.283185394707362,64.3325980813773
617.0,-0.9303500991359,0.012885292205622985,-1.2293729999045007,-5.588816815732285,-6.283191474935269,-6.283185266999838,64.16240836267264
618.0,-0.927316474779361,0.01294196004895364,-1.2381685487509644,-5.590287014272917,-6.283191200845545,-6.283185185028061,63.989574472842605
619.0,-0.9280269591626331,0.012610613789777606,-1.2448736479854985,-5.601924103061776,-6.283192509754475,-6.283185428203604,63.81718863264945
620.0,-0.9316201325968985,0.012319505926805453,-1.2480870324386917,-5.605524779157924,-6.28319389140401,-6.283185615952883,63.646804871155545
621.0,-0.9364683708402283,0.01257524147848004,-1.2562735935114093,-5.611766183035432,-6.283192163609502,-6.283185459321528,63.47887831669569
622.0,-0.9443431249256409,0.012076910453231888,-1.2568848246638729,-5.606594337072516,-6.283193549570013,-6.283185703889012,63.31507949934789
623.0,-0.9465022190981094,0.01220137531596652,-1.2564124357590494,-5.599568271648077,-6.283193314799347,-6.283185573839579,63.15235837182024
624.0,-0.9455556222620989,0.012365337251789708,-1.2574872637858137,-5.597166674574521,-6.28319744745205,-6.283185423667505,62.98886388053128
625.0,-0.9431661453901167,0.012359543617371137,-1.25809417478148,-5.600659467299232,-6.2831949001788825,-6.283185405972583,62.82416611607968
626.0,-0.9358568413389746,0.012297099214759116,-1.2561327529483461,-5.6094416544593395,-6.281668075559547,-6.28318548659317,62.65619906594263
627.0,-0.9269972325819409,0.012454289668087317,-1.256647507812571,-5.608591994394604,-6.282601171748524,-6.28318556125214,62.48286592516081
628.0,-0.9186408401888544,0.012372289521830487,-1.2562286295825962,-5.603330760677569,-6.282961394930137,-6.283185557972648,62.30420995390278
629.0,-0.9181747479641166,0.012182478001546825,-1.253448526597375,-5.608938876206417,-6.283114549974933,-6.283185447672206,62.1255563146064
630.0,-0.9230496522349643,0.012389258615669795,-1.254225459182054,-5.609291278048354,-6.283171933406737,-6.283185489881468,61.94965652580262
631.0,-0.932516457396234,0.01240939932200009,-1.2562559182051938,-5.612707897311616,-6.2831922050295965,-6.28318544148595,61.779266262202015
632.0,-0.939403987838077,0.012434911564989782,-1.2582849592999334,-5.615862666644915,-6.283195044744075,-6.2831854890402274,61.61307894154225
633.0,-0.9468030815281956,0.012160946395065765,-1.2553372659689799,-5.623505643965796,-6.2831957005360355,-6.283185538754911,61.45197719729122
634.0,-0.9506638751862906,0.012207549323437112,-1.25076536665066,-5.622859293023195,-6.283197921613501,-6.283185620165535,61.29371501193582
635.0,-0.9480986230115334,0.012261134464388538,-1.244483004453875,-5.6115376893145585,-6.2831939891842525,-6.283185544817214,61.134030216375066
636.0,-0.9434225152222181,0.012586754072641643,-1.2430554985829965,-5.599214633580843,-6.283193949064523,-6.283185381288169,60.97096146541417
637.0,-0.9359511409982434,0.012528275916821418,-1.2407694528146753,-5.593393746175638,-6.2831973936173195,-6.283185354438357,60.803400753549575
638.0,-0.9247673021562686,0.012462756127764287,-1.2366629752247715,-5.602133969353829,-6.283197994396379,-6.283185378154185,60.63018392762758
639.0,-0.9159474251410743,0.012794180281602075,-1.2399880870899138,-5.597839691106538,-6.283190972587323,-6.283185447908252,60.451054342971744
640.0,-0.9154874771105624,0.012618177984622574,-1.2443668601431979,-5.592315035595558,-6.283191046838562,-6.283185465478328,60.27064204075728
641.0,-0.9219086559747297,0.012515493375501587,-1.24941086189492,-5.598826417172034,-6.283195646694105,-6.2831853936677815,60.09380353278426
642.0,-0.9294162034391816,0.012461776986538328,-1.2544384214925555,-5.605365838382474,-6.283192653488437,-6.283185478122053,59.92137631105619
643.0,-0.9398173877999402,0.012362710455524476,-1.2586905825098569,-5.619073426355931,-6.283196000806142,-6.283185558609841,59.75543462720752
644.0,-0.9490989308199741,0.012055562903426739,-1.25637036480769,-5.625992813456013,-6.283196006928115,-6.283185690509031,59.59571093351371
645.0,-0.9549691894638151,0.012153582245833409,-1.2527888180852513,-5.631380266876716,-6.283199411094065,-6.283185603551518,59.440258390921734
646.0,-0.9532369016788098,0.012267676090337363,-1.2481339810603638,-5.62507710330231,-6.272288220273632,-6.28318562018331,59.28481765035204
647.0,-0.9453903410128327,0.01232637299566772,-1.2421601027958156,-5.622059330364777,-6.269457447639654,-6.283185484569032,59.12547925420105
648.0,-0.933641896726685,0.012606679954607796,-1.239959748896809,-5.6185391265825215,-6.273416527654958,-6.283185408131794,58.95899312005386
649.0,-0.9245453140568309,0.010595564496675345,-1.237019715196132,-5.605999494085852,-6.278185648755433,-6.283185403210869,58.786229380395284
650.0,-0.9186409704952806,0.011024114904750727,-1.2402096849162554,-5.608431045248099,-6.281166284724031,-6.28318528090828,58.60947390298919
651.0,-0.9201848904794552,0.01117973796673189,-1.2379783979725327,-5.620337201539988,-6.282376514727323,-6.283185495311804,58.434167281863424
652.0,-0.9280072258465097,0.01177235486349575,-1.2396788108761945,-5.622749226147093,-6.282868798677554,-6.283185539584167,58.26337589969904
653.0,-0.9338983666209241,0.012316335896963123,-1.2469723697128092,-5.625816464368048,-6.283067627666423,-6.28318543000992,58.095744096174435
654.0,-0.9380225548828158,0.012468126547856463,-1.2568463346154257,-5.625783838135526,-6.283151202854701,-6.283185492539963,57.92965136730614
655.0,-0.9420727797810887,0.012262809380644214,-1.2639148760219967,-5.616743773334872,-6.283187300028631,-6.283185576846502,57.764619843150186
656.0,-0.9457776573217561,0.01234398924464265,-1.2721475629049375,-5.617532441892422,-6.2831907482803535,-6.2831854028846985,57.600880317321625
657.0,-0.9535596365567223,0.012096078565862485,-1.2767742978255538,-5.616423443963063,-6.283196497798111,-6.283185552629901,57.44086288745792
658.0,-0.958453027160855,0.011967430946551593,-1.2764382140539114,-5.615169193516055,-6.283195960164684,-6.2831855731531565,57.28372802352591
659.0,-0.9558673895933508,0.011750694769896104,-1.2699495743328395,-5.621245700917582,-6.283195438951611,-6.2831855251232485,57.12649858608053
660.0,-0.949839904271517,0.011922594392300817,-1.2625960014326778,-5.6262328780896915,-6.283200434228961,-6.283185526504566,56.967013553654006
661.0,-0.9436951202582144,0.012209678247234781,-1.2577045914444467,-5.625780769883628,-6.2831984345237135,-6.283185519844521,56.80442421735593
662.0,-0.9339385446141906,0.012451049451998073,-1.255223596700849,-5.632210243546489,-6.283194791012951,-6.283185396507442,56.63684853906808
663.0,-0.9306772259067858,0.012695701446827938,-1.259816923457988,-5.634484707595777,-6.283194185289254,-6.283185424716964,56.4667666024376
664.0,-0.9327861145777407,0.012393511200803963,-1.261837183899515,-5.633460033660085,-6.28319533859898,-6.283185544893763,56.29752549606892
665.0,-0.940165559169271,0.012390485208974296,-1.2650774095994155,-5.634893392739535,-6.283198722941949,-6.283185467346925,56.132249260662114
666.0,-0.9476852828230132,0.012405039006926497,-1.2689783719434737,-5.628772873236854,-6.283193995005563,-6.283185544311896,55.97061618093109
667.0,-0.9525054222649472,0.012260235127523833,-1.2698209520966903,-5.627629643052876,-6.28319564090433,-6.283185479486496,55.81168617210522
668.0,-0.9509163395188567,0.012216226418180038,-1.267588069357024,-5.6366158115579905,-6.283197731729174,-6.2831854846296435,55.65286589653189
669.0,-0.9466729471887952,0.01240283098628858,-1.2678540507342786,-5.640782239408082,-6.280789274732724,-6.283185513745047,55.492035027215856
670.0,-0.9443508425351678,0.012293681540308174,-1.2670217651825906,-5.635396607771354,-6.282257832251617,-6.283185590542167,55.329422739464455
671.0,-0.940724221201832,0.01239011287181259,-1.2674506410959256,-5.623480492674291,-6.282819246516831,-6.283185476878747,55.163896717749125
672.0,-0.9404436930989919,0.01262794857196103,-1.27378128906426,-5.626565898152945,-6.283053875123503,-6.283185274989167,54.997524276124686
673.0,-0.9462541383385698,0.012358124961151249,-1.2785390857941754,-5.6219056512889045,-6.283150019510691,-6.283185533226441,54.83348761802266
674.0,-0.9534846017932948,0.012174432843207251,-1.2799879303223942,-5.625895715179434,-6.283187966374237,-6.283185445648901,54.67368755814611
675.0,-0.9620977229060698,0.011887253602656097,-1.2747835336535447,-5.6295329922153545,-6.28319729844663,-6.283185580468925,54.51965722427622
676.0,-0.9665589503896155,0.01190255097972519,-1.2655818714452447,-5.619895621627762,-6.283199577091523,-6.283185606356399,54.368779957223
677.0,-0.9635752341635687,0.012029060401129072,-1.2536975697123711,-5.6074868584317095,-6.28319902656845,-6.283185494016928,54.216865716769384
678.0,-0.9562887236724112,0.012426497977634942,-1.2459668671591546,-5.591824700237447,-6.283198731955556,-6.283185314695052,54.060583550256915
679.0,-0.9479027843542578,0.012540128979667546,-1.2400030994742808,-5.576940626129828,-6.2831960644929525,-6.283185284767698,53.89902118472104
680.0,-0.9364857599448423,0.012951725565798388,-1.2420880078113765,-5.568123522001227,-6.28319260952627,-6.283185194136012,53.730135683058506
681.0,-0.9256669696566063,0.012663314013021017,-1.2424284454226324,-5.557036141856032,-6.283193533479748,-6.2831853582187085,53.55410281425726
682.0,-0.9236226945005014,0.012651677086787286,-1.2463045195209639,-5.550759529512847,-6.283192795831619,-6.283185315391229,53.37578856143195
683.0,-0.9266667966620445,0.01223834926756389,-1.2444166673148247,-5.555764568504999,-6.2831969861555885,-6.283185402806665,53.19961055707357
684.0,-0.9308931569751554,0.01241036685068603,-1.2448805974814805,-5.5590355226983466,-6.283197563200455,-6.283185449244335,53.02608185666316
685.0,-0.9393703530823798,0.01252842725719924,-1.248645227772816,-5.5714448397038225,-6.283197512193585,-6.283185451227678,52.85780012350819
686.0,-0.9480351686890022,0.012355366870604187,-1.2498383012405352,-5.579358735292306,-6.283197010163943,-6.28318557547639,52.695005056492306
687.0,-0.9555475622908784,0.012282032537426445,-1.2490727520944778,-5.58169933536555,-6.283198198829258,-6.282382691046055,52.53682662804916
688.0,-0.9553591717126086,0.012454134105648352,-1.2492836810201764,-5.579661355118343,-6.283194238652561,-6.282869837785064,52.37866084714004
689.0,-0.9518194425453556,0.012374078042944716,-1.2479207293531536,-5.570833327110831,-6.28319366842593,-6.283055462169817,52.21806473271962
690.0,-0.9449475914127908,0.012446188472398532,-1.2468899337181734,-5.576236681923176,-6.283198131853814,-6.283131956165149,52.054035708248094
691.0,-0.9340972226205457,0.012191436892656603,-1.240072233210236,-5.575534377248286,-6.283198265771042,-6.283163635312709,51.88438235295362
692.0,-0.9240960576552596,0.012555056596680792,-1.2388252411610814,-5.578805270875836,-6.283195707524474,-6.28317636742882,51.709070073325144
693.0,-0.9210217262140515,0.012764441347148192,-1.2442795210169137,-5.578630232714666,-6.283192200750247,-6.283181710140357,51.53120497966173
694.0,-0.9253297346886595,0.012693719498943726,-1.2524670234769681,-5.589674246948743,-6.283193905528394,-6.283183900946531,51.35559407583989
695.0,-0.9294906786984517,0.01273526654593772,-1.2641040291242842,-5.595468391385298,-6.283190603559949,-6.283184879929952,51.18172330899746
696.0,-0.9375345598853652,0.012241972282948549,-1.270158145311331,-5.591164207548159,-6.283191320463111,-6.283185442393687,51.011475855851494
697.0,-0.9421960786534274,0.012057281919026911,-1.2708749425476715,-5.596269283989212,-6.2831940103427115,-6.283185443186756,50.844317947296815
698.0,-0.9448625071669715,0.012226213400592103,-1.2729298454116582,-5.598405799736532,-6.283197327836918,-6.279020478317103,50.67866837600094
699.0,-0.9499876434251922,0.01227878361974243,-1.276267433606923,-5.594021832329012,-6.283195968358816,-6.281547791264544,50.515207324051595
700.0,-0.9511227022474122,0.012359755849383727,-1.2802446388612148,-5.590355243461698,-6.283193658392534,-6.282510679239705,50.35182417206091
701.0,-0.9511379754066479,0.012128167017082692,-1.28000824758349,-5.587897504345485,-6.283197003682303,-6.282908355101211,50.188283469734884
702.0,-0.9456984535138196,0.011959328643911747,-1.2735803207976222,-5.591316492996203,-6.283194443993193,-6.283071636205717,50.022782355115304
703.0,-0.9401093669519003,0.012469978331964995,-1.2752351639518515,-5.58492664882046,-6.283193420443271,-6.283138677477884,49.85344797626523
704.0,-0.9405330272197487,0.012371299783998063,-1.277527477854113,-5.582160306467086,-6.283197046874811,-6.283166200451875,49.683673700254396
705.0,-0.9471197414583161,0.012401283131766541,-1.2822469304697708,-5.586021111728151,-6.283192666715459,-6.283177469965724,49.51720330251743
706.0,-0.9580389585780318,0.012295717386928836,-1.2865916776779422,-5.591927231440463,-6.283194601633857,-6.283182214559656,49.35669437863868
707.0,-0.9636035785573284,0.012534864989856257,-1.2950671656957364,-5.596152320721432,-6.283192755914464,-6.283184136649231,49.19873233011501
708.0,-0.9649730817144594,0.012041534519503431,-1.2948508901969316,-5.60892590526777,-6.283193635786851,-6.283185087267858,49.04249029012312
709.0,-0.9601283866388294,0.012009029136833741,-1.291022172451708,-5.621214372942369,-6.283196935680996,-6.2831854114741095,48.885087094115256
710.0,-0.9542783115266003,0.011886277663277049,-1.2827983324725087,-5.621437089472299,-6.283198157062716,-6.283185644013598,48.72542940911521
711.0,-0.948122458466243,0.01196452151771513,-1.2726411341477493,-5.626792166170599,-6.283199360345798,-6.28318548256064,48.56380687968851
712.0,-0.9382863104566753,0.012158203148775363,-1.262582541841969,-5.623460888776423,-6.2831973111184345,-6.283185562580017,48.39747973805114
713.0,-0.9292583503704552,0.012604568984487434,-1.2599768608673352,-5.6210389151822895,-6.283195910321801,-6.283185365302581,48.225880378691436
714.0,-0.9231049683696277,0.012563174110910595,-1.2586156337456458,-5.621813796883543,-6.283199885887573,-6.2831853797328625,48.050690226483106
715.0,-0.9230553981054053,0.012061533075256906,-1.260058278926413,-5.624395120885449,-6.2831997950819485,-6.28257110907476,47.87529957272386
716.0,-0.9258647537141326,0.012062193803513066,-1.262587305690995,-5.631525907354197,-6.283196406852429,-6.2829438867855005,47.7017088233843
717.0,-0.9308012652092064,0.012356979242467888,-1.2695465353750055,-5.640315483393755,-6.28319310715297,-6.283085914877452,47.53082514971468
718.0,-0.9362807216567839,0.012218426307233896,-1.2744658236733533,-5.638672153290005,-6.283193512304718,-6.283144763716427,47.36254674274218
719.0,-0.9422004583494403,0.012073778609484397,-1.2757130477349214,-5.647162019630767,-6.2831975889406,-6.2831687522871515,47.198112480633185
720.0,-0.9500878045176896,0.012168319088460557,-1.2774187249524906,-5.659544274937312,-6.283201364120157,-6.283178651129604,47.03885454341676
721.0,-0.9551771053894439,0.012016990765699303,-1.2743106550000167,-5.66655132007828,-6.283198937136075,-6.283182815512706,46.88352463303113
722.0,-0.9529763924052166,0.011951693661426527,-1.2659440690637593,-5.668008936719175,-6.283198605753737,-6.2831845094549985,46.72820029053516
723.0,-0.9462222539917922,0.012299134149536208,-1.2607233187297961,-5.657509481310531,-6.2831985024452335,-6.283185043242528,46.56892572593131
724.0,-0.9354686192276962,0.012764259295434647,-1.2633738602144526,-5.642070181541408,-6.283192804790762,-6.283185124247779,46.40215333342263
725.0,-0.9281075951223426,0.012546980162003403,-1.2653279156124742,-5.633206620457064,-6.283194687123127,-6.283185269178697,46.23004199829393
726.0,-0.9289842325690958,0.008752246250580218,-1.2603724782954786,-5.630396800305622,-6.283195977837124,-6.2831853423925415,46.058563761910904
727.0,-0.9314472672442389,0.006627353190633512,-1.261925132720874,-5.625609100527716,-6.28319441568691,-6.28318538385336,45.88817035440192
728.0,-0.9385302172557254,0.007957496067200594,-1.2659635760624262,-5.626062252353444,-6.283194407181455,-6.283185419126792,45.72136181706477
729.0,-0.9456944661850861,0.009382886205412175,-1.2670433916897408,-5.6273245539581715,-6.2825339978565795,-6.283185488402361,45.55877313420344
730.0,-0.9547191093145846,0.01019631051545816,-1.263627018349673,-5.616726753318398,-6.282945362620225,-6.283185564412523,45.40101874928929
731.0,-0.9610212911210367,0.01114104440482347,-1.262693887533251,-5.607439447636867,-6.2830998208425575,-6.283185434954661,45.24645401600941
732.0,-0.959532694734526,0.011677989910582984,-1.262070664596865,-5.597816167160035,-6.283161734362404,-6.2831854110211385,45.09067073335299
733.0,-0.9518181929931678,0.011778479080029174,-1.2572934071952406,-5.582830544423853,-6.2831893271946235,-6.2831854202813595,44.930100949876476
734.0,-0.9405133569008985,0.0121506954752773,-1.2546857369457383,-5.576553638257924,-6.283196317014826,-6.283185302453612,44.76290220510481
735.0,-0.9334897237670039,0.012172969285996106,-1.251708485690319,-5.573593794904632,-6.2831979653436685,-6.283185364020491,44.5915083840633
736.0,-0.9274736003673859,0.012494337390754414,-1.2536347107586374,-5.572841440831894,-6.2831948074103074,-6.2831853351616935,44.41634402467436
737.0,-0.9285432901742016,0.012518946169966058,-1.2586520664624885,-5.577913879525026,-6.283194622589519,-6.283185338965071,44.24135950739389
738.0,-0.9308255154185205,0.012347673075695694,-1.2615530403881687,-5.582238476895877,-6.283195936839013,-6.283185497580625,44.067704824268866
739.0,-0.935536227346833,0.012363211006413648,-1.2654562453645246,-5.58906618528697,-6.283193226223026,-6.283185474129805,43.89674957754039
740.0,-0.9385114725979105,0.012331967225970526,-1.268650249343554,-5.591479387043671,-6.283196089859424,-6.283185568610849,43.727431603161826
741.0,-0.942091728712516,0.012042770445099292,-1.266275354382734,-5.590887229753529,-6.2831982080344,-6.283185627582173,43.56036959158534
742.0,-0.9423888351177793,0.01216166186205111,-1.2631558747321616,-5.594894666951123,-6.283197923753695,-6.282245063422987,43.39421090397084
743.0,-0.9365931578020738,0.012362433632918671,-1.2612316130203263,-5.605799789342759,-6.2831989413746925,-6.28281568722599,43.22576548103341
744.0,-0.9365593169968783,0.012027197621574533,-1.2539687937479773,-5.612070114001341,-6.283197773787767,-6.2830332508377165,43.05819235389449
745.0,-0.9362699788017265,0.012344452490238939,-1.2500784540621441,-5.605494901393485,-6.283195488713682,-6.283122980496734,42.890515337913165
746.0,-0.9335997707728172,0.012675942767461557,-1.2520345567733595,-5.591707237982154,-6.283192882434834,-6.28315968098008,42.720280860248785
747.0,-0.9314437743174261,0.012831798684977205,-1.2596183354304504,-5.582087529487132,-6.283192699415693,-6.283174760068846,42.547355847028825
748.0,-0.9350787337444751,0.012392567912555911,-1.2630917579723946,-5.58722352120693,-6.283193884725799,-6.283181034055572,42.376276395748086
749.0,-0.9441105356282701,0.012308413873522054,-1.2661954902502306,-5.596270905852345,-6.283197241534718,-6.2831836746777565,42.21057537734497
750.0,-0.9526865382659606,0.012289959879734929,-1.268344275477798,-5.611042284914462,-6.283197442329332,-6.283184830170965,42.05063830849588
751.0,-0.9531464862161756,0.01222021655591407,-1.266992184197322,-5.622694627664353,-6.283196883342659,-6.2831853207080375,41.892195191705646
752.0,-0.9467575713634687,0.012253109342972468,-1.2642660784099216,-5.623096047057142,-6.283195439305867,-6.283185568533058,41.73057276917658
753.0,-0.9359221879667063,0.012448786815238297,-1.2637375428443316,-5.6265059188967435,-6.283196149254432,-6.283185437391678,41.562976269636316
754.0,-0.9272917068727172,0.012301721623360842,-1.2614172039662561,-5.6286499954267555,-6.283197860158229,-6.283185516281567,41.39050835692214
755.0,-0.9214142291688787,0.012326414071222033,-1.259431657146601,-5.634086108906691,-6.283198099937753,-6.283185459375867,41.21496975474812
756.0,-0.9230197568309966,0.012521522146161172,-1.262504817355989,-5.646330078669125,-6.283200768881053,-6.283185448940652,41.04057447899203
757.0,-0.9307428405195687,0.012395471848382404,-1.265497960286787,-5.6527057813714725,-6.283201243271092,-6.283185562501688,40.870746437413494
758.0,-0.9424124139713977,0.012089925984671906,-1.2634068601852702,-5.649661434433427,-6.2831969876831195,-6.283185696933067,40.70780348509865
759.0,-0.9483533129944584,0.012099579157953696,-1.2577898901039923,-5.64718761538011,-6.283198496518512,-6.283185572156457,40.549034639451605
760.0,-0.9505963741003299,0.012309302595376857,-1.2534368137581589,-5.645648199757488,-6.283203088574366,-6.283185468199108,40.392016408945494
761.0,-0.9483217856854622,0.012261763230818228,-1.2464557700383945,-5.633917690495697,-6.283196363531132,-6.283185500768524,40.23373305207687
762.0,-0.9419062503874102,0.012406885901947278,-1.2398277558680202,-5.635247549086869,-6.2831984895283375,-6.283185320452819,40.07242929509
763.0,-0.9317225881015581,0.012569244544926366,-1.2352345733444126,-5.6246085883755725,-6.283197215932514,-6.283185419511505,39.904911441656616
764.0,-0.9268159875567215,0.012655808446585141,-1.2341163977925638,-5.618852540533949,-6.283198913504971,-6.2831853399923485,39.733948917111434
765.0,-0.9256904840437498,0.012589772795732045,-1.2333866889818867,-5.625295390803526,-6.283199999553076,-6.283185337164242,39.5626475877636
766.0,-0.9270521142198636,0.012462962130533462,-1.2314167344803995,-5.631412678617537,-6.283200041864763,-6.283185459449638,39.39263028781357
767.0,-0.9269176784825567,0.012603318707517982,-1.2316793243798692,-5.637435724661404,-6.283194968830183,-6.2831854615971405,39.22295628392454
768.0,-0.9318489800180996,0.012489296710592068,-1.2319533615796783,-5.634335549170037,-6.283197556628745,-6.283185591313807,39.05585684553178
769.0,-0.9351335518566729,0.012807905965846697,-1.238164372637108,-5.631884080412167,-6.283192553209763,-6.283185422831487,38.890180375190084
770.0,-0.9366611940582303,0.01273755519286261,-1.2454621265480859,-5.638258562195938,-6.2831916125584435,-6.28318540027331,38.725206245258015
771.0,-0.9353243526359637,0.012591558928658752,-1.2519496123976732,-5.6410844610719515,-6.283193618522494,-6.283185533458148,38.559118083945926
772.0,-0.9343286647031298,0.012400210148135573,-1.256470537249977,-5.644775823054303,-6.283195627031691,-6.283185541537666,38.39218419099003
773.0,-0.9391703776649519,0.012129646478962324,-1.2570294289573343,-5.650835355237794,-6.283194991606218,-6.283185561046936,38.228239928734034
774.0,-0.9455933111050808,0.012044669087455604,-1.2542911946246573,-5.645316559117384,-6.283198862535469,-6.283185659994152,38.068039935095356
775.0,-0.9486609963192287,0.012066751483005955,-1.2484380690681631,-5.640570384200375,-6.283199247832082,-6.283185552407079,37.910032825264786
776.0,-0.9449148634551839,0.012462782637501075,-1.246105987020005,-5.647072043116333,-6.283198001436075,-6.283185365528986,37.75065233630104
777.0,-0.9407792267509365,0.012783932787068445,-1.2507852423799952,-5.6443509252794986,-6.283192756025912,-6.283185454222308,37.5881989302376
778.0,-0.9325365525413503,0.01283405839832222,-1.2585691018989709,-5.638726020249943,-6.2831932311351375,-6.283185452783996,37.419887386697894
779.0,-0.9265737334640841,0.01274007890732601,-1.269037664041915,-5.630140292562301,-6.2831931378599775,-6.283185451700881,37.24627343822931
780.0,-0.9243139876085682,0.01231654991611627,-1.2747451497458249,-5.635753787660519,-6.283194226716903,-6.283185444595771,37.07085665383636
781.0,-0.926746224795762,0.012455705444201524,-1.2845987744461735,-5.644837763879578,-6.283192989987601,-6.283185437750179,36.896178490785026
782.0,-0.9316820123745119,0.012188512126281081,-1.2910154631808064,-5.657493682416188,-6.283193978132027,-6.283185593311111,36.72434124219141
783.0,-0.9408744295665277,0.011770882332134512,-1.289187081394724,-5.672986720584881,-6.283194539443334,-6.283185733255385,36.55896163345805
784.0,-0.9503318159549581,0.012093798502645412,-1.290449563449654,-5.67091589620126,-6.283193679216171,-6.283185697856701,36.398955245032454
785.0,-0.9575611316013055,0.01202281328585229,-1.2883192949784716,-5.670493881617799,-6.283197978554909,-6.283185585174344,36.243468581388214
786.0,-0.9603936983045935,0.012191935516811244,-1.28646039400668,-5.677309500592134,-6.283200319302752,-6.283185465992814,36.09046367628304
787.0,-0.9606128899207932,0.012273284383521559,-1.2852045406141037,-5.676559623175042,-6.282796887644808,-6.283185561715635,35.93781337945818
788.0,-0.9559594831693419,0.012315502331817637,-1.2837715843208501,-5.665192567615814,-6.283047267396158,-6.2831855116295,35.782053537237324
789.0,-0.9477477443519917,0.012288091565694145,-1.2810681534586603,-5.65358449316644,-6.283145331629116,-6.283185460966404,35.6211408291589
790.0,-0.9360787919739584,0.012506130848879653,-1.2817614046787906,-5.641975765630692,-6.283184745431468,-6.283185361368333,35.452643215907926
791.0,-0.9302798983488653,0.012327235826415728,-1.2814844142353579,-5.642415704595974,-6.28090695858283,-6.2831853052618145,35.2806247038393
792.0,-0.9326716000912647,0.012179684163286925,-1.279851294176359,-5.648148980406565,-6.282307904278639,-6.283185391487112,35.110231753794835
793.0,-0.9387636242890078,0.012196071054800809,-1.2781268918808093,-5.65156254545568,-6.28284167005473,-6.283185493577505,34.943765893494934
794.0,-0.9474487470480158,0.012354665017516211,-1.2791382786474672,-5.656481776370189,-6.283061049984066,-6.283185445055209,34.7825446739518
795.0,-0.9581587191744776,0.012126722647459412,-1.2760384187698182,-5.661035967720978,-6.2831514714613155,-6.283185547831949,34.62818337311845
796.0,-0.9671462994597394,0.012120242676696235,-1.270793436793149,-5.65549868784923,-6.283185516591431,-6.283185615616612,34.47937282372587
797.0,-0.9677644702466185,0.01208076738512793,-1.2610285875386902,-5.644424766248992,-6.283196813944879,-6.283185547730211,34.33155257775869
798.0,-0.9619450702879355,0.012117057759046205,-1.2482234461466974,-5.629770758617419,-6.2831992492244035,-6.28318544464069,34.18087529263844
799.0,-0.9568315460014724,0.012682188494908903,-1.2442744422297498,-5.621085191536824,-6.283197276418972,-6.2831852387521705,34.02695391698645
800.0,-0.9479694439162042,0.01259193168745242,-1.2389298259424941,-5.623975383645663,-6.283198358503071,-6.2831852650132864,33.868650161568134
801.0,-0.9373167720930647,0.012815543157038435,-1.2386702064386903,-5.619043358955965,-6.283192862596705,-6.283185408994128,33.70381398327385
802.0,-0.9240985337218575,0.01285752366383644,-1.2411574814855393,-5.619322079718983,-6.283193538918904,-6.283185341009609,33.53096414725903
803.0,-0.9134358435386841,0.012927496341725606,-1.2490679359643426,-5.608771194250576,-6.283192695326764,-6.283185398990528,33.35026851559228
804.0,-0.9116726281226115,0.01250303686753948,-1.2544097889924395,-5.602857976553492,-6.283191832884725,-6.283185443422417,33.16732046273779
805.0,-0.9173142144165378,0.01248992874381613,-1.2619343870509485,-5.603177758370817,-6.283191263775419,-6.2831853772226385,32.98682250982225
806.0,-0.9247747732422471,0.01242515363592654,-1.2694673347187173,-5.614380481882774,-6.283193247249185,-6.283185457644646,32.81063584528601
807.0,-0.9356727883474515,0.00966197640308982,-1.2778934937917379,-5.630100088683653,-6.283195214102514,-6.283185506300055,32.64085399084381
808.0,-0.9461639473847037,0.009524663545116826,-1.2793205101890364,-5.647192668186112,-6.283195850751663,-6.283185783634578,32.478178722442706
809.0,-0.9532692988114282,0.01047986310194611,-1.27949856592444,-5.655213506276391,-6.283200674006883,-6.283185722319178,32.32031501500905
810.0,-0.9533178981423834,0.011137947037553254,-1.278493169360091,-5.65112645896964,-6.283196594145053,-6.283185701138917,32.16258730094829
811.0,-0.9469200553154227,0.011725781841990541,-1.2797924933839653,-5.639895162377276,-6.283193819723885,-6.283185513922231,32.00043013653465
812.0,-0.9375421249608837,0.011647094768449944,-1.2746640449134392,-5.62416925988332,-6.283197563875864,-6.2831854987969225,31.832387595389005
813.0,-0.9331444096496873,0.012087550652348943,-1.2742493477550505,-5.626795917635926,-6.283200892620071,-6.283185260556455,31.661745718636265
814.0,-0.9332294113939251,0.011850207457335102,-1.2679535336203063,-5.630181026453455,-6.283198867744265,-6.283185471524062,31.49192303204103
815.0,-0.930143156569341,0.012343021562090297,-1.267185046781458,-5.623401370869901,-6.283192559167987,-6.283185460427855,31.320118165650815
816.0,-0.9319614086740007,0.012396580426457625,-1.2686623538815816,-5.624463041985444,-6.283196046429966,-6.283185351663997,31.149067789012374
817.0,-0.9334979902739156,0.012403614098761805,-1.2704190025559445,-5.627552734129799,-6.283195925305873,-6.283185423294131,30.978987858470916
818.0,-0.93524924258691,0.012329306963662036,-1.271420034998831,-5.627973442552285,-6.283199192412531,-6.283185512553676,30.80984120579408
819.0,-0.9420332976959008,0.012372164388431944,-1.2744362414759725,-5.63119166891398,-6.283198557018384,-6.283185446089632,30.644379860585623
820.0,-0.9497655995648498,0.012175975247292649,-1.2740746278133865,-5.62253628016711,-6.283195114227267,-6.2831855823439104,30.482923790126854
821.0,-0.9503231273104498,0.012344966263305817,-1.2741323415664032,-5.6277671945578716,-6.28319755133634,-6.283185404116736,30.322367844285182
822.0,-0.9455989062160483,0.012213630471677669,-1.2708398938682886,-5.624413688942022,-6.283195287086748,-6.283185590360423,30.159358081151886
823.0,-0.9362084787039731,0.01226404766370708,-1.2666570088407325,-5.613955486791717,-6.283195471177774,-6.283185510481227,29.990775029804553
824.0,-0.9256092244538322,0.012238950203581607,-1.2608240920540112,-5.606872882468131,-6.283198199977209,-6.283185445186402,29.816078340953776
825.0,-0.921492949963913,0.012489482797925023,-1.2604437639091524,-5.598587167499248,-6.283197328455791,-6.283185376492237,29.638222333390857
826.0,-0.9250627806211089,0.012600565124705464,-1.264737920627237,-5.5958748370282265,-6.283199038804847,-6.283185300885206,29.46163769726477
827.0,-0.9332884532338067,0.012697550591916943,-1.273837695103791,-5.60285321717062,-6.283192908184013,-6.28318530983591,29.289234907602502
828.0,-0.9450067912271166,0.012092017528352853,-1.2740044190601922,-5.616585179666056,-6.283193484831407,-6.2831856022172285,29.124416906861022
829.0,-0.9564809259176696,0.01196521364872253,-1.2696590977877247,-5.620518095986472,-6.283198107591653,-6.2831856975549645,28.967077976343145
830.0,-0.9598116107409517,0.01231014366286275,-1.267433921047907,-5.6315330374020025,-6.283199258306696,-6.283185526564449,28.812956594585717
831.0,-0.9553666407094912,0.012148237057563028,-1.2601570152850758,-5.635411356346553,-6.283198168083737,-6.283185647166188,28.65755063768608
832.0,-0.9519109701106228,0.012261426096931302,-1.2538196817901353,-5.631809541944213,-6.283199718278437,-6.283185596297991,28.500486920706912
833.0,-0.9474486271088546,0.012300072203279718,-1.2466176779029863,-5.629524451045799,-6.2832017903751245,-6.283185487370575,28.341407336545306
834.0,-0.9386341312567381,0.0124571044668822,-1.2404965744197816,-5.619247013830343,-6.28319601352514,-6.283185458366964,28.177180616747105
835.0,-0.9263700653703121,0.012633603068007291,-1.2370343255616378,-5.6053497543465785,-6.283197070242797,-6.28318536189916,28.005171132483287
836.0,-0.9225632868086079,0.012695908719772898,-1.2379778907814711,-5.58924892700503,-6.2831937800085145,-6.283185284399643,27.829473130242853
837.0,-0.9211369240086131,0.012678561632858647,-1.2405304577501017,-5.581056584702041,-6.283193373838164,-6.283185281803653,27.652164120819823
838.0,-0.9256205779763989,0.012784054087550028,-1.2484591925625672,-5.582812086135772,-6.283193367385774,-6.283185226922929,27.476687985741133
839.0,-0.9342743599684603,0.012534399885999843,-1.255100478407219,-5.58986654964377,-6.283193977164166,-6.283185404321986,27.306016788081266
840.0,-0.9448565226164777,0.012329285712602426,-1.2590876713725219,-5.60379949179646,-6.2831944757732625,-6.283185558329879,27.141990269498635
841.0,-0.9580381280249394,0.012305184116156893,-1.2631597839512867,-5.600822068242887,-6.283192129714055,-6.283185667690968,26.98491824877653
842.0,-0.9626621986368715,0.012246585490298736,-1.2635929806114108,-5.604410347740622,-6.283192490101423,-6.283185527899592,26.83098807507803
843.0,-0.95902311710805,0.012127834098356428,-1.259445377341958,-5.5946920547796,-6.283195960403971,-6.283185616484876,26.675004027474994
844.0,-0.9511097935252313,0.012310740232199902,-1.2560879339528395,-5.600823278072355,-6.283199656112956,-6.283185410817754,26.51530697988227
845.0,-0.9451931667643058,0.012125536058298879,-1.2489404629641083,-5.597621645387683,-6.283197796319788,-6.283185597493732,26.352593080891896
846.0,-0.9385279653450576,0.012223799132093432,-1.2410895780931592,-5.5967519401282155,-6.283200989341974,-6.283185469176122,26.18669111008459
847.0,-0.935649242100599,0.012264695665230592,-1.2331398502209159,-5.592407485454174,-6.2832019640546815,-6.283185493765421,26.01935440394759
848.0,-0.9296398605093011,0.012391206483255706,-1.225081931233822,-5.586506684183988,-6.283196389269382,-6.283185459646276,25.848874243107872
849.0,-0.9276592259435251,0.012733490095007908,-1.223968927858209,-5.57524953510943,-6.283194374812898,-6.28318534080655,25.67641987538146
850.0,-0.926517934851254,0.01279900460542516,-1.225792458436057,-5.574437896662946,-6.283195249058505,-6.283185262269447,25.503084888669605
851.0,-0.9310686632396968,0.012778948838893715,-1.230897486074954,-5.576429022547407,-6.283193394149728,-6.283185344844344,25.331960704278732
852.0,-0.9382727291611266,0.012850585961690822,-1.2404968551324724,-5.574463146686104,-6.283190885528315,-6.283185436450513,25.164104568445126
853.0,-0.9455656363162114,0.012396459173415695,-1.244218676681519,-5.582566631176085,-6.283193083872689,-6.2831855097632,25.000681477292233
854.0,-0.9499057703367604,0.012382021989824495,-1.2470275378312894,-5.589211411872752,-6.283195220573558,-6.283185542907981,24.84007177276139
855.0,-0.9470339000761445,0.012106767896639755,-1.2427670505735773,-5.585772184577837,-6.283192166368856,-6.283185716712751,24.678218689414443
856.0,-0.9402216706451318,0.012380363463552995,-1.2410221410938134,-5.575664983870992,-6.283193182783872,-6.28318551623679,24.511990759238078
857.0,-0.9335795149723303,0.012432281531715944,-1.2400296952846241,-5.564883331198701,-6.283192887873139,-6.283185444161578,24.34122561659586
858.0,-0.930588061503,0.012471823508455434,-1.240607650272501,-5.557056246710833,-6.283193358907779,-6.28318538563915,24.168008532738074
859.0,-0.9319855477567957,0.012313788445429434,-1.2391256935505701,-5.557125096636392,-6.283197875125628,-6.283185369985927,23.995594765078415
860.0,-0.9381038223490189,0.012210694604276715,-1.2355372148373538,-5.555363169123631,-6.283197072434881,-6.283185487842542,23.82682555367968
861.0,-0.9440684114821314,0.012528433081810644,-1.2363610198029715,-5.554974730061044,-6.283196586369142,-6.283185396255173,23.661462023412334
862.0,-0.9458733130744773,0.012699082373112291,-1.2404182616674768,-5.564008242820367,-6.283194601383709,-6.283185380366308,23.49750411427192
863.0,-0.9425061918783544,0.012586898023661976,-1.2434770143368574,-5.5679030922097486,-6.283194948835545,-6.283185533159396,23.33174241206038
864.0,-0.9346634530835156,0.012596217669551999,-1.2473519755215707,-5.57045850139183,-6.283194039282366,-6.283185518728997,23.161340785910117
865.0,-0.9327400937525375,0.012507307167409507,-1.2526373811458251,-5.571431829568928,-6.283197124060773,-6.2829268293574305,22.989119922868916
866.0,-0.937913330777189,0.012381894114954356,-1.257775806692424,-5.582931226093826,-6.283196885687348,-6.283083789919997,22.819930508289595
867.0,-0.9471258043458959,0.012216018080228748,-1.2606746962522084,-5.581581242144772,-6.2831952439530125,-6.283143767978226,22.655627636798858
868.0,-0.9573712559954638,0.012244220399956655,-1.2632531056574154,-5.583056617174949,-6.283197836134025,-6.2831683101291445,22.497007330971748
869.0,-0.964354021588238,0.012076510950769547,-1.2606648367017008,-5.594735790540284,-6.28319370778155,-6.28317850089065,22.34354626776999
870.0,-0.9638958106558261,0.012191776295956688,-1.2565545835285583,-5.609908648225343,-6.283193920525095,-6.283182691161235,22.191566963818662
871.0,-0.9598153341481875,0.012487114253010159,-1.2567462614625557,-5.605764390636341,-6.283193727509886,-6.283184415436034,22.037082011997782
872.0,-0.9510887459484411,0.012681110084854532,-1.2608784646477413,-5.595556341004956,-6.283193124832039,-6.283184993790491,21.87660365235493
873.0,-0.938708563678253,0.012697155779125065,-1.267155458586759,-5.587734679828061,-6.283191844759731,-6.283185216835363,21.70782383885895
874.0,-0.9341306022858403,0.012082218248376426,-1.2654735947593183,-5.5838845511999375,-6.283195304157925,-6.283185428574591,21.535943062560566
875.0,-0.9378302823437857,0.012198594362953672,-1.2658121780121623,-5.5775998053021025,-6.283198248123912,-6.283185443361007,21.365551824057896
876.0,-0.9468944170018571,0.01205961103228579,-1.262995229573923,-5.581506285861888,-6.283197240121294,-6.283185395808756,21.200811175666857
877.0,-0.9525288962873927,0.01219017458207295,-1.2595199814422944,-5.587115792593326,-6.283197353000937,-6.283185448580446,21.04023705771551
878.0,-0.9516620577042373,0.012505700696379348,-1.26002917041748,-5.578243992940045,-6.283194865403915,-6.283185484448453,20.878750654548117
879.0,-0.9471791298746607,0.012590290068329818,-1.2628361445083582,-5.570129955268664,-6.283192859314346,-6.283185433757984,20.71391110083754
880.0,-0.9396164634154603,0.012516356349578706,-1.2654965942192626,-5.557236963517539,-6.283193147667405,-6.283185417376815,20.543642140366494
881.0,-0.9343088814927926,0.01214795423799481,-1.2624702974720912,-5.551906968720335,-6.283195582494574,-6.283185434756374,20.370127345216687
882.0,-0.9361217916667025,0.012172378784352698,-1.2598791973201129,-5.547648130552303,-6.283198712573077,-6.283185428439278,20.19742366425035
883.0,-0.9434086095187839,0.011556222110388764,-1.2552365763383373,-5.547321896384974,-6.283196571917296,-6.283185418569012,20.029260166666692
884.0,-0.9509863123143657,0.01165262406292382,-1.249203708057927,-5.554216817553196,-6.283195734823287,-6.283185434395872,19.86654868053913
885.0,-0.9552086814671157,0.012244302416623104,-1.2489807966328348,-5.554924120036023,-6.283193567961759,-6.283185455329271,19.70645651776457
886.0,-0.9553282279338938,0.012380596762193432,-1.2497470794653118,-5.551785524913675,-6.283193215933013,-6.283185492120558,19.546260998011782
887.0,-0.9532443856165789,0.012373155686634189,-1.2500741453074027,-5.542186656795642,-6.28319343481065,-6.283185493460424,19.384244209435348
888.0,-0.9505586697419597,0.012625660801548174,-1.2554103866598396,-5.549385740253787,-6.283195216024906,-6.283185323776476,19.220619640711327
889.0,-0.9471631454917415,0.012733409501747037,-1.2652416661928192,-5.551277859325452,-6.28319199694158,-6.283185441863206,19.054167276823893
890.0,-0.9455111222274688,0.012358101920482497,-1.2712999076021674,-5.552606640124097,-6.283193112763969,-6.283185547318058,18.88607934536675
891.0,-0.945926609929839,0.011960798851343421,-1.2700540161918954,-5.557911313621043,-6.283197314432472,-6.283185577814064,18.71863861371334
892.0,-0.9493585819807786,0.011917242899368168,-1.2656986954524898,-5.571007678049692,-6.283195652417251,-6.28318559779787,18.55444418266816
893.0,-0.947642405919476,0.012126551046685816,-1.2610072635734484,-5.587537933709053,-6.283194647754829,-6.2831856052770005,18.39111333893724
894.0,-0.9419932250133437,0.012184434409364214,-1.255092959034006,-5.592980199742727,-6.2831993155050005,-6.283185665850487,18.22561046167495
895.0,-0.932762605712185,0.012562282703533571,-1.2545841042342247,-5.592455661171615,-6.283195978013559,-6.283185537121296,18.054845898357858
896.0,-0.9273147128299357,0.012499306404316221,-1.255188968525908,-5.584685572003754,-6.283193636868091,-6.28318552641434,17.880154213277855
897.0,-0.92961039614693,0.012489939546270777,-1.2580746597490653,-5.5837285002183625,-6.283196660215628,-6.283185386541214,17.706204635681996
898.0,-0.9377984686741254,0.012384386612872509,-1.260752789755905,-5.590622510831555,-6.28319766709868,-6.283185416541845,17.53705801735171
899.0,-0.944501247653861,0.012352961862416663,-1.2624053635275483,-5.602930147544099,-6.283199171679903,-6.283185515938561,17.37254572619582
900.0,-0.9510424555953616,0.012017795223545345,-1.2574129857024137,-5.602300029612393,-6.283195703556636,-6.283185732152643,17.212329052599454
901.0,-0.9515408660559163,0.012422068865062438,-1.2565778837143466,-5.593783493579951,-6.283193576242341,-6.2831855262383,17.052168064723574
902.0,-0.9453251829839394,0.01222764902854621,-1.2507132030757346,-5.583994038733884,-6.283195268541411,-6.2831855333848186,16.888522189159534
903.0,-0.9357744239839624,0.012347948210545415,-1.245165310463165,-5.572828443764762,-6.283194683866248,-6.283185428911848,16.719182758512463
904.0,-0.932388727964363,0.01270972242046099,-1.247624112903104,-5.577055319063092,-6.283193865612851,-6.283185218122114,16.547627964806622
905.0,-0.9342155138571896,0.012453456948178872,-1.247996252928956,-5.589864095213765,-6.283193925327376,-6.283185443232671,16.37778218575502
906.0,-0.9401028604935323,0.012497010779541006,-1.2505059076985028,-5.596285832493587,-6.283197119593425,-6.283185522680563,16.211485752724784
907.0,-0.9408897367105272,0.012617975241821233,-1.2549957478929266,-5.608074961006353,-6.283196480081498,-6.283185508796704,16.046187641303312
908.0,-0.9376173664784051,0.012291387369088965,-1.254147137370824,-5.613977334635093,-6.28319614070391,-6.283185651567207,15.87953484818456
909.0,-0.9339638197626366,0.01223185691468533,-1.2515861047432426,-5.606556967267471,-6.283194795081168,-6.283185647627862,15.710515147130781
910.0,-0.9289882025958867,0.01251674668408881,-1.2532306766625012,-5.598629800352283,-6.28319279285454,-6.283185475558805,15.537936954383488
911.0,-0.9305509266842891,0.012364593595110275,-1.2542829811332006,-5.594881824531585,-6.2831953698574035,-6.283185426996364,15.365670674258512
912.0,-0.9359012417522574,0.012422254406434012,-1.2569107485335147,-5.597294353645311,-6.2831940853572465,-6.283185374784088,15.196362130793242
913.0,-0.9404814691148987,0.012290026847335284,-1.256999754305013,-5.599268468284412,-6.283196097824816,-6.283185497729938,15.029905247310305
914.0,-0.9421374515580048,0.012558472368864215,-1.2614171062366395,-5.601134603482931,-6.2831944985940416,-6.28318543946532,14.864191933114567
915.0,-0.9456894244055014,0.01225371286790066,-1.2616632263963645,-5.610477554404055,-6.2831964616478855,-6.283185520586949,14.70102182174056
916.0,-0.9433189383568958,0.012442397354632139,-1.2634671047311317,-5.6231177810588715,-6.283197849552215,-6.28318552397598,14.53734745561482
917.0,-0.9456430244885203,0.012289237110705923,-1.2644412369503202,-5.624846981989114,-6.283197897057009,-6.28318565215953,14.374840980122594
918.0,-0.9484131222574236,0.0122312811429527,-1.2638340867218034,-5.615630575423525,-6.283194931199347,-6.283185602851296,14.213462662244778
919.0,-0.9448134127526964,0.012338113945209879,-1.2628467698715222,-5.616132188968429,-6.282861149878817,-6.283185414906023,14.050343702077805
920.0,-0.9367195504152375,0.012406295152469632,-1.2621945002298318,-5.61785740095828,-6.279525923813744,-6.283185452790831,13.882971888856721
921.0,-0.9357292321109009,0.01242007566800192,-1.2639575012168043,-5.618197097543275,-6.281760133597588,-6.283185456125713,13.71443766126949
922.0,-0.9360017807341559,0.012442586534749228,-1.2667277742571457,-5.619926122764239,-6.282615037112977,-6.283185453092664,13.545835705391175
923.0,-0.9395747331420742,0.012120984424720371,-1.2708999728199848,-5.626178171929311,-6.282968999772692,-6.283185424065835,13.379134923023338
924.0,-0.9480684178180164,0.01184005117135275,-1.2707326180729577,-5.6264106792253665,-6.283114321211189,-6.283185622544524,13.217279519642648
925.0,-0.9513397338308811,0.01189210120537458,-1.2666950363352756,-5.617469969458672,-6.283168154070371,-6.283185605812051,13.057419981159091
926.0,-0.948020985433707,0.012208589211811872,-1.2642712407890058,-5.611832637843595,-6.283191123999194,-6.283185441624184,12.895707022150566
927.0,-0.9441085933774639,0.012422097152783343,-1.2652157719788346,-5.602144002619133,-6.283191903391742,-6.283185409781794,12.730960217139938
928.0,-0.9359582918505834,0.012417578305594246,-1.2656444151753283,-5.589770804996066,-6.283193229578789,-6.2831854059803005,12.560744433537659
929.0,-0.9281405855878474,0.012086033854770471,-1.2598749033450574,-5.5806064248474545,-6.283196656064947,-6.283185468441094,12.385872168201017
930.0,-0.928321284010056,0.012498829980191263,-1.2619855661271229,-5.584090719673846,-6.28319250409134,-6.283185233064673,12.210824509028187
931.0,-0.9326543608281453,0.012167435163875903,-1.258999376709181,-5.590175678629621,-6.283198499270702,-6.283185449845922,12.038919268720598
932.0,-0.937940479655753,0.012391817479559291,-1.2590989912364452,-5.598284481938963,-6.28319470724486,-6.283185433628485,11.870638464498024
933.0,-0.9454574885065895,0.012510208788861348,-1.2624565622529975,-5.597813660145055,-6.283192329579046,-6.283185539974515,11.706317988428557
934.0,-0.9531453011647322,0.011783687412220207,-1.2622067444898362,-5.597619758672919,-6.28319609940317,-6.283185537015197,11.546481384775324
935.0,-0.9566640158562963,0.011794754768026484,-1.2597513807658982,-5.597308151350557,-6.283198716871556,-6.283185541461595,11.38906217824961
936.0,-0.9533672089510611,0.011946874750629692,-1.2548508172245298,-5.5869740413761955,-6.283194512521666,-6.283185544662105,11.229785881321684
937.0,-0.9458161939985392,0.012221074370260192,-1.2513743336732879,-5.575922031611462,-6.283194580750833,-6.283185434485641,11.065858182015768
938.0,-0.9361767090371296,0.012157224301100738,-1.2446175919578628,-5.5721399199802075,-6.283197348476954,-6.283185389982911,10.89674264885792
939.0,-0.9291783161413554,0.012397186055390466,-1.2411955302038726,-5.567248932708003,-6.283198877426382,-6.283185390264149,10.723408543584052
940.0,-0.9254455271727362,0.012386014845551298,-1.2377636712490403,-5.566658417840344,-6.283199663525244,-6.283185377413251,10.548025335350047
941.0,-0.9281102021329691,0.0124675388098556,-1.2368019744584795,-5.568543272372182,-6.283201248532312,-6.283185382562507,10.374204929416297
942.0,-0.9337639261139437,0.012414629722172827,-1.2352126241793087,-5.580391293981841,-6.2831990444872865,-6.283185458248353,10.204533608701711
943.0,-0.9424153731228896,0.012429374238298997,-1.234245922058828,-5.583880061808101,-6.283201415965191,-6.283185561829679,10.040188094577708
944.0,-0.9517884142128321,0.01272103174973633,-1.2388808588010642,-5.594473005286236,-6.283198327594856,-6.283185441468357,9.881590745915068
945.0,-0.9535691589318831,0.012583110911535172,-1.2413184335250527,-5.600645996404692,-6.28319524883697,-6.283185569818113,9.724514090808942
946.0,-0.9497105223063382,0.012694787032533201,-1.2465800937647948,-5.592946080594728,-6.28319234159213,-6.2831855684162425,9.564373852230073
947.0,-0.9441135762014636,0.012796148165806223,-1.2559373297872896,-5.599206188181775,-6.283191397079325,-6.283185388992313,9.400473453259488
948.0,-0.9345769572412803,0.012803344464416375,-1.2684449693583089,-5.594186316592437,-6.2831913989012484,-6.283185528460956,9.22950761227567
949.0,-0.9324596568585143,0.012238719932651106,-1.27537654276664,-5.589029112216611,-6.28319555918103,-6.283185588099532,9.055835896925249
950.0,-0.9354639516902374,0.012155217206376941,-1.2812196838613952,-5.590396369193827,-6.279958117623186,-6.2831854759792325,8.883379044700874
951.0,-0.9414662441421195,0.011946557025125362,-1.2823518082222,-5.6020087273063695,-6.281930468339404,-6.28318555416012,8.714793090179493
952.0,-0.9486389077855243,0.012023175307428803,-1.2828214483248979,-5.608591079403716,-6.2826844091916,-6.283185588021175,8.550684437869181
953.0,-0.9576140933434297,0.012036395141613658,-1.2819413469681027,-5.615754478460012,-6.282995777095355,-6.283185556376911,8.392250318090568
954.0,-0.961233728834608,0.011901350483700885,-1.2751263221948144,-5.609883582941661,-6.28311936520164,-6.283185688629099,8.236528795937112
955.0,-0.9575197654225573,0.012337076229300003,-1.2725155094138856,-5.60184348978131,-6.2831695579528635,-6.283185488117797,8.078684944108351
956.0,-0.9519733709873979,0.012360839383073434,-1.2701962049231108,-5.593291084462247,-6.283193233786263,-6.283185450610556,7.91735653157628
957.0,-0.9447766800001599,0.012269166249392829,-1.2656919757682403,-5.58271527145597,-6.283194397618202,-6.280754350623506,7.751721398337384
958.0,-0.9400651837748385,0.012393998082654003,-1.2635483193463997,-5.579438085042402,-6.283199460642748,-6.282229376589169,7.583257095028425
959.0,-0.9349370802147653,0.012681943888728488,-1.2674366471130072,-5.577901073283434,-6.283193046805815,-6.282791443700807,7.411332220883378
960.0,-0.935801374163216,0.0124007848248492,-1.2697960925792369,-5.574619461558827,-6.283194529516528,-6.283023687564346,7.23919368478445
961.0,-0.9425247757299737,0.012193954055585564,-1.2694801615921354,-5.5806681174371064,-6.283195386448809,-6.2831189788301,7.0712049393165355
962.0,-0.9535515619600338,0.012246621507710892,-1.270075266319167,-5.578979240506549,-6.283193146140875,-6.283158248618203,6.909286322164888
963.0,-0.964303813710296,0.012055586085620972,-1.265625033000125,-5.587268695493622,-6.283194899569475,-6.278057137449633,6.7545729892837105
964.0,-0.9691080618688425,0.012279617413212806,-1.2621852654345829,-5.587117015566328,-6.283194099081248,-6.281168804355358,6.603186419325193
965.0,-0.9684051858696692,0.012161537515908488,-1.254700527616186,-5.575981540976717,-6.283198098847178,-6.282354611920637,6.451597030753138
966.0,-0.9627674453659205,0.012260432634964263,-1.2461989833833629,-5.573595755079837,-6.283199863177492,-6.282844098753013,6.297650726987964
967.0,-0.9544928397098474,0.012436458872516725,-1.2393764607368507,-5.566301323468025,-6.283197054457819,-6.283045229642331,6.139211018040118
968.0,-0.9449669782348704,0.012435107777129814,-1.2320090141036146,-5.552271784141566,-6.283195225036186,-6.283127795803892,5.975041382792301
969.0,-0.938859809001618,0.012397512381930965,-1.2240795065415362,-5.546996268108306,-6.283197414099024,-6.283161666182936,5.807479533866423
970.0,-0.9337335464557253,0.012863893377123048,-1.2247549990210738,-5.536626636544507,-6.283191694890862,-6.281948441418234,5.636204085286602
971.0,-0.9342895873247831,0.012908042794061294,-1.2305211317971811,-5.533682550949996,-6.283192482005727,-6.28269873136364,5.464371830715449
972.0,-0.9410753337500185,0.012792745894053499,-1.238767310358054,-5.536667727457877,-6.283191078624905,-6.2829848655769025,5.295770981230028
973.0,-0.9492623564477424,0.01253205971686444,-1.2449109605141817,-5.539960596929984,-6.283192691859407,-6.283103147175987,5.1315145506072035
974.0,-0.9599915175778466,0.012304639677999085,-1.248087155353086,-5.547417616430081,-6.283195998395876,-6.283151696135662,4.973459129968131
975.0,-0.9641976970357344,0.012432173365686104,-1.2517386664389858,-5.558130379575527,-6.283193489428415,-6.283171636075854,4.818401290278
976.0,-0.9606562297404808,0.012335438903294802,-1.2526178373523957,-5.556969527171462,-6.283191927100911,-6.283179977094205,4.66141535401915
977.0,-0.9516241982447352,0.012087769845929342,-1.2470632624575302,-5.55451723525934,-6.283194698659673,-6.283183290422989,4.4998270151999895
978.0,-0.942489660492741,0.012378009782296978,-1.245104970331193,-5.543291985078828,-6.283196369631434,-6.28318451560029,4.332416130505749
979.0,-0.9339823109686685,0.012304461171217362,-1.2412992126012778,-5.545296276258798,-6.283197522506955,-6.2831849661847485,4.160506710029816
980.0,-0.9273612914575533,0.012682293031673697,-1.244629425009888,-5.551691023265613,-6.283193604694757,-6.283185151468813,3.984766297841373
981.0,-0.9282756863731758,0.012485043651722077,-1.2479611055310131,-5.544869975934842,-6.283191568116611,-6.283185464634915,3.8085718733017653
982.0,-0.933733932277302,0.012454579266116496,-1.2521536421492927,-5.553201717333087,-6.283195348610831,-6.2831853973332805,3.6355593402579127
983.0,-0.9435264446667881,0.012238933507639984,-1.2533857284647967,-5.5651658566896955,-6.28188727603689,-6.283185535111959,3.4688484452025836
984.0,-0.9497836547656904,0.012325724067093148,-1.254516374217949,-5.568927305785077,-6.282683475596537,-6.281916463117601,3.3060213120824598
985.0,-0.950980316282576,0.012245520456919045,-1.2527919823219105,-5.565782988486841,-6.282990527631066,-6.282686592729101,3.143978465289268
986.0,-0.9476862968209945,0.012281103315084184,-1.2497429744789021,-5.572648218128505,-6.283118243036303,-6.282979857854299,2.9809082069658945
987.0,-0.9393783162795435,0.012643379221497402,-1.2521497901460679,-5.580170753946627,-6.283168608709222,-6.283100960220922,2.813438131204367
988.0,-0.9307243540167484,0.012385880915108498,-1.2513805372091464,-5.583550856766387,-6.283193149352421,-6.283150877507777,2.641161171541712
989.0,-0.9257689027252556,0.012353524440949728,-1.250834205959106,-5.5771531980196745,-6.283194517900132,-6.283171331792476,2.4654909451487734
990.0,-0.9282088051378621,0.012260173829451099,-1.2494696241790968,-5.583448497129871,-6.283195889244578,-6.2831795877404595,2.2915186378093217
991.0,-0.933506690403589,0.012285999983681585,-1.2478833452837264,-5.591254693206586,-6.283197429651816,-6.283183063755829,2.1212793458414323
992.0,-0.9384584152579919,0.012520365545037172,-1.2498850317876002,-5.605477796527657,-6.283195932641392,-6.283184507544163,1.9547090030502292
993.0,-0.9419231994018293,0.009006786982821714,-1.2541394145981488,-5.605863658573799,-6.283191888920006,-6.283185149099353,1.7900178037215173
994.0,-0.9395768277612934,0.009117499183081518,-1.2551970755293087,-5.605689192787145,-6.283195999955481,-6.283185485543791,1.6240081677423976
995.0,-0.9366158174054983,0.01035967507701574,-1.258103777531008,-5.607990822059503,-6.283193061632457,-6.283185421930324,1.45604097016473
996.0,-0.9392987749240639,0.01083920071434296,-1.2576094711318948,-5.602155696712097,-6.28319317226308,-6.283185581070494,1.2890996356336217
997.0,-0.9460285011051615,0.011255402102136578,-1.2547988831315373,-5.6079541241494955,-6.283196341073559,-6.283185445733727,1.1266235493924541
998.0,-0.9464663070383913,0.01151151071106445,-1.247240182544231,-5.611072388641873,-6.283196598442312,-6.283185555519678,0.9656028932786407
999.0,-0.9441118325935868,0.009693203656952372,-1.240733020961268,-5.611650698114853,-6.280739531615448,-6.283185469071215,0.9656028932786407
