time,shoulder link,upper arm link,forearm link,wrist1 link,wrist2 link,wrist3 link,total_reward
0.0,-5.1228447886958876e-05,6.072816631780643e-05,-1.2570315538227398e-05,-7.377813880031135e-06,8.073633005021929e-07,-4.8834685795085114e-08,-0.9111607981031667
1.0,-0.004963883387791752,0.004579890832547786,-0.005035234697520586,-0.011099589919589875,0.006398106973173922,-0.008678775384669551,-1.8210405444609385
2.0,-0.013213378517927383,0.008751846785048154,-0.014214522745908566,-0.026777404586770127,0.0035891539619284205,-0.015109279646281906,-2.726815357354714
3.0,-0.024800151676243158,0.011363813914652595,-0.026678167602515648,-0.04434985642926868,-0.008584471259752972,-0.014992466276432928,-3.6252033434762976
4.0,-0.039099302914524396,0.012661030621358607,-0.03855460851214921,-0.061796607220628026,-0.02318025791438187,-0.003881046136444815,-4.514017445336153
5.0,-0.05474940719114212,0.013352074423838352,-0.04862717348022625,-0.08008106746354018,-0.03500590985285603,0.011798610810452533,-5.392520410112975
6.0,-0.07039131261564603,0.014135092747998772,-0.06107607902234349,-0.0987144688405348,-0.05089331401762498,0.019312500315624904,-6.260173313264258
7.0,-0.08677903246853283,0.014625322019446822,-0.07566772927306274,-0.11749389289909618,-0.06854989346669169,0.03170210924933353,-7.115979946970759
8.0,-0.10408501629682589,0.014595698133937919,-0.08869791387625499,-0.13094570376454495,-0.08693614089574134,0.0478796787319364,-7.959179340888591
9.0,-0.1219770888536794,0.014865502527297663,-0.10340525305855462,-0.14747988153621028,-0.09519797126826615,0.06565351704355885,-8.789541716157704
10.0,-0.1390871554521631,0.014815681695688372,-0.11717530395166076,-0.16415825035071546,-0.09349166242410696,0.08408786951233944,-9.607665844524387
11.0,-0.15485759284688289,0.014992848526833604,-0.13255923612610512,-0.18210374755776043,-0.10387716476725793,0.09869348655116279,-10.413791601973227
12.0,-0.16679119155913705,0.015069214142186623,-0.14911045226960756,-0.1990010474975909,-0.11926024747257263,0.11289524108822035,-11.209612274490013
13.0,-0.1792177295091413,0.01506447147168877,-0.16643738367503086,-0.2092629077849403,-0.13475418402803577,0.12980240789375294,-11.994670579588398
14.0,-0.19382482510237609,0.01507251506119697,-0.1842580783537958,-0.22450382718757175,-0.1522148131120028,0.14241028797477778,-12.767545697773702
15.0,-0.2096432105448984,0.014692565819788912,-0.19844651373388542,-0.23984625682454766,-0.17051847336683426,0.15861560305025438,-13.527872860113208
16.0,-0.22645279503260152,0.014811700840137117,-0.21315858719988726,-0.2564799986315026,-0.18917446536326316,0.1762032057537244,-14.275153362870915
17.0,-0.2414108461333306,0.014805408182118424,-0.22719498140950262,-0.27443651053307905,-0.20747464982720631,0.18392146624784952,-15.010423884959915
18.0,-0.2546697074796129,0.01498557206622558,-0.24276953074452964,-0.29292451185824536,-0.22612038357100955,0.1981806172900391,-15.73451169917689
19.0,-0.26905307281753443,0.015065526563701295,-0.2594471512410266,-0.3111937817560721,-0.23896381251573168,0.21516165627145253,-16.446627993569372
20.0,-0.28505326115699664,0.01498297538362738,-0.2757869841012055,-0.3298202335551464,-0.24503442025788905,0.23326835961499862,-17.145816262356373
21.0,-0.30215130418209724,0.015018189372833104,-0.2929099987216978,-0.3485971652474671,-0.25861531700358453,0.24895767413833933,-17.831075172603573
22.0,-0.31387067017948705,0.01503755112319857,-0.31059642887058736,-0.36729132308225465,-0.26391381003541525,0.25614229513987224,-18.505361291074063
23.0,-0.32561557047021394,0.014972503635996233,-0.3287194401007868,-0.3788711846417582,-0.2771973192678449,0.2664715700210776,-19.16862146868959
24.0,-0.3398153801953164,0.014928542986816751,-0.34709099521784914,-0.3877567559049538,-0.2937793059081129,0.2766122503647946,-19.819159037034762
25.0,-0.35431052130344437,0.014823916153578257,-0.36439303122860095,-0.4024314858585004,-0.3110780578190988,0.2914650132677154,-20.4568679930022
26.0,-0.3698311048281907,0.014688322508505281,-0.38008693427195944,-0.41958518546845325,-0.3293054284818618,0.30707048370892753,-21.081450685795303
27.0,-0.38658347142623734,0.014825315988792288,-0.3967397801729384,-0.43774028441676444,-0.3359687456459665,0.3150900230531261,-21.69218773051058
28.0,-0.40414915954867914,0.01488984284297531,-0.41412473109766185,-0.45633134577348256,-0.3444956237176065,0.32945421246416945,-22.288284536489524
29.0,-0.41992215263638777,0.014904088038516809,-0.4320044490617193,-0.4751038369066684,-0.35902055916125986,0.3339688573959893,-22.87047390734234
30.0,-0.4306589603449939,0.014655565033962873,-0.44747863668682025,-0.4939665345284674,-0.37059459895424,0.34694856103125804,-23.442146534518532
31.0,-0.4403732822668271,0.014492429407488593,-0.4608572976501252,-0.5128290368013378,-0.38637312847225574,0.363401882694343,-24.004566156219187
32.0,-0.45258272698565877,0.014262462106623344,-0.47073784550741543,-0.5317134411331997,-0.4039824820605433,0.3795957272001239,-24.556919018119327
33.0,-0.46724210516508013,0.014293578372081207,-0.47908449355223665,-0.5505890403546745,-0.4223511639664,0.3973481085036833,-25.098081632830244
34.0,-0.4835267354766607,0.014712899679401065,-0.49075868683902374,-0.5638427422475668,-0.4410345917095417,0.4157730211705572,-25.626497822659346
35.0,-0.4955154659455367,0.014885416891881244,-0.5035575421992341,-0.58032273714375,-0.45044629839572026,0.43447666874756546,-26.14427771302404
36.0,-0.5078333560156959,0.014746593135453718,-0.5154410136258145,-0.5982256225128998,-0.4630141018026039,0.4532953720035775,-26.65148808034398
37.0,-0.5202522384132621,0.014428350992211176,-0.5241851247935932,-0.6128743133885197,-0.4792580265493553,0.4721617744144659,-27.148518064131924
38.0,-0.534188432488075,0.014609142811857446,-0.5341236202108322,-0.6273713479571636,-0.4970624736980963,0.480072836973795,-27.634498836220388
39.0,-0.5483213208510564,0.014529655478758789,-0.5424975058485271,-0.6444239786394016,-0.5133968415924308,0.49441629453355623,-28.10942715980417
40.0,-0.5611414439656206,0.014283952495192442,-0.5476438337659426,-0.657334830807728,-0.5265484832991816,0.5093881901046771,-28.574812646905247
41.0,-0.5751739425847835,0.014330423550102762,-0.551685404355501,-0.6706029176434901,-0.5320507658735019,0.5266294413198109,-29.030570941256382
42.0,-0.5909407756130004,0.014316849729888788,-0.5540084478029589,-0.6848242519252522,-0.5454100945846241,0.5410113880289699,-29.47597843744223
43.0,-0.6060024476767268,0.0139009866442013,-0.549475034763346,-0.7017827167690643,-0.556837594437003,0.5531472982150617,-29.912885592005846
44.0,-0.6190949711110083,0.014313916475164574,-0.5460277753051967,-0.719828895380379,-0.5725663570542329,0.5691668158914764,-30.34274147330048
45.0,-0.6325630473346777,0.014069685584001623,-0.5376968733932715,-0.7375842236506487,-0.5859487908164608,0.5796289050505683,-30.766475142855736
46.0,-0.644980834081831,0.014466270835960315,-0.5307081197385357,-0.7559558438128918,-0.6025027458499727,0.5932353891449794,-31.184796130465635
47.0,-0.6586558890841867,0.0148966550469316,-0.5274318426940787,-0.7687507814254161,-0.6137870130626549,0.6099154108040462,-31.59645949492559
48.0,-0.6695430057524848,0.014511200917228765,-0.5192491653408088,-0.7850820782706047,-0.6229388260384701,0.6135122495633362,-32.00374253231337
49.0,-0.6809642440663985,0.014612160018508253,-0.5108039883676235,-0.8028867292538734,-0.6302854596462457,0.6261473731508151,-32.40710342995922
50.0,-0.6948233416623665,0.014895020518667198,-0.5046987062073388,-0.8179827884490708,-0.6401791023738326,0.6424592312049333,-32.80495794060438
51.0,-0.7105299993672086,0.01452590321626641,-0.496546848773603,-0.83359845970389,-0.6552856256008477,0.6602893416204703,-33.196773213898176
52.0,-0.7260935267355814,0.014989473724078902,-0.4927361155352071,-0.8510781339142899,-0.6726230436880241,0.6787471121241726,-33.582077206912906
53.0,-0.7422886948176745,0.014572904086880004,-0.4845063072641372,-0.866900887124949,-0.6902975040080094,0.69746417482886,-33.96173236205775
54.0,-0.7581896028473357,0.014512898154529304,-0.4739826320466649,-0.8844661710467762,-0.7076892692630382,0.714372448951675,-34.337212459707935
55.0,-0.7731581403238976,0.014848849467043021,-0.46515213258750965,-0.902785427051668,-0.7259511158006501,0.7259048818316318,-34.70911687322217
56.0,-0.7888920429091375,0.012389739762257287,-0.4533269038559344,-0.9144024472183395,-0.7413762084233544,0.7416568988532956,-35.07700429942308
57.0,-0.8031557706819099,0.012989360595846834,-0.44792242617890776,-0.9262597901684768,-0.7587864993061537,0.7592528903224068,-35.44149339674492
58.0,-0.8179868576481627,0.013356340843612386,-0.43809406400704193,-0.9421927510905929,-0.7737409375974539,0.7776136219824311,-35.804127827337794
59.0,-0.8342758096177559,0.014237598458491835,-0.43118282255232543,-0.9586336558740653,-0.7909134545111812,0.7962907212361241,-36.16434717575316
60.0,-0.8487509328467153,0.014349631035934377,-0.4220442181351599,-0.9721563031848193,-0.8027119110686662,0.8150985839939828,-36.52334262687638
61.0,-0.8634182536760816,0.01443487766704727,-0.4111070120502677,-0.984118746869989,-0.8185692330357557,0.8330683864636065,-36.88235223640385
62.0,-0.8794749963437749,0.014814188449487469,-0.40132024995574167,-1.000045382410252,-0.83621317729085,0.8515686024610332,-37.241327512845615
63.0,-0.8965765258023833,0.014690894873898467,-0.3886749719071878,-1.0177537875673057,-0.8545923858216777,0.8703028430128329,-37.601263545462466
64.0,-0.9123776533030095,0.014760968074032424,-0.37506136369932397,-1.0338505157400617,-0.8717953104616174,0.8816446912581432,-37.96359769727521
65.0,-0.9249354512426289,0.015287420813011161,-0.36545613290234913,-1.0483648450975835,-0.889972502659637,0.8923252884403701,-38.32829550710136
66.0,-0.9378845413299798,0.015034170732572103,-0.35303440738116204,-1.0654465271260747,-0.8997550436527415,0.9012168552727583,-38.695849499321376
67.0,-0.9484889847129797,0.015150566778685108,-0.3413345443587335,-1.0809115273121108,-0.9091177501944673,0.9092902854950914,-39.06689389234739
68.0,-0.9551857516490709,0.014993945796098985,-0.32734793074180746,-1.098365161276139,-0.9239775430120432,0.92363067420506,-39.442746401106454
69.0,-0.9640133599830687,0.014924482575020895,-0.31173282455702883,-1.116658527906035,-0.9394111968793087,0.9371793836820976,-39.82415681892993
70.0,-0.9763654771973366,0.014912107265273667,-0.29501258916700424,-1.1317200249217556,-0.9515435242188006,0.9519052613679851,-40.21163063437524
71.0,-0.9891922649367204,0.015003094328441118,-0.2775177927830238,-1.1489650150233532,-0.967561220945016,0.9690456622879525,-40.60593279823466
72.0,-1.002834796194809,0.015176446962169528,-0.2604656432270375,-1.1671725517602702,-0.9852679529552824,0.9872172995100609,-41.00734845443845
73.0,-1.0176222996705542,0.015144204823161098,-0.2428636714135412,-1.1794198307955135,-1.0036745675043794,1.0058161878326326,-41.41646981651556
74.0,-1.0337170350449387,0.015199429880443335,-0.2247925686264709,-1.1925921726899225,-1.0117085877077785,1.0230029777981096,-41.83362037199979
75.0,-1.0499979254090035,0.015904074750112705,-0.21303189535180544,-1.2090236434165555,-1.0261026156590238,1.0401467872430967,-42.25752011459237
76.0,-1.0668644452597333,0.015605829259174572,-0.19966191593639213,-1.2269768181680738,-1.0431362480435156,1.0557694995620983,-42.688426996640565
77.0,-1.0782164942807428,0.015414978102551697,-0.18573253964729844,-1.238698221689593,-1.0612767632954663,1.0722014243804907,-43.12657483384869
78.0,-1.0895007942553685,0.015445279981277074,-0.1718625254223305,-1.2544990529481834,-1.0798489513967042,1.0900615834689231,-43.57216069891283
79.0,-1.103381922889981,0.015495942841036732,-0.15879499887131723,-1.2688527879635605,-1.098613690170754,1.1085312144207138,-44.025541667671725
80.0,-1.1191498721526407,0.015260198328245649,-0.14390828486057325,-1.2792674371181787,-1.1174579724040428,1.1272533403989011,-44.487834969086826
81.0,-1.1361200656368575,0.015951389571279225,-0.13520085028102716,-1.2944795464247592,-1.1363387389358002,1.1290402477791905,-44.95803776337818
82.0,-1.1533410172315721,0.015450574393143233,-0.1235251651239872,-1.3040139341691732,-1.1552281846687036,1.1355394588993493,-45.43672513216491
83.0,-1.1700045186692298,0.015235633102781412,-0.10940175148280475,-1.3189465615158464,-1.1682450001174112,1.1441448101080618,-45.92486434941307
84.0,-1.1867631737733575,0.015265311097011847,-0.09544963150504399,-1.328403066342019,-1.1846117396008191,1.1586998997421059,-46.42312582102023
85.0,-1.2041646092940173,0.01602787071213098,-0.08846244428691852,-1.340139550390144,-1.1970926525858334,1.1758014438000102,-46.929905915050576
86.0,-1.2221102588745665,0.015568340555089695,-0.07826175946839556,-1.356120359451157,-1.2132450703337003,1.19395787172323,-47.445854019769335
87.0,-1.2404227554899383,0.015232091702985348,-0.06519793100442363,-1.3738169317595255,-1.2310094715837265,1.200647037458633,-47.97253079172954
88.0,-1.25896353487081,0.015116342255079835,-0.05027030811185354,-1.3922093376286893,-1.2494407600568196,1.2050006988446054,-48.511114291697695
89.0,-1.2757421587856008,0.015153983148864996,-0.034512135206653444,-1.4108896843756213,-1.2650243413842646,1.2178652096300615,-49.061508904017565
90.0,-1.2924295223256568,0.015121663828963985,-0.017743270694389884,-1.4242422270685935,-1.2753468952603437,1.2342696089599035,-49.6238453973223
91.0,-1.3083209770700193,0.015399785340657796,-0.0022512202743299385,-1.4407268657246983,-1.290620766249984,1.248703826061038,-50.19800704844593
92.0,-1.3246249462561266,0.015480904590055198,0.012927806929015998,-1.458641208795734,-1.3080180586024892,1.2656989814331243,-50.78404828797197
93.0,-1.3390303779484958,0.015533219061129613,0.027402283459554422,-1.4754276491977818,-1.325228466630468,1.2813043640303172,-51.38116060580012
94.0,-1.353811987844084,0.015901526718748792,0.0364803940837447,-1.4768650551592841,-1.3343260945285533,1.293874702273385,-51.98783530627132
95.0,-1.3696649132640937,0.015548993949048406,0.048576790140014765,-1.4881613898148252,-1.3484347803156647,1.3100728056713773,-52.60508612774649
96.0,-1.3856365068838987,0.015382230013016295,0.06220571087541137,-1.5039112594147173,-1.3653452245594153,1.3278536079418852,-53.2337723613103
97.0,-1.4022985684022866,0.015357775905942351,0.0763845021194755,-1.5215042174095232,-1.3834215082861125,1.3384756022529098,-53.874544700274164
98.0,-1.410504651107505,0.011397385887881119,0.08834550738636165,-1.5411886319813541,-1.4009347662035712,1.3490590712411412,-54.521184091312804
99.0,-1.4190060323613745,0.007598252307502554,0.09924267225336372,-1.5561157798818048,-1.4169908403208606,1.3644929258992187,-55.172975147748005
100.0,-1.428356162715629,0.004024181211380956,0.1104003316161439,-1.5735511997324625,-1.4325783145543132,1.3779067804717322,-55.83050441803888
101.0,-1.4386721122680692,0.001033759700400695,0.12052243993777445,-1.5920970790542586,-1.4489976400506805,1.3944413834632998,-56.49452416148658
102.0,-1.4472347050168841,-0.003042916563853813,0.13202126981657109,-1.6072304519597709,-1.4593166719969441,1.412265688325669,-57.16362784854356
103.0,-1.4544383844002897,-0.008127285062625082,0.1445239069393308,-1.6188132078961843,-1.4737351955171953,1.4304463812952266,-57.83721159656174
104.0,-1.4617615270022244,-0.01168434594005129,0.15436857671809917,-1.6290585796134986,-1.4910899249232692,1.4412677855679408,-58.5154475720346
105.0,-1.469708788759841,-0.013481065945138537,0.16190759177705438,-1.6444426504835221,-1.5092394039122088,1.4478480672832832,-59.19915741039005
106.0,-1.4778285151586115,-0.014632824438618089,0.16881518048820743,-1.6620129169063746,-1.5252418789624673,1.4589227898039185,-59.88853859462375
107.0,-1.484792857755975,-0.01712637626219531,0.17875407686396622,-1.6808390812582648,-1.542514485472351,1.474413074455294,-60.58313314227935
108.0,-1.4885992241253834,-0.021190175274188854,0.1902119642057214,-1.6919045570563958,-1.5536632833897652,1.491669295550024,-61.28070116044977
109.0,-1.490413232839356,-0.025681503386659754,0.20207505016493726,-1.7081691839483124,-1.5688259623985121,1.5058676536260518,-61.98010498244623
110.0,-1.4922448783260867,-0.029422651964643037,0.2135562170504009,-1.7260096867829748,-1.5854788150614822,1.5178673544870858,-62.681718945131536
111.0,-1.494328303281336,-0.03274870109704329,0.22418328585803207,-1.743972727455427,-1.5945055387807876,1.5266798606477827,-63.38531263626077
112.0,-1.4954135605855645,-0.03654381806258845,0.23422969763614473,-1.7597037867481204,-1.6056528288788203,1.5414388553274252,-64.09010222418935
113.0,-1.4962881370610293,-0.04029039013765937,0.24378591665286403,-1.774159886591991,-1.6157702386247588,1.549392234516431,-64.7958126858956
114.0,-1.4970957844520634,-0.044012209607174085,0.25293256040557555,-1.7876931606673512,-1.6248396214224614,1.5552589799057603,-65.50226338451328
115.0,-1.4978622108342534,-0.04788829630151933,0.2621513386376522,-1.800715070291433,-1.6343831746651563,1.5686854295386843,-66.20937075019572
116.0,-1.4986585127894425,-0.05169491597717822,0.2716977245585997,-1.8168512247205526,-1.6451173381704594,1.5825524826256208,-66.91722457350735
117.0,-1.499278169408695,-0.055310598044089304,0.2812772956758784,-1.8346327659977122,-1.6564423583539682,1.5908282175599442,-67.62581805052432
118.0,-1.500013562662057,-0.05910165077568603,0.2910437877108303,-1.8528575222575532,-1.669368873334314,1.6052764394445707,-68.33516549379881
119.0,-1.5005341762422184,-0.06300293537900598,0.3005077053673755,-1.8664731613120304,-1.6824685289224892,1.622480734798547,-69.04512441542437
120.0,-1.5010914794114745,-0.06689835071233659,0.31017406233201733,-1.883076109048608,-1.6967282271136421,1.6384967115413145,-69.75568347604755
121.0,-1.501540254775637,-0.0707818722099356,0.319660677575985,-1.897255823236689,-1.7114480177680318,1.656238286274198,-70.4668076493185
122.0,-1.5019918659323355,-0.07457488850863477,0.3293183739486886,-1.9141354445653775,-1.7272024243676827,1.6722802073822332,-71.17850597457422
123.0,-1.5023223955072413,-0.07812443910385666,0.3389477448620005,-1.9323604650727075,-1.743589283486312,1.6840899664230453,-71.89079047701908
124.0,-1.502689979347905,-0.08172203125869239,0.34867052454955066,-1.9506107068939413,-1.7612567914896295,1.699936595078284,-72.60366442324825
125.0,-1.5030390044240112,-0.08524809691122752,0.35845075334077825,-1.9692831875851011,-1.780022182222248,1.7175687355377556,-73.31714224301409
126.0,-1.5032999663288065,-0.08873172728599364,0.3681779762678627,-1.987485219781393,-1.799686909249994,1.7359742198059893,-74.03117793417458
127.0,-1.5035051124024994,-0.09213561752878924,0.37791519490663505,-2.0061777143975794,-1.8204110311314883,1.7545087451189416,-74.74573981758758
128.0,-1.5036049421050548,-0.09545382010007354,0.3875392831922497,-2.0243164043399595,-1.841986086730256,1.772490878178319,-75.4607752212129
129.0,-1.5036662974438582,-0.09868525762772365,0.3971853699748299,-2.042970990206548,-1.864750718209868,1.7910026991870676,-76.17625632029109
130.0,-1.5036677259414013,-0.10178760035027115,0.40681643366634535,-2.0618865742982178,-1.888664876729132,1.8097677203382194,-76.89216373202616
131.0,-1.50360650743384,-0.1047717707103909,0.41641350930199866,-2.080916873349727,-1.9136131546080868,1.828635304758632,-77.60845581568779
132.0,-1.5033724684545935,-0.10775288045707683,0.42489946414886737,-2.093468103586719,-1.9366017081304079,1.8391004579065156,-78.3249452427046
133.0,-1.5038508740441743,-0.11071154595942691,0.43397380959487786,-2.1094877374186254,-1.955860527623663,1.8525122329957906,-79.04183900061564
134.0,-1.5044450788998553,-0.11335020414461264,0.44301566081727933,-2.1273204712468425,-1.9745534837512209,1.8626003702171015,-79.75924083349175
135.0,-1.5050856120410452,-0.11598813764800814,0.4523332929289895,-2.145673273066787,-1.9936449210831684,1.87769733799656,-80.47716095154989
136.0,-1.505741295023565,-0.1185742776871572,0.4617203500729129,-2.164368670079758,-2.012807249895496,1.8950102853831916,-81.19557480507635
137.0,-1.5067679790127597,-0.12112515588828329,0.4711111782366521,-2.1832354327921553,-2.02774010865911,1.9114705539308599,-81.91456863163604
138.0,-1.5078873920092764,-0.12387124873578378,0.47986647652334335,-2.197617687366739,-2.040219464623611,1.9256824082345056,-82.63409504554876
139.0,-1.5086125437502707,-0.12711484696576109,0.4876263511383472,-2.2025662248642677,-2.055506368152712,1.9428188439621084,-83.35393501830647
140.0,-1.5094807666304144,-0.1299212839940488,0.4958031559239431,-2.213735617940357,-2.0729929731144847,1.956155882646302,-84.07414815944459
141.0,-1.5104873370761978,-0.1323543798916568,0.5046207787638366,-2.2292061333716426,-2.0915370723994857,1.9724144307430318,-84.79490495996949
142.0,-1.5117292510852296,-0.13495724488596217,0.5131313815912674,-2.2420908716624193,-2.1048192377713444,1.987110581280678,-85.51623200022598
143.0,-1.5128327538194741,-0.1373484272985732,0.5219955984222966,-2.258451986352725,-2.1212330351275948,2.0041619670589084,-86.2380370172679
144.0,-1.5140818862687222,-0.13966139188315801,0.5308812622477792,-2.2747863430973667,-2.136725605886773,2.0222931794478405,-86.96039653647377
145.0,-1.5153046864531496,-0.142331465314315,0.5393727883667275,-2.2863424028699093,-2.1495449647397,2.0409353331844042,-87.68324499436488
146.0,-1.5163511171075523,-0.14526548984846202,0.5474386468951803,-2.294061599643709,-2.1625548398997445,2.05982068636578,-88.40644223714116
147.0,-1.517506654186262,-0.14772158551860026,0.5559031972410581,-2.307538188184712,-2.1786878310211777,2.078670233142874,-89.1300207110288
148.0,-1.518754926060697,-0.14977474913802244,0.5646712048002633,-2.3240910558037684,-2.195815955183761,2.09751268804489,-89.8540957365804
149.0,-1.5199309668345826,-0.15161357803329326,0.573487234954535,-2.342033491238452,-2.214011561233433,2.1162268061671923,-90.5786184835488
150.0,-1.521223111853274,-0.1532686783115944,0.5819411042933975,-2.360085912959224,-2.2308672939634615,2.1281656708542314,-91.30360887184948
151.0,-1.5223633234767742,-0.15515284977882618,0.5902076534989782,-2.374351869684363,-2.248880246882393,2.14414831820322,-92.02900625625544
152.0,-1.5236886665190998,-0.15692635889396137,0.5986578153660853,-2.3905387514106695,-2.266327607341431,2.161800683311201,-92.75483416443333
153.0,-1.525459947259503,-0.15878174829840194,0.6073989866122631,-2.408189878612214,-2.2783250337562944,2.1800795998544853,-93.48126188162128
154.0,-1.5268988685353826,-0.16034636809467379,0.6159519280362973,-2.426638748326195,-2.2941016179898175,2.1979136218945405,-94.20810207289503
155.0,-1.528293194171566,-0.1616673938050413,0.6243596809254927,-2.4454052013136707,-2.311701410904233,2.2139333105285695,-94.93532860385196
156.0,-1.5296802833493266,-0.16302794240791157,0.6326883630512924,-2.462622307959356,-2.330125890559515,2.2316193339092214,-95.66293863096442
157.0,-1.5310750756489715,-0.16469509047890615,0.6407742546064327,-2.476468119518878,-2.3465646781598792,2.250037521776161,-96.39093480873858
158.0,-1.5326629056341152,-0.16620409098566086,0.6490676754441365,-2.4932886404577124,-2.3615713781315226,2.26870049098813,-97.11931961641793
159.0,-1.5347989367270005,-0.16812347385308332,0.6578512699508168,-2.5112321823283383,-2.367319537168539,2.2873065802062986,-97.84832530045253
160.0,-1.5364322840232287,-0.1700493959998588,0.6660524827691402,-2.528063245729934,-2.3802503297248068,2.2996213775493897,-98.57751762041254
161.0,-1.5387298647068508,-0.17399399838605542,0.6750003952840383,-2.5408820145770545,-2.391051535065278,2.3151117035178466,-99.30662899487281
162.0,-1.541154543254109,-0.17842067532308062,0.6843834963784183,-2.5569268708074886,-2.396676305538184,2.332587843031553,-100.03546083363385
163.0,-1.5431871352337865,-0.1829429225486616,0.6937630746239236,-2.5746295338640683,-2.4099571585412645,2.350898793627764,-100.76347308521696
164.0,-1.5452063883965261,-0.18725161551107317,0.7027488785917688,-2.588968094153906,-2.4264985055916473,2.3657870689810148,-101.49080123389399
165.0,-1.5471999193354986,-0.19167570438444959,0.7119967183905449,-2.6057544563456383,-2.4444238969024332,2.3781398626193866,-102.21720681332519
166.0,-1.5496174330161898,-0.19598343688805303,0.7211137847564169,-2.6208693281713513,-2.451308423462488,2.394249100702335,-102.94326742476095
167.0,-1.5517405740092434,-0.2004120887164773,0.7303474955414676,-2.638040973487242,-2.465134515362989,2.4116077057047027,-103.66849693397906
168.0,-1.5537773132471355,-0.20479053439620845,0.7394945919088477,-2.6550170227564402,-2.4819141354877416,2.4298638398616275,-104.39275335584067
169.0,-1.5558486682358952,-0.20906963124299033,0.7484584833019301,-2.6703260280887218,-2.4999311043582355,2.4306733731532466,-105.11611802530162
170.0,-1.558199188794856,-0.2134439849717579,0.757696653299105,-2.687548901640711,-2.5101223459116544,2.441847675641874,-105.83879233572407
171.0,-1.560601216061543,-0.21755002695261258,0.7663264047418454,-2.6978538870908566,-2.5251573306980606,2.4509184410018934,-106.5611659317
172.0,-1.5629609864652616,-0.22175913801517774,0.7753950177836213,-2.7129550547848207,-2.542080078868005,2.4653394655347136,-107.28285214142294
173.0,-1.5651832499016596,-0.22597090142633838,0.784353080494403,-2.7285010335692452,-2.5601356288041335,2.477158538837817,-108.00364368827523
174.0,-1.5673338533018282,-0.23028133892729188,0.7934498518182876,-2.745890888501554,-2.5786940541488677,2.4823367222121937,-108.72329325073272
175.0,-1.5695623247346366,-0.23442981333764287,0.802206015723646,-2.76010834921741,-2.597456548716484,2.495560501660813,-109.44203838482119
176.0,-1.571862785302498,-0.23859804948374969,0.8110859478104887,-2.7750933267599254,-2.6163108677880005,2.5121138559264438,-110.1598528405747
177.0,-1.5743770251661613,-0.24284519455923387,0.8201866852957025,-2.7922355150104936,-2.6270488645997196,2.530043733116432,-110.87695055450932
178.0,-1.5766466839131803,-0.2471424694073684,0.8292521626568067,-2.810413187588681,-2.6423984457377943,2.5485426633747417,-111.59292385996501
179.0,-1.5789235247756606,-0.2513221511315035,0.8380610616260323,-2.82635218935973,-2.6598192347456946,2.5672768386552183,-112.30783449196177
180.0,-1.581568032098392,-0.25556625537606464,0.847138091365428,-2.8438676730419505,-2.6669455572641216,2.5861082124088126,-113.02214892631415
181.0,-1.5839395200803745,-0.2598314459288475,0.8561601613427342,-2.862206941151389,-2.6806217698259784,2.604979807131764,-113.73540086658777
182.0,-1.5862219362534358,-0.2641005131256606,0.8651702880763747,-2.880893303764554,-2.697333402651155,2.6238680238902687,-114.44735836801571
183.0,-1.5887313593565384,-0.268260040966826,0.874010444275277,-2.897648831425879,-2.709436371161601,2.6427631222711505,-115.15846063628148
184.0,-1.5911444658130287,-0.2724655634336113,0.882950235271217,-2.9155595413325033,-2.725373115764285,2.6616610218621135,-115.86841820313701
185.0,-1.5935051972199916,-0.27667000846884604,0.8919022139501491,-2.9340581822126457,-2.7430446850194437,2.680560113338629,-116.57705869370541
186.0,-1.5959456930921512,-0.28087564380666463,0.9008676924306489,-2.9528038928546967,-2.7582329590921573,2.6931835563705673,-117.28448628908966
187.0,-1.5983304334197577,-0.2850755741793365,0.9097993793976704,-2.9716644288440524,-2.7754841455253128,2.7093815666851406,-117.99056031117543
188.0,-1.6010078110090609,-0.28906263111882374,0.9182441580607591,-2.983397227341477,-2.7937129264002474,2.7267098994061434,-118.69590662029228
189.0,-1.6037362488398805,-0.2930533507665585,0.9270599134159208,-2.9991409938744957,-2.812339746913913,2.7449522728421982,-119.40031285404646
190.0,-1.606413248701905,-0.2970122809014167,0.9356455193771167,-3.013547527886241,-2.83113279546998,2.760852753842534,-120.1037820580367
191.0,-1.6092277581349155,-0.30093729493742316,0.9442018362537581,-3.0271259971870395,-2.8482040796884895,2.7784660889054704,-120.80652097730136
192.0,-1.6123027563658268,-0.3047932696248008,0.9526600568903183,-3.038055010219829,-2.8625415530243883,2.796832886221034,-121.50900089078972
193.0,-1.615296659842256,-0.3087122387226021,0.9614252520691019,-3.053479537241402,-2.8762646170261363,2.8149251961888297,-122.21091642388156
194.0,-1.6183868561455794,-0.3127319903865762,0.9702772841760602,-3.0709156695011686,-2.879464466564009,2.8334812628547894,-122.9126399819726
195.0,-1.6211246028550839,-0.3168062233577714,0.9790625136231923,-3.0892239484544817,-2.891871411220843,2.852238781480442,-123.61343959776092
196.0,-1.6238398604443496,-0.32083918060430466,0.9877733758185454,-3.1069944875206015,-2.9069742501029547,2.868183466699829,-124.31317892068206
197.0,-1.6266206388488063,-0.32487561284745753,0.9965551769827335,-3.1253829407533313,-2.9209328832461545,2.8823759509822526,-125.01190628884471
198.0,-1.629571231891823,-0.32881886882428407,1.005135722367783,-3.1416652373790783,-2.9312874381267675,2.8978205996703696,-125.71005306007741
199.0,-1.6328761380589203,-0.3326181990808599,1.013333447047223,-3.14979728367305,-2.946535841478653,2.910477042001086,-126.40813798530681
200.0,-1.6362602324803086,-0.33636243356785106,1.022001864346579,-3.164056383815308,-2.958309885936158,2.9222201164114963,-127.10607520390516
201.0,-1.6393170834775947,-0.34026675173043064,1.03068442553035,-3.181028559265528,-2.9709950368620253,2.936536527637892,-127.80336498908137
202.0,-1.642195552988818,-0.3442246903805305,1.039373510137445,-3.199137105938498,-2.987244864626995,2.9535131453173475,-128.49959816238874
203.0,-1.6450330497466028,-0.3481859573868021,1.048068945608908,-3.2177251789381454,-3.005052861186603,2.971617236698713,-129.19461493148515
204.0,-1.647869351005257,-0.35214146250049877,1.056758989333967,-3.2365168100522923,-3.023514945967101,2.9867172643509634,-129.88835514715703
205.0,-1.6507228471484772,-0.35608623190085953,1.0654393438348857,-3.2553951258797653,-3.042251558837467,3.001473981621047,-130.58080272245726
206.0,-1.6536019653108036,-0.3600175822192178,1.074108439333,-3.2743104910470664,-3.061103521213294,3.017484050503981,-131.2719616215933
207.0,-1.6565102731208847,-0.36393443319190794,1.082765628684985,-3.2932417766573656,-3.0800040976685747,3.035168781913918,-131.96184493241205
208.0,-1.6595570660619787,-0.3678330006203787,1.0914296863188675,-3.312176877547028,-3.094053855439728,3.053565807338581,-132.65081468264913
209.0,-1.6627469192498916,-0.37164677333416474,1.0998700879832952,-3.3286610110867145,-3.1060740234620345,3.0722578284707747,-133.33924138473688
210.0,-1.6660331117708231,-0.3754693098592459,1.1084765521147817,-3.3464953581719907,-3.115938717590837,3.0910717820165607,-134.0272542762683
211.0,-1.6691745109057068,-0.37930730133222296,1.1170690206753164,-3.364970914048561,-3.1310034993586395,3.106472287417583,-134.7144327581101
212.0,-1.6724029552597155,-0.3831034917838999,1.1255653829328547,-3.3824711496177646,-3.1444983730261473,3.123866382164567,-135.4009645596444
213.0,-1.6760032684243706,-0.3867849433872791,1.133680482875557,-3.3924986653275306,-3.1611001464873922,3.1421422163130277,-136.08730426575906
214.0,-1.6798565460071497,-0.39032835686583306,1.1419564640142665,-3.4028494468854413,-3.1780660297084973,3.1607840103936304,-136.7736312955398
215.0,-1.683477984464235,-0.39392067208427894,1.1503716222615348,-3.4171219292278314,-3.19611441953678,3.1794935223171996,-137.45952324479882
216.0,-1.6870326581921675,-0.39760986066626103,1.1588982306113587,-3.4340839783864885,-3.2065062403847246,3.187351713280494,-138.14521405284037
217.0,-1.6905745009767992,-0.4012788618776482,1.1671363129789298,-3.447843931055715,-3.2218031752681724,3.201673366494421,-138.83055604366086
218.0,-1.6941371998093495,-0.40492456901178653,1.175627020020198,-3.4645042206403933,-3.2374274788967132,3.2186802840336592,-139.515417299821
219.0,-1.6977017061971733,-0.408555323210096,1.1838727382301941,-3.4787698513099246,-3.2549340876941164,3.230104192710736,-140.19977582614578
220.0,-1.7012733924948558,-0.4121888572611277,1.1923486955966507,-3.495655137240776,-3.272458650346996,3.2458139345176544,-140.8835218498652
221.0,-1.704729461799217,-0.4158655916324772,1.2008367919219933,-3.5137375254790157,-3.290762337123074,3.2633924230166027,-141.56646626582517
222.0,-1.7081561843594941,-0.41955670048138927,1.2093280093310008,-3.532320635364799,-3.309435244006974,3.2757241561710666,-142.24853788586893
223.0,-1.711596366958075,-0.4232402825857634,1.217816524966986,-3.551112713815093,-3.328263361003627,3.291805923436843,-142.92973141884346
224.0,-1.715331661946835,-0.4268556885801435,1.2261660770986194,-3.568000726975828,-3.3344765765386497,3.3095380843491222,-143.61112496229464
225.0,-1.7189796277675224,-0.430482448028672,1.2346071331232817,-3.586027208881918,-3.3477286217329087,3.327689079130442,-144.29222064299407
226.0,-1.722649021874748,-0.4341055131911039,1.2430696402975578,-3.604585565033307,-3.359234687043656,3.34627487071587,-144.97311119173756
227.0,-1.7262588197019246,-0.4377318890064118,1.2515159819179942,-3.6233687515390054,-3.3750135626258206,3.365044808876639,-145.65349193357827
228.0,-1.7300242490609488,-0.44133517033122355,1.2599794962994917,-3.6422434081310997,-3.3818857600246095,3.3824573086888785,-146.33402711106464
229.0,-1.7339057728563005,-0.4448823640299584,1.268124546507209,-3.65669981778219,-3.3958003756733834,3.4007178343511013,-147.0145174262631
230.0,-1.7381383734386857,-0.448329438998126,1.2762320932566382,-3.6678466538472394,-3.4126589024730283,3.4193527258997016,-147.695096957457
231.0,-1.7423332001042109,-0.4517252154725232,1.2845982372813565,-3.6834159598949916,-3.423616833047861,3.4371003904270716,-148.3760142787782
232.0,-1.7462873275903712,-0.4552253093118633,1.2929747823779902,-3.700953742221743,-3.4356086718490233,3.4555062058590447,-149.0569801404172
233.0,-1.7505012180779913,-0.4586911732710934,1.301048957702598,-3.7136663963765173,-3.4444664109947802,3.4742014110001365,-149.73847689715166
234.0,-1.7546887566566378,-0.46208742277564974,1.3093934224518122,-3.7298756835987725,-3.457159600932312,3.4862236483395916,-150.4201924860307
235.0,-1.758683531799834,-0.4655538871844051,1.3177585738350865,-3.747679226236023,-3.4734794280781522,3.4997829897592223,-151.10170458729152
236.0,-1.7626404980223305,-0.4690346695501828,1.3261374470885057,-3.7661480570058194,-3.4904956869129213,3.5164315096557877,-151.7829174729717
237.0,-1.766695776695072,-0.47247775388623486,1.3343507969063573,-3.7825539909798875,-3.508625258060819,3.5242856182167333,-152.46387088376144
238.0,-1.770799320223018,-0.47589312127563305,1.3427050476645515,-3.8003748074261505,-3.527227281298075,3.5385916586402546,-153.14454586423244
239.0,-1.7749140232776126,-0.47931633046481353,1.3510701465980004,-3.818850622905527,-3.5400674371580196,3.5539120991533504,-153.82532225392742
240.0,-1.7789964092653796,-0.4827473460439624,1.359428510608777,-3.837598836621389,-3.556384331368599,3.560060612934338,-154.50596861543283
241.0,-1.7831278963241262,-0.4861527442603949,1.3677351301546874,-3.8557997576820946,-3.574240290062669,3.5736884239676705,-155.18642439635607
242.0,-1.7873009849034283,-0.48954012705656763,1.376082044417089,-3.87441518217724,-3.5927325726902626,3.590408896806447,-155.86667537462225
243.0,-1.7916008199336715,-0.4928916547258713,1.3842461710669713,-3.890624149484027,-3.6114866512034167,3.6078737553379887,-156.54681518700943
244.0,-1.7963976615935167,-0.49617266973694774,1.3921271553978198,-3.9000692242629196,-3.6277817211750523,3.6261713057492537,-157.22736112719727
245.0,-1.801232053561552,-0.4993274223623521,1.4002525916833277,-3.912752412379682,-3.645569662989661,3.6448218915025246,-157.90824550066617
246.0,-1.805912500537184,-0.5025653617261191,1.4085063050670639,-3.9285801882770386,-3.6475776535250573,3.6637004704019547,-158.59040037931106
247.0,-1.8104964066183504,-0.5058161738718933,1.41667134489702,-3.944604762533189,-3.65262594485129,3.6829570724554754,-159.27359753939695
248.0,-1.8151123655418464,-0.5090128532265326,1.4247269234579287,-3.959919682966429,-3.661118239876953,3.70240461586379,-159.95763087050477
249.0,-1.8197155550352844,-0.5121672511943053,1.4327913450784513,-3.9761260212500917,-3.6695584230466776,3.7215507023373693,-160.64248992867653
250.0,-1.824440488054062,-0.5153464016942263,1.440754659268634,-3.9901335943078586,-3.6824022054192764,3.740864164188596,-161.32794413392057
251.0,-1.8292637303955246,-0.5184660689311612,1.44872351236643,-4.003999192227554,-3.6937123302685566,3.7596618421517976,-162.01413840221213
252.0,-1.834334561861497,-0.5216157140041674,1.456583171607979,-4.01432827697037,-3.7068779608110867,3.778199256924846,-162.70107461472662
253.0,-1.8398447996513876,-0.5247095293988783,1.464334583834315,-4.019755200728902,-3.7219055979709093,3.7886309280301442,-163.38885348649393
254.0,-1.8455995319446268,-0.5277033400074219,1.472089842021305,-4.023669720305235,-3.7393361902996203,3.803848775125443,-164.07742739783035
255.0,-1.8514630112673616,-0.5306847354456253,1.4798276828969221,-4.026643458358557,-3.75730844529239,3.821105243357631,-164.76677441835832
256.0,-1.857328365052098,-0.533622846155221,1.4876128402755049,-4.030781625449254,-3.771082188665696,3.8370131441130635,-165.45716573378
257.0,-1.8632320827051696,-0.536611469365197,1.4953499564187496,-4.033946661836051,-3.785434527459897,3.854586143895684,-166.14855434664787
258.0,-1.8692099263737023,-0.5395490245606881,1.5031132521171808,-4.037301547863139,-3.7983594649059915,3.872811558421019,-166.8410592852392
259.0,-1.87526474659534,-0.5425018896872437,1.5108466625805659,-4.039719622829164,-3.8118313959950685,3.8913970539144933,-167.53465038076402
260.0,-1.8816252794502206,-0.5454461166871606,1.5184853473455877,-4.03823267019071,-3.827399432387832,3.898783638440416,-168.22929145487657
261.0,-1.8879997805976214,-0.548100010066882,1.5258815871863287,-4.036511455082309,-3.8448309404270082,3.9088516485187013,-168.9248867362968
262.0,-1.8935198065434475,-0.5499909755038689,1.5315296985350768,-4.034997320267041,-3.863199828729839,3.9224653018813034,-169.62112625837815
263.0,-1.8983552113320497,-0.5514659815267369,1.5357539897544836,-4.033725972650894,-3.878958456923945,3.929465862938438,-170.3179448525016
264.0,-1.9028058675600719,-0.5526728021910973,1.5391423613066124,-4.032801321989969,-3.896063139050393,3.9418098516357496,-171.01511205098387
265.0,-1.90701747327437,-0.5537381390448443,1.542147416799279,-4.0335714925389325,-3.9094512968948893,3.9536339557004445,-171.71280556812144
266.0,-1.911015699860801,-0.5546393393322285,1.5446866397689378,-4.034367558972178,-3.923793277728382,3.9694524542215452,-172.4108958006641
267.0,-1.914862707283372,-0.5553900195433089,1.5467837967433595,-4.0346061185148105,-3.9402406993095984,3.987072589805562,-173.10916502831367
268.0,-1.9185488048710166,-0.5561233793794307,1.5489167982010983,-4.038212765817607,-3.947861626893756,3.999552657710241,-173.80821970929472
269.0,-1.9221271967679667,-0.5566727305662864,1.5504330077624517,-4.0387492655948325,-3.960827895038454,4.010112566302046,-174.50766015211283
270.0,-1.9255986265665375,-0.5572145268540043,1.5519865064252738,-4.041805518863751,-3.9700658625150655,4.0231272982237805,-175.2077055529845
271.0,-1.9289924940327214,-0.5576301490379297,1.5531486305501803,-4.043144955462909,-3.983340561232035,4.035845154161672,-175.9080368858948
272.0,-1.9323078255430821,-0.5580231687341914,1.554267903924529,-4.0456841682861695,-3.99651416360739,4.052062255955882,-176.60860665050137
273.0,-1.9355216755795033,-0.5584173053497652,1.5554388432587227,-4.0501977282975075,-4.006748014612327,4.069802518617464,-177.30960352493025
274.0,-1.9386733266908842,-0.5587600053526218,1.5564386610548981,-4.054529296006816,-4.015273651450566,4.080541482217941,-178.0111588442582
275.0,-1.9417625633761753,-0.5590810759238988,1.557368814005763,-4.0595009889575895,-4.0235714322663805,4.094007125703939,-178.71327196063461
276.0,-1.9448172678673157,-0.5593266698847656,1.558046761264457,-4.063263082106736,-4.037032438039933,4.110608887635444,-179.41552003258127
277.0,-1.9478260586377671,-0.559558908898696,1.5586945320857184,-4.067677508982835,-4.053309117269987,4.128069704413441,-180.11763059087323
278.0,-1.950760568366175,-0.5598116241267178,1.5594510023132666,-4.074004970647767,-4.07029401480748,4.146401219009649,-180.81949849833637
279.0,-1.953591911969429,-0.5601228807118545,1.5604478909309223,-4.083612689069708,-4.082501093920472,4.165093698282574,-181.52146578279428
280.0,-1.9563025005304968,-0.5604846835374716,1.561589381587022,-4.095840739209554,-4.098478171625656,4.183113918461469,-182.22319404124673
281.0,-1.958798218296484,-0.560979730585446,1.5632505792997262,-4.114567845052945,-4.1107470864837055,4.201570949389737,-182.92489861887404
282.0,-1.961151561454399,-0.5614691828484826,1.5649072449469854,-4.135312414229756,-4.110637160661655,4.212706187916975,-183.62759908834192
283.0,-1.9634537884243568,-0.5619023699879641,1.5662499363073314,-4.1550721154448,-4.120513459340388,4.219338596977807,-184.33053936767462
284.0,-1.9657445743736695,-0.5628246481086858,1.5684290406288517,-4.187640968078532,-4.135924532278929,4.23296294709529,-185.03330232986283
285.0,-1.9683631425380583,-0.5637817403706847,1.570110292037687,-4.22233855437022,-4.147857990403542,4.24654709016858,-185.73642981346615
286.0,-1.9713245809319757,-0.5644940144523335,1.5712730142149616,-4.257614150831946,-4.162706916856253,4.263195963654303,-186.4400380739843
287.0,-1.9746400274453617,-0.564725391343579,1.571992102001127,-4.294094923361428,-4.179962321565219,4.281163887374007,-187.14435211219435
288.0,-1.9781462130688099,-0.5647204816262804,1.5724723480938614,-4.331587866677255,-4.196915163407946,4.287963602347047,-187.8497020231647
289.0,-1.9817971148045426,-0.5646195408312383,1.572803414752841,-4.369853064616409,-4.214658106910717,4.296667641322049,-188.5562828091633
290.0,-1.9855556437808386,-0.5644084080271731,1.572995881247096,-4.409058822764106,-4.228293853913146,4.3087852779861535,-189.26465780867247
291.0,-1.9894526914027466,-0.564092912002443,1.5731296906071504,-4.449135125473394,-4.244985599899474,4.32483672885277,-189.9748775791537
292.0,-1.9933867714645828,-0.5636969588245184,1.5731504773440754,-4.490302478723302,-4.2536763044869685,4.342557916749571,-190.68775922090327
293.0,-1.9973908126893614,-0.5631883336448965,1.5731183811733191,-4.5325917440592765,-4.259664361553164,4.358116629087875,-191.40377556205442
294.0,-2.0015501830101563,-0.562612251237281,1.5731395756278868,-4.57567394913649,-4.273250185848352,4.372389588170048,-192.12265835213347
295.0,-2.0057989579216815,-0.5619794481132088,1.5731319334204512,-4.619695382409445,-4.287120018722277,4.3851246245628746,-192.84462901734102
296.0,-2.0101183192487575,-0.5612484222642657,1.5730832854985577,-4.664831056378982,-4.299345661873816,4.40140281531129,-193.5700836393807
297.0,-2.0145704122076253,-0.560437632909415,1.5730720860482512,-4.710893681773826,-4.315455443209742,4.419216978200497,-194.299058507741
298.0,-2.0190355393817105,-0.5594412057005379,1.5729051803715406,-4.754847684744655,-4.333269925849227,4.428901430576432,-195.0315725895387
299.0,-2.022773710289343,-0.558228754203226,1.5722277233015083,-4.781313685112997,-4.351820035595908,4.442149571360513,-195.76636445385827
300.0,-2.026153567453013,-0.55754262879856,1.571756441998618,-4.8030911287037075,-4.370605591857309,4.458680958700674,-196.5028135530892
301.0,-2.0294217583119862,-0.5569057022655888,1.571346364721965,-4.823257857935639,-4.388906908777379,4.471931335067835,-197.2408092580442
302.0,-2.032378745573979,-0.556226549739876,1.5707727428027682,-4.839640365329831,-4.400365837927903,4.488415956616537,-197.98046917494045
303.0,-2.035342257866377,-0.5555846129222496,1.5704411349766294,-4.856014350229411,-4.41614764006376,4.504223350315194,-198.72151352836198
304.0,-2.0382489611090566,-0.5551143924806455,1.5701948001922976,-4.8738209095558975,-4.427930049731852,4.521809034507018,-199.4642578527378
305.0,-2.0411895427390676,-0.5544514585851593,1.5693227890104484,-4.8811489516578295,-4.443845447492629,4.532423089463036,-200.20776310363735
306.0,-2.0441479172579493,-0.5540439818782522,1.5690392364505539,-4.89487041724197,-4.458402559858603,4.547818863565828,-200.9524874590093
307.0,-2.047089063838012,-0.5536156654065297,1.5691089019145879,-4.911544012979096,-4.475461615450751,4.565268103595192,-201.6985056198911
308.0,-2.0500342592293483,-0.5532336094269578,1.569193278349788,-4.928920461032188,-4.491949393402494,4.583568279054612,-202.44592046346787
309.0,-2.05395539912699,-0.5529240804566191,1.5670095485563469,-4.944489622872202,-4.5097375245100775,4.602220256771297,-203.19494381251303
310.0,-2.0575113329243924,-0.5519063204997556,1.566584173912164,-4.96262855938196,-4.525371650775609,4.621017705394957,-203.94592675134606
311.0,-2.0605796512719463,-0.551337183276385,1.566952578430127,-4.981059125889794,-4.53868204758928,4.633184502947896,-204.6987462450646
312.0,-2.0636243744027203,-0.550842476943854,1.5669402526151883,-4.993253259949302,-4.555218627528346,4.6440174484702705,-205.4526830862723
313.0,-2.0667024820197537,-0.5504673847778369,1.5670010769986673,-5.005793948368103,-4.57314869270013,4.658795765740372,-206.2076303761649
314.0,-2.0698749268687324,-0.5501391113897935,1.5666544362676202,-5.0135337489385305,-4.591666409241571,4.675977520186447,-206.96319096068123
315.0,-2.073014032294768,-0.5498614855540762,1.5668504077265877,-5.02763459543914,-4.609739869989958,4.687109019891336,-207.7198637954497
316.0,-2.0759464016600058,-0.5495281406432987,1.5666974790996901,-5.0380848361457735,-4.622697241664035,4.702705188332156,-208.47767291090503
317.0,-2.079035882948593,-0.5492058415090308,1.5665765504342015,-5.048333319742474,-4.639064238322045,4.719679138352853,-209.23642193369665
318.0,-2.0819884035320504,-0.5488952406567622,1.5664609019827567,-5.058815243177903,-4.6517430309236545,4.734457292230589,-209.99632703930297
319.0,-2.0850778128169902,-0.5485974532972133,1.5667418389068364,-5.074063359189984,-4.667978637262539,4.751596381373375,-210.75759480777532
320.0,-2.0881897259754947,-0.5482603824788318,1.5671561084485222,-5.091404695898886,-4.685781503900622,4.768961715906555,-211.52032643197487
321.0,-2.0913077154143602,-0.5478970774844167,1.5675796362086227,-5.1096372998143815,-4.704236340770045,4.7819831300020725,-212.2845773958796
322.0,-2.0944304710171964,-0.5475104692102186,1.5679630726400486,-5.128256582712805,-4.722962505166651,4.797413141922148,-213.05038541115292
323.0,-2.097597385377988,-0.5470901841076341,1.5676834578911016,-5.138674669752948,-4.741820514705571,4.80818248103628,-213.81707244014362
324.0,-2.1007669936247164,-0.547160173908925,1.5678225321484525,-5.151851136941981,-4.756084905599376,4.814397813896906,-214.58507612168822
325.0,-2.1045766789040483,-0.5480277515774677,1.568407780536842,-5.157669841941181,-4.773547708848855,4.823516861169069,-215.35348443715338
326.0,-2.108653295443658,-0.5481601500073746,1.5686066163658319,-5.158971301826129,-4.792297477517949,4.838106778447459,-216.12203936710662
327.0,-2.1121312885962915,-0.5480782765676666,1.5684679337333207,-5.159084463157827,-4.8043625156351615,4.84807047842384,-216.8909613441353
328.0,-2.116002210530975,-0.548071428508952,1.5684315499785035,-5.159604711503129,-4.820295941815931,4.86177882087107,-217.66013364809223
329.0,-2.119579640505573,-0.5479767599492248,1.5682128647862184,-5.159790572765358,-4.834673445457608,4.878404792110463,-218.42955998834188
330.0,-2.123419346118091,-0.5479302553676313,1.5681174448878616,-5.1604499010834814,-4.851532823860723,4.896454892964593,-219.19917838277095
331.0,-2.126774446484434,-0.5477983420288419,1.5677942511695584,-5.160648327491474,-4.8645286871918065,4.914861828874321,-219.9690872364671
332.0,-2.1302759655354344,-0.5477031876171597,1.567538938937202,-5.161178757431208,-4.8784080410158515,4.933605090154962,-220.73929726519304
333.0,-2.1335229261980246,-0.5475596715331789,1.5671854000738383,-5.161508996266268,-4.890178600794922,4.952364121992359,-221.50987180415447
334.0,-2.1373360432267448,-0.547528316342118,1.5671746372032296,-5.162525101953624,-4.905778076868221,4.968954105845494,-222.280746512201
335.0,-2.1413163657711887,-0.5475113701190144,1.5672253681442887,-5.163641644210691,-4.92328638963578,4.986905909449849,-223.05183722021513
336.0,-2.1449109227989456,-0.5474280642586439,1.56707383712142,-5.164371249395143,-4.93784425331617,5.0053074516479805,-223.8232157928425
337.0,-2.1488130187024432,-0.5474009949163323,1.5670665388524756,-5.165630749148193,-4.954751338954075,5.0241164888244,-224.5948498716734
338.0,-2.1530185413758796,-0.5474318567255809,1.5672829951297174,-5.167102691944714,-4.972597763958232,5.038351080166724,-225.36676309675323
339.0,-2.1572812943503163,-0.5474604578996672,1.5675353858298084,-5.16866104226485,-4.991026041769043,5.052325689479455,-226.13894003065394
340.0,-2.1614707069843146,-0.5474650797457704,1.567686767445498,-5.170374350610435,-5.009829118239142,5.069128720569927,-226.91135772401216
341.0,-2.1656213190793943,-0.5474449503986781,1.5677749122843672,-5.172195822880537,-5.028612648863471,5.0871723698873605,-227.68402713726704
342.0,-2.1695819809430645,-0.5474268862480807,1.5678463227432287,-5.173762823430616,-5.044313704162184,5.100263822760765,-228.4570862244917
343.0,-2.172587635348461,-0.5472324007584376,1.5673365636809087,-5.174146292478257,-5.05282241231506,5.116328571593418,-229.23071094357476
344.0,-2.1762780017483596,-0.5471336825592422,1.5671815959871203,-5.1758953667941325,-5.067095583997246,5.134273984925065,-230.00481115030775
345.0,-2.1803279754942584,-0.5471006508126323,1.5673243638461374,-5.177942192896808,-5.08381934731513,5.149783591974688,-230.7793179219483
346.0,-2.1833691795925523,-0.5469325116031438,1.5669642628048042,-5.17873632981489,-5.092988979703237,5.165211024149997,-231.55438211126813
347.0,-2.186463010426817,-0.5467918068686708,1.5665551043734525,-5.179792451424269,-5.102274029580411,5.182630588594524,-232.33004873999062
348.0,-2.18985098670748,-0.5466545192562944,1.5662954437389864,-5.181256297469324,-5.113859343106829,5.200989696911816,-233.10628265251577
349.0,-2.19387807734414,-0.5466724330494432,1.5665428637879104,-5.183510050402,-5.129202881839143,5.214591406576236,-233.88303145025634
350.0,-2.1982223440253215,-0.5467646755971398,1.5670397391476374,-5.186071297347687,-5.146351252836855,5.224471696169807,-234.66026602379264
351.0,-2.2021120101952434,-0.5467175034268469,1.5672273412190012,-5.188409225296497,-5.161896701714951,5.239385096959809,-235.43798327085952
352.0,-2.2061833017555945,-0.5467375167504198,1.5674916656937135,-5.191348683136326,-5.179194050501114,5.255507491950943,-236.21616141502878
353.0,-2.2103375606410114,-0.54673407770756,1.5677204174560508,-5.1945293077633465,-5.197442124375781,5.273270529025234,-236.994796548264
354.0,-2.2135141652781622,-0.546560153955147,1.5673228029167177,-5.1960908622660185,-5.207694407505303,5.291364730735421,-237.77406554808567
355.0,-2.2165962730533395,-0.5463626772050763,1.566828663081552,-5.197581024018984,-5.216633862371719,5.309881084266239,-238.55404962229025
356.0,-2.220087403544072,-0.5463696362519032,1.5671089180050377,-5.1991267296849495,-5.225712596910624,5.312282246853073,-239.33477297895658
357.0,-2.223869757638481,-0.5463733578625171,1.5673729021173008,-5.201793872756927,-5.239147251987235,5.32301840743795,-240.1161388903855
358.0,-2.2278891202865876,-0.5463971433087792,1.5677338865637336,-5.205150734706019,-5.255307401170751,5.336208112984215,-240.89808861268426
359.0,-2.231522573518406,-0.5463341762983636,1.5678463104502436,-5.208049375242655,-5.269202094769708,5.351197703735424,-241.68064805406829
360.0,-2.235427335020581,-0.5463100021392989,1.5680017464068219,-5.211645723984539,-5.285466430434155,5.368540969134299,-242.46380605340963
361.0,-2.239515334099653,-0.54634455245873,1.5684198988530436,-5.215208853758691,-5.3016963138058015,5.378524556134561,-243.2475925161262
362.0,-2.2436885270055655,-0.546361641863425,1.5688825274359146,-5.2194324693066125,-5.319382508039278,5.390655392737683,-244.03200195690079
363.0,-2.2477302640758805,-0.5463275801324566,1.5691628500687134,-5.223847224541615,-5.337067584364158,5.406649184160568,-244.8170394732658
364.0,-2.2505194238514123,-0.5461564023699582,1.5686580074998662,-5.224916417325574,-5.342329756331235,5.417435370989089,-245.60293087235033
365.0,-2.2540977288821993,-0.5460129238392339,1.5685567995683976,-5.228323913339804,-5.3552036967695145,5.433089976450731,-246.38961163971973
366.0,-2.2579224613720084,-0.5459001958341028,1.568629430758896,-5.23234959490654,-5.3707866317580875,5.450514814999786,-247.1770134707887
367.0,-2.2618634209212938,-0.5458157793773422,1.5687888739597575,-5.236896090524442,-5.387661174101347,5.4688619606579705,-247.96512387924457
368.0,-2.265915766516346,-0.545743446705188,1.569028520003553,-5.241949523623862,-5.405615873218019,5.487602928480954,-248.7539486843611
369.0,-2.2698612150924813,-0.5456479007399686,1.5692119883346036,-5.247018919080128,-5.422945401646967,5.506433712627237,-249.54350974200128
370.0,-2.2738690373539834,-0.5456023973990748,1.5695690736204286,-5.252296648142306,-5.440426211735888,5.521554902830188,-250.33381466750245
371.0,-2.2775369481923082,-0.545488804822213,1.569697783604368,-5.25712445715016,-5.455627646082093,5.538002367173368,-251.12489813217448
372.0,-2.281097946350066,-0.5453621572162819,1.5696745063357873,-5.2618339933387945,-5.469960249018097,5.555838261699232,-251.91679529677856
373.0,-2.284949476608095,-0.5453275601151151,1.5701253289575459,-5.266883297312909,-5.4863904038239895,5.565163253523844,-252.7094349322312
374.0,-2.287930435258932,-0.5452127823153505,1.5699932343015635,-5.269980042135692,-5.494549996524268,5.57338212662202,-253.5029634286621
375.0,-2.291330217169689,-0.5451693686556204,1.5703029967613817,-5.273876181071549,-5.506822001339965,5.577366488976771,-254.29727325779513
376.0,-2.295054729339514,-0.5451072353540453,1.5706395861690388,-5.27980426270908,-5.522851763714795,5.590097547538359,-255.09240945374805
377.0,-2.298585951624863,-0.5450249895904817,1.570786488621135,-5.285082357906735,-5.536581609534616,5.602312664618896,-255.88842708300078
378.0,-2.302171989738436,-0.5448660999678543,1.5708520702174003,-5.290725647852662,-5.551891549413213,5.618346860744585,-256.68530511604615
379.0,-2.3053424792838872,-0.5447086492610775,1.5706766131195327,-5.2948908161092065,-5.562264246462374,5.630659003605312,-257.4831196821027
380.0,-2.3087847006901745,-0.5445050399857629,1.570597636021312,-5.300020446585726,-5.576054570828946,5.646766877954685,-258.2818341270159
381.0,-2.311351317834126,-0.5442787974691383,1.5699541843578158,-5.301766376540659,-5.580179220595223,5.656976235610801,-259.08154225739673
382.0,-2.3142664879495114,-0.5440120016236669,1.5694514226233192,-5.304717196996406,-5.587621812783319,5.6718360457602115,-259.88225798272185
383.0,-2.3177511029089746,-0.5437981409313173,1.5694404429194748,-5.309749737270189,-5.601324058788579,5.689012341240915,-260.68389381884316
384.0,-2.3214600633964126,-0.5436552004621092,1.5697089205742343,-5.3163806339427,-5.617773742248643,5.707296037627769,-261.4864375326263
385.0,-2.325255076897902,-0.5435753966866891,1.5702366116027875,-5.323853811937873,-5.635372754951397,5.722516169331067,-262.2898723210255
386.0,-2.3281680156818556,-0.5434263354851788,1.570025109357038,-5.328300904700566,-5.644158573857448,5.736650729451822,-263.09428850271723
387.0,-2.3316142860196534,-0.5432461363570148,1.5701158194138982,-5.334447558676997,-5.658536550368752,5.753667676133292,-263.8996458937831
388.0,-2.3352324775421502,-0.543090804563742,1.5704893535020823,-5.341898619662845,-5.675280772772252,5.7704733337564855,-264.70592320739706
389.0,-2.3389284071988454,-0.5430093037370355,1.5710335571110403,-5.350229223349014,-5.69306475727331,5.785047099219579,-265.5131159052501
390.0,-2.342628389290884,-0.5428944539892744,1.571513246901659,-5.359338581561069,-5.711515937686927,5.80209395060264,-266.32125880790403
391.0,-2.345521948212455,-0.5427208221117964,1.5711702760387647,-5.364582500914184,-5.72047644779389,5.817153334742955,-267.1304565549801
392.0,-2.348993019572787,-0.5425513794181572,1.571437820994676,-5.370587738936206,-5.734603406480091,5.820597714928233,-267.94059828366073
393.0,-2.3524747664788905,-0.5423821884422562,1.5718555736651072,-5.378919066074043,-5.750350416767562,5.830919187749073,-268.75174004947877
394.0,-2.355771942027561,-0.5422635309880357,1.5720352095824373,-5.386369130897901,-5.763470889869972,5.841732393861067,-269.5639264583804
395.0,-2.3591215459453316,-0.5420383978487273,1.572100217091962,-5.3942311323213605,-5.778466990971786,5.857168533061762,-270.37713099004526
396.0,-2.362379537778875,-0.5418210585031963,1.5720882690332971,-5.401560537828541,-5.791278630599913,5.871094660331662,-271.19142347765967
397.0,-2.3658358170271807,-0.5415555505430253,1.5721960590514836,-5.410168213691522,-5.807514305477824,5.887903458403184,-272.006759931193
398.0,-2.369374470549761,-0.5413040429191316,1.5724644380804025,-5.4200233322711755,-5.825161466069348,5.904578024413533,-272.82315161900556
399.0,-2.372733263726109,-0.5410858194079836,1.5725739796939062,-5.429079678740014,-5.8399573171869035,5.91971724435099,-273.6406566990317
400.0,-2.3761156877920167,-0.5408049608017955,1.5725260220374295,-5.438065496011567,-5.855317747826374,5.936977686114914,-274.45927847270326
401.0,-2.379608942074784,-0.5404856128307625,1.572702006155524,-5.448136884352664,-5.872536193200194,5.953057251029126,-275.2790038308107
402.0,-2.382918310592609,-0.5402549923184439,1.5727597881660094,-5.457085764642647,-5.886466965229383,5.96515288455316,-276.0998746918355
403.0,-2.386367301381744,-0.5399311623186418,1.5728527389946696,-5.467304278782947,-5.903246006854461,5.98112998427864,-276.9218750166953
404.0,-2.389867170915125,-0.5396138279776235,1.573083155608241,-5.478611701703612,-5.921158011738966,5.9965598777277105,-277.74500983459575
405.0,-2.393224684706759,-0.5393352258704914,1.5731565153728977,-5.489086966512241,-5.936504496230619,6.010738092528471,-278.5693294946814
406.0,-2.3966928012131694,-0.5390079125661325,1.5733339707862442,-5.500108989258313,-5.95380130179465,6.022594965072011,-279.39479206740225
407.0,-2.4002078104429505,-0.5386534106643992,1.573477627385091,-5.512570609057912,-5.972055192699829,6.03846521976883,-280.22145933308735
408.0,-2.4037452048022874,-0.5382978066347909,1.573720667214808,-5.525173359316721,-5.99062877362837,6.049308576684378,-281.0493153041181
409.0,-2.406914668555409,-0.5379979474521556,1.5738118896875242,-5.535671736670244,-6.004650349786487,6.057350531839063,-281.87835105151305
410.0,-2.4095188060137316,-0.5377181803300056,1.5728374565325711,-5.540596017739688,-6.009856297528625,6.0714804540040515,-282.70864009531545
411.0,-2.4124963920077858,-0.5371846987941737,1.572145734735666,-5.54694787564713,-6.019371571256901,6.088420327898582,-283.540189666027
412.0,-2.415695919694704,-0.5366948638765353,1.5719996376464604,-5.556262757666862,-6.0340206220440855,6.10468204177255,-284.3728893543784
413.0,-2.4190362034110633,-0.536307152536957,1.5720820900711738,-5.5682635105848926,-6.050936666035947,6.122481695970665,-285.20677095053077
414.0,-2.4224111139516444,-0.5359084710713523,1.5723061981713615,-5.581502248911081,-6.068914591645764,6.139436921533679,-286.04184212658816
415.0,-2.4258288737963993,-0.5355176628982339,1.5724885717590136,-5.595619244419501,-6.087441191564437,6.157505047441775,-286.87813987231135
416.0,-2.428783231171863,-0.5351802422850259,1.5720077010744122,-5.6050081189993595,-6.098129590379806,6.1759651324572165,-287.7157249682834
417.0,-2.431837291491913,-0.5346918830655674,1.5715783613946726,-5.6140596571849875,-6.109942425305575,6.194678350160168,-288.55457608410813
418.0,-2.435060564524637,-0.534184055853613,1.5714627167313198,-5.625485844445649,-6.125694195342036,6.2135250536463404,-289.39463215350327
419.0,-2.4382951057091,-0.5337478896295014,1.5717330542465617,-5.6386571392887435,-6.14303218548259,6.228129100734852,-290.2358355843842
420.0,-2.441568395599615,-0.5333559441685485,1.5719734693161453,-5.653349594580998,-6.161238069717629,6.245157327747793,-291.0782282252483
421.0,-2.444786916691294,-0.5329534365553088,1.572278104416654,-5.667716974429264,-6.1789210192777215,6.257313653770288,-291.92178935699377
422.0,-2.4480045191649245,-0.5325182655922327,1.572506382148726,-5.682986583660882,-6.197306511169494,6.272345162988237,-292.7665406821774
423.0,-2.4506780833502613,-0.5322249111188402,1.5725078021721455,-5.692821216604083,-6.208231077912431,6.279421053351045,-293.6123815076393
424.0,-2.4536514443415873,-0.531817992362457,1.5726926426815682,-5.7048519727463525,-6.223625187986546,6.282335817851657,-294.45929268336477
425.0,-2.4566924666327976,-0.5314199498202765,1.5730518730886442,-5.719026239821332,-6.240803136818286,6.283470263674162,-295.3072916265879
426.0,-2.459297919037289,-0.5315020772651671,1.573258633201457,-5.733637331827599,-6.255946457938739,6.283643429787963,-296.1562728172307
427.0,-2.461804053031212,-0.5314497411048615,1.5733713105865568,-5.748830096331932,-6.272572536212698,6.283648667949297,-297.0062030409636
428.0,-2.46341212119428,-0.5311994183453206,1.5733607806643504,-5.755157518419535,-6.282023004303324,6.283606284186548,-297.8566769913307
429.0,-2.4644505675251938,-0.530941713818286,1.5729531873710565,-5.755394180488009,-6.284520897095852,6.283485733189577,-298.7075584224018
430.0,-2.465410025737624,-0.5307894771173233,1.5725245208304062,-5.754833548410292,-6.284858333632099,6.278914363343767,-299.5588741378797
431.0,-2.4664464045782215,-0.5306713592383229,1.572006143610949,-5.754631783586336,-6.284923717248539,6.281679721001452,-300.4106967594348
432.0,-2.467374267777966,-0.5304838590491194,1.571582832404363,-5.754542208510021,-6.284933797223741,6.282757148515152,-301.26299245163915
433.0,-2.468289555428443,-0.5303394382872224,1.57120465866454,-5.754353287906908,-6.2849363312467235,6.283204697731081,-302.1157355841356
434.0,-2.469204728532791,-0.5302210345375065,1.5708628410340468,-5.754161091338552,-6.284939369141516,6.283321666644556,-302.9689149314973
435.0,-2.4701232813935063,-0.530115852480063,1.5705478796506667,-5.753995246757448,-6.284943419563339,6.283355125727636,-303.8225264137978
436.0,-2.4710742902138074,-0.5300391622804087,1.5702918172586589,-5.753753767817575,-6.284975102302628,6.279718130508518,-304.6765629972006
437.0,-2.4720945803194483,-0.5299715792631711,1.5699543197392796,-5.753677455843684,-6.284974766498795,6.281975469559598,-305.53107336885523
438.0,-2.4730416705698874,-0.5298489777296078,1.5696705966195013,-5.753622292311593,-6.28496993224071,6.282858677119857,-306.3860329914459
439.0,-2.4739806885114457,-0.5297519397925081,1.5694146892129115,-5.753490248636313,-6.2849683410647845,6.283222088693212,-307.2414247623845
440.0,-2.4749203890577545,-0.5296723074099279,1.569183248295331,-5.753359188801119,-6.284969587855219,6.283312068882692,-308.09724145797475
441.0,-2.4758633365864577,-0.5296018359793571,1.568970065391317,-5.753247804570008,-6.284972494286304,6.283340433512076,-308.9534806872054
442.0,-2.476809914856889,-0.5295371721748987,1.568771526264164,-5.753150425125366,-6.28497607797849,6.283349466193808,-309.81014122891304
443.0,-2.477760010423359,-0.5294769872521305,1.5685856388476895,-5.753061893308944,-6.28497981084735,6.283351574441459,-310.6672221344371
444.0,-2.478713430082363,-0.5294206617130536,1.5684112137776245,-5.752979847048882,-6.284983466852199,6.283351255458548,-311.5247225622431
445.0,-2.4796699727878093,-0.5293678329578085,1.5682474088875813,-5.752903241700789,-6.284986960512717,6.283350128448675,-312.38264173493013
446.0,-2.480629442383661,-0.5293182409774051,1.5680935332422807,-5.752831514075768,-6.28499026511199,6.2833487726169395,-313.24097892109296
447.0,-2.4815965698954425,-0.5292778518630252,1.5679673536492993,-5.7527478954916775,-6.2849951942480615,6.282048001285211,-314.0997304529461
448.0,-2.4825752128652825,-0.5292366909511681,1.567822646117545,-5.752707156177449,-6.284999177158096,6.282886056168639,-314.9589060425072
449.0,-2.4835235267227542,-0.5291848774339114,1.5676746771108678,-5.752542115563781,-6.284669113006139,6.283219452277296,-315.81850719702044
450.0,-2.4845001863793392,-0.5291472747847049,1.5675594610174148,-5.752551170035188,-6.284822558176259,6.28330276826183,-316.67852191733255
451.0,-2.4854773434086868,-0.5291118962246253,1.5674513449606915,-5.752527484058991,-6.284947574732199,6.283328603082833,-317.5389476718011
452.0,-2.486453329144722,-0.5290781102931965,1.5673461405907871,-5.752482039909178,-6.2849899570012475,6.2833367631126436,-318.3997865338772
453.0,-2.4874308950161628,-0.5290463118772706,1.5672462134682172,-5.752435574216065,-6.285004578326663,6.283339077087393,-319.2610394002798
454.0,-2.4884110024226587,-0.5290165118252778,1.5671521393312602,-5.752390956176587,-6.2850107098164845,6.2833395208199265,-320.12270654290273
455.0,-2.489393712292286,-0.5289885459856244,1.5670637672875005,-5.7523488715497315,-6.285014193897753,6.283339346955957,-320.98478801850655
456.0,-2.490336807869193,-0.5289511890934072,1.5669513077030413,-5.752059909394032,-6.284301382815124,6.2833427374841095,-321.847297649654
457.0,-2.4913367611695705,-0.5289327947255209,1.5668904841084441,-5.752181168162712,-6.284630372130592,6.283343288661027,-322.7102152231669
458.0,-2.4923346735619822,-0.5289130831259684,1.5668300400695476,-5.752222209044853,-6.284897041579723,6.283341200839133,-323.57353717618156
459.0,-2.4933282763486413,-0.5288930503682491,1.5667649734816984,-5.752202403837717,-6.284985094750284,6.2833393021065,-324.43726898222553
460.0,-2.49432234274683,-0.5288735300318175,1.5667015551834262,-5.752174452245442,-6.285013117662886,6.283338129662519,-325.3014133448773
461.0,-2.4953179232022715,-0.5288547724605772,1.5666413677849667,-5.752146891694789,-6.285022752681811,6.283337431351464,-326.16597123879137
462.0,-2.4963151566155424,-0.5288369643872233,1.5665846560517358,-5.75212049612539,-6.285026749492621,6.283336976324478,-327.0309429408781
463.0,-2.4973139956712984,-0.5288201739709745,1.5665313647353898,-5.7520954264119055,-6.285028969699584,6.283336641702123,-327.8963284920546
464.0,-2.4983143559513707,-0.5288043947708742,1.5664813515293887,-5.752071768200401,-6.285030588215741,6.283336370904499,-328.762127859094
465.0,-2.4993161477809718,-0.5287895882973456,1.5664344451565246,-5.7520495237386005,-6.285031966168966,6.283336139115499,-329.6283409851859
466.0,-2.5003192842048896,-0.5287757048996319,1.5663904687943937,-5.752028644572309,-6.285033217308631,6.283335935423136,-330.4949678054575
467.0,-2.5013236829565133,-0.5287626924231988,1.5663492498839682,-5.752009062093051,-6.2850343797794,6.283335754738602,-331.36200825195004
468.0,-2.5023292667011314,-0.5287504996299723,1.5663106237523214,-5.751990702645597,-6.285035468371695,6.28333559436034,-332.2294622553147
469.0,-2.503335962830107,-0.528739077479489,1.5662744346550617,-5.751973493520002,-6.285036490491416,6.283335452567525,-333.0973297454306
470.0,-2.5043437031743223,-0.5287283795384815,1.5662405358263283,-5.751957365097234,-6.285037451078632,6.2833353280584365,-333.9656106516541
471.0,-2.50535242372426,-0.5287183620408021,1.5662087891686773,-5.7519422515142296,-6.2850383541412915,6.283335219729171,-334.834304902936
472.0,-2.5063620643703515,-0.5287089838125507,1.566179064824062,-5.751928090765762,-6.285039203244196,6.28333512658644,-335.7034124278897
473.0,-2.5073279317635206,-0.5286873298750213,1.5661219313101093,-5.751697448761703,-6.284388374195247,6.283336432504322,-336.5729446384097
474.0,-2.508347339606457,-0.5286849181708146,1.5661096964369008,-5.751824034502728,-6.2846866055296395,6.283337955150356,-337.4428828981908
475.0,-2.509366419361894,-0.5286812162785489,1.5660967189163615,-5.751875457312896,-6.284928484717036,6.283337156214282,-338.3132246413666
476.0,-2.510380832326184,-0.5286758990613714,1.5660773790791551,-5.751875234137232,-6.285007696002659,6.2833360450103894,-339.1839753083626
477.0,-2.511394634727361,-0.5286700860748101,1.5660571910299357,-5.751867736628991,-6.285032258633582,6.283335383566418,-340.0551374756779
478.0,-2.51240877840205,-0.5286641972131731,1.5660376738048258,-5.751859499243457,-6.285040111473416,6.28333506402692,-340.9267120305866
479.0,-2.5134234443036694,-0.5286584824072443,1.5660191887097226,-5.751851196257629,-6.285042877320193,6.2833349237377565,-341.79869921091796
480.0,-2.5144386491199664,-0.5286530544699277,1.5660018210052251,-5.751843095212248,-6.2850440755088615,6.283334868931668,-342.67109904107565
481.0,-2.5154543721755807,-0.528647949826489,1.5659855649195153,-5.751835363663472,-6.28504477456167,6.283334855098999,-343.54391147912355
482.0,-2.516424301373926,-0.5285445889485064,1.5658190986162706,-5.75147865776835,-6.285013641091131,6.283346723632224,-344.4171425393734
483.0,-2.5174250028462666,-0.52854890751483,1.5657667290490005,-5.751581896705333,-6.285030436939912,6.283339256837631,-345.290790492934
484.0,-2.5184419561579166,-0.5285713790481633,1.5657770127382884,-5.751686332165244,-6.285041641528365,6.283335861337323,-346.16484772326436
485.0,-2.5194619358151407,-0.5285796363151052,1.565781517627781,-5.751720446755994,-6.285046602157623,6.283334688118474,-347.03931520913875
486.0,-2.5204831454646768,-0.5285821909825941,1.5657817823376707,-5.7517319230170445,-6.285048894462261,6.283334295124688,-347.9141940400968
487.0,-2.5215048706509884,-0.5285827186346017,1.5657804850210149,-5.751735613984753,-6.285049942574353,6.283334207447884,-348.7894846441967
488.0,-2.522526849064039,-0.5285825282872374,1.5657787266765337,-5.75173633676336,-6.285050441544428,6.283334242012599,-349.665187140459
489.0,-2.523548982614446,-0.5285821046855733,1.5657769263256316,-5.75173594529464,-6.285050707427657,6.283334326303774,-350.5413015309381
490.0,-2.524571230945185,-0.5285816312853204,1.5657752394717743,-5.7517351773986185,-6.285050874816531,6.283334431390427,-351.4178277735554
491.0,-2.5255935749201663,-0.5285811768944647,1.5657737190272667,-5.751734320060169,-6.2850509992386,6.2833345456589615,-352.2947658089897
492.0,-2.526616003680629,-0.5285807660360842,1.565772378222911,-5.751733481614748,-6.285051103340165,6.283334664413483,-353.1721155709749
493.0,-2.5276385097896714,-0.5285804061008464,1.5657712152551946,-5.751732700973391,-6.285051196377259,6.283334785727706,-354.0498769903431
494.0,-2.528661087340391,-0.5285800979167936,1.5657702228793504,-5.751731990272563,-6.285051282206967,6.28333490878493,-354.92804999661973
495.0,-2.5296837312044276,-0.5285798398715861,1.5657693921222682,-5.751731351400757,-6.285051362519111,6.2833350332139535,-355.8066345186497
496.0,-2.5307064367273195,-0.5285796295164065,1.5657687137072214,-5.751730782416038,-6.285051438132523,6.283335158823789,-356.6856304848415
497.0,-2.5317291995993263,-0.5285794641856904,1.5657681785880297,-5.751730280041319,-6.285051509512176,6.283335285497761,-357.56503782326246
498.0,-2.5327520157953365,-0.5285793412326271,1.5657677781367596,-5.751729840630233,-6.285051576974785,6.2833354131511925,-358.44485646167396
499.0,-2.533774881542293,-0.5285792581149249,1.5657675041972483,-5.751729460535572,-6.285051640770568,6.283335541714426,-359.32508632754497
500.0,-2.53479779329791,-0.5285792124224479,1.5657673490873758,-5.751729136244603,-6.285051701115958,6.283335671125949,-360.2057273480556
501.0,-2.5358207477343027,-0.5285792018824882,1.5657673055824206,-5.7517288644237805,-6.285051758206926,6.283335801329524,-361.0867794500979
502.0,-2.536843741724039,-0.5285792243566331,1.5657673668920804,-5.751728641928521,-6.285051812224655,6.28333593227293,-361.96824256027486
503.0,-2.5378667723275887,-0.5285792778346596,1.5657675266360198,-5.7517284657998164,-6.285051863338178,6.2833360639073605,-362.85011660489914
504.0,-2.5388898367817556,-0.528579360427565,1.5657677788197715,-5.751728333256121,-6.285051911705802,6.283336196187056,-363.73240150999146
505.0,-2.5399135589691677,-0.5285829070099816,1.565781010225293,-5.751717676330721,-6.285053335912315,6.282259695515222,-364.6150941344047
506.0,-2.540944916068497,-0.528584667066069,1.565774143154247,-5.751734468954351,-6.285053200310442,6.282963090875667,-365.49820237611505
507.0,-2.541969924477646,-0.5285822146824904,1.565770563479424,-5.751737177204654,-6.285052653337399,6.2832361384877515,-366.38172342888805
508.0,-2.542993704795151,-0.5285807686539543,1.5657692587571665,-5.751733017959461,-6.285052463709402,6.283301592555952,-367.26565571432366
509.0,-2.544017170471498,-0.5285801982338891,1.5657690522595276,-5.751729998176879,-6.285052349130111,6.283324132749261,-368.14999872601385
510.0,-2.5450265155176206,-0.5285760807225744,1.565760528811809,-5.75166191124584,-6.284849838248151,6.2833330522905495,-369.03475571689347
511.0,-2.5460524408675997,-0.5285780776297331,1.5657656125515937,-5.751704690389645,-6.284942221946467,6.283336479064826,-369.919920906465
512.0,-2.547077964255676,-0.5285795547138489,1.5657699718931553,-5.75172368532101,-6.285017139730595,6.283337392823007,-370.8054934128694
513.0,-2.5481017898723537,-0.5285804041465788,1.5657719451771448,-5.751726835592518,-6.285041576877948,6.283337559716186,-371.691474851411
514.0,-2.5491252201179817,-0.5285809851986044,1.5657732676882874,-5.751727790736098,-6.285049045433684,6.283337630172437,-372.5778659611491
515.0,-2.5501485676449045,-0.5285814289096017,1.565774419826885,-5.751728411204593,-6.285051328090252,6.283337720671914,-373.46466695859687
516.0,-2.5511719015763785,-0.5285818149082852,1.5657755294612792,-5.751728858098695,-6.2850520384582484,6.283337834364859,-374.3518778605899
517.0,-2.55219523827335,-0.5285821826491991,1.5657766425577615,-5.75172921144125,-6.285052270619862,6.2833379613782085,-375.239498618742
518.0,-2.5532528469123705,-0.5286419935761492,1.5659166667444229,-5.751599695891214,-6.285084119234341,6.274241738402643,-376.1275009358174
519.0,-2.5544032125237726,-0.5286708490817053,1.5658166521349322,-5.7517220285354265,-6.285079127341524,6.279618526785115,-377.0159804229553
520.0,-2.555456824155158,-0.5286193798905816,1.5657774647554739,-5.7518341028338265,-6.285067916986309,6.281848343272943,-377.90490518305
521.0,-2.556491087989077,-0.5285925527969236,1.5657617571745073,-5.751789365574766,-6.285061846175826,6.282007153641523,-378.79425006162313
522.0,-2.5575235964358294,-0.5285811034526676,1.5657459730738525,-5.751756176114509,-6.285057622555488,6.28285550582838,-379.68401151632344
523.0,-2.558550919478168,-0.5285749966195955,1.5657403536285468,-5.751733772034863,-6.285055554179808,6.283202749492239,-380.57418527621144
524.0,-2.5595765927225482,-0.5285727113820107,1.565740398683729,-5.751721207523474,-6.285054640977147,6.283294559861226,-381.4647693650689
525.0,-2.5606016450972593,-0.5285723790651006,1.5657427988737798,-5.751716083702901,-6.285054125292446,6.283322811565231,-382.3557630410533
526.0,-2.5616264047868613,-0.5285729445237642,1.565746113104042,-5.751714811176534,-6.2850538303495105,6.28333315049452,-383.24716598042716
527.0,-2.562650997901488,-0.5285738818136336,1.5657497355068781,-5.751715175113301,-6.285053658231532,6.283336990377052,-384.1389779980602
528.0,-2.56367548161258,-0.5285749550079896,1.5657534094262258,-5.751716192317129,-6.285053551022966,6.2833384773161844,-385.031198969524
529.0,-2.5646998822711042,-0.5285760631043083,1.5657570321341885,-5.751717450655113,-6.285053476991551,6.2833391138290935,-385.92382879658606
530.0,-2.565724212761357,-0.5285771644645153,1.5657605654561075,-5.7517187788364135,-6.285053419899022,6.283339442819163,-386.8168673918444
531.0,-2.566748480195786,-0.5285782428907128,1.5657639977830313,-5.751720106846627,-6.285053371836059,6.283339660268454,-387.71031467213373
532.0,-2.5677726891991925,-0.5285792928635786,1.5657673282388616,-5.751721407294283,-6.285053329056354,6.283339836924739,-388.6041705557728
533.0,-2.5687968432763415,-0.5285803132508419,1.565770560124009,-5.751722670547632,-6.285053289791467,6.283339998346676,-389.49843496143194
534.0,-2.569820945377414,-0.5285813046669379,1.5657736982236776,-5.751723894243837,-6.285053253181364,6.283340153786637,-390.3931078076717
535.0,-2.5708449981338344,-0.5285822683788972,1.5657767477177515,-5.751725078914155,-6.285053218774887,6.2833403066112075,-391.28818901275736
536.0,-2.5718690039594683,-0.5285832058588589,1.5657797137492688,-5.751726226181864,-6.285053186303831,6.283340458061116,-392.18367849458633
537.0,-2.572892965096857,-0.5285841186043847,1.5657826012613814,-5.751727338028946,-6.285053155583038,6.283340608608139,-393.0795761706616
538.0,-2.573916883640885,-0.5285850080687362,1.5657854149427342,-5.751728416502362,-6.285053126466893,6.283340758444964,-393.9758819580833
539.0,-2.5749407615530653,-0.5285858756358989,1.5657881592160356,-5.751729463599774,-6.2850530988304865,6.283340907662131,-394.87259577354814
540.0,-2.5759646006717567,-0.528586722613605,1.5657908382433967,-5.751730481227931,-6.28505307256143,6.283341056312006,-395.7697175333514
541.0,-2.576988402720482,-0.5285875502334537,1.5657934559378082,-5.751731471190229,-6.285053047556206,6.283341204431973,-396.6672471533901
542.0,-2.578012169315232,-0.5285883596537154,1.565796015976513,-5.751732435185758,-6.28505302371842,6.28334135205288,-397.56518454916636
543.0,-2.5790359019711255,-0.52858915196305,1.5657985218145996,-5.751733374812728,-6.285053000957888,6.283341499202169,-398.4635296357909
544.0,-2.5800596021085775,-0.5285899281844315,1.5658009766981855,-5.751734291573419,-6.285052979190045,6.283341645905057,-399.36228232798663
545.0,-2.58108327105907,-0.5285906892790101,1.565803383676966,-5.751735186879529,-6.285052958335528,6.283341792185039,-400.2614425400917
546.0,-2.582106910070547,-0.528591436149808,1.5658057456160683,-5.751736062057474,-6.28505293831982,6.283341938064118,-401.1610101860629
547.0,-2.58313052031249,-0.5285921696452204,1.5658080652072106,-5.75173691835347,-6.285052919072946,6.283342083562939,-402.0609851794787
548.0,-2.5841541028806754,-0.5285928905623146,1.565810344979199,-5.751737756938353,-6.2850529005291955,6.283342228700891,-402.9613674335419
549.0,-2.5851776588016424,-0.5285935996499339,1.56581258730779,-5.751738578912141,-6.2850528826268475,6.283342373496188,-403.86215686108295
550.0,-2.586201189036895,-0.5285942976116156,1.5658147944249572,-5.751739385308301,-6.285052865307938,6.283342517965946,-404.76335337456214
551.0,-2.587224694486843,-0.5285949851083327,1.5658169684275987,-5.751740177097786,-6.285052848518028,6.2833426621262465,-405.66495688607256
552.0,-2.588254384467225,-0.5286057563973497,1.5658470045390154,-5.7517109352692515,-6.285061170086237,6.280896530536435,-406.5669613411237
553.0,-2.5893187438769383,-0.5286176945288773,1.5658201183214828,-5.751751712490813,-6.285059160766725,6.2824200216152795,-407.4693936830722
554.0,-2.5903505751455875,-0.5286031290807397,1.5658106226508746,-5.751770015754785,-6.285056719768588,6.2830253903395175,-408.3722420430669
555.0,-2.5913772706006237,-0.528595797403242,1.5658061735469964,-5.751756402469118,-6.285055187240138,6.283257300523797,-409.27550033634805
556.0,-2.592402154184469,-0.5285932794803347,1.5658059809829756,-5.751743976146705,-6.285054286140079,6.283312630613095,-410.17916610048945
557.0,-2.593426488355858,-0.5285928442443609,1.5658078131778324,-5.751738704513555,-6.285053769112667,6.283332311295206,-411.0832386421049
558.0,-2.5944505847590715,-0.5285932666737337,1.5658105086587029,-5.751737326175505,-6.285053487956494,6.283339527546449,-411.98771766469264
559.0,-2.595431883949863,-0.5285819890924652,1.565787212170693,-5.751534747620891,-6.284441245519885,6.2833452159434735,-412.8926130573417
560.0,-2.596463348891693,-0.5285886650062279,1.5658038220931825,-5.751664865729946,-6.284720619478477,6.283346892220802,-413.7979078133884
561.0,-2.597493781883296,-0.528593504929759,1.5658177162182896,-5.7517251588310545,-6.284947006694505,6.283346254022902,-414.7035997953152
562.0,-2.598519049015291,-0.528596226102981,1.5658239379936132,-5.751736693252553,-6.285020721627068,6.283345309144745,-415.6096940417832
563.0,-2.5995430401461253,-0.5285979828092128,1.5658278233417193,-5.751740539565914,-6.285043167499,6.283344812346546,-416.5161928859955
564.0,-2.600566709253172,-0.528599220308765,1.5658309319248551,-5.75174291255544,-6.285049957789363,6.283344653810876,-417.42309710947035
565.0,-2.6015902721201147,-0.528600206566364,1.5658337054737819,-5.751744565600642,-6.285052004111161,6.283344667718017,-418.3304069040024
566.0,-2.6026137825718494,-0.5286010755282347,1.5658363094595393,-5.75174582058447,-6.28505260964236,6.283344758846828,-419.2381222672076
567.0,-2.6036372554358334,-0.5286018863762354,1.5658388146452424,-5.751746881158436,-6.2850527761468555,6.283344882357179,-420.14624313564366
568.0,-2.604660695146577,-0.5286026644611301,1.565841251852,-5.751747848614557,-6.285052808494787,6.283345018803571,-421.05476942621067
569.0,-2.6056841034462312,-0.5286034207986965,1.5658436350565412,-5.751748766756869,-6.285052799903558,6.283345160144074,-421.96370104905367
570.0,-2.606707481479421,-0.5286041604035756,1.5658459713707709,-5.751749653937053,-6.285052779044056,6.283345303161702,-422.8730379117561
571.0,-2.6077308302819926,-0.5286048857821126,1.5658482651145555,-5.7517505181615585,-6.28505275478476,6.2833454466041365,-423.7827799207601
572.0,-2.608754150857445,-0.5286055983880374,1.5658505194239567,-5.751751363280668,-6.285052729871019,6.283345589997878,-424.6929269818609
573.0,-2.609777444172438,-0.5286062992232561,1.5658527368842468,-5.751752191447749,-6.285052705137386,6.283345733172176,-425.60347900038323
574.0,-2.6108007111466227,-0.5286069890834563,1.5658549197827365,-5.751753004101522,-6.2850526808165945,6.2833458760721115,-426.5144358812458
575.0,-2.611826136879531,-0.5286134842440239,1.5658762052205113,-5.751735699830688,-6.2850561902653554,6.28167934011847,-427.425793005602
576.0,-2.6128689425552154,-0.5286189950172304,1.5658629010335443,-5.75176789305003,-6.285055418941412,6.282736611004139,-428.3375658049677
577.0,-2.613896019950899,-0.5286125807004144,1.5658575526306866,-5.7517731778575145,-6.285054033910028,6.283161327487043,-429.24974770205785
578.0,-2.6149206469115924,-0.5286093740282454,1.5658558882436369,-5.75176429157083,-6.285053519792457,6.283289004606632,-430.16233557882845
579.0,-2.6159250053854883,-0.5286056177069012,1.5658546965699973,-5.751654853516817,-6.284771416731377,6.282420102535467,-431.07533022899884
580.0,-2.616958395307322,-0.5286093337299621,1.5658561453370117,-5.75172882393761,-6.284899490482907,6.283040695228744,-431.9887304154704
581.0,-2.617986205022787,-0.528609470237427,1.5658599503740775,-5.751756771219395,-6.28500383353739,6.283263975131632,-432.9025324348815
582.0,-2.619010704496168,-0.52860966138293,1.565862287861236,-5.751757559286993,-6.2850379159463925,6.283317522223003,-433.8167373127114
583.0,-2.6200343586352393,-0.5286101723528716,1.565864499622914,-5.751756794070161,-6.285048250067219,6.283336534349101,-434.73134575518145
584.0,-2.621057755875698,-0.528610824647267,1.565866822182718,-5.751756998113232,-6.2850513384034485,6.283343451441584,-435.6463579571205
585.0,-2.6220810483218733,-0.5286115320387971,1.5658691860361191,-5.7517576536681325,-6.285052241499181,6.283346021416801,-436.56177390503575
586.0,-2.6231042832159908,-0.5286122579818688,1.5658715421548743,-5.751758455301553,-6.285052488053829,6.2833470335168515,-437.47759352146784
587.0,-2.624127477675236,-0.5286129852998378,1.5658738704797266,-5.751759301215082,-6.2850525385235265,6.283347487751488,-438.393816712153
588.0,-2.6251506385117764,-0.5286137061933298,1.5658761639121885,-5.751760156003132,-6.285052531099368,6.283347742088934,-439.31044337867877
589.0,-2.626173768812363,-0.5286144175139571,1.5658784206944218,-5.75176100536336,-6.285052507028673,6.283347924638662,-440.2274734215079
590.0,-2.627196870304926,-0.5286151182718677,1.5658806413272734,-5.751761843441309,-6.285052478518205,6.283348081265873,-441.14490674063967
591.0,-2.6282199441989924,-0.528615808419827,1.565882827238718,-5.7517626681952185,-6.285052449121834,6.283348228404279,-442.062743235729
592.0,-2.629242991481087,-0.5286164882993638,1.565884980189081,-5.751763479274612,-6.285052419834707,6.283348371950845,-442.9809828060934
593.0,-2.6302660130211106,-0.528617158397646,1.5658871020112592,-5.75176427703532,-6.2850523909047,6.283348514028234,-443.89962535070373
594.0,-2.6312890096129986,-0.5286178192432418,1.5658891945025422,-5.751765062103287,-6.285052362366463,6.28334865540621,-444.81867076817827
595.0,-2.632311981991818,-0.5286184713626393,1.5658912593827796,-5.751765835189009,-6.285052334196771,6.283348796369089,-445.73811895678074
596.0,-2.633334930842068,-0.528619115262974,1.5658932982806901,-5.751766597010954,-6.285052306358748,6.283348937026621,-446.65796981442094
597.0,-2.634357856802574,-0.5286197514258896,1.5658953127317694,-5.751767348265198,-6.285052278813973,6.28334907742548,-447.5782232386566
598.0,-2.635380760469959,-0.5286203803060381,1.5658973041808077,-5.75176808961437,-6.285052251525544,6.283349217589269,-448.4988791266958
599.0,-2.636403642401482,-0.5286210023314556,1.5658992739861033,-5.751768821684565,-6.2850522244586875,6.283349357532893,-449.41993737539923
600.0,-2.6374265031175237,-0.5286216179046574,1.565901223424178,-5.751769545065461,-6.285052197580773,6.283349497267758,-450.34139788128306
601.0,-2.638449343103874,-0.5286222274039718,1.5659031536945194,-5.751770260311669,-6.285052170861176,6.28334963680364,-451.2632605405212
602.0,-2.639472162813832,-0.5286228311849184,1.565905065924155,-5.751770967944502,-6.285052144271155,6.283349776149394,-452.18552524894756
603.0,-2.6404949626701906,-0.5286234295815518,1.5659069611720031,-5.7517716684538645,-6.285052117783723,6.283349915313225,-453.1081919020586
604.0,-2.641517743067081,-0.5286240229077476,1.565908840432983,-5.7517723623000805,-6.285052091373531,6.283350054302795,-454.0312603950152
605.0,-2.6425405043717096,-0.5286246114584161,1.565910704641878,-5.751773049915672,-6.285052065016786,6.283350193125302,-454.95473062264495
606.0,-2.643563246925989,-0.5286251955106485,1.5659125546769748,-5.751773731707023,-6.285052038691128,6.283350331787495,-455.87860247944406
607.0,-2.6445859710480684,-0.5286257753247923,1.565914391363479,-5.751774408055966,-6.285052012375558,6.283350470295727,-456.8028758595792
608.0,-2.6455447127757346,-0.5284837532208185,1.56569381652013,-5.75125658731361,-6.285009729548242,6.283367367210252,-457.72756411571373
609.0,-2.646545596829295,-0.5284965104193208,1.5656396849004426,-5.75142369531469,-6.285031689535286,6.28335690423804,-458.6526629936711
610.0,-2.647568243137662,-0.5285351010272673,1.5656757662635905,-5.751589359297943,-6.2850459854147385,6.283352189265105,-459.57815859334073
611.0,-2.648594485815547,-0.5285530570714979,1.5657020337825158,-5.751648390253723,-6.285052102133289,6.2833506069509975,-460.5040519596931
612.0,-2.6496218830468585,-0.5285625300070411,1.5657209451123575,-5.751673563646074,-6.2850546959652105,6.28335012579378,-461.43034463272323
613.0,-2.65057243630459,-0.528395446937951,1.565465509838297,-5.751054650800464,-6.285004747751553,6.283370481449155,-462.35705401971103
614.0,-2.6515736837822357,-0.5284149446511479,1.5654110744332101,-5.751266703389131,-6.285031500404781,6.283357691808315,-463.2841751818444
615.0,-2.6526009580340206,-0.5284652351710146,1.5654654246365292,-5.751474577742452,-6.285048662113217,6.2833519491406,-464.211691129242
616.0,-2.6536323003101843,-0.5284902038453727,1.5655070912388045,-5.751551415161622,-6.285055862278699,6.283350043520356,-465.13960314159175
617.0,-2.654664772371746,-0.5285046386878606,1.5655391699718237,-5.751586502626443,-6.285058788079328,6.283349488445135,-466.06791313063945
618.0,-2.6556972434792083,-0.528514913403159,1.5655665254947182,-5.751606979398379,-6.285059716281836,6.283349454040607,-466.99662191826195
619.0,-2.656729322790797,-0.5285233354980906,1.5655911983953612,-5.751621380229184,-6.285059778104485,6.283349619395875,-467.92572978656625
620.0,-2.6577608922650016,-0.5285307888805113,1.565614033036515,-5.751632992702715,-6.285059493286513,6.283349858317966,-468.85523680691716
621.0,-2.6587919295307394,-0.528537630601965,1.565635409581531,-5.751643166115798,-6.285059083845876,6.283350121067167,-469.78514296881906
622.0,-2.6597702813811828,-0.5284308491247177,1.5654808902118282,-5.75124563558831,-6.2850244168887235,6.28336345208629,-470.7154586337738
623.0,-2.6607683484598494,-0.5284426863725554,1.565447573249778,-5.751316516922139,-6.2848391959773835,6.283356844707903,-471.6461835720396
624.0,-2.6618003180974754,-0.5284808157027722,1.5654972681323795,-5.751497207892189,-6.284942773710389,6.28335329071133,-472.5773014802529
625.0,-2.6628343688139715,-0.5285014622267821,1.5655372015575384,-5.75157091738745,-6.285022222159946,6.283351735021415,-473.5088126646884
626.0,-2.6638672260614604,-0.5285142345908588,1.565567786881934,-5.751601277216911,-6.285048372199293,6.283351051114131,-474.44072008273287
627.0,-2.664899459891263,-0.5285237783258381,1.5655940225169325,-5.751619295844729,-6.285056244060281,6.283350890466441,-475.373025055401
628.0,-2.665942060633261,-0.5285461185450258,1.5656518567052957,-5.75158581564341,-6.285073814939041,6.280094746341376,-476.30572071458096
629.0,-2.667037618642554,-0.5285711808390973,1.5656299491246288,-5.751639463450395,-6.285072169917502,6.282109227445175,-477.2388466041057
630.0,-2.6680807630901775,-0.5285534597764969,1.5656354750294095,-5.751690608206119,-6.285065442489794,6.282904329825641,-478.17238502503363
631.0,-2.669115640842341,-0.5285472838206341,1.5656459053792424,-5.751681170335424,-6.285061837972542,6.283229856160187,-479.10632649913566
632.0,-2.6701474918500527,-0.5285484090725302,1.5656611998474745,-5.751669264262102,-6.285059989584993,6.283309743156409,-480.0406672900323
633.0,-2.6711781504367345,-0.5285523807895055,1.5656785549752545,-5.7516677503458915,-6.2850588390498014,6.283336820858635,-480.9754064175924
634.0,-2.672208082098167,-0.5285573390242906,1.5656962821120903,-5.751671995122689,-6.285058065071553,6.283346758983003,-481.91054352151616
635.0,-2.6732374476125327,-0.5285625292195362,1.565713581892002,-5.751678329824208,-6.285057486256314,6.283350494221854,-482.84607840620004
636.0,-2.674266329710976,-0.5285676464732296,1.565730152385728,-5.751685216376576,-6.285057012389935,6.283351992299733,-483.7820109427512
637.0,-2.6752947789649997,-0.5285725723435174,1.5657459065069197,-5.751692081526642,-6.285056598988249,6.283352682817979,-484.718341031416
638.0,-2.67632283021631,-0.5285772670186913,1.5657608410647272,-5.751698714624321,-6.285056224031494,6.283353079566482,-485.6550685837707
639.0,-2.6773505105847684,-0.5285817232760956,1.5657749844001152,-5.751705043583585,-6.285055876585167,6.283353367123279,-486.59219351476156
640.0,-2.6783778432083216,-0.5285859468643791,1.5657883757840658,-5.751711051482509,-6.28505555106452,6.283353611919457,-487.5297157394212
641.0,-2.679404848874768,-0.5285899483236961,1.5658010572324086,-5.751716743329058,-6.285055244395842,6.283353837999117,-488.4676351715925
642.0,-2.6804315467297277,-0.528593739647874,1.5658130702846937,-5.751722132392105,-6.285054954667311,6.283354054191511,-489.40595172347275
643.0,-2.681457954603481,-0.5285973329522827,1.5658244547954931,-5.751727234613996,-6.285054680510778,6.2833542638559345,-490.344665305485
644.0,-2.682484089181957,-0.5286007399614294,1.5658352485381284,-5.751732066376116,-6.285054420825344,6.283354468377476,-491.2837758262796
645.0,-2.6835099661126796,-0.528603971828453,1.5658454871311307,-5.751736643635404,-6.285054174655251,6.283354668421757,-492.2232831927848
646.0,-2.6845356000822957,-0.528607039087471,1.565855204089149,-5.751740981613599,-6.285053941135717,6.283354864385839,-493.1631873102744
647.0,-2.6855610048805767,-0.5286099516580199,1.5658644309187568,-5.751745094706664,-6.28505371946824,6.2833550565606755,-494.10348808244
648.0,-2.6865861934570234,-0.5286127188690141,1.5658731972275781,-5.751748996480476,-6.285053508908549,6.283355245190065,-495.0441854114617
649.0,-2.6876111779726415,-0.5286153494891764,1.5658815308343983,-5.7517526996990815,-6.285053308759982,6.283355430492351,-495.98527919807657
650.0,-2.688635969848031,-0.5286178517587962,1.5658894578756115,-5.7517562163642095,-6.285053118369225,6.283355612668767,-496.92676934164376
651.0,-2.6896605798083497,-0.5286202334208291,1.5658970029064008,-5.751759557757544,-6.285052937123105,6.283355791906907,-497.86865574020595
652.0,-2.690685017925479,-0.5286225017506171,1.5659041889962397,-5.751762734482534,-6.285052764445926,6.283355968382443,-498.81093829054754
653.0,-2.691709293657597,-0.5286246635840144,1.5659110378187913,-5.751765756504529,-6.285052599797094,6.283356142260165,-499.7536168882496
654.0,-2.6926757821010145,-0.5285007616917571,1.5657254036361044,-5.751295134403505,-6.285016560454539,6.2827132687900935,-500.6967024435195
655.0,-2.69368361622046,-0.5285139690407802,1.56567693968932,-5.7514609271999655,-6.285034177631183,6.28316677750642,-501.64019549202044
656.0,-2.6947079810646195,-0.5285486943563112,1.565711478085321,-5.751611846206235,-6.285046668082816,6.28329766554218,-502.5840810469454
657.0,-2.6957350602612116,-0.5285653469818468,1.5657380875348181,-5.751663825283007,-6.2850521003255935,6.283334832306614,-503.52835935463906
658.0,-2.6967629653690106,-0.5285747027686987,1.5657584449501818,-5.751686446081654,-6.285054353715628,6.2833483041286415,-504.4730316365379
659.0,-2.6977909119406087,-0.5285812739391408,1.5657758251225578,-5.751699427219281,-6.285055104453205,6.283353266512937,-505.4180984034145
660.0,-2.698818626337836,-0.5285866472657662,1.5657915505582356,-5.751708534760751,-6.285055201897933,6.283355181975691,-506.36355979799566
661.0,-2.69984602648332,-0.5285914124425007,1.5658061518154502,-5.751715900045237,-6.285055037811779,6.283356008521774,-507.30941582075246
662.0,-2.700873096347682,-0.5285958004757867,1.5658198628667024,-5.751722380545017,-6.285054778688548,6.283356444482445,-508.255666418117
663.0,-2.701899842316859,-0.5285999080144816,1.5658328017060172,-5.751728324182603,-6.285054491954045,6.283356738389893,-509.2023115146812
664.0,-2.7029262782216117,-0.528603780257462,1.565845039724791,-5.751733876535926,-6.2850542039530755,6.283356978689238,-510.14935102527414
665.0,-2.703952420011734,-0.5286074422530167,1.5658566287849605,-5.751739104473801,-6.285053924501581,6.283357196945128,-511.09678485966543
666.0,-2.704955098371051,-0.5286045693180501,1.5658543976132224,-5.7516358914223735,-6.28472337226093,6.283360173356047,-512.044618048442
667.0,-2.7059827271405408,-0.5286067462455118,1.5658657775056817,-5.751694276924143,-6.284872490408588,6.283360585940106,-512.9928420445027
668.0,-2.7070109634362263,-0.5286124562287332,1.5658798763301884,-5.751735217266464,-6.284995115306398,6.283359574480753,-513.9414556436196
669.0,-2.7080368718754966,-0.5286175974382316,1.565892041730015,-5.7517500532823265,-6.285035181707198,6.283358828929258,-514.8904610739664
670.0,-2.7090619966425025,-0.5286213993334256,1.5659021770264727,-5.751757381367179,-6.285047315714835,6.283358531973365,-515.8398595622145
671.0,-2.7100867977861993,-0.5286245142842437,1.5659112464904854,-5.7517626286160715,-6.285050885449367,6.283358498211504,-516.7896515176553
672.0,-2.7111113756780774,-0.5286272690064729,1.5659196485844273,-5.751766912431781,-6.285051845997447,6.2833585882120895,-517.7398370083067
673.0,-2.712135759803828,-0.5286298055813357,1.565927552601592,-5.75177065810548,-6.285052012535459,6.283358730397869,-518.6904159849826
674.0,-2.7131599642833883,-0.5286321861872707,1.5659350408807584,-5.751774078822982,-6.285051940022914,6.283358892614211,-519.6413883597193
675.0,-2.714183999283659,-0.5286344400195758,1.5659421595261793,-5.75177727555911,-6.285051798732067,6.283359061333471,-520.5927540309274
676.0,-2.715185371853824,-0.5286304471896563,1.565936202913024,-5.751675419830112,-6.284731150085471,6.28336202144247,-521.5445178417674
677.0,-2.7162131646678462,-0.5286357393835387,1.5659501672878842,-5.751745569113499,-6.284877293946826,6.283361857493208,-522.4966711073947
678.0,-2.7172402635342876,-0.5286398177898505,1.5659620809165544,-5.751779009758645,-6.284995668434624,6.283361134957496,-523.4492127973581
679.0,-2.7182644892931993,-0.5286426125738738,1.5659696433727472,-5.751787077803938,-6.285034163706706,6.283360516319762,-524.4021454634455
680.0,-2.719287923015119,-0.5286448082402384,1.5659757231651648,-5.75179101660667,-6.2850458131429034,6.283360251446689,-525.3554702299685
681.0,-2.7203110836356195,-0.5286466628933328,1.5659811786457858,-5.751794043671262,-6.285049259890319,6.283360215587093,-526.3091874231806
682.0,-2.721334094493557,-0.5286483252314662,1.5659862652680674,-5.751796584391378,-6.285050222742118,6.28336029056659,-527.2632970700247
683.0,-2.7223569903925093,-0.5286498701317812,1.5659910854443133,-5.751798828227356,-6.285050433852693,6.283360413301182,-528.2177990986676
684.0,-2.7233797842112084,-0.5286513323144139,1.565995688330396,-5.751800892169785,-6.285050418494981,6.283360555051314,-529.1726934055841
685.0,-2.7244024827279576,-0.5286527283297442,1.5660001005043604,-5.751802835539494,-6.2850503363718895,6.283360703636782,-530.1279798765418
686.0,-2.725425090933897,-0.5286540669394161,1.5660043387890914,-5.75180468612437,-6.285050236156068,6.283360854132486,-531.0836583932177
687.0,-2.7264469781271137,-0.5286567536498717,1.5660142815402522,-5.751799041097096,-6.285051710932664,6.282773433441397,-532.0397268284861
688.0,-2.7274723545125124,-0.5286582472073061,1.5660138055405017,-5.751813178501614,-6.285049858773831,6.283199037720801,-532.9961895996084
689.0,-2.7284951796104995,-0.5286583828327035,1.5660157666444106,-5.751814508826591,-6.2850497605012325,6.283308815563399,-533.9530448002131
690.0,-2.7295176512088157,-0.5286588961158378,1.5660185448257333,-5.751813351370011,-6.2850497896402295,6.283342632635241,-534.910291770337
691.0,-2.7305399769718917,-0.5286597148731996,1.5660217250136639,-5.751813285137691,-6.285049758147813,6.2833548665455075,-535.8679302525633
692.0,-2.731562202935669,-0.5286606730249851,1.5660250488556997,-5.751814058916791,-6.285049686982028,6.28335933533252,-536.825960075481
693.0,-2.7325843472157096,-0.5286616789904856,1.5660283737785972,-5.751815207490328,-6.285049600379525,6.283361023205569,-537.7843810940096
694.0,-2.733606420024496,-0.5286626890098217,1.5660316382926267,-5.751816489350915,-6.285049510487954,6.283361717931481,-538.7431931735878
695.0,-2.7346284278519257,-0.5286636835384294,1.5660348199125889,-5.751817801454638,-6.2850494216972725,6.283362058079522,-539.702396184236
696.0,-2.7355968903571006,-0.52854324822596,1.5658478470001511,-5.751372280751255,-6.285014684482837,6.28337626484881,-540.6620038168795
697.0,-2.7366004864249374,-0.5285544533473026,1.5658032673337083,-5.751518279429518,-6.285032591357401,6.283367571749406,-541.6220113064812
698.0,-2.7376222670475947,-0.5285877199730294,1.5658355672923834,-5.751662175869633,-6.285044219145012,6.2833636708417115,-542.58240539576
699.0,-2.738647024395573,-0.5286033986922194,1.5658592905817919,-5.751713406024238,-6.285049203702526,6.283362377225632,-543.5431868416847
700.0,-2.73967272232719,-0.5286118365776742,1.5658766438970617,-5.751735398487969,-6.285051301608304,6.283362002761719,-544.5043569307343
701.0,-2.7406985604445873,-0.5286174980879013,1.565891041722547,-5.751747400735793,-6.285052030703685,6.283361983385593,-545.4659161835164
702.0,-2.741724256162726,-0.5286219839475944,1.5659038916565806,-5.751755376738064,-6.285052158972015,6.283362101201812,-546.4278647402688
703.0,-2.742749719199689,-0.5286258972230548,1.5659157593251063,-5.7517615846088015,-6.285052042541429,6.283362270705723,-547.3902025933032
704.0,-2.743774926662297,-0.528629475778816,1.5659268880964403,-5.751766936674462,-6.28505183413064,6.283362458189566,-548.352929677867
705.0,-2.744799879326707,-0.5286328183769728,1.5659373944130803,-5.751771802702179,-6.285051596387064,6.283362650363234,-549.3160459059552
706.0,-2.7458245862570947,-0.5286359697472682,1.5659473437935887,-5.751776335731858,-6.28505135422323,6.283362842061607,-550.2795511792358
707.0,-2.746866829360436,-0.5286803675895682,1.566051952872237,-5.7516861362359375,-6.285079894193131,6.276767902117685,-551.2434215057852
708.0,-2.7480129846156185,-0.5283319264579688,1.5650820072354876,-5.749784161281941,-6.284944691453199,6.279543786733261,-552.2078799762639
709.0,-2.7489911890029664,-0.5282298554166596,1.5647332844867279,-5.749965396232848,-6.283189232236037,6.281866001739187,-553.1728995014647
710.0,-2.7501472601783075,-0.5283044661581705,1.564872760868378,-5.751072063472197,-6.284568040981707,6.282811643811863,-554.1383129814403
711.0,-2.751214758674663,-0.5283277242325592,1.5649681839094416,-5.751315230606135,-6.284926167609859,6.283205333231495,-555.1041048432756
712.0,-2.7522676124130037,-0.5283492594325897,1.5650404090079846,-5.751364558198466,-6.285028173929361,6.283307109320594,-556.0702773860531
713.0,-2.7533169920465865,-0.5283744278307411,1.5651201603626461,-5.751372265090645,-6.285062561240904,6.28187026926894,-557.0368285359713
714.0,-2.754378761702886,-0.5283968529402632,1.5651682787263304,-5.7514307993084985,-6.285068371017173,6.282825421922128,-558.0037731088912
715.0,-2.7554259822390432,-0.528409524932672,1.5652194942081432,-5.751460977719065,-6.285067695712693,6.283210405051816,-558.9711056562209
716.0,-2.7564702062381263,-0.5284237208518788,1.5652706176046647,-5.751475913908347,-6.285067065299152,6.283309829263985,-559.9388238683933
717.0,-2.757512652742875,-0.5284385762198059,1.5653204427540863,-5.751492689144233,-6.285066034315771,6.28334190050059,-560.9069271587794
718.0,-2.7585536712254153,-0.5284532638083349,1.5653682203367383,-5.751511779154487,-6.285064903755999,6.28335373089647,-561.8754153963927
719.0,-2.7595934075325843,-0.5284674062111094,1.565413590707982,-5.751531331564577,-6.285063792723586,6.283358254949395,-562.8442885442088
720.0,-2.7606160255031944,-0.5284765761019631,1.5654477589187832,-5.751476693242905,-6.284836134806789,6.283362441844157,-563.8135500311414
721.0,-2.761656413323298,-0.5284916603261463,1.5654936410774365,-5.751542316578998,-6.284938637259933,6.283362963530915,-564.7831938404472
722.0,-2.76269535026042,-0.5285052069278411,1.5655358425042605,-5.751581156799125,-6.285021484106476,6.283362846873955,-565.7532193594658
723.0,-2.763731364557239,-0.5285172042371233,1.5655729380713155,-5.751601336717613,-6.28504790648464,6.283362712473894,-566.723628465676
724.0,-2.7647659966083085,-0.5285281817105217,1.5656070903013626,-5.751617790787045,-6.285055404395892,6.283362790701948,-567.6944220159497
725.0,-2.7657996669960014,-0.5285383580506856,1.5656390219774348,-5.751632791492261,-6.28505715173534,6.283363010887032,-568.6656002995372
726.0,-2.7668325105886438,-0.5285478715799884,1.5656690216262645,-5.751646682216883,-6.28505718598995,6.2833632950020135,-569.6371633904317
727.0,-2.767864595740461,-0.5285568069246034,1.5656972631992054,-5.751659645289219,-6.285056727591464,6.283363600548817,-570.6091112877542
728.0,-2.768895972237818,-0.5285652186244342,1.5657238767463644,-5.751671808298086,-6.285056144778839,6.2833639083020705,-571.5814439627006
729.0,-2.769926682953583,-0.5285731465685019,1.565748970445802,-5.751683254399328,-6.285055547965716,6.283364210429001,-572.5541613734556
730.0,-2.770956767157985,-0.5285806233941126,1.5657726400751535,-5.751694041503505,-6.285054969417904,6.283364504111484,-573.5272634701255
731.0,-2.771986261533661,-0.5285876777362605,1.565794973264525,-5.751704215143723,-6.285054417677825,6.28336478860547,-574.500750196571
732.0,-2.7730152005227096,-0.5285943356578602,1.5658160514145607,-5.751713814523166,-6.285053894099128,6.283365063980285,-575.4746214912262
733.0,-2.7740436164940654,-0.5286006213032257,1.5658359506348585,-5.751722875068048,-6.2850533978924785,6.283365330602918,-576.4488772875654
734.0,-2.7750715398676555,-0.5286065572199286,1.565854742284049,-5.7517314295181725,-6.285052927673397,6.283365588934375,-577.4235175144352
735.0,-2.7760924712740116,-0.5286104179003555,1.5658689607227507,-5.751709362445302,-6.284959548432505,6.283366825374962,-578.3985435021604
736.0,-2.777120705394714,-0.5286166913762216,1.5658879721876289,-5.751736463161879,-6.285001553099645,6.283366874347667,-579.3739527096153
737.0,-2.778148349297557,-0.5286223264542481,1.5659054952824245,-5.7517524801526845,-6.285035513676493,6.2833668094958774,-580.3497448020354
738.0,-2.7791747990819005,-0.5286273304556113,1.5659209625515564,-5.751760852354861,-6.285046338505216,6.283366792118894,-581.3259204627557
739.0,-2.7802006871248297,-0.5286319267728424,1.565935261831635,-5.751767717740325,-6.285049396500058,6.283366882849195,-582.3024799566011
740.0,-2.7812261853099387,-0.5286362061902007,1.5659486884327687,-5.751774004191956,-6.285050091674148,6.283367039939279,-583.2794233155046
741.0,-2.782216586236682,-0.5285651719709996,1.5658459090269043,-5.751508488178082,-6.285027882765188,6.28337560812314,-584.2567589596852
742.0,-2.7832293251305518,-0.5285755530812085,1.5658290612512338,-5.751600643996059,-6.285038975076505,6.283370481314021,-585.2344836427261
743.0,-2.784264576321048,-0.5286127920018596,1.5658893896784833,-5.7516483926686695,-6.28506038439984,6.280334670789964,-586.2125825384367
744.0,-2.785350803211901,-0.5286412617750663,1.5658694403595048,-5.751725287869745,-6.285061462532028,6.282221439444668,-587.1910937291877
745.0,-2.786388086205886,-0.5286258886325317,1.5658741755027326,-5.751782373166322,-6.285055808525298,6.282968379290848,-588.1700001985331
746.0,-2.787418353117749,-0.5286204537747925,1.5658826620761679,-5.751774484972196,-6.28505341354978,6.283260199507662,-589.149293545338
747.0,-2.7884462929282843,-0.528621432660824,1.5658953977430243,-5.751762963917539,-6.28505233676327,6.283329803745823,-590.1289705805742
748.0,-2.7894733264703335,-0.5286248269629041,1.5659099891839707,-5.7517612540727425,-6.285051575539929,6.283354221230068,-591.1090305133707
749.0,-2.790499791786825,-0.5286290418950869,1.5659249530151975,-5.751764783441987,-6.285051002152806,6.283363110771513,-592.0894730309598
750.0,-2.791525800221021,-0.5286334459062165,1.5659395787784502,-5.751770173281045,-6.28505053420084,6.283366424206683,-593.0702979464797
751.0,-2.792551412249144,-0.528637786287308,1.5659536017884619,-5.751776052408756,-6.28505012898179,6.283367744358206,-594.0515051242816
752.0,-2.7935766667126627,-0.5286419654146077,1.5659669461487218,-5.751781921215203,-6.28504976354766,6.2833683515916166,-595.0330944506601
753.0,-2.794601591059609,-0.5286459508104095,1.5659796084115936,-5.751787598788685,-6.2850494253913745,6.283368702002091,-596.0150658197273
754.0,-2.795626206924463,-0.528649736873185,1.5659916120132218,-5.751793023793505,-6.2850491077685975,6.283368957979073,-596.9974191271123
755.0,-2.796650532880627,-0.5286533286211389,1.5660029896204728,-5.751798181916409,-6.285048806989087,6.283369177438796,-597.9801542674079
756.0,-2.79767458566463,-0.5286567349531753,1.5660137761968744,-5.751803077348004,-6.285048520897418,6.283369381148323,-598.9632711332207
757.0,-2.7986983807116084,-0.5286599659197857,1.5660240063002853,-5.751807721176471,-6.285048248085782,6.283369576658506,-599.9467696148713
758.0,-2.7997219324047236,-0.5286630316431521,1.566033713078808,-5.751812126691703,-6.285047987511499,6.283369766811284,-600.9306496003511
759.0,-2.800745254207363,-0.5286659419059352,1.5660429279457577,-5.751816307527401,-6.285047738318695,6.283369952764491,-601.9149109753786
760.0,-2.8017683587462976,-0.5286687060085984,1.5660516805217755,-5.7518202769512685,-6.285047499756933,6.283370135067958,-602.8995536234903
761.0,-2.802791257873283,-0.5286713327333323,1.566059998678891,-5.751824047613096,-6.285047271144156,6.28337031404676,-603.8845774261432
762.0,-2.8038139627163168,-0.5286738303493946,1.5660679086209301,-5.751827631473234,-6.285047051849338,6.283370489938082,-604.8699822628166
763.0,-2.8048364837251545,-0.5286762066337722,1.566075434974449,-5.751831039800967,-6.285046841283813,6.283370662940413,-605.855768011111
764.0,-2.8058588307130283,-0.5286784688968187,1.5660826008802453,-5.751834283198965,-6.285046638896358,6.283370833231505,-606.841934546842
765.0,-2.8068810128954262,-0.5286806240088058,1.5660894280817061,-5.751837371636548,-6.285046444169947,6.283371000975203,-607.8284817441297
766.0,-2.8079030389263724,-0.5286826784258474,1.5660959370087395,-5.751840314485022,-6.285046256619278,6.283371166324271,-608.815409475482
767.0,-2.8089344501902898,-0.5286965897673083,1.5661302088294091,-5.751801015165129,-6.285059173734095,6.280544339565957,-609.8027112317022
768.0,-2.810011412839017,-0.5287127510742345,1.5660957665801853,-5.751843996532335,-6.285056790502548,6.282309891517211,-610.7904217433622
769.0,-2.8110428329456503,-0.5286931578318427,1.5660879801201375,-5.7518818094999835,-6.285050382242862,6.283010034019055,-611.7785241579817
770.0,-2.81206790221523,-0.5286844561266325,1.5660858136011402,-5.751865925435779,-6.2850479863168545,6.283272707900845,-612.7670103690998
771.0,-2.8130910413943657,-0.5286823582397069,1.566088642498392,-5.751849953100199,-6.28504702192221,6.283336676656839,-613.7558773324972
772.0,-2.814113552460066,-0.5286828342943112,1.5660938944623792,-5.751844246789094,-6.285046443383121,6.283359378891368,-614.745124237658
773.0,-2.8151293937892126,-0.5286709322373203,1.5660797010614285,-5.751795979029951,-6.285042055989643,6.283369063763944,-615.734752244968
774.0,-2.816149161555011,-0.5286739243567081,1.566080942725973,-5.751812779490577,-6.28504381116631,6.283371155012037,-616.7247605548805
775.0,-2.81717087965453,-0.5286794449118278,1.566090381760734,-5.751830501755881,-6.285044936795146,6.283371910188037,-617.7151475538637
776.0,-2.8181927931609354,-0.528682965456552,1.5660986722699668,-5.7518385923461315,-6.285045323892347,6.2833722825031195,-618.7059132247504
777.0,-2.8192146817940733,-0.5286856064028825,1.5661060169293672,-5.751843463643865,-6.285045393581156,6.283372516110377,-619.6970575962654
778.0,-2.8202364624796012,-0.5286878656098134,1.5661127941222113,-5.751847133213077,-6.285045316309329,6.283372702250341,-620.6885806069756
779.0,-2.8212581103626517,-0.5286899240615955,1.5661191717586125,-5.751850256906142,-6.285045177580346,6.283372871697632,-621.6804821518174
780.0,-2.8222796215456407,-0.5286918519105928,1.5661252254890727,-5.751853089823439,-6.285045016646466,6.283373034557244,-622.6727621082919
781.0,-2.8233009990916753,-0.5286936789830625,1.5661309947952178,-5.7518557374687695,-6.285044850078665,6.283373194094284,-623.6654203464958
782.0,-2.824322248270296,-0.5286954197571244,1.566136504530632,-5.75185824528365,-6.285044684473829,6.283373351373177,-624.6584567328651
783.0,-2.8253433749195893,-0.5286970826645371,1.5661417733098977,-5.751860634889339,-6.285044522283345,6.283373506774299,-625.6518711316355
784.0,-2.8263643848610056,-0.5286986736399801,1.5661468167983632,-5.751862918491894,-6.28504436428782,6.2833736604724715,-626.6456634054443
785.0,-2.8273852836910445,-0.528700197494183,1.5661516490133123,-5.751865104455477,-6.2850442106109865,6.283373812581784,-627.6398334155999
786.0,-2.8284065660595235,-0.5287050335441683,1.5661676481369513,-5.751849447861893,-6.285048684372247,6.282216281146624,-628.6343773703796
787.0,-2.829437785525569,-0.5287078455009,1.5661620529162141,-5.7518773906206055,-6.285045744537626,6.282983679463454,-629.6293057269188
788.0,-2.830459757799836,-0.5287055193069742,1.5661617673121324,-5.751882944670978,-6.285043899338076,6.283268735355843,-630.6246137628099
789.0,-2.8314807591814835,-0.5287049642328049,1.5661638288544826,-5.751877613750325,-6.285043729425871,6.2833372084028865,-631.6202995359241
790.0,-2.83250146860933,-0.528705452837384,1.5661670408600428,-5.7518749915542235,-6.28504363330306,6.28336129280307,-632.6163625014789
791.0,-2.8335220262036667,-0.5287063935801156,1.566170765287331,-5.7518748899580014,-6.285043517145693,6.283369969136024,-633.6128023983433
792.0,-2.834542467082416,-0.5287075053576845,1.5661746247403767,-5.75187591581232,-6.285043384986578,6.283373140544455,-634.6096190351824
793.0,-2.8355628082476683,-0.5287086658675595,1.5661784531400305,-5.751877356848011,-6.28504324888813,6.283374356586609,-635.6068122458161
794.0,-2.8365830605173974,-0.5287098226568187,1.5661821874230484,-5.751878926490947,-6.285043114661215,6.283374879436691,-636.6043818751044
795.0,-2.8376032309636314,-0.5287109543762465,1.5661858071189376,-5.7518805136324564,-6.2850429838316675,6.283375156379072,-637.602327772481
796.0,-2.8385884140569777,-0.528702901487939,1.5661711414179107,-5.7517200977788825,-6.284545349225818,6.283381558207717,-638.6006571513745
797.0,-2.8396147917595758,-0.5287092683145476,1.5661867507056086,-5.751824441404777,-6.284772502989629,6.283380225359899,-639.5993566642733
798.0,-2.840640269630746,-0.5287137260317998,1.5661991330831329,-5.751874253927239,-6.284956287394401,6.283378517144222,-640.598425056105
799.0,-2.84166136923292,-0.5287161882879134,1.566204925512945,-5.751884961852131,-6.285016080560789,6.283377203522826,-641.5978663115608
800.0,-2.8426813376459514,-0.5287177788745514,1.5662086135547262,-5.751888892869568,-6.285034234650838,6.283376570025135,-642.5976821479057
801.0,-2.8436909608499117,-0.5286976895255635,1.5661791590718661,-5.751814794756144,-6.285033369130316,6.283378678046258,-643.5978756074512
802.0,-2.844707019851869,-0.5287005281297652,1.5661737260173259,-5.7518408668208805,-6.285038142949796,6.2833771895007136,-644.598445775873
803.0,-2.845726400184,-0.52870713193458,1.56618134986445,-5.751866782747941,-6.285040682169052,6.2833765958640315,-645.59939020561
804.0,-2.846746293476351,-0.5287105278743717,1.5661873781116302,-5.751876771482269,-6.285041662039204,6.2833764706520085,-646.6007089698496
805.0,-2.8477663276597385,-0.5287125886933965,1.5661922205354355,-5.751881548653409,-6.285042006813812,6.283376510276302,-647.602402189269
806.0,-2.848684747345669,-0.528359369469084,1.5655646826081737,-5.750400727745727,-6.284946900815113,6.28342151695072,-648.6045448013599
807.0,-2.8496703575083693,-0.5283765565409024,1.5654128161301688,-5.750929114116946,-6.285000901213326,6.283393541823742,-649.6071103119643
808.0,-2.8507089440717026,-0.5284775761064467,1.5655365396126524,-5.751343867795712,-6.285049085125139,6.280206285772094,-650.6100362096811
809.0,-2.851807609794181,-0.5285364575885881,1.5655576110545395,-5.751532783406088,-6.2850599396306865,6.282176283313331,-651.6133610958815
810.0,-2.852852611622754,-0.5285341674454082,1.5655930071843003,-5.75163929836085,-6.285056357845274,6.28295601622261,-652.6170680521393
811.0,-2.853890294658056,-0.5285379059420279,1.5656263442829967,-5.751651869391905,-6.285054930381359,6.283260797174593,-653.6211492241127
812.0,-2.854925404778673,-0.5285464804074342,1.5656612124618392,-5.751652471598578,-6.285054163280198,6.283334030321125,-654.6256018010961
813.0,-2.855959216370777,-0.5285565739091713,1.5656962469849227,-5.751660787076198,-6.285053288728812,6.283359767900306,-655.6304252409716
814.0,-2.8569920136944793,-0.5285669108735427,1.56573029659022,-5.751673333552249,-6.285052421957812,6.283369184718204,-656.6356193866873
815.0,-2.8580239002102967,-0.5285770023312695,1.5657628061775168,-5.751687026212535,-6.285051596501721,6.283372752326679,-657.6411841634157
816.0,-2.859054951121303,-0.5285866627299314,1.5657936123804215,-5.751700638133381,-6.285050820901959,6.283374231792565,-658.6471195276828
817.0,-2.8600852272640296,-0.5285958317483941,1.5658227174389403,-5.751713749324742,-6.285050093035348,6.283374962915237,-659.6534254471383
818.0,-2.8615836502859033,-0.5283034365740633,1.564232537331092,-5.748753112331069,-6.284749327593973,6.283430030274407,-660.660500574187
819.0,-2.8632795939849958,-0.5278110182907724,1.5633475940941877,-5.74948665121571,-6.28462053943761,6.283350101928956,-661.668531742884
820.0,-2.86441371786193,-0.5278174740453014,1.56342467591853,-5.750409209418994,-6.284937104473292,6.283359327487932,-662.6769980121081
821.0,-2.865505842041618,-0.5278882246914812,1.5636102365420077,-5.7506851751582735,-6.285047399706835,6.283360908028601,-663.6858223795344
822.0,-2.8665892701709903,-0.5279466846501036,1.5637775150449154,-5.750780400331977,-6.285079004121157,6.28336165924729,-664.6950012485352
823.0,-2.8676689872015966,-0.5279974552168483,1.5639314234595723,-5.750854361219499,-6.28508670306879,6.2833625699537015,-665.7045370935658
824.0,-2.868745250550251,-0.528043513468106,1.5640749651860035,-5.750921884357228,-6.285087019057417,6.283363589188742,-666.7144314247575
825.0,-2.8698181081982614,-0.5280861651621204,1.5642093831072093,-5.7509837036553435,-6.285085100718894,6.283364627949874,-667.7246851096892
826.0,-2.8708877094957743,-0.5281260163776371,1.564335516875443,-5.751040874396276,-6.285082582627308,6.283365645168442,-668.7352987761763
827.0,-2.8719542311259887,-0.52816339239269,1.5644540088358436,-5.751094250457846,-6.285079980802821,6.283366623339974,-669.7462729497549
828.0,-2.8730178481710626,-0.5281985048542304,1.564565383033054,-5.751144331448002,-6.285077454574292,6.283367555859425,-670.7576080951839
829.0,-2.8740787286035077,-0.5282315154551425,1.5646700955061978,-5.751191421378956,-6.28507504974075,6.2833684414353135,-671.7693046315715
830.0,-2.875137032222062,-0.5282625609597424,1.5647685597458598,-5.751235738075634,-6.285072775808475,6.2833692812065935,-672.7813629395193
831.0,-2.8761929103474677,-0.5282917636509641,1.5648611582203535,-5.751277460215783,-6.285070630652178,6.283370077290611,-673.7937833652538
832.0,-2.877246505866853,-0.5283192359149893,1.5649482478239325,-5.7513167457943295,-6.2850686085247895,6.283370832116519,-674.8065662234623
833.0,-2.8782979534902378,-0.5283450823709259,1.5650301628515852,-5.751353739641408,-6.285066702716155,6.283371548143019,-675.8197117995273
834.0,-2.879347380108555,-0.528369400962863,1.565107216942248,-5.751388576708689,-6.285064906449568,6.283372227746983,-676.8332203514485
835.0,-2.8803949051875044,-0.5283922836111495,1.56517970456139,-5.751421383643194,-6.285063213182183,6.28337287318397,-677.8470921115705
836.0,-2.8814406411656814,-0.5284138166717807,1.5652479022551895,-5.7514522796499135,-6.285061616698713,6.283373486577954,-678.8613272881717
837.0,-2.882484693843303,-0.528434081306738,1.5653120697731904,-5.751481377054606,-6.285060111132098,6.283374069922557,-679.8759260669384
838.0,-2.883527162755931,-0.5284531538077818,1.5653724511010503,-5.751508781735989,-6.285058690958203,6.283374625086602,-680.8908886123392
839.0,-2.884568141531127,-0.5284711058914796,1.565429275422307,-5.751534593496396,-6.285057350981519,6.283375153821052,-681.9062150689084
840.0,-2.885607718227519,-0.5284880049731846,1.5654827580187745,-5.751558906398913,-6.285056086318091,6.283375657766206,-682.9219055624475
841.0,-2.886645975656414,-0.528503914423569,1.5655331011153073,-5.751581809082452,-6.285054892378033,6.283376138458687,-683.9379602011484
842.0,-2.8875886324116893,-0.5283690146314043,1.5653474952111859,-5.750956215596786,-6.284613108160966,6.283397694419956,-684.9544034800928
843.0,-2.8886062935763372,-0.5283999833806949,1.5653474571160977,-5.751224466220766,-6.284815367652504,6.28338671658875,-685.9712175984185
844.0,-2.8896448625754516,-0.5284546793693624,1.5654312323815112,-5.751448186848163,-6.284975999435603,6.283381039430633,-686.9883851555549
845.0,-2.89059446400592,-0.528094228976513,1.56476497937679,-5.749818667718032,-6.284922138951023,6.283429513797227,-688.0060091276864
846.0,-2.891604430545211,-0.5281246484803991,1.5646389938650025,-5.750477236137258,-6.28500121709723,6.2833970414471505,-689.0240580263024
847.0,-2.892650876463703,-0.5282327333591458,1.5647886097878414,-5.751042726444119,-6.285041192548475,6.28338189098654,-690.042463782099
848.0,-2.8937004844142384,-0.5282919436313415,1.5649065882591802,-5.75123071410448,-6.285055719062545,6.283376486033407,-691.0612229641524
849.0,-2.8947453942863084,-0.5283291457212748,1.5649993721933169,-5.751291066040679,-6.284986681106052,6.283375855618088,-692.0803398839588
850.0,-2.8957956300532794,-0.5283597713660634,1.5650851824004186,-5.751360089775377,-6.285021754071047,6.283375323698339,-693.0998145538676
851.0,-2.8968442203514124,-0.5283858173758357,1.5651632687970845,-5.751408292916374,-6.285048654479898,6.283375323790362,-694.1196477625432
852.0,-2.8978911806229815,-0.5284109427854651,1.5652410534796297,-5.751433389376732,-6.285059405996405,6.28275194905535,-695.1398386878561
853.0,-2.8989399646487004,-0.528432451367708,1.5653025019465499,-5.751481623481499,-6.285058095945899,6.283205570374456,-696.1603933445577
854.0,-2.8999832237630474,-0.5284508330859585,1.5653631259955612,-5.751511156018386,-6.285057087086036,6.2833219796483535,-697.1813095007813
855.0,-2.901024640750339,-0.5284686691294651,1.5654209876339766,-5.751534533514173,-6.285056063845289,6.283357619843533,-698.2025866635718
856.0,-2.902064565360775,-0.5284858429311274,1.565475970631859,-5.751557666628027,-6.28505493456503,6.28337063675236,-699.224224835505
857.0,-2.9030967777551195,-0.5284885171148472,1.5655070935067175,-5.7515307979389085,-6.285049858444724,6.28337703628207,-700.2462259024443
858.0,-2.904131878293593,-0.5285051684529323,1.565550968079247,-5.751568481236125,-6.285050716514668,6.283378135857369,-701.2685892671832
859.0,-2.9051678752832126,-0.5285235087746851,1.565600562343233,-5.751605450616967,-6.285050936819955,6.283378711302259,-702.2913133851087
860.0,-2.9062030698113097,-0.5285390046860561,1.5656465145847094,-5.751631104983295,-6.285050468304879,6.2833791842461935,-703.3143984408582
861.0,-2.9072002973807725,-0.5285433825834558,1.565670889959843,-5.751481077316003,-6.284520567903058,6.283387292647616,-704.3378524077415
862.0,-2.9082404633746863,-0.5285619243232177,1.5657242569963767,-5.751608404281811,-6.284761746942653,6.283385511302423,-705.3616613554984
863.0,-2.909278707007553,-0.5285775507108516,1.5657715726161512,-5.751677161256321,-6.284956415460994,6.283383659034369,-706.3858243256615
864.0,-2.9103113925691417,-0.5285903120182409,1.5658096864533702,-5.75170352856504,-6.285019194716043,6.2833823568652685,-707.4103457668116
865.0,-2.9113420575692586,-0.5286015011803266,1.5658435679111935,-5.751721635590811,-6.285037768810366,6.283381834153572,-708.4352276623007
866.0,-2.9123716417638583,-0.5286116236649552,1.565874841564232,-5.7517371682600915,-6.285042885730261,6.283381777798852,-709.4604707054494
867.0,-2.9134004022780418,-0.5286209700920392,1.565904069606357,-5.751751121756727,-6.28504395602077,6.28338193612585,-710.4860751128788
868.0,-2.914428436019582,-0.5286296982253402,1.565931524428458,-5.75176394011336,-6.285043823281193,6.283382180314227,-711.5120409383416
869.0,-2.915455797962643,-0.5286378940369824,1.565957373535111,-5.751775881790676,-6.2850433472146525,6.283382453256656,-712.5383681774447
870.0,-2.9164232551773313,-0.5286309402549105,1.5659514041221991,-5.751506710511598,-6.284175046049126,6.2833951571108475,-713.5650700752551
871.0,-2.9174611076362256,-0.5286471411506409,1.5659964097493524,-5.751694514960638,-6.284578045814671,6.283392025615757,-714.59212275247
872.0,-2.918496320984036,-0.5286597381638012,1.566033910880121,-5.751788219445249,-6.284893798510369,6.283388636965378,-715.619524906396
873.0,-2.919509731864119,-0.5286651750786466,1.5660521622173387,-5.751750988403591,-6.284798802904954,6.2833890883877395,-716.6472864890965
874.0,-2.9205371509032636,-0.5286745111117312,1.5660775028414384,-5.751805329171357,-6.284919690937492,6.283387047295447,-717.6754053579336
875.0,-2.9215632711649464,-0.528681978679992,1.5660992443321016,-5.751834598143333,-6.285001549268898,6.283385791736582,-718.7038821408617
876.0,-2.922587109423247,-0.5286879943378161,1.5661169769776964,-5.7518468255195705,-6.285027715687889,6.283385125089546,-719.7327187526965
877.0,-2.923610088243558,-0.5286932417131753,1.5661328282797882,-5.7518554186497965,-6.285035410504012,6.283384912535024,-720.7619159521329
878.0,-2.9246325860887192,-0.5286979948906959,1.5661475127203577,-5.751862771034333,-6.285037478509532,6.283384940115331,-721.7914739381467
879.0,-2.9256547080946653,-0.5287023979663396,1.5661612872220076,-5.751869384164306,-6.285037851930821,6.283385073470443,-722.8213927058395
880.0,-2.926676494770594,-0.5287065252663613,1.566174276088675,-5.751875483167072,-6.285037720955073,6.283385248313674,-723.8516721804643
881.0,-2.9276990104168026,-0.528712596747944,1.566193237800821,-5.751868352665997,-6.285040992764299,6.282693231560534,-724.8823101675188
882.0,-2.928725492362395,-0.5287164218895825,1.5661985675432353,-5.751892279522993,-6.285037744946897,6.283191678327769,-725.9133127593149
883.0,-2.929746974458973,-0.5287180249844442,1.5662072683963506,-5.75189831443374,-6.285036727365747,6.283323163820928,-726.9446768501143
884.0,-2.9307678120534604,-0.5287203688806474,1.566216575170455,-5.751899044657818,-6.285036447546551,6.283363802981462,-727.9764014694839
885.0,-2.9317883372310622,-0.5287231162877829,1.5662260685751277,-5.7519011575591215,-6.285036233767146,6.283378349312308,-729.0084862937501
886.0,-2.9328086091123833,-0.5287259585588558,1.56623542108382,-5.751904479770571,-6.285035994357145,6.28338359751305,-730.0409311375284
887.0,-2.933828645761562,-0.5287287596337708,1.5662444481615385,-5.751908255020384,-6.2850357363950256,6.283385557197087,-731.0737358479594
888.0,-2.9348484617331287,-0.5287314648931152,1.566253081755948,-5.751912093355703,-6.285035474721777,6.283386357600512,-732.1069002816591
889.0,-2.9358680705435294,-0.5287340546823498,1.566261309681019,-5.751915842664007,-6.285035217308206,6.283386748820386,-733.1404242980984
890.0,-2.936887484193215,-0.5287365247894045,1.56626914203608,-5.751919450072835,-6.285034967062708,6.283386994564082,-734.1743077567191
891.0,-2.9379067133679104,-0.5287388776464896,1.5662765969252148,-5.7519229008646136,-6.28503472460719,6.283387187524051,-735.2085505156126
892.0,-2.9389257677800704,-0.5287411183187822,1.5662836948039522,-5.751926195066624,-6.2850344897483605,6.283387360335266,-736.2431524309926
893.0,-2.9399446563998235,-0.5287432527412528,1.5662904562754214,-5.751929338325695,-6.285034262062959,6.283387524547864,-737.2781133570389
894.0,-2.9409633875852506,-0.5287452869781495,1.5662969012528496,-5.75193233823485,-6.285034041092969,6.2833876843068435,-738.3134331458994
895.0,-2.941981969157641,-0.5287472269273784,1.5663030486681544,-5.751935202852185,-6.285033826399817,6.2833878411529005,-739.3491116477528
896.0,-2.9430004084504002,-0.5287490782120312,1.5663089163980306,-5.7519379401193795,-6.28503361757461,6.283387995707483,-740.3851487108958
897.0,-2.9440187123454846,-0.5287508461486898,1.5663145212747698,-5.751940557646529,-6.285033414236956,6.283388148264463,-741.4215441818336
898.0,-2.945036887303584,-0.5287525357464193,1.5663198791284207,-5.751943062643638,-6.285033216031967,6.283388298998097,-742.458297905371
899.0,-2.9460568777966794,-0.5287576967971341,1.5663353731533538,-5.75192501703002,-6.285038844014674,6.282306273054666,-743.4954065212102
900.0,-2.9470849520849822,-0.5287599662244998,1.5663300163293925,-5.751955075570407,-6.285034932297881,6.28303539480044,-744.5328800780027
901.0,-2.9480698093894087,-0.5286796983451505,1.5662082595787312,-5.751669190537436,-6.285011854208927,6.2833020308971825,-745.5707254593931
902.0,-2.9490760188585265,-0.5286860559264382,1.5661806954151773,-5.751760204329883,-6.285022262905901,6.283358477166719,-746.608936198472
903.0,-2.9500936828937605,-0.528707681598225,1.5662035057609385,-5.751851728082861,-6.285029183927478,6.283377850736196,-747.6475016860041
904.0,-2.9511131490239615,-0.5287182953400498,1.5662210899308013,-5.751884482370843,-6.2850321500543656,6.2833847700391425,-748.6864221836313
905.0,-2.952133135431934,-0.5287243692239699,1.566234654933019,-5.7518991463937725,-6.285033339533906,6.283387289016993,-749.7256984311568
906.0,-2.953026251174986,-0.5284422999191392,1.5657811429889383,-5.750737758021948,-6.284738137072008,6.283422511361472,-750.7653824496851
907.0,-2.9538956999376946,-0.5284384179834692,1.565577892758546,-5.750299843702234,-6.282575338592402,6.283412695522993,-751.805500220799
908.0,-2.955078649991647,-0.52856475982786,1.5657191466326097,-5.751383661978259,-6.28462563577673,6.2833686770677755,-752.8459471799891
909.0,-2.956125358094574,-0.5285848229070906,1.5657938433610927,-5.7516458249025675,-6.284936755430035,6.283382808956398,-753.8867392983929
910.0,-2.9571588196056746,-0.5285986224210056,1.5658396779502788,-5.751713220039919,-6.285011026490248,6.283385872664822,-754.9278816458159
911.0,-2.9581890154714614,-0.5286111052484631,1.5658769102016985,-5.751737987512603,-6.285032032336843,6.283386682782795,-755.969375593049
912.0,-2.9592179867793305,-0.5286222471578319,1.5659106107460952,-5.751755253711066,-6.285037848239221,6.2833870734467885,-757.0112218757578
913.0,-2.9602461225291354,-0.5286323797884174,1.5659419689918264,-5.7517704556154525,-6.285039124641374,6.283387391442143,-758.0534208061531
914.0,-2.9612735060571542,-0.528641768572684,1.5659713723259225,-5.7517843364359225,-6.28503903614492,6.283387696281762,-759.0959724888646
915.0,-2.9623001828483426,-0.5286505552625698,1.5659990281928424,-5.751797192475905,-6.2850385496456305,6.28338799517684,-760.1388769470669
916.0,-2.96332619347545,-0.5286588153186105,1.5660250800257132,-5.751809215913235,-6.2850379618373715,6.283388287037515,-761.1821341707607
917.0,-2.9643515759870773,-0.5286665957845712,1.566049640359099,-5.751820520144561,-6.285037363424438,6.283388570520615,-762.2257441327428
918.0,-2.965376366226211,-0.5286739315656163,1.5660728054411779,-5.751831174489727,-6.2850367814654655,6.283388845078418,-763.2697067940766
919.0,-2.96640059800316,-0.5286808518218509,1.5660946619036225,-5.751841228059099,-6.285036223289585,6.28338911073817,-764.3140221062835
920.0,-2.9674243031835252,-0.5286873825174148,1.5661152896713206,-5.75185072077075,-6.2850356901039826,6.283389367813478,-765.3586900124345
921.0,-2.9684475117612688,-0.5286935474837497,1.5661347632729725,-5.751859687768935,-6.285035181238776,6.283389616731671,-766.403710447836
922.0,-2.9694702519430516,-0.5286993688934408,1.5661531525144625,-5.751868161180364,-6.285034695483276,6.283389857950835,-767.4490833405505
923.0,-2.970492550241539,-0.5287048674963458,1.5661705228980929,-5.751876170858389,-6.285034231509927,6.283390091924337,-768.4948086118402
924.0,-2.971493086161178,-0.5286635252124006,1.5661153337334643,-5.751712710810918,-6.285020816136558,6.283395238941274,-769.5408929584911
925.0,-2.9725071143589386,-0.5286725663424043,1.5661131101931969,-5.751775273083046,-6.285026945069025,6.283392334047666,-770.5873335908673
926.0,-2.97352800557905,-0.528689831346193,1.5661391102368896,-5.7518371272201065,-6.285030902409786,6.2833911290215,-771.6341245406794
927.0,-2.9745497409750175,-0.5286999548042266,1.5661609544613424,-5.751863024401158,-6.285032427609783,6.283390836889034,-772.681266084109
928.0,-2.975571538738688,-0.5287069985458818,1.5661795882808776,-5.751877177160255,-6.2850328841180705,6.283390861766485,-773.7287586948041
929.0,-2.976593103604112,-0.5287127450767671,1.5661963990133168,-5.751887078525007,-6.285032838387311,6.283391005277866,-774.7766025279185
930.0,-2.9776143430393094,-0.5287178388409097,1.566211983235857,-5.751895112302427,-6.28503257942486,6.283391191855466,-775.8247975826752
931.0,-2.9786352381147867,-0.528722526903827,1.5662266011757917,-5.751902192773993,-6.285032240878255,6.283391392186481,-776.8733437956851
932.0,-2.9796557945715327,-0.5287269120213702,1.5662403829527707,-5.751908693987317,-6.285031879451213,6.28339159483672,-777.9222410769436
933.0,-2.980676026114785,-0.528731042307505,1.5662534066693692,-5.751914773928886,-6.285031517876269,6.283391795411224,-778.9714893233014
934.0,-2.981695948685088,-0.528734944551027,1.5662657286649895,-5.7519205051306255,-6.285031164745442,6.2833919923256545,-780.0210884237257
935.0,-2.982715578420781,-0.5287386368740049,1.5662773953319662,-5.751925926597538,-6.285030822946883,6.283392185116715,-781.0710382614856
936.0,-2.9837349309280805,-0.5287421336018742,1.5662884477542813,-5.751931063867088,-6.285030493121214,6.283392373760823,-782.1213387151463
937.0,-2.9847540210380403,-0.5287454471597423,1.5662989235747453,-5.751935936694971,-6.28503017504984,6.283392558400265,-783.1719896590946
938.0,-2.985777060780852,-0.5287542787266888,1.5663241329380813,-5.751907314521837,-6.285039640798744,6.281755391311994,-784.2229864214543
939.0,-2.986805131350209,-0.5287581095451969,1.5663272925469918,-5.751944607941668,-6.285034025312659,6.282176755629365,-785.2743394558956
940.0,-2.9878286445630025,-0.528757279505418,1.5663250218501432,-5.751970665184455,-6.285028601485855,6.282982272211834,-786.3260486141019
941.0,-2.988847272572302,-0.5287563474258393,1.5663280418678887,-5.751967558313613,-6.285027757200169,6.2832809590554115,-787.3781094197822
942.0,-2.9898655560391667,-0.5287573268843457,1.566333985600407,-5.75196031067729,-6.28502828105128,6.283354001432141,-788.4305203182382
943.0,-2.9908836504530463,-0.5287591491164142,1.5663411290482574,-5.751958855396743,-6.2850284338381845,6.283379683137715,-789.4832809419399
944.0,-2.9919015494603594,-0.5287613027650956,1.5663486060127487,-5.751960468814002,-6.2850283498949135,6.283388842542982,-790.5363910715718
945.0,-2.992919250550134,-0.5287635421854912,1.5663559971326437,-5.7519631983368615,-6.285028159090364,6.283392157604069,-791.589850523055
946.0,-2.9939367652711093,-0.5287657572368042,1.5663631417286112,-5.7519662589900395,-6.28502793060106,6.283393420587777,-792.643659129283
947.0,-2.994954106348273,-0.5287679020018328,1.5663699890067413,-5.751969359882159,-6.28502769339111,6.283393964392596,-793.6978167307751
948.0,-2.9959712844909014,-0.5287699601126299,1.5663765308224353,-5.751972392496095,-6.285027457847229,6.283394255536152,-794.7523231703368
949.0,-2.9969883086960736,-0.5287719281046486,1.5663827751773896,-5.75197531814929,-6.285027227149102,6.283394457094464,-795.8071782905297
950.0,-2.998005186857824,-0.5287738078189155,1.566388735849127,-5.7519781259899245,-6.28502700198107,6.2833946260938855,-796.8623819326283
951.0,-2.9990219261355646,-0.5287756031093469,1.5663944282878715,-5.751980816204778,-6.285026782249968,6.283394782521813,-797.9179339362448
952.0,-3.0000385331421042,-0.5287773184686096,1.56639986800768,-5.751983393157841,-6.285026567656723,6.283394933428958,-798.9738341392339
953.0,-3.001055014040496,-0.5287789584719775,1.5664050699802023,-5.751985862619571,-6.285026357869612,6.283395081344823,-800.0300823777098
954.0,-3.0020713745987613,-0.5287805275611331,1.5664100484286005,-5.75198823067286,-6.285026152569903,6.283395227216091,-801.0866784861081
955.0,-3.003087620225407,-0.5287820299668425,1.566414816778623,-5.75199050329399,-6.285025951460273,6.283395371432833,-802.1436222972608
956.0,-3.004103755995995,-0.5287834696874356,1.5664193876698147,-5.751992686201241,-6.285025754264093,6.283395514187093,-803.2009136424756
957.0,-3.0051197866752566,-0.5287848504891811,1.56642377298853,-5.751994784808479,-6.285025560723239,6.283395655598342,-804.2585523516133
958.0,-3.0061357167366975,-0.5287861759148739,1.5664279839077582,-5.751996804219183,-6.285025370596177,6.283395795757503,-805.3165382531613
959.0,-3.0071515503805486,-0.5287874492951761,1.566432030927986,-5.751998749235636,-6.2850251836565025,6.2833959347425274,-806.3748711743042
960.0,-3.0081672915504294,-0.5287886737605677,1.566435923916928,-5.752000624373343,-6.285024999691781,6.283396072624031,-807.4335509409897
961.0,-3.009182943948938,-0.528789852253083,1.5664396721473821,-5.752002433876842,-6.285024818502588,6.283396209467418,-808.4925773779912
962.0,-3.0101985110522627,-0.5287909875375407,1.5664432843329998,-5.752004181735435,-6.28502463990167,6.283396345333808,-809.5519503089668
963.0,-3.011213996123899,-0.5287920822121752,1.5664467686619732,-5.75200587169832,-6.2850244637131825,6.283396480280485,-810.6116695565139
964.0,-3.0122294022275375,-0.5287931387186557,1.566450132828718,-5.752007507288949,-6.285024289771988,6.2833966143612185,-811.6717349422225
965.0,-3.013244732239161,-0.5287941593515159,1.566453384063658,-5.752009091818577,-6.285024117922997,6.283396747626496,-812.7321462867235
966.0,-3.0142599888584174,-0.5287951462670167,1.5664565291612127,-5.752010628399002,-6.28502394802056,6.283396880123729,-813.7929034097351
967.0,-3.015275174619301,-0.5287961014914809,1.566459574506101,-5.752012119954577,-6.285023779927888,6.28339701189745,-814.8540061301067
968.0,-3.0162902919001864,-0.5287970269291216,1.566462526098052,-5.752013569233478,-6.2850236135165245,6.283397142989488,-815.9154542658595
969.0,-3.017305342933261,-0.5287979243694026,1.5664653895750305,-5.752014978818306,-6.2850234486658225,6.283397273439128,-816.9772476342256
970.0,-3.018320329813379,-0.5287987954939536,1.5664681702350574,-5.75201635113606,-6.285023285262477,6.283397403283269,-818.039386051684
971.0,-3.0193352545063847,-0.5287996418830697,1.5664708730567145,-5.752017688467491,-6.285023123200086,6.283397532556571,-819.1018693339951
972.0,-3.0203501188569315,-0.5288004650218179,1.5664735027184116,-5.752018992955922,-6.285022962378721,6.283397661291589,-820.1646972962328
973.0,-3.0213649245958263,-0.5288012663057775,1.56647606361649,-5.752020266615507,-6.285022802704536,6.283397789518903,-821.2278697528153
974.0,-3.022379673346931,-0.5288020470464321,1.5664785598822377,-5.752021511339022,-6.285022644089399,6.283397917267229,-822.2913865175332
975.0,-3.023394366633643,-0.528802808476239,1.5664809953978702,-5.752022728905166,-6.285022486450545,6.28339804456355,-823.3552474035769
976.0,-3.0244090058849924,-0.5288035517533911,1.5664833738115558,-5.752023920985436,-6.285022329710248,6.283398171433208,-824.4194522235618
977.0,-3.0254235924413573,-0.5288042779662939,1.566485698551529,-5.752025089150583,-6.285022173795511,6.283398297900004,-825.4840007895525
978.0,-3.0264381275598433,-0.5288049881377703,1.566487972839353,-5.75202623487668,-6.2850220186377905,6.283398423986295,-826.5488929130851
979.0,-3.027452612419334,-0.5288056832290141,1.5664901997023841,-5.752027359550825,-6.2850218641727125,6.283398549713083,-827.6141284051885
980.0,-3.028467048125235,-0.5288063641433046,1.5664923819854832,-5.7520284644765,-6.285021710339824,6.283398675100096,-828.6797070764046
981.0,-3.029481435713928,-0.5288070317294951,1.5664945223620188,-5.752029550878616,-6.285021557082358,6.28339880016586,-829.7456287368071
982.0,-3.030495776156967,-0.5288076867852949,1.5664966233442104,-5.752030619908235,-6.285021404347003,6.283398924927786,-830.8118931960191
983.0,-3.031510070365005,-0.5288083300603517,1.5664986872928455,-5.752031672647029,-6.285021252083702,6.283399049402218,-831.8785002632302
984.0,-3.0325243191914932,-0.5288089622591474,1.566500716426409,-5.752032710111458,-6.2850211002454435,6.283399173604515,-832.9454497472119
985.0,-3.0335385234361536,-0.5288095840437207,1.5665027128296662,-5.752033733256701,-6.285020948788081,6.283399297549101,-834.0127414563328
986.0,-3.0345526838482404,-0.5288101960362241,1.5665046784617225,-5.752034742980347,-6.285020797670167,6.283399421249527,-835.0803751985726
987.0,-3.035544918442531,-0.528762477716036,1.5664319201352608,-5.751856386750052,-6.285007590083077,6.28340454401779,-836.1483584376834
988.0,-3.036551280053028,-0.5287673962546486,1.5664154328590574,-5.751916294472652,-6.285014011367228,6.283401490166408,-837.2166878774092
989.0,-3.037565067561751,-0.5287810505672158,1.5664291373428614,-5.751975054775298,-6.285018253844192,6.283400169530115,-838.2853568968269
990.0,-3.038580057698116,-0.5287875234693555,1.5664392596281136,-5.751996132729942,-6.285020046083559,6.2833997832231825,-839.3543656722254
991.0,-3.0395954126985534,-0.528791059536211,1.5664468009132502,-5.752005329367514,-6.2850207397988935,6.283399724949421,-840.423714610396
992.0,-3.040610808333559,-0.5287934931729061,1.5664531688618002,-5.752010502370078,-6.285020907207599,6.283399791926347,-841.4934037940732
993.0,-3.0416261326153053,-0.5287954713091313,1.5664589361053107,-5.752014084321156,-6.285020843736623,6.283399906922303,-842.5634331496929
994.0,-3.042641350633,-0.5287972317766632,1.5664643283615753,-5.752016983595106,-6.285020686543456,6.283400039983429,-843.633802543649
995.0,-3.0436564536235844,-0.5287988661066988,1.5664694405322968,-5.752019559252367,-6.285020494061223,6.283400179332977,-844.7045118190206
996.0,-3.044671441712864,-0.5288004114830792,1.566474317065606,-5.752021953394079,-6.285020290012516,6.283400320318977,-845.7755608090486
997.0,-3.045686318053121,-0.5288018844808616,1.5664789826319203,-5.7520242235270445,-6.285020083718371,6.283400461130903,-846.8469493422273
998.0,-3.0467010867415296,-0.5288032937179556,1.5664834539130126,-5.7520263947549335,-6.28501987870477,6.283400601095612,-847.9186772442965
999.0,-3.0477157520565252,-0.5288046446501555,1.5664877441186138,-5.752028479736951,-6.28501967620826,6.283400739992001,-847.9186772442965
