time,shoulder link,upper arm link,forearm link,wrist1 link,wrist2 link,wrist3 link,total_reward
0.0,0.00015347856179691782,6.06101428354188e-05,-1.5021120231777502e-06,-0.00018730804111851074,-6.089970784764009e-06,4.706839794687346e-07,-0.9111607981031667
1.0,-0.004035236408023989,0.004592939450739211,-0.005023281757063073,-0.009509156165976161,-0.011119765829328252,-0.011109686619989253,-1.8209603809601682
2.0,-0.013557608740664077,0.008525683230300004,-0.011277919680101771,-0.024396912702410022,-0.0268000628525478,-0.026790192984845296,-2.7258437721321878
3.0,-0.02218936413618631,0.01111537360734782,-0.019717703592164466,-0.041657212358442504,-0.0443665407914433,-0.044359393375584415,-3.6252944008688965
4.0,-0.03283699307625076,0.01285428952252085,-0.03160789977884871,-0.05986154298421064,-0.06271999433968564,-0.06270928401674127,-4.5174548579586205
5.0,-0.046275699361078816,0.013810463171144503,-0.04559502860277337,-0.07171815420060855,-0.08139350662093948,-0.0750761086028613,-5.399766190714921
6.0,-0.06170550334000331,0.0143058697469348,-0.06082632808515262,-0.07047372114072327,-0.1001996319822016,-0.08495085821803271,-6.270177018593473
7.0,-0.07219481167582699,0.014618899568041997,-0.07726663848351462,-0.07014025081266453,-0.11905845988497527,-0.10002198903412507,-7.130966591340005
8.0,-0.0831030293004419,0.014527543805506206,-0.09129612815128836,-0.07576484352637518,-0.1361703514120855,-0.11733653352532818,-7.982631405406327
9.0,-0.09678060461524292,0.014787336654407707,-0.1068149931163281,-0.08476118258594383,-0.15430146740419484,-0.1352289856798328,-8.823476211028643
10.0,-0.1124123067902356,0.014942605759553527,-0.12344378597455398,-0.0994981618450935,-0.17288326840127705,-0.1537065353040201,-9.65218312361806
11.0,-0.12755880008120912,0.015001449024172952,-0.1408171827300282,-0.11668557862930173,-0.18282843032998636,-0.1708102797734676,-10.469056657697827
12.0,-0.14336605995930038,0.014753568643914973,-0.1557663479026586,-0.1348758172621824,-0.19459702913818885,-0.18823681216204582,-11.27395164924638
13.0,-0.1591393298351206,0.0145694519739582,-0.16835721724317332,-0.14542702753099584,-0.21049303171387318,-0.19650839396441883,-12.066862159553255
14.0,-0.17463319892668414,0.014840294594072012,-0.1828808651932455,-0.1525332004665489,-0.2238268840929464,-0.21098364139004724,-12.847760888785706
15.0,-0.19093567062148986,0.013959082370929474,-0.1939571221722665,-0.1651093105788611,-0.23605787797892427,-0.21929761043452817,-13.616474469118687
16.0,-0.2078571732508611,0.014082039179747818,-0.20557120299782147,-0.17929657218115372,-0.24717731029337708,-0.23376951247323138,-14.372920649960442
17.0,-0.2253889107790193,0.014568322981461032,-0.21944079887632464,-0.1912858511635815,-0.2627791869551224,-0.2508375559516693,-15.116273332412067
18.0,-0.24199875352374417,0.014851848654191509,-0.2349874339989938,-0.20321205637280268,-0.2752503523469755,-0.2658622279172726,-15.846640126014812
19.0,-0.2588466831312006,0.014923208175552748,-0.2512537060319933,-0.21201870268525164,-0.29140806345982845,-0.28310694371062944,-16.563493464189094
20.0,-0.2764080699482488,0.014991823175209232,-0.2683532399908346,-0.22325654560019728,-0.30917573391106695,-0.3013212189485522,-17.26618120719946
21.0,-0.29326785817360324,0.014878549536730394,-0.28484201246419405,-0.23085559870150185,-0.32760780960624664,-0.3199377623996226,-17.954953474136722
22.0,-0.3073363133163597,0.014896539948269324,-0.30191032166531717,-0.23226977904363566,-0.34631565828384525,-0.32782985092680655,-18.63121461991241
23.0,-0.32182887486522366,0.014930267211503591,-0.3195594836429236,-0.2347426589686374,-0.36149991094173106,-0.3354704504185661,-19.294843721435285
24.0,-0.33784946899989265,0.014966330393187574,-0.3376031206131259,-0.24682594032012842,-0.3720534179297596,-0.3420260777897069,-19.945081723242218
25.0,-0.3535095981795938,0.014932638642082333,-0.3557992597837197,-0.26087257882595777,-0.38374379459208136,-0.3557622532471881,-20.581959633186024
26.0,-0.3697816155965953,0.014766659270203108,-0.37357140857725557,-0.2584509115666941,-0.39607429213758993,-0.37252605353851664,-21.204880362339086
27.0,-0.3829213302259393,0.014768009762183008,-0.3910834280857851,-0.26134974499206043,-0.41220248505616774,-0.39022772055815286,-21.815649956129565
28.0,-0.3964896897889077,0.014745178983449545,-0.40905828932259863,-0.25210153447641803,-0.42736062900570143,-0.4076320552218579,-22.41396166627891
29.0,-0.40914073444636145,0.01462929961980779,-0.4256744734039151,-0.2452157226064345,-0.4443093724878932,-0.4220032376224057,-23.000438398929376
30.0,-0.4194466032627447,0.014716521984528625,-0.4429551621697348,-0.23826361290757342,-0.46239760402122404,-0.4338988773481224,-23.576429873730905
31.0,-0.43139129159804596,0.014727243454108276,-0.4607890924250903,-0.2275352525709642,-0.4795012256529023,-0.4376377996784013,-24.140939184920526
32.0,-0.44503699847878436,0.01445500236158572,-0.4750246763153953,-0.23234409234249037,-0.49763420514733314,-0.4458558084262439,-24.693614035575298
33.0,-0.4603668517783254,0.014625817703084847,-0.4906688925992158,-0.2373591354071836,-0.5162175364179782,-0.4602648592749192,-25.23337719653977
34.0,-0.47612743252888007,0.014066035106878686,-0.500186620905323,-0.22828075871605202,-0.5296002095318324,-0.46769173822564114,-25.760761864551647
35.0,-0.49271682152276725,0.014484472818576365,-0.5124954182668718,-0.21857579102129968,-0.5461316623275769,-0.48181478352409435,-26.275170172002188
36.0,-0.5063522472073222,0.014161160382884768,-0.5201645449997038,-0.20359768403735076,-0.5640521024864178,-0.49711347719339766,-26.778709684501095
37.0,-0.5177359809057431,0.014578068439288727,-0.5301312465962482,-0.20352650607487402,-0.5825498032749236,-0.5082825789374927,-27.27291065930425
38.0,-0.5307324820942417,0.014572473714887286,-0.5403542444004015,-0.19382169243151076,-0.5961993552602656,-0.5238812301506988,-27.756729781802143
39.0,-0.5458378480622802,0.01471735833470467,-0.5518923080348889,-0.19408354543384548,-0.6044905396001912,-0.5414135135736927,-28.228975739899116
40.0,-0.5619851050016665,0.014704243131273536,-0.5639970167577378,-0.19466346748024468,-0.6189487474708917,-0.5558034952171085,-28.68865508359386
41.0,-0.5785359205396774,0.014777564384748386,-0.5783186530574951,-0.18622455676846086,-0.6360142910930617,-0.5633216480272257,-29.134971385085056
42.0,-0.5957317610500324,0.014505081652284983,-0.5906821947014216,-0.17545300014364681,-0.6541560908173722,-0.5774811761928879,-29.567783167169093
43.0,-0.6135406566849925,0.014330618858764377,-0.600884307688698,-0.16819568952211808,-0.6627852320176189,-0.5944205314173107,-29.987609917820397
44.0,-0.6275478599953205,0.014581957765565909,-0.6138060066488654,-0.1541564462892081,-0.6774099878317293,-0.6125099135446261,-30.3959911157162
45.0,-0.6416558585069717,0.014383280877465418,-0.6248989936082516,-0.14138842255718778,-0.6945402104657122,-0.6264602274520142,-30.79322149037678
46.0,-0.6574439671633027,0.014402574472536763,-0.6363946015944535,-0.1270189928007619,-0.70915439799612,-0.6364177231019916,-31.17851024047316
47.0,-0.6744057037197865,0.014565502486040532,-0.6502810972769071,-0.11001933342686095,-0.7192072987237291,-0.651102772977199,-31.550955170406013
48.0,-0.6889589245486852,0.014579302805086802,-0.6643465539399132,-0.11098895752868405,-0.7343675848864599,-0.6682505576335935,-31.911690452316368
49.0,-0.7039045526826359,0.013868995865952432,-0.671221625311179,-0.1002464682493511,-0.7425338046369344,-0.6864262019591505,-32.262024760539255
50.0,-0.7202722736541367,0.014132233275024388,-0.6798598694412394,-0.08703508777368922,-0.7569564812457606,-0.705026584139008,-32.60133604430169
51.0,-0.7321866717349067,0.014467855309510974,-0.6918131238265377,-0.0705310696413857,-0.7740115375596216,-0.7178118944884762,-32.93112210274041
52.0,-0.7445993591571258,0.014376556834924788,-0.7037050345634085,-0.054910824773506985,-0.7921439890754732,-0.7237695628878268,-33.25119870885605
53.0,-0.7592971763347632,0.014488834076224954,-0.7178461835924194,-0.04609120653568295,-0.8107275189795825,-0.7373059668339904,-33.56011826360699
54.0,-0.7729978714675122,0.014498646437698617,-0.7335808285901134,-0.03897136934102445,-0.8284906420626807,-0.7436659323101753,-33.85801239188795
55.0,-0.7867531086424584,0.014141819912207601,-0.74635114047358,-0.03685386401534906,-0.8437553971211139,-0.7573644623775039,-34.14555255030871
56.0,-0.8005917908259215,0.01409131551431986,-0.7593336606961749,-0.02567022765334624,-0.8546632674262901,-0.7650320316815385,-34.42307537869757
57.0,-0.8157156009316231,0.013822382009683318,-0.7692551459741486,-0.010188731510283594,-0.8681008337257899,-0.7792448775567088,-34.6907107169966
58.0,-0.8322319970170652,0.014117529682211112,-0.7819553074193609,-0.0024608232913128966,-0.8783625677882647,-0.7962059922003024,-34.94782449406778
59.0,-0.8496174341335192,0.013918930125195834,-0.792822324830025,0.011772303278989264,-0.8906993277726669,-0.8143045276513049,-35.194397818038475
60.0,-0.8675799988151233,0.0140001986111116,-0.8047314813799726,0.028757191145087718,-0.898905462155817,-0.8328731247173129,-35.4305754333065
61.0,-0.8858737647014908,0.013952481849779009,-0.816118405813825,0.04258785643437156,-0.9071828026878994,-0.8405559840041391,-35.65666030389431
62.0,-0.9015005860331482,0.013672624306946093,-0.823508174937879,0.05691688158181734,-0.9216025635954518,-0.8548078601538665,-35.87477427231982
63.0,-0.915553078377139,0.013675631473918808,-0.8297917276641252,0.07389872963058493,-0.9303390683854912,-0.8717860541896884,-36.086464028567555
64.0,-0.9300643327608487,0.014064482263664073,-0.8401023027504316,0.07893287494912206,-0.9449778310660913,-0.8898915298781304,-36.29123555427638
65.0,-0.9450880497044174,0.0138653975846758,-0.8489662026689067,0.09028949926208588,-0.9621163426629694,-0.9084632026071847,-36.48934743967187
66.0,-0.9582320703665131,0.014094065347449142,-0.8609976392050116,0.09524567521305212,-0.9802915787944926,-0.9220500304937428,-36.68128931552398
67.0,-0.970792125312723,0.01413987941020513,-0.8753609326325279,0.09699350025920525,-0.9918193322416925,-0.9386651656634397,-36.86689545949383
68.0,-0.985032557279589,0.013735064396515981,-0.8866880363986005,0.10439472558554433,-1.0075781284878367,-0.9566183373884436,-37.046783487406096
69.0,-1.0009966706544298,0.01383386274353208,-0.9003648247096888,0.11788062172276491,-1.0251813118960709,-0.9663643804575376,-37.22126178919242
70.0,-1.0180150408516995,0.013757519495963832,-0.9138483338529901,0.12467094928077407,-1.0418877080748665,-0.9814219499454039,-37.390845707556466
71.0,-1.0357060572899464,0.01354074118353038,-0.9249311238467202,0.12756645245478387,-1.0598526362932688,-0.9952895238256424,-37.556897139570644
72.0,-1.0523043291875755,0.01367595027074437,-0.9372974094092357,0.118985926305172,-1.0782194643716576,-1.012050269385526,-37.720310196565926
73.0,-1.0692693960994466,0.013734856852483247,-0.9518441244394984,0.11852083260007111,-1.0891554197882667,-1.0191902275630347,-37.881413100895706
74.0,-1.086882487803895,0.013443598518369503,-0.9637785156070078,0.12447322770209712,-1.0916006795128248,-1.0332167938001107,-38.04131469914358
75.0,-1.101942934004784,0.013606627328635178,-0.9778590237053039,0.12827742204404963,-1.0944563251350135,-1.05010177260867,-38.2004787608494
76.0,-1.1137705078590263,0.013647780024885692,-0.9935756431078261,0.1317833462295591,-1.106705201155456,-1.0681688241782883,-38.359174049231655
77.0,-1.1270136106139435,0.010474095290963872,-1.010033064503916,0.13099669837660294,-1.1228552918770236,-1.0829391785449771,-38.51651512549221
78.0,-1.1390517738898525,0.010525732172551332,-1.0278326637910462,0.13457139896582967,-1.1380198704269655,-1.0972354816208651,-38.67448378415016
79.0,-1.1486570708753756,0.011346059083950479,-1.0438083996666916,0.1426535208166175,-1.1553334584230575,-1.1079900515086545,-38.83422376158107
80.0,-1.1562554552420328,0.012044499912377294,-1.0607005758442942,0.15413024942245468,-1.170766746180573,-1.1234192197698265,-38.99536633896642
81.0,-1.160917682275556,0.012505289696632688,-1.078260011809362,0.1539635862262643,-1.1881869785924646,-1.12987532448918,-39.156917023530845
82.0,-1.1602015768283944,0.012365235729649903,-1.0897467357579684,0.15166032649622072,-1.206475890575416,-1.1412232451411164,-39.31789379460608
83.0,-1.1555766978003106,0.01256880702555744,-1.1006712495098745,0.15448599139376218,-1.2177510254632185,-1.151899143964705,-39.47705286104748
84.0,-1.1464068187805845,0.012914103665788238,-1.1141439156227457,0.15296625676310865,-1.2334140294966096,-1.157860888945326,-39.633063893918525
85.0,-1.1337188637427844,0.013051672141897216,-1.128978259951163,0.1412858901532083,-1.2509743701137501,-1.1639822735570395,-39.78451894746047
86.0,-1.1188310369714245,0.013028474434225716,-1.1452021496580804,0.14447118746615908,-1.264537870537366,-1.1693060132467792,-39.93164215678877
87.0,-1.1068312863891727,0.01297113543486629,-1.1623847594908279,0.14091764897083295,-1.2811467034792823,-1.1825481158306117,-40.07541168449107
88.0,-1.0935398930369127,0.01288753484243882,-1.1796943309707577,0.14076521616253454,-1.2985400794630821,-1.1991079574707302,-40.216539361575435
89.0,-1.07824738753095,0.012798022751124547,-1.1965990303619727,0.1385255940668259,-1.3168069271530718,-1.217040561693407,-40.355377617903876
90.0,-1.0625303396003212,0.012290057013678496,-1.2057709294169945,0.13891998162813243,-1.33544304961704,-1.230324429363952,-40.49304863428885
91.0,-1.0460061696863487,0.012589925257214247,-1.2178520832627362,0.1369535364746198,-1.3540493980945991,-1.2422691720612122,-40.630272389800204
92.0,-1.030320121573008,0.012374432297466466,-1.2260428947091773,0.13041002986920566,-1.3728223070807666,-1.2582139376440484,-40.767151004539706
93.0,-1.0139997298780647,0.012641563227057496,-1.2375602775766865,0.12223386311819977,-1.3830169251054405,-1.2700172919863073,-40.904087942806484
94.0,-0.9967432033429005,0.012754918050113338,-1.2515279575569245,0.10785911473796113,-1.3982564819063408,-1.2858832166361969,-41.041331553869455
95.0,-0.9812448289553174,0.012684621983674364,-1.2672089170965803,0.09873261456761784,-1.4094876158666494,-1.3013778020931455,-41.18005496212727
96.0,-0.9658345094868677,0.012440850047416225,-1.2805041524767615,0.08901084234881547,-1.4251157891695436,-1.3147825267777795,-41.32080653154814
97.0,-0.950300807273185,0.012482576242084273,-1.2950183935549622,0.07399877911317161,-1.4384266169023818,-1.32816332142913,-41.46373624860028
98.0,-0.9375964097624553,0.012411816095073783,-1.311045524791544,0.06626100755352878,-1.4549416094490175,-1.3428523166275543,-41.60971888214185
99.0,-0.9282745768865288,0.012166277021347583,-1.3247031803155191,0.05794762555122109,-1.4728562441078628,-1.3599780101992727,-41.75795329254653
100.0,-0.9170859036613466,0.012279423823487751,-1.339933770008069,0.04529591241192021,-1.4913545175602,-1.3781435629126166,-41.90874133478361
101.0,-0.9081007343563801,0.012193027482472193,-1.3564849028644024,0.04238888409059007,-1.5100826599759147,-1.3967400433183994,-42.06311250393843
102.0,-0.896698310651135,0.012177585624443073,-1.3737800919678045,0.04210896371161396,-1.5214251040553959,-1.4155144895974472,-42.2226901583585
103.0,-0.8826191777029826,0.012067217479997523,-1.3904521229553568,0.04531675326414288,-1.5365868765129078,-1.4343626336220283,-42.3889708546691
104.0,-0.8682278932528774,0.011947730602308651,-1.4059607164150778,0.046610697317219354,-1.5422458001432433,-1.4399441279215208,-42.56243666003293
105.0,-0.8525589429526026,0.011928912631866032,-1.422544016866157,0.05825717986927275,-1.555679827939001,-1.449524937243864,-42.7449109986547
106.0,-0.835711517830371,0.011763671377072361,-1.4363418965531838,0.06730990028448668,-1.5684316187028389,-1.4645076876647338,-42.936443686324914
107.0,-0.8181756752232064,0.011865173305565422,-1.4517197769515384,0.0678205946560186,-1.5847244424762303,-1.4817866339292798,-43.13656128241851
108.0,-0.8005247441873774,0.011784128664084105,-1.4667875562972765,0.06598837761115048,-1.597029842101576,-1.5000164968754277,-43.34541835436524
109.0,-0.7825221408442348,0.01176066392132781,-1.4831016911033033,0.06820456979581094,-1.6131105272198107,-1.5186394865033075,-43.56375671123821
110.0,-0.7647726982272264,0.01159951923787267,-1.4976497568390077,0.06884426566340847,-1.6297700244748559,-1.5324417445799061,-43.79116309835325
111.0,-0.7467676705273154,0.011637694378906514,-1.5135576672769204,0.06426958611099047,-1.6473558600373108,-1.5430729978158289,-44.02743677091095
112.0,-0.7284436317288792,0.011553897905649448,-1.5305069422591202,0.07122339916158046,-1.6657058186449643,-1.5584507594381023,-44.27405529492077
113.0,-0.7098738551832066,0.011355853906190455,-1.5437450090339788,0.06961701558493372,-1.684378014253324,-1.5758919452894298,-44.52978678672839
114.0,-0.6912061020952536,0.0103844986491248,-1.552588878500047,0.05954996347969636,-1.6946260934024917,-1.5941888307877674,-44.793860121882666
115.0,-0.6724712174435038,0.008873844510663233,-1.5585159672001176,0.0626355692223291,-1.7045222653587246,-1.612839511513286,-45.06714539394641
116.0,-0.6545192732470213,0.009334430933094731,-1.5625610425004437,0.05860222138900217,-1.7192778441288465,-1.6316365044409444,-45.34801078895723
117.0,-0.6364317707315441,0.00998657589980437,-1.5651434806897204,0.05310770954715224,-1.736460291971118,-1.6440237063479033,-45.63597452547621
118.0,-0.6180682738750961,0.010417773421247854,-1.5668671633089153,0.04990326413020257,-1.7541570918557117,-1.6555610568468624,-45.93126627501306
119.0,-0.6008438340670017,0.01069534740711987,-1.5680327225682182,0.0475239424237326,-1.772550035529157,-1.6713365746098416,-46.23338755085954
120.0,-0.5832783114040411,0.010941653256562673,-1.5687818383939438,0.035528418366552995,-1.7912416856651574,-1.6870999172633494,-46.54176482023066
121.0,-0.5692923944203105,0.0109741055188209,-1.5693494097824587,0.033388617642206346,-1.7985380591645137,-1.700201085032947,-46.856418044046784
122.0,-0.5567448980313219,0.011043375204695697,-1.5696961889319716,0.037849561677357375,-1.8040532731981078,-1.7166266248863777,-47.17719995052434
123.0,-0.5424170565683385,0.011206703727203332,-1.5698766573445566,0.028503821421648395,-1.8173805901271654,-1.7230242665353532,-47.50341159535879
124.0,-0.5265963470780305,0.011196257295313736,-1.5700288226412424,0.03353837836929419,-1.8289383758035862,-1.7310072051909966,-47.836868410177566
125.0,-0.5097097940858426,0.01125912289661524,-1.5701165579325724,0.03574359331638188,-1.8447175758287482,-1.7450923467294477,-48.17764197515345
126.0,-0.4921177788845522,0.01129789794570498,-1.57017719543857,0.034957306166604016,-1.8623272950505676,-1.7614806407851236,-48.52578051302381
127.0,-0.4776272368454999,0.011294282953934925,-1.5702576390927816,0.02593166645018145,-1.8806911824702968,-1.7793334369559908,-48.87933351212021
128.0,-0.46224711458817164,0.011330980361982558,-1.5702628988780054,0.01114071980304694,-1.8970896443769751,-1.7978002184582422,-49.23853479478839
129.0,-0.4456344880451202,0.011271711219086914,-1.57028919781589,0.011353733680069776,-1.914916125553668,-1.8165211123171177,-49.60472655065448
130.0,-0.4282182831147911,0.011304849484175586,-1.5702917720880503,0.00847931049452316,-1.933370927567068,-1.832414784960074,-49.9781868623452
131.0,-0.4102814251308253,0.011321172181417134,-1.5702957046825161,0.0036252431560187853,-1.952086404097932,-1.8500219082985698,-50.3591240822393
132.0,-0.3971712799930984,0.011248902802262269,-1.5703656352936648,0.00047452729886651756,-1.970905824349448,-1.8623701536369852,-50.74527701743138
133.0,-0.38298108099837713,0.011261276674872455,-1.5703426754867966,0.0035719143269034325,-1.9897780674311076,-1.8784587558941128,-51.13724914914468
134.0,-0.36764484219554555,0.011292968404332387,-1.5703293501088469,0.005710037203400843,-2.008664611405163,-1.8961938585946843,-51.53565985645361
135.0,-0.35114903220060095,0.011319291775612767,-1.570316351591896,0.006326803662773758,-2.027558535249631,-1.9146122599750384,-51.94107145089201
136.0,-0.3362467295616706,0.011277579741598688,-1.5703459130775437,0.011638868533526019,-2.040477089603118,-1.9333131996232693,-52.35342146198012
137.0,-0.3219180519375429,0.011302751923863309,-1.5703417067722587,0.012220242804138859,-2.0555051113180545,-1.9471068637019793,-52.772045027753286
138.0,-0.30866765576436644,0.011269841022115354,-1.570357722054778,0.018579399835704582,-2.072781971623527,-1.9638100692265148,-53.19637349978844
139.0,-0.29656062030997254,0.011248438175478352,-1.570368713726716,0.030208811625061192,-2.0833185553129305,-1.9817996660352521,-53.62652333650365
140.0,-0.2829473406423654,0.01128749312271095,-1.5703415408512047,0.043311571904237726,-2.0986842855332184,-1.9803845392143542,-54.06283888465451
141.0,-0.27240942453347966,0.011281440515345832,-1.5703737539699425,0.05033451113230633,-2.112776214272107,-1.9909703332559248,-54.50377075099357
142.0,-0.25982948643349724,0.011349707653368088,-1.5703289492599226,0.048735067371211055,-2.129636925796988,-2.0064355631341733,-54.949732883090476
143.0,-0.24503839167846211,0.011343428476318694,-1.570315442181936,0.05048360394369932,-2.1476933650099257,-2.0239156491258488,-55.40190411917015
144.0,-0.22880481547946213,0.011358410982330232,-1.5703057889544936,0.048532399947513495,-2.1631722228146724,-2.042228668645572,-55.86120966436226
145.0,-0.21788348613998024,0.011281959608806257,-1.570376841055015,0.04373709552787544,-2.178735508213129,-2.0601663887080455,-56.32501952491183
146.0,-0.20531232608484398,0.011306685595669726,-1.5703405207837486,0.03986665128977624,-2.1962305387843766,-2.0786561175517013,-56.79382469306363
147.0,-0.19052851630560155,0.011275243951434893,-1.5703322172690015,0.04926329166525415,-2.214548817961944,-2.0973861257437862,-57.26901118852339
148.0,-0.17429889431940837,0.011297962020787975,-1.5703208709591814,0.06089136467596991,-2.2312274200906232,-2.116215860435423,-57.75152627272004
149.0,-0.15713023892372283,0.011303604256458072,-1.5703178113948197,0.0767314957088532,-2.2491746823758563,-2.1350867926099126,-58.241825302864186
150.0,-0.14099502503645997,0.011294237616541875,-1.5703355456817638,0.09437234982670961,-2.261910647767285,-2.1461329285066943,-58.73982903731581
151.0,-0.12590319639169725,0.011333894234672768,-1.5703370507797711,0.10173062696117291,-2.273471411781861,-2.158745134217266,-59.24491858077947
152.0,-0.10982001264775627,0.008643027327726321,-1.5702031280337687,0.10787518316149122,-2.2892583776745914,-2.16658518809169,-59.75714352070127
153.0,-0.092682344090935,0.009039140510952467,-1.5703975239222585,0.09918828126180382,-2.298100095914818,-2.1733973158910906,-60.27747227408229
154.0,-0.0775964571824034,0.009776199534584971,-1.5703957953525791,0.09771271106765719,-2.3127850315565093,-2.187235112111014,-60.8045969935054
155.0,-0.06676793303610633,0.010219912413434614,-1.570422908010552,0.1081990143499563,-2.3211429777270296,-2.2040407041416703,-61.33690646919221
156.0,-0.06506277315009036,0.010503551182883767,-1.570485259887382,0.11821194078506368,-2.3356307317237204,-2.222074899846853,-61.869355017062354
157.0,-0.06324581001767712,0.010775977678241825,-1.57042737465943,0.133341900956319,-2.352714782250902,-2.2406168290686654,-62.40152587149849
158.0,-0.05851193763445873,0.010982977459957568,-1.5703752805493432,0.15069007404941404,-2.365191933572893,-2.259368798987936,-62.93525102598246
159.0,-0.056583982521624554,0.011057288013274635,-1.5704033765315186,0.16895231324412852,-2.381337058393042,-2.276717186731092,-63.46902562543496
160.0,-0.056904278232185364,0.011125660551489077,-1.5694723842560832,0.17423589873601136,-2.3905819151378345,-2.2921495313496925,-64.00203442362276
161.0,-0.058284250808641615,0.011194895990739171,-1.5697448370044345,0.1875363365834789,-2.398016172580453,-2.30956732701933,-64.53391105441214
162.0,-0.06061713927258323,0.011231551791747108,-1.5699569645851092,0.19651348315844197,-2.4112015248616845,-2.327853272567201,-65.06375131937774
163.0,-0.06255543394127144,0.01128352438797116,-1.5699941421814134,0.19458627834392206,-2.4277257419381013,-2.345859559625455,-65.5913977292457
164.0,-0.06191105485452465,0.011308801043655147,-1.570088791194764,0.1927603382536535,-2.444223148730985,-2.353626391238433,-66.11813010644813
165.0,-0.057399870453569875,0.011347190712716556,-1.5701429385590335,0.18584928245138635,-2.457825734071296,-2.3563019878890312,-66.64609014219393
166.0,-0.05596225379654262,0.011233514224797332,-1.5701683871011851,0.19100233871950786,-2.4744603155308362,-2.3646819884895214,-67.17382401773936
167.0,-0.05568013473938295,0.011288841066749454,-1.5702289873474053,0.1821992379204633,-2.492424233958227,-2.372337982185734,-67.70048811293844
168.0,-0.05107224246565959,0.011320347144291351,-1.5702294481512578,0.17510723500948625,-2.5109407068527623,-2.3865106948691532,-68.22816817330792
169.0,-0.041660743668593146,0.01131268740722615,-1.5702372178692097,0.17910832502617746,-2.529681589251576,-2.401651151041146,-68.75943832207953
170.0,-0.03222966665873553,0.011340695140773802,-1.5702767992366817,0.16958281837153202,-2.548511836554673,-2.411548411014865,-69.29443286231981
171.0,-0.02084545194065297,0.011322663991960876,-1.5702845695803904,0.16384943820034842,-2.5609145619292675,-2.426646408552645,-69.83449092292548
172.0,-0.015700479366536013,0.011186605654017278,-1.570388695656437,0.17084271913906773,-2.577018741627881,-2.4439725605398577,-70.37651369109126
173.0,-0.012149743424218054,0.011211302825051084,-1.570386615327947,0.17701972020153578,-2.5920989462343016,-2.4567334326791155,-70.91955508381434
174.0,-0.015305755761677382,0.011186309111919951,-1.5704420279858033,0.17517461884311866,-2.6093723133799442,-2.473001813506793,-71.46023896708446
175.0,-0.018264766286338267,0.011194129259374748,-1.5704069880327602,0.18348334560317817,-2.6276045521154456,-2.490811196110963,-71.99840907678238
176.0,-0.021191677370538918,0.01125101226692529,-1.570387556880915,0.1833866994604148,-2.6462265569133185,-2.503605753926237,-72.53412905606457
177.0,-0.022749516617955032,0.01129230736957953,-1.570360217043949,0.17748908569467034,-2.662416054567754,-2.519474393322115,-73.06819243219128
178.0,-0.022775232649282023,0.011324689399134042,-1.5703416906918952,0.16404425839778358,-2.6801515414787738,-2.537111529545356,-73.6013542065616
179.0,-0.022979931596978777,0.011283998435623388,-1.5703543714253998,0.1528609022788219,-2.689701064150879,-2.5502318659229752,-74.13396403723728
180.0,-0.021284152753806178,0.011273155771659936,-1.5703413068645717,0.1480106161883474,-2.697846642998476,-2.5666526772406657,-74.66702725347965
181.0,-0.017728474092737943,0.011320034724455585,-1.5703255153279487,0.1349425152438208,-2.712218847856096,-2.5845254023341226,-75.20128684339056
182.0,-0.01695375899507713,0.011234540848389851,-1.570375397525064,0.1295779282464658,-2.7246760665093195,-2.5973524139367083,-75.73552672065418
183.0,-0.016494940929202763,0.011251346618399174,-1.570367308955576,0.12200135711744134,-2.7361566109361695,-2.6132289384779845,-76.26954361179727
184.0,-0.015642163964103836,0.011272777112831098,-1.5703578690436255,0.11128955701723249,-2.7519104364957414,-2.6308692977777004,-76.80340754249444
185.0,-0.01353252696985728,0.011247179674185129,-1.570353624460513,0.10954647475943995,-2.761746902499088,-2.6420206437164038,-77.3379662631184
186.0,-0.015835666725465592,0.01122424672075004,-1.5699260446999534,0.09770634873299376,-2.7768228594885125,-2.6569938037241942,-77.87096420511702
187.0,-0.016825611268779586,0.011260750487688886,-1.5700341745883923,0.09235104660881199,-2.794145944574562,-2.6702083852796514,-78.40280648449792
188.0,-0.012974259956206513,0.011329422669231181,-1.5700908678828591,0.08274906543628914,-2.8114783583453056,-2.6822666917940317,-78.93600251954605
189.0,-0.013384385938922008,0.011215878406456936,-1.5702408136340829,0.08225926751183833,-2.8289162072532954,-2.692889651611484,-79.46862686172537
190.0,-0.01639892702241244,0.011212285761917736,-1.5702974769186409,0.08169895055704739,-2.847198320681224,-2.7082741395633656,-79.9992215558644
191.0,-0.02096111002961191,0.011224548259575482,-1.5703264614731038,0.0798901544771326,-2.8655289921334326,-2.7226148178376817,-80.5269988869198
192.0,-0.018735848068210298,0.011328552551003962,-1.5702600214766451,0.07614526850588078,-2.8841898333463085,-2.734645488964991,-81.05529997453874
193.0,-0.016212728157723736,0.011316023642348015,-1.570297586844225,0.06864950004407978,-2.902989037411444,-2.7391479164602854,-81.58458987124824
194.0,-0.012296738819423933,0.011296968979615811,-1.5703063536450685,0.06589653546287268,-2.9218484073078597,-2.7521077394403792,-82.1155454182666
195.0,-0.012777024436201644,0.011271851665605436,-1.5703628849377727,0.05367480582939159,-2.9394858804618513,-2.768552470087755,-82.64616452409973
196.0,-0.01768312062225238,0.011202351986850797,-1.5704028883659196,0.04626527773131216,-2.9522748112712023,-2.786437363164744,-83.17417090827341
197.0,-0.02719889850605005,0.011122413707343497,-1.5704374484822936,0.05439073941037402,-2.968554108852857,-2.7993449973044573,-83.69704634809753
198.0,-0.031846067316848733,0.011304235652891412,-1.5703309479616825,0.04778414592920415,-2.9849921647874837,-2.8060009163111164,-84.21714832497683
199.0,-0.028800254129361293,0.01138961548084163,-1.5702615821530534,0.03742143099574506,-3.002852739527844,-2.819812067879754,-84.73854337263923
200.0,-0.025586725085163027,0.011334500968414138,-1.5703041945585108,0.02769211806858054,-3.021322624843607,-2.832995448885962,-85.26160767693514
201.0,-0.02420454001607363,0.011274143434496066,-1.5703443077470545,0.021476533373538234,-3.040045002860263,-2.8417949667325555,-85.78541933101289
202.0,-0.019068089763186483,0.0113440389235416,-1.570297929184826,0.007877064537392309,-3.048361140107907,-2.856449240996318,-86.31188368123618
203.0,-0.013896867814174742,0.011316706915680418,-1.5703222651769124,-0.007736353104170931,-3.0538828545116226,-2.8735920964876374,-86.84120628040604
204.0,-0.012219292175871841,0.011218837695775382,-1.5703817403811773,-0.014705456242060879,-3.061880106890779,-2.889330071508154,-87.37157679067556
205.0,-0.008599128310593347,0.01052362579955224,-1.569862224470286,-0.025253623470806473,-3.070907005373151,-2.902980539176905,-87.90388524607457
206.0,-0.006644847101465248,0.010589670346183067,-1.570088422337973,-0.028143424627560074,-3.0856392162008905,-2.9196425141960662,-88.43734462680493
207.0,-0.011147365857968513,0.010733199992914284,-1.5702445107895608,-0.025480113722418575,-3.1028157397051683,-2.937615510178373,-88.96867331037727
208.0,-0.01752947094184595,0.010948708631565761,-1.5702732394498737,-0.030890772154969832,-3.121003082873551,-2.9561323267539414,-89.49682745505726
209.0,-0.01947941899414328,0.011147356391174375,-1.57023793709748,-0.04414619797428746,-3.128900565298117,-2.9732534634496455,-90.02399491530659
210.0,-0.01738758163359341,0.011212931513367917,-1.5702454598057536,-0.05370908283370787,-3.143003088015317,-2.991390298776204,-90.5523817966793
211.0,-0.015578080848450799,0.01123304661124755,-1.570287940678962,-0.06549765430149601,-3.15991738955541,-3.009974066472065,-91.08205429895195
212.0,-0.01634366010404659,0.009442019718376512,-1.5702705793026293,-0.06786523640564741,-3.1666571444155385,-3.0247696829486785,-91.61159395732047
213.0,-0.02274548121801306,0.009637861336974834,-1.5704649276421958,-0.0713884155797668,-3.1805289600440814,-3.039586899683213,-92.13817856748088
214.0,-0.025895975455355845,0.01024904845454781,-1.5703760984280417,-0.07302295698804417,-3.197349644708648,-3.056757672307221,-92.66323870307583
215.0,-0.028768928110635694,0.010605423504567116,-1.570366262990276,-0.07310265375380358,-3.215391257588083,-3.072026871340402,-93.18711875369853
216.0,-0.03115885729553821,0.010869011390335208,-1.5703445344374638,-0.07857684697797425,-3.223911942298672,-3.089376100176673,-93.70995347960326
217.0,-0.03283661871532215,0.011043502074701514,-1.5703302414159563,-0.08935881878320165,-3.2318355390996794,-3.1003438059446338,-94.23217510092456
218.0,-0.03477720696496637,0.01109167906519878,-1.5703492980876461,-0.09475897622433631,-3.2374728147043688,-3.10808286793039,-94.75358526384031
219.0,-0.03894931194918166,0.008226186935263089,-1.5702305425776766,-0.10219927165406557,-3.250845792572228,-3.1192767877455205,-95.27345070758639
220.0,-0.04651740868836737,0.008627069999526903,-1.5704860806082575,-0.11634406249264878,-3.2674705836847076,-3.134937492046048,-95.79006935125571
221.0,-0.04984725800224943,0.009071986982939623,-1.5703563692609896,-0.1283111879097968,-3.2854258134688465,-3.152496983858819,-96.30542973197478
222.0,-0.05304962345424805,0.009720316753636738,-1.570387242173767,-0.14032488315220198,-3.2999988591326184,-3.169148043831558,-96.81971315531815
223.0,-0.0591798516619965,0.010177130206389776,-1.570414458249916,-0.14033816830432055,-3.317043861864029,-3.1870892589906927,-97.33140422737549
224.0,-0.06862515928684777,0.010566957249453869,-1.5704011632800339,-0.14736740864644868,-3.3351754891657364,-3.205592249930142,-97.83896237545979
225.0,-0.07245409780504027,0.010920621691874605,-1.5703015381896488,-0.16129618430978188,-3.351394964009591,-3.2226628886467603,-98.34511986010615
226.0,-0.07570392101871111,0.011033832514511554,-1.5703235904613422,-0.17472255430984024,-3.3666341072831045,-3.2407780496397844,-98.85041311371232
227.0,-0.07368658943059976,0.011172087697399045,-1.570278147863523,-0.1881973695464402,-3.379975200390404,-3.2593528291061595,-99.35733932373428
228.0,-0.07079548206456178,0.01118792646363058,-1.5703126807023398,-0.1990503200673115,-3.39424081116602,-3.2771408077844955,-99.86654529159969
229.0,-0.07332434053198993,0.01111939530755203,-1.5703994713941927,-0.20441145537388755,-3.4104677183358243,-3.2883432322745705,-100.37542992393739
230.0,-0.07747763496642618,0.010983831451519715,-1.5703755250239155,-0.21533629870126256,-3.423635030763356,-3.3021434467521993,-100.88301680841515
231.0,-0.08004407309105716,0.011039826174750892,-1.5703714122299617,-0.2242351174618118,-3.4335326879379604,-3.3189015181771775,-101.38987270451045
232.0,-0.08146765535002336,0.011157749479218644,-1.5703474959754882,-0.23889881279631842,-3.448618117343973,-3.3350521983191923,-101.89696276144133
233.0,-0.08251158405151936,0.011180791365777893,-1.570356662455264,-0.2516902048007669,-3.4659431370641802,-3.352783697933347,-102.40463656430808
234.0,-0.07786326108275474,0.011276075788217975,-1.5702977949717762,-0.26560936824478343,-3.48419139227605,-3.3711998006906314,-102.91571891322617
235.0,-0.0718335110390553,0.011251359238151112,-1.5703274909500422,-0.2757896768920697,-3.5028242903631717,-3.38907019005577,-103.43106481567582
236.0,-0.07025329479021272,0.011202863976057987,-1.5703921300185952,-0.2879667307967413,-3.521615121609235,-3.396420928467613,-103.94865237473358
237.0,-0.06902778688426829,0.011204373096214557,-1.5703900517459324,-0.2982378873441177,-3.5404689746175184,-3.4105378466649894,-104.46814618515954
238.0,-0.0717893059613848,0.011140943967424703,-1.570442357536027,-0.3033259856768255,-3.5593514980487586,-3.424080640023499,-104.98762229896619
239.0,-0.07986205082300159,0.01116457137713099,-1.5704511694760097,-0.3164846701010834,-3.5782436766656547,-3.4407082355924183,-105.50464011375666
240.0,-0.08639473825519764,0.011219976137064248,-1.5703976220359535,-0.3307706545900825,-3.590844871747436,-3.4586672249078823,-106.01946264400586
241.0,-0.09629290182123958,0.011185756412120287,-1.5704276130699915,-0.34569031612580625,-3.5985863609416913,-3.4662909924762526,-106.53036046544513
242.0,-0.10934245968848241,0.011178121358281286,-1.5704302577157696,-0.36081118387205585,-3.6068653970138067,-3.480515492291111,-107.03580724878125
243.0,-0.11499379132057796,0.011287207947380942,-1.570326714237046,-0.3749819697606479,-3.6139197009166524,-3.497482359710592,-107.53906524524413
244.0,-0.11932408476502898,0.01127061778600509,-1.5703465583521512,-0.3885464720140671,-3.6278588971585513,-3.5155831316887665,-108.04151295598307
245.0,-0.12139076537534504,0.011244397385735497,-1.5703530715087566,-0.39559882563743687,-3.6405229448370946,-3.534152701022457,-108.54398304533905
246.0,-0.12228326153346891,0.008506752579597673,-1.570200621985351,-0.4014720815033154,-3.65677237580807,-3.5529161566852143,-109.04777433186952
247.0,-0.1250055135483346,0.008819377902780794,-1.5704756803195463,-0.4100858524533368,-3.6742392478511583,-3.571759565990441,-109.55183273336799
248.0,-0.12377608954430562,0.009712092658837362,-1.570388872101978,-0.42007083552864655,-3.683670746050559,-3.5906362166620287,-110.05719335206369
249.0,-0.12434617238327886,0.010196180424840861,-1.5704208231545194,-0.42586780486715,-3.693252224870612,-3.6095264197400483,-110.56315438426145
250.0,-0.12644456106003174,0.010542341228636646,-1.570421120841853,-0.43114845214861475,-3.7026579357294276,-3.622446961563966,-111.06893792390319
251.0,-0.1273867194465865,0.010822236369049186,-1.5703851834957794,-0.44003987789590765,-3.7175388016538373,-3.6313435455229754,-111.5755592121562
252.0,-0.12560126849878783,0.01100798930089428,-1.570355206682223,-0.45150556447144036,-3.7326075901696028,-3.6460344829544247,-112.08444077741464
253.0,-0.12662822160682494,0.01101513353204156,-1.5704209422873145,-0.4581743179514359,-3.749891035236892,-3.6614168898835735,-112.59449866903799
254.0,-0.12889810606951232,0.011052362493843134,-1.5704340149562621,-0.4606018907170753,-3.768121915910448,-3.6788323487655368,-113.10503174904593
255.0,-0.12498021788529246,0.011220161700856527,-1.5703384513956176,-0.4693199582228305,-3.7777419872602596,-3.697117902023481,-113.61827343881063
256.0,-0.1248448306322611,0.011165399682852519,-1.570416879003269,-0.4785144428505544,-3.792757986654131,-3.7157637035989697,-114.13323595454702
257.0,-0.12986245424993734,0.011128263657495781,-1.570463368035309,-0.48892167061417363,-3.80506529516533,-3.7345585759322044,-114.6473202782421
258.0,-0.1349700452813561,0.011175996024934595,-1.5704324104238632,-0.501902262306137,-3.8178903138925113,-3.7534150916541926,-115.16046171400673
259.0,-0.14234203497467365,0.01117734429323131,-1.570442924304881,-0.5183259770191185,-3.8319431346771653,-3.769794683687428,-115.67195446870424
260.0,-0.15111371015724095,0.011153370151676454,-1.570452798036612,-0.5316168145433653,-3.848801195853746,-3.779786356047127,-116.18131390876509
261.0,-0.1580357843925855,0.0111718811369131,-1.570427796151327,-0.541040361557633,-3.8668563244857452,-3.794142277301385,-116.6893327041787
262.0,-0.15800402134164682,0.011295917938687667,-1.5703360503253625,-0.5559216635749373,-3.885405493056372,-3.8111483562217927,-117.19931622745763
263.0,-0.16236589787797365,0.01120391570471961,-1.5704268531706185,-0.5731911615878841,-3.904167701382205,-3.8292647948037346,-117.70980363373862
264.0,-0.16890112553807207,0.01116251486083594,-1.5704518793819777,-0.589063787741221,-3.9176236890693525,-3.846520704009894,-118.21920613966103
265.0,-0.17447400274353705,0.01119168883652538,-1.570429407326048,-0.6066678683236296,-3.9341807733120153,-3.848252719653804,-118.72823068398246
266.0,-0.18252742970964736,0.011127885950413051,-1.5704762358607631,-0.6207288370845598,-3.94679573834397,-3.860159886510343,-119.23548336933075
267.0,-0.18777415127386315,0.011160686449245784,-1.570439329752233,-0.6315280465734235,-3.954181438887349,-3.868329193493757,-119.7414420159027
268.0,-0.1966630338177973,0.011079091314613968,-1.5705056355245897,-0.634973080182711,-3.9682802003104145,-3.882726718274059,-120.24506494278685
269.0,-0.20788761180220183,0.011147114362902092,-1.570471901478899,-0.6474817319777604,-3.9751854816534062,-3.8997636933209927,-120.7449481675859
270.0,-0.2103659769191549,0.01129262561117985,-1.5703483344672218,-0.6637377798173686,-3.9859466584489867,-3.91479135762262,-121.24514774674232
271.0,-0.21021675127490078,0.011272848687540724,-1.570370760205597,-0.6815692062792232,-4.001436142410531,-3.932037391816322,-121.74762458069678
272.0,-0.20565797226889918,0.011126564486647892,-1.5677914030564468,-0.6939130635249496,-4.0189275128705075,-3.9502087862640765,-122.25387243301137
273.0,-0.20442845977509397,0.011273404329405982,-1.5685970908831817,-0.7099692127408244,-4.037247822142391,-3.968806756010809,-122.76324338472249
274.0,-0.20543635369333862,0.011191078009270149,-1.5692516724816077,-0.7266052640210359,-4.05022624264978,-3.9875817852511863,-123.27432780660041
275.0,-0.2094490713428075,0.01113119645887163,-1.569696874992629,-0.7445552616834875,-4.065688095155432,-4.003561046123537,-123.78611640525271
276.0,-0.2140229043971794,0.01101997771640554,-1.5700187511559673,-0.744730946055318,-4.083151354248313,-4.021204532295137,-124.29780263461986
277.0,-0.21908347838480546,0.011118962615730903,-1.5701433175202744,-0.7559635153663422,-4.101456569987514,-4.039583871279197,-124.8096232788375
278.0,-0.21937159542605333,0.0111567789342714,-1.5702178027531128,-0.7628704257796832,-4.114875542971838,-4.058268560422787,-125.3228575704031
279.0,-0.21875756897628204,0.011192645155634307,-1.5702870513583431,-0.7767652989841114,-4.131423698131094,-4.077079478679373,-125.83856829039956
280.0,-0.21433231665074556,0.011199451329783129,-1.5703248969708277,-0.7887189590292262,-4.142355074590164,-4.093822664209321,-126.35766188100922
281.0,-0.21024734342599682,0.011183750096890432,-1.570386102405787,-0.804673173096359,-4.157873165965057,-4.111794728639222,-126.88068806275784
282.0,-0.20462526340017523,0.011184560206029535,-1.570408110563937,-0.8223609183112823,-4.170559999319843,-4.119043946030312,-127.4080089915174
283.0,-0.20190686398836405,0.011115765932750302,-1.5704865680231266,-0.8407765888056351,-4.186813558441049,-4.127491175812984,-127.93891706563141
284.0,-0.1973942880973825,0.011109868907673855,-1.5704904184934954,-0.8554963086825957,-4.2046174216402,-4.140097346217501,-128.47398579930868
285.0,-0.19452461542214744,0.011086412975926985,-1.5705262397417106,-0.871959522887939,-4.22306727860034,-4.154030576014236,-129.01277001868465
286.0,-0.19838199520570185,0.011000272589604131,-1.5706093406989938,-0.8891022107985285,-4.235616896526325,-4.16493436183733,-129.5521257022591
287.0,-0.20117135552797075,0.011052547260846583,-1.5705628792250996,-0.9072488197242122,-4.238309166345845,-4.18042686260333,-130.09129311846775
288.0,-0.20393462857238726,0.011057038037809011,-1.570563367409995,-0.925349411912995,-4.250559895975403,-4.1979154247975785,-130.6312526563573
289.0,-0.2038401398404292,0.011098908797596507,-1.5705276346243064,-0.9439086002785969,-4.266713671796976,-4.209302779932264,-131.1734775001419
290.0,-0.20151589902713296,0.01107898123110856,-1.5705391577529872,-0.9578365164310197,-4.282035453545279,-4.2237386068806995,-131.7186629681124
291.0,-0.20231756017152863,0.01100428296378771,-1.5706053982304924,-0.9682539885717761,-4.293788619664358,-4.235850634607261,-132.26523241260747
292.0,-0.20507222649006512,0.011001975224315562,-1.5706112095482698,-0.9785221268994547,-4.309637738536647,-4.247618836499643,-132.81270116337913
293.0,-0.20909676689833162,0.010973240862106076,-1.5706299633343912,-0.9825711852071033,-4.322021880727755,-4.25656201363399,-133.36003347082757
294.0,-0.2108757687021817,0.011075368823529904,-1.570555367241075,-0.9936157158566604,-4.332008963344328,-4.27126324765385,-133.90797687873365
295.0,-0.21280714653494398,0.010631766239517525,-1.5705343349693408,-1.0080680911867526,-4.34712740660833,-4.288425210047344,-134.45732982790247
296.0,-0.21900283010565602,0.010599252047001805,-1.5706458524872104,-1.0199249101919907,-4.358249854497218,-4.306606587940405,-135.0059930333142
297.0,-0.21928323222187357,0.010854404664684125,-1.57053463477567,-1.0346100139961492,-4.373745530548955,-4.325209563866593,-135.55635799161544
298.0,-0.21829520611139663,0.010936907532384525,-1.5705446018694937,-1.0517726709791468,-4.390163280926832,-4.337932765648442,-136.10932731170735
299.0,-0.21859569973551665,0.010887799701938173,-1.5699476305644435,-1.0643539601934866,-4.397868737420869,-4.349529900178646,-136.66339291761466
300.0,-0.21953694350037656,0.010982174480520022,-1.5701326554959136,-1.078905524231379,-4.412113923422355,-4.365328756809205,-137.21900480857425
301.0,-0.21751509211425282,0.011043900213524476,-1.5702506580893267,-1.0959876682903882,-4.428926154510402,-4.382821651143068,-137.77756509101403
302.0,-0.21393170898542108,0.01101273141304196,-1.5703847480500621,-1.108274721590465,-4.432872832619465,-4.394912885024337,-138.33837357371738
303.0,-0.21211859494908464,0.010199996807074873,-1.570448542267926,-1.120946469269476,-4.445644723313479,-4.405154210124008,-138.9018140196439
304.0,-0.2095518565723359,0.01032977430596695,-1.5705449892995342,-1.1372352244359605,-4.459506231255344,-4.413385222470813,-139.46808555252716
305.0,-0.2061313793206239,0.010556706825282456,-1.5705752247089237,-1.1516973435490319,-4.476282296871258,-4.42779673572016,-140.0376504893051
306.0,-0.2059670436949402,0.010668376516821164,-1.5706356563589847,-1.1675137831435427,-4.488270518559178,-4.444444348605287,-140.60901428167352
307.0,-0.20452864643138455,0.01080780226384994,-1.5706139004642556,-1.18511232203167,-4.504209057085018,-4.462406415658852,-141.18289911972033
308.0,-0.20876795394489195,0.010788146209357224,-1.570701684117712,-1.2035014649268252,-4.51417272864417,-4.472950905710895,-141.75692181570258
309.0,-0.2173352321265375,0.010715530201476866,-1.5688366633951079,-1.2222011343101415,-4.529302730405699,-4.488321948319096,-142.32956265089194
310.0,-0.22456600439363017,0.010924661167211816,-1.5693414198837747,-1.2361011921887366,-4.546642392107919,-4.500424682401283,-142.90157200918736
311.0,-0.2269931939624705,0.010995868622323608,-1.5697292453692688,-1.2507674321593314,-4.561418326527746,-4.514444255766289,-143.4744995947953
312.0,-0.22990019889469493,0.010955766540614016,-1.5700673934798866,-1.2647249792011646,-4.578557566430855,-4.526380577795661,-144.04849114791836
313.0,-0.23245410045174889,0.010967393324058676,-1.5702605963754783,-1.2815261305142933,-4.59300025517555,-4.534374993414269,-144.62343689146746
314.0,-0.23299279682204943,0.010983748018963261,-1.570382037262019,-1.2995644451675812,-4.609994476663935,-4.548704973569142,-145.2002613754594
315.0,-0.227484933889018,0.011006714255724501,-1.5704453642403273,-1.3113116783542613,-4.628105884748715,-4.565714097127622,-145.7809557200354
316.0,-0.22306849653112693,0.01093183546423808,-1.57057477623326,-1.3184926031694335,-4.642296021772392,-4.574859375591476,-146.36484546986443
317.0,-0.2177108635793533,0.010979698293018895,-1.5705799485049905,-1.332485564554782,-4.659173422528122,-4.586152283968846,-146.95252258324524
318.0,-0.20814714895292458,0.011028148201883232,-1.5705666641204843,-1.3493652628332193,-4.677148806239167,-4.59884085258754,-147.5456069709932
319.0,-0.2059897322588516,0.010882792126920539,-1.5707215826969299,-1.3674716141461603,-4.693510406356693,-4.6055644292579245,-148.14164422070698
320.0,-0.20483048798689932,0.010825974801559028,-1.570770562205875,-1.3733143210926948,-4.710840590758008,-4.61940038518388,-148.7398011233468
321.0,-0.20920909876213206,0.010800767348008476,-1.5708082443199753,-1.3836212940513495,-4.721877244408602,-4.630391638511195,-149.3377551052968
322.0,-0.21525818326267634,0.010848824356140372,-1.5707728576923587,-1.3989110850480098,-4.7374373269944625,-4.645922810086711,-149.93524061815765
323.0,-0.2193782689539307,0.01087417899928716,-1.5707507008169224,-1.4104088928237228,-4.751042003922472,-4.663427464427994,-150.53265593742506
324.0,-0.22659932322926207,0.010858664172307913,-1.5707718133119133,-1.4261597693870094,-4.754231837196404,-4.681750517055648,-151.1282697270823
325.0,-0.23084224359660424,0.010921696264262532,-1.5707157282645912,-1.4437519011765398,-4.766681499278505,-4.6938415189657645,-151.72372494041687
326.0,-0.23273990522789023,0.010902853750099483,-1.5707320357528634,-1.455506982236692,-4.782919385417435,-4.709822060209645,-152.32011327433773
327.0,-0.22821775004350348,0.010995926040427598,-1.5706515577984912,-1.471338461529956,-4.794908484847049,-4.727512332350076,-152.91931751993513
328.0,-0.22820126634219903,0.010885058069202026,-1.5707583959495182,-1.489012785703009,-4.80390403124344,-4.745912111734159,-153.51986248470496
329.0,-0.22772738081913757,0.010845149001753852,-1.570787128758386,-1.4974483227152795,-4.817545127361847,-4.759071491845869,-154.12186616002631
330.0,-0.22972709220297013,0.010840678244675531,-1.5707963628932107,-1.511988835241469,-4.833506903732731,-4.773719419730455,-154.72482418236103
331.0,-0.22978482970295722,0.01088401929521774,-1.5707582663824071,-1.5290876253818264,-4.847486115515018,-4.778286634462692,-155.32918992845745
332.0,-0.22776250442516058,0.010884257505173892,-1.5707596488646456,-1.544613510516529,-4.86428995296752,-4.783100825348967,-155.93588982858336
333.0,-0.2204976799360043,0.010502953601055154,-1.5706849833521903,-1.5620637658654057,-4.8823231022955635,-4.796131424232685,-156.54690907691338
334.0,-0.21811307151268422,0.01044321447857365,-1.570833684895363,-1.5798680172315605,-4.892047246834554,-4.811906961746376,-157.16007825432254
335.0,-0.2169214852844948,0.010554221966504006,-1.5708443688884908,-1.5957038540322401,-4.907096156743861,-4.829324675916926,-157.77509144117667
336.0,-0.21323129061773716,0.01063237488772509,-1.5708463625997344,-1.5992197070113678,-4.924404587319084,-4.843213297584428,-158.39272487783336
337.0,-0.21257078582563438,0.010685629583485103,-1.5708508150250855,-1.6104279142675983,-4.9426490933813145,-4.8599663512201,-159.01222294853414
338.0,-0.21394286538491894,0.010703726249850318,-1.5708659921728032,-1.6205971458910682,-4.961277503839216,-4.877976763510947,-159.63283614481898
339.0,-0.21505265202819895,0.010768161026055304,-1.5708292476573054,-1.6357901210410273,-4.980064741465696,-4.89650892013577,-160.25466064121
340.0,-0.21538344222840022,0.010798362687510171,-1.5708176788771042,-1.6531700069571813,-4.992486949977205,-4.915256829485761,-160.8775526128672
341.0,-0.21616502138211083,0.010786231096982726,-1.5708393145477515,-1.6700788622349976,-5.001381895784064,-4.934093915749213,-161.50111208055665
342.0,-0.21735553424903026,0.010783961776165934,-1.5708478895491662,-1.688135855565601,-5.016069007837111,-4.952967860360249,-162.12557367301184
343.0,-0.22112629668401557,0.010748336384455241,-1.570885183177752,-1.7066990969567932,-5.033228676848583,-4.971857052628216,-162.7502541185131
344.0,-0.22288119794787628,0.010787657882243786,-1.5708519020615133,-1.725452868513741,-5.051408834141855,-4.984510341536279,-163.37577588972673
345.0,-0.22426805460881663,0.010780691429801151,-1.5708624801359141,-1.7443041802374553,-5.068355145712794,-5.000589328691025,-164.00223419416744
346.0,-0.22598359258812842,0.010728669811559122,-1.5709128389161202,-1.7515751843570893,-5.08398899782411,-5.018317990759409,-164.6292756772724
347.0,-0.23062496539716484,0.010696617083762594,-1.5709398392362897,-1.7566011123295107,-5.098147068608956,-5.036733548439239,-165.25575260169606
348.0,-0.23311058282466224,0.010786154262000898,-1.5708546546985682,-1.7697196714178542,-5.10205320999875,-5.0549939390419985,-165.88170343084977
349.0,-0.23568211912942835,0.010753270131622205,-1.570888704347857,-1.7777149259924723,-5.114790394454142,-5.072242340773972,-166.5076783752992
350.0,-0.23945084970939404,0.010761833259877071,-1.5708784387978432,-1.792052732719947,-5.1243374841704625,-5.089077508975776,-167.13313425286057
351.0,-0.2406165585069192,0.010797597503937292,-1.5708472312661945,-1.807822812273053,-5.139282926273086,-5.107100039907497,-167.75922779103792
352.0,-0.2370878716336531,0.01080440908144875,-1.5708461879668667,-1.8131527761554502,-5.156548593124461,-5.125636631569085,-168.38762072531674
353.0,-0.231896096524016,0.01081221671576933,-1.5708375677235697,-1.8222207960721717,-5.172992826838731,-5.14250356892264,-169.01895587916047
354.0,-0.23122771138140952,0.010743232503829407,-1.5708996288034647,-1.8370071132256653,-5.176121720616475,-5.157643496461588,-169.6510478640814
355.0,-0.22933964661551307,0.010679041187663989,-1.5694027885235138,-1.846916425769508,-5.188566620999441,-5.173220519536386,-170.28437077804233
356.0,-0.22629617912741207,0.010790225415531401,-1.5698302535089268,-1.852801341361654,-5.204803135704785,-5.19071603221993,-170.9198217342516
357.0,-0.22038418951705518,0.010826177755762122,-1.5701339857805445,-1.866299170027361,-5.222602545765626,-5.209034558434184,-171.5585679311227
358.0,-0.21355693449912913,0.010766391175876177,-1.5704225294430139,-1.870109178578654,-5.240937411590886,-5.227694183630948,-172.20094154167757
359.0,-0.20990700339846294,0.010694483445863713,-1.570639040967708,-1.869903616935761,-5.259602618883539,-5.246494743992239,-172.84583524368932
360.0,-0.2099903012454538,0.010688260447011709,-1.570738884158815,-1.8796288403184085,-5.278405731474128,-5.2640123552859315,-173.49193954935228
361.0,-0.2115927457139669,0.010699151948117228,-1.5707966829532214,-1.8947254759637613,-5.294651242564358,-5.282317953224586,-174.138536398725
362.0,-0.2150303934374898,0.010656839760251216,-1.5708884060191695,-1.9015444187669321,-5.312408773975082,-5.300971608325721,-174.7849740132595
363.0,-0.22008955309026604,0.010679792497081253,-1.5708929435715746,-1.915426345051563,-5.330836819039725,-5.3197696565057635,-175.43068618512694
364.0,-0.22141810484256855,0.010715265752125235,-1.570888341227795,-1.9186860388886933,-5.3495407893111375,-5.338627506745735,-176.07681197894814
365.0,-0.21955661034462978,0.010724161791349092,-1.569678220174067,-1.929349095097847,-5.362823009105569,-5.357509960277242,-176.724128953748
366.0,-0.22002739865771972,0.010754201150929356,-1.5700721979283616,-1.9408836989866902,-5.379307084636329,-5.376402686200667,-177.37228836474927
367.0,-0.22466795607152332,0.010680018200950736,-1.5704103932775562,-1.9524426741234648,-5.391746090076325,-5.393757516298113,-178.01961082991997
368.0,-0.22748080729198863,0.01069208441995446,-1.5705840077845263,-1.955136334326951,-5.406494377493954,-5.4119923639438525,-178.66659087815697
369.0,-0.2278261024520714,0.010733993928761914,-1.5706629643361627,-1.9615529685774358,-5.421080812927136,-5.425084408900485,-179.31412678884766
370.0,-0.22426690653625272,0.01079011362192506,-1.5706894903485724,-1.9752105335460608,-5.4354482723797615,-5.436744811631551,-179.96365610165037
371.0,-0.22705355338609806,0.010669112550041639,-1.5708581713214802,-1.99198225151605,-5.450963088881108,-5.451063726617102,-180.61318551200162
372.0,-0.2354448240998073,0.010600236062114448,-1.5709602987272455,-2.00526693964819,-5.468438661505378,-5.467997117188908,-181.26058774750214
373.0,-0.23889833893808698,0.010712836300945393,-1.570879353420304,-2.0217402530069184,-5.485546705755332,-5.483306133324549,-181.90737382813725
374.0,-0.23949445838112735,0.010719143104736997,-1.5708996935645183,-2.033096017405037,-5.4952858630872115,-5.500674139951624,-182.55439039082304
375.0,-0.23907101197047892,0.010699804245049398,-1.5709321731097643,-2.0382877671586552,-5.508255891458735,-5.518939497081727,-183.202112482413
376.0,-0.24071202479773657,0.01067060912473567,-1.5709593949358924,-2.0475237673080633,-5.524604149823716,-5.537577023595534,-183.84997629510812
377.0,-0.24496696547948316,0.010653454464924498,-1.570973737705954,-2.0623692188558937,-5.5337822053068155,-5.556368509375206,-184.49676515356086
378.0,-0.2515877548250799,0.010635891244547113,-1.5709937273477064,-2.0796044775044913,-5.54157633431973,-5.575223651971918,-185.1415328125967
379.0,-0.25294880887943194,0.010696460977463063,-1.57095326450951,-2.0864439346373955,-5.555809531560997,-5.5941050505564665,-185.78619751664314
380.0,-0.2563292185682427,0.01066365571356229,-1.5709771652272242,-2.100366681827633,-5.5727816457462005,-5.612997277104055,-186.430345868059
381.0,-0.25655306169162234,0.010713211789054504,-1.5709309892413919,-2.1172092528561164,-5.585842073818022,-5.631447334604956,-187.07486914563813
382.0,-0.25838626816365895,0.01066428171616846,-1.5709805813350977,-2.1352797283309735,-5.598979744371667,-5.6501537044615855,-187.71931904258818
383.0,-0.2542168007622022,0.01073800955058164,-1.5709167983290944,-2.1523798799946534,-5.607880090536332,-5.66897336083047,-188.3655749372539
384.0,-0.2522423142819161,0.010199617672496202,-1.5703581809466995,-2.16505300050571,-5.622572565857767,-5.687840116343029,-189.01321966790815
385.0,-0.24969618297530247,0.010293315079068648,-1.5705855166920253,-2.1682640707758365,-5.639734960365569,-5.70672631600463,-189.66238290612634
386.0,-0.24807283933146584,0.010412778726798114,-1.5707130810202528,-2.180718387037254,-5.65791759640741,-5.725620501633248,-190.3127988274773
387.0,-0.24456408378266847,0.010516566964365604,-1.5707871322653055,-2.194135284341595,-5.67267777951453,-5.7409725536996,-190.96500679393586
388.0,-0.24031897974202865,0.01056088882811214,-1.570861373278235,-2.207844071787103,-5.689800629470945,-5.744693344088163,-191.61939111341937
389.0,-0.2390410527833067,0.010523463825632944,-1.5709829884260966,-2.2099983734755857,-5.707964834024189,-5.75567764188897,-192.2748844508784
390.0,-0.23694841041747902,0.010582670586894664,-1.5709636836316967,-2.2174471809933842,-5.726562641018015,-5.762534913565179,-192.93166953361316
391.0,-0.23980052327950482,0.01053142591018688,-1.5710414098192205,-2.2261916554622045,-5.744593718136538,-5.776411583618468,-193.58800515210436
392.0,-0.24068187493611123,0.010594055553613747,-1.5710067364902345,-2.2319747751171057,-5.7608325455980784,-5.793233736757991,-194.24434460098257
393.0,-0.24383293543867154,0.010577000876734168,-1.5710311788719782,-2.242287115649456,-5.778592687898516,-5.811014112878364,-194.899995640156
394.0,-0.24373800864277698,0.01064661359314184,-1.5709724828093892,-2.2575811078990453,-5.796104425729777,-5.829446796949776,-195.55603852534753
395.0,-0.24108992568567458,0.010665645647607884,-1.5709664843350666,-2.275005025447944,-5.814413744649361,-5.842368744413978,-196.21353433933925
396.0,-0.23332967059682785,0.010696184672590101,-1.570962686706325,-2.2804077003370984,-5.833069205456043,-5.858698582517945,-196.87434115048546
397.0,-0.22869658576583252,0.010626791884619199,-1.5710153722489615,-2.293764567187519,-5.851867440316554,-5.8765333176204555,-197.53749714044284
398.0,-0.2238504736079416,0.010626416300650018,-1.5710185858837473,-2.306892623296182,-5.864888313453547,-5.892190616670997,-198.20284058339058
399.0,-0.2160018425392315,0.010653603430111706,-1.571001541822434,-2.3172812285445317,-5.88125901892072,-5.909702134486347,-198.87152070786124
400.0,-0.21527360562688028,0.010532123495173238,-1.5711164994457953,-2.325556625803185,-5.8985433795432884,-5.928026843396526,-199.54104364508572
401.0,-0.21917387632700422,0.010504530336333966,-1.5711366222454464,-2.333521102215594,-5.916767339959515,-5.946688901926045,-200.20945784827092
402.0,-0.22190596976179083,0.010563093916843649,-1.5710762154758633,-2.344776456791363,-5.935389056990115,-5.9654904735588685,-200.87706371018345
403.0,-0.22545587893484398,0.01056101178544538,-1.5710828293011903,-2.354718210414053,-5.953315011259049,-5.984349765197879,-201.54358720062388
404.0,-0.22890811425509217,0.010567703528712396,-1.5710873725209575,-2.3551215794586216,-5.9717976209997525,-6.003159008856193,-202.20896079178738
405.0,-0.22561719122443138,0.010679130286672833,-1.5709629558682918,-2.3664364166346643,-5.988716878930232,-6.018582290162487,-202.87567768028154
406.0,-0.22276897726929287,0.01063161711462266,-1.5710143382037585,-2.37695276792255,-5.9973460675013746,-6.0359862789388075,-203.5437272904858
407.0,-0.21937423806811862,0.010622013307948649,-1.571028758975727,-2.385129095205065,-6.011958163878717,-6.054266192611642,-204.21329344836488
408.0,-0.21566900557496219,0.010617086817873758,-1.5710243207805146,-2.399527649640863,-6.029086885934186,-6.072909782499972,-204.88455347976577
409.0,-0.21527043264120718,0.010561321862067919,-1.5710766288754865,-2.4165840986892246,-6.042770259812817,-6.09078074006164,-205.55627388377115
410.0,-0.2138338478709591,0.010585106101243497,-1.5710582404916928,-2.4347206851440917,-6.053888149437483,-6.108753791528605,-206.22870052274664
411.0,-0.21306244783825096,0.010566566062584751,-1.5710874164591218,-2.4498309783860215,-6.06947594687772,-6.127261827264064,-206.9016474149859
412.0,-0.2104152179024644,0.010594778863313064,-1.5710576469627024,-2.4670989690484126,-6.080976804443212,-6.145999477589076,-207.5757470572883
413.0,-0.21320286390721213,0.01050840003127343,-1.5711450107369134,-2.4820496193284503,-6.096713680230095,-6.16483235045485,-208.24906560272206
414.0,-0.21553354488916784,0.010541448645830832,-1.5711164145761305,-2.493831040331949,-6.109420913682616,-6.183704473041365,-208.92153288825844
415.0,-0.21132311418086433,0.010632023048537683,-1.5710382807256216,-2.500550441177583,-6.119626433398372,-6.195552725217459,-209.59557236780702
416.0,-0.21031656330416468,0.009801594736591302,-1.5710579845891126,-2.5143963331566606,-6.129185606536851,-6.2036607009472755,-210.27037975879847
417.0,-0.2105793612389823,0.00990033508986099,-1.5711210814078633,-2.531215720059437,-6.141926350833219,-6.218034852187437,-210.94521956259314
418.0,-0.21221887570981487,0.010108092804262532,-1.5711487315452508,-2.5368516372433354,-6.158242676361128,-6.23437468121143,-211.61946145159322
419.0,-0.21361571762420628,0.010272965984057764,-1.571104778860253,-2.55027965861491,-6.1729847849154895,-6.2522043590640815,-212.29317576279277
420.0,-0.21620772649921818,0.01035466835059207,-1.5711258227760603,-2.5588767360833486,-6.1901124113988475,-6.26697972604595,-212.96591855129856
421.0,-0.21669904237950818,0.010454575630902907,-1.57107532025932,-2.573453423202538,-6.208046993470741,-6.276588390770378,-213.6384402888244
422.0,-0.2141383405705269,0.010523333558364547,-1.571063371385727,-2.5820753765175857,-6.224152911585992,-6.28047374160956,-214.31192362020934
423.0,-0.2159736733830059,0.010470584430346397,-1.571122126155665,-2.596683236948833,-6.241855795049669,-6.282071577420264,-214.98483346623678
424.0,-0.21587033010917395,0.010500507334962354,-1.5703535778622502,-2.6066039647668813,-6.252415227865822,-6.282727935723976,-215.65762058216134
425.0,-0.2164341912894782,0.010542433587536657,-1.5705773128434724,-2.6196832105500114,-6.266761208519424,-6.282997569719011,-216.3302332634804
426.0,-0.21756838664781689,0.010533283127163036,-1.5707628160124727,-2.6317412791784807,-6.274590318439032,-6.283108341718337,-217.00246082116436
427.0,-0.21605684671069858,0.010567543984977189,-1.5708441300106415,-2.6461391194577417,-6.279662126471764,-6.283153870068987,-217.67528717154397
428.0,-0.21813017129097126,0.010504916096457463,-1.570987098859109,-2.6587441848663675,-6.281711886430787,-6.283172568778786,-218.34746901658738
429.0,-0.22305023442676217,0.01048439130788027,-1.5710558897783373,-2.6717884853139404,-6.282554370751651,-6.283180253991494,-219.01781153453365
430.0,-0.2257455058173158,0.010532985617205655,-1.571040771918315,-2.6882118326874265,-6.28290134389748,-6.283183429490164,-219.68707852084935
431.0,-0.23048028360160383,0.010503198943028317,-1.5710972176434908,-2.704688669623277,-6.28304196688653,-6.282342076802006,-220.35459771135294
432.0,-0.22834688089672564,0.010603190301532478,-1.5710215949574287,-2.7225554078045278,-6.283101847024088,-6.282853939221694,-221.02283742648532
433.0,-0.220967823248584,0.010632908175521509,-1.5710104212376983,-2.741036808724742,-6.283124987385338,-6.283048997103692,-221.6939780966132
434.0,-0.21337914200703903,0.010590549386027987,-1.5710605143661778,-2.75977164206452,-6.283133005370527,-6.283129550372473,-222.36821745009425
435.0,-0.20582306187449326,0.010569612996570681,-1.5710987286679492,-2.7727778799151936,-6.283136294990503,-6.283162589562444,-223.04549584438556
436.0,-0.20624754371713,0.010441598189400192,-1.5710632406057696,-2.788022846952199,-6.28313627043823,-6.283176182917507,-223.72284171465327
437.0,-0.20970308012368566,0.010448933632848259,-1.5711070363340824,-2.8020465646114343,-6.28313768634161,-6.28318174277348,-224.39888617323797
438.0,-0.20700190374475338,0.010557131603163883,-1.5710500183969833,-2.811094818616133,-6.283139674734346,-6.283184021772282,-225.07583038110707
439.0,-0.2020839478413848,0.010564817934242472,-1.5710714889891144,-2.8142830959466405,-6.282363053525312,-6.283184967557786,-225.75469600193338
440.0,-0.19852096766701036,0.01052036926162597,-1.571103203440085,-2.8240875224258137,-6.282833395811292,-6.283185254361621,-226.43502509547824
441.0,-0.1975783898106818,0.010488822320037098,-1.5711507758086272,-2.8290755267694774,-6.283012832715029,-6.283185464566458,-227.11579799001353
442.0,-0.1949563154235361,0.010524361930665053,-1.5711290929119612,-2.8283904805774687,-6.283087693816949,-6.283185542436984,-227.79754801922886
443.0,-0.19359074926189176,0.010491706551421565,-1.571137817460551,-2.836078801392584,-6.283118707413305,-6.2831854481694664,-228.47988207258132
444.0,-0.19388802416137496,0.01048578400986041,-1.5711655841904828,-2.834699856487105,-6.283130122961198,-6.283185586444252,-229.16213768548587
445.0,-0.19433128942486555,0.010485870469443569,-1.5711429331411366,-2.841502270607278,-6.28313655836964,-6.283185448565624,-229.84421402301228
446.0,-0.19832837162642122,0.010454551035694313,-1.571187482338353,-2.842432637488111,-6.283137323552822,-6.2831855572512385,-230.52480999905396
447.0,-0.199777171192384,0.010505410022147818,-1.571125130035243,-2.8494314371438274,-6.28313983266704,-6.283185457691797,-231.20474341900092
448.0,-0.2025767380170232,0.010483650458117536,-1.5711470141789479,-2.8584674448687735,-6.283139273597733,-6.2831854922719605,-231.88362037516308
449.0,-0.2037562543329526,0.010523804926956702,-1.5711327159511532,-2.8582920865582073,-6.283138940386064,-6.283185609417032,-232.56197811451736
450.0,-0.20573307309460612,0.010505996345289741,-1.5711457243470848,-2.8563099687289824,-6.283139295493252,-6.283185540606652,-233.23958627201958
451.0,-0.21293005625502656,0.01044488133407854,-1.5711965871357687,-2.8523817010040644,-6.28313895325032,-6.283185521681987,-233.91448921347484
452.0,-0.22022579936187006,0.010465044169210725,-1.5711473858960083,-2.859677698313504,-6.283140572642549,-6.283185417814484,-234.58647954063088
453.0,-0.22384705903060498,0.010539571201012158,-1.5711140541019395,-2.8542539585454443,-6.283139961804572,-6.283185555031967,-235.25693174589986
454.0,-0.22739033532829792,0.010522517760755327,-1.571118882254743,-2.8497468942846584,-6.283140337339985,-6.283185486626034,-235.9259929020922
455.0,-0.22628264203625273,0.010564563409131762,-1.5710532719308614,-2.8565300632538033,-6.283141695119869,-6.283185395259457,-236.59536550055154
456.0,-0.22429731597754635,0.010550445656188444,-1.5710835256501336,-2.8606694645305906,-6.283140027243288,-6.283185494252864,-237.265528830577
457.0,-0.22859584412796408,0.010455563319984758,-1.5711735998135925,-2.864727228457447,-6.283138633576761,-6.283185504875086,-237.93417053892014
458.0,-0.22941177471872976,0.010526976710951274,-1.5711108548796178,-2.8677762413617742,-6.283139816355388,-6.283185513063252,-238.60236120412918
459.0,-0.22826492177970534,0.010527593511347624,-1.5710936472456916,-2.880120433460019,-6.283139904580554,-6.283185503172754,-239.27096968410402
460.0,-0.22837417673579752,0.010497427095882021,-1.5711256240087075,-2.8963264662147536,-6.283138594199309,-6.28318557234777,-239.93957028174034
461.0,-0.22487014797630162,0.01056444610513144,-1.5711076679284608,-2.8971480697946523,-6.283137841800512,-6.283185694673372,-240.60945089183096
462.0,-0.2234699638256982,0.010515604727401021,-1.5711551878244088,-2.891946595307232,-6.283137978357374,-6.283185610424039,-241.27996899436684
463.0,-0.2255162148717964,0.010460267506326802,-1.5711735900998505,-2.895395785694855,-6.283139208527124,-6.28318542479422,-241.94976036786178
464.0,-0.22755018531821708,0.010486073364176668,-1.5711627101352388,-2.8919959462600713,-6.283138809987931,-6.2831855525173435,-242.61873194386035
465.0,-0.22534548413813485,0.010549722770067639,-1.571111706914434,-2.881367573409964,-6.279309494866194,-6.283185493209777,-243.28846182834843
466.0,-0.2197963981642735,0.010563154273819523,-1.57108070821034,-2.874168778789017,-6.281630098906654,-6.283185421119125,-243.96032098947063
467.0,-0.21880238150218884,0.010470285402894275,-1.571146502365682,-2.8743037555967437,-6.2825192150431635,-6.28318536780168,-244.63271831128122
468.0,-0.21395545982069822,0.010537484934781998,-1.5710923249889264,-2.8723962970047774,-6.28288545992863,-6.283185462347554,-245.30690429141862
469.0,-0.2043800029295048,0.010583334931492376,-1.5710624773047013,-2.865729688946646,-6.283035693909621,-6.283185496437186,-245.98476666738765
470.0,-0.20016160086969975,0.01047851352671241,-1.5711532216019748,-2.859953635336669,-6.283096313692484,-6.28318545732874,-246.6644679930542
471.0,-0.20355503989010829,0.010388730642718442,-1.5712119563109705,-2.8640102404060417,-6.283121715290873,-6.283185363115091,-247.34301271374343
472.0,-0.21234052017997326,0.01037663991457471,-1.571233696315035,-2.8663257425464916,-6.2831314638144455,-6.28238855074195,-248.01819692486282
473.0,-0.21863999343384524,0.010453563836999706,-1.571147867576529,-2.8783723571168545,-6.283137136059027,-6.282872113804469,-248.69078477629398
474.0,-0.21706126236589107,0.010575103523973343,-1.5710671661191535,-2.884171283039014,-6.283138783024716,-6.283056441666516,-249.36378337046318
475.0,-0.21543961719519536,0.01053913917873882,-1.5711034339103704,-2.890850389777927,-6.283138691749215,-6.283132484742391,-250.03745463410954
476.0,-0.20871671050714494,0.01058727392874074,-1.5710524525354188,-2.9016967153276028,-6.283139422230953,-6.283163733635782,-250.71362905930627
477.0,-0.20727508203616773,0.010502879061698707,-1.5711740474694982,-2.8950171498409234,-6.283137120860976,-6.283176662194652,-251.3905550778952
478.0,-0.2090427350979944,0.010464206959597802,-1.5711826716210266,-2.8914559358985072,-6.283138674529022,-6.283181820163272,-252.06685054926092
479.0,-0.209568862244845,0.010496811422792655,-1.5711494022393064,-2.885380464248598,-6.2831394661830196,-6.283183993419556,-252.7428956696813
480.0,-0.2138982244007973,0.010443502270424038,-1.5711821574676523,-2.883657170842524,-6.2831395578703475,-6.283184804396846,-253.41734243990385
481.0,-0.21613733167450544,0.010483802657510852,-1.5711208671453534,-2.893423738840328,-6.283140457958959,-6.283185164947594,-254.09081703840323
482.0,-0.2186509416001804,0.010495334004068055,-1.5711458478239948,-2.8930631269366964,-6.283138682429912,-6.283185473304841,-254.76331583881418
483.0,-0.2197094754872063,0.010516657295446272,-1.5711238075964267,-2.8925160849876206,-6.283139454321759,-6.279417193918731,-255.4353527096192
484.0,-0.2212871453148941,0.010497714352724195,-1.5711311578868115,-2.8962097268211386,-6.2831396024415085,-6.281703681558767,-256.10678506638965
485.0,-0.22295932949945332,0.010496112300137061,-1.571130744641031,-2.902563245239288,-6.283139405537339,-6.282574935815017,-256.77755000458285
486.0,-0.22299675418475493,0.010528485198237826,-1.5711251060439624,-2.899405844984058,-6.283138673258571,-6.282934829320545,-257.44825773978033
487.0,-0.2282524673252452,0.010452819824813508,-1.571189588879118,-2.894613768229006,-6.283138480225006,-6.283082507011967,-258.117043361988
488.0,-0.2321263421801988,0.010487330695097302,-1.5711347930764492,-2.8972724413645388,-6.283140189609519,-6.283143082279767,-258.78422660624597
489.0,-0.23460466655463483,0.01050330332184871,-1.5711177996810077,-2.903899415236301,-6.2831399426145635,-6.283168042348836,-259.4503913464387
490.0,-0.23111468974578003,0.010588588600861603,-1.5710707321904673,-2.8990021752014745,-6.2831394387824,-6.283178424700268,-260.1177819222045
491.0,-0.23008128056076824,0.010517652009974454,-1.5711309255256523,-2.8926059298052067,-6.283139049515811,-6.283182581045398,-260.785688002575
492.0,-0.22918408359522238,0.0105085722900499,-1.5711242074435268,-2.889197637110877,-6.283139871885795,-6.283184234822284,-261.45394448055134
493.0,-0.23026860635889992,0.010475352368880045,-1.5711466094641746,-2.8891920127612716,-6.283139701293569,-6.283184928661771,-262.1218294233123
494.0,-0.22554131992487672,0.01054768311442291,-1.5710611304883053,-2.9000450868797882,-6.283140654955699,-6.283185231870339,-262.7914063169445
495.0,-0.22364879645601357,0.01049371292261179,-1.5711403365123686,-2.904782120067019,-6.277760821770511,-6.283185470693816,-263.46183017808755
496.0,-0.22485904537294055,0.01046518604067659,-1.5711736737985211,-2.907806194217743,-6.281017288752407,-6.2831854927287045,-264.13184652750056
497.0,-0.2292808718813398,0.010454273611139004,-1.571205031374743,-2.8991210908735523,-6.282266347228909,-6.282595562406658,-264.8001978556841
498.0,-0.23680477466580513,0.010428693877325064,-1.5711963505688151,-2.8980094101619294,-6.282781631715791,-6.28295342733623,-265.46563769916133
499.0,-0.24316235048000587,0.010470781874252079,-1.5711477989264662,-2.9013836667248234,-6.2829931924508635,-6.2830898297109705,-266.1285014964866
500.0,-0.24807422772651483,0.01051154779805783,-1.571137813650661,-2.8939826740192913,-6.2830790329419495,-6.283146263830519,-266.7893819124416
501.0,-0.25061708562442053,0.010532733330639005,-1.5711043168261645,-2.8886433560912232,-6.283115580991197,-6.283169330239925,-267.449193035157
502.0,-0.2539397527314479,0.010492860039517334,-1.5711083210448544,-2.8976156511846103,-6.283130333591573,-6.28317877482644,-268.10771499622916
503.0,-0.25066859765064237,0.010586125365050646,-1.5710479076790262,-2.901999032578463,-6.28313587572756,-6.283182783115121,-268.7673460924085
504.0,-0.2485374910169674,0.010546305071495869,-1.571118355574389,-2.8930332862628187,-6.283136867748874,-6.28318442763849,-269.4278986390308
505.0,-0.24389968122317826,0.010563300546260437,-1.5710920471438903,-2.8817296657027995,-6.283139270578966,-6.283185011436935,-270.0902230322316
506.0,-0.23857161965480939,0.010539942639431275,-1.5710973837837732,-2.872638984210759,-6.2831401258978525,-6.283185240424227,-270.75466307816015
507.0,-0.22982630379822436,0.010557997240005734,-1.5710568481157572,-2.8731765699302523,-6.279417406606712,-6.283185257077247,-271.42248100424877
508.0,-0.21954351949179962,0.010366089486827698,-1.5710639353769629,-2.8733543049954764,-6.281671384786894,-6.28318539416264,-272.0943843610057
509.0,-0.21743831769189992,0.010269900266277944,-1.5711961093684592,-2.8736987913151695,-6.282534818825034,-6.283185458201694,-272.767357930935
510.0,-0.2111556274076499,0.010419018274972342,-1.571118630383035,-2.8689808897867097,-6.282891836376911,-6.283185519976949,-273.44264838446577
511.0,-0.2044564451685675,0.010437999452159659,-1.5711179152104326,-2.8719182333598785,-6.283038409530882,-6.283185394297714,-274.12058661824824
512.0,-0.20196720189147901,0.010413384625751573,-1.5711809523733364,-2.8678971391912484,-6.283096696727562,-6.283185540800876,-274.79961967510707
513.0,-0.19845844041159796,0.010451097697862871,-1.5711341550194227,-2.8747167130443017,-6.283122955435734,-6.283185411634611,-275.4799793078832
514.0,-0.19681131861521325,0.010437564994727684,-1.571156231019266,-2.886835992802208,-6.283131977089826,-6.283185488957788,-276.1610318410424
515.0,-0.19863728210649056,0.010434060110480696,-1.5712036958099151,-2.885938730913516,-6.283134526556012,-6.283185642714871,-276.8414472264161
516.0,-0.19728632538376165,0.010498032300705798,-1.5711346867641445,-2.8887671966103343,-6.283138340088333,-6.283185486439664,-277.5222843365644
517.0,-0.1991530540433105,0.010455609906515655,-1.5711802969884112,-2.8897045204628853,-6.283138126072786,-6.283185521555073,-278.2024873932952
518.0,-0.2043927880566867,0.010424259370084923,-1.571184512953014,-2.9012051938012386,-6.283138775634755,-6.2831854876627915,-278.8806854674132
519.0,-0.2093286886466708,0.010482565232573408,-1.5711797098546028,-2.8948450681428644,-6.283138070973496,-6.283185590128928,-279.55691585821654
520.0,-0.21499133504155088,0.010475103451922561,-1.5711627592554238,-2.893098816153645,-6.283139466402963,-6.28318547201351,-280.2309311509598
521.0,-0.21420811914805798,0.010564446528073528,-1.5710740609988643,-2.8930869815755846,-6.283140655531902,-6.2831854548477555,-280.9050714668869
522.0,-0.2109230461690493,0.010553738407595766,-1.571067730835183,-2.902064499192544,-6.283140333952939,-6.283185435020138,-281.5804644630744
523.0,-0.2091968128891185,0.010510619481864424,-1.571114142954036,-2.9132683727799935,-6.28305801392095,-6.283185499560975,-282.25658020965017
524.0,-0.2095451040415177,0.010494863633606433,-1.571157295718063,-2.914686449208693,-6.283105701087804,-6.283185618864232,-282.93260794372316
525.0,-0.20990916209437677,0.010414348900618292,-1.571145756832596,-2.915816263603136,-6.28312536620995,-6.2831855316702105,-283.60849739649433
526.0,-0.2114399688106938,0.01042118061384603,-1.5711697195170404,-2.908604957601294,-6.283133012500788,-6.2831855537801085,-284.2838253934072
527.0,-0.21012332143057968,0.010485831813045798,-1.5711237838759182,-2.8988418840206056,-6.283137519697936,-6.283185482281317,-284.95959491300846
528.0,-0.20999941085883636,0.010457712376213308,-1.5711328773872184,-2.8992893010941745,-6.283139452990737,-6.283185353667391,-285.63545798237624
529.0,-0.2153588959374849,0.010418742011700854,-1.5712043151583046,-2.8883179989659253,-6.283138364504131,-6.283185464290963,-286.3093571362851
530.0,-0.2189068397089857,0.01047486342116729,-1.5711431418968616,-2.8783922537905084,-6.2831402340579094,-6.283185440031181,-286.9817799591368
531.0,-0.22163843008240364,0.006507156955757482,-1.570969611897836,-2.875282267563753,-6.283139825302983,-6.283185298861544,-287.6538397405959
532.0,-0.22402856680057462,0.00442396090399504,-1.5711300840608382,-2.8769132768387435,-6.279952924030948,-6.283185415676701,-288.32543528175086
533.0,-0.22053995355395303,0.006085101375549396,-1.5711953748531233,-2.881278545666688,-6.281884694661809,-6.28318548143947,-288.9979786290111
534.0,-0.2203147779901229,0.007591111009948523,-1.5712142422315771,-2.8744638181209456,-6.282622135268573,-6.283185551704351,-289.67039975753846
535.0,-0.22462795595611515,0.008559055947354705,-1.5712106294768586,-2.8698504357052443,-6.282926937089873,-6.283185464315838,-290.34100875419136
536.0,-0.2251508428503747,0.009286598167782998,-1.5711117157583216,-2.8742454680452867,-6.283053738753432,-6.283185363247106,-291.0111398180175
537.0,-0.2250046704037796,0.009717380479299738,-1.5711140706452862,-2.877725648685527,-6.283103905982761,-6.283185464583915,-291.68123680782287
538.0,-0.22563930239549795,0.009979468043649426,-1.5711230651978858,-2.885064280879094,-6.2831247389787865,-6.283185448598127,-292.35104379261884
539.0,-0.22926135127862815,0.010125839038699886,-1.5711569063709894,-2.8943618399243713,-6.283132606833698,-6.283185493664354,-293.01945283365706
540.0,-0.22814835120099466,0.010324624977554219,-1.5710938033639463,-2.9017846684553863,-6.28313669473714,-6.283185530858735,-293.6881242641301
541.0,-0.22996616347958343,0.010342792303953761,-1.5711510327287646,-2.9098210721425466,-6.283137256612056,-6.283185522274724,-294.356158639889
542.0,-0.225926193052703,0.010469294181192782,-1.5710691650398574,-2.9241434959410295,-6.283138706116664,-6.283185556847503,-295.02558332110334
543.0,-0.2270048771247654,0.010424142845910577,-1.5711796506470352,-2.9251075680490035,-6.283136539835358,-6.283185672680677,-295.6947468571445
544.0,-0.22930905737624593,0.010438914214365779,-1.571166214343846,-2.9300314402544,-6.283138243608391,-6.283185506489735,-296.3629939675654
545.0,-0.22729649923137463,0.010524326891278168,-1.5711164401678845,-2.9261410952703137,-6.283138451626196,-6.283185595367134,-297.0319160970232
546.0,-0.22456302125599195,0.010508536431774197,-1.5711158726284822,-2.9290069008260673,-6.283139373486118,-6.283185435623343,-297.7019152104119
547.0,-0.2214541695595979,0.010511044938084932,-1.5711238809364119,-2.9293481417459177,-6.283138779927524,-6.283185507698711,-298.37313414018786
548.0,-0.2230106927471385,0.010444918267350995,-1.5711822432765266,-2.93111046956207,-6.28313835643837,-6.28318547964484,-299.0438672984965
549.0,-0.21959561496064545,0.007973218765895684,-1.5710073183866042,-2.933476544885091,-6.28313847278513,-6.283185436726211,-299.71624189467343
550.0,-0.2188637865296519,0.008310756397818945,-1.5712323977522324,-2.935458462342326,-6.283139428128653,-6.283185541600893,-300.38899494009945
551.0,-0.22448978851608056,0.00899140820478883,-1.5712516688003886,-2.943524299174714,-6.2831384542701505,-6.283185476000485,-301.0595122769981
552.0,-0.2255286135924188,0.00958576342337219,-1.5711447763619026,-2.953372078705178,-6.28313881014574,-6.28318549792228,-301.7293330523696
553.0,-0.22505775120830115,0.009922987369671005,-1.5711363286123035,-2.959800642627325,-6.28313797745402,-6.283185549386383,-302.3992366269079
554.0,-0.22633072983176392,0.010108856843579001,-1.5711625486003653,-2.960936378241776,-6.283137477577108,-6.283185581440554,-303.068643566312
555.0,-0.22606053710386526,0.010272268073771188,-1.5711377158604953,-2.9568524887944587,-6.2831380297233155,-6.283185569969036,-303.7380880017045
556.0,-0.2223246771629492,0.010382819198907399,-1.57109550296121,-2.9581434386642784,-6.283139293217999,-6.283185438254661,-304.4089011378105
557.0,-0.2214194919930909,0.01038193304708689,-1.5711494338680754,-2.958911431402527,-6.283138382925451,-6.283185483297946,-305.0801545654825
558.0,-0.22166693466790457,0.010417566285441309,-1.5711595732438182,-2.9540587582225575,-6.283138134088332,-6.283185541708354,-305.75133209565877
559.0,-0.22230294533113518,0.01043830765848662,-1.5711541902049337,-2.949720508169723,-6.283138820695291,-6.283185476235926,-306.42227070995295
560.0,-0.22207402314945693,0.010462980657082756,-1.5711341886763759,-2.9492402523754375,-6.283139383379205,-6.283185424854958,-307.09327193788664
561.0,-0.22634155090514835,0.010421997044548352,-1.5711905448740031,-2.944726814639924,-6.283138326462024,-6.283185506861986,-307.76272246965044
562.0,-0.2311156427415119,0.010454951273678514,-1.5711724527229778,-2.934896307787454,-6.283138949881563,-6.2831854738447515,-308.4302919174907
563.0,-0.23484382692262779,0.010474950913082426,-1.5711382003951504,-2.9303185034997865,-6.283140013199703,-6.283185403194069,-309.09636135129614
564.0,-0.2369133449885195,0.01048441172955964,-1.5711045236592507,-2.9395763683266836,-6.283140339796854,-6.283185387940109,-309.7615533234726
565.0,-0.24257182961980572,0.010452144298455143,-1.5711651852779907,-2.943313940544309,-6.283138295465719,-6.283185518584951,-310.42460251136373
566.0,-0.24418766892359714,0.010513338676479333,-1.5710956066327377,-2.95595222985498,-6.28313917392306,-6.283185504681073,-311.086854187399
567.0,-0.24207089166574464,0.010561046767909338,-1.571088189243186,-2.959525133205555,-6.283138033826177,-6.28318559931837,-311.7498529357542
568.0,-0.241607794237817,0.010518810671934851,-1.5711358683139072,-2.958387504446637,-6.283137722105084,-6.283185580412784,-312.4131026978756
569.0,-0.23727391715642504,0.010557796808201476,-1.571088881297132,-2.9592503128359455,-6.283138920073,-6.283185488418228,-313.07795322822864
570.0,-0.2377781181801721,0.010474170181011634,-1.5711734486079854,-2.955542124293338,-6.283137827959532,-6.283185541049085,-313.7427703567762
571.0,-0.2382420622319771,0.010491339264646845,-1.57115508607172,-2.9487059056474325,-6.283138571943574,-6.283185514436035,-314.40739300032385
572.0,-0.23327826249101966,0.010555492656592936,-1.5710862597929416,-2.9430120109037547,-6.2831397751284035,-6.283185451622901,-315.0738441654942
573.0,-0.23231982496280193,0.010467125555009851,-1.5711523939527328,-2.94356186335225,-6.2831392751155715,-6.2831853907689466,-315.74081360189746
574.0,-0.23423218679980273,0.010457472722497382,-1.571181703464773,-2.935461248062363,-6.283138442405292,-6.283185493052347,-316.40709911611464
575.0,-0.23688082747650058,0.010443696389096134,-1.5711531321596446,-2.943273755615235,-6.2831397564168165,-6.283185392557196,-317.0723304251934
576.0,-0.2393599614566234,0.010471960209529299,-1.571151417494046,-2.9469317507403856,-6.283138637968705,-6.283185501630355,-317.73656131620874
577.0,-0.23959901367147002,0.010514166029238789,-1.5711270223995233,-2.946025219790772,-6.283138565192917,-6.283185542195145,-318.40063494526
578.0,-0.23593017390986787,0.010552291822015036,-1.5710901816449239,-2.9453170936409556,-6.2831391819676226,-6.283185492060179,-319.0660650449015
579.0,-0.23659581855061967,0.010479142220840966,-1.5711682252430672,-2.9386596289505857,-6.283138144644506,-6.283185528969013,-319.73138522470225
580.0,-0.23642545535471293,0.010500221117704281,-1.5711398290427239,-2.9312897942400182,-6.283139173970174,-6.283185483273203,-320.39674106543174
581.0,-0.2316836534407049,0.010546068237944529,-1.5710830493939476,-2.9286339593572475,-6.2831402673669725,-6.283185403218945,-321.06385862040696
582.0,-0.2290442547225407,0.010493560504078354,-1.5711326395022551,-2.9266144294076373,-6.282635667274632,-6.283185442611374,-321.7321052006763
583.0,-0.23108697127703817,0.010431692681786172,-1.5711778726755907,-2.930862062848757,-6.282940424952112,-6.283185398251514,-322.39965703656577
584.0,-0.2318148302029559,0.010476588925709303,-1.5711432900274382,-2.935736932750826,-6.283057403630565,-6.283185464138841,-323.06685269807764
585.0,-0.2341177236020106,0.010463702479575798,-1.5711648839935264,-2.9394792885863423,-6.283104890163813,-6.2831855059680315,-323.73317963841026
586.0,-0.2320395220436055,0.010521172329829456,-1.5710962559558281,-2.952095954756744,-6.283125384619182,-6.28318550489428,-324.40017166458415
587.0,-0.23077641010633998,0.010498384526830634,-1.5711345956347658,-2.9638886782403433,-6.283132232583055,-6.283185541238506,-325.06767974369956
588.0,-0.22518706711445455,0.010578647096031929,-1.5711060632064555,-2.9575568849673557,-6.283135107133861,-6.283185625492885,-325.7372843318416
589.0,-0.22451989533723476,0.010465207610418553,-1.5711709412892212,-2.9620458217633523,-6.283137425700371,-6.283185443881775,-326.4073043310927
590.0,-0.22177904072138008,0.010516413358780246,-1.5711363507975038,-2.9601595102900937,-6.283137797909492,-6.2831855521669295,-327.0783279820164
591.0,-0.21768265210580678,0.010519649290331607,-1.5711271526748423,-2.958786563712823,-6.283138524039101,-6.283185488607352,-327.7509475315767
592.0,-0.21622558830451286,0.010477140407187507,-1.5711660140239303,-2.9555321023572727,-6.2831382455311,-6.283185501578572,-328.42422864200904
593.0,-0.21761669439410136,0.010448631389512115,-1.5711838427951108,-2.9533965884563207,-6.2831385393871475,-6.2831854665340305,-329.0970317346747
594.0,-0.22091707836664695,0.010431348007721008,-1.5711761198233776,-2.961386652079618,-6.283139046622361,-6.283185419588101,-329.7685517741357
595.0,-0.2272320126832389,0.010423528155901016,-1.5711959949483445,-2.968604511120277,-6.2831381351759035,-6.283185488765819,-330.4376292675742
596.0,-0.23021314206636714,0.01050148479876718,-1.5711378137931238,-2.9723861705172587,-6.283138265601713,-6.28318554196005,-331.1054064413249
597.0,-0.22814494914746822,0.010557062713341508,-1.5710884225823507,-2.976371547722363,-6.283138691021452,-6.2831855096909015,-331.77386534660764
598.0,-0.22241128946907932,0.010586198252272774,-1.5710814717368906,-2.971307210881595,-6.283138159421891,-6.283185575797151,-332.4445250672808
599.0,-0.2153635944244952,0.01057317417810923,-1.5710977709536216,-2.9593273787368854,-6.2831386635013935,-6.28318548218182,-333.1179818855909
600.0,-0.21471710841807645,0.010463502845627835,-1.5711885683280897,-2.9438109036041467,-6.281294920663153,-6.283185407595515,-333.7919142547455
601.0,-0.22013819606323776,0.010388195333233392,-1.5712113943250867,-2.942064580301069,-6.282412675234495,-6.283185292618049,-334.4638530269535
602.0,-0.2226396016065521,0.01048183897524248,-1.5711526564475198,-2.930189422010282,-6.28284083774559,-6.283185414868966,-335.1347153339148
603.0,-0.22601091680139604,0.010469199319611613,-1.5711583292546831,-2.9174567844890644,-6.282046074047436,-6.283185398863242,-335.80430123261186
604.0,-0.23118502395867035,0.010448841903723366,-1.5711548840116523,-2.9120736468189894,-6.282707077959824,-6.283185346854638,-336.47188992532284
605.0,-0.23014151356125215,0.010547222348524406,-1.5710738615964728,-2.9040933960326023,-6.279471397743037,-6.283185432827326,-337.13971359459475
606.0,-0.2304718306352243,0.010498076299435938,-1.5711147996534418,-2.900095044585173,-6.281690176403955,-6.283185386831768,-337.8074837131349
607.0,-0.23504297220339113,0.01044656580715643,-1.5711623360794618,-2.897225227820999,-6.282543608131797,-6.283185429219966,-338.47355627636983
608.0,-0.23775527028362564,0.010376129039432268,-1.567766854586443,-2.895901983826873,-6.2828949240946494,-6.28318546906773,-339.13800155356154
609.0,-0.23820794628507638,0.010432404548001185,-1.563746119959536,-2.9002240494203777,-6.283039921705434,-6.283185410509606,-339.8015710725244
610.0,-0.24151771609268047,0.010662185193376774,-1.5660385529714158,-2.8987009541685835,-6.283098904358325,-6.283185461334601,-340.46415803301306
611.0,-0.2407525106391146,0.010628558386196411,-1.5676854122117074,-2.9050344703039173,-6.283123630636393,-6.283185408553533,-341.12721835903454
612.0,-0.23817223929263381,0.010580266824529061,-1.5688296267528936,-2.9129872343415992,-6.283132447178015,-6.283185471469302,-341.79146663786435
613.0,-0.2313842000422704,0.010589569776142517,-1.5695580504052606,-2.922822956928855,-6.283136239142806,-6.283185512336708,-342.4584169340394
614.0,-0.23191574480980756,0.010461681561933327,-1.570190049340201,-2.924973448944086,-6.2819982636967655,-6.283185615299992,-343.1254637741063
615.0,-0.2356146081605275,0.010447230202483476,-1.5705359321212908,-2.9218782490305815,-6.282688442225928,-6.283185589924052,-343.7911569539615
616.0,-0.23557721154738753,0.010519082082512888,-1.5706972796380085,-2.9111803172162256,-6.282954518245697,-6.283185509819127,-344.4567963994864
617.0,-0.23151023781053226,0.010538243323463422,-1.5707892267124774,-2.912478129095801,-6.283065017571624,-6.283185351638318,-345.1239764344142
618.0,-0.22383789758132505,0.010565249311314508,-1.570872615510587,-2.9116267844991763,-6.28310874125614,-6.283185468631675,-345.79412922241056
619.0,-0.220501616544047,0.01047557394359781,-1.5710135309232731,-2.91545880563099,-6.283126187918579,-6.283185426525573,-346.46574736949447
620.0,-0.22438399033534642,0.010399379151045988,-1.5711312622952907,-2.9192883340881317,-6.283118421717271,-6.283185485759536,-347.13601148688144
621.0,-0.2285280816403806,0.01043854926811368,-1.5711224197123856,-2.9257127663580103,-6.283130951548894,-6.283185471090359,-347.8046021106599
622.0,-0.23563567212638092,0.010431957028200413,-1.5711650492261882,-2.9265316575223492,-6.283134731325054,-6.283185564301895,-348.47045873161755
623.0,-0.24356653338878897,0.00752885712061222,-1.571042732529048,-2.92890234632277,-6.283136501986816,-6.283185448730323,-349.1337194214871
624.0,-0.246113228545021,0.008064620855999792,-1.5711709252876545,-2.929317071324933,-6.283140025374537,-6.283185566499998,-349.79580833367953
625.0,-0.24637175852776258,0.008934883014700079,-1.5711325619757461,-2.928064525122737,-6.283139322688681,-6.283185523377385,-350.4575691254881
626.0,-0.24353194085002272,0.009522357648907846,-1.5710956716516322,-2.9240600440452797,-6.283139268748709,-6.283185512159212,-351.1202628600402
627.0,-0.23721797041882925,0.009894033038943467,-1.5710610807700067,-2.9281852061613556,-6.2831400341454335,-6.2831853871613985,-351.78529550810464
628.0,-0.2322650564888569,0.010085474714241063,-1.5711083076178207,-2.9311618132412556,-6.283138640358101,-6.283185479306639,-352.45229253652496
629.0,-0.22830244606713246,0.010234412156894449,-1.57114041204688,-2.921259191590742,-6.283138110644488,-6.2831855198863735,-353.12086341491795
630.0,-0.2300643685751249,0.010237569216087948,-1.5711866408588053,-2.9246700524678024,-6.283139081703514,-6.283185375670385,-353.78887001681545
631.0,-0.22618522462321375,0.010401571536787365,-1.5710927811727775,-2.9327827569876423,-6.28313979810347,-6.2831854243272565,-354.45819790103354
632.0,-0.22742528638862833,0.010370893846416884,-1.5711859258725953,-2.934308368591254,-6.283137621280818,-6.283185557110929,-355.12719433837754
633.0,-0.22450936174055774,0.01047664970185338,-1.5711146631873636,-2.9345034011065025,-6.2831388776958,-6.2831855185165395,-355.7971925328808
634.0,-0.2260046599161607,0.010418622494076124,-1.5711795997774773,-2.9368196522012258,-6.2831383520370325,-6.283185478317444,-356.4667371900646
635.0,-0.22738330584915017,0.010443112829010026,-1.5711482935851597,-2.9481454514281613,-6.283138867214744,-6.2831854815230805,-357.1356840165968
636.0,-0.2307194081857308,0.010438259089641085,-1.5711718583142857,-2.9599389451725133,-6.283137924813084,-6.283185529121708,-357.8033379552875
637.0,-0.23061097440810369,0.010526447787765377,-1.5711358934927844,-2.9562335463739275,-6.28313745294212,-6.2831856389691385,-358.4709317619186
638.0,-0.23584188790303098,0.010453221083506988,-1.5712076948814784,-2.945294160457832,-6.283137699397715,-6.283185534940693,-359.13664427953034
639.0,-0.23769702405710555,0.010505373890548574,-1.5711231890037245,-2.9432412613951886,-6.283140053693289,-6.283185392366689,-359.80150437904456
640.0,-0.23685712168552853,0.010527133175902955,-1.5711025489993464,-2.942370384457245,-6.28313973784569,-6.283185435747443,-360.4666426529255
641.0,-0.23724408322950455,0.010422528933144434,-1.5693441057102884,-2.9523101254491646,-6.28313910790408,-6.283185448704669,-361.131401381586
642.0,-0.2428184538342925,0.010475917186253333,-1.5699247688430487,-2.96229965714307,-6.283138329446573,-6.282973088346252,-361.79410363609685
643.0,-0.24671602452149466,0.01051395874672966,-1.5703091272252823,-2.9683320319906517,-6.283138006751162,-6.283102040221084,-362.45524571033525
644.0,-0.2435291111714549,0.010607196849862666,-1.5705244612421472,-2.9606446932110355,-6.283138227382597,-6.283151174026284,-363.11752809314737
645.0,-0.23946348064652173,0.010571153726775874,-1.5707364516798275,-2.9467609572645608,-6.28313884697629,-6.283171340880236,-363.78149646153867
646.0,-0.23224627343079568,0.010566140570894327,-1.570823015101278,-2.9420972640370886,-6.283140336727895,-6.283179559754168,-364.4482736265474
647.0,-0.23092062430500132,0.010460072568731483,-1.5710027279833791,-2.936517595638919,-6.283138786007564,-6.283183059178292,-365.11578452969655
648.0,-0.22985364683578874,0.010471115946522034,-1.5710376290213508,-2.933893765770172,-6.283139443077386,-6.283184435287472,-365.78371031305915
649.0,-0.2299840063158608,0.010465717907883643,-1.5710889157414865,-2.927752847673267,-6.283138922916943,-6.283185083487422,-366.4516345965057
650.0,-0.23591949521491262,0.010393787469003721,-1.5711553757895562,-2.9319955926090815,-6.2831392688279495,-6.283185201531467,-367.11735999420364
651.0,-0.2412144084272958,0.010452736434086682,-1.5711339362044148,-2.932754072238082,-6.2831389276186504,-6.2831854270909275,-367.78093762786403
652.0,-0.2486260350671873,0.010432540729775055,-1.5711481916820051,-2.942567972968208,-6.2831390390211705,-6.2831854323795575,-368.4416217603237
653.0,-0.25255372623772204,0.010518107266261205,-1.571110681763088,-2.942039656774752,-6.2804579348051215,-6.283185590099533,-369.1006298931417
654.0,-0.25350007401053903,0.010551032877494641,-1.5710973471801732,-2.9351031629217954,-6.282081656467141,-6.283185540929691,-369.75921107758893
655.0,-0.24820219375593294,0.010604036785887007,-1.5710412359032617,-2.9280893265747308,-6.2827055399551535,-6.28318548123633,-370.4197485604938
656.0,-0.2436306094763653,0.010535033151849844,-1.5710817547701417,-2.9309762188272694,-6.282961700755837,-6.283185356577316,-371.0821537453536
657.0,-0.24023816447018004,0.010509336987615997,-1.5711160537682818,-2.9323717838236054,-6.283065683398179,-6.283185470202227,-371.7459343540699
658.0,-0.23232942122364908,0.010557292833012375,-1.5710672102567227,-2.9385138934491817,-6.283109506951035,-6.2831854274214916,-372.41270925042977
659.0,-0.22541947658401737,0.010429027920116962,-1.568442123636494,-2.9421262534778347,-6.2812411343282655,-6.2831855451690934,-373.08188614630416
660.0,-0.21973334041147835,0.010571142822214179,-1.5692412347353908,-2.9444215601602584,-6.272517037752212,-6.283185488279864,-373.753370764509
661.0,-0.217091059238169,0.010511966645363021,-1.569922582524249,-2.9380762149173414,-6.278787236876308,-6.283185549761924,-374.4261157460864
662.0,-0.21192363634675435,0.010527438180202497,-1.5702910494064313,-2.9358257921440876,-6.281353103665468,-6.283185449298871,-375.1008970192916
663.0,-0.21272686522733125,0.010426137336869626,-1.5706440993016102,-2.9381945150241044,-6.28240526778948,-6.283185426817236,-375.77558237744284
664.0,-0.21380715009243084,0.010462509560260536,-1.5708108674640104,-2.9323805931215325,-6.2828372757809,-6.283185535201629,-376.4498575093576
665.0,-0.21600670656272633,0.010447360363996898,-1.5709242706916218,-2.9344576461711047,-6.283015770573348,-6.283185403281938,-377.12331048347306
666.0,-0.22267637837677004,0.010415995555365733,-1.571045213852232,-2.9328847206612125,-6.283087570828962,-6.283185509840544,-377.79425870841584
667.0,-0.23001046630629254,0.010446609347205984,-1.571071996980223,-2.9298384068865055,-6.28311805667278,-6.2831854988840545,-378.46231282555414
668.0,-0.23387366879531474,0.010493141575287178,-1.5710372633922154,-2.939743678203071,-6.2831315234893665,-6.283185432840145,-379.12872538957856
669.0,-0.23846288884407793,0.010496870704138213,-1.5710958934166284,-2.9387887542389453,-6.283134647273481,-6.2831855898879505,-379.7933602020296
670.0,-0.24202235759162308,0.01050076281924747,-1.5710854441754285,-2.947223847830872,-6.283137830020477,-6.283185463323986,-380.45653859525277
671.0,-0.24215119766059953,0.010561821990817344,-1.5710838502413094,-2.9395564999834005,-6.283137800814585,-6.283185562489414,-381.11959119537386
672.0,-0.2385269723939201,0.010582678604791756,-1.5710663942853231,-2.927964187379782,-6.283139235678867,-6.283185481921749,-381.7840155205906
673.0,-0.23364600304622096,0.010557337786923105,-1.5710772889762439,-2.9177810961609616,-6.283139883973921,-6.28253771295229,-382.4503767429561
674.0,-0.2283201493067009,0.009324628465649012,-1.57104317659126,-2.910521749812744,-6.283139741992497,-6.282930686330383,-383.1190760318166
675.0,-0.22407792412483207,0.009446835553500317,-1.570264644174709,-2.904796912976666,-6.28314012391834,-6.283080501575134,-383.7893694614311
676.0,-0.22154677245422097,0.009834941570439288,-1.570530204885926,-2.898254333905945,-6.2831398303823205,-6.283142335507968,-384.4606568527117
677.0,-0.22044502660074475,0.01004212406794826,-1.5707373400973428,-2.8965993104842727,-6.283139907281058,-6.283167682394487,-385.1324001147879
678.0,-0.21826775448295702,0.010225031457213823,-1.57086531457087,-2.8848123782200337,-6.283139600886254,-6.283178169178419,-385.8049672605433
679.0,-0.22110081352411778,0.010237052844556716,-1.5709923756084399,-2.88841679968539,-6.283140053575431,-6.283182348912037,-386.47655002897943
680.0,-0.2229338500649217,0.010340895623322719,-1.5710117307426197,-2.8994766166873855,-6.283139919297241,-6.283184204924979,-387.1473395702255
681.0,-0.22448619310185983,0.01040426274038176,-1.5710603048031058,-2.906135898263438,-6.283138719263511,-6.28318502365272,-387.8175022284255
682.0,-0.2249373700063757,0.010452428736423665,-1.5710753004486717,-2.912569543496573,-6.283138786861637,-6.283185313331434,-388.48744543910584
683.0,-0.22803909998465305,0.010443394538376567,-1.571136365183098,-2.9114288110762256,-6.283137848884355,-6.283185515190755,-389.15624017557076
684.0,-0.22583922569940781,0.01053595702126436,-1.571073358897452,-2.907069058812662,-6.283139379351725,-6.283185509246003,-389.8257482220672
685.0,-0.22070491438904205,0.010550244972104364,-1.5710691951044513,-2.90252869042916,-6.2831397665122,-6.283185472739327,-390.4972390450669
686.0,-0.2187896033030692,0.010471074163902751,-1.5711181761493085,-2.9117930539676187,-6.283139583513039,-6.283185412602856,-391.16958126202337
687.0,-0.22114318103915995,0.010451818352397068,-1.571188520999879,-2.904513984296211,-6.283137776763451,-6.283185545941724,-391.8411047077136
688.0,-0.2241626450048746,0.010420664896683725,-1.5703923990046094,-2.912607925449725,-6.283139504699615,-6.275524545186645,-392.51131717625634
689.0,-0.2269705886113621,0.010496034381383192,-1.5706110556557455,-2.9159672948133486,-6.283138925159669,-6.274187070426083,-393.1804186467368
690.0,-0.22936279485931788,0.0101643674639799,-1.5707710229836387,-2.918248398699038,-6.283138766981838,-6.279579634660717,-393.84864994482837
691.0,-0.22966309002181606,0.010242936856194118,-1.5708928139201037,-2.916596016264917,-6.28313907640624,-6.281701746410019,-394.51672676269766
692.0,-0.23136954387577807,0.010298246631540916,-1.5709825676882028,-2.924695556854515,-6.283139333026898,-6.2825759492409405,-395.1841593094038
693.0,-0.2323436490398219,0.010395674558452925,-1.5710381230662172,-2.919448577067358,-6.283138280838616,-6.282935181664924,-395.85117976260784
694.0,-0.2346099496533009,0.010406999902395122,-1.5710798289751216,-2.9189973057359855,-6.283139173379805,-6.283082591535119,-396.51734156558655
695.0,-0.23426798025150772,0.010466794172409019,-1.571061325154752,-2.9237351921574373,-6.283139808658525,-6.2831431631841435,-397.1835512101452
696.0,-0.23085579973449477,0.010512204648511117,-1.5710586251516283,-2.9282431448559243,-6.283139310527459,-6.283168120673806,-397.85103243802746
697.0,-0.22869115965135367,0.010424891358582386,-1.571116845993255,-2.9195816272758743,-6.283138148886909,-6.283178411592836,-398.5194467835325
698.0,-0.22558833426965585,0.010439298430616799,-1.5711072611130763,-2.916322941881797,-6.283139623011995,-6.283182510003719,-399.1890624977863
699.0,-0.22352016339630965,0.01044277220773078,-1.571130974290806,-2.9129441964161638,-6.283139270411663,-6.283184258204745,-399.8595315525356
700.0,-0.22068599318948506,0.010465412869521741,-1.571116691648807,-2.915146268581472,-6.283139792637901,-6.283184908933207,-400.53108890406014
701.0,-0.21408740497178233,0.010519765958099305,-1.5710807046508422,-2.919947465440522,-6.283139754534814,-6.283185232002849,-401.20514351236926
702.0,-0.20943554187554053,0.01049540230153976,-1.5711425802036934,-2.9133345221647287,-6.283138158186019,-6.28318546402695,-401.88111466287194
703.0,-0.20576680454937074,0.010487884584232336,-1.5711508405055103,-2.9033932428254006,-6.2831389393330515,-6.283185452370331,-402.5585632210542
704.0,-0.20490751903907933,0.010447110669708923,-1.5711687687781928,-2.899501794775517,-6.283139608620571,-6.283185385738264,-403.2364294848565
705.0,-0.2060082412198612,0.01043770671856638,-1.5711696255168555,-2.900585311206055,-6.283139711073765,-6.283185387297281,-403.91389903464125
706.0,-0.20705365661758227,0.010465251499313105,-1.571158151313082,-2.898150099438947,-6.280256584290336,-6.283185494251189,-404.5909419884042
707.0,-0.2117260551862266,0.01036689195763939,-1.569397293844884,-2.899599257138846,-6.2820020021151475,-6.283185448558499,-405.2659965923524
708.0,-0.21628360401367216,0.010380690961551014,-1.5662333178479966,-2.9042847569030226,-6.2826721601374045,-6.283185456244228,-405.93875626119706
709.0,-0.22309825582650486,0.010576725409240942,-1.5677373650373834,-2.9057156524622534,-6.2829479059646935,-6.283185470281201,-406.6090184105112
710.0,-0.22234194162456716,0.010635603335291788,-1.5687853661290272,-2.9054227511153132,-6.28306154382133,-6.283185498786232,-407.2795515574773
711.0,-0.21909359406263296,0.010585055450655188,-1.5695484088870955,-2.9142764973795665,-6.283107658369169,-6.283185452586864,-407.9514588709801
712.0,-0.21560518363192271,0.010558179875895576,-1.5700936532460976,-2.9140823738022577,-6.283125050899379,-6.28318558852472,-408.6248349734209
713.0,-0.21501892995701039,0.010491463946975562,-1.570475670386251,-2.916425366790775,-6.283133057805024,-6.283185492577355,-409.2985796548427
714.0,-0.21701366998671087,0.010471830404823258,-1.570731916128336,-2.9096929839743706,-6.283135829597541,-6.283185555372506,-409.97164003900934
715.0,-0.2129371649958221,0.010551455921619306,-1.5707873631720715,-2.9072658450582747,-6.283139315767862,-6.283185443830144,-410.6461578024631
716.0,-0.2085535678814229,0.010532156564394948,-1.5709185021216874,-2.8980043824373745,-6.2831390098052005,-6.283185479928471,-411.32245536473454
717.0,-0.20857712412789736,0.010453786942525488,-1.571031237011498,-2.8962534461692346,-6.283139456189821,-6.283185388150864,-411.9988788289271
718.0,-0.2066717828364715,0.010502048513044957,-1.571041221635036,-2.8901064313101297,-6.283139612962878,-6.283185487610156,-412.6759928681567
719.0,-0.2066454026414395,0.010468113913606778,-1.571093095032104,-2.887456779750043,-6.283139721828962,-6.28318542339598,-413.35318680451104
720.0,-0.20556637534061248,0.010494012367890099,-1.5710906964963203,-2.88471178747573,-6.283139923157782,-6.281411224766158,-414.03077123365915
721.0,-0.20602852184521422,0.010472928398216123,-1.5711238251643205,-2.8826129211278517,-6.283139595302574,-6.28248779778223,-414.7082248384683
722.0,-0.2059632817809645,0.01048703242121836,-1.5711139709790756,-2.88417799112712,-6.283140016867302,-6.2822373907536395,-415.38568048654895
723.0,-0.20834082943527696,0.010466433796423792,-1.5711566818320941,-2.8792116216075883,-6.283138892660763,-6.282807715823402,-416.0622719130559
724.0,-0.21173481770412642,0.010475045999646411,-1.571159994234175,-2.8682009090581904,-6.283139553243867,-6.283029943291998,-416.73754274701776
725.0,-0.2101328251869151,0.010541322487227911,-1.5710816709268856,-2.8619642922632473,-6.283141408802826,-6.283121520805102,-417.41330437994407
726.0,-0.21201321939997536,0.010393485129861454,-1.5686664510563861,-2.849543443478608,-6.283139618076825,-6.283159196695871,-418.08810703612613
727.0,-0.2097168338422661,0.010596178228154918,-1.5692966147104337,-2.8555243935622885,-6.283142936349443,-6.283174516177647,-418.7637319122061
728.0,-0.20955793182045998,0.010525778448787116,-1.5699510775731185,-2.858042344240432,-6.283139937572827,-6.283181031206312,-419.43960261574523
729.0,-0.21044901298155191,0.010508028228235723,-1.5703619606427053,-2.8541918560473434,-6.283139252477379,-6.283183727518215,-420.1152029302708
730.0,-0.20947437637700234,0.010524849581850772,-1.5705946546961607,-2.851263134327166,-6.283140258957279,-6.2831847301741055,-420.7911756340441
731.0,-0.20776356318900288,0.010514661154664404,-1.5707617188419631,-2.8545390930933254,-6.283140587835459,-6.283185101624656,-421.46784183979173
732.0,-0.2115003558256755,0.010431176522868879,-1.5709393619069538,-2.866937593415763,-6.283139158536078,-6.283185353952248,-422.14320168089387
733.0,-0.21553529972599964,0.010461759983937297,-1.5710012264739754,-2.8798238757200516,-6.283138879517274,-6.2831854861001375,-422.816953147618
734.0,-0.22240737310075637,0.010445200511576259,-1.5710811526575323,-2.8915372844998894,-6.283138103556416,-6.283185548818925,-423.4880635914357
735.0,-0.2260756992065813,0.010512809886354791,-1.571059090976274,-2.9031667672392847,-6.283138762060111,-6.283185567369077,-424.15761065575055
736.0,-0.22704588003929946,0.010550569784185759,-1.5710731118357575,-2.904418590640086,-6.283138165432463,-6.283185652048007,-424.82671633133475
737.0,-0.22868262682068824,0.010526018003711203,-1.5711098436830446,-2.9011950853960253,-6.283138427241402,-6.283185589022357,-425.495211184618
738.0,-0.22503875112731378,0.010580351308395419,-1.5710528453549624,-2.9005399415384656,-6.283140069900707,-6.283185477989457,-426.165002066593
739.0,-0.22761736070701102,0.010471246779179051,-1.5711664219425463,-2.8943237274118787,-6.283138342796748,-6.283185532529834,-426.8339819639291
740.0,-0.22530987784755993,0.010535733844231312,-1.5710720511496215,-2.90193062047656,-6.283140737751179,-6.2817221715277345,-427.50370227920183
741.0,-0.22326217175816715,0.010518391472267269,-1.5711159585043832,-2.9035588671244956,-6.283138875961568,-6.2826101604804885,-428.17426734991176
742.0,-0.22376863461001315,0.010478698295722498,-1.5711500312355613,-2.9070287000799806,-6.283138783811918,-6.282948416335962,-428.8446972540453
743.0,-0.22299960279728587,0.010505161662084378,-1.5711288995470998,-2.910295554222879,-6.283139043164229,-6.283088126840462,-429.5153806893871
744.0,-0.22202867853629493,0.010504520356952594,-1.571135025112981,-2.9121294994290747,-6.283138819852542,-6.2831455124364775,-430.1864473132392
745.0,-0.21989964795533887,0.010522829502242148,-1.571129682022716,-2.907819456180962,-6.283138714000856,-6.2831691278892405,-430.8583289664882
746.0,-0.21748154292782731,0.010507528858038016,-1.571123978356921,-2.910003106442118,-6.2831396235723265,-6.283178673222524,-431.53116252229495
747.0,-0.21246092293402333,0.010547321462807442,-1.5711106749219805,-2.902004164206072,-6.283139164749716,-6.283182742245942,-432.2059179772973
748.0,-0.21385641084636625,0.010435667985734256,-1.571187509190634,-2.901506827509907,-6.283139085235837,-6.283184267565274,-432.880315354926
749.0,-0.21526744838919767,0.010478058930361705,-1.5711705642342724,-2.890165093761745,-6.283139204537445,-6.2831849993135505,-433.55413329298324
750.0,-0.21567023668263466,0.010479895784576377,-1.5711291534530503,-2.892820452732971,-6.283140802803281,-6.283185144714701,-434.22776295020685
751.0,-0.2144827576850341,0.010504626429693879,-1.571114811629825,-2.896180462058154,-6.283140014487765,-6.280712240762406,-434.90181724654
752.0,-0.2137842447347701,0.01049148877109406,-1.5711288074076724,-2.902522666872045,-6.283139436170403,-6.282212941642859,-435.57616146399147
753.0,-0.2116891596011784,0.010504047496807759,-1.5711097930649223,-2.9161593871335385,-6.28313914024841,-6.282784819602942,-436.25127364393006
754.0,-0.2149604298557912,0.010440288076476163,-1.5711923308142197,-2.9256973065168337,-6.283137431426169,-6.283020981670124,-436.92523451763645
755.0,-0.2160533830731124,0.010504373434313185,-1.5711484102577884,-2.929299508702627,-6.283137926075797,-6.283117989399606,-437.598668213141
756.0,-0.22094780872624994,0.010467977468731422,-1.5712054918247038,-2.9196772626087197,-6.2831375193797285,-6.2831577990673555,-438.27030023520433
757.0,-0.22814180112368063,0.010455226354891302,-1.5711926713276063,-2.9107430014507845,-6.283138946308301,-6.283174092529893,-438.93914107421267
758.0,-0.2331472580508591,0.010488669347536736,-1.571127584614728,-2.9132873861901323,-6.283140770878558,-6.283180653658841,-439.6059244399573
759.0,-0.23958315835782124,0.010477551971042661,-1.5711501707879498,-2.9126057981741877,-6.283139331741326,-6.283183558178218,-440.2702070109646
760.0,-0.238566472626494,0.01057859509565848,-1.5710529858370632,-2.9145833307007663,-6.283140566902402,-6.283184651427157,-440.9346733647961
761.0,-0.23601343413358153,0.010556209878011237,-1.5710754781237242,-2.918640107867802,-6.28313969371231,-6.283185129819616,-441.6001449155483
762.0,-0.23621952183156303,0.010502586602813977,-1.571133198068712,-2.920523045181208,-6.283138561078464,-6.283185379308819,-442.2656183782256
763.0,-0.23375694914077108,0.010547880419691158,-1.5711101112511463,-2.9132000307400574,-6.283138837481271,-6.283185487379893,-442.93199140749084
764.0,-0.23226760995731063,0.010507671626117364,-1.5711306771214029,-2.908866044872951,-6.283139378281532,-6.283185435289993,-443.59900402211997
765.0,-0.2340264650377929,0.010455184002760232,-1.571158582283703,-2.9126995277151027,-6.2831395719976175,-6.2831853709914025,-444.2654022809462
766.0,-0.2320712387893289,0.010526248791701496,-1.5711098027632664,-2.9116832462673004,-6.283139371436492,-6.2831855071730205,-444.9324564044847
767.0,-0.22783518244561674,0.010537113398478947,-1.5710987114960706,-2.9118798019240875,-6.28313955450073,-6.283185467556679,-445.601143671817
768.0,-0.22489383161542773,0.01050423215456857,-1.5711313448499815,-2.9114912792090877,-6.283138979680513,-6.283185485366494,-446.27104243551787
769.0,-0.2272871304044155,0.010434881896855278,-1.5711905645181825,-2.9127795733611754,-6.283138516636565,-6.283185468528192,-446.9401356820728
770.0,-0.2305772329084667,0.010456733995237852,-1.5711761485253102,-2.9112928870085377,-6.283138729021076,-6.2831855122096805,-447.60792593660614
771.0,-0.2317913749526112,0.010492618022033396,-1.5711327234578933,-2.914538911641647,-6.283139705801824,-6.283185435468179,-448.27516851588456
772.0,-0.23162321908387476,0.01051552152701716,-1.5711282141239014,-2.9118814302487173,-6.2831389839681036,-6.283185540096575,-448.94245028896756
773.0,-0.22569150340196975,0.010574745450246706,-1.5710616839208031,-2.9136927452833326,-6.283140231861425,-6.2831854376628264,-449.6119234957091
774.0,-0.2194022541621488,0.01055040340841687,-1.5710992366678231,-2.909760329744376,-6.283138933854359,-6.283185534423538,-450.2839092862849
775.0,-0.2141907454404543,0.010524039136012369,-1.5711308304836054,-2.8995521654107446,-6.2831389988893775,-6.279578143323826,-450.95799916823177
776.0,-0.20941035560729737,0.010504836553932062,-1.5711312877160974,-2.8916241627095594,-6.283139736813739,-6.281766971030494,-451.6339947303732
777.0,-0.20353041703064556,0.010510382543256964,-1.5711136454537955,-2.88780064911703,-6.283140305010232,-6.282600951319384,-452.31228292229434
778.0,-0.20303117869012588,0.010444269985469498,-1.5711948302219672,-2.8751560271075767,-6.283139007725544,-6.282945376293817,-452.9909322992701
779.0,-0.20406277075974694,0.010443878477452003,-1.571172441964164,-2.8675280878462113,-6.28314025033349,-6.283086776908661,-453.66919253339427
780.0,-0.20582588701063087,0.010441594761873594,-1.5711480125987778,-2.873389870434514,-6.283140881212126,-6.283144823689924,-454.3467655154139
781.0,-0.21178219668115414,0.010413700414585543,-1.5711893605306209,-2.8794842480059697,-6.2831392704840905,-6.28316879973091,-455.0220912867168
782.0,-0.21655325783219384,0.0104753566409699,-1.5711557059869066,-2.8788561198023093,-6.2831391466523625,-6.283178718488155,-455.69547348819924
783.0,-0.21778312096857544,0.010525909080145494,-1.5711065367474948,-2.8800221828537587,-6.283140161870736,-6.283182671018652,-456.36827451838843
784.0,-0.2155104883508767,0.010549967862011452,-1.5710743965267866,-2.8877341176922884,-6.283140424907528,-6.283184290083635,-457.04188840614626
785.0,-0.20989663699360506,0.010497850985521645,-1.5687007149834555,-2.886546074139686,-6.283138812637966,-6.283185131065838,-457.71732551754377
786.0,-0.20913981726739886,0.010515352347531481,-1.568530227136807,-2.888031966468654,-6.283139166810984,-6.2831852681734155,-458.3931349803796
787.0,-0.20990303462590726,0.010538752246731365,-1.5693718713560538,-2.8878848924897644,-6.283139250210608,-6.283185409876735,-459.0687746870131
788.0,-0.20964260837370724,0.010528937900240091,-1.5699482580294128,-2.8888687267000557,-6.283139534823129,-6.283185442437445,-459.74458133273043
789.0,-0.21476171997834165,0.010449837258020843,-1.5704129004658405,-2.8846678853368384,-6.2831382926173776,-6.283185532408979,-460.41858549311644
790.0,-0.21322724871899548,0.010554990837721549,-1.5705666139370944,-2.880033012396669,-6.283140458920271,-6.283185481405579,-461.0930284017419
791.0,-0.212097493916611,0.010506660349521786,-1.5707621008935317,-2.885172093564356,-6.283140360586164,-6.283185384130114,-461.76798905968735
792.0,-0.2129906190317188,0.010482352596754509,-1.5709130766312696,-2.887377985335895,-6.283139053144169,-6.283185499482935,-462.442665552629
793.0,-0.218687123858582,0.01043339207132019,-1.5710395305203875,-2.8878689827492647,-6.283138480437722,-6.28318551553248,-463.1152261808644
794.0,-0.22398387987719998,0.010464354623697627,-1.5710498729886124,-2.894216413871314,-6.283139660115292,-6.28318544144724,-463.7856580884029
795.0,-0.2328588544491029,0.010366288192895241,-1.5690307853376442,-2.898193828326393,-6.282671495668391,-6.282176232762933,-464.4523808237215
796.0,-0.2359517247469508,0.010606051604603817,-1.5695738404943544,-2.8944220527783044,-6.282955909675665,-6.282788677975918,-465.1177420153592
797.0,-0.23169634737096484,0.010640606935580527,-1.5700158405089708,-2.8952081722835135,-6.281161823464916,-6.283021920335623,-465.78470498267774
798.0,-0.22611436881582234,0.010588795402871696,-1.5703834412539983,-2.900521863025429,-6.282358265088961,-6.283118262359149,-466.4539364517311
799.0,-0.2258277751540598,0.010477085770838715,-1.5706931522617271,-2.913413095251998,-6.282817183065708,-6.2831579135520155,-467.1234642379944
800.0,-0.22379327643228328,0.01052963648436475,-1.5708337543646922,-2.911391432303751,-6.2830058634164425,-6.283174301067374,-467.79375199567806
801.0,-0.22393731889704888,0.010481183764839218,-1.5709607016768037,-2.9131579771962577,-6.283084419764147,-6.2831808364456325,-468.46406982810066
802.0,-0.22151165415394075,0.01051369679772287,-1.5709811383289292,-2.9215070117681297,-6.283117160221833,-6.283183549520594,-469.13526279039075
803.0,-0.22096605442148703,0.010484728429282757,-1.5710675225939312,-2.9261624719168506,-6.283129012918744,-6.283184753078348,-469.8067366114548
804.0,-0.21512933396101316,0.010560946743986284,-1.5710307877794274,-2.928878920672883,-6.2831351878765185,-6.283185209311637,-470.480357911922
805.0,-0.21279819829910843,0.010484182835803943,-1.571117373869226,-2.9332844796213515,-6.283136699187819,-6.283185363114984,-471.1550193109998
806.0,-0.2173333902837485,0.010417133729107582,-1.5712027406821802,-2.9311552270565877,-6.283136647438231,-6.2831855234268295,-471.82806698959865
807.0,-0.21715893492788962,0.010506787277066916,-1.5711111862144032,-2.93394686817574,-6.283139219684026,-6.28318542817184,-472.50101577045984
808.0,-0.21477230322964685,0.010535987650063035,-1.5711161747982783,-2.9256257365517873,-6.283138646664144,-6.283185517846907,-473.1748838149427
809.0,-0.20910076804279296,0.010563629078204068,-1.5710907622121242,-2.912828309532383,-6.283139724597533,-6.281863706631879,-473.8509287219885
810.0,-0.20648048632467164,0.01047638397829313,-1.5711282748763031,-2.915422293383729,-6.283140258986493,-6.282665587866002,-474.52810722916803
811.0,-0.2079220042287454,0.010444868870663718,-1.5711807793453572,-2.910757318534921,-6.283138537034908,-6.282971364694907,-475.20482132782206
812.0,-0.21375697996371867,0.010409911904102544,-1.571202224186402,-2.9101199186748756,-6.283139034645732,-6.283097474382312,-475.8793356331575
813.0,-0.22397150008157135,0.008418249942742333,-1.5711398859380157,-2.9102296001254455,-6.283138271551693,-6.283149294311221,-476.55026945108955
814.0,-0.23225744713262017,0.008782809918709606,-1.5708603918094703,-2.9073784758323815,-6.283140151456994,-6.283170697995541,-477.21779705039233
815.0,-0.23517074502640828,0.009450247688513944,-1.5708545531016083,-2.9169258276579484,-6.28314097766026,-6.283179335797711,-477.88389771265366
816.0,-0.23974059554933536,0.009802771081853012,-1.5709798397071577,-2.9179400218063773,-6.283138531351834,-6.283183060461913,-478.54818979236023
817.0,-0.2374877766567575,0.01013221127839834,-1.570943608289662,-2.922146226084316,-6.283139943865295,-6.2831844394410705,-479.2131260808518
818.0,-0.2405663881649,0.010020293169157847,-1.5710775719193821,-2.922056073991782,-6.283137967617863,-6.2831851183992695,-479.8770337101911
819.0,-0.2384207889126841,0.010225840990218428,-1.5710334614106294,-2.92389765936156,-6.283139641176978,-6.283185305459603,-480.5415980524058
820.0,-0.23924879241845484,0.01026622380645919,-1.5711053964008797,-2.9326682762701886,-6.283138834268297,-6.283185390179235,-481.20591416504664
821.0,-0.2356728704845948,0.010417473519684877,-1.5710696633439387,-2.933734650265004,-6.283138540484263,-6.283185542571309,-481.8714909330826
822.0,-0.23305717536757745,0.010426273489360606,-1.5711134220702696,-2.934233702560123,-6.283138409150976,-6.2831855065117255,-482.53814620740053
823.0,-0.2316913756108485,0.010433560855937524,-1.5711325683963706,-2.937110137009692,-6.283138650832416,-6.283185469722677,-483.20536147908007
824.0,-0.2281360582576504,0.010499154742468098,-1.5711223595963184,-2.9271487831371763,-6.2831385266378215,-6.283185518927061,-483.87393043340904
825.0,-0.2309018600301872,0.01040661651374021,-1.571194633333758,-2.922672346207456,-6.283138778696123,-6.283185434269347,-484.5415983027143
826.0,-0.23081630571871226,0.010467972368907967,-1.5711187935363058,-2.930030731548413,-6.2831401812534775,-6.283185385790066,-485.20917506555725
827.0,-0.22491388312646918,0.010546227631270215,-1.5710672651340944,-2.938075861492304,-6.283139644135153,-6.283185450346383,-485.8789242380583
828.0,-0.21489808880067496,0.010583370538568409,-1.5710608267040207,-2.9396842977411115,-6.283138572355576,-6.283185560325213,-486.5525377097272
829.0,-0.20635078962020403,0.010496183386191328,-1.5697102595230603,-2.9297787569499394,-6.283137760946106,-6.283185551701936,-487.22941279738916
830.0,-0.2039095787797128,0.010467583551274418,-1.5701748025949984,-2.9367971275855105,-6.28313918454146,-6.283185391099256,-487.9074300878586
831.0,-0.20532529710876282,0.010430585804846645,-1.5705340815323632,-2.946336759822979,-6.283138280398483,-6.283185456410838,-488.5850006528732
832.0,-0.21153393625506664,0.010410897828609315,-1.5707958292208026,-2.945634581876814,-6.283137011437827,-6.28318561163121,-489.2602710134284
833.0,-0.21651443699121328,0.010475608754254922,-1.5708962239411,-2.934306768671544,-6.283138297405708,-6.2831855250802295,-489.9335605716352
834.0,-0.2179465873393529,0.01051731636580591,-1.570930969021544,-2.92575403907674,-6.2831399015903315,-6.283185456499941,-490.6062220579651
835.0,-0.22138455981802785,0.01047655425590065,-1.57102303503611,-2.9181986061375214,-6.283139673652128,-6.283185436911383,-491.2776186177547
836.0,-0.22733776629069105,0.010440823565604796,-1.5710673626815714,-2.9236782975089888,-6.283140205819322,-6.283185349591932,-491.94671883572533
837.0,-0.2321331883699823,0.010482924997954179,-1.5710742122529155,-2.927525147658352,-6.283139415810464,-6.283185464444466,-492.6138744856009
838.0,-0.23709607347299563,0.010420442104198659,-1.569314615363195,-2.9357191955453836,-6.28313890141293,-6.283185478341141,-493.27881022701524
839.0,-0.2393618373676952,0.010579017960101309,-1.5698212434485008,-2.9373793560073507,-6.283138983148313,-6.283185543911815,-493.9428063513751
840.0,-0.2406781236830191,0.010554151558451056,-1.5702569042110965,-2.9381970984431627,-6.283138844768763,-6.283185516381947,-494.6063436867889
841.0,-0.23625797612283428,0.010606716551434395,-1.5704933872531204,-2.9331240588890104,-6.283139136749734,-6.283185554865938,-495.2715370595029
842.0,-0.23068379408228143,0.010570253218661063,-1.5707055966748003,-2.9274453349100082,-6.2831392303863405,-6.283185493043617,-495.93898120632593
843.0,-0.22118941859212538,0.010587097776318053,-1.5708018162168778,-2.924450139261569,-6.28313993074575,-6.283185435493648,-496.61010694827917
844.0,-0.21463389758509685,0.010503629152792123,-1.5709494874240248,-2.927790629237772,-6.283139260931731,-6.283185394142815,-497.2839368779333
845.0,-0.21613303098653044,0.010396976914637429,-1.5710969320637465,-2.936723147474446,-6.2831380455991495,-6.283185449920255,-497.95737767388226
846.0,-0.21306435672637383,0.010508973271239263,-1.5710571086053384,-2.9380439748101392,-6.283138294428855,-6.283185567690099,-498.6318656280136
847.0,-0.20500098621461757,0.010573959209341243,-1.5710485197675415,-2.927515935367821,-6.283138730685195,-6.283185526990758,-499.30944091803667
848.0,-0.2020248977610585,0.010471093043679635,-1.571140323191071,-2.918451007686295,-6.283138674614553,-6.283185476988527,-499.988370671208
849.0,-0.20234333799231394,0.010445233165714286,-1.5711684655832756,-2.9073556425666376,-6.2831391977153705,-6.283185428034331,-500.6672593913706
850.0,-0.20602620916240744,0.01040299460983482,-1.5711690960935898,-2.9139539043859672,-6.283140149636902,-6.283185342810875,-501.3447662083096
851.0,-0.20859751243592023,0.010459505550483745,-1.5711442987575988,-2.9179073866126877,-6.283139345392454,-6.278598824278507,-502.0212025725794
852.0,-0.21317350156314926,0.010459971823573375,-1.571176518392703,-2.9113129325610223,-6.2831383449080525,-6.281382001100971,-502.69590082097847
853.0,-0.21712406149569655,0.010467318814926107,-1.571132182270898,-2.9197461905822752,-6.283139977986718,-6.282442319453978,-503.3689974078001
854.0,-0.22187867452804727,0.010478533102030908,-1.571152283571247,-2.9200419167049194,-6.277282510620256,-6.282880347615043,-504.04022862648327
855.0,-0.22346464577121916,0.010525744342793988,-1.5711064666711894,-2.923059928416722,-6.280825977743091,-6.2830600727079835,-504.7107406975605
856.0,-0.22454597061860554,0.010522420225527627,-1.571120762061057,-2.921746529427236,-6.2821880950041775,-6.283134025452793,-505.38083229012386
857.0,-0.22996264580624753,0.01047209711765441,-1.571183907809673,-2.910148219390467,-6.282748093711196,-6.283164338339731,-506.04891985257154
858.0,-0.23991685537863364,0.010413049771099062,-1.5711826674533986,-2.9164652227242467,-6.282979628290833,-6.2831766889322775,-506.7131621684011
859.0,-0.24702608894720007,0.010486223246521554,-1.5711209090542653,-2.9263621194646365,-6.283074062967435,-6.283181873567401,-507.3744683048184
860.0,-0.251981957001086,0.010514360729820186,-1.571104882877287,-2.9384674844337217,-6.283112061118246,-6.283184051140709,-508.0337423486272
861.0,-0.2546959027367146,0.010544530108481876,-1.5711011428413186,-2.944836058114296,-6.283127191162186,-6.283184978968129,-508.69187394109076
862.0,-0.25586187881610223,0.010544116109453543,-1.5711004004013411,-2.9521897185323427,-6.281091596447684,-6.283185283690373,-509.34949479026625
863.0,-0.25083688236504637,0.010616768993925559,-1.5710571763993195,-2.949147977834082,-6.282330917828873,-6.283185517128379,-510.00895485744354
864.0,-0.24416314447912238,0.010583017286310387,-1.5710742874222838,-2.947938820743083,-6.282807072337259,-6.283185455748231,-510.67105649931403
865.0,-0.23444690850636338,0.010586401556615504,-1.5710606462413446,-2.949084709233965,-6.283002989880743,-6.283185442567762,-511.3369328002725
866.0,-0.23144853229954027,0.010480027625078046,-1.5711831498021753,-2.938437642018884,-6.28308172261791,-6.283185497090978,-512.0042241475998
867.0,-0.22923063541010122,0.0104740554509163,-1.5711582457810764,-2.933590829253527,-6.283116320120025,-6.283185416075339,-512.6723932170199
868.0,-0.22607418786329378,0.010492477764578987,-1.5711423662316086,-2.926960749238567,-6.283129890092163,-6.283185461901888,-513.3417946355595
869.0,-0.2262643888341269,0.010441568112493946,-1.5711738381994564,-2.9262994370154467,-6.2831355324114515,-6.2831853893336,-514.0112184612314
870.0,-0.2300724227590324,0.010420841200418474,-1.571196346288865,-2.925384336289593,-6.283137247053064,-6.283185455239124,-514.6792184272797
871.0,-0.2337495514396243,0.010458869406902127,-1.571171197340147,-2.9204999329802264,-6.283138311709728,-6.283185507370324,-515.3457452882817
872.0,-0.23513492031518973,0.01049107886831947,-1.5711241616846434,-2.92351242608123,-6.283139869879053,-6.283185387500559,-516.0116539599879
873.0,-0.23503114128875743,0.010498389235765971,-1.571107859072441,-2.9350319489794505,-6.283139477516111,-6.283185458584351,-516.6775540210616
874.0,-0.23621737481256788,0.01047801900684382,-1.571136940244023,-2.9493234250679867,-6.2831382212021225,-6.283185538488553,-517.3429995397314
875.0,-0.23451598805235416,0.010531941953595088,-1.5711137168320828,-2.957911496199219,-6.2831377909475075,-6.283185586170361,-518.0090111525132
876.0,-0.2272939956302127,0.01060253587297788,-1.5710797787406352,-2.9530453449615583,-6.283137735548518,-6.2831856328904205,-518.6777508541755
877.0,-0.22621190018141632,0.010479025397603453,-1.571178763782445,-2.947929170954282,-6.283137744186962,-6.283185535084283,-519.3471301438682
878.0,-0.22682202293617945,0.010149741830975494,-1.5711566664696717,-2.9482709439073496,-6.283138814322875,-6.283185425628957,-520.016342061316
879.0,-0.23205346952037734,0.0101672492006368,-1.571228454777749,-2.9372807120695104,-6.283138217894435,-6.283185492946585,-520.6836277156913
880.0,-0.2304958151331321,0.010359690614330185,-1.5710987286136047,-2.9354161211952565,-6.283140664881469,-6.2831853734780605,-521.351299607123
881.0,-0.22755943453998242,0.010413404021020782,-1.571107657773989,-2.933225575411799,-6.28313964448564,-6.283185444610065,-522.0201201494954
882.0,-0.22348017690942387,0.010454220398073012,-1.5711050589126674,-2.931446186378956,-6.283139446624572,-6.283185452304506,-522.6905216059772
883.0,-0.21958249704912353,0.010456180952548483,-1.5711149968911833,-2.936116756807459,-6.283139480352814,-6.283185398160055,-523.3624627477752
884.0,-0.21701758928379106,0.010462234119558085,-1.5711475503969499,-2.9331753746415767,-6.283138179488095,-6.283185550935899,-524.0354551296984
885.0,-0.21500326758336893,0.010452383712237794,-1.5711375774241552,-2.942463266130857,-6.283139126923833,-6.283185443366167,-524.7092323197222
886.0,-0.2182365490072857,0.010410670022229227,-1.5712051822837465,-2.946808473305162,-6.283137572925597,-6.2831855388419715,-525.3818636143855
887.0,-0.21934000755436603,0.010475645821988639,-1.571151348277959,-2.9510863571689394,-6.283138447154978,-6.283185513019263,-526.0539611613459
888.0,-0.22490067487788246,0.010438750152982595,-1.5712112309049417,-2.944760979399897,-6.283137459435318,-6.283185577006027,-526.7240074659135
889.0,-0.23222504130722693,0.010443825203305272,-1.5711905042825725,-2.939838649126322,-6.283138758854054,-6.283185489690716,-527.3911895633722
890.0,-0.23174587328474222,0.010562705650019193,-1.5710800784008154,-2.933214651608758,-6.283140083415279,-6.283185480124186,-528.0583463471047
891.0,-0.23095329002230475,0.010523850782013159,-1.5711019524149095,-2.9320470601673234,-6.2831399901295475,-6.2831854000350855,-528.7258501633806
892.0,-0.22685355076874417,0.010550399305479794,-1.5710716911970872,-2.9351216023818787,-6.283140038903586,-6.28318540571768,-529.3948797871578
893.0,-0.22091104294925223,0.010547161196983497,-1.5710791998704658,-2.940187122086509,-6.28313932232371,-6.283185445538292,-530.0662178743095
894.0,-0.21623821931549458,0.007607037104607581,-1.5710193816262983,-2.935140396489186,-6.283136991423109,-6.283185516047199,-530.739975853371
895.0,-0.21043416561451145,0.008055560230520516,-1.57120063501315,-2.931951010232425,-6.283140152738199,-6.283185526113911,-531.4159837132911
896.0,-0.2074491263176099,0.008867589060102484,-1.5712054945322917,-2.927337570695466,-6.283138902214245,-6.283185499799089,-532.0930822116608
897.0,-0.20584710009388896,0.009416325004721338,-1.5711788112321914,-2.9298761953323327,-6.28313934777187,-6.283185393107853,-532.7707150240185
898.0,-0.20249921579966287,0.009806513375242168,-1.571130880342227,-2.941969598548357,-6.283139189150505,-6.283185455933695,-533.4495107574057
899.0,-0.2047392197453317,0.009984004398953455,-1.571206037486338,-2.949772246335188,-6.283137329524985,-6.283185535044572,-534.127518173491
900.0,-0.2092714159351709,0.01016008817596876,-1.571208953585629,-2.946187783399673,-6.283137053307514,-6.283185622699219,-534.8037490283247
901.0,-0.21829503875140086,0.010218729514682192,-1.5712182754863546,-2.950500242301722,-6.283138427519221,-6.283185442732449,-535.4765035292726
902.0,-0.22054099761269083,0.010421656307021207,-1.5711135451800131,-2.9449338490976755,-6.2831388623808735,-6.283185555199849,-536.148155455802
903.0,-0.22631318754146867,0.01036395356690934,-1.570142948431658,-2.9352087442945387,-6.283138469770059,-6.283185505516996,-536.8175245946707
904.0,-0.2303865888904013,0.010481518812368477,-1.570391678159307,-2.9307763827811235,-6.283140309268241,-6.283185395910552,-537.4852379404113
905.0,-0.2276131902104816,0.010565305743681978,-1.570565079112643,-2.9258313025088953,-6.283140537585298,-6.283185439371172,-538.1539169394276
906.0,-0.2261057251620884,0.010503612444906508,-1.5707745571371852,-2.928111745580994,-6.283139969851484,-6.283185375506767,-538.8232860696661
907.0,-0.22644417463738445,0.010485049641510574,-1.5709207740910012,-2.924600028091956,-6.283138687396688,-6.2831855176444416,-539.4925895146838
908.0,-0.23157158304636197,0.010430460758841196,-1.5710425160142105,-2.9211624605887163,-6.283138609834899,-6.283185480167001,-540.160007122824
909.0,-0.23021274204801087,0.010531461417823471,-1.5709830754490843,-2.925636739873144,-6.283140518100613,-6.283185383559335,-540.8277591541454
910.0,-0.22489779426273998,0.010568289828922328,-1.5710107761467276,-2.921688734254387,-6.2831391575392725,-6.283185547424283,-541.497548225222
911.0,-0.21847024514725233,0.010550478642748108,-1.5710443114806283,-2.918671512389539,-6.283139388776435,-6.283185473979138,-542.1698745175125
912.0,-0.21236168206722014,0.010519643251998721,-1.571076406929584,-2.920570916392852,-6.28313946614387,-6.2831854192254974,-542.8446298486244
913.0,-0.2138426264060197,0.010418478780289396,-1.5711869789846171,-2.9206127528942396,-6.283137947365748,-6.283185494815175,-543.5190128264417
914.0,-0.218526180185506,0.010420815597818094,-1.571196239219138,-2.916674953603736,-6.276797252905406,-6.283185536302301,-544.1915927828004
915.0,-0.22420761058607835,0.01043600039195235,-1.5711753642401711,-2.9176904666262726,-6.279504353537624,-6.283185422548288,-544.8619416664084
916.0,-0.22511073225579664,0.010513572967000609,-1.5711001290954654,-2.924008754260912,-6.28166506308951,-6.283185414421224,-545.531786402917
917.0,-0.22464032451775054,0.010518514640257801,-1.5711067546378714,-2.9306639807760417,-6.282533413660328,-6.283185479833899,-546.2017918703477
918.0,-0.2273449700757871,0.010480319947830967,-1.5711636372427356,-2.9295988527367034,-6.282889144907788,-6.28318558674213,-546.870823388396
919.0,-0.23405204260631432,0.009187155487556248,-1.5711472645040567,-2.9251304382243943,-6.283035587084966,-6.283185528330443,-547.537535098555
920.0,-0.23772233067972967,0.009440040037572048,-1.571166389109838,-2.9218430392197723,-6.283098159977369,-6.283185496999815,-548.202691651411
921.0,-0.24071269034092688,0.009817747746973029,-1.5711518896502155,-2.9134141794272983,-6.283122329879165,-6.283185493125321,-548.8665892843774
922.0,-0.24109465821614823,0.010073777886332595,-1.5710979553325697,-2.9172489293151496,-6.283133686972995,-6.2831853528189425,-549.5302080388876
923.0,-0.2441104679608147,0.010188155561651367,-1.5711445727503144,-2.9200282728202542,-6.2831361564819375,-6.283185463739743,-550.1926816146473
924.0,-0.24329064017431185,0.010354545714017302,-1.5710968550887832,-2.9181574393579166,-6.2831380417644205,-6.283185525860976,-550.855339664374
925.0,-0.24197180597035584,0.010408574762843884,-1.5711147129685314,-2.9119613874403223,-6.283138519849889,-6.283185526159793,-551.5185220508091
926.0,-0.2399813574120298,0.010444038213142293,-1.5711106705064992,-2.9075771381387714,-6.283139458618984,-6.283185454256279,-552.1824738655604
927.0,-0.23492540878173107,0.010492165500375173,-1.571078153634741,-2.909413758694292,-6.283140247561943,-6.283185391068246,-552.8483429309969
928.0,-0.23079421534953876,0.010468606555318068,-1.571107470193925,-2.919128503315995,-6.28313938312475,-6.283185436686737,-553.5158768290016
929.0,-0.23375210608116323,0.010411143897687186,-1.5712158422422327,-2.9133483384810646,-6.283137136537541,-6.28318557795407,-554.1824369459245
930.0,-0.23642545761241324,0.010443860987437366,-1.5711623703276223,-2.9168974825202163,-6.283139442273433,-6.283185413321778,-554.8478887147375
931.0,-0.2404552257596905,0.010450076186706316,-1.5711740391042917,-2.916520676133087,-6.283138644737159,-6.283185520573735,-555.5117810993725
932.0,-0.23788021710887197,0.010545627174259796,-1.5710772936928163,-2.921907153397009,-6.283140218152534,-6.283185426645633,-556.1764918452727
933.0,-0.23370895641721656,0.01054112801491847,-1.571094427788843,-2.9258897833344077,-6.283139074667332,-6.283185499717288,-556.8428382303928
934.0,-0.23162162994113988,0.010494916815231826,-1.5711345897350888,-2.9328371184485413,-6.283138610814521,-6.283185473075365,-557.5100656292261
935.0,-0.2317597151008294,0.010482946655017006,-1.5711708922095298,-2.929387946575247,-6.283137583526558,-6.283185603630381,-558.1772965721146
936.0,-0.22990203474183482,0.010509592581161884,-1.5711300339314955,-2.929749617085295,-6.283139143563019,-6.283185469147112,-558.8451969057203
937.0,-0.22727402969864674,0.010488934956027754,-1.57041819771807,-2.9275426470622032,-6.2831387555586895,-6.283185516129312,-559.5140292979207
938.0,-0.22124158429848048,0.010565116888318248,-1.570586984320256,-2.9276396866819767,-6.283139722811282,-6.283185445814734,-560.1851710995248
939.0,-0.21749334245388255,0.010475060278610651,-1.569976495704515,-2.928753805414309,-6.283138698996895,-6.283185471994141,-560.8577890286994
940.0,-0.2140294240638858,0.01053368843662061,-1.5703404197451598,-2.9187906110966866,-6.283138705481016,-6.283185493999408,-561.5318230084938
941.0,-0.21150416874548078,0.010484302147489587,-1.5706012689137723,-2.923975106798485,-6.283139867620007,-6.283185374364356,-562.20691844457
942.0,-0.21554319665336863,0.010408236389799546,-1.570857562335966,-2.9275433917290767,-6.283138140436999,-6.283185478645093,-562.8806179868261
943.0,-0.21864409998861808,0.010456309689061506,-1.5709269348503092,-2.934367729440147,-6.283138942008405,-6.283185458267382,-563.5530387447493
944.0,-0.2190547319133591,0.010502520149766095,-1.5709722123937422,-2.9406313977256255,-6.283138784510149,-6.283185505671725,-564.2252264439168
945.0,-0.22091937529455505,0.01049002097501033,-1.5710584581872127,-2.93773111913401,-6.283137738519006,-6.28318560833416,-564.8967414090572
946.0,-0.22170714440778114,0.010507582818567205,-1.5710695575863298,-2.9341391039793865,-6.283138805310887,-6.282747605703225,-565.5679193861343
947.0,-0.22440504701519062,0.01047303399202823,-1.5711116535553131,-2.9338187021715862,-6.283139070916479,-6.277834636894682,-566.2380950942351
948.0,-0.2278234412452457,0.010468222261737967,-1.5711181090006698,-2.939777518509499,-6.2831393449004125,-6.281078143211488,-566.9069204762029
949.0,-0.22575826484289424,0.01055797911934776,-1.5710710908532795,-2.937091521610567,-6.28313889401584,-6.282317409125163,-567.5764123293843
950.0,-0.22263986817791123,0.0105409287516265,-1.5710913719861772,-2.9338121953600207,-6.283139035910038,-6.2828289155732415,-568.2471433761664
951.0,-0.2239727513149856,0.010476136380117474,-1.5711658273753315,-2.9231311007385608,-6.2831384754477995,-6.282762580343512,-568.9174953619195
952.0,-0.22353864573712917,0.010491346739937426,-1.5711110291571662,-2.927215437524188,-6.283140416458835,-6.283016480495924,-569.5879447690681
953.0,-0.217268314125284,0.010569894428669244,-1.5710639912860653,-2.925564001225644,-6.283139630930743,-6.2831159941680355,-570.2607227096897
954.0,-0.21526666147693543,0.010475462980007792,-1.571142672070975,-2.929654994948319,-6.283138952330397,-6.283156870359789,-570.9344320658001
955.0,-0.21502557239731854,0.010470998768866946,-1.571158798552644,-2.9305091508512504,-6.283138373743323,-6.283173784451952,-571.6082618833683
956.0,-0.21848160363020647,0.010422438775335805,-1.5711819363738218,-2.941985480800202,-6.283138530099562,-6.283180663404381,-572.2808013371955
957.0,-0.22022463433252135,0.010499596111254417,-1.5711623838807565,-2.935614677278767,-6.283137795842974,-6.283183606411188,-572.9525947138583
958.0,-0.22519042179021787,0.010449262380847762,-1.5711852401045692,-2.9341448158655936,-6.283138715173734,-6.283184656254685,-573.6225261780544
959.0,-0.2262841074114872,0.010504310893300787,-1.5711063787416992,-2.944643428490036,-6.283139845123767,-6.283185110699304,-574.2918795705623
960.0,-0.2260225319258895,0.0105239538039744,-1.571120208867981,-2.9471345264676194,-6.283138306024232,-6.283185426492874,-574.961312012212
961.0,-0.2261066764413056,0.01050882545250435,-1.5711333425572667,-2.9495720245135777,-6.283138427582897,-6.283185458541054,-575.6307212006637
962.0,-0.22900309495542537,0.01047336146662745,-1.5711694822859223,-2.9493397481411194,-6.283138062073549,-6.283185510921211,-576.2990630770541
963.0,-0.2285945692271892,0.01052316072746927,-1.571115208192195,-2.9512957562209987,-6.283139095690959,-6.283185464435911,-576.9674572321225
964.0,-0.22851264800555995,0.010508935774472507,-1.5711379149433988,-2.9489660413852645,-6.283138421331362,-6.283185528834735,-577.6359153999416
965.0,-0.22799665415223033,0.010508282088694669,-1.5711312968653193,-2.947502936591713,-6.2831389141512375,-6.283185477796359,-578.3045668087708
966.0,-0.22408222065645636,0.010546861753811667,-1.571098620902124,-2.943579877072734,-6.2831391451926475,-6.283185498202992,-578.9746831330981
967.0,-0.21682933596966997,0.010569654531144515,-1.571082852465515,-2.935437515710843,-6.283139317627363,-6.283185485839831,-579.6476061736926
968.0,-0.210249618729309,0.010520277439176598,-1.5711060502042362,-2.9346116952162062,-6.283139690144179,-6.283185384658365,-580.3231647669928
969.0,-0.2114734323962294,0.010411070368553174,-1.5712034255360359,-2.936453390856613,-6.2831384096375755,-6.283185428133118,-580.9984511689307
970.0,-0.21482760188198927,0.01042947294786391,-1.5711965115145452,-2.9347896177738013,-6.283138338862884,-6.283185506874964,-581.6724373959192
971.0,-0.21407974372652921,0.010515416334249074,-1.5711358320956512,-2.924585548438239,-6.283139190704741,-6.283185488910006,-582.3466122764472
972.0,-0.21015633273877438,0.01053410413904694,-1.5710991435266712,-2.919020810639253,-6.2831402003299095,-6.283185417716406,-583.0222755358883
973.0,-0.20777931637869956,0.010479793030050458,-1.571120125407549,-2.927083840689188,-6.283139999837252,-6.283185378826891,-583.6989205504017
974.0,-0.21073074096721323,0.010428531435809168,-1.5711916268113542,-2.9305113798066453,-6.283138072829936,-6.283185508140412,-584.3745339030794
975.0,-0.21459630141279967,0.010453047438315865,-1.5711778288466831,-2.931229688269242,-6.2831383394045055,-6.283185527040165,-585.0486188109942
976.0,-0.2142141246650994,0.01052045343325173,-1.5711139487795904,-2.9328517233091094,-6.278321122800578,-6.28318549503868,-585.7227188954973
977.0,-0.2145209586047331,0.010487934301519683,-1.5711304392986305,-2.9430249727117697,-6.2810822280682235,-6.283185462500296,-586.3967217067263
978.0,-0.21422122721264125,0.010508126378301029,-1.5711335853783361,-2.9476452076570197,-6.282295457483226,-6.28318555467,-587.0708126146272
979.0,-0.21395511495868882,0.010515019017287557,-1.5711487777435864,-2.9419311290050114,-6.28279184424563,-6.283185589238587,-587.7450263763884
980.0,-0.2116227039890313,0.01053380876252271,-1.5711221614545323,-2.9343303035310617,-6.282996888828442,-6.283185520288418,-588.4201198802081
981.0,-0.2089204315734313,0.010516987275418714,-1.5711237865149745,-2.9285546164836243,-6.283081149192334,-6.2831854503553375,-589.0962922672891
982.0,-0.20715724273778505,0.010498837432081215,-1.5711422144326532,-2.919456871717298,-6.283115362497527,-6.283185455374996,-589.7732043058038
983.0,-0.20976850777732928,0.010434437659450851,-1.5711792737041936,-2.917284343662393,-6.283129731921123,-6.277213160082544,-590.4492078360192
984.0,-0.21000144322510134,0.010499292538196817,-1.571137012441359,-2.9079752043289453,-6.283135631486138,-6.280826793975192,-591.1250445553387
985.0,-0.21252533258153364,0.010461865100386752,-1.5711618795570113,-2.90027611647218,-6.283138019465133,-6.28221389998095,-591.7999700938057
986.0,-0.21217662152771113,0.01050547024938021,-1.571105633055545,-2.899536375766838,-6.283140145618156,-6.282786312620684,-592.4749409633562
987.0,-0.20932519628458193,0.010528507205186801,-1.5710917979448653,-2.8993282433102414,-6.283139945009051,-6.283021495020542,-593.1509835068703
988.0,-0.20888165551066687,0.010475391375051246,-1.5711305216664344,-2.9071076830450733,-6.28313945006218,-6.283118069678843,-593.8272705371141
989.0,-0.21040751075220682,0.0104687977530571,-1.5711585721513455,-2.9100614441972983,-6.283138386812341,-6.283157863183651,-594.5029937908881
990.0,-0.2104322079473039,0.010491117811765205,-1.5711245264506042,-2.921049689810915,-6.283139132108948,-6.283174128021077,-595.1786405460514
991.0,-0.21181665256653776,0.01011550860813131,-1.5711459377126549,-2.9230159054533895,-6.281976826631291,-6.277923128908613,-595.8538450611875
992.0,-0.21827199170489947,0.010115351407543108,-1.5712143125466458,-2.9274097233418646,-6.282680370129853,-6.281116135190994,-596.5266265341446
993.0,-0.2212596664931209,0.010297792968864497,-1.5711361714229166,-2.934760391196173,-6.28295103945027,-6.28233284841202,-597.1980696508211
994.0,-0.22220040745959596,0.010400247022503764,-1.571129375273173,-2.932575125450178,-6.28306099410801,-6.282835400818061,-597.86908998007
995.0,-0.22365433160982026,0.010434455120478537,-1.571146843377382,-2.9225219129599043,-6.283106884745988,-6.2830416509497,-598.5395656575706
996.0,-0.22412174272917734,0.010375018823360215,-1.568780354366724,-2.922679663741916,-6.283126763250093,-6.283126296059375,-599.209497165158
997.0,-0.22471090957701587,0.01049678716998553,-1.5685883314192581,-2.9250151788324104,-6.283134594311495,-6.283161129805312,-599.8791239266783
998.0,-0.22773169445445185,0.010501281617835981,-1.5694281961530083,-2.9295082913935078,-6.283137071222862,-6.282408827737243,-600.5477254633893
999.0,-0.22691368193497205,0.010533846973886608,-1.5699472496844755,-2.9414935920143006,-6.283138485844266,-6.282879936115424,-600.5477254633893
