time,shoulder link,upper arm link,forearm link,wrist1 link,wrist2 link,wrist3 link,total_reward
0.0,0.0002872333715851716,5.775866766299606e-05,-1.1313147149552126e-05,-2.1942057434255944e-05,-2.124931300600091e-06,3.0000271459637664e-05,-0.9111607981031667
1.0,-0.00020652520342105744,0.0045682578381031355,-0.0050364868523182635,-0.011101838810955653,-0.011116895306788159,-0.009501195208299803,-1.8230814228710528
2.0,-0.007240571833865246,0.008754506075236824,-0.014212314558356887,-0.025461457557845096,-0.024595515864648285,-0.022852140570176142,-2.731309212537038
3.0,-0.0187329224064648,0.011370240969945107,-0.026674567450888656,-0.04213492342263382,-0.041216503819888194,-0.03942945146717904,-3.6320514324481556
4.0,-0.03305711169963015,0.012819530313534175,-0.040766811804405244,-0.041871341811548834,-0.05240250120642559,-0.05381081419767797,-4.5225000508969835
5.0,-0.04825755747202141,0.013723877438383091,-0.05646763994696587,-0.036631760869665644,-0.06106414517138314,-0.07078189454430817,-5.401472948529712
6.0,-0.061718171744223824,0.014181314385698916,-0.072691231465708,-0.023465048813492474,-0.06509025042980461,-0.08250545205103207,-6.269474961605394
7.0,-0.07466686923069817,0.014063225866083605,-0.08460685914237694,-0.006926569576015918,-0.07686782874922593,-0.09833265674946003,-7.126925304727337
8.0,-0.08803088437877798,0.014526274504611546,-0.09862521357645386,0.007329697138176439,-0.09074204412197126,-0.11595944955064429,-7.9734603430018325
9.0,-0.10293840936584422,0.014792424907163452,-0.1142769815577499,0.024244581706774616,-0.1075306820181785,-0.13433308054826273,-8.807632746179939
10.0,-0.11904470657362311,0.01482219810817282,-0.1295832484830549,0.020974301425303033,-0.11951284248990447,-0.1460663092966688,-9.629409151267046
11.0,-0.13612831538873602,0.014925167419758844,-0.14604768890443892,0.018893778569038452,-0.12457371816994377,-0.16190697133559231,-10.43821748584922
12.0,-0.15390662597603852,0.014805273750120751,-0.1616202123222642,0.02405655175258029,-0.13775033456370622,-0.16080649438082759,-11.233130280782598
13.0,-0.17209269663485172,0.014905941902674167,-0.17821001133075368,0.02246487768960293,-0.15428871533676647,-0.17154266056973103,-12.013835836794335
14.0,-0.19054875673879948,0.014257611678085359,-0.18730600822267407,0.018832942193667906,-0.17221244652989112,-0.1847673884832993,-12.781091748232853
15.0,-0.209143679333176,0.01452301729299178,-0.19704306314756037,0.006968643350136201,-0.19071107147397548,-0.20128191551060814,-13.535318849172715
16.0,-0.22784978023272448,0.014797336553260139,-0.20831741819067867,-0.009015947878044949,-0.20944533147564232,-0.21457102672637193,-14.276267177914514
17.0,-0.2458454181406682,0.014707421026508728,-0.21800881779996337,-0.026718168040147646,-0.22827647830367195,-0.22258311365586725,-15.00445026441961
18.0,-0.26386092996561755,0.014931511027948386,-0.2299813975838486,-0.032832106272256384,-0.2471493128831889,-0.23607000131179254,-15.719289365744467
19.0,-0.2821517747508717,0.01466006463494174,-0.23866859125690282,-0.04645339314818535,-0.26603905508086434,-0.25271612281755446,-16.421149454741673
20.0,-0.30068625643800506,0.014994223897685593,-0.250538906832862,-0.057708481036900294,-0.27495842658134206,-0.27068391069849496,-17.109823729223365
21.0,-0.31820761676303183,0.015159978103129686,-0.2647535643722766,-0.06981516997890833,-0.2873463002624414,-0.2891985229080427,-17.78521436572855
22.0,-0.3342871584602168,0.015193096340410746,-0.2805471065148166,-0.08464146035815188,-0.3035164912384321,-0.30793926302433444,-18.44770906351757
23.0,-0.3495422685539285,0.01506922979106805,-0.29631909142708307,-0.10183477246733957,-0.3163952820001142,-0.3267734887010707,-19.09784691640985
24.0,-0.36560262807354066,0.015033258552799515,-0.31309723502886544,-0.11161726051881334,-0.33272451977217227,-0.34564630782912914,-19.734749977404036
25.0,-0.3826497075977399,0.01499513984155674,-0.3305598207892911,-0.11828363244353601,-0.34820758523247725,-0.3580402160005503,-20.35758680812055
26.0,-0.4003665175820588,0.014933274316942835,-0.34797843460782285,-0.13206738258012007,-0.36565638158625163,-0.36894856121415287,-20.965991623827286
27.0,-0.41853320690460744,0.014848000617782976,-0.3650294737329375,-0.1488565866034518,-0.38395666035647913,-0.38445330037454173,-21.559748170898555
28.0,-0.43698736016805667,0.014772145039972233,-0.3818019813612461,-0.16178507336743508,-0.40260954112737246,-0.39059477150290434,-22.13863346082652
29.0,-0.4551534546363482,0.014831539201263243,-0.3991996619921202,-0.17811580386815076,-0.418484469406932,-0.4042208449489842,-22.702830525549636
30.0,-0.4727554014306746,0.01459758724416625,-0.4143509592692512,-0.19271582373683396,-0.4360839340621683,-0.41608638267739323,-23.252897687908806
31.0,-0.49055765723185185,0.014739664383247798,-0.430628462907757,-0.20975991453292345,-0.4500485806148151,-0.4319953856819747,-23.788810635130403
32.0,-0.5087523486641888,0.014718199093161272,-0.44683115136413415,-0.22521796486934903,-0.4614553412088334,-0.44863430855537484,-24.310278532249228
33.0,-0.5272115683147194,0.014785518423319334,-0.46387266114614784,-0.2426381417897875,-0.4771677702531876,-0.4542134346831182,-24.816911864377186
34.0,-0.5458467891107094,0.013666263994027261,-0.4814060021702646,-0.26090566467041126,-0.48445446767389166,-0.46762661371198266,-25.30813193805852
35.0,-0.5645752544060663,0.013609843032937299,-0.4996686895581351,-0.27790096817236104,-0.49800654207981837,-0.4770947146775816,-25.783955714700436
36.0,-0.5833707420845134,0.013767701515767203,-0.5162236849274114,-0.2863505383311329,-0.5122611973781698,-0.4907772340057625,-26.244788511279516
37.0,-0.6022114280253907,0.013172399383024436,-0.5333293792773119,-0.29706950955157674,-0.5257556875963585,-0.5074968813022398,-26.69022834093544
38.0,-0.6187804663113025,0.008754429180264128,-0.5464240446437725,-0.3059331769125556,-0.5423648076334064,-0.5254949190276492,-27.120576227325103
39.0,-0.6352595581814927,0.0035861527188832186,-0.5578069055149409,-0.31903381229539035,-0.5545011616618989,-0.5379616968141426,-27.53605927477604
40.0,-0.6505397700400359,-0.002615122196641043,-0.5700002818990245,-0.33548771475336175,-0.5696347895009678,-0.5536366269925794,-27.93661191775675
41.0,-0.665127861356689,-0.010119240405971761,-0.5832192851400528,-0.34889424923651796,-0.5851912898081199,-0.5702548701759241,-28.321764613653166
42.0,-0.6807137894957043,-0.02075750506528242,-0.5980816041722913,-0.3654066449468653,-0.5975687330869806,-0.5880194049853288,-28.68923352646918
43.0,-0.6931437936973561,-0.025302925787405905,-0.6153225982328373,-0.3803655732645119,-0.61367750244881,-0.6064467428895012,-29.042582096025402
44.0,-0.7050114841545003,-0.03178766523590838,-0.6315049709521136,-0.39310993433839475,-0.631434214617409,-0.6251510599827798,-29.381963325214215
45.0,-0.718486540004537,-0.041073015120686555,-0.6472098121806074,-0.40942465212853124,-0.649858467681004,-0.637453312801282,-29.705186311587823
46.0,-0.7337865361924256,-0.048890320584337066,-0.6637356908486025,-0.41573050080851276,-0.6685579975369957,-0.6535194976657047,-30.011658821408826
47.0,-0.7503467517228077,-0.049062099342956224,-0.6814956861640259,-0.42533571567578077,-0.6873717635484217,-0.6693523656088768,-30.303667714829402
48.0,-0.7677823750516435,-0.043467945726558044,-0.6992855390510797,-0.4399216276361198,-0.7062406759293479,-0.6869519655153012,-30.583471921187368
49.0,-0.7839495832478197,-0.033586532309190564,-0.7145965838540713,-0.4570425454597736,-0.7202565452922226,-0.7002627596255381,-30.854593445945063
50.0,-0.8000689460024422,-0.025457345175796706,-0.7303501346796829,-0.4750755054103681,-0.7370620814606996,-0.7141990459155858,-31.116667321818355
51.0,-0.8135924760693026,-0.02235432707329884,-0.7470499930288398,-0.4884581833492682,-0.7550997383526948,-0.7310008334261527,-31.368407170022298
52.0,-0.8277014374814983,-0.0200511315262205,-0.7573696163434733,-0.497374289806735,-0.7736302293426837,-0.7426251357983279,-31.61082600567288
53.0,-0.8435221814828824,-0.016202358386201897,-0.7654559962654981,-0.5085084061583425,-0.7821766122715125,-0.7572716180238735,-31.84494995802437
54.0,-0.8588453970365107,-0.015356447756048785,-0.7764982266048676,-0.5240477595327889,-0.7920346735928325,-0.7743908072749496,-32.068873758123736
55.0,-0.8726627144980648,-0.02008067916146806,-0.7888742623352415,-0.538786897115758,-0.7984341768381795,-0.7925540791287108,-32.27988144964407
56.0,-0.8853819956092591,-0.029665467612496294,-0.8034801248821337,-0.5510591893001889,-0.8121231344345983,-0.8111495001489977,-32.475064713508054
57.0,-0.899539213061235,-0.0405385952645327,-0.8199301233848674,-0.5591325144452161,-0.8258064835384503,-0.82992366326853,-32.652569977142875
58.0,-0.9153831170174791,-0.05030986029984389,-0.8373075680510029,-0.5735045895870686,-0.8424986233540803,-0.8487716390819693,-32.81184244770367
59.0,-0.9284470025445503,-0.05351667371960999,-0.8537419100340954,-0.5906331896699468,-0.8604843870236762,-0.8676502030408322,-32.95771049809654
60.0,-0.9343895619931805,-0.05403965221361588,-0.8703861109409934,-0.5969204877233343,-0.8749470680158982,-0.8865411861103119,-33.09520239038054
61.0,-0.9410831277251173,-0.052135746192623615,-0.8880126190243683,-0.59567832974981,-0.8919311517664654,-0.9008277400163224,-33.22542341036397
62.0,-0.9517504860056188,-0.05085294655475153,-0.9042069093717722,-0.6062650560625116,-0.9100428684625518,-0.9108083313685555,-33.34666897117138
63.0,-0.9632878157302802,-0.04589660965780939,-0.921692160404466,-0.6218193883517146,-0.9286160251763884,-0.9259339524787144,-33.460119867409574
64.0,-0.973315721628297,-0.036423430144975635,-0.9373552836924685,-0.6393459403072115,-0.9419152913742557,-0.9432713198932364,-33.56994292610954
65.0,-0.9814097357426258,-0.024473756608604194,-0.9537710198376926,-0.6576152496935458,-0.9584106215034832,-0.9601602969182877,-33.67866332149572
66.0,-0.9921960516186581,-0.018887748446567452,-0.9703714932907682,-0.6760943143393205,-0.9763177879550731,-0.9757525102844585,-33.78217954565718
67.0,-1.0040305948061592,-0.01566818900547392,-0.9882810198545392,-0.6901233187160131,-0.9948046899306612,-0.9932425966214122,-33.878504308028376
68.0,-1.0172716813137317,-0.010820071297546512,-1.0067182176246563,-0.7069603539708689,-1.0135304324283478,-1.0059742841481396,-33.968889325207925
69.0,-1.0252324224391436,-0.003298485071314603,-1.0253169391378105,-0.7163567838666537,-1.0281304469868495,-1.0200517476323991,-34.056526513538074
70.0,-1.0245779099507077,0.0028237609150842885,-1.0436000625969102,-0.7311738419883238,-1.0451861355938288,-1.0310900364822144,-34.14110173661542
71.0,-1.0190933299743414,0.006434254498603459,-1.0589924521660323,-0.7453660277245797,-1.0633140493226116,-1.046639554272121,-34.22204980326221
72.0,-1.00929859973901,0.008957766043193508,-1.0754746467807264,-0.7531811406878988,-1.0797830939688775,-1.0594536482500678,-34.29903962560052
73.0,-0.9966279189644971,0.010595580038784046,-1.092784360792961,-0.7674475670898611,-1.0976389574353416,-1.073296929216628,-34.37199469192081
74.0,-0.9923219756188758,0.011427831612806348,-1.1107988714264805,-0.7844584205671178,-1.1117981225811222,-1.0859423639896246,-34.439023750668014
75.0,-0.9962675923500152,0.011386261903318158,-1.1214581358636164,-0.8026394681784963,-1.1286683661783357,-1.0989644549018742,-34.499869906715546
76.0,-1.0057082808507178,0.01139783875694876,-1.1312034521689545,-0.8177698298254971,-1.1467356959306956,-1.1153775299859399,-34.55407930590922
77.0,-1.0170432044011268,0.011721818197470847,-1.139513967469596,-0.8350669296979262,-1.1633407581838626,-1.127707437468378,-34.602849344873064
78.0,-1.0239886979523303,0.012243157699077103,-1.1483015381223598,-0.8532722773899991,-1.1812674726268408,-1.1371320580626636,-34.647523566123894
79.0,-1.0227810574236196,0.012774112740257016,-1.160335441844971,-0.8718571104804733,-1.1997675990311967,-1.1502683377708787,-34.68688696973206
80.0,-1.0151583704215967,0.012750904762623054,-1.171918007427188,-0.8826419121029446,-1.2170514030405266,-1.1667533338466123,-34.720876728023626
81.0,-1.0034645032022573,0.01280864386846767,-1.1844221724049266,-0.8875669500673523,-1.235255369076839,-1.1846541566359994,-34.75087737252081
82.0,-0.9899729349839255,0.012815396144116325,-1.1970575338669078,-0.8955074875696508,-1.2523088360315315,-1.2031411181318914,-34.779945446005115
83.0,-0.9820505315054827,0.012764523599013916,-1.2106158323042775,-0.9082051428098612,-1.2704090772336942,-1.2218705039683138,-34.80825912013849
84.0,-0.9827652743129788,0.012266257988936762,-1.2192202719088747,-0.9210047413308358,-1.2889760507011272,-1.2407000360986904,-34.833009600183075
85.0,-0.9900461291915311,0.012178320025027705,-1.2266885570443529,-0.926101555611679,-1.3006239395139212,-1.2549788964923523,-24.851344902662973
86.0,-0.9994909659950599,0.011812205751131063,-1.2261842510491,-0.933763132531085,-1.3164395417764239,-1.2696581283543484,-14.863252460658195
87.0,-1.0114260081944861,0.011587114375785555,-1.2195755154560557,-0.9256989374355108,-1.3272640369756699,-1.265730466031233,-4.875046278339923
88.0,-1.0230773054358546,0.011947225324946473,-1.212538935411601,-0.9112012997842277,-1.3427394477729193,-1.262600382252028,5.105167438822221
89.0,-1.0346681054628266,0.012013826357234051,-1.2016767813295024,-0.8970404484584813,-1.360221940513979,-1.2502347125357214,5.074030498004401
90.0,-1.0483674289160128,0.01217985806585158,-1.1880901449060381,-0.8909757827642354,-1.3785339110587644,-1.2348038120784428,5.029255781482158
91.0,-1.054972396614936,0.012591911504585752,-1.174879869878633,-0.8874541319117308,-1.392887185068909,-1.2393265943498446,4.974766157195808
92.0,-1.0541379824317443,0.01357042789502907,-1.1719376114403228,-0.8960168238227613,-1.3984910022401427,-1.2400271249661874,4.918722384328389
93.0,-1.0470254184409507,0.01367250173315678,-1.1725708611900554,-0.9107050827620793,-1.411893068409436,-1.2480589760570207,4.866051516770152
94.0,-1.0356335818408144,0.013401544685731135,-1.173840506639545,-0.9171457946184521,-1.4234060372478314,-1.2572992475878677,4.819323456192749
95.0,-1.0298893884901117,0.013395357467107847,-1.1789433984654303,-0.9277207336734056,-1.4391525592215502,-1.266403855446943,4.776797605843105
96.0,-1.021906115112476,0.012829801438419726,-1.1778075946566868,-0.9418091431951529,-1.4533575429795693,-1.2811543847286089,4.737691483014692
97.0,-1.0106685275457998,0.013185417574792779,-1.1812894030896157,-0.9586222261062272,-1.4653411740895756,-1.2983363878735856,4.7044414996507715
98.0,-0.9967479304732288,0.013172885997627157,-1.1865397277851322,-0.9738493178726303,-1.4812968071870098,-1.3164266540311447,4.677994474539425
99.0,-0.981759829197572,0.01274897900910309,-1.1876846933281875,-0.9875175140329612,-1.4978788776872591,-1.3349902670377463,14.655080252334475
100.0,-0.9655644305728218,0.012324194536896711,-1.182268263256179,-0.9983755020223608,-1.5085248683307113,-1.3516066204071118,14.629206356768917
101.0,-0.9555826699417314,0.012191867752351721,-1.1743688293024959,-0.9991767661333902,-1.5239168944524557,-1.3583748124013468,14.598474759344253
102.0,-0.9503751158342378,0.01287458316827423,-1.1726531614875666,-1.0091030724667567,-1.540436584860231,-1.3722547210827603,14.566058917451427
103.0,-0.9524868787702633,0.012891091911211423,-1.1721440308733533,-1.0240646196741394,-1.5583322867715788,-1.3866164834209873,14.535366541871229
104.0,-0.9574963409925603,0.01309960285031773,-1.1754829610422544,-1.0392680382187913,-1.5700794991489375,-1.403598255619866,14.507788455219206
105.0,-0.9592332951144965,0.012966040541265602,-1.1776787396144892,-1.0566394699694162,-1.5859316564035206,-1.4217041092520164,14.482079128253137
106.0,-0.957403731116432,0.012962936209192059,-1.1817986438538763,-1.061137773865647,-1.6009786544541544,-1.440275826042345,14.457934805634414
107.0,-0.9515745482573413,0.01283627267842322,-1.1846676840392254,-1.0639614416528425,-1.618242185129415,-1.4590401398975261,14.434227765557972
108.0,-0.9505693975204327,0.012715282733028478,-1.1864359012436345,-1.074616459332076,-1.6364519273920488,-1.4752882089538257,14.411308410761945
109.0,-0.9540504582150189,0.01249491002122672,-1.18493494702579,-1.0901048676443783,-1.6550715897317692,-1.4922940511436091,24.3888277561946
110.0,-0.9521370030644323,0.012790501824933602,-1.1857376158357278,-1.1017868087655367,-1.673869631071653,-1.5045810881919646,34.36629983619649
111.0,-0.9540781227290241,0.012236870863090518,-1.180491056108006,-1.1037742180203363,-1.6927092553674938,-1.5062759683712443,44.34310575858392
112.0,-0.9590148284810716,0.012099446162752315,-1.1713789380864361,-1.0967123384648105,-1.7115903725550767,-1.496840009390757,44.31754612642664
113.0,-0.966633490173518,0.012147366881265574,-1.158951446529931,-1.0908213199822332,-1.7304813481656058,-1.4832037460221927,44.28614992147016
114.0,-0.9694083808814444,0.013035546796754593,-1.1532612552098462,-1.0935418722170087,-1.746855904149199,-1.4874668806072933,44.25094055688826
115.0,-0.9649806910212659,0.013343040408432639,-1.1510212539865445,-1.099253179142252,-1.7625348967068373,-1.5002966129791104,44.21587183611868
116.0,-0.9563210498177513,0.01370249179859614,-1.1557032161495022,-1.1049679414212625,-1.7703888817812574,-1.516686794742531,44.184572515323936
117.0,-0.9461844497404613,0.01375327593422596,-1.1646643534887595,-1.1183828277583703,-1.7840244631027136,-1.5345493010536615,44.157770195819495
118.0,-0.9351433147785164,0.013422019407166504,-1.1739197238014518,-1.1320592441584734,-1.7963775124409525,-1.5530204120803919,54.13329858407987
119.0,-0.9305803273106881,0.01256213178114744,-1.175177540565992,-1.148825705145997,-1.8069239973577196,-1.571743197293799,64.10775616827588
120.0,-0.9326730731195741,0.012053108840074643,-1.1697171088813636,-1.1584714389510007,-1.8222805259601371,-1.5714312595218491,74.08135389894571
121.0,-0.9405283368053167,0.012224554050759057,-1.1629443307594973,-1.1734128354939275,-1.8379440800266538,-1.5602667401382904,74.05278994339103
122.0,-0.9523183839397001,0.012200512835402263,-1.153114263359003,-1.1863814038174847,-1.855480166619647,-1.546396287839764,74.01876051847209
123.0,-0.9606001272777851,0.012987880176893995,-1.1497244554191188,-1.2026647328061582,-1.8738254035374367,-1.5518266626048993,73.97936791479236
124.0,-0.9648354819354338,0.013197217708583018,-1.1490679084922264,-1.2205329979510557,-1.8924942687836632,-1.5563120155476042,73.93620780126462
125.0,-0.9619634364728433,0.013087514383728993,-1.1482240693799357,-1.2302201012948633,-1.9051825534099878,-1.565395649500483,73.89300089458351
126.0,-0.9534126061345207,0.013505120971116474,-1.1536584591889938,-1.2408873817032335,-1.918731562195962,-1.580171539992113,73.85288984520567
127.0,-0.94631814485624,0.013173367663343892,-1.1581251074194663,-1.253732360904972,-1.9353658073923117,-1.597364965823606,73.81429429406288
128.0,-0.9364041262692218,0.013001073829160123,-1.1618171272721507,-1.263709423715763,-1.953338371240246,-1.6155594014905594,73.77724968115922
129.0,-0.925938520079239,0.013010373321674032,-1.1662744482785419,-1.2788108503849336,-1.9718487928018187,-1.6333597640609472,73.740214426232
130.0,-0.9163209736137577,0.012792831310959275,-1.1688560469793816,-1.296175952449972,-1.9905881879250529,-1.6483857501332442,73.70146040772462
131.0,-0.907396734426419,0.012731352241822062,-1.1708771228003632,-1.3144355982255884,-2.0044334856128234,-1.6618655549048307,73.66003592225478
132.0,-0.9055395526767235,0.012491163938874367,-1.1718019826213883,-1.3232697387998844,-2.0199068436394865,-1.6678153311426915,73.61703835738493
133.0,-0.9098281316465061,0.011805271539081225,-1.1716754731848689,-1.33735437255898,-2.0307803089983567,-1.6813530569040473,73.57209435814742
134.0,-0.9145154383941267,0.011893376394172497,-1.170753502380859,-1.3542784810046837,-2.046274457900603,-1.6980360577308542,73.52491714394185
135.0,-0.9187943227570009,0.012342539443457472,-1.1722894400699797,-1.3686631622166001,-2.0592408865808585,-1.7160196259570604,73.4752964996825
136.0,-0.9164797205766217,0.012830890800630244,-1.177551242665443,-1.3856113170432014,-2.0756191294046453,-1.734540771195047,73.42260784265909
137.0,-0.9140107183785108,0.01280946282596351,-1.183694151283755,-1.40339648666101,-2.0876028490346696,-1.7510290120272418,73.36611770465753
138.0,-0.9117096607489588,0.012648107477213736,-1.1897865935586114,-1.4093524112398774,-2.1005550006356377,-1.768893451645293,73.30683491937664
139.0,-0.9111328298823309,0.012229142475998636,-1.1927223448267035,-1.4229206608581688,-2.1133105516372215,-1.7873644134053575,73.24431313777286
140.0,-0.912508926154568,0.012301960522903435,-1.1958973940743673,-1.4396106376453686,-2.12545273752177,-1.8000146482446984,73.17825948210194
141.0,-0.9102811666577263,0.01250499151999541,-1.199808353434312,-1.4575847956234824,-2.1414957157530043,-1.8120969566327623,73.10843199262044
142.0,-0.9070966515171682,0.01244522364844748,-1.2030168005268513,-1.471839575962552,-2.158352425983383,-1.828105256608388,73.03522834054127
143.0,-0.8993934926677208,0.012121688011353167,-1.199560006072794,-1.48877560266074,-2.173755454917609,-1.845807859773055,72.96035464109076
144.0,-0.8878436640508851,0.012598932480798311,-1.2004431395727528,-1.5023404785756922,-2.1911578468854445,-1.8633176218817626,72.88317614031656
145.0,-0.8794875170108669,0.012860141835877616,-1.2067623293322058,-1.5118701446702691,-2.2035692074767086,-1.8810935814490972,72.80196588252785
146.0,-0.8795445157022,0.01270240115775159,-1.2138419177304804,-1.526860085404011,-2.2190392262783307,-1.8995193690196333,72.71577657760909
147.0,-0.878225832981885,0.012886777587848843,-1.2246165963907627,-1.544097923877139,-2.2365231865841713,-1.9182230223047387,72.62302228123977
148.0,-0.8809445973454813,0.01229134211940153,-1.2306486696355916,-1.557427706838791,-2.2548337598556514,-1.937041843519366,72.52518587701887
149.0,-0.8877480207962243,0.012375437166378874,-1.2397077718211933,-1.5565208555596761,-2.269328055553195,-1.955908314745459,72.42359815043291
150.0,-0.8903642186628631,0.012506669962252864,-1.2490368364932172,-1.567336522565434,-2.286344681522862,-1.97280859003668,72.31637718210068
151.0,-0.8922875652340876,0.011880016841908892,-1.2494804716313384,-1.5830021195690804,-2.2955625679609866,-1.9768184455789541,72.20588322937101
152.0,-0.8889330521819533,0.012209615700174198,-1.251331051240399,-1.6003515298634914,-2.3055091045179474,-1.9896175962079599,72.09236176229246
153.0,-0.8808081734011343,0.012456026994787898,-1.2561084844647186,-1.6150926606001246,-2.3206230143192856,-1.9974965198155958,71.97456863395352
154.0,-0.8758851661000037,0.012132572673900497,-1.2575863352562682,-1.6322867628075317,-2.332482949265967,-2.011786141079103,71.85304297395423
155.0,-0.8710102857874898,0.012294249185263924,-1.2607482342083602,-1.650433697499237,-2.3483836958430833,-2.022526465017748,71.72726034181031
156.0,-0.8728385468401437,0.012358339866076193,-1.26701987818978,-1.6690376295560574,-2.362140920238582,-2.035138318001034,71.59617524780855
157.0,-0.8746017272848899,0.012263077480642409,-1.2740224297789469,-1.6737718285460594,-2.3788604871058094,-2.051175269563292,71.46071805849259
158.0,-0.8758412513181493,0.011969454761359749,-1.2761954637493549,-1.6868882038751092,-2.387267178568535,-2.0688867448597805,71.32207606650005
159.0,-0.8810797767711339,0.011918094248861132,-1.277055779008283,-1.7033906239310788,-2.3942834551180447,-2.0848652111367176,71.18076063273348
160.0,-0.8804373990051813,0.012080146915502929,-1.2775818721067782,-1.7212724856140198,-2.408216150182275,-2.100607035300652,71.03653021891219
161.0,-0.8759218940443323,0.012015252036713811,-1.2760391462005,-1.7397852564330123,-2.4250608281683563,-2.115807470184659,70.8897939208899
162.0,-0.8702354545934572,0.012093141180346509,-1.2747739089012322,-1.7585159875599172,-2.4431092421678176,-2.128103472985278,70.74047864133726
163.0,-0.8623523562780087,0.012529047265604179,-1.2799444829959619,-1.7772796430271967,-2.4616559075449103,-2.1410549180259233,70.58612818188809
164.0,-0.8592711906535387,0.012312216325740827,-1.285680076843095,-1.7962319734726018,-2.4681812918686297,-2.1574398460096775,70.42651716576339
165.0,-0.8573836449531178,0.012338698562336927,-1.293769840032706,-1.8151206355941885,-2.4756369838640793,-2.1704176698514894,70.26091647276762
166.0,-0.8614408873650391,0.011807908016572435,-1.2966200860586297,-1.8341060277365815,-2.4854620004872388,-2.178816514028135,70.09110436179517
167.0,-0.869770699213057,0.01186796432481894,-1.3002013279891638,-1.8517522724675237,-2.4945722054569757,-2.1933123343169454,69.91760751751673
168.0,-0.8747653544785755,0.01162039575422551,-1.298995026568815,-1.857451323250842,-2.5093366653049185,-2.206324424902855,69.74292449944006
169.0,-0.8779232449876462,0.011885940256838397,-1.2989167370677155,-1.8702099880845968,-2.5265205829748285,-2.222721027698601,69.5662101595583
170.0,-0.8745112328275693,0.012151660705248852,-1.301291268110064,-1.8835143431368284,-2.530860429901263,-2.240584208504855,69.3870568988867
171.0,-0.8656210792390503,0.01236977848517519,-1.3072888625760202,-1.9000576031430318,-2.541310305732772,-2.2590554862159884,69.20318457999976
172.0,-0.8531508097044129,0.012380343161068695,-1.315654719830802,-1.9180144685428315,-2.556678649527746,-2.277778150080962,69.01267268072084
173.0,-0.840268833059133,0.012103973497284959,-1.3226179589009994,-1.93657240205507,-2.574120604374015,-2.2941736166052245,68.8153666664825
174.0,-0.8302220123306892,0.011904008927330272,-1.3289867382818004,-1.9509138342216683,-2.5924171668398404,-2.311353182712057,68.61197119750365
175.0,-0.8194580132362117,0.011780433490254684,-1.3334418587326862,-1.9678505887341922,-2.6110714915668387,-2.329529826174271,68.40294901791657
176.0,-0.8172372171706676,0.011913405989850443,-1.3425873063274638,-1.9859220979635308,-2.6288792103310175,-2.348130435711792,68.1872193494073
177.0,-0.8224767461160736,0.010417200051444612,-1.3549383482717279,-1.9965099332603564,-2.6473154258318203,-2.3590444365246315,67.96360281082552
178.0,-0.8324860585859122,0.010356947189608716,-1.3665933768442822,-2.0119574517722962,-2.6545002577567764,-2.3745647559533967,67.73353846918462
179.0,-0.8412952522388799,0.010652729730696413,-1.375302051163783,-2.0294184084714346,-2.666262836684341,-2.392065464828958,67.49801545603603
180.0,-0.8453165116054139,0.01079874450667779,-1.3801313320334094,-2.0417030746002784,-2.6821775071086353,-2.3973497299633038,67.2585640043799
181.0,-0.8504401403575238,0.011274659838640747,-1.3893829009267813,-2.055690372642719,-2.6998361531417503,-2.4073985983338813,67.01342655014663
182.0,-0.8568178346740296,0.010993586433024147,-1.3924314905099417,-2.069914203997614,-2.7182310178038627,-2.4053198614000033,66.76446620065927
183.0,-0.8659280314253797,0.011043131597195851,-1.3935175436664218,-2.085352900909902,-2.7369191474646906,-2.4146101462246055,66.51273685148821
184.0,-0.867162523438658,0.011399520304381253,-1.3961616269389163,-2.102757483587121,-2.7523762018564506,-2.424341590591283,66.25777326788369
185.0,-0.8613506332539587,0.011753249651112189,-1.404047132894901,-2.1199277007473705,-2.765308233223884,-2.437365193217555,65.99749600672246
186.0,-0.8543345328874984,0.011466308390649108,-1.409107399326988,-2.1373390960613907,-2.7816676902196082,-2.45379927234898,65.73229490007499
187.0,-0.8449977105532648,0.011351739706104595,-1.4120961987132554,-2.1535211798855225,-2.793877118375906,-2.471678892808265,65.46345021038357
188.0,-0.8344125269754294,0.01152067294974676,-1.4184920306548905,-2.1635022339805183,-2.8099128156082527,-2.48097219077386,65.18998224234456
189.0,-0.8260518487895638,0.011466904241110227,-1.4258418841317921,-2.1786716463986053,-2.82762942341203,-2.49585149979124,64.91080864502867
190.0,-0.8260306033515672,0.01109553904252281,-1.4294213943370169,-2.1960822249879453,-2.8381945885454196,-2.505626320006932,64.62781012400421
191.0,-0.8256720998144231,0.011311822050151575,-1.4360613943724314,-2.2088558979251967,-2.8525105110066096,-2.5206744546802584,64.34043276551502
192.0,-0.8290512493045775,0.01115871451140565,-1.4414316140148626,-2.2251738983700635,-2.864454325560093,-2.537979890140007,64.04892450098659
193.0,-0.8343025689272163,0.011353507037430943,-1.45106255231904,-2.242976342086551,-2.88039321155345,-2.554863372640086,63.751602669222734
194.0,-0.8401756457503807,0.011370327678475433,-1.4633939612664795,-2.26144629254332,-2.898072167525018,-2.5705866812885,63.4470432914392
195.0,-0.8451298822907789,0.010908852041782597,-1.4684453094448606,-2.2784769731833823,-2.9120993982708865,-2.588133036360047,63.13812842960654
196.0,-0.8454834861920868,0.011069295117754452,-1.4748719764711653,-2.288165803221677,-2.9188382389680356,-2.6064724873245573,62.82559864835515
197.0,-0.8434716784159549,0.010935299286727039,-1.4784257693237493,-2.297993546217933,-2.9326899097227117,-2.6188570276479965,62.51006811509514
198.0,-0.8384542407155617,0.011132612040058335,-1.4847653804127785,-2.313024504584536,-2.9418356305899143,-2.63378253967908,62.190494383324264
199.0,-0.8289497331920752,0.011299454376005028,-1.495239329490969,-2.330335376959577,-2.9520878739998984,-2.6510164536344996,61.8647798625499
200.0,-0.8223384645008638,0.01092567897543152,-1.502364021210586,-2.3366636817691715,-2.9673213036572466,-2.6632470983386383,61.53436265439469
201.0,-0.8231411527139407,0.010896448001896234,-1.511253997713078,-2.3459237267835866,-2.9847019304103015,-2.679288009257788,61.19891648570149
202.0,-0.8205120815978195,0.010997232467287144,-1.5222363675969166,-2.3509221816665042,-3.0029780184895984,-2.6970032765260727,60.85773844914956
203.0,-0.8218812094434975,0.010835666352550302,-1.53295615462511,-2.3640933743317296,-3.0216198316365315,-2.7154133750634886,60.51047418170701
204.0,-0.8272558026259269,0.010800586602428356,-1.5452115337623098,-2.380628787055324,-3.0404142156145557,-2.7266606528169426,60.15663242040027
205.0,-0.8369767114576887,0.0104368734767703,-1.5514053059138755,-2.3971011813273173,-3.059274936115493,-2.7314278084406127,59.7985870079442
206.0,-0.8433211523038505,0.010570223006484393,-1.557836859198598,-2.4089241651964075,-3.077907563414855,-2.7418877576790424,59.43682235199707
207.0,-0.8464568496367367,0.010518954044312105,-1.5619290045287686,-2.420247599848721,-3.096693493944914,-2.7572543183426226,59.07211001115738
208.0,-0.846460248445721,0.010542557272400188,-1.564940942370306,-2.434522024089041,-3.115545658021944,-2.7746923964267234,58.704817453530126
209.0,-0.8430923841288114,0.010555844605942652,-1.5669652802206926,-2.449611067543787,-3.1344263139777455,-2.7929879394707617,58.335279422380815
210.0,-0.8404059831857794,0.010521758637828659,-1.5683696267529594,-2.4605379492360493,-3.153317952560959,-2.8101228496782,57.96393079010785
211.0,-0.8344025566379697,0.0105666407468642,-1.569236121884792,-2.474083253858547,-3.165973158293692,-2.824278613674201,57.5911160461603
212.0,-0.8304449103769954,0.010514457199077985,-1.569552632668675,-2.4887778236486637,-3.182185830088606,-2.8411484336035517,57.216918293425884
213.0,-0.826536906969196,0.010086585442834042,-1.569180144712193,-2.4950064520155966,-3.1944129817587004,-2.858632044109217,56.841853421333305
214.0,-0.8180709879972051,0.01023074740375108,-1.5689397728099546,-2.493787241694303,-3.2074738719169473,-2.871562118198781,56.4661784197349
215.0,-0.8128126804846805,0.01034688464158426,-1.5696319670553698,-2.504463360131366,-3.223907912003903,-2.88571858045175,56.08916872683681
216.0,-0.8090922622522277,0.010401961860455885,-1.5701248777651096,-2.519952182738229,-3.237204578571071,-2.8992515284756117,55.710904770621134
217.0,-0.8099524441516907,0.010396441462940867,-1.5704999430204962,-2.5374542981688015,-3.2448567483040893,-2.907446678351362,55.331794524197825
218.0,-0.8113854333352657,0.010444279688281755,-1.5707204627220326,-2.5448052404996275,-3.259063041816913,-2.914304231408007,54.952024440148286
219.0,-0.8156843772400276,0.01044822312438382,-1.5708627935561086,-2.558921185588566,-3.2760232305260995,-2.9255301883644798,54.57151891549536
220.0,-0.8222424294769729,0.010461667201324153,-1.5709653189603585,-2.5716285702234813,-3.29066429974045,-2.9412110348168934,54.19052094509444
221.0,-0.8261454865886563,0.010527381895412012,-1.5709714764453173,-2.587892198779475,-3.3077453044943628,-2.9587789731830654,53.808889190155774
222.0,-0.8274181370840518,0.010560641610458409,-1.5709972140256026,-2.6033085997054894,-3.325894080542932,-2.9750202162170294,53.4265141506785
223.0,-0.8316780983211095,0.010516500623499752,-1.571089298681946,-2.6095202809669007,-3.3383583555419905,-2.990015097135904,53.043756850416464
224.0,-0.8314080784452447,0.010582254887463186,-1.5710269751362356,-2.623161845223444,-3.3544927603796464,-3.006913128304179,52.66041626081378
225.0,-0.8250040793040203,0.008308030671878804,-1.570902760331901,-2.63839141973978,-3.3722505576998123,-3.0210419570782214,52.27519125412481
226.0,-0.8225181529360305,0.008560858674859787,-1.5711637009489026,-2.655762461733523,-3.390679189621844,-3.0371497556093923,51.88911750365061
227.0,-0.8156592339940756,0.009305576996133835,-1.571094393225479,-2.6711245052414982,-3.409384608513714,-3.0548808017793365,51.502514253739065
228.0,-0.8068212124232552,0.009752921292574074,-1.5710838115053019,-2.688516733680434,-3.4282043231086248,-3.072739125150501,51.11509692694404
229.0,-0.8006091164473612,0.00999252493773749,-1.5711326969650363,-2.7050474062617154,-3.442266146477584,-3.086283599297437,50.7270091397553
230.0,-0.7995798131480446,0.010123398990344742,-1.5711947403944841,-2.7159751089837383,-3.4564302367499393,-3.1002041245517677,50.33851358296424
231.0,-0.8035139901633632,0.010208462209479553,-1.571212120892605,-2.7311341208316815,-3.4711814592417323,-3.113900509562257,49.949946248230965
232.0,-0.8124158306339226,0.010267665387269408,-1.571225610329229,-2.7484889041088976,-3.488330888244478,-3.1146390491066414,49.561584466365076
233.0,-0.8189496894373939,0.01040329847488339,-1.5711778185287943,-2.7527058453468887,-3.5038177819214478,-3.126132343469086,49.173325803663566
234.0,-0.8199620754515203,0.0105060149028032,-1.57110521776158,-2.7565460402061777,-3.5158628668360428,-3.141081173394821,48.78494919067292
235.0,-0.8176963888653389,0.01053335337969968,-1.5710740458158046,-2.7692040995955893,-3.5318038157823706,-3.1583326247181422,48.396232748310425
236.0,-0.8147328910225662,0.010512428718418385,-1.570669921091517,-2.785541432132021,-3.549481585415085,-3.165571649322712,48.00727377930821
237.0,-0.8120550827705295,0.010527671646734217,-1.570816033635167,-2.8033867074077756,-3.563074703690275,-3.1796403013674777,47.61807156137541
238.0,-0.8125842965285829,0.010481532934852891,-1.5709638810384674,-2.8218576327332485,-3.5794033628035735,-3.1965427465812106,47.22878072603649
239.0,-0.8137302856023187,0.010486260079990742,-1.57103084984152,-2.8405807239679284,-3.59723494739611,-3.213482855711654,46.839537211639374
240.0,-0.8110160412704278,0.01053864494277076,-1.5710340446516908,-2.8588879961810796,-3.613392314813975,-3.226041261854406,46.45023575582584
241.0,-0.8105107084076317,0.010396379372902269,-1.5711073434857572,-2.8730460896524743,-3.6311207915705928,-3.233580379449193,46.06081006341146
242.0,-0.8084716597642847,0.010442531837084138,-1.5711168437973289,-2.880104234084232,-3.6495351417089243,-3.247735921955322,45.671087803390506
243.0,-0.8060349158245197,0.010465258685329146,-1.5711277416953435,-2.886728522045138,-3.6650397658295986,-3.264673366098338,45.2810672887164
244.0,-0.8070359267122368,0.010441637682818085,-1.5711752174518887,-2.889841159874447,-3.6765684908926377,-3.2827619875132936,44.89093615114258
245.0,-0.812735218771612,0.010400933622221402,-1.5711983296815826,-2.9022209855534316,-3.6882065095245933,-3.301143200232386,44.50132680366769
246.0,-0.8114463375480804,0.010518163422442143,-1.571099942216802,-2.918435192108477,-3.694748081059332,-3.3135779959975995,44.11214348957941
247.0,-0.8154359504073078,0.01040779678064754,-1.5697506160274404,-2.9244474856675353,-3.7063473594825087,-3.329698466844335,43.72364274743974
248.0,-0.8177021760724902,0.010537274023832454,-1.570126083400259,-2.9308014254702557,-3.7221905732397715,-3.347446604219246,43.33521036815233
249.0,-0.8161321840879517,0.010553763993427995,-1.57042959739171,-2.9410365970181527,-3.7391246005336605,-3.36587030382532,42.94664543761442
250.0,-0.8132384176167569,0.0105480894436381,-1.5706688230216228,-2.9469313417283387,-3.7510627940646235,-3.38457332559003,42.55778952702926
251.0,-0.8099057596715404,0.01052805054231311,-1.5708272767050815,-2.9542685615217747,-3.7664608884310593,-3.4033919098044354,42.168616924994964
252.0,-0.811291240485653,0.01045784955349244,-1.5709863965333049,-2.9632205965891734,-3.781106078033259,-3.4130948313260183,41.77955388310258
253.0,-0.8184697408829363,0.010404528170015595,-1.5710896261141647,-2.976825879754798,-3.798199989560697,-3.4281413101873475,41.391280160527394
254.0,-0.8241460983945901,0.010458683501549049,-1.571083953674132,-2.993524454026803,-3.8153056455087198,-3.4376284827931087,41.00396834068264
255.0,-0.8285737874554918,0.010484055561633203,-1.571097372882874,-3.0115199742381558,-3.8334469077654907,-3.452366783554453,40.617600265759464
256.0,-0.8264274855307764,0.01056272135673242,-1.5710524439086324,-3.0300477965146726,-3.852031671246242,-3.4654067576059036,40.23179584942693
257.0,-0.8229634034391287,0.010548519753089753,-1.5710881017323153,-3.0478700687067395,-3.87080327672886,-3.480378432319642,39.84635772916873
258.0,-0.8166948497868627,0.010561904739534965,-1.5710865794167164,-3.0663079033091774,-3.8865283288747765,-3.486565478222279,39.46116575835954
259.0,-0.8174040490356649,0.010456565563773551,-1.5711909808216828,-3.085017843913551,-3.9040658938424513,-3.488930865919347,39.07675365254687
260.0,-0.822354659390819,0.010434620694443902,-1.57121417120945,-3.103839363918097,-3.9224005957668386,-3.501011423190839,38.69365318185214
261.0,-0.8259424380662207,0.010479467415671871,-1.5711769033788343,-3.122707243808118,-3.9410649325209626,-3.517092690422553,38.31186798837206
262.0,-0.8284287031521578,0.01049909163747945,-1.571162583554422,-3.1415937825303804,-3.9598676237530683,-3.5348274428317703,37.93133493064056
263.0,-0.8289698983196926,0.009404058957149188,-1.5711055793452369,-3.157884206681759,-3.9782415001279365,-3.549950891809129,37.55147730924552
264.0,-0.8278817460046795,0.009585582247798945,-1.5711664950995436,-3.1756436630897182,-3.992277355439563,-3.5672333278152446,37.17259565707471
265.0,-0.8267372337250014,0.009902565093182719,-1.571162445983907,-3.1940826372489424,-4.007109891075753,-3.5854631040238876,36.79484225434704
266.0,-0.8312437534347228,0.010052043175662197,-1.5712144712494278,-3.2127905486142834,-4.023117046462515,-3.6025956924327724,36.41875462765744
267.0,-0.8310311685797727,0.0102721385786213,-1.5711366471577002,-3.2316141387227844,-4.040796460063499,-3.6178451081284777,36.04401607566834
268.0,-0.8274254980681512,0.010386381013023076,-1.5711157571563867,-3.2504808532607607,-4.059193323477621,-3.6351858309913236,35.67022640105534
269.0,-0.8303417138653517,0.010356493991775479,-1.5711975058498604,-3.2693619979294284,-4.071527365534995,-3.653439947481358,35.29806580368724
270.0,-0.8297722827428827,0.010477821635981386,-1.571136328339782,-3.2808641513827292,-4.08760169090944,-3.6592863742799877,34.926736193095536
271.0,-0.8265463667191074,0.01050068690890024,-1.5711194878667392,-3.2966195744368565,-4.105334201426126,-3.6725961755727377,34.556180137205374
272.0,-0.8280956869417573,0.010445833272766202,-1.5711798978126104,-3.3142212883484796,-4.1211075766022,-3.689182190555313,34.18707698502854
273.0,-0.8354108166055356,0.010391019494763098,-1.570387483698479,-3.332585963712371,-4.13192529208784,-3.7071254628779204,33.820519074026016
274.0,-0.8422826332654323,0.010506960669640963,-1.57058958908402,-3.3440022785456516,-4.146003398127089,-3.723946441102361,33.45569506665902
275.0,-0.8442812090989771,0.010565854943014104,-1.5707232452815942,-3.354017973080798,-4.159471210163941,-3.7419581828460275,33.091922914749674
276.0,-0.8395291471717458,0.010599900580061338,-1.5708010597814526,-3.369146938957813,-4.176067682523873,-3.7586635120581793,32.72884265689048
277.0,-0.8332355333498612,0.010585950700109235,-1.5709068678971057,-3.383104268938774,-4.183881556699009,-3.7766250169592395,32.366159598208725
278.0,-0.8296872293277061,0.010522657489693672,-1.5710134232370985,-3.399897578126749,-4.19784754025627,-3.7901975426119487,32.00437900193699
279.0,-0.8306145240351043,0.010483025182977446,-1.5710938920986908,-3.4151641346460266,-4.214704236552458,-3.8068107281821812,31.643965690553387
280.0,-0.8373976329404892,0.01045696100432984,-1.5711529300165912,-3.4256458580628366,-4.232760040494006,-3.824763090385791,31.285290522795187
281.0,-0.8451840167236556,0.010467823704020947,-1.5711418081181274,-3.4409828864044325,-4.247774339111813,-3.8419264234953197,30.929040629657266
282.0,-0.8502820619490232,0.01054519053305458,-1.571101880648847,-3.4487402834898924,-4.2650065459926205,-3.8484513435041,30.574205901193835
283.0,-0.8507381171631763,0.010110924673044232,-1.5710524765219072,-3.4630022672954484,-4.28151666146425,-3.862239350453427,30.22069874988189
284.0,-0.8518534181167898,0.01011199840590675,-1.5711040147493607,-3.471196983874736,-4.2952480437572325,-3.87902621960464,29.868076027745726
285.0,-0.8498078019780239,0.01027079393351758,-1.5710786291189824,-3.4827840714173943,-4.311937848835934,-3.897052615385884,29.516284527498293
286.0,-0.846815173663207,0.01034306931062867,-1.5705314235793018,-3.4977690523909666,-4.329925997373627,-3.9155914543431334,29.165610333486296
287.0,-0.8465904330996915,0.01039976337963029,-1.5707337953840146,-3.515037307119383,-4.343524804179096,-3.9317321964381344,28.8165268201144
288.0,-0.8431835798551119,0.009373688871993151,-1.5707892402686514,-3.533276568330873,-4.358987760129014,-3.9494468006541092,28.468557656486265
289.0,-0.8460987900969078,0.00952280647282686,-1.5710095320996842,-3.5455284599750545,-4.376014911052589,-3.967855650493826,28.12211379261701
290.0,-0.8507188005149612,0.009876302512299805,-1.5710405824379923,-3.5563779699119875,-4.394129031940627,-3.986552483898513,27.777463108136278
291.0,-0.8491054311543953,0.010167855291096756,-1.5709971235554736,-3.5714007487810586,-4.408651718937207,-4.005368498806345,27.434158411059467
292.0,-0.8510034963780067,0.010253596988455122,-1.5710724599915995,-3.588300960591888,-4.424603923175848,-4.010120380600282,27.092820503321775
293.0,-0.8551590530631267,0.010341556805016944,-1.5710927062187101,-3.6063717365514574,-4.442264502538834,-4.023223319110318,26.754011363081023
294.0,-0.8544102608932138,0.01047555539745551,-1.571039906850135,-3.6249359774928624,-4.455173323454277,-4.0332554737078015,26.417131816427982
295.0,-0.8532686315248695,0.010539069094477724,-1.571050749642637,-3.6332274968408824,-4.471241888115147,-4.0483925077181055,26.080865102971174
296.0,-0.8555637179861522,0.010510046397278691,-1.5709483643646436,-3.6409920018010533,-4.482837937904975,-4.065734351703343,25.745740248698162
297.0,-0.8541736154305438,0.010063858383700101,-1.5709359536402576,-3.6552267734979966,-4.498609490176869,-4.080103906494642,25.4117793343731
298.0,-0.85715234660847,0.010090436686157934,-1.5710546227860773,-3.672184649776462,-4.515455763365916,-4.097064684743463,25.080024479404162
299.0,-0.8645312011265383,0.010237507125662631,-1.5710865958064157,-3.6854320322606378,-4.533492468657643,-4.1009888434451085,24.750937160669015
300.0,-0.8736616116175276,0.010340095412508505,-1.5710864211675923,-3.7019092585867837,-4.541729001710141,-4.113754324727013,24.425346123399553
301.0,-0.8792533155360344,0.01048232967121969,-1.5710341019535399,-3.715059742023485,-4.543595302873412,-4.130119812632699,24.10239477681026
302.0,-0.8825606651613999,0.010536590337174525,-1.5710242880259435,-3.729463714711668,-4.554875446466095,-4.147972109800277,23.781678930621354
303.0,-0.8835461532693822,0.010588646652098426,-1.5710115461629786,-3.741235188249032,-4.566144790565316,-4.1648052918886185,23.4625014028526
304.0,-0.8806961220922376,0.010614782145106205,-1.570995516017647,-3.757095161566288,-4.580971031499919,-4.182822909387525,23.144620682612288
305.0,-0.8773771913206204,0.010640734541936753,-1.5710060706824018,-3.763307744630579,-4.5943860671766865,-4.201357384223442,22.82676171358051
306.0,-0.8735304715566871,0.010605683571647675,-1.571023297088462,-3.7769563362616854,-4.610954013775296,-4.217550022767863,22.50957567404776
307.0,-0.867312596600744,0.0106205293873949,-1.571011375694835,-3.793696511286933,-4.628888815261218,-4.229034577816596,22.192943631673515
308.0,-0.8595104720335616,0.010639067798422839,-1.5710066197708774,-3.8087400835471623,-4.645912266703438,-4.244763057146453,21.87624335344739
309.0,-0.8553190016438824,0.010584470540726258,-1.571055799473542,-3.8259816209623048,-4.657577179641009,-4.2524299982514036,21.56044458514368
310.0,-0.858499990136462,0.010523530008309313,-1.5711121280111824,-3.844192047707683,-4.671710838079287,-4.25374669768242,21.24720596405763
311.0,-0.8671525459257002,0.010515983794124004,-1.571119100700306,-3.862810536831653,-4.688609296233945,-4.26542590509301,20.93780526379575
312.0,-0.8768475187654403,0.01056984780801293,-1.5710764730949345,-3.878550964984971,-4.706678305141198,-4.281342126540748,20.632173056729847
313.0,-0.8885374526699437,0.010602606386252244,-1.5710555652000788,-3.887860563546758,-4.725235762686418,-4.295333408430408,20.329880153181602
314.0,-0.8935265614380573,0.010683836465933102,-1.5709712400532767,-3.8991875113616508,-4.743986774817029,-4.312141238519536,20.029827112231807
315.0,-0.8941671113515025,0.010690972508419173,-1.5709553523347644,-3.914888804820397,-4.753342058514122,-4.330174680219817,19.73176616047156
316.0,-0.8899148482312672,0.010729187744473189,-1.570926219064369,-3.9288610675748155,-4.768251475920037,-4.347799880686274,19.434328055348296
317.0,-0.8810723868753466,0.010736012372242877,-1.5709151610093797,-3.9456552854984284,-4.785504001705122,-4.357838514804448,19.136641413894477
318.0,-0.8687762609004495,0.010740122542100933,-1.570911975375806,-3.9636829078705995,-4.803724828177804,-4.373008866316037,18.83779265648712
319.0,-0.8590988989812459,0.010684115891358694,-1.5709653534204888,-3.98220814935765,-4.816300436539127,-4.390365308402947,18.538348090048377
320.0,-0.8549822234894942,0.010635983396868587,-1.5710154935177327,-3.9977310193449336,-4.831410088920213,-4.408627135693633,18.239172012613654
321.0,-0.8583486536986006,0.010587730333622801,-1.571060952269497,-4.010359780008107,-4.848725311470372,-4.423939308438157,17.941775807641296
322.0,-0.8646060384291965,0.010587455107624034,-1.5710495343553654,-4.026589729569798,-4.8630182815506195,-4.439581983165301,17.64758491559405
323.0,-0.8679701590490217,0.010651343838498134,-1.570989313448333,-4.044397769627844,-4.878278722836011,-4.450090494594783,17.35609248079021
324.0,-0.8756563582491819,0.010618733680993328,-1.5710188912969834,-4.062828654651406,-4.889005550622056,-4.465432051585925,17.068584855978784
325.0,-0.8865092030209191,0.010648787000580962,-1.5710002362672535,-4.074608073286474,-4.904428936074525,-4.4811261934436315,16.78496322765737
326.0,-0.8886679267144384,0.010748094928329106,-1.5708994154253422,-4.090486243780423,-4.921882070092333,-4.498193894235712,16.503482667803393
327.0,-0.8852969356961223,0.010723178385406807,-1.5690311599539042,-4.108122587493485,-4.9401902169858225,-4.516327516431179,16.223087013141356
328.0,-0.8768394852702652,0.010841728041283357,-1.5695627235784038,-4.125752777230429,-4.958845586319671,-4.5349104160610985,15.94175034168788
329.0,-0.8760841294226742,0.010715541474815043,-1.5700950854439393,-4.141076350497502,-4.976944750430491,-4.542655698842816,15.66105911560225
330.0,-0.8810406872754739,0.010672745072994837,-1.5704086838726752,-4.154030364577792,-4.9866260369904145,-4.555015289779416,15.382897005057222
331.0,-0.8894264202983764,0.010676878327419396,-1.5705926426398007,-4.162037346670514,-5.001657314353035,-4.567809356156393,15.107472547401489
332.0,-0.8975079500917346,0.010682871826058454,-1.570697472886788,-4.176381638400543,-5.017267458354246,-4.575730637340873,14.835484621074407
333.0,-0.9044175610559589,0.010711151737477042,-1.5707542974251463,-4.191991964164843,-5.0347789889375365,-4.590037485859426,14.566698243400255
334.0,-0.90412275558868,0.010788014346945955,-1.5707392150400363,-4.20951730112631,-5.0472820292343545,-4.607037192351421,14.299607891874212
335.0,-0.9000225823711604,0.01080146647889736,-1.5707667677474535,-4.227836275035778,-5.059908688846244,-4.624012457552049,14.033068311522333
336.0,-0.8955382218689928,0.010783380683899583,-1.570809336356203,-4.246485568129115,-5.067752121446988,-4.642097300900175,13.767122129617366
337.0,-0.886734187642037,0.010821775049821854,-1.5707918212109564,-4.265287545046894,-5.082023520674706,-4.655528644607804,13.500099207482842
338.0,-0.8807754350554694,0.010767836736452539,-1.570853602361662,-4.284123515189607,-5.093042783396094,-4.664978531767328,13.232763006221731
339.0,-0.8778864418743032,0.010743763551295206,-1.5708824764287468,-4.302742769786933,-5.108582840126786,-4.679890005101521,12.965782789890879
340.0,-0.8788994348792073,0.010749465919586441,-1.5708925426965967,-4.309792161317844,-5.123727062813822,-4.697138954827861,12.699044326124712
341.0,-0.8803378522331171,0.010738337825016896,-1.570892610770496,-4.323788924631481,-5.141031418563151,-4.7153562575937515,12.433383322359266
342.0,-0.88394812973392,0.010731210462359387,-1.5708997524924768,-4.3382397161364645,-5.158372667785872,-4.733974021477528,12.169557032802668
343.0,-0.88935342120888,0.010730788936746536,-1.5708975619311727,-4.355258704592575,-5.17661215867983,-4.740672064984505,11.908432490131652
344.0,-0.8983808451999542,0.010168268489566461,-1.5708888308651456,-4.37338034044954,-5.194774426875344,-4.748313512771126,11.651301960700133
345.0,-0.905876983052848,0.010314124111673888,-1.5708675433417365,-4.389755416881759,-5.204490926710529,-4.75644994787561,11.398137038760579
346.0,-0.9126138099912509,0.010493108674046677,-1.570844983124707,-4.40756878314067,-5.219540498269989,-4.77080662819122,11.148464403254167
347.0,-0.9128630014586735,0.010689913202170694,-1.57076433744184,-4.419348438191988,-5.236844240409974,-4.78782588087067,10.899316157522968
348.0,-0.91150262353514,0.010762090351099131,-1.5707655131679432,-4.4216819768883715,-5.2507954081649375,-4.805948315612252,10.649041234671712
349.0,-0.9074453528684937,0.010802397851962046,-1.570763983915627,-4.424437967674771,-5.267125909086927,-4.824526779154071,10.396551736439122
350.0,-0.9039346481937658,0.01077037730643678,-1.570809611749133,-4.4366357412989865,-5.284960347139917,-4.84329382407835,10.142855650089073
351.0,-0.9020226073515325,0.01076200946361352,-1.5708319762659562,-4.452774670315921,-5.303420033110903,-4.8621388666702625,9.888894782038163
352.0,-0.9065229292839838,0.010731480270392524,-1.570874398459959,-4.465177415018208,-5.322142250402431,-4.881016112993961,9.636447935007169
353.0,-0.9077944038997766,0.010804800122304937,-1.5708127404916346,-4.478785728445176,-5.340957927093409,-4.899906602426979,9.384667392535365
354.0,-0.9099335777221259,0.006857045378655632,-1.5706895403501664,-4.4850409298527705,-5.35566231847783,-4.918802628096994,9.132823588926486
355.0,-0.9104500691011027,0.007505956573151951,-1.570887880867812,-4.491162360638944,-5.372758460374027,-4.9377009699803365,8.880516834742979
356.0,-0.9063173132345064,0.00869214338840037,-1.570817579446185,-4.504755593920184,-5.384917614168153,-4.9526024586960276,8.627390794386882
357.0,-0.9029733189993614,0.009344527726077249,-1.5679438937679182,-4.521445498015498,-5.393852821397385,-4.956430703880693,8.374726993556255
358.0,-0.9061932120201643,0.009885078515815443,-1.5675222281929753,-4.539439349828076,-5.40326858031048,-4.969145239316731,8.124547935321381
359.0,-0.9127917435188502,0.008236631470144801,-1.5685133653053012,-4.556266099041773,-5.4181539099964136,-4.977030750289137,7.877093966038708
360.0,-0.9167193299497045,0.00879747351601656,-1.5693182015135965,-4.56989367765252,-5.426664001447701,-4.988851784582382,7.631845027504658
361.0,-0.9248186055612045,0.009464624154093474,-1.5698347996965336,-4.586531397463394,-5.438516644129814,-5.004781641672023,7.390364433952457
362.0,-0.9303258800595501,0.009995639499294657,-1.5700979442040373,-4.6020998951774645,-5.451960102466159,-5.0224526047774125,7.15161530904121
363.0,-0.929855136852202,0.010359166844699447,-1.5702613365245512,-4.61957876781649,-5.466832591175947,-5.040844458141974,6.913411064451811
364.0,-0.9272489699215217,0.010559566765306052,-1.5704063999592495,-4.635767236361527,-5.472140784817,-5.059534368702176,6.6754639478810205
365.0,-0.9207703557322799,0.010685867098930909,-1.5695552069944132,-4.6535076950807905,-5.47939936589261,-5.078347471813715,6.436481851821556
366.0,-0.9101709071607544,0.010840245504722757,-1.5698809194982353,-4.671931767950205,-5.493398159707935,-5.097211503891405,6.19390606199674
367.0,-0.9061376323034274,0.010788993518386365,-1.5702297397050942,-4.690598931329752,-5.5097895174233935,-5.113489290847994,5.949762398164015
368.0,-0.9042492603253449,0.010823979647456284,-1.5703963902851015,-4.705611427241763,-5.525605730404489,-5.131260654302448,5.704778482522992
369.0,-0.902425623388223,0.010852029269152411,-1.5705043344913325,-4.722833907708372,-5.54319618059687,-5.1429548711652355,5.459007115921003
370.0,-0.9064704761248168,0.010815150380990136,-1.5706264235867389,-4.74102584501569,-5.561560886180803,-5.158775962816191,5.214769961411182
371.0,-0.910236941306563,0.01086947079051803,-1.5706343477986895,-4.758440182476667,-5.580232116136811,-5.176400439205728,4.972044866518932
372.0,-0.9161939444599463,0.010874548541313861,-1.5706688642675044,-4.773014246081785,-5.591476003315264,-5.1947730074908165,4.732070333262893
373.0,-0.9149995439738066,0.010972717931234149,-1.5706055769454772,-4.790079433078897,-5.601811464173819,-5.213454915801528,4.492398523433094
374.0,-0.913145417089819,0.01096120439054029,-1.5706353349462274,-4.807940549743032,-5.617090797407417,-5.2286683669145635,4.2520812985687675
375.0,-0.9062616531930854,0.011012760680505624,-1.5705987333174827,-4.82641592064048,-5.63406218426245,-5.245796776598078,4.008916783166362
376.0,-0.9005599641196297,0.010985843863794238,-1.5706304411148206,-4.836668317388265,-5.644212797939636,-5.261205124673082,3.76306738566168
377.0,-0.8997420527084203,0.01092645570872499,-1.5706894651601664,-4.847097225499168,-5.65098411628126,-5.273672956225348,3.5169364491255477
378.0,-0.905355426037057,0.010874257473030767,-1.5707395694395947,-4.862411963215503,-5.664822636171528,-5.289828214162214,3.2731143257925313
379.0,-0.9106945475790276,0.010937499596532894,-1.570679092377509,-4.863944758892208,-5.6779160855950055,-5.302561119037539,3.0305993854677964
380.0,-0.9148759665747414,0.010947567068634227,-1.5706767892646791,-4.875734132150092,-5.694356057624693,-5.318825482589642,2.78933283612516
381.0,-0.920287210146506,0.010940333766202228,-1.5706843492984879,-4.891700155879116,-5.712241424361149,-5.336633645902341,2.550010915746874
382.0,-0.9192433994747732,0.011036785268220719,-1.5705925544562158,-4.897431935253228,-5.730714559913664,-5.353285834805299,2.309131467537761
383.0,-0.9178820769299967,0.011000701948846711,-1.5706317101886342,-4.91086297247677,-5.745025600344548,-5.371093530906291,2.0672909249085114
384.0,-0.9113907818413003,0.011048659936165547,-1.5705870809848594,-4.927182829315465,-5.761947741959912,-5.387870342718055,1.8223917444766755
385.0,-0.9097009141426523,0.010976734384631105,-1.5706505032622669,-4.937761275912314,-5.7778016230274325,-5.405863967772234,1.5758583779316675
386.0,-0.9135743414510528,0.010925851244375062,-1.5706873025719066,-4.952587946148548,-5.786598696804972,-5.423633034366755,1.3312367203716253
387.0,-0.9159280516768532,0.010974250850104844,-1.5706449806737481,-4.969815052254762,-5.797654637583963,-5.439212444493548,1.0880690511290725
388.0,-0.9154284595214909,0.011014351053663737,-1.5706098947380298,-4.987243929645123,-5.812589417541288,-5.456690825023836,0.8446967094080085
389.0,-0.9122290730265797,0.01103866320732972,-1.5705890814805417,-5.005516685174759,-5.825423777560868,-5.470481777197562,0.6001074198893541
390.0,-0.9073787508733722,0.011048171706069362,-1.5705794697532962,-5.022682927276403,-5.841743632079228,-5.487192408060408,0.3530715483435687
391.0,-0.9086720947813497,0.010972110502680835,-1.5706492292410876,-5.040818559317991,-5.858615437575463,-5.50518520979523,0.10616649800486638
392.0,-0.9088129534256814,0.011014316706853551,-1.57060688959542,-5.057492093721965,-5.873650542672266,-5.5210730811078665,-0.14079298590771538
393.0,-0.9040600476667456,0.01107363691867393,-1.5705504791080889,-5.069052631642026,-5.882097309355613,-5.535764497303147,-0.38977956888604237
394.0,-0.8974749402062583,0.011078064856493737,-1.5705461038858872,-5.075376006720427,-5.896630101146317,-5.5528735376793685,-0.6427268252569931
395.0,-0.8937453686426489,0.011027572185018535,-1.5706011491679925,-5.089023035096215,-5.913534748605122,-5.5702771606310755,-0.8981804921988727
396.0,-0.8934675833108487,0.010998074372782966,-1.570628149018645,-5.105759728808216,-5.927084195771662,-5.588545664808993,-1.153956981200809
397.0,-0.8992664986047779,0.010956941076301994,-1.5706622906677226,-5.123762415839087,-5.943697569471148,-5.607184248001219,-1.4074101638074663
398.0,-0.8983823698497617,0.011071727055117858,-1.5705554092358571,-5.14231683348287,-5.951119222951033,-5.625976154120312,-1.6604256788780924
399.0,-0.8963435830129063,0.011072019867703266,-1.5705535574950638,-5.159238569609386,-5.965262534666623,-5.644831400695586,-1.914509907764092
400.0,-0.890935161398021,0.011106972163334871,-1.5705213810769856,-5.177290490921639,-5.98219626196481,-5.663712850563132,-2.1713738108274576
401.0,-0.8885860128764045,0.011056527790979792,-1.5705683402805093,-5.195821531362678,-5.990496388063702,-5.682605137805439,-2.42902526842645
402.0,-0.8871376456724419,0.011059377474420772,-1.5705619956829935,-5.2145743795458595,-6.00497767713338,-5.701501914844472,-2.687402217399667
403.0,-0.8917821167555416,0.01100343178352962,-1.5706087917757316,-5.231469157264859,-6.022057120182875,-5.712324738306228,-2.944083710874403
404.0,-0.8967940208459765,0.011039907891706939,-1.5705752438929246,-5.2495162385318785,-6.036058394286234,-5.727811390367487,-3.1983369893924336
405.0,-0.9002732876224921,0.011076228311350574,-1.5705386444510523,-5.265134240523621,-6.051786810481172,-5.745298308707465,-3.4511568000131785
406.0,-0.9048058840271355,0.01107257034660642,-1.5705442271514352,-5.281875331034844,-6.06936036974772,-5.763614041027883,-3.7022159686850067
407.0,-0.903945775173963,0.011144898855892527,-1.5704791076296782,-5.299881313768462,-6.0877081564144175,-5.782272496255056,-3.953841888181122
408.0,-0.9014921306519548,0.011139667091136696,-1.570479849992858,-5.3137657876348765,-6.101585316531418,-5.795303460205805,-4.206867140302738
409.0,-0.8955808012889606,0.011164715052185092,-1.570452940481948,-5.3234687554228035,-6.118326754296809,-5.81167854308371,-4.463342902073466
410.0,-0.8901562225039703,0.011138950108447973,-1.5704886659351454,-5.338461055073659,-6.136338368905262,-5.823186952950652,-4.722970049634064
411.0,-0.8897733774631994,0.011077932855550294,-1.5705454963538357,-5.3557435656281225,-6.15381146384192,-5.838925678247714,-4.983203423895921
412.0,-0.8924702548740865,0.011067110863542525,-1.5705526267607681,-5.3739811650323315,-6.166281337981779,-5.856515970805107,-5.241990697046899
413.0,-0.8964838501092571,0.01107856649533997,-1.570538971673584,-5.392608648564283,-6.178732288362972,-5.872829539148928,-5.498589828412885
414.0,-0.8968218507386738,0.011140096672870333,-1.570480250655088,-5.411400892217038,-6.19490167136359,-5.890625345088002,-5.754865851568266
415.0,-0.896329224873935,0.011142840263046646,-1.5704774111787527,-5.430244791799762,-6.212676206895881,-5.902820489912021,-6.011449543265327
416.0,-0.892813867964631,0.011173457587344155,-1.570444934823038,-5.447114056351366,-6.230365562145662,-5.907252027316141,-6.269808995185879
417.0,-0.8916921706364006,0.01113013982666202,-1.570482862016022,-5.461659227115045,-6.245223863595117,-5.9182716118321474,-6.528915752034647
418.0,-0.8961864945890833,0.011081413414759085,-1.5705310036394977,-5.4786929673836795,-6.262394382115018,-5.926980654954339,-6.78606282952231
419.0,-0.8974772669907705,0.011151938435923417,-1.5704668656158622,-5.496837676083585,-6.274734572331236,-5.941584466703515,-7.042103333880751
420.0,-0.8987936312795942,0.011144220980905804,-1.5704682884328252,-5.511174265117011,-6.279734119550138,-5.954362095350534,-7.2969597284253975
421.0,-0.8965903580403369,0.011190499840640319,-1.570427333009627,-5.525381278140582,-6.281786079086227,-5.967896330064065,-7.552033600576268
422.0,-0.8948539751465319,0.011174483940430205,-1.5704487398139506,-5.542284342526279,-6.282631004963064,-5.984528976904154,-7.807054342431987
423.0,-0.8881627423342835,0.011228659298897452,-1.5703942752735947,-5.5582685043165805,-6.2829754531340924,-5.993423943229799,-8.064299367534852
424.0,-0.8771997947211262,0.011246200343660568,-1.5703708141979396,-5.569717803739624,-6.283118248767939,-6.002129923185246,-8.326272387595335
425.0,-0.8656409165759613,0.01122964259474804,-1.5703934378778428,-5.582557641410218,-6.283178961375504,-6.013138085704589,-8.593418419932533
426.0,-0.8586223743126422,0.011167028070562773,-1.570458322593104,-5.598897299109419,-6.283197115569502,-6.021865336023241,-8.863479849460463
427.0,-0.8549128896427158,0.011123610907001756,-1.570474625515068,-5.604739777483129,-6.283204368245947,-6.01758562414451,-9.135225258880089
428.0,-0.8577215081615029,0.011084702769826451,-1.570528192516136,-5.6166605769384,-6.28320543652489,-6.027002634343935,-9.40514979113587
429.0,-0.8660859816660661,0.011062204486922737,-1.5705362368830107,-5.6238709188806615,-6.2832070606151404,-6.0226274873755035,-9.67055213936639
430.0,-0.8725930810265545,0.011151108104195189,-1.5704711975515535,-5.637888083404894,-6.283206728050739,-6.025319368578264,-9.931824787592184
431.0,-0.875742386259946,0.011207461092846007,-1.5704226683900244,-5.65477596326492,-6.283205707707435,-6.023703989819277,-10.19055747904843
432.0,-0.8734705717506274,0.011263227075146579,-1.5703692495995463,-5.672839570129883,-6.283204016811968,-6.020246889830166,-10.44942766062466
433.0,-0.86719443775569,0.011280441454241405,-1.5703506485517256,-5.691387545832008,-6.283203634506757,-6.02118326833111,-10.710591387930332
434.0,-0.863156350698663,0.011220508000919352,-1.5704008253966266,-5.709367506369683,-6.283206634602893,-6.015149439872739,-10.973190420908589
435.0,-0.8641631720508228,0.01115514805940949,-1.570452049221843,-5.725319941841395,-6.283208550489602,-6.0049673998384865,-11.234774210965845
436.0,-0.8707917806233545,0.01112118035281844,-1.570484629902597,-5.742954583844528,-6.283209128053224,-5.98973021950475,-11.492371928884879
437.0,-0.8790368864259129,0.011147646853662103,-1.5704584318515347,-5.761332459586961,-6.283209416233345,-5.9877873673644615,-11.744989583903187
438.0,-0.8808873247626389,0.011249281691882619,-1.5703653231067916,-5.780023861246912,-6.283206965728108,-5.982567698290008,-11.995695016980024
439.0,-0.8769885851339615,0.011262130002004656,-1.570324949902555,-5.784327142397486,-6.283201649023574,-5.969396350640503,-12.248089097023355
440.0,-0.8680407933232628,0.011313332373621594,-1.5703034953057617,-5.7934004156396535,-6.2832064521216235,-5.9528663289950074,-12.504689899630378
441.0,-0.8598968509462501,0.011268861001520294,-1.5703508386425573,-5.802854591743495,-6.283207223523616,-5.934946160194102,-12.765329019451501
442.0,-0.8532626070192841,0.011252467408367698,-1.570379768014626,-5.817760305109161,-6.283208185191708,-5.926374064123762,-13.029061591268016
443.0,-0.8521005459563774,0.011149769604423453,-1.5704427158566903,-5.820555605524824,-6.283206217892509,-5.914722268779535,-13.29352237901412
444.0,-0.8575480655155164,0.011133746522481796,-1.5704854944520128,-5.832836863645107,-6.283208190031399,-5.906273935788507,-13.554926951484674
445.0,-0.8657419985843422,0.011147961945238727,-1.570466028394184,-5.845271391766188,-6.2832104937551,-5.89766027456105,-13.811675065703222
446.0,-0.8723669641236949,0.011212491787125503,-1.5704127588326706,-5.861292700548064,-6.283210245912199,-5.883111000637489,-14.064388054527171
447.0,-0.8806152948454471,0.011190633654702244,-1.570417301384376,-5.873328500648464,-6.2832115449732475,-5.8684700310819755,-14.312507915166924
448.0,-0.8871202613368075,0.011245278240603115,-1.5703766672436856,-5.889291613391272,-6.283210660120065,-5.8513727710902455,-14.556724482030413
449.0,-0.8880219928528597,0.011311230676457118,-1.57031740347353,-5.90698292529645,-6.283209003757711,-5.8369863225606196,-14.79983728849653
450.0,-0.8860908824485799,0.011285087193481475,-1.570318269368375,-5.916178494209459,-6.283210829334464,-5.821874901342995,-15.043685898646341
451.0,-0.8829369588954448,0.011295139561478457,-1.5703276076651254,-5.9301399345319705,-6.283211592572626,-5.804574518034023,-15.288858995830893
452.0,-0.8805969721019268,0.011258594353818267,-1.5703554680042888,-5.942427577373778,-6.283212637780973,-5.786336761240671,-15.535061800111848
453.0,-0.8778759903190891,0.011249617950199187,-1.5703578386757726,-5.952036693108865,-6.2832094226798345,-5.770032269563596,-15.78250095253076
454.0,-0.871954183608133,0.01130335895919057,-1.5703267561740644,-5.966991575248615,-6.283209572452196,-5.752244965919751,-16.03269182515577
455.0,-0.867954849757621,0.011262287289912826,-1.570367686084184,-5.984263561895688,-6.283210335728261,-5.737559751498917,-16.28484413913966
456.0,-0.8654074635701311,0.01124409131984485,-1.5703798204831276,-6.002490420258154,-6.283210703997753,-5.730388604054976,-16.538151595548456
457.0,-0.8693426342720513,0.011169362886363601,-1.5704433414719208,-6.021103722335293,-6.283212072304232,-5.726633153785482,-16.78939280708896
458.0,-0.871595802047362,0.011207430952366938,-1.5703884925203941,-6.034457703537196,-6.283212584595352,-5.713999993304865,-17.03918695527424
459.0,-0.8730639417128031,0.011203505672785144,-1.5703801609641994,-6.040184959674801,-6.283213943067031,-5.702484322533804,-17.288138371310257
460.0,-0.873394775378037,0.011263046319026653,-1.5703575422128828,-6.05361198589103,-6.283213020423078,-5.686718849346199,-17.536753502554816
461.0,-0.8735555923174954,0.011266091736615547,-1.5703577617080244,-6.06878268734872,-6.283213726971164,-5.669116947721154,-17.785191423561525
462.0,-0.8760256484664627,0.011241111751478424,-1.5703821110841947,-6.08604555217438,-6.2832128003974965,-5.662587331593707,-18.03233480716462
463.0,-0.8791799324339769,0.011243945446632368,-1.5703755812113316,-6.104267103279352,-6.283212378042952,-5.64879478144426,-18.277773112085775
464.0,-0.8821031594918277,0.011245542097857109,-1.5703659255964921,-6.121197844173281,-6.283213990604206,-5.642982006574438,-18.521650913550626
465.0,-0.881748657394735,0.011267125770433418,-1.5703310280578135,-6.132845700764999,-6.283211025883097,-5.6295177747877725,-18.765612124638686
466.0,-0.8799736794502355,0.011272558956648714,-1.5703312148794482,-6.143466602773443,-6.2832124227283055,-5.612865315585263,-19.010510099536585
467.0,-0.8769016155629771,0.011301778168193912,-1.5703231212506625,-6.158855333061917,-6.283212348592787,-5.594894508764865,-19.257046082353867
468.0,-0.8713695888456003,0.011267277939721343,-1.5703205620853198,-6.16170193873352,-6.28320765371156,-5.57637878015877,-19.50647425961536
469.0,-0.8633452314584332,0.011316551733265644,-1.5703036780866722,-6.169966792515952,-6.283211745354646,-5.557637502206851,-19.760137490355838
470.0,-0.8618572393118209,0.011228099106865124,-1.5703975457918333,-6.18162034436657,-6.283212744172303,-5.543360319184477,-20.014954913946372
471.0,-0.8640183521532628,0.011168535206197275,-1.5704216412437844,-6.1838020708725745,-6.283210820954145,-5.526449378293256,-20.26874383496746
472.0,-0.870358776797161,0.011160875139531975,-1.5704383794886567,-6.186450246731147,-6.283212699934808,-5.5083736663311775,-20.519302404428874
473.0,-0.8745873085326515,0.011221365285434257,-1.5703793962779187,-6.185189644190997,-6.283211145097097,-5.496360911886573,-20.76747919692984
474.0,-0.8771265623749595,0.01128069708921507,-1.570349765255704,-6.189526523311265,-6.283210220350748,-5.482799248073905,-21.014275909339652
475.0,-0.8828019127882052,0.01124795655325513,-1.5703839386234784,-6.196024587741427,-6.283210400870401,-5.471418268198068,-21.258263989315495
476.0,-0.8888368306288948,0.011266550954506665,-1.570366025885527,-6.204432527290999,-6.2832117556189315,-5.466687487266952,-21.49914768252133
477.0,-0.8952447876938123,0.011240565493158975,-1.5703686162505928,-6.2062700834968565,-6.283212880506224,-5.459900791190439,-21.73673439911726
478.0,-0.9024976637596634,0.011238814140889357,-1.5703691707139134,-6.20592910212162,-6.283213848946047,-5.448795016387926,-21.970584749191527
479.0,-0.9021112132070993,0.011363608796324823,-1.570270345312901,-6.209050103129978,-6.283212594780898,-5.433165512463354,-22.204345593443193
480.0,-0.8952330568704862,0.011352983514346444,-1.570250502368294,-6.199164258912329,-6.2832025926217625,-5.424238455778344,-22.441408009576175
481.0,-0.8918408439843887,0.011269622371696018,-1.5703379073328447,-6.186096761399492,-6.28320069651879,-5.416947295510667,-22.6803142137938
482.0,-0.8844301838211012,0.011350395176627379,-1.57028563447237,-6.176207725008395,-6.283200844261441,-5.407930744853567,-22.922827552719955
483.0,-0.8810100831803309,0.011333052300582567,-1.5703496120372633,-6.181858260875492,-6.2832078370947935,-5.393204039637745,-23.167356871217034
484.0,-0.884726670779037,0.011234579759796644,-1.5704225715883486,-6.188765808190579,-6.283209868965684,-5.382417473658808,-23.410244002605086
485.0,-0.8914513137313693,0.011203964127717883,-1.5704231289068582,-6.190983594722838,-6.283212864699602,-5.36807403057702,-23.649701881119835
486.0,-0.8946847043155518,0.011315900053705672,-1.5703442783123196,-6.202989982557268,-6.283213571095124,-5.356779319799356,-23.887398984385378
487.0,-0.8937476441976372,0.011304972590102973,-1.5703169601788984,-6.2049504241389135,-6.283209679232219,-5.341121457811038,-24.125494190215658
488.0,-0.8895489176331969,0.011293427218185917,-1.5703084614338694,-6.197542815608013,-6.283201690381201,-5.326246706894469,-24.36562746841361
489.0,-0.8869739082730598,0.011327718705371139,-1.5703327923962103,-6.205640092612635,-6.283208505202287,-5.309056529856973,-24.607243963311177
490.0,-0.8897033137136556,0.011212761360071129,-1.5704049628441539,-6.20551662917408,-6.28320744435234,-5.290864815040754,-24.84765619323146
491.0,-0.8926497377946317,0.01127515464520961,-1.5703712814461872,-6.214284658895791,-6.283211419725406,-5.272257560756924,-25.08657014568329
492.0,-0.8961981042785225,0.011278025694807722,-1.5703684456309845,-6.226179640125044,-6.28321329852717,-5.253478687495211,-25.323804722927587
493.0,-0.9019592687186442,0.011209738317372323,-1.5703948467948183,-6.228212212993318,-6.2832106483101295,-5.237749711587559,-25.55819126511622
494.0,-0.9072670507130354,0.011256253952816942,-1.5703650400462872,-6.233608150782332,-6.283210600366441,-5.220213827599538,-25.789867997426743
495.0,-0.910292036325406,0.011290617661210612,-1.5699354604594902,-6.242864510494257,-6.283212935688386,-5.2018792312930175,-26.01992524163304
496.0,-0.9115005621518025,0.011293704303488025,-1.5700496385417941,-6.244112827378848,-6.283210831392713,-5.186876315820319,-26.249370651521684
497.0,-0.9086764959958719,0.011293879109952174,-1.5701187371132586,-6.235200502256489,-6.283202503117449,-5.171510141385117,-26.480035738827667
498.0,-0.904395548490438,0.011301088824758993,-1.570188337734635,-6.224989601593539,-6.283200216360356,-5.154104441444083,-26.71275002640314
499.0,-0.8999711427945379,0.011329314896635127,-1.5702356595255726,-6.222530648740002,-6.283208424812023,-5.148086445698086,-26.947713268490713
500.0,-0.895574297514938,0.011324867840142519,-1.570273291407022,-6.222925940299534,-6.280847809294426,-5.134496078624137,-27.185001429135347
501.0,-0.898075559787022,0.011195773865709427,-1.5703862287646244,-6.216501902814663,-6.282291847315716,-5.117790725828218,-27.421199688458238
502.0,-0.9039401519938294,0.011218395265917558,-1.570392322978382,-6.215183968323997,-6.2828469257341135,-5.108760239487431,-27.65440281438194
503.0,-0.9118798779601885,0.011209868046574832,-1.5703959163722248,-6.210044211278029,-6.283074250437938,-5.093992141831904,-27.883526029916396
504.0,-0.9201916049135764,0.011250574689669602,-1.570372553456932,-6.207411711424406,-6.283168194547461,-5.080429045562296,-28.10836629128556
505.0,-0.9246450587393827,0.011341122699225983,-1.5703106292444455,-6.211941126337564,-6.283198261081613,-5.063797293252096,-28.33083338068826
506.0,-0.9234635222779506,0.011361830580695297,-1.5702726757407317,-6.210798251780543,-6.283204178018722,-5.045836796052495,-28.553711921016248
507.0,-0.9169485404489097,0.011417750760390663,-1.570241528289164,-6.216344355715746,-6.283207920880465,-5.027325169541138,-28.779781690032053
508.0,-0.9121056539932053,0.011350861296459132,-1.5703050702974148,-6.224843654636919,-6.283211634060331,-5.021602551906721,-29.008547628389362
509.0,-0.9146087180862502,0.01119396371939699,-1.5704124995703903,-6.223174846373934,-6.283205117475978,-5.008422777844765,-29.236332106228488
510.0,-0.9209445221401328,0.011194828279497105,-1.5704188317649177,-6.22318157129567,-6.283210609502674,-4.991891747781942,-29.460986016337127
511.0,-0.9273142417494936,0.011267243187515126,-1.5703780150402795,-6.231954951454997,-6.283212606021132,-4.973971178117888,-29.682499095915
512.0,-0.9308438461176615,0.01132976914089689,-1.5703284371608581,-6.246641655661284,-6.283213047439188,-4.959522024936536,-29.902350786461813
513.0,-0.9348535359735614,0.011258052127867846,-1.5703563596177665,-6.25201475630149,-6.283214619269355,-4.944495880167877,-30.12037867140163
514.0,-0.9367434393496901,0.01126883845078407,-1.5703344618299324,-6.25186621799647,-6.283211942741717,-4.927232709146479,-30.337393565058743
515.0,-0.936709730520529,0.011248833003463864,-1.570334310933361,-6.240720038268499,-6.2832034115850375,-4.91296514779578,-30.55420579363061
516.0,-0.9339554703557323,0.011319837349854686,-1.5703054801115404,-6.234947357496188,-6.283209855751405,-4.903124868392869,-30.772172546718718
517.0,-0.9317977341718799,0.011285120944034202,-1.5703364760359804,-6.225592772930582,-6.283202916920713,-4.888054753235886,-30.99112961910741
518.0,-0.9286024176635449,0.011308132874741538,-1.5697208543727486,-6.2240455210820285,-6.283209320867013,-4.876670679260627,-31.211422802708597
519.0,-0.9261694399831666,0.011263326172191812,-1.5683647621858865,-6.223479858645445,-6.283212023713117,-4.86097922749341,-31.43255864757366
520.0,-0.92728874963483,0.011297810843542387,-1.5690075108777677,-6.218491369550996,-6.2832053659433695,-4.84340841276807,-31.653326382399783
521.0,-0.9286664236363034,0.011324519878347778,-1.5694446921885288,-6.222406842674477,-6.277435116644259,-4.825057917729905,-31.873648348951303
522.0,-0.9351906348801247,0.011199538240666489,-1.5698149535528476,-6.216662848547081,-6.280945449740622,-4.815507984492206,-32.0909300272761
523.0,-0.9424502930754041,0.011231698844376095,-1.5699874080499159,-6.211195304948769,-6.282293134375978,-4.805515525192581,-32.304572429032845
524.0,-0.9468473337935165,0.011279006395414008,-1.570075358112589,-6.203109393063783,-6.282847120827479,-4.79038456671646,-32.515878098735854
525.0,-0.9486194964105081,0.011289252829115118,-1.5701469370479517,-6.189266009612728,-6.283074823016197,-4.77304497243793,-32.726120559507635
526.0,-0.9525966545574921,0.011295604662791742,-1.5702343946647592,-6.183751986484299,-6.283169316549365,-4.762140479900783,-32.93447179323568
527.0,-0.9567981510105366,0.01131484527276394,-1.570264832065351,-6.183401948798404,-6.283199564573208,-4.748606372434377,-33.14078285580674
528.0,-0.9593748344691617,0.011327421276674276,-1.5702741870779633,-6.184149876807747,-6.2832088654590725,-4.731960733701486,-33.34581446245613
529.0,-0.9574784550015399,0.010889774959376165,-1.5702372184970865,-6.179792307194585,-6.28320467777465,-4.7154913326558345,-33.55174727910062
530.0,-0.9503190473093323,0.01097673816271556,-1.570255744605476,-6.172018826621373,-6.27386416347174,-4.697621796302367,-33.761000273520594
531.0,-0.9484794814661908,0.011010202802785446,-1.5703573163382405,-6.164944003621123,-6.279410795258577,-4.679148462926182,-33.971249702403604
532.0,-0.9507078743979408,0.011116214058007558,-1.570378401062903,-6.170773923185498,-6.281664702765734,-4.660424833105298,-34.1804903215608
533.0,-0.9528556352653053,0.011189854078479534,-1.5703593439699892,-6.179874738812201,-6.282588788855435,-4.641597870185555,-34.388703767148286
534.0,-0.9531165657436217,0.011216245861873562,-1.5703427087728339,-6.182750360451909,-6.282967440219451,-4.622728180746312,-34.59674809914018
535.0,-0.9541544746941808,0.011245283181612753,-1.570353267389269,-6.191254858679485,-6.283124080937745,-4.610469813973512,-34.804395750417996
536.0,-0.9518058158644749,0.011273585802654274,-1.570319330413883,-6.193725788028834,-6.283187228143369,-4.5979640995139786,-35.013080689680464
537.0,-0.9535838221527136,0.011220309165196585,-1.5703839804658453,-6.197123012892096,-6.28320434638138,-4.590352624702595,-35.22112579848959
538.0,-0.9553097968014748,0.011223014644588762,-1.5703703072833772,-6.193953300863041,-6.2832030121467985,-4.590285224693032,-35.42827431908493
539.0,-0.9581234867796206,0.011261955371704425,-1.5703694301128883,-6.199384017341312,-6.283209543797136,-4.585417251223344,-35.634147195404424
540.0,-0.9613408718025331,0.0112164507780837,-1.5703769200241244,-6.192352525962868,-6.283201884845377,-4.57875085804882,-35.83843372706724
541.0,-0.9592905042424436,0.011326165377271222,-1.5703036723700057,-6.190197102205829,-6.283209660737105,-4.574717870843831,-36.04344950722571
542.0,-0.9627513488089174,0.011227147281516827,-1.5703940315514608,-6.185476387273192,-6.283207336584807,-4.561978755806095,-36.247022518375715
543.0,-0.9634065459500328,0.011296175134123392,-1.5703353792098056,-6.18177778890463,-6.283209956836482,-4.546126847533725,-36.4500840605778
544.0,-0.9650077380263001,0.01130426377704128,-1.5703518182295897,-6.18603900274029,-6.283209899172203,-4.532000553286943,-36.65247268261681
545.0,-0.9705295459381322,0.011216441606014402,-1.5703998702296074,-6.181231528551281,-6.283202370481077,-4.517795227064525,-36.85236807118719
546.0,-0.969295524459885,0.011383619700192549,-1.5702869854111614,-6.190434252950061,-6.2832096950362635,-4.506175977061143,-37.052611867694466
547.0,-0.961871504526505,0.011364025719436854,-1.5702636981449618,-6.187439017280581,-6.2832004798937,-4.490377732141752,-37.256204428278735
548.0,-0.9557019003547627,0.011276749487748348,-1.570327044214064,-6.1751688108482465,-6.28319894263391,-4.4782472226798955,-37.46276058717752
549.0,-0.9572273794150141,0.011230377366392031,-1.5704108701863186,-6.173343668524477,-6.283207072258068,-4.471068454676906,-37.6688236977355
550.0,-0.9568656311170968,0.01129227014049273,-1.5703551042376396,-6.173985044455819,-6.283211657156067,-4.457057323532959,-37.874928863141115
551.0,-0.9594560700548086,0.011250612426354495,-1.570392690314191,-6.17567651740753,-6.283212911281726,-4.452792575431651,-38.07993579252282
552.0,-0.9673304367372348,0.011208883210871656,-1.5704272372067858,-6.179018560690709,-6.283213302777134,-4.441601450028731,-38.281388306728466
553.0,-0.978982734340854,0.011168091134680019,-1.570434133268333,-6.1733655278065624,-6.283204025746011,-4.425916402129873,-38.477446322275625
554.0,-0.9829538327048452,0.011335198449549963,-1.5703042845311703,-6.17362732689697,-6.283209655265389,-4.40834608698733,-38.6713284237702
555.0,-0.9828268566411286,0.011338387620663776,-1.5702926409497502,-6.169029919255518,-6.283204451657249,-4.396940311743551,-38.86514912871689
556.0,-0.9835215214519115,0.011317736169906372,-1.5703248750546832,-6.1679554457128845,-6.283210155722286,-4.3923261798717474,-39.05869654157887
557.0,-0.9786986433134551,0.011369584338143454,-1.5702716358556001,-6.165400633432507,-6.283209801787995,-4.383026389907169,-39.25424207071538
558.0,-0.969319809267783,0.011385901808696178,-1.569959756726798,-6.165395866007255,-6.283212460030209,-4.36815811615447,-39.45395640668756
559.0,-0.9626178099686067,0.011346564043426582,-1.57011321478512,-6.170637903840226,-6.283209980108248,-4.362511412051302,-39.657041414861766
560.0,-0.9626571956732096,0.011203388556603614,-1.570275518662425,-6.165830799514894,-6.283202210029673,-4.359291418216802,-39.860367170532584
561.0,-0.9690808541767412,0.011191302465939572,-1.5703534454242534,-6.169081677272514,-6.28320712573471,-4.358727486262332,-40.06085457052599
562.0,-0.97513872873841,0.01123458896879789,-1.5703358480343037,-6.171819759284659,-6.283211799338568,-4.3580233723065405,-40.25846453506314
563.0,-0.9820944509523942,0.01119457628123094,-1.5703600728722569,-6.162543213759778,-6.2832032542076295,-4.354155540090368,-40.45284038674441
564.0,-0.9883055650459327,0.011305525934145499,-1.570327731271619,-6.169828672866486,-6.283209178992235,-4.34152231413636,-40.64434810540006
565.0,-0.9878890228196597,0.011355282916167065,-1.570266823323357,-6.171954776681313,-6.283212317167471,-4.325214548839244,-40.835844200302255
566.0,-0.983195613024621,0.01136308869404977,-1.5702619314031538,-6.172212243268691,-6.283213859447826,-4.3073861834801885,-41.029389617027654
567.0,-0.9738889781028559,0.011372477845445,-1.570249256238981,-6.168330482721821,-6.283206896838921,-4.299589644363377,-41.22708377166837
568.0,-0.9635152233219471,0.011293152858667499,-1.5675679730806789,-6.177899955244254,-6.283209491782701,-4.293770019489674,-41.42892222617125
569.0,-0.9616032349390033,0.011308572607282111,-1.5684919239244661,-6.181211724230197,-6.283213283305992,-4.290781253766916,-41.63219016491386
570.0,-0.9607808681322978,0.011258665483973192,-1.569119816770721,-6.1774323676506535,-6.283204744025008,-4.290045784116951,-41.836044733763174
571.0,-0.9626617026274756,0.011249849370965043,-1.5695581613349754,-6.1805694528371315,-6.283208179697501,-4.28188702215156,-42.03925936578568
572.0,-0.9659656810731361,0.011258544308510096,-1.5698299947026428,-6.188354628113315,-6.2832116954630335,-4.2736973220247405,-42.241095516583556
573.0,-0.9740076577938083,0.011166192506965418,-1.570062013631409,-6.1855657438300105,-6.283203349736959,-4.272927991487995,-42.43937503870826
574.0,-0.9808611178719187,0.011241355379946246,-1.5701292830663343,-6.1858848165022495,-6.2832101369622535,-4.267270893432051,-42.63441449532835
575.0,-0.9801854399859644,0.011337522282081293,-1.570122648848662,-6.18403501158026,-6.28321034749537,-4.255542850319454,-42.82950101142654
576.0,-0.9769953528526798,0.011329788475624287,-1.5701870058025063,-6.18002742011769,-6.283207858955741,-4.243954193818551,-43.02601194399119
577.0,-0.9778174180480788,0.011266437910800437,-1.5702904108449869,-6.177456130475479,-6.283211263632268,-4.229560308677461,-43.222298354647485
578.0,-0.9759618999201969,0.01132075927787914,-1.5702718320746705,-6.177685619581744,-6.283213176200241,-4.212549198843202,-43.41932096465335
579.0,-0.9792874154551632,0.011269619595824183,-1.5703559474069837,-6.186406796013794,-6.283212937142567,-4.200274390819604,-43.61510123454756
580.0,-0.9874082137959382,0.0111905126790342,-1.5704021165473145,-6.186904464787387,-6.283210237150167,-4.184213263809464,-43.80733064876349
581.0,-0.9888316414349102,0.011353441560447621,-1.5702900286577754,-6.19824232344384,-6.283212434590334,-4.171013026526467,-43.99873119953597
582.0,-0.9871587664522691,0.01131432324834837,-1.5702990575097227,-6.200415155058446,-6.2832104161248825,-4.15618735972543,-44.190891975417266
583.0,-0.9836487518978333,0.01131555257568098,-1.5703021811013698,-6.201607542864179,-6.283213031589359,-4.146846143399575,-44.38462405281718
584.0,-0.9801097872221657,0.011288105222870238,-1.5703262485602878,-6.199659100539445,-6.283210906155864,-4.147563138005198,-44.579981843338004
585.0,-0.981521763493749,0.011191650202938549,-1.5704001615484633,-6.189250196664748,-6.283203391232471,-4.136670455024938,-44.774775592296656
586.0,-0.9821215806663915,0.011264901515995724,-1.5703608439321124,-6.183917823356761,-6.283209794100458,-4.133925508692551,-44.96914075985409
587.0,-0.9828474224054364,0.011247301291427323,-1.5703677131976144,-6.172625087584463,-6.283202839413155,-4.131418261236958,-45.16308561188468
588.0,-0.9808038106396813,0.011348048164763763,-1.5703192334851903,-6.174234854989146,-6.27932470736042,-4.127511083735749,-45.35787285369455
589.0,-0.9819398131597982,0.01125924458353028,-1.5703776968186274,-6.170513069044432,-6.281691008161821,-4.120624448547486,-45.552246949942536
590.0,-0.9799024009640763,0.011339404382668882,-1.5703212516879907,-6.174378097848902,-6.282599686589568,-4.120859817668926,-45.747421701314046
591.0,-0.9790948640352161,0.01127704111770529,-1.5703589158906257,-6.173029302852622,-6.2829724315743585,-4.119485532241453,-45.94304809475278
592.0,-0.9807617845107874,0.01124679037101987,-1.5703832559852116,-6.170878548771832,-6.283126043586387,-4.109815744576795,-46.13796713929927
593.0,-0.9878078143069559,0.0112242173384821,-1.5704204812001656,-6.175818756453226,-6.283189719643816,-4.108022439188942,-46.329868925136914
594.0,-0.9977612072682575,0.011223504903864496,-1.570412710829159,-6.181866933666294,-6.283203501944936,-4.105980159926885,-46.51742064589565
595.0,-0.999438721248326,0.01134600496637982,-1.5702929945879802,-6.187301745070416,-6.283208734597323,-4.094056664593671,-46.703962229813136
596.0,-0.9954452731376492,0.011350355037895348,-1.5702717074557393,-6.1852758979936295,-6.283204887286613,-4.078040984790791,-46.89213076486864
597.0,-0.9919103026069438,0.01129704594757463,-1.5703176110125356,-6.178692481502842,-6.283200333948968,-4.065281370759951,-47.081882886633245
598.0,-0.9878092459812513,0.011359138806434375,-1.5703084823268765,-6.187178795527177,-6.283208256372749,-4.0517806379468855,-47.27351580017486
599.0,-0.9860076973547981,0.011276976150120297,-1.5703581900041135,-6.190551068866458,-6.283212279184764,-4.042661707279079,-47.46612809687401
600.0,-0.989792793950226,0.011201792401458199,-1.5704178198058139,-6.191779155367962,-6.2827860027019025,-4.027880011420947,-47.657243898346735
601.0,-0.9945108957370329,0.011246803300734015,-1.5703897672775726,-6.198647947763853,-6.283056686952225,-4.019139576695359,-47.84629520245442
602.0,-1.0003048521773006,0.011265510701775281,-1.5703807976569089,-6.210639672367949,-6.283160172968521,-4.01140096949299,-48.0329624855504
603.0,-1.008334889387718,0.011240582124344622,-1.5703900776045203,-6.222172339338953,-6.283199177234121,-3.99738878589331,-48.2163940317274
604.0,-1.0145477361574502,0.011228110653784089,-1.570361785693564,-6.220693642655805,-6.28320471210231,-3.9851784219205526,-48.39710420338699
605.0,-1.0130447590843232,0.01131911957828839,-1.5702788130795307,-6.213695965383384,-6.283199962889985,-3.96912366410412,-48.57807599947867
606.0,-1.0058357787036027,0.011345697770343497,-1.570256885393487,-6.200393577600716,-6.283200868841344,-3.955062394265925,-48.76180391815766
607.0,-0.9945917158212106,0.011373084772580781,-1.5702488481553283,-6.185750417867417,-6.28319942670643,-3.9400251157161743,-48.95018308936815
608.0,-0.9832042116650188,0.011397616978538616,-1.5702738242429939,-6.183731114876293,-6.283206168242332,-3.930357138625728,-49.14368389793839
609.0,-0.9803205747401181,0.011255739285505339,-1.570398327990292,-6.18215609617981,-6.28321037951744,-3.9260937668769866,-49.33883109034232
610.0,-0.9849809560540128,0.01120910284391612,-1.570447068001049,-6.18744424500263,-6.283211303952583,-3.9295662911539986,-49.53210350673781
611.0,-0.9934801053342337,0.011218213361207473,-1.5704371966103903,-6.19799041911434,-6.283212835806719,-3.9268307106931055,-49.72173054953483
612.0,-1.0004613316691995,0.011226958551782122,-1.5703902283296962,-6.199192377044195,-6.283209600193592,-3.921852893577715,-49.90820935442708
613.0,-1.0021907101932463,0.011337900630446504,-1.5703121239082922,-6.208101356619933,-6.283212635921164,-3.9176270307837084,-50.093840537815005
614.0,-0.998347089063771,0.011311763909437255,-1.570287967701226,-6.200624318499665,-6.283202193014551,-3.9125274735528723,-50.28094144898829
615.0,-0.9906693901149647,0.011373561212558237,-1.5702673785013093,-6.200527414069437,-6.283208430768719,-3.9108511618691026,-50.47133830619761
616.0,-0.9830965899919544,0.011318884199083707,-1.5703079493188412,-6.19544911185114,-6.283203252910205,-3.90787327836551,-50.665161394840965
617.0,-0.9768568830877933,0.011302438470325821,-1.5703359513798834,-6.193200942835288,-6.283209745672793,-3.90574517122613,-50.8618787885001
618.0,-0.9782168997518849,0.011185404557703208,-1.5704315650260419,-6.186082834300394,-6.283202958464214,-3.9076660885335,-51.05818096364481
619.0,-0.9850100706255047,0.011173192177715976,-1.570448605062849,-6.1802927356919986,-6.283206733877097,-3.9070203325494344,-51.25142838029558
620.0,-0.9950857818303326,0.011213108320992619,-1.5704307733362675,-6.181815493173221,-6.283210362598172,-3.908336696295856,-51.44018789844936
621.0,-1.0046718419910927,0.011230110574346185,-1.5703911526935705,-6.176571183642912,-6.283202811762823,-3.9063833220296464,-51.62462135797187
622.0,-1.0066695162198693,0.011362736788593989,-1.5702866392911021,-6.176153192607631,-6.283210215729549,-3.9036096440702566,-51.80788633689904
623.0,-1.0015166442068129,0.011387295078368736,-1.5702471871287897,-6.1688001369575565,-6.283201521493495,-3.9041357400091146,-51.99314818921751
624.0,-0.9945550177596387,0.011362606255697906,-1.5702747890582875,-6.160028465572094,-6.283199113166219,-3.8932130794810065,-52.18141813881185
625.0,-0.9864459787687608,0.011373373985083623,-1.570285187019144,-6.157282983867071,-6.2832080756174715,-3.8814157379976857,-52.373292727031014
626.0,-0.9853959922609977,0.011217515609314214,-1.5704003187641664,-6.145037471344285,-6.283202473025657,-3.8784337160252624,-52.56587986210875
627.0,-0.9911904509265972,0.011240183836075402,-1.570431703414881,-6.151087929774001,-6.2832080627784235,-3.878927142178227,-52.75602304819955
628.0,-0.992783565085947,0.011279931891608358,-1.570354597036138,-6.148057570649471,-6.283201476974891,-3.8807001358911646,-52.945248038963214
629.0,-0.9975462035052288,0.011244684627339277,-1.5703957507773987,-6.147810386538051,-6.283208846822338,-3.8897544721821484,-53.13248321360113
630.0,-1.0055569435851384,0.011210732236862494,-1.5704097412346234,-6.142914765236487,-6.283204737441808,-3.8867948760013578,-53.31625501507311
631.0,-1.0149501399827188,0.011267251374975317,-1.5703856880551832,-6.148490859160186,-6.283209961548716,-3.8822751539822495,-53.49600856335049
632.0,-1.0160928639200115,0.01132993484942138,-1.5702881600946148,-6.141781834161819,-6.283200763090373,-3.8825429373456153,-53.674960755770904
633.0,-1.0159724411587077,0.011314607767180072,-1.57031252035107,-6.133957217860413,-6.283200208488161,-3.888788170273893,-53.85394455751593
634.0,-1.010343541700786,0.009589546515717787,-1.5701706009867842,-6.14084089310972,-6.2832077582866885,-3.884620113703674,-54.03585515562669
635.0,-1.0030436049889535,0.009755818787427746,-1.5703479189073106,-6.1409605946628,-6.283205003612181,-3.8863222336926047,-54.22096799420232
636.0,-0.9963021062398213,0.010318974847018218,-1.5703428347985702,-6.152115537764636,-6.283210014564145,-3.8838326340388996,-54.40888598136159
637.0,-0.9915463382414751,0.010614569915528135,-1.5703674205735743,-6.159498486533887,-6.28321204533018,-3.8825001843346447,-54.59891425769962
638.0,-0.9940348878699853,0.010700725842435739,-1.5704521851352307,-6.151357502351671,-6.283203195736192,-3.8823416460740416,-54.78795540439067
639.0,-1.0022781508677492,0.01089061262262925,-1.5704548286329885,-6.154100686703157,-6.283208055614287,-3.8783512184758666,-54.97339994377433
640.0,-1.010892420514905,0.011057918342027335,-1.5702855977817236,-6.1639147032376975,-6.2832116150975255,-3.8837780212689963,-55.155038826435046
641.0,-1.0157768418488253,0.011175775501328462,-1.5698386081937694,-6.175198888798669,-6.283213663059166,-3.893038624121589,-55.3344023610256
642.0,-1.0198525459238852,0.011195800353111223,-1.5699982268505321,-6.175523568624797,-6.283207108071973,-3.893493068932106,-55.512097163239055
643.0,-1.0209128216245522,0.011235144303877436,-1.5700883537031929,-6.169119136686852,-6.2832007999786,-3.8882838470468677,-55.689228108467354
644.0,-1.0168541763391161,0.01129970616067471,-1.5701270582937423,-6.159548195520124,-6.2832029340819195,-3.8824715929517315,-55.86783931515725
645.0,-1.0078047279361426,0.011380841297041295,-1.5701471486170944,-6.15760908710554,-6.283209467177246,-3.8761939773996157,-56.05015249734089
646.0,-0.9952961868742783,0.01138565498391285,-1.570182384636231,-6.155097897552409,-6.28321023008361,-3.8661805179124333,-56.23787404378574
647.0,-0.9848410828428132,0.011325129849704503,-1.570267240616401,-6.153133585010462,-6.283212221802767,-3.8570294318496288,-56.43042487371645
648.0,-0.9813795386109385,0.011215036864149862,-1.5703764741503978,-6.147906229536142,-6.283206552584371,-3.842258704011839,-56.624799689727425
649.0,-0.9852831807119385,0.011181538143639693,-1.5704350951860941,-6.1493178901483905,-6.283210277607262,-3.833310512406185,-56.8175992274113
650.0,-0.9944342549372165,0.011178108784449477,-1.5704464436162346,-6.1545407043075055,-6.283210811829608,-3.8286389698310397,-57.00641285974956
651.0,-1.0043591797057623,0.011246356654915465,-1.5704001489458257,-6.167705682676764,-6.283212677362985,-3.829748008232994,-57.190895136272204
652.0,-1.0106584701893282,0.011268858763898113,-1.5703459141229281,-6.17235634398578,-6.283214479842027,-3.8220108605041276,-57.37257484323256
653.0,-1.0131674229194032,0.011307553973850408,-1.5703117564569968,-6.175813353716735,-6.283214758775006,-3.812521237884599,-57.55310678139477
654.0,-1.0089301546958005,0.011347572666485208,-1.5702618217942117,-6.171756179435573,-6.283204091057977,-3.805973504261266,-57.73521602384377
655.0,-1.0050313737821717,0.0113150691954648,-1.5703083451771653,-6.168720768731906,-6.283209720958823,-3.8090147291341743,-57.919050433542786
656.0,-0.9974335005945464,0.011365991189341756,-1.5702762614537156,-6.169506869533181,-6.283212171832558,-3.8097842037806218,-58.10608691679028
657.0,-0.989319443224671,0.011335477031432867,-1.5703046651358286,-6.16979608532676,-6.283213374974995,-3.8136748167324503,-58.296784832950614
658.0,-0.9880427947619271,0.011258829727850384,-1.5703940510512213,-6.177743469719011,-6.283212922519658,-3.8176572089579026,-58.488383555763285
659.0,-0.9909376296473886,0.011232839614068964,-1.5704128246815074,-6.188972826835936,-6.283213552715232,-3.830357525803179,-58.67889482013941
660.0,-0.9952067959049331,0.01123289887829931,-1.5704014146782073,-6.200488502584303,-6.283214232936842,-3.841266610424902,-58.86765836826662
661.0,-0.9984708625187296,0.01122366293974404,-1.5703799084794077,-6.202954939762879,-6.2832120438415355,-3.837317810230176,-59.054980030597775
662.0,-1.0029232980579075,0.011225206189890148,-1.5703848051218199,-6.205167105783473,-6.283213416750377,-3.837294071153239,-59.24041743109701
663.0,-1.004621797884555,0.011236244005525387,-1.5703501280242504,-6.195869993318379,-6.283203418996709,-3.8418469525667955,-59.424898016702414
664.0,-1.003820815937399,0.011297336340592183,-1.5703240255894424,-6.190159415762709,-6.2832084579592244,-3.848353055449401,-59.60956243258776
665.0,-1.0073044039727683,0.011236971113611856,-1.5703855508807445,-6.183659409978872,-6.2832059337383175,-3.8406693385479316,-59.79281015982579
666.0,-1.0090839359728925,0.01129276018562623,-1.570343700498445,-6.179503159164947,-6.283210168921871,-3.8406078796332634,-59.975136946927506
667.0,-1.0068028547416314,0.011319709445991411,-1.570309738642477,-6.170571646921446,-6.283202260473173,-3.8299697602958687,-60.15823881740083
668.0,-1.0060016819954252,0.011288455192260674,-1.5703480443646003,-6.162070442473287,-6.283201543934794,-3.8210683638273704,-60.341694610605124
669.0,-1.000119293001052,0.011344852422484952,-1.5702912380960667,-6.150622658720181,-6.283201726948609,-3.813523762642278,-60.527449891529386
670.0,-0.9994673500224543,0.010701781434001101,-1.5703410059088712,-6.155834090077316,-6.283207590513448,-3.801682827352553,-60.71396416018324
671.0,-1.0009138223748926,0.010741329832574942,-1.570399795518134,-6.1597024720741285,-6.283211710177027,-3.7857423125050778,-60.899926516090304
672.0,-0.9996253131165563,0.010956142652279541,-1.5703514593728798,-6.162168429761704,-6.283213630190939,-3.77917217147491,-61.08628685621429
673.0,-0.9995585298854951,0.011076725316048015,-1.5703638051041489,-6.171922235934947,-6.2832135054585185,-3.7781451747544947,-61.272756889201716
674.0,-1.0004862422033702,0.011108699935343632,-1.5703742029710948,-6.175105264342651,-6.283214406806014,-3.7808083357625506,-61.45886062950171
675.0,-0.9979870748461038,0.011160288345851007,-1.5693005212230238,-6.17627305467298,-6.2832142510811835,-3.7718967869424205,-61.64560393880886
676.0,-0.996934510369755,0.011277094776165205,-1.5696231223635522,-6.187841515992947,-6.283214275274802,-3.764304903537321,-61.833023611056745
677.0,-0.9953767173571577,0.011263891563230294,-1.569862515364739,-6.196116519464702,-6.283212804675982,-3.762681624826648,-62.021307001510856
678.0,-0.9959956296215992,0.01119409432476122,-1.5700640973317006,-6.19398665128789,-6.283204329746542,-3.7586469396184996,-62.20946134842344
679.0,-1.000290975704092,0.011148283745008597,-1.5702049189678102,-6.183378159857602,-6.2832008879658074,-3.7494265469510686,-62.39575483355166
680.0,-0.9993315816550226,0.011278679944220167,-1.57018516885741,-6.1749876601860905,-6.2832022693097604,-3.7379170719344863,-62.58215993585902
681.0,-1.00027927851351,0.011252457146120935,-1.5702728848973557,-6.166747928970822,-6.283201752819149,-3.7344421130856866,-62.768190396118136
682.0,-1.0044602580034907,0.011252235151453188,-1.5703245388517293,-6.164362326442943,-6.283208826456617,-3.7333874309699917,-62.95245627002406
683.0,-1.0021638975327734,0.011370096427401544,-1.5702502604772055,-6.168314440341014,-6.283208306125465,-3.731435992730269,-63.13749424486988
684.0,-1.003133292388971,0.011247375242092843,-1.5703446346148504,-6.161784114228486,-6.283201678928137,-3.7309936932738923,-63.32226288880738
685.0,-1.0046002975539794,0.011258724488232218,-1.5703017471817406,-6.15493968249158,-6.283202719988628,-3.724927388103474,-63.506311699455146
686.0,-1.0014466369775974,0.01133525658327397,-1.570264326484384,-6.149994841092496,-6.283206853250536,-3.7195029057596676,-63.6915365134773
687.0,-1.0042250870691407,0.011256815305916502,-1.5703656357992455,-6.150270197124949,-6.2832104109774125,-3.7186859322775785,-63.87579340461705
688.0,-1.0047869384617578,0.011342702217918946,-1.5703151381985851,-6.161450903939718,-6.283212525503167,-3.7165981260440217,-64.0597372803789
689.0,-1.0004457247757494,0.011388143556453414,-1.5702752572598866,-6.177174425073354,-6.283212161521749,-3.713739516768871,-64.2455730638727
690.0,-0.9977342356882863,0.011279185583518175,-1.5703391424443016,-6.183852924313788,-6.28321408109161,-3.703614086684973,-64.43281590640083
691.0,-0.9989778604377063,0.011229731314106957,-1.5703859185468683,-6.191128077978688,-6.283211977805723,-3.700641207309402,-64.61972829314641
692.0,-0.9956669108068559,0.011307368025707533,-1.570316913408674,-6.199217849787446,-6.28321010988101,-3.701221681692977,-64.80800998793714
693.0,-0.9899672872379045,0.011311942900123707,-1.5703133312090969,-6.20637025516591,-6.283210599928599,-3.7074225726290035,-64.99889309352787
694.0,-0.9859201690196672,0.011221461551667875,-1.5703636521071411,-6.199914552909489,-6.283201908709107,-3.7139404946829235,-65.19163802230466
695.0,-0.9830699473633463,0.01124307424553857,-1.5703688503831452,-6.1963647473950045,-6.283209245548604,-3.7128022791021174,-65.38565170101869
696.0,-0.9837135422727925,0.011230653574736973,-1.5703985913249208,-6.196800545076736,-6.2832118389329645,-3.719867220454834,-65.57948313885464
697.0,-0.9901954010001136,0.011196304020774258,-1.5704371702200632,-6.200916549217448,-6.283212168725939,-3.718963552427969,-65.77059922566923
698.0,-0.9943886339208217,0.011272563925254614,-1.5703677584737317,-6.207764455174438,-6.28321034293587,-3.720350167924632,-65.9597833442231
699.0,-1.00108205835014,0.011236973873844475,-1.570393691558029,-6.214029511589453,-6.283211942580784,-3.714942147064724,-66.14621058454485
700.0,-1.0056722546227108,0.011251414389012436,-1.5703553789440874,-6.212115271266419,-6.2832062473272785,-3.7093817881589124,-66.33052447162173
701.0,-1.0055107013070501,0.011292787587121536,-1.5703106210956876,-6.203670830790074,-6.283200864312927,-3.6982522162917735,-66.51463873970185
702.0,-1.0050088167140343,0.01128473298662271,-1.570329962110183,-6.193512541907119,-6.283199633114528,-3.695001956432538,-66.69885510631318
703.0,-1.0002668929630907,0.011355939295689543,-1.5702851306237366,-6.18696918714784,-6.283205396066219,-3.691363793723937,-66.88489785556008
704.0,-0.9966454114059408,0.011370279281556834,-1.5703154309649725,-6.195428639348368,-6.283209924567129,-3.691124327758295,-67.07268769941587
705.0,-0.9999342683829862,0.011198174401738622,-1.5704175004299947,-6.190013433114922,-6.283202178610705,-3.679895441914839,-67.25925674792617
706.0,-1.004321194231179,0.01123395891050484,-1.5703925423622025,-6.186643043142968,-6.283209526644642,-3.671299484025759,-67.44383796510755
707.0,-1.0102582159591253,0.011216411526272693,-1.570397729692732,-6.177989430733198,-6.2832028388868135,-3.662905464034918,-67.62580921098031
708.0,-1.016627181917807,0.011282016275026365,-1.5703706926730505,-6.179850199652847,-6.2832066895880105,-3.6484411858835646,-67.80505278060134
709.0,-1.021784202366513,0.01126884269625331,-1.5703545567093002,-6.173290223031704,-6.283200975248072,-3.6383725577382355,-67.98204265444433
710.0,-1.0196830630359726,0.011360905125845795,-1.570274185011735,-6.165669105584589,-6.283199926580949,-3.6258519753403102,-68.15958143566519
711.0,-1.011694010146239,0.011412684406253608,-1.5702431703787965,-6.161479053761901,-6.28320800499291,-3.620828088784147,-68.34029911101265
712.0,-1.0055576559005412,0.011382955059439032,-1.570300829824225,-6.169099489030194,-6.283210951581983,-3.6206156198252577,-68.52382441624442
713.0,-0.9993679565916037,0.01132819092711112,-1.5703199831225205,-6.171730426380408,-6.283213418512947,-3.614776572712464,-68.7101031813872
714.0,-0.9992461835191931,0.011227998957342205,-1.5704045999536382,-6.173315840365094,-6.283213449716829,-3.6047510721929803,-68.89669151569468
715.0,-1.000724779405424,0.011216295126616368,-1.5703994387660318,-6.170090120938223,-6.283208041244721,-3.594019517674988,-69.08261809143373
716.0,-1.0033950842023864,0.011260825174868476,-1.5703875378453747,-6.176256623811485,-6.283211308691182,-3.591232769622828,-69.26743518980054
717.0,-1.003672795886141,0.011298185033214577,-1.5703465396182479,-6.183156032089332,-6.2832104967247595,-3.5805433490533773,-69.45210432045425
718.0,-1.0046457774254327,0.011263904386969214,-1.5703650070136732,-6.18697400220399,-6.283213055522927,-3.5706255201253256,-69.63644752665013
719.0,-1.0035762611471828,0.01127295611563768,-1.5703419310041493,-6.18520562690055,-6.283208818857534,-3.555920030294824,-69.82116733262963
720.0,-0.9985465940081326,0.01132454164142869,-1.5703047561756995,-6.1842959548893885,-6.28321238137644,-3.542244064614453,-70.00795152650748
721.0,-0.9950279074839613,0.011307061979368078,-1.570340890035244,-6.189457992831153,-6.283210495744356,-3.528657927302242,-70.19642998737312
722.0,-0.9980114067406763,0.01118417692147222,-1.5704240090116788,-6.1854697538172765,-6.283202613702624,-3.524570933792802,-70.3837932063407
723.0,-1.0065025366606453,0.011191675405683625,-1.5704393405178971,-6.189230473274432,-6.283207072893765,-3.516105711053508,-70.56760044730679
724.0,-1.0110876337368746,0.011272879042577507,-1.5703556173215987,-6.191033251836641,-6.283212175943474,-3.514463312306349,-70.74926851464814
725.0,-1.0131399822286922,0.011310390877953649,-1.5703305715857452,-6.195717695756034,-6.283211614461282,-3.5143488928465154,-70.93005003393024
726.0,-1.0113395739084339,0.011325714967034611,-1.5703022701110054,-6.195842953985383,-6.283211714211906,-3.514117351124648,-71.11149242797694
727.0,-1.007379481714352,0.011371017589153867,-1.570292149212237,-6.2062745392141005,-6.281622618664282,-3.507721803548416,-71.29472868417368
728.0,-1.0056233060645114,0.011274057356718103,-1.5703502645630691,-6.20946612069564,-6.282596819844871,-3.5090692487692676,-71.47889353452217
729.0,-1.0040439454903531,0.011251850943077893,-1.5703562934544741,-6.2067307361276045,-6.282970988740574,-3.502274069647305,-71.66370694292495
730.0,-1.0003494580599204,0.011262528154241289,-1.5700296661828068,-6.200326731273988,-6.2831252494907,-3.496541981293421,-71.84987369133617
731.0,-0.9959180255845764,0.011267142268153415,-1.5701277825366162,-6.186667592862973,-6.283189043153949,-3.498533761210967,-72.03784485912134
732.0,-0.995928526547473,0.011263004378957981,-1.5702447887232354,-6.183812642849197,-6.283199587520593,-3.5000641812134807,-72.22593876429833
733.0,-1.0016074982804921,0.011152559967178389,-1.5703284583620378,-6.184416581790478,-6.283208120242978,-3.5117891941795363,-72.41173710180088
734.0,-1.0042870916008821,0.011201226229139665,-1.5703027485197087,-6.177972855023117,-6.283201131016305,-3.516144208061054,-72.59616659750444
735.0,-1.0058724342704668,0.011250139914631363,-1.5703105818867036,-6.174278516592708,-6.282852837883117,-3.5241606700502293,-72.77983994733228
736.0,-1.0060598759625128,0.01130411490818919,-1.5703036375766046,-6.177566364765133,-6.283083345198034,-3.5271958271951855,-72.96339836116806
737.0,-1.0080047476386425,0.011247386431370873,-1.570348458893524,-6.174425492796251,-6.283170836599006,-3.5247303314946428,-73.14617911934144
738.0,-1.0040388311879094,0.011300513860862886,-1.5702879889734398,-6.162086773386026,-6.283200680535879,-3.529682626587635,-73.33036014972627
739.0,-0.9960937997387006,0.011365297689161422,-1.5702698627913163,-6.1562063214158975,-6.283208760431991,-3.5360658084315233,-73.51788071199068
740.0,-0.9929255161547557,0.011329732816973408,-1.5703465305991737,-6.164914647951281,-6.283210797043807,-3.5396036572389726,-73.70706329860626
741.0,-0.9945797376219321,0.01126786633009431,-1.5703925212686012,-6.177037738409748,-6.2832126775320205,-3.5444518746212945,-73.89576479263496
742.0,-1.0018446191860704,0.011153313296970297,-1.5704454709484752,-6.175424304296873,-6.283202795995939,-3.5571158634951052,-74.08144434582522
743.0,-1.0096572815842464,0.011216676087423988,-1.5704025517026352,-6.177850963845082,-6.283209480021341,-3.563290550561337,-74.26370269570664
744.0,-1.0123753852293988,0.011293913958777302,-1.570328273154634,-6.177750345151447,-6.2832124240812055,-3.570586254899703,-74.44460423187392
745.0,-1.0142960599038442,0.009087495609918481,-1.5702396907771905,-6.174610306333666,-6.283212619633576,-3.573331446627672,-74.62554911944181
746.0,-1.0125240282811099,0.009460251889631822,-1.5703656695171972,-6.184513707634811,-6.2832114283350995,-3.5790873861375947,-74.80722071568826
747.0,-1.0109004471965524,0.010034013674449832,-1.5703745356299246,-6.181629217045835,-6.2832017315361295,-3.5730965627808966,-74.98931539626184
748.0,-1.0062679266173307,0.01053135954308817,-1.5703208568371207,-6.1836596771323995,-6.2832080839927835,-3.5696735059126534,-75.1730921338681
749.0,-1.0022295371499819,0.010756416265295495,-1.5703473330171025,-6.178125316065352,-6.283201156978521,-3.5643884522262814,-75.35850426003589
750.0,-0.9990263872959493,0.010956103452706846,-1.5703498920697327,-6.1785361067370435,-6.283208831264916,-3.5610425036740567,-75.54525297821793
751.0,-0.9967170554888312,0.011085249484730463,-1.5703533355826453,-6.185672360118999,-6.2832118266664985,-3.5531205684007015,-75.73306210664346
752.0,-0.9976918012694296,0.011070931760708759,-1.5703989528821576,-6.18203522127731,-6.28320250701173,-3.554262468500589,-75.92051197783164
753.0,-1.004159954190953,0.011135301871821133,-1.5704238265668313,-6.1917192007400805,-6.283208754497525,-3.5572097934818343,-76.10533988940261
754.0,-1.0109477590565517,0.011160409085063971,-1.5703967669692898,-6.193936121464819,-6.283211078074565,-3.553757217374396,-76.28723612554427
755.0,-1.0144651887357172,0.011254529642334293,-1.5703399991251152,-6.1994629756010795,-6.283210361558401,-3.550044834349282,-76.46756314774554
756.0,-1.0124923021035659,0.011264969882783122,-1.5701769800987644,-6.190677147876715,-6.283201726948284,-3.5462439706138986,-76.64842936698327
757.0,-1.0093135831690139,0.011270350645469,-1.570230765895613,-6.176928169806917,-6.283199877137767,-3.5450267725649702,-76.8305013018007
758.0,-1.0089515289130901,0.011287063154401797,-1.5702946183448552,-6.174469556159212,-6.283207710048871,-3.552302508634863,-77.01278830514822
759.0,-1.0109152590651758,0.011276049799311358,-1.57033199615973,-6.1759437425480455,-6.28321137635492,-3.5571157080031175,-77.19431201256485
760.0,-1.0096800150467935,0.010781609358868856,-1.5702769896303759,-6.176432446715912,-6.28321328380743,-3.5660702065595373,-77.3764624565121
761.0,-1.0082756538320758,0.0107997111397544,-1.570350609498037,-6.168203674084579,-6.283202691880451,-3.5645835836011472,-77.5591894457336
762.0,-1.0019638805298068,0.010949274331597921,-1.5673853729537452,-6.1693565570487845,-6.283208046515046,-3.5609073081205374,-77.74347541875979
763.0,-0.997611342529527,0.01115620297634024,-1.568297934334309,-6.158639090510216,-6.283200366499907,-3.5615272835932488,-77.92983227241307
764.0,-0.991971576606121,0.011228030732863822,-1.5689627667379191,-6.151092408879729,-6.2832038920666164,-3.557792884812999,-78.11881755526332
765.0,-0.9900263269432755,0.011210033226183799,-1.5694703895638347,-6.148271633989786,-6.283209305161046,-3.5579661563083604,-78.30895814403492
766.0,-0.9947432666024425,0.011202442681147673,-1.569821724067514,-6.15821534962531,-6.2832109848147475,-3.5677365704913937,-78.4973289341791
767.0,-1.0033788888120059,0.010635465498518864,-1.5700028517003906,-6.168030615119407,-6.283212737956718,-3.5802007771674558,-78.6823328782511
768.0,-1.0123309397503977,0.010732405898680342,-1.5701475137436007,-6.176776024045562,-6.2832103735008715,-3.5870844968844358,-78.8635843709167
769.0,-1.015936513941598,0.010954865199672049,-1.5701582680442092,-6.17695886158191,-6.283207661373239,-3.584382850135403,-79.04307844117034
770.0,-1.0164513808435314,0.011106288643860403,-1.5701939327115166,-6.17929223182861,-6.283211775524433,-3.5828870626234623,-79.22226789258578
771.0,-1.0140454109946238,0.01117731668070829,-1.5702228447216797,-6.175740112765699,-6.283205553687725,-3.5857456767612765,-79.40235050158161
772.0,-1.0090789019649609,0.011243122121564248,-1.5702421839570893,-6.172494598564181,-6.283209022707783,-3.5790014290436445,-79.5844419675003
773.0,-1.005721927232823,0.01122662774423864,-1.5703045699563247,-6.1671924540856375,-6.283205938554539,-3.5652244508993998,-79.76801598871049
774.0,-1.000951496433965,0.011275134416364947,-1.570300541841546,-6.163981757911425,-6.283210825051886,-3.565453486128368,-79.95357538708247
775.0,-1.0029579228693837,0.01120287591178614,-1.5703963866750315,-6.163868517025144,-6.283212029409922,-3.558669775750042,-80.13850756168092
776.0,-1.0062383582967536,0.011187557536938666,-1.5703914491977984,-6.1536565767718585,-6.283203237863827,-3.559751089462791,-80.3219405701724
777.0,-1.0082243203681467,0.011255747656013976,-1.5703596259527037,-6.147169959773076,-6.2832075415179665,-3.5566576479278655,-80.50439257233805
778.0,-1.01114151455214,0.011293319126365187,-1.5703606196373856,-6.151369266805711,-6.283210912084634,-3.561076637348192,-80.68562662308332
779.0,-1.0118959059911683,0.011348111184538393,-1.5703241233608454,-6.164135551091782,-6.283212484390219,-3.5584963613106546,-80.86653414258181
780.0,-1.0090791120270273,0.011309159870994552,-1.5703110066766501,-6.163841042091834,-6.2832031474676,-3.5575866553226847,-81.04858272153696
781.0,-1.0021499092276922,0.011358041538258687,-1.5702820712603052,-6.167662526663903,-6.2832075218073165,-3.5608252577229225,-81.23354554141382
782.0,-1.0024032480249236,0.011234952935561681,-1.570395860111562,-6.1716813311706735,-6.282082367778706,-3.5611828619127106,-81.41874785611279
783.0,-1.0057989950692316,0.011239089076248456,-1.5703986044004268,-6.18072834057353,-6.282778891158974,-3.568148665852576,-81.60260179341863
784.0,-1.0106742957401689,0.011253241007013345,-1.5703902839332875,-6.194353266143473,-6.283045802714603,-3.5649655718592568,-81.78453433749789
785.0,-1.0147043562499303,0.011235724859638037,-1.570372873149912,-6.199277232755154,-6.283154739878352,-3.5624886624155745,-81.96479858562958
786.0,-1.0118110860696112,0.01135532405142566,-1.57028349690791,-6.209990094048593,-6.2831984797604115,-3.556623444524993,-82.14617940377484
787.0,-1.0033031827462104,0.011338825991957678,-1.5702667136992603,-6.208583659996398,-6.283204428807399,-3.551505353609778,-82.33109241820712
788.0,-1.0020206589417289,0.01041208506568424,-1.570356480063601,-6.202798453637383,-6.283203109773987,-3.54383000043338,-82.51712073262209
789.0,-1.006286234573056,0.010481233209636677,-1.5704548868812667,-6.196206065188012,-6.283202424331874,-3.5407064797541383,-82.70135174963376
790.0,-1.0105316176865182,0.010782788936861049,-1.5704039373332626,-6.192410482191391,-6.283209587005358,-3.5438022587816773,-82.88352941635343
791.0,-1.0134853133799586,0.011002772963323618,-1.570362240485776,-6.1953995111840845,-6.283210042969599,-3.5473323161192107,-83.0643376019432
792.0,-1.0098201377833926,0.011139515457188394,-1.5702942812016436,-6.1873650761335055,-6.283201455086541,-3.549881884069599,-83.24635714115905
793.0,-1.0037774975472806,0.011222546630852348,-1.5698859086588606,-6.186079572083916,-6.2832088250618465,-3.5465440377350284,-83.43075890729912
794.0,-0.9982609357866642,0.011295568343922683,-1.5700250416941366,-6.194298083811703,-6.283211939903306,-3.5428266708659693,-83.61770031839967
795.0,-0.9973434515630849,0.011198851032432042,-1.5701952372460064,-6.194841202858551,-6.2832100224733,-3.5331281269630277,-83.80528406205322
796.0,-1.0028739082936706,0.011163240962347302,-1.570308903263329,-6.198351810108552,-6.283212096911875,-3.52734988520015,-83.99068923844881
797.0,-1.0079785545130708,0.011248195968768466,-1.5702972496219016,-6.209405732559772,-6.2832133194998585,-3.533370533057516,-84.17395332620812
798.0,-1.007198683056684,0.011271666611464497,-1.5702647087368318,-6.2065167346505135,-6.2832021255061665,-3.536354761620568,-84.35734924445119
799.0,-1.000803379152185,0.011366836642651142,-1.5702327430257816,-6.211622996323066,-6.283207476605916,-3.526457533721052,-84.54341678942258
800.0,-0.9971095783237973,0.011272892809575401,-1.5703194543388523,-6.2112129868857435,-6.283208994178198,-3.5334979712842647,-84.73127491390464
801.0,-0.9996923260848228,0.011160320871520161,-1.570406952287924,-6.200284802655112,-6.283202644866667,-3.5353159706570403,-84.91808009779947
802.0,-1.0053842477499293,0.011203171643832785,-1.5704043489904418,-6.195334131213008,-6.283209196386754,-3.531338846579452,-85.10236466118646
803.0,-1.01273246824488,0.011198370346715959,-1.5704013604433946,-6.184475858397236,-6.283202976696405,-3.5386603645017067,-85.28339337618281
804.0,-1.016876030111824,0.011293812279372002,-1.5703383122854684,-6.177782099067285,-6.28320756589363,-3.5397546372242745,-85.46243441272124
805.0,-1.0167371351022474,0.011377224322511242,-1.570291306506992,-6.180863203350668,-6.283208064264896,-3.5331632204847088,-85.64141248451617
806.0,-1.0146201886660862,0.011312507334809697,-1.5703090824007342,-6.171133505712248,-6.283201174099447,-3.52723391378127,-85.82118840782668
807.0,-1.0100746777137053,0.011344465796249675,-1.5702971254260816,-6.164209802428665,-6.28320493449762,-3.5307767736919544,-86.00276004191146
808.0,-1.0029821253189115,0.011377850276232001,-1.5702861703963613,-6.163857901629701,-6.2832099759138105,-3.5260401953212757,-86.18732184077828
809.0,-1.000365985056167,0.01127205231911369,-1.5703688865210088,-6.159871023922282,-6.283206986541648,-3.5280468248990213,-86.37320631194997
810.0,-0.9982031438628813,0.011244960886106343,-1.5703692763278687,-6.147496389544562,-6.2832013218427,-3.539911280577213,-86.55996553821075
811.0,-1.0022211240753638,0.011255015781201142,-1.5704183241903074,-6.153498319459713,-6.28320756903066,-3.5336814720895573,-86.74516582819155
812.0,-1.0085158576490607,0.011243905921946674,-1.5704080254291646,-6.159451991119997,-6.283210796526,-3.53031231877816,-86.92770329605045
813.0,-1.0128952189812268,0.011280938637718708,-1.5703634787634504,-6.165558019372299,-6.283211327900432,-3.5319810439503523,-87.10832626973792
814.0,-1.0169996336825011,0.011235794214928891,-1.5703694578595604,-6.159846802085754,-6.283202375905949,-3.5301065410757637,-87.28719101738972
815.0,-1.0198039904629426,0.011271940991852629,-1.5703476126235432,-6.154437797146078,-6.283205389804841,-3.5365792049216043,-87.46477824891204
816.0,-1.0180421518411884,0.011370025770961335,-1.5702916002997696,-6.159639753908015,-6.283210661280127,-3.5360526061462987,-87.64296432576673
817.0,-1.0156929756499764,0.011330050546586116,-1.5703167732600283,-6.163219238724281,-6.283213038028524,-3.5420538636111965,-87.8222014035282
818.0,-1.0088210284387231,0.011352939313453247,-1.5702819096096052,-6.163180611909142,-6.283212233891456,-3.549028631963375,-88.00422929530514
819.0,-1.0044276085648531,0.011280254834647487,-1.5703467309378882,-6.1607469612142145,-6.283210738502846,-3.544047094461023,-88.1882824156256
820.0,-0.9976048199510419,0.011353651826126146,-1.5703077507785737,-6.16860096874179,-6.2832125848882265,-3.545234078936395,-88.3752698177021
821.0,-0.9966090929320924,0.011247871211332104,-1.5703967341288676,-6.176971948366904,-6.28321147439746,-3.5508864002161626,-88.56302761775284
822.0,-0.9979825155511639,0.011206101753512278,-1.5704057606277597,-6.177859114421555,-6.28321045513558,-3.554669046283394,-88.7502457345849
823.0,-1.0041905983434645,0.011161143174151138,-1.5704414029537215,-6.175022146096964,-6.283208957356982,-3.5539799491403223,-88.93486561326148
824.0,-1.010862476895745,0.011246281887727442,-1.570394673244482,-6.182191519477501,-6.283211779416586,-3.561756507372501,-89.11661031797841
825.0,-1.0125557569830659,0.011279128785629566,-1.5703327518310812,-6.178890430950355,-6.283201855150058,-3.5537874054328493,-89.29743519938744
826.0,-1.007513459076723,0.011398193797959397,-1.5702618916486721,-6.1866040656828725,-6.283209541233928,-3.5517577877580937,-89.48026926701344
827.0,-1.0029547186828343,0.011321136581887287,-1.5703148606142459,-6.189850734163402,-6.28321275522183,-3.5515067906721924,-89.66521595512906
828.0,-0.994824208691395,0.011363695375252727,-1.5702820038929761,-6.19653828694955,-6.283210175347089,-3.555583568785367,-89.85369458353284
829.0,-0.9941942593893435,0.011223401499227945,-1.5704028045903475,-6.2010597806963395,-6.283212322395578,-3.5550524589196035,-90.04284128831702
830.0,-0.9992099169029683,0.011170534071652822,-1.570437820841984,-6.202265884761218,-6.283213468613417,-3.559951928130293,-90.22993458675701
831.0,-1.0085983256971747,0.011120539106256256,-1.5704554288018766,-6.191837744461211,-6.283204395277291,-3.563700508099231,-90.41293348356182
832.0,-1.0101951975134367,0.011293205514694697,-1.5703203770255532,-6.182630359891613,-6.283201663446141,-3.567884777153663,-90.59478614584683
833.0,-1.011199693216721,0.011310624719147478,-1.570333644712891,-6.179068883723125,-6.283208961346791,-3.5779301766561358,-90.7761844942415
834.0,-1.0071222946286869,0.011348744953671571,-1.5702855356482033,-6.170669143869573,-6.283201477907904,-3.574462608568099,-90.95908044787939
835.0,-1.003201098897492,0.011323881113308929,-1.5703195765903983,-6.163501859450057,-6.283203436353371,-3.584220358447188,-91.14366699116702
836.0,-1.0031001836459916,0.011282130593167397,-1.5703700003419983,-6.160944097061128,-6.283209421528693,-3.588201620645828,-91.32840784340826
837.0,-1.007630878286712,0.011248703730978199,-1.5704053386783303,-6.163010870070105,-6.281333592956932,-3.5989286472848647,-91.51134207615439
838.0,-1.0117108521309248,0.011261953939834608,-1.5703761312276425,-6.1627118169118065,-6.282483121072217,-3.596169253973336,-91.69246526392489
839.0,-1.0107534405041654,0.011365504880453072,-1.5703048279176597,-6.172042001716932,-6.2818939202143635,-3.5870921397897235,-91.87388685900811
840.0,-1.0059145250741535,0.01135299497258524,-1.5702916465023875,-6.176666408988146,-6.282698891512769,-3.573155747646269,-92.0573559135677
841.0,-0.9968506864607375,0.01133344593061946,-1.570279818186882,-6.170456833647086,-6.283012486699046,-3.558934018014184,-92.24464752943904
842.0,-0.9933574447750528,0.011278247658839086,-1.5703680805107985,-6.174049028801185,-6.283143788353549,-3.5494136103617855,-92.43374769861181
843.0,-0.995011493984681,0.011219927594475376,-1.5704121841218155,-6.177083525636092,-6.283195717678411,-3.543736448339436,-92.62229076017384
844.0,-1.0000297952436126,0.011173755840360462,-1.5704290702536703,-6.171596189873793,-6.283205088641702,-3.5439514197988706,-92.80865762333534
845.0,-1.0024354769032733,0.01126687275261379,-1.5703636823025553,-6.170587570032768,-6.283210771604087,-3.5445378484917613,-92.99380892765588
846.0,-1.004911498076451,0.011287392227476758,-1.5703608792134733,-6.175061732894902,-6.2832100848057095,-3.5366895587307763,-93.1779257149502
847.0,-1.0123282348741058,0.011216746839453416,-1.5704114793599444,-6.177095871081858,-6.283212480491384,-3.528397144782502,-93.35904616017784
848.0,-1.015710140679623,0.011269897130727652,-1.5703414354095317,-6.171694445880678,-6.283202623123906,-3.5310533889080227,-93.5385036721083
849.0,-1.0154791684337876,0.011329518100189909,-1.5703090993188213,-6.170756682951709,-6.283209777493581,-3.5377154684061676,-93.71793672316034
850.0,-1.009364796501464,0.011377007028457857,-1.5702637214001005,-6.168438175040702,-6.283210074193029,-3.53321381334693,-93.8997751194091
851.0,-1.0028456126355862,0.011344514625866371,-1.5702995754826472,-6.167025789913789,-6.283212421108686,-3.529853343582407,-94.08446749803187
852.0,-1.0030739611869468,0.01124277566601674,-1.5703944486088366,-6.16674147594536,-6.283212796538187,-3.5303175541408534,-94.26931329873364
853.0,-1.0096941532580488,0.011209994536710446,-1.5704333340991599,-6.172503071723344,-6.283212353236725,-3.5331615834355423,-94.4515073611338
854.0,-1.0104792950786783,0.011278587469510333,-1.570338100852024,-6.168760371338799,-6.283202024078446,-3.527801887211743,-94.63309140374214
855.0,-1.0083069989763658,0.011301274241266285,-1.5703238744808,-6.163512442726449,-6.283203467863569,-3.5172178379147367,-94.81550029481066
856.0,-1.0041236705817935,0.010208384040606408,-1.570266002479571,-6.15768538755607,-6.2832056334506525,-3.506866795534172,-95.00005297592507
857.0,-1.002978375221072,0.01026888698529532,-1.570412059210319,-6.144265526361813,-6.283199876661136,-3.510360917321686,-95.18517122576789
858.0,-1.002583894174101,0.010662391959025347,-1.5703824758608997,-6.141660339155699,-6.2832078354554595,-3.517868026123728,-95.37026528651819
859.0,-1.0054204668439832,0.0108672271219722,-1.5703995807080295,-6.1457513636010885,-6.2832088604019685,-3.531635196662338,-95.55414311785844
860.0,-1.0072613707245264,0.011022200797443035,-1.5703662295171963,-6.148094855262418,-6.2832124433643655,-3.530389771628401,-95.7371156528575
861.0,-1.008590111839187,0.011126190278230098,-1.5703554216070743,-6.153313235810043,-6.2811068682886235,-3.534156818774218,-95.91950616889723
862.0,-1.008318943780404,0.011184949688525691,-1.5703398632950294,-6.15562418615168,-6.282393542188484,-3.5387981237974695,-96.10195081725044
863.0,-1.003820427854004,0.011251720571651,-1.5703036148076153,-6.153833633518714,-6.282887233546201,-3.52982331459189,-96.28618552980515
864.0,-1.0003527206393743,0.011238822393282302,-1.5703418177886477,-6.150882768280575,-6.28309111231902,-3.519088366866159,-96.471984822609
865.0,-1.001919266904646,0.011228546434736626,-1.5703926067371885,-6.1574142203581035,-6.283175535858499,-3.519756135346237,-96.65728634860899
866.0,-1.0049067996077858,0.011245781744052195,-1.5703835693188948,-6.167373817024029,-6.283199949586324,-3.5272109674458836,-96.84136739484795
867.0,-1.009606460807097,0.011205511597038602,-1.5703969624696732,-6.16976081889617,-6.283208093748978,-3.5309886758973037,-97.0235059835911
868.0,-1.0136646930070996,0.011278750011518407,-1.5703611144165912,-6.181851347657135,-6.283211651240047,-3.527947305601019,-97.20396185040711
869.0,-1.0108089381190069,0.011348546716780337,-1.5702839111148499,-6.191831254414211,-6.283210092561728,-3.5337487655362643,-97.38551977958458
870.0,-1.002449382890654,0.011332634304029315,-1.5702684834704974,-6.189421112395703,-6.283200584185733,-3.5307189994486885,-97.57055473292348
871.0,-0.9985847637645547,0.011214658743293901,-1.5703670596571315,-6.177399438995262,-6.283199306195144,-3.5222629373977816,-97.75738629310054
872.0,-1.0021414840335268,0.011201858600155504,-1.5704264364000917,-6.176765794716947,-6.283206952214447,-3.516889091868901,-97.94284229047476
873.0,-1.001122688819639,0.01132305198120938,-1.5703314507804667,-6.183140633887271,-6.283210667683572,-3.5036116073006682,-98.12856924368066
874.0,-1.0052551624105435,0.011220064735996021,-1.5704101947586098,-6.18583190376794,-6.2832127169372525,-3.4975653538015843,-98.31276169393384
875.0,-1.0145591811673311,0.011168180143942835,-1.5704374909632153,-6.182789324974025,-6.2832078316296,-3.5003482939105153,-98.49307091788552
876.0,-1.0189273637567966,0.011266370935291111,-1.5703446031042698,-6.176081282294424,-6.283201866265785,-3.5007894557842554,-98.67124456453554
877.0,-1.0156730621180672,0.011405665157575446,-1.570259582893042,-6.181336728774312,-6.283209480092657,-3.4957658660456,-98.85057100601848
878.0,-1.0088174359122102,0.011361158937053186,-1.570271080355507,-6.177325973559148,-6.283200887207461,-3.4961710071360104,-99.03273840082142
879.0,-0.9980794902766282,0.011410983688550305,-1.5702505808087268,-6.1816621575807025,-6.283205728290796,-3.500631591589186,-99.21950869925054
880.0,-0.9877182514113282,0.01138020351272346,-1.5702894371180565,-6.191513631289046,-6.276814062583298,-3.495750533407897,-99.41114813858233
881.0,-0.984158926006195,0.011187414059347702,-1.5704066573077957,-6.184421343972007,-6.280678513506686,-3.493617446014065,-99.60460032662542
882.0,-0.9839968806650522,0.011195067075731547,-1.5704154819359593,-6.17847632810936,-6.282183891416654,-3.4867017359662458,-99.79810891768372
883.0,-0.9897897978685459,0.009499633777946801,-1.570375701823051,-6.176804473074922,-6.282804439860704,-3.4807241008753658,-99.98978174304399
884.0,-1.0001723425670903,0.006817400710430816,-1.570374765855545,-6.178986973376374,-6.283057607559486,-3.4672198486672436,-100.17811389743457
885.0,-1.0096081709776092,0.007430130937002668,-1.5705068071041808,-6.18133205796775,-6.283157409670905,-3.4639556356894126,-100.36222422866632
886.0,-1.01723756583857,0.008727425508638165,-1.5704345538014397,-6.182461750244366,-6.283198953749916,-3.4599216889195312,-100.5424703262447
887.0,-1.0192175482298869,0.00968925265907314,-1.5703303792547914,-6.180579353178586,-6.283205308000692,-3.457719128344442,-100.72124574782259
888.0,-1.020737738655494,0.01025282748094414,-1.5703313576609546,-6.178860486996779,-6.283210666212071,-3.4572331477336253,-100.899118562965
889.0,-1.019044757037476,0.010657280624134272,-1.5702952955459764,-6.176940819012234,-6.283212419358604,-3.4590889803205513,-101.0773897420493
890.0,-1.0128439408068093,0.01092672059603925,-1.5702665304473498,-6.1740133096013965,-6.283210700168223,-3.46348766016981,-101.2580057437477
891.0,-1.0045269148490499,0.011079242515865723,-1.570275256851905,-6.172222303035785,-6.28321275360147,-3.464334482857391,-101.44207551579183
892.0,-0.9951407527509922,0.011126454742252162,-1.5702990591566075,-6.160384784321396,-6.283202985603462,-3.4561962733983345,-101.63014404494092
893.0,-0.9940192010300671,0.01114415788641146,-1.5703989101574405,-6.164957832729705,-6.283208105940458,-3.4539050079289546,-101.81899909181297
894.0,-0.9974338262099333,0.011159275867663628,-1.57041611689768,-6.173087879610688,-6.283211636627692,-3.454512275325762,-102.00648796387547
895.0,-1.0051885758615946,0.011177108856892742,-1.5704275412412894,-6.187459036622908,-6.283212851962263,-3.4630851385187524,-102.1908205978113
896.0,-1.015508581029721,0.011121702383655284,-1.5704323498003891,-6.1846223448701645,-6.281684507655613,-3.4602372690859813,-102.37080075596846
897.0,-1.0240238701049758,0.011211522900682645,-1.5703730566440415,-6.18248840170015,-6.282622014816965,-3.461082617218988,-102.54707621811146
898.0,-1.0286938786088962,0.011283202408634299,-1.570322563936056,-6.179733844067258,-6.282981661260965,-3.4571422093138717,-102.72126863416283
899.0,-1.0259364208672654,0.011408547746578781,-1.5702449295592336,-6.186953863175943,-6.283130048120431,-3.444491559016746,-102.89640540013005
900.0,-1.0175146438582454,0.011413019450881193,-1.5702312031136794,-6.192019347179973,-6.283190039655639,-3.428176844113675,-103.07496931063527
901.0,-1.005410269447473,0.011419260430534053,-1.570233128915827,-6.200505118250634,-6.2832036532067015,-3.4103885030794494,-103.2587218060477
902.0,-0.997188247535407,0.011257823705820054,-1.5703388180030613,-6.193955952729366,-6.283199082518578,-3.4081984312227287,-103.44622462088472
903.0,-0.992250501881552,0.011262299053057243,-1.5703679159639963,-6.195235417446004,-6.283206542038841,-3.3997511928164,-103.63601455090188
904.0,-0.9899344953377246,0.011210782771312777,-1.5703969256032146,-6.188847763779213,-6.283200848457719,-3.4069873244034086,-103.82686518607272
905.0,-0.9935163699331429,0.011148694055951525,-1.5704493529681336,-6.17728222084317,-6.283200091979469,-3.405919251007006,-104.01618113295157
906.0,-1.002349567033067,0.01115289330491291,-1.5704586348461187,-6.166431301814384,-6.28320032183622,-3.4090116671780715,-104.20159685345581
907.0,-1.005366370801811,0.011307737585064228,-1.5703402523072665,-6.161744610008157,-6.283209049384003,-3.4128082286631503,-104.38536612378857
908.0,-1.0074042535798782,0.01134396394760812,-1.5703349429668843,-6.167780889160473,-6.283211643207268,-3.417510082012362,-104.56828436700036
909.0,-1.0100601153244564,0.011298713211345731,-1.5703508287220922,-6.170359887692659,-6.283213500662352,-3.423635840331756,-104.75012523920306
910.0,-1.0106410360020082,0.01128264743043331,-1.570335783520616,-6.163763279179616,-6.283203112829373,-3.422783490241272,-104.93160592400173
911.0,-1.0070741437294333,0.011350309900986165,-1.5702951199486277,-6.162212392082734,-6.283209946352559,-3.4273287696519623,-105.11446351548508
912.0,-1.00171435315813,0.011364494346892117,-1.5702974315188474,-6.166685432154888,-6.283208916253477,-3.4278803545909713,-105.29965601053132
913.0,-0.9936029820600062,0.011352302502992961,-1.570291264385316,-6.167452402535989,-6.283211950990771,-3.417018811618529,-105.48838463664818
914.0,-0.9910810482458305,0.011255408761470468,-1.5703821783155731,-6.169147520651142,-6.283212755037362,-3.411621794634959,-105.67849839482902
915.0,-0.9951316179267955,0.011210513053790722,-1.570431338359136,-6.176329235421131,-6.2832129717154075,-3.4092878034263228,-105.86705046604897
916.0,-1.0035823681449907,0.011216410252976816,-1.5704328897152524,-6.190315967097645,-6.283213333852423,-3.4013621712679853,-106.05211572599993
917.0,-1.0141779548761634,0.011191336819087462,-1.5704216580110002,-6.1975481876893275,-6.2832145145063825,-3.4037872572844314,-106.23276954108714
918.0,-1.020423885814496,0.011261859504642497,-1.5703452060433298,-6.200097025847566,-6.283215145132519,-3.3997757109554594,-106.41066239036368
919.0,-1.0186261881013052,0.011335763107664916,-1.5702699393500616,-6.195862504187998,-6.283204901157624,-3.3951474037233655,-106.58900264872804
920.0,-1.0144358817355965,0.011358183365526207,-1.5702791120532904,-6.197451770306276,-6.283209435118445,-3.390136339547621,-106.76908429351708
921.0,-1.0068452715979404,0.011339673711581224,-1.5702756604044106,-6.190513734750177,-6.283201339892988,-3.377027489001293,-106.9522473439226
922.0,-1.0031734281412072,0.011326942028898841,-1.570339227294095,-6.1988181766026145,-6.283208181641322,-3.373641989312437,-107.13724813916407
923.0,-1.0002390077992374,0.011300388903449058,-1.5703470377365447,-6.206780884153782,-6.283209296275263,-3.362130822289862,-107.3236577800061
924.0,-0.9990909549385449,0.01124187893287277,-1.570377665050022,-6.208438454915911,-6.283211699721305,-3.36187313878055,-107.51068612693204
925.0,-1.004110096635892,0.011179511282320769,-1.5704355138252772,-6.209853668609244,-6.283212920720002,-3.3559951995100503,-107.69574555210201
926.0,-1.0092151795632063,0.01118685351021408,-1.5704043093885625,-6.20154076964876,-6.28320358300431,-3.3491090841512916,-107.87844616861689
927.0,-1.012408443529853,0.01124007912033519,-1.5703659464071622,-6.190910401691901,-6.283200704880422,-3.3492722033167115,-108.0595563145482
928.0,-1.0140386155676602,0.011278968501104712,-1.5703448985366721,-6.180352293694554,-6.283199705681286,-3.340922199501766,-108.23978858502495
929.0,-1.0161315210157198,0.01130386342161568,-1.5703478094817913,-6.176715197401987,-6.283208168395331,-3.3331081877159607,-108.41909905286049
930.0,-1.0151098622694104,0.011369271814371935,-1.5703054342678155,-6.181729789736277,-6.28321052221167,-3.3329216775035007,-108.59876295074598
931.0,-1.0092673641185534,0.011396874666761378,-1.5702718919170238,-6.188488649372085,-6.28320940957696,-3.3360433822742315,-108.78085791524076
932.0,-0.9990065596079479,0.011376977863256366,-1.5702626453034014,-6.188150522085917,-6.283207482595076,-3.3342433552387565,-108.9673241600941
933.0,-0.9946058300949114,0.011226882521977906,-1.570377943892406,-6.177993111456848,-6.283201727841028,-3.33798185591194,-109.15591809605374
934.0,-0.9979479578604858,0.011218216562557306,-1.570432673093364,-6.182289247159884,-6.283208071046692,-3.3484848478056364,-109.34326768759495
935.0,-1.0067545257330879,0.011148163441849459,-1.5704592236980408,-6.17664497914675,-6.283201878656121,-3.3552881914668524,-109.52686133257717
936.0,-1.0168807186668876,0.011215017591168386,-1.5704163741993413,-6.176649617467701,-6.283209218866137,-3.355910759238749,-109.70609541364759
937.0,-1.0269351104046285,0.011275331194205795,-1.570376824331278,-6.1838249633356766,-6.283212087662057,-3.345092033821187,-109.88119291664471
938.0,-1.0283980068632266,0.011358251059308733,-1.5702749861310963,-6.184408326963225,-6.283210258759338,-3.3307190483440094,-110.05541749963939
939.0,-1.0262916721324942,0.01132868593357916,-1.5702847986884514,-6.176283938287515,-6.283202046783542,-3.3296224116680606,-110.23037381014908
940.0,-1.0235458278441623,0.011054704567019532,-1.5702794450567985,-6.181310881935552,-6.283208750106696,-3.3331742988927378,-110.40661120665308
941.0,-1.0180127333609092,0.011042193493175026,-1.570307531942473,-6.172243232974112,-6.2806146992602985,-3.3343366437507647,-110.58503840085994
942.0,-1.0081733359628637,0.011219875853434194,-1.5702672001042461,-6.174351294943066,-6.282201170297931,-3.3237076114510966,-110.76745097085532
943.0,-1.0048102931752776,0.01111436665718548,-1.5703875993489227,-6.165274833752976,-6.282808705248015,-3.3187381403202663,-110.95150936147076
944.0,-1.0011217640468064,0.011249998208864005,-1.5703463574929104,-6.172048314008014,-6.283059846003048,-3.317798625219398,-111.13711669940409
945.0,-1.0033687695156221,0.011149466278657748,-1.570427198420029,-6.169984239976791,-6.283161235887766,-3.3145326511388706,-111.32196216350043
946.0,-1.007899514595906,0.011186237112820347,-1.5704132380021443,-6.1704458908145146,-6.2831989584542365,-3.3113000699099824,-111.5048533746921
947.0,-1.0142627128181452,0.0111903729645288,-1.5704102405220817,-6.16782658959577,-6.2832052200526896,-3.313887416506773,-111.68503605806289
948.0,-1.0194175438253967,0.01122940512300094,-1.5703741127430548,-6.161304696332248,-6.283201256947637,-3.31225278784791,-111.8629208861991
949.0,-1.0189970145944311,0.011320923828167531,-1.5703050389667297,-6.155631661847555,-6.2832044660319735,-3.31368138279687,-112.04073217304527
950.0,-1.0192239318224041,0.011327112393405829,-1.5703309802775234,-6.159450257642912,-6.283208230144048,-3.305377188701745,-112.21852134359372
951.0,-1.0164747707479966,0.011362120942043601,-1.5702997906901441,-6.167323613818108,-6.2832111220284625,-3.3110449020378216,-112.39742157590518
952.0,-1.0106977160512272,0.011370921189648229,-1.5702886327973902,-6.177706243271882,-6.283213352748423,-3.3078300452119564,-112.57880485320996
953.0,-1.0009053189087267,0.011332355767775745,-1.5694567672688287,-6.183987089041402,-6.283213915415293,-3.3028584075873817,-112.76414633780837
954.0,-0.996127046176005,0.011258456094921508,-1.5697962211618526,-6.181829748662815,-6.28320620215247,-3.298943311825923,-112.95186369147666
955.0,-0.9947046818606076,0.011247465974733485,-1.570008052608492,-6.184868034329115,-6.283209540048746,-3.306258087712357,-113.14039126473546
956.0,-0.9996043153041672,0.011127163102852443,-1.5698590676197777,-6.177123155293305,-6.283202750794579,-3.308290662952331,-113.32683641685792
957.0,-1.007007422498591,0.011195919536520117,-1.570019344639121,-6.172526512722854,-6.283209673319816,-3.31414046348929,-113.51005401068952
958.0,-1.0133760191410541,0.011275113314354305,-1.5701039695640464,-6.176200834850492,-6.283209010382649,-3.311510536113838,-113.69053231604866
959.0,-1.0187728059613528,0.011308688479557585,-1.570169561125218,-6.185462047265284,-6.28321216687042,-3.315954515088184,-113.86882464565149
960.0,-1.019585807562566,0.011343224778545168,-1.5701812404815672,-6.193341245247771,-6.283211082466909,-3.3162040343488535,-114.04675317011463
961.0,-1.0179958181274984,0.011318686266026492,-1.5702258729028553,-6.195921232269487,-6.283213611407685,-3.3142247265645537,-114.22536963098989
962.0,-1.0131005502913268,0.011325833185520193,-1.5702389459473245,-6.194506195861547,-6.283210711906277,-3.3044802420192085,-114.40595627531202
963.0,-1.0113746822510374,0.011266235508673563,-1.5703203189203936,-6.1933887535663885,-6.283212524222341,-3.3032998244834477,-114.58741509817447
964.0,-1.01009791016627,0.011238043492976682,-1.5703389151206406,-6.183790947163267,-6.283203339941234,-3.3033421861656,-114.76932172959978
965.0,-1.008627005776477,0.011268294302531096,-1.5703400932347331,-6.1764390498870405,-6.283205019930374,-3.3081324371862495,-114.95176003821683
966.0,-1.0070585716548193,0.011294369218310767,-1.5703402545634972,-6.1738671299483,-6.283210347569891,-3.30105878805917,-115.13483253268292
967.0,-1.0075600576487567,0.01130906419961436,-1.5703582689843887,-6.182943390464146,-6.283211977231123,-3.2945688494852603,-115.31783352106113
968.0,-1.0058922991298105,0.011285990823631858,-1.570338880518096,-6.181937490843496,-6.283205064662149,-3.291805434420825,-115.50148705901019
969.0,-1.004466641050469,0.011269420499088459,-1.5703541936048586,-6.179221210660351,-6.283208128542091,-3.288953271432904,-115.68576209888693
970.0,-1.0071660216999399,0.011229327859812505,-1.57039825932692,-6.177913122879418,-6.283211457842815,-3.291146813329299,-115.86899118393367
971.0,-1.0079387385590235,0.011270086098559222,-1.5703557635338794,-6.174502080578778,-6.2832092183683885,-3.286341420736259,-116.05174965573687
972.0,-1.0073150766040713,0.011278051665801106,-1.5703467594993035,-6.168157031293633,-6.283203682787984,-3.2857129114746986,-116.23468553051491
973.0,-1.0057207438058169,0.011304205747002959,-1.5703376498801538,-6.165247114232726,-6.283209986656485,-3.2871233524452386,-116.41824808416344
974.0,-1.0040691094684817,0.011328548200979812,-1.5703373557389442,-6.171199539258826,-6.283212124721232,-3.2864569536408017,-116.60257066976855
975.0,-1.0067874143215623,0.011208105621397693,-1.570403896091822,-6.164634594901144,-6.28320306705732,-3.2811359857544224,-116.78585055680821
976.0,-1.0114776578793265,0.011245444540883947,-1.5703932701145997,-6.165350358876298,-6.283209135822057,-3.284021429304046,-116.96712597871925
977.0,-1.0189050006400904,0.01125949198069206,-1.5703965292650552,-6.174023294818694,-6.283211755280259,-3.2924380385584913,-117.1453979758793
978.0,-1.0191625733647922,0.011355979021091527,-1.5702949961368642,-6.182853647974512,-6.28321032499821,-3.2925613235127895,-117.32338447976034
979.0,-1.012759071035143,0.01137212329181116,-1.5702591344516457,-6.185110946995726,-6.283211759185085,-3.294414762104441,-117.50394041211227
980.0,-1.0040851081428304,0.011361975407036894,-1.570274446028049,-6.188147178613629,-6.283213110569857,-3.290234582477608,-117.6882370796236
981.0,-0.9981272328989199,0.009295286744102061,-1.5702573887466453,-6.1805225928053895,-6.283206049213045,-3.284349699373533,-117.8759880143262
982.0,-0.9984323127749358,0.009496155340123517,-1.5704795076154197,-6.177367905685605,-6.283211324864695,-3.2869183512086275,-118.0637886965644
983.0,-1.0023322896672775,0.010078191290605401,-1.5704599405461803,-6.172188031958893,-6.283207486581399,-3.28372431076746,-118.249625743348
984.0,-1.0071652602757784,0.01048051169654661,-1.5704246731839433,-6.1615642470159,-6.283202069716858,-3.2911871349393347,-118.43308432340751
985.0,-1.0105656220590584,0.010816595304319773,-1.5703700626786317,-6.1583266555567135,-6.283209109652176,-3.305320691216249,-118.61483810310732
986.0,-1.014947849317969,0.010981993547423506,-1.570370430785085,-6.158300815454995,-6.283211887033484,-3.313922033408424,-118.79468016654015
987.0,-1.0199784673332952,0.011088674235806681,-1.57036425451452,-6.159785839496107,-6.283213171780202,-3.317686621802468,-118.97237890066823
988.0,-1.0254349999754206,0.011154674085158094,-1.5703602708891806,-6.161729552915372,-6.283213756586576,-3.31711105954979,-119.14781347949028
989.0,-1.029326185859986,0.011186144548275186,-1.570344706720629,-6.154577047240586,-6.283203494625981,-3.3120658651683677,-119.32154470253874
990.0,-1.0294582948464361,0.011272238103234536,-1.570306013061299,-6.1489091640872795,-6.283206201705548,-3.3067757559769433,-119.49503927520776
991.0,-1.023505816187756,0.011351321271874958,-1.5702586933933658,-6.144076006519288,-6.2832070764127295,-3.3079825462090193,-119.67074455010801
992.0,-1.0167733152399077,0.01134489534577704,-1.5702895973784972,-6.143376113561605,-6.283211074032174,-3.3001559619770156,-119.84926993634666
993.0,-1.0088723087282279,0.011361004829254505,-1.5702933838328998,-6.149312821256367,-6.283211068701673,-3.3019752050483633,-120.03115952116924
994.0,-1.000507784126287,0.01132143776290042,-1.5703148864667666,-6.151711856651163,-6.283213247088655,-3.295565145407912,-120.21672752552173
995.0,-0.9911176417333459,0.011292433147711823,-1.5703235320483653,-6.14667750582493,-6.283202339736602,-3.292243498669797,-120.40643833672326
996.0,-0.987354722427779,0.011270710134078425,-1.570389590585426,-6.155795811997515,-6.283208380722668,-3.3020051326268556,-120.5980955172681
997.0,-0.9910759903729977,0.009623247284308287,-1.570375462084073,-6.170659741018775,-6.283210750695996,-3.305477292474288,-120.78901954067355
998.0,-0.995300894365914,0.009437963341293529,-1.570457764921779,-6.173439674308617,-6.283206327146755,-3.2969936151376698,-120.97823109556884
999.0,-1.0013026118483326,0.009983661811126608,-1.5704559740410984,-6.178124773833843,-6.283209751629675,-3.295623702753404,-120.97823109556884
