time,shoulder link,upper arm link,forearm link,wrist1 link,wrist2 link,wrist3 link,total_reward
0.0,-2.2605298990499235e-07,6.07025214397414e-05,-1.2405430609466916e-05,-6.221264776625812e-06,4.511879345564226e-07,2.1655237959164014e-07,-0.9111607981031667
1.0,0.0009055489039956883,0.004559649230275839,-0.005051575394323803,-0.005025475536675651,-0.011109303238108473,-5.819078898112658e-06,-1.8233970116803933
2.0,-0.00028308798395742184,0.008742970245300397,-0.014225539118021697,-0.015580807936362713,-0.022932328278056236,-0.011118057060302557,-2.735144690979244
3.0,-0.006769224761555416,0.011352955306414711,-0.026688641702466615,-0.02272266805127314,-0.03884335508307051,-0.015187751637437477,-3.6420827351302294
4.0,-0.014395438640814025,0.012875335925490101,-0.0413675032968031,-0.02628518550802258,-0.0508211792306348,-0.027970780660046178,-4.54257056972393
5.0,-0.024761615669388396,0.013768945148534216,-0.057482269522875114,-0.03506097222408619,-0.06676696078773037,-0.04434245219521434,-5.434686990131155
6.0,-0.03651645179296568,0.01406342617741092,-0.07198024592151975,-0.04972955400447258,-0.0825114254203056,-0.05796545406844841,-6.317670327244479
7.0,-0.050215637312073805,0.014486985956437397,-0.08784723902689771,-0.06687124951113856,-0.09730343339256349,-0.06301680071772771,-7.19034282811641
8.0,-0.06581572837036781,0.014735352230217142,-0.1047085651797909,-0.08504383233081883,-0.10359746400971975,-0.06801476367926154,-8.051558247450338
9.0,-0.08035721611184775,0.014832121596495364,-0.12225241604565149,-0.09474653629638985,-0.11336246784491025,-0.08112101206505554,-8.901197460138707
10.0,-0.09471380804620522,0.014879801333768783,-0.1402332739269482,-0.10145807480592114,-0.12842499478259203,-0.09656500876418557,-9.739013202922028
11.0,-0.11033234153841993,0.014564770719417662,-0.15458048094191654,-0.1095700839727913,-0.14458760022747058,-0.11401820098340942,-10.564664138073168
12.0,-0.12674095192375776,0.01436696068949342,-0.16538936529959913,-0.11780087840968974,-0.16233738316997312,-0.1323196203321299,-11.378200795044583
13.0,-0.14392055005309234,0.014623512371479961,-0.17728028256484207,-0.11722710828641685,-0.18076334807824457,-0.15097218509112476,-12.178896284272202
14.0,-0.15946509840030756,0.014913192336597419,-0.19144164562283997,-0.11139170828642297,-0.1994675964169831,-0.16421449620729178,-12.967047301543497
15.0,-0.17474315777839686,0.014967461346085004,-0.20583717008395375,-0.11712319767659968,-0.21489848380724297,-0.1806806082799885,-13.743118464882091
16.0,-0.19110276369891646,0.015034036056659775,-0.22171868455943997,-0.11287377116660734,-0.23230608566198846,-0.19562218193235836,-14.505876920385068
17.0,-0.20839393827083164,0.015049143308293132,-0.23858795409313116,-0.10504026323649295,-0.2505899150038174,-0.2128352781452092,-15.254368462388864
18.0,-0.2262905884375827,0.015032546388645525,-0.25611829954607435,-0.09695354379575306,-0.26923584940251294,-0.23103655488548822,-15.988013020868598
19.0,-0.24368101060889552,0.01492675640256799,-0.27353126531892175,-0.08261658719250183,-0.28803071918462536,-0.2450665745016049,-16.70684315267392
20.0,-0.25965782293452316,0.014563401197300518,-0.28714876149667495,-0.06922637040904892,-0.3068874229027436,-0.2618750570709073,-17.412238223874677
21.0,-0.27441590229906143,0.014706461237535046,-0.3015683782735949,-0.05499161418081669,-0.3252720520890654,-0.27990829405735607,-18.10501673298013
22.0,-0.28997591498527714,0.014832789891968528,-0.31707043715256805,-0.04069115114087189,-0.3395927374644754,-0.2964528978411861,-18.784686973887805
23.0,-0.30530782085332003,0.014901761006532501,-0.3336924012935428,-0.023743145152327807,-0.35652549597653865,-0.3109298668110744,-19.450910649846808
24.0,-0.32024411838657046,0.014909724536328352,-0.351063021577888,-0.0063562458101097865,-0.3746126746888152,-0.3279421240204157,-20.103703487381683
25.0,-0.3361414954836367,0.01483878422045523,-0.36850301849013173,0.011908049562567967,-0.3931769741023949,-0.34205646059809003,-20.74242879854246
26.0,-0.35165240691826305,0.014805351745283865,-0.3862124166604587,0.03054124919959873,-0.41193840985779706,-0.3589096257128342,-21.367183781956022
27.0,-0.36780714178111357,0.014786383562199718,-0.40430671744432384,0.046974071951919806,-0.43078122685728015,-0.36885239150810983,-21.977635438980535
28.0,-0.38212369363009246,0.014432271546349577,-0.4187576533314632,0.06479666998353244,-0.44965704682052376,-0.3818464247577625,-22.575233321599015
29.0,-0.396967044893386,0.014622005083770335,-0.4345280786203089,0.068359090025238,-0.46303763432150263,-0.3982665045597238,-23.160410429483097
30.0,-0.4131885821197785,0.014700724211293863,-0.45134060066010473,0.07131658401315187,-0.47956121138212654,-0.4120179017268306,-23.731998143583624
31.0,-0.43038258930962653,0.014469207579144274,-0.4660030588507795,0.07967307179833656,-0.497478403121212,-0.4238656732808773,-24.289456575836265
32.0,-0.4482306102366559,0.014582390356991598,-0.4819678044599749,0.09416130890920962,-0.5159735531849189,-0.43976540140534176,-24.832154960594966
33.0,-0.46647409676008234,0.01463737367810575,-0.49889907536507794,0.11124481628590861,-0.5327022022200808,-0.4521683602556156,-25.35967445067843
34.0,-0.4849573196240717,0.014525608071705581,-0.5151223040946359,0.12939407505224607,-0.5506706605283024,-0.46829268146059694,-25.871883397048812
35.0,-0.5035936846653745,0.014575547652397686,-0.5321692651170803,0.1417940553404167,-0.5691858004075852,-0.48604284431839656,-26.36877772614361
36.0,-0.5223391639714082,0.014510493388166944,-0.5491873827675183,0.1578941580339477,-0.587926321111265,-0.5044674852234294,-26.850209757995444
37.0,-0.5411393809853235,0.014515438737687531,-0.5667853922924083,0.17201006076199205,-0.6067609038818927,-0.5231709264796739,-27.316182014154787
38.0,-0.5599711065370256,0.014500672023535256,-0.5848147390651349,0.1796161747431115,-0.6256338571869653,-0.5415823955372885,-27.766803483290833
39.0,-0.5784215462069796,0.0143045905503732,-0.6013616399765092,0.1938011400548065,-0.644208368676195,-0.5556826321869803,-28.202418875462975
40.0,-0.5950154486927102,0.014351510383794553,-0.6186001082171753,0.20876478082404132,-0.6629697303220183,-0.5723731183405325,-28.624126557298702
41.0,-0.6117343096443325,0.01434553379353367,-0.6364017653021186,0.2260125559349331,-0.6818114929235879,-0.5903551020649032,-29.031884649256796
42.0,-0.6289832416110198,0.01431652974433464,-0.654572630958989,0.24227923299224802,-0.6912783196495598,-0.6088754512140829,-29.425783533334847
43.0,-0.6449596896455596,0.014275111137229181,-0.672988414015162,0.26005186695127164,-0.7054004889462941,-0.6245852930366858,-29.80638240508453
44.0,-0.6602142602509022,0.014000458428590863,-0.6886087923853976,0.27849138864922823,-0.7173600124005304,-0.6421146689031733,-30.174686512709957
45.0,-0.673493359988473,0.01410265967754859,-0.7052059145125352,0.2928156678661441,-0.733308420141085,-0.6604466315134158,-30.531832855247682
46.0,-0.6877564396992706,0.014053360642643693,-0.7216411804966397,0.30432395132750534,-0.7509867192591265,-0.6718279650906944,-30.87745880799577
47.0,-0.7036901410334964,0.014065536581934789,-0.7388594318389223,0.32007173858217836,-0.7693822831236264,-0.6875300284050787,-31.21059806319029
48.0,-0.720615415101814,0.01400321810370273,-0.7560279824573437,0.3376725842374093,-0.7880745886113764,-0.7051055740190417,-31.53082009884041
49.0,-0.7382400917797531,0.013993390524771247,-0.7737362542643341,0.35603691269368576,-0.8068889300505169,-0.7234579654907549,-31.83791491081379
50.0,-0.7563347449323915,0.013960936143386917,-0.7918458469390859,0.37408933217452855,-0.8257536018136094,-0.7421315772203207,-32.131842640903926
51.0,-0.7738058402822283,0.013857466468625422,-0.8093191308070858,0.38615944184806045,-0.8446394246447252,-0.7575225440326326,-32.413296725690735
52.0,-0.7874530985554873,0.013865214939470826,-0.8272002823472199,0.397610832226249,-0.8605119656628152,-0.7729767991246138,-32.68455570155632
53.0,-0.798437822490354,0.013835513896459857,-0.8454466052151339,0.40072453817883885,-0.8781081348539898,-0.7842895873177557,-32.947203014151846
54.0,-0.8094924668083646,0.013460492892873557,-0.8595084937957541,0.4131339550273305,-0.8964674153571984,-0.7913485579627725,-33.201860210363506
55.0,-0.8217386920123934,0.013573786033296743,-0.8748510238879809,0.4270711876743393,-0.9151441583681221,-0.8014481085483843,-33.44829249418502
56.0,-0.8305222276457509,0.013662836836483845,-0.8913545387957337,0.4438721453612924,-0.9339547662245801,-0.8166428439464144,-33.68821772838783
57.0,-0.841175465631851,0.01362354052786068,-0.9087207079031827,0.46140773458362017,-0.9528136917518041,-0.8273392824327097,-33.92114897912381
58.0,-0.8525381187379021,0.013441366920809404,-0.9244709342364288,0.4797280162224909,-0.9716986780546185,-0.8427512311734855,-34.14713561189071
59.0,-0.8612198065664982,0.013493463646491724,-0.9411911252158409,0.49838147425251134,-0.9864234819844244,-0.8548194047558604,-34.36783490482491
60.0,-0.8682400986918368,0.013346921485112531,-0.9564699650032814,0.5120507777597102,-0.994244549332245,-0.8708030814550843,-34.58442448919282
61.0,-0.8766222500349737,0.013316906854969363,-0.9720873382788855,0.5286995782912196,-0.9978753041639212,-0.888495039498095,-34.796828337994135
62.0,-0.8882492451197838,0.01331823348685921,-0.9888010283326889,0.5365861468567109,-1.0104633150098146,-0.9068955539948308,-35.00363815063121
63.0,-0.898977343303622,0.013309413858291085,-1.0062116038212119,0.5498664352878476,-1.0267594193842893,-0.9194153755456287,-35.20565155892885
64.0,-0.9116096958996773,0.013236118531387375,-1.0241604736807655,0.566445363499722,-1.0388499410082235,-0.9329191985117371,-35.402877447469066
65.0,-0.9264435996064859,0.012987486475410766,-1.0393700491178894,0.5761832978304187,-1.0548391339808856,-0.948226384527893,-35.594777882104154
66.0,-0.9416437693336819,0.012908816368879805,-1.0531153256403583,0.5912196742280468,-1.0725367614526597,-0.9621233087718277,-35.78216746701797
67.0,-0.9578396971033254,0.01281465486598182,-1.064867960365125,0.6007618835601434,-1.088299189773231,-0.9788947031264967,-35.96519788106935
68.0,-0.9750506890503513,0.012984324024578974,-1.0788810696938071,0.6126754522510288,-1.0983817985751492,-0.9969131589675346,-36.14451622770772
69.0,-0.9928235742831142,0.012991652739948307,-1.0936864429570918,0.6286410712659981,-1.1135590937929956,-1.0154487071477156,-36.32119562058347
70.0,-1.0109974773875412,0.013004610009864229,-1.1098531130004607,0.6463327670355695,-1.130921257501533,-1.0319932938766687,-36.496458667846305
71.0,-1.026645480498073,0.01272250492341625,-1.1218398086771115,0.6541843101030089,-1.137179667727603,-1.0498819306115688,-36.6704641289819
72.0,-1.0427767132611598,0.012835139507008568,-1.135993459150076,0.6615008329872378,-1.1508603146776304,-1.0670298219918302,-36.844339839864126
73.0,-1.0598882046340485,0.012856256345225485,-1.1517479127434977,0.6682212978090144,-1.1676055676096948,-1.0817400911248294,-37.01904652029922
74.0,-1.077639421001997,0.012820717997345826,-1.168574960808107,0.6701997262302836,-1.1799893379625177,-1.0988486480211592,-37.19502201491346
75.0,-1.0953461340896065,0.012758125622908172,-1.1861000336693366,0.6786892153005705,-1.1958471363466687,-1.1129937655456061,-37.373859710842225
76.0,-1.109343739855776,0.012712523737052587,-1.2040713597682036,0.6890243198634836,-1.201392097576031,-1.1298594929358545,-37.55590180970015
77.0,-1.1223263611695828,0.012537446946958727,-1.2208785634932986,0.7023601125883363,-1.2121873975761481,-1.1479167514651683,-37.74201303548181
78.0,-1.1318282402144813,0.01252598349452841,-1.2383308338369405,0.7130148926719941,-1.2276974617874696,-1.158535796089439,-37.932609612465434
79.0,-1.142178245438587,0.012434273602361956,-1.2563221254971937,0.7242355119594026,-1.2411285489927961,-1.1739368571928734,-38.1280300270394
80.0,-1.155252114087475,0.012334635098973843,-1.2746424283347912,0.7259289774263472,-1.2547392472704262,-1.191388408233403,-38.32816597467349
81.0,-1.169103375676856,0.0122619447974413,-1.293139656090896,0.7321991906377417,-1.2694807386895666,-1.2081828915023878,-38.53392506787118
82.0,-1.181768491700605,0.012205396601043394,-1.3117837477313374,0.7347162822749548,-1.2866304548921148,-1.2261867315863457,-38.7454050130926
83.0,-1.1921506726125644,0.012076032759384684,-1.328851161842957,0.7287247548329859,-1.3048076078790039,-1.239275599949585,-38.961699137372186
84.0,-1.1976689947656076,0.012032805312494047,-1.3449827204611358,0.716910877568957,-1.3233552417204557,-1.2516752813918046,-39.18156531690967
85.0,-1.1982229613815947,0.011916217863506327,-1.3586929530280363,0.7071177570093904,-1.3374296596089517,-1.262809604211958,-39.40367297100883
86.0,-1.195851983817452,0.011979439856053807,-1.374059351970779,0.7033174777290314,-1.3542536546171435,-1.2784118862077936,-39.628431306765066
87.0,-1.1988197517307484,0.01165788186053465,-1.3850813404798896,0.7017066830068059,-1.3709806068172354,-1.2959464052965275,-39.85629976092507
88.0,-1.1988634914457936,0.011793818249542768,-1.3972093205197715,0.6932474094849306,-1.3889665726503448,-1.3142817628461012,-40.0865172751373
89.0,-1.1954220122201658,0.011893948896263879,-1.4115850564275785,0.678718643583116,-1.4074872594724381,-1.3319659453923454,-40.31825087612466
90.0,-1.190701324321177,0.011870722488841886,-1.4275060442108123,0.6704206257231652,-1.4262288297421024,-1.3503466008467613,-40.55207875829089
91.0,-1.190647632015267,0.011754503562273933,-1.444508314658035,0.6594372125033447,-1.4425169862952871,-1.369031527146476,-40.788501028531755
92.0,-1.192489826475215,0.011673718123113864,-1.462125852235954,0.650174295288633,-1.460296781485537,-1.385245495770234,-41.02821726257655
93.0,-1.192842958530622,0.011492138719776878,-1.4765709980626502,0.6353662898149786,-1.478735153146439,-1.3986640326791036,-41.2700299480673
94.0,-1.1942565054099077,0.011507939823216958,-1.4924232099765473,0.6181544355112287,-1.49243313241646,-1.4152229555830196,-41.51370638295743
95.0,-1.1955533807552452,0.01149283894220553,-1.5092971788328453,0.5999533866962218,-1.5090986788455085,-1.432169542023921,-41.75946355742284
96.0,-1.1965699707477166,0.011365221326899218,-1.5248029728593364,0.5832329662989675,-1.5270746668555977,-1.4502451799160319,-42.00727356368438
97.0,-1.19355046030431,0.011349361646773182,-1.539831887214084,0.5652672957141144,-1.5410704108786326,-1.4688039149499943,-42.256033333872516
98.0,-1.1858312123220627,0.011140490241219981,-1.5500030111172938,0.5611142472094574,-1.557865448563657,-1.486226140705822,-42.50581218688296
99.0,-1.1777633362289777,0.011047673984885747,-1.5568296848559908,0.5523602208419739,-1.5758920345431369,-1.504492470013191,-42.75558199088611
100.0,-1.1672278776357699,0.011049313661778892,-1.5613430370374723,0.5449473540242887,-1.5944327650637313,-1.523129887905348,-43.00475156256682
101.0,-1.1592009139488333,0.011006603321185582,-1.5644040477393328,0.5458792105031739,-1.6028216844187557,-1.5419214124115304,-43.253868108317306
102.0,-1.1492821306459235,0.01108780909743086,-1.5663952776905468,0.5351034872023795,-1.6173536771211403,-1.5583281536185012,-43.50152493745845
103.0,-1.1401858714144237,0.011102930213880393,-1.567752326801624,0.519551682595191,-1.6289856757592982,-1.5731850196475503,-43.74696990380666
104.0,-1.134701245713016,0.0110695122168654,-1.5686762306006214,0.5110807795345919,-1.6414527073128324,-1.590361769091382,-43.99138081632594
105.0,-1.1293752701630475,0.011104691306440593,-1.5692551812543822,0.5045291441186962,-1.653067527830154,-1.6074339154137438,-44.23495225888573
106.0,-1.1227291851987795,0.011147974766754661,-1.5696317735637606,0.4977290361813678,-1.6688791558707732,-1.6255592371493157,-44.477628618270295
107.0,-1.1187837372728469,0.011146984178597157,-1.5699258325818441,0.48391897794134187,-1.6864999259106168,-1.6327492248963487,-44.718874119508804
108.0,-1.1157683776425078,0.01112487591675812,-1.5692192180234048,0.4705587378104799,-1.7048733150564206,-1.6456416986315374,-44.95864101511885
109.0,-1.115377829559407,0.011175189647674307,-1.569610714886093,0.45401091959720496,-1.7235541316865433,-1.6620383338737081,-45.19702547218981
110.0,-1.117229391038462,0.011165271810692018,-1.5698932309731666,0.4360817309670588,-1.7407301060612208,-1.6799029353562036,-45.43409163400462
111.0,-1.1201930466259955,0.011159640959211828,-1.570068902786398,0.42215904264548465,-1.758424711137451,-1.6865971480459412,-45.670512077411104
112.0,-1.1194844108796753,0.011220609150980656,-1.5701397643045016,0.40783427229089175,-1.776821184171956,-1.6908807410000188,-45.90580538182396
113.0,-1.1173902522561816,0.011215340559003832,-1.5702181233593437,0.3988802432964795,-1.7954165980681105,-1.7004561740672912,-46.140360439700196
114.0,-1.1196672723403327,0.011182014503537206,-1.5703229620238925,0.3841782555244853,-1.8113680149328413,-1.7116261926964957,-46.37409926649382
115.0,-1.116242982414706,0.011262273861409305,-1.570279913050212,0.3705955138360966,-1.8290090400820167,-1.7213735121593683,-46.60632575412896
116.0,-1.1074283652880024,0.008661432232135093,-1.5701602745079875,0.3539757406565378,-1.8473854501915417,-1.736387493132331,-46.83588530484972
117.0,-1.1020988129053444,0.008545273613561137,-1.5704226442692506,0.34283458021038465,-1.8660467102814335,-1.753678414980259,-47.063849499303814
118.0,-1.097556613108207,0.009401470287826105,-1.5704246139356488,0.3297345369260018,-1.8748000694316718,-1.7683333373323595,-47.28976220094395
119.0,-1.090207810487822,0.010070531630231735,-1.570372168938231,0.31981421362141893,-1.8836657946290447,-1.7737541068638727,-47.51354426621379
120.0,-1.084932781624952,0.010471747950663584,-1.570394287333862,0.3047367989172237,-1.8983164106940469,-1.787092179224438,-47.73508732089479
121.0,-1.0817981507969017,0.010713949461143539,-1.57040416083524,0.2916950783821444,-1.9128208732036294,-1.8036932157690533,-47.95494258329368
122.0,-1.0751700828165298,0.010951880264255682,-1.5703521188404512,0.2752897042318023,-1.92986332411114,-1.8216428155281186,-48.1722823997413
123.0,-1.0686729973427886,0.011051219158460078,-1.5703647457486312,0.25742210465010484,-1.942133476678331,-1.8382885194110006,-48.3868077797246
124.0,-1.0600530355311375,0.011145939457065492,-1.570341432811339,0.23895107611540356,-1.9541679705618171,-1.8562247742792735,-48.59815079087782
125.0,-1.051218342375298,0.011181641417806287,-1.570350542140658,0.22023412678402438,-1.9671977872698194,-1.8747255742212197,-48.80629860825179
126.0,-1.0474542347788178,0.01112292236060685,-1.569822195546789,0.20141642892261563,-1.9796023976837511,-1.8934606040149098,-49.01181996787891
127.0,-1.0448902038885328,0.011190517257307247,-1.5699848185569516,0.18254788212142412,-1.9957533900131024,-1.9122923622337238,-49.21513285552028
128.0,-1.038927918966741,0.011231338744259765,-1.5700775798699276,0.16799276802497695,-2.0079771614348654,-1.9289275560925,-49.41620362765811
129.0,-1.030341170834008,0.011268052623732067,-1.5701494689333761,0.15231419323819642,-2.024021650388401,-1.941631688772052,-49.61464924943371
130.0,-1.0214952999533229,0.011270141579534624,-1.57021885699671,0.13476839959561604,-2.041739398581957,-1.9447307406081027,-49.8102950981549
131.0,-1.0194025005493859,0.011184006848146709,-1.5703386757260824,0.11731115216762264,-2.0601462270788207,-1.9558715395692263,-50.004019984692135
132.0,-1.0157426681850277,0.011223219699889923,-1.570320257629669,0.10242242190912398,-2.0771495046914983,-1.9703121914649866,-50.195932192430945
133.0,-1.0118002338600307,0.011234503146342424,-1.5703347746251293,0.08692977413131524,-2.0889827813527124,-1.9782378351161007,-50.38586982656162
134.0,-1.0083981494240062,0.011227535952561372,-1.570350359611238,0.07346385256230711,-2.1048549628373747,-1.9925572722295588,-50.574203566748004
135.0,-1.0012106307395277,0.011293303346412159,-1.570308590875794,0.05728319844681358,-2.1174948170793795,-2.009562447487744,-50.76017900181968
136.0,-0.9909138276357558,0.01132086709560603,-1.570294178987467,0.03951178143756913,-2.1337207288907987,-2.027679081312502,-50.94340067803645
137.0,-0.9808113750241881,0.01127547611262489,-1.5703241706330597,0.025848369524392924,-2.1388844632292714,-2.0462552439513977,-51.12427955542909
138.0,-0.9712505563458028,0.011280899062273761,-1.5703350331698622,0.009201160067322262,-2.152129097372197,-2.0627655966966527,-51.30283642384583
139.0,-0.9619025289189898,0.011277059339151874,-1.5703411489017733,-0.008325784272064846,-2.1686942833284575,-2.0798672164126213,-51.479181334038834
140.0,-0.9558670488274841,0.011235117602014625,-1.5703808976863292,-0.026645455793540277,-2.186627736344176,-2.0956992284776836,-51.6536027384061
141.0,-0.9476316869972659,0.01127425039431091,-1.5703419381987325,-0.045304307004449984,-2.2029970918902424,-2.1132909492522485,-51.82602229890098
142.0,-0.9386332489283176,0.011274620581895956,-1.5703416492522355,-0.06410290043051066,-2.217622996307902,-2.1311755346720305,-51.996541651647
143.0,-0.9345992913526255,0.011190195610967766,-1.5699421254774355,-0.08296193470428054,-2.234698302933237,-2.1438201407734327,-52.16540453280542
144.0,-0.9268447817810217,0.009754359673499927,-1.56993994274762,-0.10182119964126972,-2.245709836365341,-2.1588838378979838,-52.332991799659965
145.0,-0.9155343683027041,0.009970989630443986,-1.570147106917603,-0.12075563774737932,-2.259735753442591,-2.176175540000951,-52.49920826440526
146.0,-0.90234651377227,0.01042849622679802,-1.5701946809601466,-0.13687769355776108,-2.2765925595315464,-2.1944100986766975,-52.66445403779047
147.0,-0.8882688215177332,0.010706358449849582,-1.5702404239551915,-0.146332959902281,-2.294647398803229,-2.2130349880502984,-52.82963125963635
148.0,-0.8775703695832809,0.010892563582953116,-1.5703034238775688,-0.16124901925427773,-2.3131948282233594,-2.2254657051318514,-52.994591268564164
149.0,-0.8700665276525907,0.011000063604959531,-1.5703451756148041,-0.1785116030224145,-2.331950447503641,-2.2415826154192744,-53.159199434687096
150.0,-0.8628459151991992,0.011060539827178504,-1.5703571612632448,-0.18986926207928567,-2.3507927755378017,-2.2593291240185307,-53.3239147363193
151.0,-0.8560850572793539,0.011142650022812142,-1.5703565910558277,-0.2052764470266844,-2.3623853288099332,-2.277752188107221,-53.488580169087584
152.0,-0.8545773281256034,0.011104675832080734,-1.570420610908795,-0.21799747088423763,-2.3734525611316686,-2.2840072406884864,-53.65296680021358
153.0,-0.8530915070143358,0.011182899170366748,-1.5703857943147728,-0.2342558631191538,-2.389038780232254,-2.2976975493719487,-53.81694554644945
154.0,-0.851711897757131,0.011211477073499924,-1.570378505808517,-0.25207113225017325,-2.4065688607475924,-2.311352382798953,-53.980633421501985
155.0,-0.8472874469730522,0.01125753756302465,-1.5703412652473188,-0.2700740971727565,-2.4158440733158013,-2.3280311588548415,-54.14431007798841
156.0,-0.8402879848227939,0.01128337299015782,-1.5703257838808895,-0.28859066706935554,-2.427834425336095,-2.3422211667023256,-54.30846855805275
157.0,-0.8326171355362701,0.011276991078097145,-1.5703360715719172,-0.30733396898816173,-2.44382919410643,-2.35910925062617,-54.473506901778904
158.0,-0.8234347740362671,0.011200860196145584,-1.5703618701746087,-0.30926885285019284,-2.461530053212036,-2.377175692755529,-54.64019357934068
159.0,-0.8207884593424666,0.011170526933493118,-1.5704289720499218,-0.3177886194359967,-2.477412892647443,-2.3957312569872995,-54.8075851838571
160.0,-0.8226710522702525,0.01118555041703972,-1.5704359940570696,-0.3323468218816907,-2.495026096274011,-2.414488740873073,-54.97498165580674
161.0,-0.8280400586745841,0.011147095975959621,-1.5704540361728636,-0.34279808153061464,-2.5133953628952157,-2.4333297425240783,-55.142141117066835
162.0,-0.8344248574801821,0.011192208430645492,-1.570422772799456,-0.35618771751544265,-2.5320770423242704,-2.4515888720628034,-55.30910029536647
163.0,-0.8409045321186669,0.011192547705900127,-1.5704102120679895,-0.3662488941947157,-2.547684035080152,-2.4702133344569446,-55.476022000900485
164.0,-0.8398677965512985,0.011331045306194528,-1.5703024912692998,-0.38138062111038884,-2.565171478884873,-2.488999058864022,-55.64369428432637
165.0,-0.8344546358166912,0.011340398031476868,-1.5702933724792818,-0.39667463901604605,-2.5830762742247706,-2.5078517574187202,-55.81278072837649
166.0,-0.8311385271415049,0.011253066934570309,-1.5703620270311063,-0.4092558577242794,-2.5963275981924037,-2.5235630090637917,-55.98308386807043
167.0,-0.8293403052523999,0.011213916713293647,-1.5703903798223167,-0.41925569428175014,-2.608158382066969,-2.5410906163347593,-56.154359902348034
168.0,-0.8256755231527225,0.011225875707129053,-1.5703746092294135,-0.42516558276015204,-2.6240586682977622,-2.5579450609077936,-56.326881208344524
169.0,-0.8283596533780587,0.01117419802485564,-1.5704432213722106,-0.4356728949018766,-2.639895985235447,-2.5759742043600626,-56.50029789959791
170.0,-0.8313608025869877,0.011226112213007794,-1.570405122713842,-0.45105277932025917,-2.65384561074894,-2.589936314036811,-56.674601126400205
171.0,-0.8308582000388753,0.01127875143965832,-1.5703582888408603,-0.46850350036780286,-2.6706387555433637,-2.596419160870759,-56.850420911393705
172.0,-0.8261617138028303,0.011275830697946694,-1.5703425371773274,-0.4824379191171851,-2.6732147095585126,-2.6026861852383756,-57.02733470632285
173.0,-0.8212644023346767,0.0112727706531572,-1.5703586445712405,-0.49921058186010664,-2.685443329550771,-2.6102999191919882,-57.20610979963442
174.0,-0.8170972731042677,0.011229037897156843,-1.5703891384864683,-0.5136072372328001,-2.7015898981115045,-2.6244418233672255,-57.386975368355415
175.0,-0.8139341491770667,0.011215288961207468,-1.5704048089605274,-0.5290757606558324,-2.717739912024936,-2.6390183566356376,-57.569959454296416
176.0,-0.8123309248611642,0.011161573162713323,-1.5704384181001745,-0.5393222144894323,-2.732142298802372,-2.656090736428946,-57.754651427830325
177.0,-0.8170024016290075,0.010593681040132837,-1.5704601581644189,-0.5538604253934376,-2.741236944823246,-2.6711842431167714,-57.940629440673284
178.0,-0.8207277922472928,0.01072280027313472,-1.5704522830642678,-0.5709589563129449,-2.7560205961431117,-2.67215273246992,-58.12821265494827
179.0,-0.8272574075064596,0.01082576091740516,-1.5704833337211566,-0.5844381341429115,-2.760670766385016,-2.6837458658555295,-58.31644606456681
180.0,-0.8302085170672014,0.011029458696585798,-1.5704020362398077,-0.6010024318768559,-2.7724079577180705,-2.694160276303401,-58.50620914773699
181.0,-0.8284964738329879,0.010788953444993754,-1.570340758245312,-0.6189413327195773,-2.7883275877992446,-2.709458962636801,-58.69857186750099
182.0,-0.8290276271911633,0.010812672789490156,-1.570429696741274,-0.637472028745866,-2.8059954144130748,-2.72532484609671,-58.89364451153284
183.0,-0.8334147638714248,0.010896164014968191,-1.5704692071227844,-0.6562160220017217,-2.824386327547114,-2.741897037359022,-59.09132671243275
184.0,-0.8421317488366236,0.010782990343736004,-1.5678347948229845,-0.6678560038384715,-2.8430777759984878,-2.7543649034750546,-59.2901523583142
185.0,-0.8530357850906835,0.011085607853970107,-1.5685789626321156,-0.6802358082685753,-2.8618884717340056,-2.770512342479314,-59.49140738837091
186.0,-0.8633160710596461,0.011129375608236102,-1.5691821683504537,-0.69368913921041,-2.874031506801755,-2.787622654798874,-59.69508164457516
187.0,-0.8668336817556029,0.011202446331266503,-1.5686454187891428,-0.7102904323581825,-2.8900396054604154,-2.802192777709251,-59.901339484501
188.0,-0.8674029983678252,0.011229021424593118,-1.5692049685990506,-0.7205120998296816,-2.9077422277895537,-2.8192413695992227,-60.110305517463004
189.0,-0.873175661886918,0.011130499439850429,-1.5696871013520939,-0.7304265810054607,-2.9261457895089333,-2.8373744045212295,-60.3222356184742
190.0,-0.8752989550356605,0.01121073295194694,-1.5698831204858048,-0.7436945567651625,-2.9448434952390663,-2.8525704465316726,-60.53716528092311
191.0,-0.877855310403413,0.011194595390052913,-1.5700822689536504,-0.7602536599373798,-2.963658834858528,-2.8698812752900964,-60.755508237661296
192.0,-0.8778433491659768,0.01121247364596155,-1.5701806150187805,-0.7781878965420905,-2.9779366961174745,-2.880735254043234,-60.97686851784453
193.0,-0.8768299388158897,0.011195792290257644,-1.5702746740041778,-0.796697943613359,-2.994847853521445,-2.8962233357698386,-61.201541885045046
194.0,-0.8772330905278098,0.01115250499618422,-1.5703652629983602,-0.8154457214624806,-3.012925742438851,-2.913710535501292,-61.42977306437482
195.0,-0.8753559558998113,0.011165101487291317,-1.5703846710419787,-0.833288197233092,-3.031487378806051,-2.9310707446493023,-61.661425533764394
196.0,-0.8786094868151487,0.011082224072369713,-1.5704870825820523,-0.8517518345756161,-3.0502464089004624,-2.9493178344353725,-61.89686483889619
197.0,-0.8828151961453747,0.011041896300099694,-1.5705192084268202,-0.8622696274547842,-3.0690899390133044,-2.9679474617439454,-62.13540089282434
198.0,-0.8883084202948348,0.011080063784856039,-1.570512328465105,-0.8776219921572896,-3.0827365210537687,-2.986735691027041,-62.376977112596066
199.0,-0.8979441815809468,0.011057918444778644,-1.5705448714721584,-0.8950704575471318,-3.0977496251019345,-2.9969323297879806,-62.622255071298625
200.0,-0.9108231901475384,0.011050954327891603,-1.5705534559405325,-0.9133741879278322,-3.110842977885095,-3.012172354042402,-62.87149185507264
201.0,-0.9258129055058071,0.011060459560316762,-1.570546089587009,-0.9320298750194356,-3.1259781863243563,-3.029557644629835,-63.12528367543272
202.0,-0.938682322118019,0.011106739258846001,-1.5705028863654944,-0.9495399952353559,-3.143301156692933,-3.046012327507413,-63.383721379024735
203.0,-0.9530520083907845,0.011090185157519845,-1.5705207009764977,-0.9678552338496478,-3.154097338150183,-3.063870311988427,-63.64666552646024
204.0,-0.9680788636122801,0.01109531354574585,-1.5705160407441272,-0.9858592686484338,-3.1695649591056805,-3.0823386682700065,-63.914754254409914
205.0,-0.9743727889074826,0.01120166479429189,-1.570420434336006,-1.0043657968278061,-3.172721814700744,-3.094350682843574,-64.185788144024
206.0,-0.9787693780822249,0.011172412108656785,-1.5704556980098934,-1.0231258820250329,-3.1851727371082363,-3.1086138892684434,-64.46036635883829
207.0,-0.9827088346555314,0.01112506367850607,-1.5704956907005359,-1.039702869784327,-3.2014110212546325,-3.1255654741792944,-64.73859558677039
208.0,-0.9875890588415028,0.011088723731714944,-1.570531589221431,-1.0576086395414588,-3.207417842457956,-3.1436591362899615,-65.0198232536857
209.0,-0.9967677566711418,0.01102985232123716,-1.570588182254668,-1.0761085740733864,-3.2205108715194326,-3.1593237005320765,-65.30535321906929
210.0,-1.0083058194866306,0.01100335298160699,-1.5706068790850372,-1.092485733820914,-3.2344054839427474,-3.176836566510929,-65.59549979729745
211.0,-1.0222461300343184,0.011003097961820342,-1.5706096994728347,-1.1103037346222233,-3.242949561607723,-3.1879749723367445,-65.89039705575735
212.0,-1.0379186322052758,0.010999342609550744,-1.5706103624212753,-1.1260365848929326,-3.2575092196493105,-3.2035760976231065,-66.19077704297537
213.0,-1.049110896865803,0.0110857765562982,-1.5705360806397166,-1.1435705378438026,-3.2653500061364764,-3.2160890717829576,-66.49547637504266
214.0,-1.0620292979254466,0.011049865679267286,-1.5705739014472349,-1.1619290868664633,-3.2788574043578644,-3.231049954602428,-66.80539679450146
215.0,-1.0770346188135826,0.011027825548932564,-1.570592582735467,-1.1806096735141336,-3.2955172372881587,-3.2482984752290354,-67.12128301567462
216.0,-1.0900652747546717,0.011022564104038223,-1.5705873472554466,-1.1928352118817303,-3.313492690749551,-3.2651262905127645,-67.44236935441813
217.0,-1.0998823970443452,0.011083277785702799,-1.5705434568819918,-1.2088649885923717,-3.3320102855368803,-3.2831459109366237,-67.76819135028413
218.0,-1.1120638148231006,0.011033741619462405,-1.5705928993080098,-1.2266027569398654,-3.35075345372492,-3.3012820672914995,-68.09942337066992
219.0,-1.1194384623959512,0.011089072902930007,-1.5705425331060905,-1.245012456532407,-3.3691556973188694,-3.3198594128304504,-68.43495775919203
220.0,-1.1278854969074386,0.011030854472298169,-1.5705986983111053,-1.2637335016010707,-3.3868587489805573,-3.338625777759117,-68.77496032697246
221.0,-1.1329091077724722,0.01102919912042201,-1.5705935335192978,-1.2779146463557833,-3.400925931979562,-3.3574705256527824,-69.11807877599445
222.0,-1.1416402955237153,0.010972127282155344,-1.570653841032269,-1.2948004117236096,-3.4177550182832945,-3.3763476529755727,-69.4653891855407
223.0,-1.1539202950350795,0.010940154052535404,-1.570682835447387,-1.3128727612949447,-3.4357997726233385,-3.3915140441553384,-69.81782518135194
224.0,-1.167351907244995,0.010944515245405816,-1.5706785887107195,-1.3314317134654854,-3.454346972829156,-3.4088068967110265,-70.17566794724368
225.0,-1.182289845070057,0.010938048277877643,-1.570684730116291,-1.3501979494893686,-3.473101822705924,-3.418150907778132,-70.53924917096084
226.0,-1.1963988047175715,0.0109613421324522,-1.5706638216002795,-1.369042923412235,-3.49194213060086,-3.4330461534138834,-70.90832674242294
227.0,-1.2116204609322856,0.01092512133430384,-1.5706936543903716,-1.3837846641832505,-3.510818235952925,-3.436568666548204,-71.28289491679435
228.0,-1.2275278737676456,0.010937077492537662,-1.5706844666531057,-1.3994411312487023,-3.5286005322272924,-3.4491625209587364,-71.66305807089621
229.0,-1.2379253876393577,0.011012886232452813,-1.5706184191183092,-1.4153592990761332,-3.547019497409821,-3.4592372687822435,-72.04742415160725
230.0,-1.2502106870026275,0.010955920894227651,-1.570674560423807,-1.433025946140309,-3.55529215669627,-3.474156549198487,-72.43616950492252
231.0,-1.2626259136273343,0.01090031434679127,-1.5707159758674172,-1.439818020255243,-3.5697748652898547,-3.483892826970633,-72.82898488884192
232.0,-1.2769663560079545,0.01092446769290332,-1.5707021715231668,-1.4537038308957633,-3.586849577649625,-3.4977781780851465,-73.22664531085728
233.0,-1.2928863965994761,0.010895493793747421,-1.5707256673913532,-1.4639766010961561,-3.6049968563767436,-3.512102915859148,-73.62944643232723
234.0,-1.3098535797681865,0.010907585942625172,-1.5707156319116884,-1.4755709078126544,-3.6213463661913923,-3.5290685649005393,-74.03763238840395
235.0,-1.3274922585824023,0.01090306557927747,-1.5707182641844806,-1.4849880462022962,-3.6353849058023617,-3.5445940644027356,-74.45126443204305
236.0,-1.3452902239160112,0.010921459807075835,-1.5701871964715,-1.4998757007752426,-3.6522114178864578,-3.5620549960554566,-74.87047622165112
237.0,-1.3609401715065594,0.010991732833176207,-1.570301813137413,-1.5171177855694444,-3.6651815244736663,-3.579703884325088,-75.29483435962477
238.0,-1.377302113762783,0.010954837502729946,-1.570450035776407,-1.535355001031985,-3.681546259134335,-3.5980753835987866,-75.72452804502724
239.0,-1.3935515031548011,0.010939387297123505,-1.5705393678169361,-1.553985155942096,-3.6993942812212914,-3.615959238616494,-76.15945135111915
240.0,-1.4100334469609779,0.010917256617078727,-1.570610566054538,-1.5727811883646794,-3.711560259982115,-3.634148254490157,-76.59960196371924
241.0,-1.4272678127687313,0.010881866355157893,-1.5706756673541,-1.5881989997491484,-3.719662831616292,-3.6527492119317735,-77.04509432493367
242.0,-1.4450870860782894,0.010876582148574506,-1.5707034747634148,-1.602699125471613,-3.730442450566961,-3.671525447485425,-77.49601584656384
243.0,-1.4632770996534907,0.010852413507909187,-1.5707390822000526,-1.6105838455529327,-3.742168832834318,-3.6903742320368496,-77.95231820517904
244.0,-1.4804233779130596,0.01090763194850429,-1.5707018454315178,-1.6248780464659047,-3.7532628304418836,-3.7045205582023284,-78.41378490813601
245.0,-1.4979594037776582,0.01088776024162975,-1.5707283412426454,-1.6378650696950718,-3.768856917153958,-3.707406056485228,-78.88038973402723
246.0,-1.5123521698949876,0.010919759941001908,-1.5707049260104287,-1.6503819879378316,-3.7863902486701067,-3.719745532070694,-79.35110920465726
247.0,-1.5274171744198646,0.010853631396149163,-1.5707681703199592,-1.6546098979036041,-3.8047274776411224,-3.7322512315602,-79.82591816274874
248.0,-1.5437865834125732,0.010875785428658115,-1.570750284794786,-1.6674520286965724,-3.8185944806735224,-3.748444989741361,-80.30533916030136
249.0,-1.5609528341530188,0.010861563763952902,-1.5707655182667875,-1.680019677125958,-3.83533334538311,-3.7662244860601026,-80.78949176716614
250.0,-1.5752893537056178,0.01090817245942638,-1.570725908446175,-1.6962335261446657,-3.853339362996073,-3.7818886499332303,-81.27745252467913
251.0,-1.5906565683455327,0.01086698439811452,-1.5707667941080583,-1.7140451006009791,-3.8611818667771143,-3.796735705763899,-81.76981277189616
252.0,-1.6065901051153784,0.010849469264639339,-1.5707836999214326,-1.732498691694928,-3.8665411964056715,-3.7990579141276877,-82.26683875455174
253.0,-1.622744740911572,0.01083201243285487,-1.5708013134718823,-1.7494562359793953,-3.8721918468535512,-3.8111806781008,-82.76856199723325
254.0,-1.6369178993568456,0.010855567966502156,-1.5707816074534258,-1.7675215170196084,-3.8820218298463094,-3.8254118160188253,-83.27417429335031
255.0,-1.6522816542181926,0.010821660163571395,-1.5708148285407435,-1.7860920380132441,-3.8971157248624357,-3.842349815895151,-83.78367252946055
256.0,-1.6688713378838476,0.010787769545834004,-1.5708469424181235,-1.8007643577857075,-3.9144435934136714,-3.86043786800059,-84.29725571234367
257.0,-1.6862742513282256,0.010793258476649215,-1.570840942135593,-1.817844778794986,-3.9311752663710497,-3.871703057107787,-84.81510382830298
258.0,-1.70107814198277,0.008262584577243996,-1.5706855308883256,-1.8359762758322666,-3.9465898523417944,-3.887357847328724,-85.33686541400607
259.0,-1.7167206790551912,0.008567108668398644,-1.570936744824775,-1.8541441716755482,-3.961775585846793,-3.904913803191923,-85.86225464401232
260.0,-1.7303186012501228,0.009358564730538992,-1.570882005806711,-1.8727020526003904,-3.9568796279634726,-3.9232581245113622,-86.39176319999241
261.0,-1.744186725252344,0.009850373592186355,-1.5708766319513074,-1.8914713844864786,-3.9659825274099423,-3.9409030291458382,-86.92464558613402
262.0,-1.759241172536991,0.010155821701562482,-1.57088721977381,-1.9103251571854385,-3.9748265508130944,-3.9522760473539384,-87.46123359931214
263.0,-1.775573579332165,0.010353578086739765,-1.5708955706192174,-1.9292109642230164,-3.988520768753203,-3.9604995359786623,-88.0015743968425
264.0,-1.7928006249018593,0.010485537532835853,-1.5708988697411639,-1.9481095600677816,-4.005253583414619,-3.9705956556510205,-88.54567984966849
265.0,-1.810609791811387,0.01057196520875961,-1.570901465120656,-1.967013555748836,-4.016665164065714,-3.985780448693309,-89.09404785523405
266.0,-1.826328197890279,0.010643447438858093,-1.5708941411203146,-1.9799169791589466,-4.032370496032688,-4.003142568573033,-89.64585076679242
267.0,-1.8427734835622174,0.010673090128880505,-1.570897531751762,-1.9962390585496916,-4.045952563709358,-4.0214067654505685,-90.20130438539921
268.0,-1.8600667177437382,0.010679484628568258,-1.570915969883133,-2.0101346944632867,-4.061063438853901,-4.0400438636423885,-90.7605686713687
269.0,-1.8779257719984876,0.010700249014678465,-1.5709081156099112,-2.0268989458569124,-4.078371244618945,-4.052299012512786,-91.32354741256262
270.0,-1.8943870568926187,0.010722303265613947,-1.5709011171514948,-2.0417662675372705,-4.096613240320175,-4.068346106508697,-91.88975264182685
271.0,-1.9114247160539073,0.010716166850443493,-1.5709116225987367,-2.058951972020737,-4.110935711689421,-4.085114398755324,-92.4595515508787
272.0,-1.9291096055985457,0.010710725829249456,-1.570920867793216,-2.0771502836934785,-4.127870552958205,-4.1031168009693175,-93.03288395539649
273.0,-1.9472168860595525,0.010706553771783624,-1.5709288025570174,-2.095765890367242,-4.143823549727313,-4.121645252925092,-93.60991124960478
274.0,-1.9613747260800918,0.010744642394258805,-1.5709022790834266,-2.1111469521823825,-4.15431299625061,-4.140391588040957,-94.19002546709085
275.0,-1.97651695349124,0.010686959287932766,-1.5709657696689125,-2.11587579830342,-4.169062908917555,-4.159228049516051,-94.77329208981388
276.0,-1.992972476776519,0.010672687635738075,-1.5709721616646795,-2.118590067122394,-4.1862370394068344,-4.178101785828956,-95.35993240916844
277.0,-2.0023341610352676,0.010784138145882855,-1.5708570390808265,-2.1307858978149268,-4.204421430371464,-4.196990851301677,-95.94760362194964
278.0,-2.013653340082297,0.010688530016130581,-1.570960047593434,-2.132877838478273,-4.219100947505106,-4.2158862812865605,-96.53721967204869
279.0,-2.0261691097101835,0.01068502838187424,-1.5709485670654544,-2.1430752382819653,-4.229500506032155,-4.230288303299349,-97.12941547236895
280.0,-2.040683336044113,0.010665374427441345,-1.5709631551445287,-2.1583636912074127,-4.244795231832689,-4.24725195850115,-97.72421522887642
281.0,-2.0567165751910523,0.010647788050168073,-1.5709864566425666,-2.171897200841342,-4.253441004932198,-4.264225339326579,-98.32272107020827
282.0,-2.0716109814949,0.010675938080834505,-1.570959810362689,-2.188509180786787,-4.252228800938022,-4.282309567245782,-98.92551805253582
283.0,-2.087433130860918,0.010660666365708754,-1.5709763637449445,-2.2062887714128423,-4.262849442067144,-4.300871766668273,-99.53175139780319
284.0,-2.102527674709626,0.010670648049087074,-1.5709704196329763,-2.2247251315247025,-4.272154384373999,-4.312207097674223,-100.14130996898895
285.0,-2.1186708166095354,0.010650158346126667,-1.5709924467978322,-2.2434419692574914,-4.278172698031814,-4.327892634134156,-100.75479374552985
286.0,-2.135214118572868,0.010633688127158467,-1.5710235739754175,-2.2503407771098676,-4.2895974857092405,-4.339519393263461,-101.37208698667416
287.0,-2.1490813041083165,0.01068156906003502,-1.5709636012204908,-2.264274168574998,-4.3053719313227905,-4.352571245757821,-101.9918783972515
288.0,-2.16210728356414,0.01066963476638975,-1.5709793921048552,-2.276958865648285,-4.316776795251412,-4.357082921625086,-102.61427911909034
289.0,-2.1761136931183027,0.010646826568612587,-1.570994931458921,-2.292802414755942,-4.33247402864798,-4.3700530199586485,-103.23912492307862
290.0,-2.1882311674548953,0.010664414970000308,-1.5709797374170844,-2.310271580861184,-4.348975693529367,-4.385605112842485,-103.86579175453707
291.0,-2.202164632376608,0.01061526026715397,-1.5710399570102933,-2.3196470997708385,-4.36686788874271,-4.403105801327625,-104.49475728163128
292.0,-2.2178335178575925,0.010604056907064245,-1.5710392514095877,-2.332387968283166,-4.383293089420739,-4.410313643341282,-105.12667867011768
293.0,-2.2346285844450677,0.01060465211656136,-1.571032701359497,-2.3487121783790332,-4.401134932107362,-4.420408132876243,-105.76175158504392
294.0,-2.250619214527399,0.010620648062216912,-1.5710273244037731,-2.361871313649745,-4.40275257921803,-4.4333588242533715,-106.40136323113829
295.0,-2.2673902770470846,0.010609172930855924,-1.5710421209855205,-2.3710311519366334,-4.4146148685050495,-4.448462092226122,-107.04487032722038
296.0,-2.284903956118087,0.010609019958333214,-1.5710357380249245,-2.381168490768938,-4.430609481521788,-4.460251421439757,-107.69209152987169
297.0,-2.3029018700927257,0.010613355693078114,-1.5710239767034775,-2.3948335509277516,-4.448309462352572,-4.476116943686945,-108.3429937505596
298.0,-2.321211287211791,0.01061643640959971,-1.5710189542389732,-2.4115518005990104,-4.453138070887631,-4.4937599098839875,-108.99887131025753
299.0,-2.339604243290024,0.010619031870140499,-1.5710185952872968,-2.4295568020880713,-4.466261427326797,-4.502228579889521,-109.65905453258729
300.0,-2.358152315250312,0.010617469749572412,-1.5710243628593255,-2.447689699278435,-4.479190242981903,-4.5048795529951615,-110.32362084930784
301.0,-2.3762986329108546,0.010621639036977921,-1.5710242505865604,-2.4655715942114704,-4.495561652878338,-4.505087552170137,-110.99219812430445
302.0,-2.3932545132298073,0.010630170178853683,-1.5710183129439785,-2.484041210403921,-4.506011577313383,-4.50777409658537,-111.66500770996812
303.0,-2.4063652384042973,0.010660670241422743,-1.570993697840256,-2.502764790495232,-4.517507018541447,-4.510847878882664,-112.34089438751685
304.0,-2.420825602807354,0.010610427841180473,-1.5710491456156845,-2.51796288865724,-4.526064570766956,-4.523183169323661,-113.02044028005002
305.0,-2.4368072275270203,0.010502927210102712,-1.5688493529630538,-2.535274708392411,-4.540613291155409,-4.536346340477711,-113.70406529038443
306.0,-2.451178501955753,0.010668730185597068,-1.569466984623536,-2.5535000379219,-4.557713866391034,-4.55282304452879,-114.39071428327901
307.0,-2.466680885759184,0.010612934846801111,-1.5700220979202473,-2.5721434962796366,-4.575260951313877,-4.570719880165832,-115.08064026826565
308.0,-2.480378213184786,0.010615833320020866,-1.5703567468627502,-2.590936443445366,-4.5899683184066475,-4.581834850896571,-115.77371050793872
309.0,-2.4954291232531283,0.010577442558920708,-1.5706267458129723,-2.6057347880094435,-4.607074784794226,-4.595331188722329,-116.47010479377919
310.0,-2.511816731519911,0.010562220123564482,-1.570799510398922,-2.6136960296482443,-4.62523271308155,-4.609530466719078,-117.17012489641195
311.0,-2.5283131217897323,0.010562750623972229,-1.5708774623650519,-2.6280317993217475,-4.643825272855754,-4.626444642645657,-117.87395657199761
312.0,-2.5455249475632935,0.010557465421140281,-1.5709498009750933,-2.6430463442002803,-4.659838949685381,-4.644522541913292,-118.58208903566296
313.0,-2.5633247824406795,0.01055729399753738,-1.5709939992871855,-2.6591519341105148,-4.6774984210554225,-4.663082613693598,-119.29468290327989
314.0,-2.5815074818627446,0.010559338351454327,-1.571021150394297,-2.6768806872767987,-4.6958850910750245,-4.677095249718659,-120.0119161171804
315.0,-2.599939270622409,0.010562662543720295,-1.5710403585369308,-2.6953007441801775,-4.714572530010831,-4.6866642996259875,-120.73394790332023
316.0,-2.6096524225500612,0.010663373567107334,-1.5709670089768328,-2.713999471526215,-4.733380984814598,-4.695518332831881,-121.45834640057831
317.0,-2.61931968539723,0.010609886974143633,-1.5710404560480824,-2.7281219789471605,-4.74453128440134,-4.71016979828779,-122.18532327337788
318.0,-2.627192293830438,0.010603398941558468,-1.5710482146958886,-2.7422429628388136,-4.752074348612418,-4.722973088572484,-122.91471239163407
319.0,-2.6381847963650795,0.01053730409213404,-1.5711115377915505,-2.7559987807684454,-4.766223740892623,-4.739278583593979,-123.64693767410839
320.0,-2.6508667301068187,0.010518312371442951,-1.5711225527632964,-2.772398911777955,-4.776951946923589,-4.750093012407462,-124.38295404915921
321.0,-2.6644514843056317,0.010515510384065337,-1.5711257947509372,-2.790265165278844,-4.789699016722181,-4.754618355068136,-125.12304624013463
322.0,-2.6744790359440835,0.010564327899265927,-1.5710854679682433,-2.8087391952837395,-4.806008520164436,-4.764380099073029,-125.86604831288565
323.0,-2.686795870288964,0.010520117114559555,-1.5711299393845883,-2.827468673151421,-4.822874937838022,-4.777221028355111,-126.61255686978176
324.0,-2.701398770174309,0.010509997523519487,-1.571150936182744,-2.8415904678578836,-4.840917280244943,-4.787959315147382,-127.36310902376964
325.0,-2.7174987114600215,0.010504113706561612,-1.571144812898027,-2.8584296159875193,-4.859462078417683,-4.80338820702773,-128.11834458698647
326.0,-2.7316359099885714,0.010541353983783535,-1.571109286748644,-2.876481813745097,-4.8782133725215235,-4.820532824126069,-128.87784782751814
327.0,-2.7447905411124096,0.010547802293354466,-1.5711053265590877,-2.8950348193214297,-4.897052044663179,-4.838701650647183,-129.64136273993046
328.0,-2.7596080890990833,0.010523816761958378,-1.571128161680439,-2.913793582212078,-4.91194042925591,-4.842771451580837,-130.4096723322531
329.0,-2.7758460369125944,0.01051747974724956,-1.5711344257557418,-2.932635887798071,-4.92911354974964,-4.85560230336797,-131.1831951578175
330.0,-2.7898455183161066,0.010553938441828557,-1.571102556340045,-2.9515121089157024,-4.94729764615023,-4.865735857017624,-131.96131849043516
331.0,-2.8050695010911375,0.01053647272157994,-1.5711255615539117,-2.9678676323799213,-4.965903207572564,-4.880910837250541,-132.74421507395405
332.0,-2.820550040263357,0.010535151517881824,-1.5711196328340056,-2.985669520465853,-4.984680343313018,-4.893783072152032,-133.53213927883178
333.0,-2.8361724179240837,0.01053565001561237,-1.5711176292709141,-3.0041182693040707,-5.003528988395659,-4.910114484307792,-134.32523643965794
334.0,-2.8527973898515544,0.010527709346747675,-1.5711240211573012,-3.022832982725576,-5.014375736834726,-4.927598158065832,-135.12428885105365
335.0,-2.870215956409919,0.010529148035387901,-1.5711232511790123,-3.0416571933256944,-5.029871831432095,-4.9325172962492925,-135.92939122322562
336.0,-2.8868683256921694,0.010547428991600796,-1.5711072524378131,-3.060526020830806,-5.047364268897663,-4.945676951879864,-136.74028265288177
337.0,-2.903717734880885,0.010560696914950412,-1.5711123176493598,-3.0723240142177195,-5.065683008761263,-4.959393974646277,-137.55647757524335
338.0,-2.9174435806040533,0.010587959824426719,-1.571077074450576,-3.0848775776730695,-5.0843411646980465,-4.976103254975402,-138.37711854520578
339.0,-2.9323956203245385,0.010544297068498128,-1.5711042068545413,-3.100801709879274,-5.103004147610893,-4.994096382257146,-139.2027507698885
340.0,-2.948719395310775,0.010551712898356765,-1.571119503995236,-3.106809824289793,-5.119069802501159,-5.012621425007227,-140.0332209361109
341.0,-2.965939242235727,0.010530132915357164,-1.5711152409524716,-3.1179846203749175,-5.136751526758657,-5.027139894085942,-140.8691230576006
342.0,-2.9837432934513504,0.01052257938424609,-1.5711097146268105,-3.1336583374455818,-5.155147119892311,-5.044156339446145,-141.71099709596
343.0,-3.001796151537515,0.010541372854254065,-1.5711056060058506,-3.1459598133982634,-5.1730615745494415,-5.060476561691049,-142.55871332224467
344.0,-3.018104294114336,0.010556373765146546,-1.5710816359917352,-3.162038783631177,-5.190592995043787,-5.078279226542588,-143.41209376611042
345.0,-3.0332890703821542,0.010560318307178974,-1.5710792654739116,-3.1797778030177315,-5.208911033311633,-5.096724768236885,-144.27090408167777
346.0,-3.0450534276864385,0.010594562098647889,-1.5710578884395272,-3.1955868839062576,-5.219804124579727,-5.115436807071298,-145.1343104728503
347.0,-3.058626484286084,0.010559966766744741,-1.5711011923651583,-3.2073972285861627,-5.235317929930883,-5.134259109972826,-146.0022222260673
348.0,-3.0694668842447768,0.010452793532101023,-1.5671960766231183,-3.2232666908822822,-5.252816068695145,-5.1531142477601595,-146.87514623345498
349.0,-3.0825112597928466,0.010621726799036857,-1.568377476457541,-3.2409128474570523,-5.26481330997276,-5.17199548317401,-147.75287941072492
350.0,-3.096164299657884,0.010588839399414669,-1.5692938497971198,-3.255506714128273,-5.278857931507637,-5.186364647755022,-148.63525684403064
351.0,-3.1081646047960687,0.010575938959717332,-1.5698837298202843,-3.2725580913483028,-5.2935601790701545,-5.203314251443117,-149.52209058217744
352.0,-3.121219301535237,0.010548445485317911,-1.5703069324384742,-3.2884377886526903,-5.310689875406203,-5.221358073940384,-150.41350258334708
353.0,-3.1330423514834016,0.010553772057641882,-1.5705606040906477,-3.306050016812851,-5.328856729797963,-5.239903185645912,-151.30933817018314
354.0,-3.146852330049517,0.010538094860858655,-1.5707641912430852,-3.3190290456022784,-5.346426704551945,-5.258403273038236,-152.20974240111934
355.0,-3.1624286110191586,0.010515550768794457,-1.5708880858524215,-3.3353836906889844,-5.362174156018974,-5.272683912941388,-153.11562235014839
356.0,-3.176792125803444,0.010558486493547507,-1.5709404972448646,-3.347304667662828,-5.379724919889637,-5.289598067999031,-154.02623714407804
357.0,-3.189181038959506,0.010584020900374498,-1.570973948076516,-3.35526852261572,-5.393539900858344,-5.307675020268835,-154.94075261650147
358.0,-3.200805927568711,0.010565472789284061,-1.5710112990826772,-3.366720237897844,-5.410262007048776,-5.326234681170928,-155.85909928195403
359.0,-3.213988635404266,0.010528668776045285,-1.571057016333561,-3.38249535195342,-5.428262407996936,-5.344993999909329,-156.7820318696326
360.0,-3.2281622766911178,0.010524347533935234,-1.5710759084732715,-3.4001096325384315,-5.442689958024062,-5.363835817014743,-157.71017296644396
361.0,-3.243845835104863,0.01053496809350409,-1.5710903129038747,-3.414381994859412,-5.459671497986549,-5.38271171667276,-158.6435353354419
362.0,-3.2606444707052593,0.010530300488790754,-1.5710932008005216,-3.431294216518033,-5.475544956269533,-5.401601685823155,-159.58268405447672
363.0,-3.2759364063415517,0.010561824737128096,-1.5710696171713108,-3.449328975954531,-5.4919467073381965,-5.420497494281479,-160.52731702700711
364.0,-3.292141645159526,0.010554669815788389,-1.571080914506898,-3.467867552106424,-5.507174613919267,-5.439395752952929,-161.47768652069374
365.0,-3.3080556161903183,0.010600173343532259,-1.5710669162817275,-3.476038119430776,-5.523344757321324,-5.458294975703335,-162.43270773048394
366.0,-3.3248124191104793,0.010566778028839346,-1.571075299052651,-3.489669985751348,-5.541098201292512,-5.477194542867457,-163.39293080122457
367.0,-3.3375062258288817,0.010609629218790138,-1.5710324480913058,-3.5054210480748207,-5.559521139030457,-5.4960943081466125,-164.35751168007982
368.0,-3.351626615882525,0.01058985136770806,-1.5710638403349972,-3.516577075015645,-5.575841681703573,-5.5072271788230704,-165.32631968517694
369.0,-3.3641900925666346,0.010589560516120488,-1.571049812911243,-3.5321829609142803,-5.593632974739787,-5.522835487176689,-166.29932208851855
370.0,-3.378467743906836,0.010559247329609119,-1.5710759961825451,-3.5497217357631654,-5.612076257480707,-5.537360097376339,-167.27702781640693
371.0,-3.394352550550427,0.010553896739039172,-1.5710820533022014,-3.568060958642664,-5.630786754938106,-5.554399767772351,-168.25990981661135
372.0,-3.411287209644906,0.010560895016588388,-1.5710776295498174,-3.5867290277074297,-5.649607856417253,-5.568569241867423,-169.248228027231
373.0,-3.428909282058919,0.010588070545178869,-1.5710656714016347,-3.6005106899509878,-5.667619495099902,-5.5854458880317726,-170.2416855906142
374.0,-3.4469730893248673,0.010594406705208318,-1.5710563248998581,-3.6132635110691327,-5.681753983198193,-5.603507534958647,-171.24037793488054
375.0,-3.465328201211221,0.010596497648932078,-1.5710481798848712,-3.626974051897985,-5.697299429240161,-5.622060877910374,-172.24433728288787
376.0,-3.481999104712938,0.010612589377695837,-1.5710260714231938,-3.6435734115450455,-5.714789340011937,-5.635155372189546,-173.25328789069678
377.0,-3.499155837018946,0.010600092318131499,-1.5710347224213108,-3.6615185611364076,-5.722729164625513,-5.651558656291501,-174.26779997602785
378.0,-3.5157739524845546,0.01061407177496657,-1.5710244518993712,-3.6800262802768513,-5.732038049841798,-5.669423888268243,-175.28772923558822
379.0,-3.532486724201646,0.01061813498844462,-1.571024114551042,-3.6987608994259635,-5.746890120647343,-5.682099710429391,-176.31277433616586
380.0,-3.549885397941565,0.010647161423831994,-1.5710188523889654,-3.7079142564572405,-5.764117616738468,-5.698327573317632,-177.3420014126518
381.0,-3.5677954346122798,0.010619496279414144,-1.571023041359574,-3.7221252855923668,-5.782160590997699,-5.716120146625976,-178.37582375666813
382.0,-3.5859646197107997,0.01061337685771733,-1.5710202755183231,-3.7390822590754156,-5.795690354627915,-5.734562276598776,-179.4147249378751
383.0,-3.6007766205508194,0.0106681746944933,-1.5709808321712577,-3.7524470318235363,-5.805019677125386,-5.753272921762055,-180.4578494715861
384.0,-3.616452761333818,0.01063611012833566,-1.5710053302230222,-3.7677569292831716,-5.81988752822568,-5.764400699817036,-181.50510822846965
385.0,-3.630270203370125,0.010650180290715835,-1.570988932346868,-3.7851576159855407,-5.8371194847626615,-5.778233284116418,-182.55616044260478
386.0,-3.639825681589984,0.010687632779232634,-1.5709606850753983,-3.801653076024324,-5.855329729363444,-5.789441345167275,-183.6099213625202
387.0,-3.650557681367433,0.010642205736277619,-1.5710001547210855,-3.819514814417599,-5.87363513778602,-5.8050655742535255,-184.66658569622868
388.0,-3.661996337563224,0.010633702532714543,-1.5710091740421293,-3.836580423610235,-5.885929848839737,-5.8226087743649835,-185.72656153351303
389.0,-3.673022702221046,0.010665167076767639,-1.570996982609776,-3.845901641344281,-5.90199114217412,-5.840947755761695,-186.7888349314135
390.0,-3.686355775952056,0.010610448847270406,-1.5710278945827472,-3.8607787293471576,-5.919720462324761,-5.84911098384813,-187.85412629824302
391.0,-3.6991526512423807,0.010621840824674586,-1.5710115385898433,-3.8780269546606565,-5.931896462195859,-5.862146547523779,-188.922900388939
392.0,-3.713699720689203,0.01063303987746163,-1.5710148777312218,-3.890135921475872,-5.9479126511393074,-5.87859761463705,-189.99474097595103
393.0,-3.729068977258824,0.010628426019026239,-1.5710101159530347,-3.9045080157268948,-5.9656204911835875,-5.896484508006717,-191.06982101224142
394.0,-3.7409726254451097,0.010683616993737556,-1.5709645743603542,-3.9159637789035204,-5.977277278118947,-5.914009833265891,-192.14759628699966
395.0,-3.7545927467992035,0.010637695858483056,-1.5709963913281089,-3.931676059918628,-5.993088714467282,-5.932325198750564,-193.2283398552256
396.0,-3.7642164934385187,0.010706314915982736,-1.5709454820289908,-3.940917483899066,-5.995744934784413,-5.950983057070495,-194.3116578195218
397.0,-3.7743961242515787,0.010674845833277576,-1.5709717229588982,-3.9510208321355744,-6.008005335062523,-5.9697828284849646,-195.3969726504085
398.0,-3.7844816050293764,0.010653296222024725,-1.5709794863044266,-3.9662057759141978,-6.0241637060711035,-5.988641379321998,-196.48442076129515
399.0,-3.79716845756812,0.010654321958359412,-1.5709942135894615,-3.9737724253284825,-6.041932490267141,-6.006939026552639,-197.5736337514192
400.0,-3.810321870103891,0.010651513104914797,-1.5709882462292666,-3.9829399314161718,-6.060364783833897,-6.021162105498856,-198.66473321416652
401.0,-3.8252187866925027,0.010652895822768342,-1.5709909681227663,-3.987896044245978,-6.079072158096802,-6.0343727050636025,-199.75756717414748
402.0,-3.841493836046432,0.010616883877277432,-1.5710001861497178,-4.001012506014856,-6.081369703125329,-6.046031726711931,-200.8541042993506
403.0,-3.8584814274461867,0.010628114282404729,-1.5709881123012075,-4.017534001694371,-6.0819928484641315,-6.061854205151473,-201.95490620380963
404.0,-3.876110180566327,0.010659337766370472,-1.5709694057639245,-4.032915578904806,-6.093362151458633,-6.072539505822747,-203.0591788990449
405.0,-3.889248991271437,0.010716994114836842,-1.5709171148672587,-4.0503211290648595,-6.1091505755738735,-6.077785256584205,-204.16601509856204
406.0,-3.9024434705430635,0.01070577293496521,-1.5709313721898714,-4.067065157761672,-6.1228180881115195,-6.090921512592335,-205.27535647629045
407.0,-3.917442261570708,0.010705055925736066,-1.5709403589438282,-4.079145416321667,-6.1394893061291596,-6.107436606159247,-206.38679539263936
408.0,-3.9326091299370933,0.010694364207207032,-1.5709393042095614,-4.095120990771342,-6.1574679766227,-6.124452257784615,-207.50049952852552
409.0,-3.9488979762660423,0.010703080954188813,-1.5709368743867704,-4.107885503474838,-6.17598787829383,-6.142557911361567,-208.61624069328565
410.0,-3.9660915754934387,0.010700214178332196,-1.5709346551194237,-4.1215772768382335,-6.194731266618433,-6.161129044434353,-209.73409850602928
411.0,-3.983886413681476,0.010725535107617347,-1.5709192695606813,-4.128561949005176,-6.208790453064617,-6.176771965690547,-210.8538776207154
412.0,-3.997218121748679,0.01075152093095658,-1.5708822666707962,-4.141756106234174,-6.225606901158759,-6.194092562563062,-211.9752396131506
413.0,-4.011313778218029,0.010723766721152586,-1.5709074617711838,-4.156154540712111,-6.243648892602886,-6.212335167957068,-213.09814606977588
414.0,-4.019123371264236,0.010791221891545015,-1.570849793983756,-4.169727290483419,-6.262190687327125,-6.230963230217259,-214.22174943874936
415.0,-4.025819396346319,0.01075569740001262,-1.5708801263610812,-4.1852959008890265,-6.27462579468703,-6.249750763615027,-215.34641639870958
416.0,-4.035114382610894,0.010708474150449772,-1.5709216762988714,-4.202057664205884,-6.279656183018877,-6.268604261828091,-216.47313919827266
417.0,-4.047587695681641,0.010683340972331075,-1.5709434618251743,-4.220060758153343,-6.281722230924325,-6.277210744548355,-217.60265479130624
418.0,-4.061861594937541,0.01069112595843016,-1.5709368788235398,-4.238591967291665,-6.2825697374706015,-6.28073069013633,-218.73531837607524
419.0,-4.077682126397807,0.010712509908869633,-1.5709219683467308,-4.254437391068961,-6.282917817565445,-6.282177139485781,-219.87108064064597
420.0,-4.094571121096586,0.010720597459338468,-1.5709103186041558,-4.272019548871358,-6.283060960276391,-6.282771364365518,-221.01013977987546
421.0,-4.11216250432167,0.01073690001421894,-1.5708938596906716,-4.290374156689315,-6.283119782441897,-6.283015482912611,-222.15257552642097
422.0,-4.130214211085474,0.010763437731679423,-1.5708725530736887,-4.306114615709616,-6.283144079669384,-6.283115751908915,-223.29814020939986
423.0,-4.148556668404738,0.010770183347532936,-1.5708616911428817,-4.323651572605184,-6.283154579836524,-6.283156959378565,-224.44690474519592
424.0,-4.167094768747232,0.010782103962333147,-1.5708488739470874,-4.341986616577861,-6.283159139284125,-6.283173890577135,-225.59886957404348
425.0,-4.182803255818961,0.0108278916894984,-1.5708096731408918,-4.358564493739587,-6.283159813108051,-6.283180832818571,-226.75360508637624
426.0,-4.198894237187498,0.010835550752693693,-1.5708098870842042,-4.367499622302677,-6.283162568249767,-6.283183678322838,-227.91037201264987
427.0,-4.215920685351669,0.010839589017091233,-1.5708094598012046,-4.367456232048596,-6.280081007370466,-6.283184863219818,-229.06863165879048
428.0,-4.233547078256608,0.010766951529074848,-1.5696938135422285,-4.376500198623297,-6.281950358642751,-6.283185190417295,-230.22893872302177
429.0,-4.251647270163221,0.010826368382432509,-1.5700324095958496,-4.385471193090814,-6.282665672691662,-6.2831853659906365,-231.39101532285116
430.0,-4.268829748947375,0.01082776886778,-1.5702834801858723,-4.39563143771812,-6.282960062610162,-6.283185480242665,-232.5548448496963
431.0,-4.286416041140936,0.010804956075839822,-1.5704690203331908,-4.410837336623278,-6.283082086398246,-6.283185569660457,-233.72081092248013
432.0,-4.302088477807373,0.010755781536806994,-1.5675134315389894,-4.423693595380006,-6.283131710325383,-6.28318562254886,-234.88936538867304
433.0,-4.314754843708222,0.010922479965555412,-1.5684939980196482,-4.438534623282121,-6.283149737899434,-6.283185577475972,-236.059582366924
434.0,-4.328936587479667,0.010855427616828964,-1.5692855818850369,-4.455702800035799,-6.283162215783402,-6.283185641772605,-237.23158318562864
435.0,-4.342633213266888,0.010853567099459149,-1.569778876667371,-4.47188943872888,-6.283165761981633,-6.283185658418316,-238.40532505980468
436.0,-4.356761985858728,0.01080191418286978,-1.5688886451699635,-4.489621644230493,-6.283168962970309,-6.283185695682722,-239.58121886949397
437.0,-4.372423462361017,0.010868427739311267,-1.569481699088281,-4.501418361988313,-6.28316968612822,-6.283185630901242,-240.75842400387987
438.0,-4.38760747956058,0.010855218936128602,-1.5699116584076407,-4.51727397518226,-6.283170355803891,-6.283185650983379,-241.93717583402938
439.0,-4.4036316088069904,0.010842393371255202,-1.5702052576089445,-4.534913624717513,-6.283171706610629,-6.283185667839638,-243.11761019494062
440.0,-4.4191673993358815,0.010856877823942936,-1.5703817954121078,-4.553294261030754,-6.283171587097433,-6.283185687123985,-244.29974868351925
441.0,-4.435650036065224,0.010875802788051007,-1.5704976330584188,-4.56291745920816,-6.283172587822013,-6.283185679019619,-245.48280250296344
442.0,-4.449808116321385,0.01088697546814783,-1.5705672890143856,-4.57792726219477,-6.283172267363816,-6.283185638890269,-246.66712011252042
443.0,-4.464067437124092,0.010875264107535582,-1.5706338429483337,-4.595214738415317,-6.283174085136682,-6.2831856542309685,-247.8528351807281
444.0,-4.4766520459380645,0.01089879072368992,-1.570651484896417,-4.611799625118165,-6.283173792519553,-6.283185662744677,-249.03986822921647
445.0,-4.4909238128970586,0.01087432674767645,-1.5706982803814236,-4.629700075703652,-6.283176479291506,-6.283185683295261,-250.22822439547733
446.0,-4.506809645712008,0.010871737971592212,-1.570716081554023,-4.648186691949996,-6.283177331964148,-6.283185695220849,-251.4178653260144
447.0,-4.523748648995681,0.010880861216299316,-1.5707179803771065,-4.666913471698693,-6.283177698750705,-6.283185704410094,-252.60870380424117
448.0,-4.541374235883639,0.010896830339214592,-1.5707103019565496,-4.684617116205343,-6.283178035815033,-6.283185700440127,-253.80053928964782
449.0,-4.558213689045324,0.010919891654257573,-1.5706932615440325,-4.703000420130716,-6.283177905802367,-6.283185703536112,-254.99334521815837
450.0,-4.571618308554344,0.010959592600922215,-1.5706607733144693,-4.7216867675259895,-6.28317713486555,-6.2831857038706405,-256.1871936950823
451.0,-4.585629916928618,0.01094160458653967,-1.5706790628985137,-4.740482028638672,-6.283180225024052,-6.283185709453294,-257.3819792516222
452.0,-4.601236248984171,0.010930250386158363,-1.5706888937103791,-4.759333939788348,-6.283181989276313,-6.283185713113376,-258.57755526697173
453.0,-4.618001105039888,0.010944617583462579,-1.5706759542869646,-4.771576884911887,-6.283182612930146,-6.282013709435677,-259.77325885780726
454.0,-4.633679767413448,0.010956468848460443,-1.5706645015345633,-4.787618161306337,-6.283182515696008,-6.282724831469925,-260.96932649652655
455.0,-4.650182065694647,0.0109493679166599,-1.570670229746981,-4.805332027898907,-6.283183223977282,-6.282995797780816,-262.16575387110385
456.0,-4.663432026332821,0.011002620001891976,-1.5706219764732847,-4.81704286342467,-6.283182008637842,-6.283107651513263,-263.362231031391
457.0,-4.67795799953456,0.01096942384872065,-1.5706524325455493,-4.830840606166653,-6.283185163050678,-6.283153595664891,-264.55871707567877
458.0,-4.6940141565335685,0.010964676621238578,-1.5706548181290514,-4.842172496544383,-6.283186657033781,-6.283172444177577,-265.75484478681426
459.0,-4.700667627530865,0.011057734550434361,-1.5705722158470536,-4.8578684335708,-6.283181727210278,-6.283180218233908,-266.9516355381769
460.0,-4.70985236771945,0.01098364406123648,-1.5706415196344572,-4.875410764159289,-6.283187250692995,-6.283183433524942,-268.1489853681356
461.0,-4.7196739552421905,0.010979227251380015,-1.570643087123063,-4.89375832927824,-6.283186535163475,-6.283184767326567,-269.3468756718571
462.0,-4.732204860817201,0.010955317523944541,-1.5706633553321654,-4.91242048889114,-6.283188316262091,-6.283185323001761,-270.54503644478285
463.0,-4.746960018211469,0.010955044524876395,-1.5706611505791375,-4.931221411986074,-6.283188607345098,-6.283185553316434,-271.74319741272467
464.0,-4.763164829455475,0.010967356868010848,-1.5706478697084634,-4.950078160071406,-6.283188628766411,-6.283185648564013,-272.9411251226275
465.0,-4.7803123712778905,0.010984402367225933,-1.570630429093406,-4.968956934690599,-6.28318874910164,-6.283185687888493,-274.13861272851256
466.0,-4.797243762853689,0.011009809349034958,-1.5706057658369617,-4.987845681515922,-6.283188502850868,-6.283185703472936,-275.33556734959757
467.0,-4.814727459509555,0.011023917073015718,-1.5705893351716502,-5.002288610105431,-6.28318780823835,-6.2831856754608255,-276.5315044028963
468.0,-4.831056109495499,0.011048133262197588,-1.5705670103874962,-5.015785571566659,-6.283188379748155,-6.283185652353699,-277.72637223936715
469.0,-4.847445916178158,0.011047080989014985,-1.5705689904819837,-5.030845509293605,-6.2831887317178685,-6.283185647866777,-278.9201668704948
470.0,-4.864616288404761,0.011043833098350263,-1.5705717965036459,-5.048129649582689,-6.283191632959666,-6.283185663827362,-280.11283389996237
471.0,-4.882392798157675,0.011049412546301792,-1.5705650634339734,-5.0663612325427465,-6.2831879771875805,-6.283185681990978,-281.3042427175953
472.0,-4.899312217107561,0.011073789138424387,-1.5705379931400067,-5.0796172287426815,-6.283188758254365,-6.277058688102289,-282.4940784605387
473.0,-4.9167021472188965,0.011070817224198283,-1.5705413541160982,-5.092785948865897,-6.2831896814060855,-6.280760355816776,-283.6821457005256
474.0,-4.934615220723964,0.011071213759880502,-1.5705429217355853,-5.109258702630516,-6.2831937210825615,-6.28218682826638,-284.8684562199778
475.0,-4.951671883875988,0.011091869575665521,-1.5705191478050577,-5.121211914243537,-6.283191715051529,-6.282775359747692,-286.0527608726809
476.0,-4.969154254378852,0.011086215220671677,-1.570528394393711,-5.137126870165989,-6.283190306127972,-6.2830171015748455,-287.23511173608574
477.0,-4.987138591550551,0.011090200898969338,-1.5705206422375597,-5.1507592963207625,-6.283191371539606,-6.2831163921838264,-288.4151835469541
478.0,-5.005437550551019,0.011094660493626746,-1.5705187682078372,-5.167407408407565,-6.283190816801928,-6.2831572103693745,-289.59296903798855
479.0,-5.022997845156766,0.011111084426476962,-1.5705031676746832,-5.185378473153219,-6.283190585634313,-6.283173986768618,-290.7685580780431
480.0,-5.040879092494389,0.011114235202914048,-1.570485024349972,-5.1876881189196915,-6.283192039543284,-6.283180941808562,-291.94090192788207
481.0,-5.059089801099853,0.011111928999846794,-1.570501965327886,-5.1997984088796585,-6.283192388862324,-6.283183608761121,-293.11033899562034
482.0,-5.077551379327971,0.011116172449353333,-1.5704970100384623,-5.212499284557159,-6.283193139740091,-6.283184772586671,-294.2767610793043
483.0,-5.096163208307672,0.011121697456683675,-1.5704942533684767,-5.228776944769522,-6.283192819736931,-6.2831852923519165,-295.4402070469461
484.0,-5.114324197885524,0.01113381813319396,-1.5704817324135654,-5.2465948987773245,-6.283192940283705,-6.283185520710277,-296.60072958722066
485.0,-5.132647902058467,0.011136428071702228,-1.5704768191691296,-5.265043708932808,-6.28319331347546,-6.283185627210737,-297.75820587131244
486.0,-5.151176181712967,0.011140563203017895,-1.5704669689794613,-5.280911359486931,-6.283194685607279,-6.28318565449777,-298.91233210938316
487.0,-5.167489924362334,0.011168689500727347,-1.5704437724075462,-5.298506213579343,-6.283194581289064,-6.283185675113782,-300.06355364994556
488.0,-5.184238619541805,0.0111559747823992,-1.570455095440427,-5.316858479611341,-6.28319572064869,-6.283185688814738,-301.2117267316185
489.0,-5.201727785020432,0.011151811293819789,-1.5704566922304553,-5.335528530293479,-6.283196387621961,-6.2831856999225595,-302.35657501144004
490.0,-5.213008393091307,0.011219719592928522,-1.5703951521760764,-5.35434162129605,-6.283194832455557,-6.283185702622016,-303.49946129983454
491.0,-5.225774290008931,0.011168642539198107,-1.570439154471311,-5.370929979484004,-6.28319857146689,-6.28318569382337,-304.6399355090244
492.0,-5.24067714929333,0.011147315586876727,-1.5704591872020193,-5.388832614146333,-6.283199519833817,-6.2831856974846,-305.77742844486875
493.0,-5.256983724541146,0.011143463888226129,-1.5704587285903937,-5.405336896520155,-6.283200436996953,-6.283185686125474,-306.91142222257554
494.0,-5.2690817827133545,0.011184406605476071,-1.5698933529275787,-5.4232153338591775,-6.283199229817135,-6.283185694009665,-308.0430168041714
495.0,-5.280174441523091,0.011207670609578823,-1.570056324941866,-5.441684366120795,-6.283200516863008,-6.283185687521356,-309.17238256224647
496.0,-5.293545696266516,0.011169418259665408,-1.5702044977798464,-5.46039306772773,-6.28320207849835,-6.283185700130814,-310.2988699989807
497.0,-5.30883804837347,0.01115220542037615,-1.5702865367401835,-5.474357397174889,-6.283203831784227,-6.283185675307259,-311.42168687851984
498.0,-5.322479473795196,0.011188668924770207,-1.5703129443563204,-5.491131091957362,-6.283203275548634,-6.283185675680208,-312.5412778359209
499.0,-5.337447678598683,0.01117249567834044,-1.5703602093087836,-5.506866617671786,-6.283204493351019,-6.283185666522672,-313.6571975215573
500.0,-5.351434545699511,0.011188642934857822,-1.570360138628151,-5.517481965919132,-6.2832046408368125,-6.283185638090657,-314.769430242525
501.0,-5.363744618584703,0.011214216894582841,-1.5703665256577133,-5.532852992077442,-6.2832051419203205,-6.2831856364394545,-315.8785611469167
502.0,-5.377831314938297,0.011190995263749233,-1.570400104916302,-5.550292731964807,-6.2832057294209465,-6.2831856558624875,-316.9841185068214
503.0,-5.391190917371933,0.011207495755937005,-1.5703882288962436,-5.56768789098959,-6.283206511130796,-6.283185671872678,-318.08620563394436
504.0,-5.405754294600441,0.011196141455518406,-1.570402824158684,-5.5859415147107105,-6.283206874418686,-6.283185687904865,-319.1844392069393
505.0,-5.421784301380422,0.011184967613922701,-1.5704045645943687,-5.599979178540675,-6.283208004860056,-6.283185667463398,-320.2781450121481
506.0,-5.433194317987849,0.011254880596091742,-1.5703518515977575,-5.616790641746809,-6.283206062981323,-6.28318566901779,-321.368692876942
507.0,-5.446216672615931,0.011218883073441613,-1.5703884571994686,-5.6348164331689095,-6.283207593508823,-6.283185679675738,-322.45565090486434
508.0,-5.460875146182442,0.011197205412200165,-1.5703944087434683,-5.647505783040565,-6.283209012146024,-6.283185653563549,-323.53825183881094
509.0,-5.476944500883364,0.011190329620486198,-1.5703961060323912,-5.655795040173832,-6.2832094157315135,-6.283185635127949,-324.6158331672244
510.0,-5.494002971263499,0.011204365776438175,-1.5703921598507462,-5.6653349861216356,-6.283209317641381,-6.283185579371584,-325.68801011744523
511.0,-5.511707546813167,0.0112199973609344,-1.5703839836279383,-5.676469913209959,-6.283209449381028,-6.283185576030593,-326.75451199077736
512.0,-5.529837448831695,0.011217038748335021,-1.5703727696902723,-5.680017035008727,-6.283210121756206,-6.283185625767482,-327.81490072300124
513.0,-5.5482296335970664,0.011242588796614397,-1.5703670484262717,-5.688914350268452,-6.28320957865648,-6.283185530699094,-328.8691201043165
514.0,-5.566799668309649,0.011262458354612107,-1.5703600521079566,-5.7036237042334355,-6.283209596405554,-6.283185573861028,-329.91714705902723
515.0,-5.5840554032201135,0.01128316209480668,-1.5703390855850596,-5.720494781100875,-6.283209752534873,-6.2831856207790535,-330.95936991508404
516.0,-5.600170299455324,0.011288729516507752,-1.5703303810142535,-5.738548983489382,-6.283209488088149,-6.283185659884361,-331.99613743471036
517.0,-5.615228879965453,0.011285911335283748,-1.5703254678832457,-5.7556824821292984,-6.283210885320248,-6.283185675155434,-333.02772934763044
518.0,-5.630508092200664,0.0112580688557023,-1.5703350431889733,-5.766850892549338,-6.283210263367018,-6.283185650424691,-334.0538874089635
519.0,-5.64621243449894,0.011248460788960808,-1.5703413306559832,-5.774697633415188,-6.28321106075096,-6.283185620408016,-335.0743142665259
520.0,-5.662905344859563,0.011261927826493412,-1.570349364990062,-5.7889498181459835,-6.283210708705115,-6.283185604443156,-336.08869674815867
521.0,-5.675656867045799,0.011315454901759314,-1.570304628780224,-5.805939799102906,-6.283209437940785,-6.283185629359702,-337.0984208570134
522.0,-5.689706021470979,0.011267741601020195,-1.5703384394434194,-5.820383658537611,-6.283210970719363,-6.283185640457255,-338.1029989742644
523.0,-5.704098836558658,0.011272727737362796,-1.5703382246881996,-5.8373766956789765,-6.2832109120346855,-6.283185661519269,-339.1022376760446
524.0,-5.711721876141521,0.011330946609592512,-1.5702730963818639,-5.849869148226862,-6.283209328408266,-6.2831856330673315,-340.09853670514633
525.0,-5.721810356768038,0.011273932577282535,-1.5703395909760975,-5.866007683710498,-6.283210525338843,-6.283185651436166,-341.0911626000661
526.0,-5.733652962696935,0.01108650273152828,-1.5658768236313982,-5.883235144778289,-6.283208355491758,-6.2831857166754,-342.07985937180257
527.0,-5.747846304256436,0.011357727494239911,-1.5672154922492505,-5.8982035218706645,-6.283213860831166,-6.283185599121868,-343.0629996409669
528.0,-5.763629839326234,0.011295334336998877,-1.5682663959713299,-5.910999782864027,-6.283212695721634,-6.283185628840633,-344.03978225767594
529.0,-5.780505363267646,0.011282064248294671,-1.5689577559164753,-5.927298452708508,-6.2832122468186125,-6.283185653185921,-345.0097738077629
530.0,-5.798094733437202,0.011269813170224628,-1.569413062308043,-5.94285428134323,-6.283212710451683,-6.283185657737132,-345.9726104666293
531.0,-5.816144081928907,0.011277869488620891,-1.5697110171441482,-5.960330957584543,-6.283212335362195,-6.283185675769594,-346.9280515452816
532.0,-5.8340491473862395,0.01127550036037514,-1.5699046540235786,-5.974683677814307,-6.283213346158651,-6.283185661865081,-347.8760305490997
533.0,-5.850082840394158,0.011307974762629847,-1.570016924194769,-5.990264400330737,-6.283213718619318,-6.283185660877156,-348.81725132414505
534.0,-5.861698295761861,0.011353907651519302,-1.570073049715448,-6.007769773831686,-6.283211913566772,-6.283185667818826,-349.7535297193698
535.0,-5.87494001641968,0.01130372320662139,-1.5701806290038813,-6.026084773366059,-6.283212818382031,-6.283185682165748,-350.68427654617466
536.0,-5.890161009136599,0.011278629966754463,-1.570240555412736,-6.044740698007336,-6.283213423233789,-6.283185694255097,-351.6085599799723
537.0,-5.906674669142661,0.011272656697207267,-1.5702705047362848,-6.063538024577883,-6.283213786449103,-6.283185701227256,-352.52573391397885
538.0,-5.922511994238973,0.011292143014914395,-1.5702696313274744,-6.082395022741368,-6.283213688947471,-6.2831857038873355,-353.43598455238305
539.0,-5.934187956418628,0.011339169932581352,-1.5702399073237656,-6.101277266637039,-6.283213070237539,-6.283185703126289,-354.34104269478024
540.0,-5.945120816199139,0.011301009719854522,-1.5702709873304432,-6.115223532597406,-6.283214417022927,-6.283185677427855,-355.2412647095904
541.0,-5.956021714598361,0.011221635155953638,-1.5687611331436815,-6.126276988311855,-6.283213922054137,-6.283185655506006,-356.13673640307877
542.0,-5.964709527793946,0.011349998941162896,-1.569199436229927,-6.135947415501989,-6.283211357192383,-6.2831855760647715,-357.0282289536564
543.0,-5.976102336924109,0.011304412395504958,-1.5696058116024647,-6.150207364712772,-6.2832126632842575,-6.283185605008863,-357.91464339797113
544.0,-5.990125491211246,0.011279337296140857,-1.569862410437772,-6.167184033781099,-6.283212881358451,-6.283185638899452,-358.7947366265099
545.0,-6.002975840894703,0.011302921099983935,-1.5699937884813593,-6.185289202953498,-6.283212754147622,-6.283185666421062,-359.668930134015
546.0,-6.01525408961477,0.011292330481608895,-1.5700989693788663,-6.201544022330152,-6.283214284028143,-6.283185673402396,-360.53747671543374
547.0,-6.028570277330204,0.01125628341086953,-1.5701873184680355,-6.212811016535524,-6.283212292002135,-6.2831856418860665,-361.3998611966598
548.0,-6.036703803744318,0.011350178496273627,-1.570168124432507,-6.228439759577759,-6.2832126271475754,-6.2831856416477585,-362.2583557423925
549.0,-6.04384287615944,0.011301086765524443,-1.5702298187232042,-6.238177512288789,-6.283212940695664,-6.283185627028886,-363.11352186133985
550.0,-6.051135915155606,0.011312471421464333,-1.5702615859992097,-6.25320089283752,-6.283213233909407,-6.2831856225144165,-363.965316445129
551.0,-6.061885046450292,0.011248288257438782,-1.5703250814247276,-6.266209416545496,-6.283214228711305,-6.28318561813124,-364.812154648744
552.0,-6.074848797462659,0.011226909625464123,-1.57034411783679,-6.276027406938783,-6.283212270344978,-6.2831856033749,-365.6528828535377
553.0,-6.089686353492553,0.011210539106290246,-1.570354704498409,-6.279986163656453,-6.283214023322442,-6.28318562664834,-366.48652805370756
554.0,-6.101771188480862,0.011273033699320376,-1.5703073387412672,-6.281604456885775,-6.283214662588168,-6.283185571052213,-367.31424107715196
555.0,-6.115478100102492,0.011259478083297532,-1.5703316770437046,-6.282267735844988,-6.283214449059829,-6.283185534369833,-368.13534160089836
556.0,-6.13100254208559,0.011262251900438303,-1.5703361548905719,-6.282539265744308,-6.28321437591672,-6.283185511959536,-368.9488790347177
557.0,-6.147265766783253,0.011280103282455822,-1.5703254735731078,-6.282650102647623,-6.283214392036443,-6.283185498900301,-369.7544145039199
558.0,-6.161250665189297,0.01132600720897864,-1.5702888333623755,-6.282694586114651,-6.283214559127032,-6.283185489728491,-370.5529470110684
559.0,-6.170135403717742,0.011380008918843674,-1.570245284824573,-6.2827119222592245,-6.283214740327932,-6.283185483053747,-371.3469159318633
560.0,-6.181373845241357,0.011317416985090043,-1.5703059534617712,-6.282721067059763,-6.28321432034908,-6.283185486506078,-372.1353605017547
561.0,-6.195293532193776,0.011288508567752147,-1.5703308147731412,-6.28272500976722,-6.28321424744792,-6.28318548794937,-372.91687937963235
562.0,-6.209093745056917,0.011262664238867225,-1.5692914443160049,-6.282728312157041,-6.283214052415907,-6.283185498196634,-373.69144815540955
563.0,-6.224367238719522,0.01132633839283628,-1.569600506593207,-6.282724074422387,-6.28321471319058,-6.283185472800981,-374.4583082017159
564.0,-6.23997279019108,0.010910998276983682,-1.5698132103799627,-6.282722058822559,-6.283214295293581,-6.283185475817595,-375.2172099983876
565.0,-6.252494542374695,0.010997295961161661,-1.5699694607354733,-6.282729961803071,-6.283214752846185,-6.283185490629628,-375.9695981074578
566.0,-6.262904432922266,0.011125715486410065,-1.5700658894215622,-6.282726839739935,-6.2832145734754885,-6.283185485804273,-376.71658071498996
567.0,-6.270028415753811,0.01122431977889197,-1.5701184526381706,-6.282725214388692,-6.283214594834567,-6.283185482302364,-377.45979288329704
568.0,-6.274652243491207,0.011273457626982354,-1.5701689447029392,-6.282724773497055,-6.283214539022773,-6.283185481407013,-378.2005525104324
569.0,-6.277651006684762,0.01129435155385802,-1.5702129255269273,-6.282724812692497,-6.2832144772055205,-6.283185481521186,-378.9397196335662
570.0,-6.27959585219034,0.011301065278043528,-1.57024867975952,-6.282724941829923,-6.283214427943407,-6.283185481798082,-379.67785318113425
571.0,-6.280857211245955,0.01130115325843005,-1.5702765509882255,-6.28272504817377,-6.283214392704239,-6.283185482007,-380.4153160914765
572.0,-6.280436614716076,0.01131475102040993,-1.5702834801058192,-6.282724616503093,-6.281043645951529,-6.283185484775131,-381.1529605881533
573.0,-6.281171782730854,0.011270253013899926,-1.570297979844718,-6.2794719219801625,-6.282369228800713,-6.283185513526142,-381.8902411305143
574.0,-6.281878007126553,0.011300355366986523,-1.570305833888508,-6.281435849153458,-6.2828786666377905,-6.28318542569305,-382.6271543672569
575.0,-6.28174319462517,0.011298268292061011,-1.5703138093290538,-6.282197443140923,-6.283087416406302,-6.283185485095964,-383.36411653034247
576.0,-6.282139569284539,0.011281641100474207,-1.5703352383858524,-6.28250941686705,-6.283173235828587,-6.283185489542124,-384.10089601050237
577.0,-6.282505991535289,0.011281540537930786,-1.5703398507199124,-6.282636912117785,-6.283203102743057,-6.2831854876541335,-384.83748151908543
578.0,-6.282744745768612,0.01128216322269012,-1.5703431177362928,-6.282689031927933,-6.2832102697841306,-6.283185485325562,-385.57394032435633
579.0,-6.282899616027986,0.011282323698891355,-1.5703456992681553,-6.282710359803725,-6.283212848195089,-6.283185483788269,-386.31031686251197
580.0,-6.283000064182586,0.011282200307036108,-1.5703477012617286,-6.282719088674384,-6.2832137877218,-6.283185482921459,-387.0466400112366
581.0,-6.283065214701006,0.01128195189017416,-1.5703492225322486,-6.282722661302621,-6.283214129627326,-6.283185482468781,-387.78292851934873
582.0,-6.2831074717623565,0.011281674026428613,-1.5703503588346839,-6.282724123434324,-6.283214253762045,-6.283185482242523,-388.5191945546578
583.0,-6.283134880414796,0.011281415551119785,-1.5703511956163962,-6.282724721630134,-6.283214298653544,-6.283185482132235,-389.25544601205706
584.0,-6.2831450822360235,0.011251152021727034,-1.569623056471542,-6.282726723549506,-6.2832140769629925,-6.283185490668526,-389.99169883899987
585.0,-6.283169511895561,0.011303848570769312,-1.5698360119248316,-6.282723245341834,-6.2832146058229865,-6.283185472047875,-390.7279360758449
586.0,-6.283174499550422,0.01129355086058568,-1.5700087920289434,-6.282724589824181,-6.283214381029214,-6.283185479611185,-391.4641692534691
587.0,-6.283177668130283,0.011286707363172999,-1.5701241627653468,-6.2827251145338705,-6.283214315197096,-6.283185482154331,-392.2003998585521
588.0,-6.283179951846209,0.011283015476116794,-1.5702008876270028,-6.282725257298296,-6.283214300774835,-6.2831854828171405,-392.936628643186
589.0,-6.283181591116743,0.011281136349882983,-1.570251909844605,-6.282725268202521,-6.283214301923347,-6.2831854828346065,-393.67285614153855
590.0,-6.283182758410013,0.01128025822299516,-1.5702858437888756,-6.282725242237614,-6.283214306662859,-6.283185482675349,-394.409082735957
591.0,-6.283183583918754,0.011279913631406803,-1.5703084153585503,-6.2827252121520365,-6.283214311300377,-6.283185482500949,-395.1453086981909
592.0,-6.283184164318817,0.011279838767189779,-1.5703234308541683,-6.282725187394938,-6.283214314947975,-6.283185482357827,-395.8815342201423
593.0,-6.283184570348225,0.011279888468972644,-1.570333420871547,-6.28272516930514,-6.283214317592818,-6.283185482252094,-396.6177594365841
594.0,-6.283184853162859,0.011279985687600304,-1.5703400680875081,-6.282725156813619,-6.28321431944025,-6.2831854821778075,-397.35398444171983
595.0,-6.283185049407425,0.01128009173386948,-1.5703444915130333,-6.282725148448581,-6.283214320706693,-6.283185482126998,-398.09020930112575
596.0,-6.283185185126534,0.011280188965578182,-1.5703474354026885,-6.282725142946055,-6.283214321566317,-6.283185482092774,-398.82643406028546
597.0,-6.283185278709376,0.011280270863191397,-1.5703493948192082,-6.282725139365527,-6.283214322146678,-6.283185482069923,-399.56265875064594
598.0,-6.2831853430673315,0.011280336452308365,-1.5703506991058267,-6.28272513705138,-6.283214322537333,-6.283185482054747,-400.2988833938877
599.0,-6.283185387222102,0.01128038725271749,-1.5703515673842312,-6.28272513556217,-6.28321432279984,-6.283185482044697,-401.03510800492006
600.0,-6.283185417451141,0.011280425673475236,-1.570352145458106,-6.282725134606537,-6.283214322976057,-6.2831854820380535,-401.7713325939725
601.0,-6.283185438106403,0.011280454218854001,-1.57035253035535,-6.282725133994467,-6.283214323094272,-6.283185482033666,-402.50755716804923
602.0,-6.2831854521951955,0.011280475136427142,-1.5703527866515385,-6.282725133602964,-6.283214323173545,-6.2831854820307695,-403.2437817319371
603.0,-6.283185461789672,0.011280490296613217,-1.5703529573282196,-6.282725133352786,-6.283214323226684,-6.283185482028857,-403.9800062889019
604.0,-6.283185468313954,0.011280501185815592,-1.570353070996625,-6.282725133193035,-6.283214323262299,-6.283185482027597,-404.7162308411685
605.0,-6.28318547274454,0.011280508949104734,-1.570353146703925,-6.282725133091089,-6.2832143232861615,-6.2831854820267665,-405.4524553902503
606.0,-6.283185475749602,0.011280514449081472,-1.5703531971313829,-6.282725133026066,-6.283214323302149,-6.283185482026216,-406.1886799371753
607.0,-6.283185477785481,0.011280518324688,-1.5703532307226717,-6.282725132984613,-6.2832143233128575,-6.283185482025853,-406.92490448264124
608.0,-6.283185477600616,0.01128049079087722,-1.5703532765912753,-6.2827251778785635,-6.283214322815775,-6.278858674089958,-407.66112902819935
609.0,-6.283185481163182,0.011280555140931493,-1.570353240647587,-6.2827250581679825,-6.283214324409606,-6.281484106630345,-408.3973535710449
610.0,-6.2831854813042805,0.011280533515240967,-1.5703532712982282,-6.282725137524213,-6.283214323268489,-6.282484473117535,-409.13357811395935
611.0,-6.283185481252755,0.011280525186286717,-1.5703532848887354,-6.282725142329729,-6.283214323127807,-6.282897553257023,-409.86980265701624
612.0,-6.283184860142322,0.011259082178155801,-1.5703593216462344,-6.277232235428645,-6.2832050221985245,-6.280489232898265,-410.6059926427849
613.0,-6.283185880675747,0.011305357949467663,-1.5703466258262495,-6.280548173235533,-6.279497054295531,-6.282123077229732,-411.3422245729755
614.0,-6.283185744299264,0.011285325968374983,-1.5703518398256957,-6.281835145128154,-6.281759099170741,-6.28274783976736,-412.0784527845145
615.0,-6.2831855241220715,0.01128004300333567,-1.5703533638873977,-6.2823608108476305,-6.282627250769081,-6.28300573806677,-412.81467886995085
616.0,-6.283185467773629,0.011278774255288199,-1.5703537417719438,-6.28257601159265,-6.28298436090482,-6.283111643744653,-413.5509040244233
617.0,-6.283185460178056,0.011278810089292728,-1.570353746081508,-6.282664092001029,-6.283130990492251,-6.283155149906948,-414.28712877239485
618.0,-6.2831863191732715,0.011212405378208843,-1.5703505778008846,-6.282699511336907,-6.283191260080694,-6.283173020705101,-415.0233541447878
619.0,-6.283184914045276,0.011221128357295744,-1.5703558863770681,-6.282715591834314,-6.283206869801265,-6.283180364683381,-415.7595801415915
620.0,-6.283185139123162,0.011241770917362667,-1.5703547798406543,-6.282721153982418,-6.283211598920316,-6.280873195279152,-416.4958056321524
621.0,-6.283185343897158,0.01125553053979179,-1.5703540052984244,-6.282723375078563,-6.283213325206654,-6.282276213962995,-417.23203074521814
622.0,-6.28318544786325,0.011264389614400799,-1.5703536064493033,-6.282724380521873,-6.283213956303203,-6.282810841979445,-417.9682556285845
623.0,-6.283185495328845,0.011270110276819395,-1.5703533967516659,-6.282724795651667,-6.283214187806248,-6.283031604234407,-418.7044803734934
624.0,-6.28318551339033,0.011273803645893516,-1.5703532942704608,-6.282724975153267,-6.283214272922233,-6.283122265989958,-419.4407050352488
625.0,-6.283171909461756,0.010680221631836895,-1.5683852604123154,-6.282724858993844,-6.283213465538214,-6.283159526141621,-420.1769647609331
626.0,-6.283195400270879,0.010887214833435323,-1.5689940698381895,-6.282725576059422,-6.283215299701902,-6.283174795758676,-420.9132041971183
627.0,-6.283190452829443,0.01101836260408781,-1.5694461444133987,-6.28272517291399,-6.283214533336242,-6.283181095279958,-421.64943948480783
628.0,-6.28318750398196,0.011105366998134433,-1.5697480163895,-6.282725081301154,-6.283214298505948,-6.2831836817671025,-422.3856718815154
629.0,-6.283192479588518,0.010605555626946884,-1.5699237224391198,-6.282719779919095,-6.283214025313907,-6.283184734254141,-423.1219092107177
630.0,-6.283180154087799,0.010714006423654646,-1.5701033422397126,-6.28273085211335,-6.283214489160954,-6.283185189636156,-423.85815025413484
631.0,-6.283170351115083,0.010864343552114322,-1.5690755884892305,-6.2827293264784485,-6.283213964967228,-6.283185374295917,-424.5944022088
632.0,-6.283187775784023,0.011059539071607307,-1.5690767163107224,-6.2827232204783,-6.2832145911170745,-6.283185420801149,-425.3306413535367
633.0,-6.2831916205180995,0.011156577397970498,-1.5694854789566157,-6.282722816007014,-6.281285198101333,-6.283185455213584,-426.06688520597044
634.0,-6.283188217094117,0.011194280020382107,-1.5697751549953436,-6.282724664460061,-6.2824647499473025,-6.283185468497359,-426.8031204615773
635.0,-6.283186310531204,0.011221358182330016,-1.5699680274767092,-6.282724936438177,-6.282917357978856,-6.283185479534858,-427.53935128079695
636.0,-6.283185394970229,0.011239936733910237,-1.5700965564683451,-6.282725089990069,-6.28310350198499,-6.283185481927417,-428.275579757626
637.0,-6.283185011419706,0.01125269528196267,-1.5701822062257098,-6.282725148344085,-6.283179919403198,-6.283185482642018,-429.01180688063255
638.0,-6.283184902128049,0.0112614678729862,-1.5702392788955477,-6.282725161928925,-6.2832046687142356,-6.2831854827117635,-429.7480331969126
639.0,-6.283184924079149,0.011267483313147027,-1.5702773119329738,-6.282725163194633,-6.283210800551651,-6.2831854825948845,-430.4842589987603
640.0,-6.283184999537256,0.011271611247893209,-1.5703026564541196,-6.282725157428022,-6.283213027608849,-6.2831854824496665,-431.2204844363871
641.0,-6.283185089171843,0.011274441012513507,-1.5703195459087824,-6.282725150732781,-6.283213844407305,-6.283185482325664,-431.9567096135367
642.0,-6.283185174270728,0.01127637798748801,-1.570330801469372,-6.282725145158608,-6.283214144764401,-6.283185482232133,-432.6929346043136
643.0,-6.283185247325249,0.011277701914676055,-1.5703383028269724,-6.282725141055738,-6.2832142557284465,-6.283185482165517,-433.4291594621588
644.0,-6.283185306539617,0.011278605570287113,-1.5703433024118636,-6.282725138216857,-6.283214297066753,-6.2831854821194835,-434.1653842256107
645.0,-6.28318535278514,0.011279221566992676,-1.5703466347499855,-6.282725136320988,-6.283214312694408,-6.283185482088208,-434.9016089223501
646.0,-6.283185387974986,0.011279640967398257,-1.5703488559348853,-6.2827251350823365,-6.283214318751656,-6.283185482067167,-435.6378335721531
647.0,-6.283185414242568,0.011279926194769535,-1.5703503365436051,-6.282725134284528,-6.2832143211959695,-6.283185482053095,-436.3740581890708
648.0,-6.283185433562646,0.011280119970732161,-1.5703513235391537,-6.2827251337756085,-6.283214322243201,-6.283185482043717,-437.1102827830344
649.0,-6.283185447607486,0.011280251489194239,-1.570351981513157,-6.282725133453185,-6.2832143227287265,-6.283185482037477,-437.8465073610301
650.0,-6.283185457721019,0.011280340671924155,-1.5703524201653247,-6.282725133249952,-6.283214322974846,-6.283185482033332,-438.58273192795144
651.0,-6.28318546494672,0.011280401095807576,-1.5703527126136874,-6.282725133122364,-6.283214323110683,-6.283185482030581,-439.31895648721326
652.0,-6.283185480447228,0.011280896927726502,-1.5703527948606564,-6.282725048234548,-6.282003345527078,-6.283185484082994,-440.0551887841934
653.0,-6.2831854686685515,0.011279967870717306,-1.5703531524875587,-6.282725307374453,-6.2827479895199385,-6.283185479869346,-440.7914166433822
654.0,-6.283150817504809,0.011142513863632861,-1.5670184150906492,-6.282733238821113,-6.283033082565258,-6.2831855214122685,-441.52769266668395
655.0,-6.283209826933544,0.011385133766777703,-1.5679908940713394,-6.282716807496576,-6.283151969977411,-6.283185436239387,-442.2639243976708
656.0,-6.282649878253839,0.011345431335160392,-1.5687739022033214,-6.282722611822185,-6.283198020747864,-6.283185470432977,-443.0004225082023
657.0,-6.282732920524615,0.011303235056427621,-1.5693114233937282,-6.282725180852472,-6.283208443197286,-6.2831854828919775,-443.73689657762526
658.0,-6.28288887596356,0.011288414832567954,-1.5696597821992513,-6.2827257817256505,-6.283212088968804,-6.283185485797411,-444.4732849857425
659.0,-6.282991734190001,0.011281651145181803,-1.5698913936651349,-6.282725769758081,-6.283213449142708,-6.283185485744261,-445.2096167057715
660.0,-6.283058922049346,0.011278622923443948,-1.5700456271001655,-6.282725631213852,-6.283213965161389,-6.283185484978525,-445.945911354606
661.0,-6.2831028040884345,0.011277542949639995,-1.5701483474669247,-6.282725489670631,-6.283214166455648,-6.283185484177722,-446.6821817614564
662.0,-6.283131466668792,0.011277429025686191,-1.570216764697089,-6.282725377204455,-6.283214248549912,-6.283185483528838,-447.4184363128979
663.0,-6.283150189777536,0.011277744772575806,-1.5702623372207278,-6.282725296097675,-6.283214284280485,-6.283185483051528,-448.15468049255236
664.0,-6.283162421129156,0.011278208505061539,-1.5702926948805351,-6.282725240341013,-6.28321430118725,-6.283185482716519,-448.89091788661415
665.0,-6.283174670183632,0.010945885317861224,-1.5702975929449834,-6.282722049267142,-6.283214178055295,-6.283185476843247,-449.6271548634876
666.0,-6.283172851118403,0.010987851710845912,-1.5703380297975424,-6.282728623091533,-6.28321445760628,-6.283185488339845,-450.36339216098725
667.0,-6.283177364813248,0.011089670527694476,-1.5703418251692451,-6.282726091237241,-6.283214354208578,-6.28318548395521,-451.099625016343
668.0,-6.282406418006669,0.011166945368460152,-1.5703355774288017,-6.282724924751687,-6.283214363316455,-6.283185481501699,-451.8362317097954
669.0,-6.282536693934719,0.011194679538287946,-1.5703526354322308,-6.282725015256539,-6.283214262207167,-6.283185482116861,-452.57280274669404
670.0,-6.282763459840035,0.011225358881891832,-1.5703514840372488,-6.282724962800513,-6.283214300606084,-6.283185481860451,-453.3092528935924
671.0,-6.282946516076423,0.008556015916504976,-1.570226706294715,-6.282699513013438,-6.283213245671724,-6.283185436122004,-454.0456574353115
672.0,-6.282991060912401,0.008473696728214878,-1.5704248702194286,-6.282748765203164,-6.2832133352994175,-6.283185523006796,-454.7820424915678
673.0,-6.2830532317633585,0.009355725492403249,-1.5704182604071426,-6.282737009693099,-6.283214073059789,-6.2831855035635185,-455.5183768873486
674.0,-6.28310315472189,0.01003409930048896,-1.570384838288884,-6.282139928973463,-6.2832141117139795,-6.283185490233652,-456.25466688109896
675.0,-6.283134928508759,0.010480579890241088,-1.57036456710083,-6.282490674123262,-6.283214095214287,-6.283185468170252,-456.99093298897884
676.0,-6.2831544701964335,0.010763609749857348,-1.5703554947286582,-6.28262755086418,-6.2832141932414896,-6.283185478224975,-457.7271838978564
677.0,-6.28316648474056,0.010946552342165914,-1.5703513547164818,-6.282684178664437,-6.2832142403180065,-6.274030025567943,-458.46342509338643
678.0,-6.2831738801899615,0.011064925083209247,-1.570349702559364,-6.282707607578791,-6.283214270493749,-6.2710850822277004,-459.19966011182186
679.0,-6.283178757998501,0.011115081588547645,-1.5703481664688388,-6.282717209357517,-6.2832142785744765,-6.278254171164229,-459.93589154347734
680.0,-6.283180976131723,0.011167639101847667,-1.5703506929446298,-6.282722045148739,-6.2832143096807584,-6.281158555159278,-460.67212077526534
681.0,-6.2831827568532095,0.011207494191866535,-1.5703508615242825,-6.282723671049159,-6.28321430917244,-6.28235282021114,-461.40834826483024
682.0,-6.283183866768888,0.011233375510241568,-1.5703511839451971,-6.282724395292929,-6.2832143118755885,-6.2828434116225145,-462.14457463940875
683.0,-6.283184532555104,0.011250086369054026,-1.570351570949279,-6.282724738940204,-6.283214315065447,-6.283044954479563,-462.8808003186826
684.0,-6.283184928931196,0.011260873333720027,-1.5703519415379368,-6.282724911482555,-6.283214317658649,-6.283127751200021,-463.61702556554764
685.0,-6.283196564609841,0.010016651200527114,-1.5702945950100229,-6.282713151885313,-6.2832138229824315,-6.28316174408127,-464.3532683542214
686.0,-6.283167540851682,0.010161261331032628,-1.5704007769660713,-6.278635064250448,-6.2832060083244,-6.283175804064809,-465.0894982043587
687.0,-6.283174894758617,0.010579173300362793,-1.5703722771089923,-6.281102715623689,-6.283209256484745,-6.283181414850698,-465.8257311327616
688.0,-6.283180184602528,0.010821412554185564,-1.5703628760841808,-6.282059886579833,-6.283212529408891,-6.2831838420195085,-466.561963089944
689.0,-6.283182985255835,0.010981264917257923,-1.5703573757686822,-6.2824520308400595,-6.283213683048907,-6.283184813728451,-467.29819310122537
690.0,-6.283184486265378,0.011086182635175365,-1.5703543186639222,-6.282612789173614,-6.283214086593507,-6.283185209496416,-468.03442133188173
691.0,-6.28318524619014,0.011154610308796014,-1.5703527966848023,-6.282678772569085,-6.283214229770506,-6.283185370637512,-468.7706482412267
692.0,-6.283185595816274,0.011199060548062644,-1.570352166861165,-6.282705907899798,-6.283214282387958,-6.283185436339983,-469.50687425567554
693.0,-6.283185728207258,0.011227863983884206,-1.5703520162111264,-6.2827171007731915,-6.283214303078371,-6.283185463185741,-470.24309969340095
694.0,-6.283185752606495,0.011246500281959148,-1.5703520978366823,-6.282721739160664,-6.283214312113743,-6.283185474191503,-470.9793247708028
695.0,-6.283185728679316,0.01125854735827077,-1.5703522729948904,-6.282723675063066,-6.283214316591166,-6.283185478726971,-471.7155496279018
696.0,-6.283162524018597,0.011174305858997764,-1.5681237207542185,-6.282729895033525,-6.283213590288733,-6.283185506879217,-472.45180769948564
697.0,-6.283201919874466,0.011341238054150068,-1.5687738398083182,-6.2827192877595,-6.283215194496854,-6.2831854507996905,-473.1880367035195
698.0,-6.283194261579351,0.011313370175083796,-1.5693014522940765,-6.28272342259866,-6.283214500793756,-6.283185474310198,-473.92426531872013
699.0,-6.283189079839683,0.011294824759564623,-1.5696537411398532,-6.282725043498013,-6.283214297813832,-6.283185482257854,-474.6604938917618
700.0,-6.283186412891783,0.01128510825115597,-1.5698880091015095,-6.282725490898486,-6.28321425348575,-6.283185484363335,-475.3967219843546
701.0,-6.283185163052695,0.011280399277313155,-1.5700437888018661,-6.282725531544937,-6.2832142571487735,-6.283185484454696,-476.13294944811184
702.0,-6.2831846683192,0.011278396986392613,-1.570147389358119,-6.282725457097415,-6.2832142718418265,-6.283185483987078,-476.86917629382356
703.0,-6.283194864015584,0.010189152722046766,-1.5701661191817902,-6.282715056382981,-6.283213854207786,-6.2831854649909,-477.6054178159613
704.0,-6.283172987223117,0.010325055710590728,-1.5703001957812601,-6.282736569592438,-6.28321476383546,-6.283185502686159,-478.34166890766744
705.0,-6.2831776149380065,0.010657352820915195,-1.5703137359210204,-6.282728283172105,-6.28321442432106,-6.283185488360188,-479.07791076975525
706.0,-6.283181604725982,0.010878031251004968,-1.5703227814258647,-6.28272516954686,-6.283214305913814,-6.283185482491416,-479.81414587139614
707.0,-6.283183782568116,0.011020625033299921,-1.5703302520771263,-6.282724334827716,-6.2832142811919525,-6.283185480866491,-480.55037681867566
708.0,-6.283184900150726,0.011112676718867695,-1.570336196114731,-6.282724282927358,-6.283214284581811,-6.283185480696556,-481.2866052364555
709.0,-6.283185436138343,0.011172108373626973,-1.570340778970183,-6.28272444825099,-6.283214293916029,-6.283185480939493,-482.0228321169611
710.0,-6.283185663403678,0.011210485648166622,-1.5703442328983177,-6.28272463595352,-6.2832143026064555,-6.283185481236617,-482.75905806517403
711.0,-6.283185734104187,0.011235271229544578,-1.5703467919061536,-6.282724790018724,-6.283214309229934,-6.283185481483623,-483.4952834494733
712.0,-6.283185731091945,0.011251281249052704,-1.570348662832271,-6.282724902783262,-6.2832143139042245,-6.283185481664383,-484.23150849374537
713.0,-6.283185698011212,0.0112616243885307,-1.5703500162212476,-6.282724980927792,-6.283214317086905,-6.28318548178902,-484.96773333373443
714.0,-6.283185656735004,0.011268307539570602,-1.5703509867552015,-6.282725033502178,-6.2832143192152365,-6.283185481872252,-485.70395805150764
715.0,-6.283185617347726,0.01127262650320657,-1.570351677715347,-6.2827250682739475,-6.283214320625212,-6.283185481926815,-486.4401826965154
716.0,-6.2831855837748,0.0112754180727775,-1.57035216663393,-6.282725091037099,-6.283214321554719,-6.283185481962184,-487.17640729844055
717.0,-6.283185556895276,0.011277222708025806,-1.5703525107815697,-6.282725105845816,-6.283214322165936,-6.283185481984953,-487.9126318750222
718.0,-6.283185536217086,0.011278389528498549,-1.5703527519303173,-6.2827251154424335,-6.283214322567358,-6.28318548199954,-488.64885643680856
719.0,-6.283185520744434,0.011279144088717639,-1.5703529202392772,-6.282725121646412,-6.2832143228308555,-6.283185482008859,-489.3850809900354
720.0,-6.283189659297575,0.01095525979818943,-1.570338100842796,-6.282722051657234,-6.283214194448373,-6.283185476513778,-490.12130946290245
721.0,-6.28318246590278,0.010985170115349484,-1.5703675343473467,-6.279937919657342,-6.283210428480537,-6.283185516888507,-490.85752343711977
722.0,-6.283183349085285,0.011082794944419373,-1.570363081266072,-6.275387479487189,-6.283208036214889,-6.283185500194075,-491.59370522318625
723.0,-6.283185373559641,0.011190963789920821,-1.5703480391560072,-6.279776160871408,-6.283210145562598,-6.283185389803354,-492.3299109551456
724.0,-6.283185665034734,0.011210613833967488,-1.5703522994447097,-6.281518415666167,-6.283213004582265,-6.28318549383661,-493.06612830482584
725.0,-6.283185609826538,0.011229795502558438,-1.5703536754682634,-6.282231322705811,-6.283213930648726,-6.283185499835667,-493.8023503153675
726.0,-6.283185611694127,0.011245477880655028,-1.5703538332423346,-6.282523012224732,-6.283214214702079,-6.28318549476514,-494.53857406697836
727.0,-6.28318561674992,0.011256965817436005,-1.5703536738326405,-6.282642373633251,-6.283214296775612,-6.283185489420881,-495.27479842798624
728.0,-6.283185610428384,0.011264937853521935,-1.5703534936664052,-6.282691227679859,-6.2832143182666735,-6.283185485915234,-496.01102297747354
729.0,-6.283185630882332,0.011272188614743373,-1.5703529001419,-6.282710879967573,-6.27821375835252,-6.283185492433412,-496.747278790635
730.0,-6.283185558530229,0.011271810854094781,-1.5703537624394077,-6.2827201418844405,-6.281253378690635,-6.283185474084925,-497.48351712655204
731.0,-6.2831855358511906,0.011275652343668818,-1.5703533936521208,-6.282722744429682,-6.282419536700212,-6.283185482833215,-498.21974731170525
732.0,-6.2831855339647085,0.011277735515574972,-1.5703532477507447,-6.2827240388247105,-6.282899137457742,-6.283185482184628,-498.95597410428326
733.0,-6.283185525251623,0.011278891312494167,-1.5703532071619675,-6.282724631574347,-6.2830426081579285,-6.283185482180503,-499.69219984005963
734.0,-6.283185514247218,0.011279495771978303,-1.5703532209534248,-6.2827249154617935,-6.28315578499983,-6.283185481953832,-500.4284248058323
735.0,-6.283037473872957,0.01128174278203524,-1.5703515556889451,-6.28272498645899,-6.283199062452513,-6.283185481912098,-501.16472154854705
736.0,-6.283061998026333,0.011278920047061361,-1.5703544307832995,-6.282725127258316,-6.283208917182031,-6.281523018285112,-501.90101177484223
737.0,-6.283105128718883,0.011279562520869394,-1.5703538741024916,-6.282725100508646,-6.283212349081729,-6.282531772664286,-502.6372790880519
738.0,-6.2831333684434165,0.011280075539368127,-1.5703535208241934,-6.282725128752642,-6.283213602185637,-6.282916137525382,-503.3735313641667
739.0,-6.283151685229222,0.011280350392847636,-1.5703533406451873,-6.282725131480172,-6.283214060147952,-6.283074852853331,-504.10977388966717
740.0,-6.283166701212611,0.011035214437413952,-1.570341965058908,-6.282722807623335,-6.2832141302405455,-6.283140029237146,-504.8460130551574
741.0,-6.28316921684116,0.011065897323614685,-1.5703618055205508,-6.282727671024165,-6.283214393682466,-6.283166815519792,-505.58225049810517
742.0,-6.283175024501901,0.011140703383567143,-1.5703579819766744,-6.282725817137343,-6.283214337529137,-6.283177813009738,-506.31848341280954
743.0,-6.283179000451967,0.0111903263231597,-1.5703554555950943,-6.282725124599293,-6.2832143176233055,-6.283182330961717,-507.05471322030564
744.0,-6.283181478420729,0.011222353913068119,-1.5703541073859462,-6.282724942462802,-6.2832143140841,-6.283184187192184,-507.7909410678334
745.0,-6.283183012080984,0.011242977011218437,-1.570353454829422,-6.282724976235516,-6.2832143148257575,-6.279176571225809,-508.5271676852051
746.0,-6.283183963425412,0.011256342856146994,-1.5703531095866763,-6.282724918411412,-6.28321431821493,-6.280324520593572,-509.26339352793593
747.0,-6.28318454991955,0.011264928786545553,-1.5703530031044757,-6.282725000273267,-6.283214319438345,-6.2820308549196895,-509.9996188852695
748.0,-6.28318491060647,0.0112704532834203,-1.5703530016670417,-6.282725064011338,-6.283214320316222,-6.282710584798952,-510.7358439386711
749.0,-6.283185132570569,0.011274022103563975,-1.5703530344257712,-6.282725089367383,-6.283214321264908,-6.282990402564665,-511.4720688013134
750.0,-6.283185268932198,0.011276327049882033,-1.570353079020943,-6.2827251040352134,-6.283214321976095,-6.283105340161773,-512.2082935442521
751.0,-6.283185352491077,0.011277815324151803,-1.570353123839489,-6.282725113460106,-6.283214322456801,-6.283152558598792,-512.9445182121453
752.0,-6.283185403554742,0.011278776169681641,-1.5703531636117907,-6.282725119826451,-6.283214322769542,-6.283171956601573,-513.6807428330281
753.0,-6.283185434669508,0.011279396486505094,-1.570353196567413,-6.282725124171645,-6.2832143229704265,-6.2831799255820355,-514.4169674244837
754.0,-6.283185453568758,0.01127979697430733,-1.570353222712505,-6.282725127120827,-6.2832143230992115,-6.283183199355221,-515.1531919975308
755.0,-6.283178555958779,0.011252655245565377,-1.56968858693336,-6.282726731576443,-6.283214106299608,-6.283184552103434,-515.8894264233262
756.0,-6.283190326055625,0.011301041621598902,-1.569882428224482,-6.282723469766188,-6.283214583449586,-6.283185087654746,-516.6256522210283
757.0,-6.2831880565159075,0.01129188136712314,-1.57003973767489,-6.282724659970034,-6.283214376667462,-6.283185321544286,-517.3618779441583
758.0,-6.283186523492446,0.011285802390400987,-1.5701447667697868,-6.282725124227706,-6.283214316051406,-6.2831854171165675,-518.0981036734223
759.0,-6.2817297234610106,0.011300772611153316,-1.5701980192284886,-6.282724844934465,-6.28321438791942,-6.28318545479365,-518.8350382607232
760.0,-6.281970604538691,0.01126917433804951,-1.5702725147570817,-6.28272549704935,-6.283214212775194,-6.283185472632699,-519.5719092822876
761.0,-6.282394743430907,0.011273092653202995,-1.5702979982435896,-6.282725403297156,-6.283214287443863,-6.2831854785676775,-520.3085550456291
762.0,-6.282672521256785,0.011277046129242064,-1.5703148992259166,-6.28272523936136,-6.283214313394642,-6.283185480687688,-521.0450528489183
763.0,-6.282852735553953,0.011279162113598572,-1.5703267013675268,-6.282725174973549,-6.283214321553864,-6.28318548153652,-521.7814546506706
764.0,-6.282969631779926,0.011280207290725708,-1.57033492835513,-6.282725151803268,-6.283214323808752,-6.283185481872518,-522.5177941800094
765.0,-6.283045458000773,0.011280675950425341,-1.5703406437342242,-6.282725145008004,-6.283214324169715,-6.283038558614272,-523.254093315469
766.0,-6.283094673346523,0.011282246192207622,-1.5703442530314824,-6.28272487746281,-6.279500569085724,-6.2831277155342224,-523.9903896224391
767.0,-6.283122370128436,0.011262825265748877,-1.5699467684899424,-6.282726638277347,-6.281760814665089,-6.283161676367539,-524.7266617282727
768.0,-6.283150163368559,0.011292991063351361,-1.570065315996257,-6.28272410603178,-6.282628188296269,-6.28317569977916,-525.4629115288933
769.0,-6.283162231398502,0.011287763460121267,-1.5701613903528273,-6.282724759701974,-6.28298478432349,-6.28318146408556,-526.1991516177251
770.0,-6.283170020282222,0.011284107878275726,-1.5702255976288266,-6.282725060323839,-6.283131174511987,-6.283183832020743,-526.9353860365155
771.0,-6.283175197350401,0.01128207252990333,-1.5702683255963044,-6.282725163181908,-6.283191276619171,-6.283184804589105,-527.671616940349
772.0,-6.283178642383785,0.011281008710217293,-1.5702967528300225,-6.282725185880771,-6.28320683379401,-6.283185203993719,-528.4078456652877
773.0,-6.283203304047435,0.008790762581355057,-1.570200749205664,-6.28270163166584,-6.283210594550834,-6.283185325733476,-529.1441092445957
774.0,-6.283154844687444,0.009101207019961307,-1.5704151543115104,-6.282750977745213,-6.283211954616492,-6.283185480238995,-529.8803946875794
775.0,-6.2831665318973,0.009860832609442441,-1.5703846538504804,-6.282732031630042,-6.281805914824736,-6.283185478205567,-530.6166676455463
776.0,-6.283176219331648,0.010363452408447663,-1.5703648041929854,-6.282725282469604,-6.282670394687199,-6.283185471722066,-531.3529197779524
777.0,-6.283181492770567,0.010689103415618819,-1.5703546502665233,-6.282723206595472,-6.283002059572927,-6.2831854756070635,-532.0891600546321
778.0,-6.28318418851742,0.010899031760358651,-1.5703501443151966,-6.282723095475797,-6.283138395705068,-6.283185477229742,-532.8253936418415
779.0,-6.283185468344897,0.011034389958553038,-1.5703485949788274,-6.28272350042144,-6.283193689532423,-6.283185478715582,-533.5616233935444
780.0,-6.283185999915424,0.011121693128672103,-1.5703484919545283,-6.282723955402279,-6.2832072498054865,-6.283185479813687,-534.2978509818258
781.0,-6.283186154029364,0.011178007872935991,-1.5703490218746528,-6.2827243252988625,-6.283211725404865,-6.283185480574175,-535.0340773049327
782.0,-6.28318613234995,0.011214346056501564,-1.570349758017052,-6.282724593121094,-6.283213364713402,-6.283185481083302,-535.770302882679
783.0,-6.283186040688496,0.01123779795673694,-1.5703504947160876,-6.282724777434013,-6.283213967124905,-6.28318548141771,-536.506528022107
784.0,-6.283185931698986,0.011252935544281317,-1.5703511439618152,-6.28272490086561,-6.283214189358586,-6.28318548163495,-537.2427529049597
785.0,-6.283185829386249,0.01126270783696398,-1.5703516784751026,-6.282724982244901,-6.283214271904421,-6.283185481775141,-537.9789776386664
786.0,-6.283185125391271,0.011247699708424349,-1.5703580872402267,-6.2772592191431285,-6.283205053269499,-6.2831855386920115,-538.7151678947665
787.0,-6.2831860428642585,0.011296391107996512,-1.5703461510108208,-6.280559142381217,-6.283207329828372,-6.283185387357421,-539.4513766910065
788.0,-6.283185893034423,0.01128201358291608,-1.5703508753922166,-6.281838962981025,-6.283211913956207,-6.283185487771021,-540.1875947574727
789.0,-6.283185638180331,0.011277350531665564,-1.5703528102898647,-6.282362605583505,-6.283213512235306,-6.283185493882421,-540.9238167261738
790.0,-6.283185542054839,0.011276772592678732,-1.5703534139450641,-6.282576817912506,-6.283214055168976,-6.283185491008223,-541.6600402641795
791.0,-6.283185509811473,0.011277408504179904,-1.5703535388876375,-6.282664449994704,-6.283214236729728,-6.283185487381563,-542.396264424216
792.0,-6.283191950856014,0.010765502003382282,-1.5703298997487891,-6.282695443196037,-6.283214092976686,-6.2831854762055945,-543.1324951077064
793.0,-6.283181128290892,0.010830210395583318,-1.57037138445773,-6.282720277064107,-6.283214535075916,-6.283185492734146,-543.8687308377889
794.0,-6.283182852866327,0.01098706040999699,-1.5703633507863692,-6.28272240317803,-6.283214377032736,-6.283185485390576,-544.6049626575196
795.0,-6.2831844084055835,0.011091150149618223,-1.570358017567053,-6.282723411542348,-6.2832143202278266,-6.283185482359776,-545.3411915782333
796.0,-6.283185206019792,0.01115835773134793,-1.570355150649749,-6.282724036203188,-6.283214307177847,-6.2831854814874015,-546.0774187319864
797.0,-6.28318557219983,0.011201706826334654,-1.5703537005082928,-6.2827244315748505,-6.283214307622791,-6.283185481371982,-546.8136448225858
798.0,-6.283185712594505,0.011229668706158364,-1.5703530307936164,-6.282724683389398,-6.283214311191496,-6.2831854814803725,-547.5498702765531
799.0,-6.283185741549796,0.011247707136036995,-1.570352775365107,-6.282724844368749,-6.283214314717877,-6.2831854816246,-548.286095351258
800.0,-6.283185720624329,0.01125934516476077,-1.5703527279525302,-6.282724947524833,-6.2832143174565935,-6.283185481747627,-549.0223202013925
801.0,-6.2831856816707985,0.011266854644958118,-1.5703527753746076,-6.282725013729103,-6.283214319403825,-6.283185481838952,-549.7585449195083
802.0,-6.283178361115081,0.01124283161586885,-1.5696526036092622,-6.282726744826547,-6.283214092220036,-6.2831854901561766,-550.4947799539599
803.0,-6.283190715831058,0.011296739561111881,-1.569856916644086,-6.282723368925702,-6.2832145953933,-6.279833103733027,-551.2310058621598
804.0,-6.283188291641591,0.011289042217999139,-1.5700226796652337,-6.282724546740828,-6.2832143793112385,-6.2818672705729695,-551.9672316693328
805.0,-6.283186649313247,0.011283849682108275,-1.570133407972246,-6.282725108040553,-6.2832143149235655,-6.282642347241122,-552.7034574720274
806.0,-6.283185800628079,0.01128120835738497,-1.570207040346143,-6.282725249996935,-6.283214301018267,-6.2829623983574585,-553.4396831272077
807.0,-6.283185400201357,0.01127999623101525,-1.5702560039740256,-6.282725260983799,-6.283214302285498,-6.283093835356045,-554.1759085860463
808.0,-6.283185239236592,0.011279540457637965,-1.570288567974943,-6.282725235945847,-6.283214306997821,-6.283147832595882,-554.9121338511686
809.0,-6.283185199731807,0.011279462707465372,-1.5703102280155918,-6.282725207175518,-6.283214311567665,-6.283170015298316,-555.6483589469434
810.0,-6.283185216774634,0.011279556088851124,-1.5703246370333326,-6.282725183705947,-6.283214315147154,-6.283179128202767,-556.3845839040848
811.0,-6.283185255890663,0.011279711661760202,-1.5703342235345574,-6.282725166686591,-6.283214317735864,-6.283182871869687,-557.1208087523271
812.0,-6.283185299725626,0.011279875368631273,-1.5703406022635251,-6.282725155008695,-6.283214319540798,-6.283184409792333,-557.8570335174196
813.0,-6.2831853403106726,0.011280023083272736,-1.57034484703592,-6.282725147229271,-6.283214320776448,-6.283185041573707,-558.5932582203232
814.0,-6.283185374636847,0.011280146370500146,-1.5703476720403244,-6.28272514213373,-6.2832143216143095,-6.283185301105863,-559.329482877441
815.0,-6.283185402172076,0.011280244521370615,-1.5703495523383724,-6.282725138829534,-6.283214322179522,-6.283185407717045,-560.0657075012648
816.0,-6.283185423504695,0.0112803202221741,-1.5703508039673302,-6.282725136700077,-6.28321432255973,-6.28318545150895,-560.8019321011185
817.0,-6.283185439630334,0.011280377294808065,-1.5703516371964372,-6.282725135332988,-6.283214322815074,-6.283185469495671,-561.5381566838561
818.0,-6.283180047375713,0.01125899066800554,-1.5698323101290839,-6.282726387240094,-6.283214153377573,-6.283185483010173,-562.2743889642709
819.0,-6.283189257222137,0.011296733379173368,-1.56998428694629,-6.282723834650297,-6.283214526607203,-6.283185472777845,-563.0106144947638
820.0,-6.283187485034845,0.011289507217780716,-1.570107568729791,-6.2827247647146045,-6.2832143649406085,-6.283185479427394,-563.7468399667683
821.0,-6.283193124928288,0.009599455860084483,-1.5701121854492137,-6.282709167107342,-6.283213647823037,-6.283185453144514,-564.4830939986609
822.0,-6.283161455784332,0.009807080511877442,-1.5703035460643635,-6.282742686345306,-6.28321432028183,-6.2831855128720475,-565.2193619428144
823.0,-6.283170319485769,0.010319699700841371,-1.5703136702693126,-6.282729943667794,-6.283214229759573,-6.283185491285325,-565.9556147046638
824.0,-6.283177581848271,0.010660094375732766,-1.5703204557291996,-6.282725159644581,-6.283214207220718,-6.283185482469062,-566.6918564589397
825.0,-6.283181644199711,0.01087999553598058,-1.5703272142190858,-6.282723883232229,-6.283214227000758,-6.283185480081928,-567.4280914521871
826.0,-6.28318381395583,0.011021920170121534,-1.5703332145208277,-6.282723810042168,-6.283214252977703,-6.283185479883497,-568.164322326739
827.0,-6.283184923469438,0.01111352957289506,-1.5703381764380642,-6.282724069354922,-6.2832142746744895,-6.283185480294045,-568.900550695827
828.0,-6.2831854532624165,0.011172670715407229,-1.5703421025380344,-6.28272436160445,-6.283214290554936,-6.2831854807734215,-569.6367775435003
829.0,-6.2831856758708025,0.011210856803794748,-1.570345117396614,-6.282724600976123,-6.28321430154705,-6.283185481167252,-570.373003469476
830.0,-6.28318574311287,0.011235516373393298,-1.5703473829290797,-6.282724776013862,-6.2832143089536325,-6.2831854814540895,-571.1092288386768
831.0,-6.2831857375589575,0.011251443250069618,-1.5703490577243178,-6.282724897251392,-6.283214313876411,-6.28318548165144,-571.845453872685
832.0,-6.283185702627064,0.011261731490460293,-1.5703502800521676,-6.282724978792996,-6.283214317125195,-6.2831854817831125,-572.5816787056932
833.0,-6.283185660013027,0.011268378371406667,-1.5703511630138676,-6.282725032712217,-6.283214319261391,-6.283185481869408,-573.3179034187184
834.0,-6.283185619665355,0.011272673362018393,-1.5703517954639008,-6.282725068005002,-6.283214320663457,-6.283185481925359,-574.0541280604974
835.0,-6.28319272921132,0.010632906076743488,-1.5703226485281645,-6.28271900236582,-6.283214066809597,-6.283185471061757,-574.790361043176
836.0,-6.283179430617688,0.010714902321624623,-1.5703750315131475,-6.282731757942903,-6.283214597631292,-6.283185493583445,-575.5266000660921
837.0,-6.283181803235313,0.010911959905018167,-1.5703652545443638,-6.2827223429765535,-6.283214392872642,-6.283185485379482,-576.2628339697596
838.0,-6.283161219253137,0.010952663456230229,-1.5681775932905293,-6.282728583010871,-6.283213605810957,-6.28318550763919,-576.9990966670553
839.0,-6.283200905225031,0.011195506474969513,-1.568810205498213,-6.282718452372591,-6.283215158149254,-6.283185451203982,-577.7353287727291
840.0,-6.28319396280079,0.011219496906786046,-1.5693246841028758,-6.282722766560067,-6.2832144789952435,-6.283185473850061,-578.4715592163415
841.0,-6.2831891348478734,0.01123440761308651,-1.5696685583380308,-6.282724569359349,-6.283214284251282,-6.283185481666752,-579.2077888420318
842.0,-6.283186608909298,0.011246222497544325,-1.5698974559937897,-6.282725164566465,-6.283214244906376,-6.283185483862392,-579.944017530085
843.0,-6.283185393204158,0.011255370177887278,-1.5700498097291542,-6.282725312935448,-6.283214251671093,-6.283185484083328,-580.6802453234255
844.0,-6.283184883773956,0.01126228598958869,-1.570151225359359,-6.282725312933384,-6.283214268325602,-6.283185483728243,-581.4164723462969
845.0,-6.28318473730591,0.011267421433594124,-1.570218739940751,-6.2827252742715505,-6.283214283922887,-6.283185483289704,-582.1526987436009
846.0,-6.280503160697666,0.0113048892631234,-1.5702329691500716,-6.282724492796417,-6.283214452767566,-6.283185480644148,-582.8902301736615
847.0,-6.280947564692401,0.011251320042514829,-1.5703149029026837,-6.282434511831152,-6.283214147690518,-6.283185487216789,-583.6276426692704
848.0,-6.281729140723122,0.011264210266742779,-1.570324268489783,-6.282610126490333,-6.2832142507487925,-6.283185478245046,-584.3646414920919
849.0,-6.282240889110307,0.011272448977465778,-1.5703311148425725,-6.282678027368242,-6.283214317547067,-6.28318548276247,-585.101368460765
850.0,-6.2825728378338725,0.011277042363808845,-1.5703366495443905,-6.282705830552607,-6.2832143324986465,-6.28318548278822,-585.8379189482829
851.0,-6.282792322076604,0.010951921018050106,-1.5703259133947405,-6.28271411685378,-6.283214203236898,-6.283185476988457,-586.5743588515888
852.0,-6.282925020922663,0.010993957911257485,-1.5703557727757949,-6.282725278863264,-6.2832144710641575,-6.283185488238299,-587.3107276517884
853.0,-6.283016662777011,0.011094292176330681,-1.570353167438724,-6.282724717464652,-6.283214364008009,-6.283185483889558,-588.0470457768807
854.0,-6.283076381747613,0.011160680724939889,-1.5703516261233872,-6.282724577911628,-6.2832143249002055,-6.283185482116593,-588.7833308018148
855.0,-6.283114981853648,0.01120342435251177,-1.5703511536276473,-6.282724656831783,-6.283214315116772,-6.283185481634248,-589.5195944297327
856.0,-6.283139922616397,0.011230917225466878,-1.5703512066322958,-6.282724778423918,-6.2832143145907855,-6.283185481593401,-590.2558442320346
857.0,-6.283156038291327,0.011248602365810843,-1.5703514785896622,-6.282724885482897,-6.283214316388301,-6.283185481676062,-590.9920851004625
858.0,-6.283166452182749,0.011259980092520473,-1.5703518118764843,-6.2827249660301225,-6.283214318343356,-6.283185481772927,-591.7283201955403
859.0,-6.2831731820149805,0.011267300951973177,-1.5703521316962628,-6.2827250225438425,-6.283214319905615,-6.283185481852564,-592.4645515594167
860.0,-6.283177531347143,0.01127201212630633,-1.5703524076303714,-6.28272506077023,-6.283214321030667,-6.283185481910539,-593.2007805117105
861.0,-6.283180342396801,0.011275044329183657,-1.5703526318848413,-6.282725086094205,-6.283214321804253,-6.283185481950371,-593.9370079052113
862.0,-6.283182159344809,0.01127699620015331,-1.5703528072816146,-6.282725102664096,-6.283214322324158,-6.283185481976887,-594.6732342910665
863.0,-6.282583024129908,0.011285744451505332,-1.5703461290588452,-6.282724946018438,-6.28321435775284,-6.283185481482634,-595.4097523537364
864.0,-6.28268326334442,0.011274180802138184,-1.5703578062170147,-6.282725240945395,-6.283214285176422,-6.281156853437928,-596.1462438628713
865.0,-6.282886649021831,0.009102325440926182,-1.5702552964260281,-6.282704594603495,-6.283213451197162,-6.282387753503794,-596.8826692658401
866.0,-6.2829552949988745,0.009375845245918252,-1.5704300423003978,-6.282747672901328,-6.283213530671997,-6.282856852459081,-597.6190547694307
867.0,-6.283037022246029,0.010039895807475536,-1.5703954994153844,-6.28273121339258,-6.283213925077252,-6.283050497547135,-598.3553835556833
868.0,-6.283091876674971,0.010480316445615269,-1.570372748607,-6.282725063607751,-6.283214081494237,-6.283130023123811,-599.091674153838
869.0,-6.283126553375762,0.010764528084646173,-1.5703606089080802,-6.282723445015297,-6.2832141717333805,-6.283162695793432,-599.8279405272087
870.0,-6.283143851387232,0.010929713823908175,-1.5699169096405512,-6.282724430010099,-6.283214083963463,-6.283176124410437,-600.564198025163
871.0,-6.283215865364197,0.00680967145340085,-1.5698442402227357,-6.2826823237055045,-6.283212732322943,-6.283181556037803,-601.3004978848473
872.0,-6.28313319499257,0.007412467655139624,-1.5702930394853014,-6.282768105176751,-6.283210108304858,-6.283183976269716,-602.0368326282407
873.0,-6.283153147269572,0.008759531906572374,-1.5702956973670041,-6.282736404929274,-6.28321252501398,-6.283184854113351,-602.7731279319627
874.0,-6.283169725800922,0.009652958490085677,-1.5702979570992361,-6.282724629737672,-6.2832134545945255,-6.283185215121505,-603.5093951610031
875.0,-6.2831716026862425,0.010201781186090263,-1.5696213191728374,-6.282723262108473,-6.283213643239631,-6.2831853747742565,-604.2456553655024
876.0,-6.283188290907481,0.010623798153118,-1.5698296784472432,-6.282719844529249,-6.283214333880126,-6.283185421677047,-604.9818964967773
877.0,-6.281903247625756,0.010870687482372098,-1.569985393346167,-6.282721447848016,-6.283214300437888,-6.28318545544317,-605.7187570162132
878.0,-6.282115503369996,0.010992999310023462,-1.5701255038693958,-6.282723288726556,-6.283214141158959,-6.283185471906009,-606.455557925756
879.0,-6.282489343592896,0.011093857995309686,-1.5701984997064273,-6.282723995338001,-6.283214224263053,-6.28318547773982,-607.1921578804634
880.0,-6.282596480247313,0.01116220891822519,-1.5702461483627117,-6.282724361830311,-6.2832142733226455,-6.278142063179311,-607.9286928953757
881.0,-6.282777987171039,0.011202312023087148,-1.5702823766308043,-6.2827245453686675,-6.283214280713963,-6.2809456356798155,-608.665136344401
882.0,-6.282920978362799,0.011230265718277547,-1.5703048702294513,-6.282724805206917,-6.283214298994794,-6.282267437326834,-609.4015030297436
883.0,-6.283013949469992,0.011248345719727415,-1.5703202183156582,-6.282724924339307,-6.283214308686984,-6.2828082788467965,-610.1378197612803
884.0,-6.28307424013271,0.01125991883306741,-1.5703307318263233,-6.282724997958955,-6.2832143141848595,-6.283030523089708,-610.8741040951138
885.0,-6.283113337020908,0.011267324729753773,-1.5703379238849757,-6.282725045625354,-6.283214317474967,-6.283121822625175,-611.6103674182325
886.0,-6.283138691192758,0.011272065361010304,-1.5703428364625427,-6.28272507670306,-6.283214319519429,-6.283159329829811,-612.3466171149076
887.0,-6.283155133882776,0.01127510107348212,-1.5703461873166737,-6.2827250969133415,-6.283214320823807,-6.283174738328155,-613.0828579738293
888.0,-6.2831657970900165,0.01127703400369287,-1.5703484791448414,-6.282725127581855,-6.2832143214734995,-6.281485446727243,-613.8190931009914
889.0,-6.283172714350597,0.011278304962584728,-1.570350012267475,-6.282725089066053,-6.283214322652513,-6.28251692120211,-614.555324509282
890.0,-6.283177199990089,0.011279095293175511,-1.570351075862486,-6.282725125525644,-6.283214322572337,-6.282910020561915,-615.2915535060102
891.0,-6.2831801094043485,0.01127960452291254,-1.5703517951621622,-6.282725130813959,-6.283214322761284,-6.2830723403523105,-616.0277809384223
892.0,-6.283181996649805,0.011279932818825411,-1.5703522818846034,-6.282725132070978,-6.283214322945562,-6.283139001218552,-616.7640073559537
893.0,-6.283183220881061,0.011280144269447723,-1.5703526112405504,-6.282725132301089,-6.283214323079591,-6.283166387061936,-617.5002331150506
894.0,-6.283184015047901,0.011280280412807571,-1.570352834051507,-6.282725132383542,-6.283214323168856,-6.283177637541387,-618.2364584469557
895.0,-6.283184530246887,0.01128036807258281,-1.5703529847184372,-6.282725132476542,-6.283214323226654,-6.28318225939951,-618.9726835016884
896.0,-6.283184864483813,0.011280424531812386,-1.5703530865474085,-6.282725132578818,-6.283214323263903,-6.2831841581247865,-619.7089083765773
897.0,-6.283185103736366,0.011281517074806987,-1.5703528936071247,-6.282724935774071,-6.2804029056337285,-6.283184942917309,-620.4451509319135
898.0,-6.283185211222725,0.011279324995561177,-1.5703534670763934,-6.282725536547937,-6.282116776990571,-6.283185253607726,-621.1813833582299
899.0,-6.283185301653829,0.011280189282871554,-1.570353310619304,-6.282725110294496,-6.282774360830407,-6.2831853904572705,-621.9176111079793
900.0,-6.283185369628299,0.011280515062267541,-1.5703532564223908,-6.282725062688384,-6.283044801906245,-6.283185444304374,-622.6538369131034
901.0,-6.283185410910941,0.011280604120399614,-1.5703532503800972,-6.282725079208338,-6.283155823247964,-6.283185466527922,-623.3900619116858
902.0,-6.283185436171214,0.011280615961737205,-1.5703532581439281,-6.282725097759143,-6.283199081204688,-6.283185475659594,-624.1262865863449
903.0,-6.283185452575483,0.011280599074704975,-1.570353268069073,-6.282725115502757,-6.283208936140487,-6.283185479408979,-624.8625111814515
904.0,-6.283185462840576,0.011280576673630444,-1.5703532776614733,-6.282725125065722,-6.283212354279218,-6.283185480950741,-625.5987357472142
905.0,-6.2831854694663765,0.011280560128850994,-1.5703532844374135,-6.282725129495352,-6.2832136034107835,-6.283185481584026,-626.3349603008759
906.0,-6.283185473792822,0.011280548785248753,-1.5703532890103877,-6.282725131472322,-6.283214060122815,-6.283185481844102,-627.0711848491922
907.0,-6.283185476625744,0.011280541235039142,-1.570353292043055,-6.282725132329276,-6.283214227102896,-6.283185481950883,-627.8074093949467
908.0,-6.283185478483005,0.011280536285876022,-1.5703532940362606,-6.282725132689779,-6.283214288152158,-6.2831854819947095,-628.5436339393647
909.0,-6.283185479701329,0.011280533068427337,-1.570353295340081,-6.282725132835944,-6.283214310472046,-6.283185482012687,-629.2798584830307
910.0,-6.2831854805007055,0.011280530986296453,-1.5703532961908435,-6.282725132892071,-6.283214318632213,-6.283185482020057,-630.0160830262487
911.0,-6.283185481025217,0.011280529642301269,-1.5703532967452942,-6.282725132911641,-6.283214321615528,-6.283185482023074,-630.752307569189
912.0,-6.2831854813693555,0.011280528776007447,-1.5703532971064393,-6.282725132917087,-6.283214322706185,-6.283185482024308,-631.4885321119531
913.0,-6.283185481595119,0.011280528218076808,-1.570353297341635,-6.282725132917528,-6.283214323104895,-6.28318548202481,-632.2247566546034
914.0,-6.283185481743204,0.011280527858912492,-1.5703532974948142,-6.282725132916505,-6.283214323250639,-6.283185482025013,-632.9609811971799
915.0,-6.2831854818403245,0.01128052762776558,-1.5703532975945944,-6.282725132915295,-6.283214323303906,-6.283185482025095,-633.6972057397081
916.0,-6.283186582163119,0.011194477065001464,-1.5703493363220344,-6.282724317232293,-6.28321428923026,-6.283185480565789,-634.4334313189322
917.0,-6.283184762898614,0.011205219882488487,-1.5703563077175042,-6.2827260234595546,-6.2832143602402315,-6.283185483578412,-635.1696577315021
918.0,-6.2831438413638585,0.011231969741390287,-1.570354501441875,-6.2827253614990335,-6.283214335142387,-6.283185482436268,-635.905903556472
919.0,-6.283150928431143,0.011248529185247914,-1.5703544064341035,-6.282725136877013,-6.2832143203415125,-6.283185482049455,-636.6421471029263
920.0,-6.283163067502426,0.01125989995257751,-1.5703537759943884,-6.282725070958101,-6.283214320063582,-6.283185481922217,-637.3783839832012
921.0,-6.283170989804418,0.011267268118385852,-1.5703534317089756,-6.282725064319115,-6.283214320733814,-6.283185481906269,-638.1146165026636
922.0,-6.28317611219973,0.011272004528613377,-1.570353267849217,-6.28272507705783,-6.283214321465651,-6.283185481927753,-638.8508462025245
923.0,-6.283179423719479,0.011275048333064256,-1.5703532012514019,-6.282725092253927,-6.283214322052356,-6.283185481954412,-639.5870740796374
924.0,-6.283181564649156,0.011277004612192292,-1.5703531842454321,-6.282725104869891,-6.283214322474704,-6.283185481976629,-640.323300778349
925.0,-6.283182948856963,0.011278262084947694,-1.5703531904992294,-6.282725114130905,-6.283214322764613,-6.283185481992885,-641.0595267151749
926.0,-6.2831838438597085,0.011279070474755352,-1.5703532059663117,-6.28272512054618,-6.283214322959035,-6.28318548200408,-641.7957521593767
927.0,-6.283184454751853,0.011281223482285092,-1.5703528188118956,-6.2827248203611505,-6.278866734750455,-6.2831854893864705,-642.5320045410253
928.0,-6.283181843986885,0.011267069095965128,-1.5700695116311336,-6.282726317025828,-6.279811012183351,-6.283185480547103,-643.2682562064133
929.0,-6.28318710728069,0.011288645136901183,-1.570152170841788,-6.282724480976946,-6.2797504196141585,-6.283185479031229,-644.0045042031865
930.0,-6.283186279029608,0.011284167733287364,-1.5702195540065342,-6.282725109451281,-6.2818370353899216,-6.283185477471242,-644.7407390834638
931.0,-6.283185732247678,0.011282580663468591,-1.5702642174071677,-6.282724987139561,-6.282659633009585,-6.283185482217518,-645.4769681474455
932.0,-6.283185470216593,0.011281519382723187,-1.5702939905277509,-6.282725048292386,-6.2829976963205745,-6.283185482311556,-646.2131947345143
933.0,-6.283185358159588,0.011280880822610289,-1.5703138247756325,-6.282725100025811,-6.283136481982886,-6.283185482329186,-646.9494202408159
934.0,-6.28318532440444,0.01128053856009584,-1.5703270298212897,-6.282725125975928,-6.283193223581006,-6.283185482275378,-647.6856452532553
935.0,-6.283185328718917,0.011280383315408957,-1.5703358169775912,-6.282725138446878,-6.283207288014979,-6.283185482207717,-648.4218700848351
936.0,-6.283185348825688,0.011280323559329791,-1.5703416659349023,-6.282725142806655,-6.28321175198764,-6.283185482154013,-649.1580948234658
937.0,-6.283185373308101,0.011280320636389929,-1.570345557466662,-6.282725142180108,-6.283213382153994,-6.283185482113551,-649.8943195031248
938.0,-6.283185396797681,0.011280343508111681,-1.57034814663392,-6.282725140155323,-6.283213978527236,-6.283185482084804,-650.6305441426761
939.0,-6.283185417051816,0.01128037500206642,-1.5703498694104816,-6.282725138122237,-6.283214196801192,-6.283185482065017,-651.366768754015
940.0,-6.283185433495071,0.011280406547660162,-1.5703510158059177,-6.282725136493699,-6.283214276758828,-6.283185482051641,-652.1029933452504
941.0,-6.281112053081525,0.011307699414126399,-1.570327780378357,-6.282724327882878,-6.279862499486224,-6.283185486104785,-652.8402485145731
942.0,-6.281455616778125,0.011262391258691058,-1.570368900388119,-6.2827260104080365,-6.281903618341283,-6.278543670131547,-653.5774015289278
943.0,-6.282068899862223,0.010561729355252037,-1.5703286526663471,-6.282718559358098,-6.282687381720238,-6.281360232440921,-654.3142370441984
944.0,-6.2824494990056134,0.010656545621580051,-1.5703810350194518,-6.282732438620707,-6.283008131392224,-6.282433451343827,-655.0508667784699
945.0,-6.282708429331998,0.01087569407886875,-1.5703675029258042,-6.282727047332475,-6.283140870410546,-6.282876595168427,-655.7873536978527
946.0,-6.282876958230168,0.011020403851145097,-1.5703590692563496,-6.282725057563454,-6.283194706860365,-6.283058583714559,-656.523747726373
947.0,-6.282985964200534,0.01111342418444503,-1.5703547473652737,-6.2827245512242,-6.283207629726826,-6.283133349449095,-657.2600818250525
948.0,-6.283056450810887,0.011173158715510183,-1.570352726472207,-6.282724543773038,-6.283211866323095,-6.283164064599965,-657.9963772046406
949.0,-6.283102031215178,0.011211529476621136,-1.5703519299594257,-6.282724667192631,-6.283213417539249,-6.2831766830518525,-658.7326475558001
950.0,-6.283131507438925,0.011236181252386504,-1.570351752217435,-6.282724798545,-6.283213987295521,-6.283181867035329,-659.4689017248883
951.0,-6.28315057028752,0.011252021376859411,-1.5703518604657383,-6.2827249040274085,-6.283214197295179,-6.283183996780139,-660.2051454299793
952.0,-6.283152666424236,0.011221607555690877,-1.5693677291098946,-6.28272735639406,-6.283213953827587,-6.28318488336889,-660.9413970037762
953.0,-6.28317806196472,0.011299582500764377,-1.5696550215962675,-6.282722574675315,-6.28321468986476,-6.283185217744996,-661.6776314245944
954.0,-6.283179853437724,0.011290059286276983,-1.5698881978409729,-6.282724370433827,-6.283214394609735,-6.2831853756861,-662.4138628999793
955.0,-6.283180915811708,0.011283654983679276,-1.5700439178305683,-6.282725079863802,-6.2832143091611465,-6.283185439825034,-663.150092552849
956.0,-6.283181907434437,0.011280507133348015,-1.5701474889237326,-6.2827252787614585,-6.283214291213736,-6.283185465668566,-663.8863208222822
957.0,-6.283169281633953,0.011225664146106455,-1.5689196663259122,-6.282728431686192,-6.283213869974458,-6.283185491231878,-664.6225673962357
958.0,-6.2831929206318,0.011319384534748834,-1.5693436255724182,-6.282722032616981,-6.283214808329093,-6.283185462145575,-665.358796351348
959.0,-6.283189025126793,0.011301324354589734,-1.5696809858121576,-6.282724314876266,-6.283214410969657,-6.283185477126323,-666.0950245760876
960.0,-6.283186438407644,0.011289543454764682,-1.5699061557617493,-6.282725187895498,-6.283214297643862,-6.283185482184709,-666.8312524010109
961.0,-6.283185206129532,0.011283381601060516,-1.570055891151647,-6.282725407149087,-6.283214275275484,-6.28318548352221,-667.5674796727096
962.0,-6.283184713516168,0.011280400842948707,-1.5701554611738158,-6.2827254060404405,-6.283214279789996,-6.283185483578231,-668.3037063816337
963.0,-6.283184629803808,0.011280898342657783,-1.5702212443863997,-6.2827250195084146,-6.278530510724608,-6.283185491224097,-669.0399618860357
964.0,-6.283184635839794,0.011276834065963665,-1.5702661668334719,-6.28272595866506,-6.281378299992732,-6.283185474652247,-669.7762005635352
965.0,-6.283184756492902,0.011278294323081682,-1.57029515412625,-6.282725200767985,-6.282470870938659,-6.283185483036776,-670.5124312827205
966.0,-6.283184908444124,0.011279044929131666,-1.5703145214054863,-6.282725086216692,-6.2829202089798,-6.283185482443629,-671.2486585829504
967.0,-6.28318504020979,0.01127945655082063,-1.570327457239454,-6.2827250894513,-6.283104671763705,-6.2831854823105,-671.9848843910664
968.0,-6.283185148392536,0.011279724188438386,-1.5703360853493575,-6.282725109347768,-6.283180401317937,-6.283185482216563,-672.7211095256777
969.0,-6.2831852340902055,0.011279925802559316,-1.5703418339897925,-6.282725121761073,-6.283204386672113,-6.283185482153656,-673.457334384281
970.0,-6.283185300396031,0.011280070875819063,-1.5703456648963223,-6.282725131350895,-6.283210702361553,-6.283185482111093,-674.1935591258382
971.0,-6.283185350314375,0.011280184747217667,-1.570348215898171,-6.282725134716646,-6.283212998733551,-6.283185482082586,-674.9297837996618
972.0,-6.283185387400471,0.011280273660202237,-1.5703499141922497,-6.282725135374367,-6.28321383856331,-6.2831854820633435,-675.6660084309668
973.0,-6.283197446639671,0.009492672659904926,-1.5702686168559412,-6.282708208213755,-6.28321343565949,-6.283185451709791,-676.4022609173703
974.0,-6.283162923440903,0.009715768125649985,-1.5704142726066888,-6.282743656118094,-6.283214097669761,-6.2831855143171715,-677.1385290598824
975.0,-6.28317152707228,0.010260913626023481,-1.570386928613725,-6.282730133844041,-6.283214151853563,-6.283185491310014,-677.8747817798013
976.0,-6.283178632543168,0.010622627973313512,-1.570368800346863,-6.282725079580214,-6.283214180350041,-6.28318548203816,-678.6110233307729
977.0,-6.283182502270606,0.010856136644472308,-1.5703591239263461,-6.282723748304191,-6.283214218334167,-6.283185479620126,-679.3472580786975
978.0,-6.283184484945917,0.0110067305653408,-1.5703542851841525,-6.282723693919863,-6.283214250597427,-6.282725843706128,-680.0834887217878
979.0,-6.283185433274054,0.011103871405090428,-1.5703520877497985,-6.2827239697331425,-6.283214274543864,-6.28300474330777,-680.8197168940035
980.0,-6.283185832204599,0.01116652816236551,-1.5703512939633963,-6.282724297456308,-6.2832142908890924,-6.283111012570548,-681.5559435839342
981.0,-6.283185952996483,0.011206952447418629,-1.570351191733159,-6.282724558100901,-6.283214301954077,-6.2831548944331885,-682.2921693881489
982.0,-6.283185943233616,0.011233036263090872,-1.5703513982612511,-6.282724747622015,-6.283214309308058,-6.283172915793777,-683.0283946657393
983.0,-6.283185880608272,0.011249868884692706,-1.570351712655948,-6.282724878583157,-6.283214314152033,-6.283180319481713,-683.7646196321089
984.0,-6.283185804027962,0.011260732777386403,-1.570352035934327,-6.282724966591702,-6.283214317328613,-6.283183361076121,-684.5008444158948
985.0,-6.283185731389462,0.011267745288375547,-1.5703523245888351,-6.282725024775177,-6.2832143194074055,-6.283184610643723,-685.2370690935072
986.0,-6.283185669609738,0.011272272360230871,-1.5703525640772096,-6.282725062860348,-6.28321432076659,-6.283185124007576,-685.9732937100442
987.0,-6.28318562017683,0.011275195289944591,-1.5703527540083937,-6.282725087636516,-6.283214321655037,-6.283185334919864,-686.7095182919197
988.0,-6.28318558213965,0.011277082750790788,-1.5703529001066072,-6.28272510369232,-6.283214322235807,-6.283185421575267,-687.4457428544619
989.0,-6.283185553656856,0.01127830173366104,-1.5703530100379943,-6.282725114071648,-6.283214322615529,-6.283185457180683,-688.181967406465
990.0,-6.283185532751886,0.011279089103611056,-1.5703530913900103,-6.282725120771042,-6.283214322863871,-6.283185471811811,-688.9181919529034
991.0,-6.2831855176431075,0.011279597758461424,-1.5703531508142632,-6.28272512509099,-6.283214323026339,-6.283185477824985,-689.6544164965393
992.0,-6.283185506855914,0.011279926407399235,-1.5703531937702053,-6.282725127874904,-6.283214323132659,-6.283185480296874,-690.3906410388696
993.0,-6.283185165024644,0.011268835954108688,-1.5703564128055088,-6.279832100577989,-6.283210735973117,-6.283185511393068,-691.1268473431422
994.0,-6.283185693042657,0.011292621512429593,-1.570349918227975,-6.2815787142433255,-6.28321251212224,-6.283185431671419,-691.8630634982073
995.0,-6.283185634342003,0.011283695852469012,-1.5703523139077489,-6.282256107376739,-6.283213746982371,-6.283185484979664,-692.5992845907048
996.0,-6.283185517262321,0.011280383082618672,-1.5703532553087167,-6.282533262017021,-6.283214149824369,-6.283185488272985,-693.3355077610627
997.0,-6.282510660939937,0.011287956406047793,-1.570345853454305,-6.282646451127665,-6.28321431454495,-6.283185486198054,-694.0720603764202
998.0,-6.282622481844448,0.011274049867414706,-1.5703588767459855,-6.282693130962231,-6.283214269700891,-6.283185485253462,-694.8085839469649
999.0,-6.282819118331736,0.011276427411602806,-1.5703563233835829,-6.282712072434167,-6.2832143120583055,-6.28318548376289,-694.8085839469649
