time,shoulder link,upper arm link,forearm link,wrist1 link,wrist2 link,wrist3 link,total_reward
0.0,3.8302355418067395e-07,0.0001305527500325461,1.3667070500545526e-05,1.0859773454077609e-05,-8.078440252121974e-07,7.474721325947526e-08,-0.9111607981031667
1.0,-0.004810441543165553,0.004409707525907081,0.001673378636834074,-0.01109341540539794,0.010324657277960484,-0.011109958002801686,-1.8221842198382285
2.0,-0.01475990597610074,0.008776709539844304,-0.0024994085779429186,-0.01005229876489343,0.02167788761410022,-0.026500827024302096,-2.728986420652351
3.0,-0.026834594187207187,0.01123867372398454,-0.008070879464157351,-0.012349331559812275,0.03316236446328896,-0.0439451910644679,-3.629356214752795
4.0,-0.04095575300163402,0.012827945709781446,-0.015970453001280357,-0.013088959686191703,0.04369829266435946,-0.06224334843832059,-4.521329783117032
5.0,-0.056821170262601015,0.013840612490590725,-0.026227669110723512,-0.024501202240111465,0.05301376379541567,-0.07980521631600385,-5.403473562720675
6.0,-0.07228555110219036,0.014353371786612244,-0.037835402568857535,-0.03138763478635008,0.05562048510928943,-0.08965456310237799,-6.275118832697471
7.0,-0.08834690982578311,0.014774606758502125,-0.051816426261173706,-0.04392244846681432,0.05053002900652206,-0.08408946899702575,-7.135419306102852
8.0,-0.10219023064218687,0.014721974808152209,-0.06451249866888141,-0.060187570210081386,0.039029770946348165,-0.0722443551411342,-7.985387411704952
9.0,-0.1165123692032727,0.014891501938174024,-0.07842203438520362,-0.07797610361586435,0.023209384619304933,-0.05767815889335573,-8.824662716892405
10.0,-0.13243439233723467,0.01502087889576944,-0.09368697071719746,-0.09641247135004806,0.005580966294570346,-0.04491310513998705,-9.651927556329188
11.0,-0.14899762976704767,0.014690540228915529,-0.1055085839863801,-0.11512909279829518,-0.011336586748269829,-0.02862377545627539,-10.467101349980025
12.0,-0.1646189300430467,0.014433777423089949,-0.11350700679921934,-0.13372922329445908,-0.029392533883480277,-0.014762060516027775,-11.271329432848164
13.0,-0.18074503218119164,0.014683170413457193,-0.12243560905505785,-0.14905227415467667,-0.04601319617573327,0.0019875681336872786,-12.06439132902941
14.0,-0.19722583885068778,0.01507518529462701,-0.13457085112736913,-0.16640199044416912,-0.06393928470481827,0.014075853361410328,-12.845484347564419
15.0,-0.2120307780808484,0.015143017926108365,-0.14811543943170247,-0.1773690717211897,-0.08243553683208514,0.030058668376340685,-13.61492537617377
16.0,-0.22576289949220488,0.014927583231641145,-0.15999141973135117,-0.18849801108148484,-0.10117048031603283,0.047750051847841826,-14.373533497835677
17.0,-0.24066992166208495,0.01508624452130216,-0.1740768729184218,-0.18996447463859262,-0.11124842268243058,0.06615034358760452,-15.120406306954703
18.0,-0.2569979780536292,0.015205679705970355,-0.1897412945009641,-0.20170712501370938,-0.12644405445876128,0.07561347532755289,-15.854377388030995
19.0,-0.27386207727917067,0.0150652262794302,-0.20475991180741762,-0.2176663892928853,-0.1438124321755787,0.08688786705716091,-16.575059431606686
20.0,-0.29058105616603447,0.015082539406287458,-0.22102293399607076,-0.22537078161292515,-0.16021824393104386,0.09999906831280751,-17.282190939623028
21.0,-0.307687839628276,0.015110345396274415,-0.23811972211468968,-0.23748193665576336,-0.1780578522430094,0.11646043741584235,-17.975387123660756
22.0,-0.323100231686572,0.015106108231871699,-0.2558015466807558,-0.2535458828463091,-0.19154293752894727,0.13435106804193298,-18.655504862354555
23.0,-0.3387962397842221,0.014656768632044286,-0.26920894216199975,-0.27128099779672693,-0.20669597567275758,0.15283366283582228,-19.323084164675187
24.0,-0.35312122286244685,0.014380879610804111,-0.27868942273865743,-0.2869928161759656,-0.22402316817388562,0.16851823018125164,-19.979651206444768
25.0,-0.3663859571355385,0.014687070606910315,-0.28944407568735925,-0.3042205350839837,-0.23869033576284937,0.18603708765737617,-20.625976639753173
26.0,-0.3772687458425228,0.014813947481880092,-0.3007696846440511,-0.31696371480783636,-0.25577988196566254,0.20436474294027981,-21.263109829744813
27.0,-0.3894503292298301,0.014119784769904208,-0.30358911473336797,-0.33088584781105557,-0.27370681572551736,0.22302802567716143,-21.891823900520027
28.0,-0.4034682923778938,0.013884992123080527,-0.3005571756459248,-0.34322747911634655,-0.2841176662476789,0.24000968480425333,-22.51261048161308
29.0,-0.41907635814666483,0.01389436052629709,-0.29297574262907106,-0.35710576194224225,-0.29862922279109205,0.25808558475267374,-23.125703900377072
30.0,-0.43591408421495353,0.014313109371829903,-0.28516688178940974,-0.373873871147852,-0.31377092275511315,0.27664410626970865,-23.730795452082553
31.0,-0.45354973262807396,0.015146057530778226,-0.2835042590470779,-0.390018668224233,-0.3310876004737984,0.29322256852984663,-24.32635820602086
32.0,-0.47164847641530555,0.014751787584385171,-0.2772370027729166,-0.40658014999040626,-0.34932915601324066,0.3080305556317866,-24.912606708160236
33.0,-0.48771894721002457,0.01473522195831147,-0.2693698148881406,-0.42448223821263503,-0.3662580619417797,0.32518510965906594,-25.491398799377237
34.0,-0.5038247035637113,0.014937318118722901,-0.26242317417039734,-0.4387091066773928,-0.38431548523275,0.3433621456430549,-26.06288286549083
35.0,-0.5161113338239967,0.014738004732834776,-0.2523309312567848,-0.4514456359637301,-0.40121684972831523,0.3619632760728346,-26.62968493719093
36.0,-0.5255565986225958,0.014569421667448837,-0.23934614391549647,-0.4520136528234874,-0.41926207671635785,0.38073966569659995,-27.19425526151332
37.0,-0.5355117937695192,0.015015672471518715,-0.22828101348679566,-0.463211134470004,-0.4378120196829065,0.39235662726007814,-27.75651361717626
38.0,-0.5478353448294063,0.014901760809752173,-0.2147902737450836,-0.47818624444160124,-0.45656424819801,0.40789512939870015,-28.31569395641862
39.0,-0.5586172007106958,0.01499964258997355,-0.20127073392432274,-0.49061864020884766,-0.47096923192682794,0.4253986995467212,-28.872803181474463
40.0,-0.5707021259507927,0.015046909251330624,-0.18705439808240362,-0.50675129366749,-0.4853484584352022,0.43913402951725683,-29.42770534340104
41.0,-0.5852056987420003,0.015279563947203933,-0.17447850363718584,-0.5245030129333416,-0.4965864745763453,0.45522209816347514,-29.97912261677933
42.0,-0.6013753353176602,0.015146657370101001,-0.1608291176600073,-0.5354064497329933,-0.5050104274258372,0.4729473298549342,-30.52648440802092
43.0,-0.6139711303949846,0.015052296403124213,-0.14543695148308186,-0.5509200912097632,-0.5177149152369198,0.4913614422084867,-31.07210879918608
44.0,-0.6255718642773288,0.014981882813128658,-0.12889518900846791,-0.5581830397464042,-0.5340223229446757,0.5100604827788948,-31.61707893754949
45.0,-0.6375336267645044,0.015016037560924914,-0.11153670449924671,-0.5636988173539141,-0.5471751550693683,0.526126197813645,-32.16175516506337
46.0,-0.6511748618842705,0.015120702456456466,-0.09363147458980024,-0.5770101060940201,-0.5636201058631555,0.5438074890237468,-32.70597781098839
47.0,-0.6666784566934144,0.015501156824814538,-0.07886722249425057,-0.5935936476811807,-0.5815064125169269,0.557138979526652,-33.24858643538546
48.0,-0.6834752400928583,0.01531435683244639,-0.06291442285384237,-0.6056950727765812,-0.5999855009603489,0.5724577690605854,-33.789261998539494
49.0,-0.7010635511763528,0.015499071353745153,-0.048816039502857116,-0.6216633452514917,-0.6187135844668613,0.5825146798294023,-34.32785937916918
50.0,-0.7157730340712922,0.015239185077975982,-0.033292516613877846,-0.626357836388399,-0.6375421648233373,0.5976765902966187,-34.86565810339749
51.0,-0.7250302970373067,0.015600903278970695,-0.021207399290849378,-0.6381991841309483,-0.6564167443862696,0.6126729711159195,-35.404342625664405
52.0,-0.7325692909340858,0.015648242772503703,-0.010444658540037587,-0.654171752512867,-0.6753018234791837,0.6266252388137442,-35.944153263591986
53.0,-0.7373342685042548,0.009694520044005032,0.00036410878666824696,-0.6705774152116747,-0.6927345918616489,0.6391822980721245,-36.48218355353945
54.0,-0.7454982615653185,0.003695884166561126,0.01296147930088909,-0.6850728230470305,-0.6950724562338462,0.655345118174906,-37.01775672724726
55.0,-0.7539967707728147,-0.0026134709250353982,0.0264503207524285,-0.6960858887052523,-0.7025188196773485,0.6729647263272032,-37.55077143542144
56.0,-0.7608995106449934,-0.008749343257754881,0.03818566786226011,-0.7113079060754202,-0.7158342994183342,0.6913281738484378,-38.081409443986864
57.0,-0.7674550330261177,-0.012483119008234511,0.044998460971638614,-0.7280998982347232,-0.728672235357293,0.7097104785922062,-38.60989346921528
58.0,-0.7735188759938693,-0.016787942982513834,0.053956814272187376,-0.7460000146081113,-0.7438279377683097,0.7268389160330755,-39.13683215255609
59.0,-0.7768135364203247,-0.02250729850796377,0.06473755955832453,-0.7649959894536028,-0.7588636637370747,0.7415423595188395,-39.662569020189295
60.0,-0.7788354122846168,-0.028023113808508627,0.07686627197345534,-0.7842480455522688,-0.7747614537205676,0.7482488937533383,-40.1880828928653
61.0,-0.7792374536210814,-0.03345734983865107,0.08828305413318617,-0.8032018207378913,-0.7894375662661078,0.7620923238950308,-40.713683396515165
62.0,-0.779033754284596,-0.03854558381138416,0.09869116600995326,-0.821857827999635,-0.8039187248392611,0.7788724026353258,-41.239443232787025
63.0,-0.7787207042664916,-0.043395508839842084,0.10855251424185944,-0.8405510366425529,-0.8182598665205892,0.7958903646196744,-41.76537255467448
64.0,-0.7784405576654424,-0.048325065427637794,0.11848885854187559,-0.8590963625066667,-0.8331657401787461,0.8091000528841974,-42.2914157349238
65.0,-0.7784688643361889,-0.05264141772416984,0.12757433590409326,-0.8725085161832346,-0.8427235490123397,0.8251184041403752,-42.81756231846092
66.0,-0.7784669347381228,-0.05707076289597045,0.1367414073378576,-0.8861314560441448,-0.8518938148477343,0.8427263193917943,-43.343751413269615
67.0,-0.778343623465112,-0.061603795735737876,0.14611945658008937,-0.901353941411166,-0.8622082931814555,0.8611825333668984,-43.87002050518327
68.0,-0.7781013086075952,-0.06622421105395226,0.15573014106704708,-0.9183099460886069,-0.873869052667021,0.8799974973908705,-44.39642699927337
69.0,-0.7777975870701097,-0.07085375572160041,0.16546314319209002,-0.9362545230580043,-0.8862730323489466,0.8989059857519341,-44.92302064291813
70.0,-0.7774665634318533,-0.07546565036375591,0.17526177167600826,-0.9547341809950907,-0.8990247133631711,0.9178266432000086,-45.449833421131686
71.0,-0.7772755797503704,-0.08012569662514354,0.1850871406121557,-0.9719627370661433,-0.9123392390477327,0.9296294664033683,-45.97677910376599
72.0,-0.7769864173274058,-0.08471013929227582,0.19492939091441167,-0.9901966024792179,-0.9254230018850126,0.945463569946294,-46.50392869086154
73.0,-0.7770900778626793,-0.088653623108246,0.20347960719279876,-1.0019094033939704,-0.9334738942160894,0.9625759165000952,-47.031158548868014
74.0,-0.7770035239607005,-0.0929036700845563,0.21257801395427778,-1.0159975762512046,-0.9427799637296885,0.9809420327113876,-47.55846240458731
75.0,-0.7768556432155597,-0.09744240836719621,0.22223842390269624,-1.0319801520667817,-0.9550062732293652,0.9923872137079195,-48.08584553116975
76.0,-0.7771370406201076,-0.10132315406862381,0.23040502615984856,-1.0414959890021755,-0.9625966359702106,1.0075460795997,-48.61314336680135
77.0,-0.7770796310351332,-0.10553639702120061,0.23949925731413862,-1.0552834119926175,-0.9722957242416969,1.0241173423278442,-49.14048765180505
78.0,-0.7768586754497253,-0.10987676334503305,0.24902969574620756,-1.0714403177206946,-0.9841122970229137,1.0384563919623573,-49.66799114593112
79.0,-0.77657331060557,-0.114034737531251,0.25832814283269284,-1.0873559998911577,-0.9954868037673962,1.0553107028458018,-50.195712642582116
80.0,-0.7761900986748652,-0.11827801902194618,0.26785610363250884,-1.104709469407857,-1.0076211211323447,1.0734389139441902,-50.72367556229242
81.0,-0.7757462028225693,-0.122491607723624,0.27746993601121467,-1.1228357497878874,-1.0203235570945393,1.092038539900246,-51.25192851937307
82.0,-0.7756921690538069,-0.1262237196712105,0.2856539065605121,-1.1340667999876328,-1.0297207309866194,1.1090590149987787,-51.780242351105294
83.0,-0.7754513937104258,-0.13031505074775035,0.29475062729764306,-1.1486819972959077,-1.0410870796683003,1.1245187640529721,-52.308657030648504
84.0,-0.7751567627258434,-0.13457304459982727,0.3043670485339827,-1.165136096220127,-1.0546873372762473,1.1343023912878367,-52.83723465272974
85.0,-0.7746829829029128,-0.13868509155911887,0.3139957810701099,-1.1831530223945694,-1.0685165892490582,1.149302000857289,-53.36610646518928
86.0,-0.7741136880218626,-0.1427195045168363,0.32362002043288673,-1.201806096304965,-1.0825798572902887,1.1665725327894052,-53.895326951581254
87.0,-0.7738402223393013,-0.1463222523769058,0.33174031921291103,-1.2135867784962637,-1.0939488145669196,1.1829794533762126,-54.42466139461298
88.0,-0.7734172324923427,-0.1502402350154405,0.34076827110995755,-1.2285619476743597,-1.1070577344599564,1.1974232911950597,-54.9541488855235
89.0,-0.7729894061067257,-0.15390357248292358,0.349250404068149,-1.2415542854329848,-1.1197043440654058,1.2110384602071411,-55.483812346209895
90.0,-0.7727412875619137,-0.15800839003250788,0.358429429251587,-1.2549386318933722,-1.1347743779262607,1.212115214174655,-56.013472424110944
91.0,-0.7721972918575545,-0.16176094227194976,0.36732585494023196,-1.2696293367567884,-1.1492116583771526,1.2230812897209073,-56.54334291846102
92.0,-0.7714569099706348,-0.16551540722400235,0.3764961369078073,-1.2865274277651537,-1.1643581142274428,1.2387463568735355,-57.073516573306534
93.0,-0.7707074207397574,-0.16932363929159797,0.38595669282969863,-1.3043427210748737,-1.1808339191045623,1.2513395605592572,-57.60401487863867
94.0,-0.7699088874396951,-0.17279956979300715,0.3946206550930628,-1.3196495127019479,-1.1963954940521462,1.2673244271346935,-58.13483300851267
95.0,-0.7691091308582957,-0.17649761938221245,0.4038618687214415,-1.336449032801199,-1.2135001052509105,1.2788723586183997,-58.66593188742839
96.0,-0.7685553549826262,-0.1798735789061531,0.4124015973933823,-1.3509371646951156,-1.2270377459260313,1.2944740195939226,-59.197294018001095
97.0,-0.7682716744581721,-0.1832412324893313,0.4203897422252204,-1.36288401053759,-1.2388318590514145,1.3118601489242239,-59.72869542281128
98.0,-0.7680054308938299,-0.18659235333127744,0.42923699853243336,-1.3782230207987844,-1.2496115445236156,1.3287353368918389,-60.26035708946571
99.0,-0.7673816742182914,-0.18996739439205138,0.43835760720378514,-1.3952813001788325,-1.2639779633009753,1.343007737829652,-60.792369269697716
100.0,-0.7667301366350509,-0.193265604904772,0.4475872014461705,-1.4134021242917723,-1.2777679510660125,1.3599533984869052,-61.324793836997934
101.0,-0.7658310305357167,-0.19646452578489834,0.4567817406371107,-1.432142355913093,-1.2934785081942222,1.3779884725296354,-61.857683722714086
102.0,-0.7651909201130244,-0.19954576856345504,0.4651916212392997,-1.4473751931024759,-1.3075447103191216,1.3963677589390149,-62.390859197350125
103.0,-0.7646108451467003,-0.20270971730850834,0.473253020979621,-1.4602514854371158,-1.3233259614869632,1.411277715884846,-62.92411528146269
104.0,-0.7643691958144778,-0.20597990024691387,0.4808049023624162,-1.4703160954692858,-1.3407512025624542,1.4281884227270538,-63.457128455796685
105.0,-0.7643370659719105,-0.20910213055588556,0.4884715640382839,-1.4802933235678093,-1.3590900974502211,1.4462111729168226,-63.989946866068834
106.0,-0.7638892357965582,-0.2119667410743405,0.4969566680692344,-1.4946943969735424,-1.377876757944697,1.461206376004449,-64.522994059163
107.0,-0.7636428606160398,-0.21482957084668,0.5051552087884961,-1.5076327260442595,-1.3904009081633137,1.4732529894124264,-65.05625950110951
108.0,-0.763235389699808,-0.2178111975110629,0.5134543294606879,-1.5217959611456031,-1.4037385603928794,1.4892018697401455,-65.58964836682534
109.0,-0.7632391738312695,-0.22101545832500125,0.5207261343421415,-1.5305303673780897,-1.4198398753798622,1.506732803050478,-66.12262728958338
110.0,-0.7630600415437752,-0.2237231437737558,0.5291206589888396,-1.5447510051573183,-1.4356826408936456,1.525151205610441,-66.65579422365549
111.0,-0.7629838241231905,-0.22678692484798657,0.5365164845416963,-1.5542069988266998,-1.4528413228472439,1.5437452320272411,-67.18863334769377
112.0,-0.7627768585259984,-0.22955973323555107,0.5446580832874935,-1.5671521158893806,-1.4709646938635883,1.5625604500809926,-67.7214663363971
113.0,-0.7622500470528483,-0.2322699783555865,0.5529675478896451,-1.581639797255678,-1.4894792603347167,1.5814151590667083,-68.25439590828628
114.0,-0.7614780176274172,-0.234848668857651,0.5617495151538581,-1.5984879542087649,-1.508283865574745,1.5944278267861782,-68.78761617472146
115.0,-0.7606121004278316,-0.23747944019177034,0.570745485332104,-1.616443429356454,-1.5272185169956662,1.6042636162936412,-69.3211040762901
116.0,-0.7598456444510312,-0.24026505833329373,0.5788326666239088,-1.630341426050176,-1.5459379375691196,1.6192009197599337,-69.85451045171938
117.0,-0.7590460638686308,-0.24282094213030755,0.5875249319213157,-1.6469517877681437,-1.564798413117447,1.6319477936401583,-70.38806124891403
118.0,-0.7580170165612867,-0.24535877539509562,0.596386692406718,-1.6648546002427997,-1.5835411940490471,1.648154911475557,-70.92179642162073
119.0,-0.7568658174755161,-0.2478820616847492,0.6053410750677752,-1.6833432965254251,-1.6022429811765169,1.6659188051265288,-71.45571390946057
120.0,-0.756004125333197,-0.2504020459013073,0.6143811585692742,-1.7020702256912499,-1.6202981877961988,1.6764196925046215,-71.98974577326388
121.0,-0.7549753161854418,-0.25299760082501366,0.6231974015425279,-1.7197116078771233,-1.6381526837380507,1.6916656504842016,-72.52379017810502
122.0,-0.7539820841876738,-0.2555865148441198,0.6321567981578455,-1.7380267149905735,-1.6563738064414726,1.7047982961612853,-73.0577996609
123.0,-0.7530605178923523,-0.2582565110280927,0.6412933425961144,-1.7565707172133802,-1.6728294500933014,1.7211879130294172,-73.59175470697569
124.0,-0.7520646376343489,-0.2610088380674152,0.650034064549148,-1.7729958795721008,-1.6893729241437614,1.7391006022515634,-74.12552530984836
125.0,-0.7519239000823094,-0.26385241624431344,0.6583258197574379,-1.786046574124099,-1.6987298367999741,1.7538656811735178,-74.6590835767311
126.0,-0.7516234567216791,-0.26657529592443385,0.6669487741459765,-1.8024444512889484,-1.712215069901838,1.7607162493732025,-75.19234005085424
127.0,-0.750944649941103,-0.2694231387102218,0.6759978499783683,-1.8200331517273305,-1.7276729706113187,1.7745203731248818,-75.72524517780772
128.0,-0.7504266838585097,-0.27209836206267296,0.6849264055110403,-1.838473461404945,-1.7438650646630065,1.7809349953158102,-76.25774980394765
129.0,-0.7498561223853883,-0.2749199071055776,0.6940705856164278,-1.8570153975834098,-1.7600279087710622,1.7910835955422504,-76.7897598794736
130.0,-0.7493169560324353,-0.27788290078498074,0.7035047655287181,-1.8755496933081668,-1.775121508258254,1.8062837757439785,-77.3212514590828
131.0,-0.7491686144690145,-0.2804355388368502,0.712396966091077,-1.8946438023768577,-1.7887200728198631,1.8085339593676983,-77.85227688077728
132.0,-0.7490086681897935,-0.2830438353728501,0.7212079187884798,-1.9136429427455788,-1.8027132965280384,1.8095013871794077,-78.38272215391603
133.0,-0.7487377462530114,-0.2860572315088117,0.7296013933632987,-1.927172780292654,-1.8164083345531938,1.8211171505743393,-78.91241431856105
134.0,-0.7484468181949809,-0.2890083257986196,0.738530213409657,-1.9436497833461692,-1.8305705960862864,1.832406428296532,-79.44137731257503
135.0,-0.7486249969611357,-0.29208367509936645,0.7480834706635918,-1.9611828752053493,-1.840779002902652,1.84799986140844,-79.96970058787383
136.0,-0.7484303035334138,-0.29508456739085215,0.7576282061327457,-1.9795499008971078,-1.8539868260366563,1.8641917947401725,-80.49731135498848
137.0,-0.748043434141032,-0.29818840360831295,0.766521352123998,-1.9941559964821316,-1.8687981905330007,1.8820966096482912,-81.02406173063893
138.0,-0.7475897305419738,-0.3012949988430938,0.7756121871315278,-2.009818717796723,-1.8849539353414455,1.8999626598108448,-81.54983058240181
139.0,-0.74723186523701,-0.3039894211700782,0.7843974358812458,-2.0275688095878563,-1.9013487938154527,1.9076362884479359,-82.07464235427051
140.0,-0.7469570881031791,-0.3069729754198415,0.7927286003006908,-2.040966087609431,-1.9187194755222516,1.9197550242926913,-82.59828707134139
141.0,-0.7471639305183403,-0.3104681026967943,0.7997786285366982,-2.044357516202199,-1.9356323853373478,1.9360364292127032,-83.12049442852452
142.0,-0.7474576559087138,-0.3133666789027087,0.8083980681869646,-2.0564084901162896,-1.9500441130441855,1.953639718186613,-83.64174840522357
143.0,-0.7474070513433573,-0.3163575729547782,0.8165190999055877,-2.067386252415202,-1.9658444451636166,1.9690381593554007,-84.16189046800633
144.0,-0.7472947725030091,-0.31902511752061063,0.8252545327944281,-2.082864105076809,-1.98207231819802,1.9822923248171536,-84.68098271058317
145.0,-0.7471666467189813,-0.3216650647687648,0.8338518281081269,-2.0983289480373086,-1.99929366604737,1.9941479144639065,-85.19892591043357
146.0,-0.7469800491490532,-0.32421702273566877,0.8429451768555865,-2.1156292204108973,-2.017651320634779,2.0097875962983447,-85.71570498646791
147.0,-0.7467616676879505,-0.3266500768277348,0.8522092949105042,-2.1338348822609228,-2.035521381936669,2.0269576657334074,-86.23138657719255
148.0,-0.7472667135581907,-0.3292962084268098,0.8599447158322149,-2.1445150080735074,-2.0472954476963596,2.037532684445162,-86.7460808022035
149.0,-0.7477806496382405,-0.3318458938687608,0.8687299466947549,-2.159739744306691,-2.058068757870521,2.0525448952508496,-87.25990331888549
150.0,-0.7481673427815135,-0.33477551926527754,0.876442787882654,-2.167938287862896,-2.0715361172643427,2.070004601458782,-87.77259261920136
151.0,-0.7484184135383583,-0.33729874905906804,0.8850328087363283,-2.1822900284169773,-2.0879515411845175,2.08576441699671,-88.28406537367746
152.0,-0.7494058347791878,-0.3396712632705266,0.894144375958459,-2.1991408800585157,-2.095164574951285,2.101963472284675,-88.79486091931146
153.0,-0.7506383668891078,-0.3423414629695794,0.901290977104109,-2.208140620174649,-2.102626065720258,2.1065822690734874,-89.30467714560864
154.0,-0.7514208676012886,-0.34473262309402186,0.9097966202632053,-2.2226557420736137,-2.116426413813266,2.1194429674741597,-89.81335238769654
155.0,-0.7521289818287102,-0.3472657372722445,0.9177502041928511,-2.233169635176172,-2.132600894257226,2.134207043347607,-90.32075658927491
156.0,-0.7529870008538725,-0.3499868566158674,0.9253835252393189,-2.2402412972622345,-2.15038442502021,2.1506109182016395,-90.82675881237203
157.0,-0.7537467914890886,-0.3521658554134701,0.9340133256267013,-2.2541510276641805,-2.168979686624144,2.168347813958127,-91.33146429166838
158.0,-0.7543845947837693,-0.3541345226137907,0.9429460413978284,-2.270896294656216,-2.186333602587406,2.1867394477400994,-91.83496730831925
159.0,-0.7553588782389389,-0.3559089655050721,0.9515485001185393,-2.28906099745483,-2.20173698065748,2.195585637084963,-92.3372381061466
160.0,-0.756335487969435,-0.35777933535907336,0.9601878021500934,-2.305215465603551,-2.2190692822678706,2.2101221326260996,-92.83821764373752
161.0,-0.7573373791331637,-0.35950055920047813,0.9691141519432226,-2.32293486428042,-2.2348767614250886,2.227191357249585,-93.3380475376409
162.0,-0.7583105355558207,-0.3612140507128101,0.9781249155773319,-2.341337888835153,-2.252456300673819,2.245334128178696,-93.83654293822957
163.0,-0.7594417102418505,-0.36276957760544243,0.987181172196668,-2.36004956994018,-2.270944287630552,2.2639376855550366,-94.33367885179331
164.0,-0.760805012147416,-0.3646170237468796,0.9953377389437589,-2.3732538046642624,-2.284957611567182,2.2790481923453942,-94.82971761832154
165.0,-0.7622013717763847,-0.366319861902576,1.0040026936192499,-2.389409030437929,-2.301759268499212,2.296258056101128,-95.32442584121314
166.0,-0.7637162061939168,-0.36858012400901974,1.0115569199501686,-2.3958269372237035,-2.3198521445314078,2.314294406588232,-95.81778748553
167.0,-0.7653702508664741,-0.37030496587566725,1.0199496041310152,-2.408507060486762,-2.3385719153298252,2.332743505663877,-96.30981131690042
168.0,-0.7671053987845392,-0.3716674701957018,1.0285965779601605,-2.4247870103259634,-2.357529588057748,2.3491452618129016,-96.80046551796086
169.0,-0.7688483397625662,-0.3733281724469239,1.0367322307401117,-2.4362167423738015,-2.375978258892654,2.367034348756492,-97.28983636386673
170.0,-0.7708416773768115,-0.3749386570030968,1.045309732407636,-2.4513414952265755,-2.3869368438648166,2.3854561129553797,-97.77831208348103
171.0,-0.773012962971039,-0.3764578114091291,1.0535963155404056,-2.468748651138749,-2.395742574203037,2.3951265087568303,-98.26579551493901
172.0,-0.7751718814215416,-0.37789132143706544,1.0622603267958655,-2.4869433618619636,-2.4044314075951974,2.410142721847928,-98.75239861914349
173.0,-0.7773632566821583,-0.3791294599956431,1.0708666579325237,-2.5055511521993488,-2.4186061568332167,2.424458720259459,-99.23774280428394
174.0,-0.7794648167680686,-0.38099921070689197,1.078388945468518,-2.5124518045644537,-2.4355345618897464,2.4406302256789267,-99.72193191677641
175.0,-0.7819786502610222,-0.3822337240145054,1.0866155479076185,-2.5265224036699796,-2.453772068947059,2.4534334863540033,-100.2047937504201
176.0,-0.7842837897532857,-0.3834199922549977,1.0951379258727922,-2.5433834780689883,-2.461584620764882,2.4694556349066596,-100.68707578959705
177.0,-0.786589083676606,-0.3848903356324732,1.1037110639167846,-2.56142015034911,-2.469809147812946,2.4871418945680768,-101.16841246855367
178.0,-0.7892103916923419,-0.38588836786352904,1.1121591810736078,-2.5799393012536633,-2.4842200917592825,2.5004210123951607,-101.64851289521337
179.0,-0.7916623207730311,-0.3871291795800904,1.1201357910285015,-2.5925228351737024,-2.4979421510685156,2.5149379577122892,-102.12772615748159
180.0,-0.7944143535448707,-0.38808737318603553,1.1282179195617634,-2.6089068814511336,-2.5119627154711073,2.5238235373195255,-102.60583915526281
181.0,-0.7972930933889725,-0.388781493998735,1.1366004957756046,-2.626689062813475,-2.5267783860529054,2.535520530425779,-103.08293196925958
182.0,-0.8003151677945943,-0.389354381948382,1.1451738144217012,-2.645067505635062,-2.5440645417162235,2.551373794854761,-103.55886811779739
183.0,-0.802944874641444,-0.3904228546054442,1.1531947709666832,-2.656940352876721,-2.559071876033492,2.569073828598853,-104.03400851042686
184.0,-0.8060616828201493,-0.39116456295993035,1.1613319025921967,-2.6730056909652733,-2.576407717707211,2.5815759367635205,-104.50794614386412
185.0,-0.8093996387105794,-0.39149380009871776,1.1698806737137895,-2.690633269951468,-2.5947687646287165,2.5977154244118994,-104.98087412631155
186.0,-0.8125071799536179,-0.3921282833291479,1.178412768675971,-2.7084362783381053,-2.6055652549528343,2.615465357711106,-105.45321824585052
187.0,-0.815622018563454,-0.39332159297042096,1.1854448662973407,-2.719053451038903,-2.618546923680845,2.616643079269007,-105.92464172883145
188.0,-0.8197344826550204,-0.3962509580361068,1.1937612889236484,-2.728970873591599,-2.6336029836908583,2.6275464426502873,-106.39419536295293
189.0,-0.8240473439955991,-0.399806680212908,1.2022731261943673,-2.735738677256473,-2.6491434959287954,2.6430669849029877,-106.86175053858841
190.0,-0.8279782338993892,-0.4035281245629449,1.210996855561772,-2.7494813967580254,-2.6665361428447825,2.6581946171428057,-107.32640528596696
191.0,-0.8324883591664514,-0.4070954480197679,1.2194321888089952,-2.7508791926535063,-2.684878590841843,2.6720143998155894,-107.78933045477682
192.0,-0.8367325932687149,-0.41065758779730066,1.228197425090981,-2.7625043417642092,-2.7034758631253593,2.687216205805512,-108.24966944416494
193.0,-0.8408369884998008,-0.4143538738533779,1.236753435317516,-2.77299761250239,-2.7199931941403483,2.702800078459628,-108.70751323015227
194.0,-0.8447426395469819,-0.4181016653746376,1.245467843022232,-2.7882638851172477,-2.737769233943337,2.712650556034924,-109.1623250330167
195.0,-0.8488213816010955,-0.4218139321759185,1.2539826708794153,-2.7982334735950034,-2.756221731546734,2.7277333744064576,-109.61454027326715
196.0,-0.8530274624028376,-0.4254234737473624,1.2625710938695542,-2.809406800095247,-2.774248906950201,2.7450532480792975,-110.06423105172642
197.0,-0.8569788539844588,-0.4291659699791573,1.2712792108657556,-2.824985383436527,-2.7926494377414466,2.763125949514398,-110.51088738626102
198.0,-0.8609199269154912,-0.43292884771375756,1.27986322166519,-2.839184396469117,-2.8107336576350828,2.781680981892833,-110.954624575085
199.0,-0.8648710652736122,-0.4366886948382423,1.2885437393104349,-2.8560280179756012,-2.826995427584294,2.795227406471651,-111.39541311785304
200.0,-0.8687619632169453,-0.44051785020761364,1.297221295720659,-2.874077677440435,-2.8415755811426004,2.8065361755112015,-111.83325449037699
201.0,-0.8727798888797754,-0.4443014700801617,1.3057819497460144,-2.8897283643735645,-2.8556919450289318,2.8222052116258642,-112.26846254755071
202.0,-0.8767372592519009,-0.4480817205129597,1.3144501684680603,-2.9071739853804686,-2.8722704452510284,2.8392943367796777,-112.70074808751531
203.0,-0.8807346567204442,-0.45188002838083213,1.3231203257494522,-2.925479585364221,-2.8860559028528736,2.8440391365424738,-113.13027993624911
204.0,-0.8846112714682769,-0.4557161505581908,1.3317765648693294,-2.944144637021048,-2.902476406517129,2.8539151125607556,-113.55682224669575
205.0,-0.8886373105260819,-0.4595184082873851,1.340445329519372,-2.962964310019965,-2.915752005093949,2.8659780301427835,-113.98069899533313
206.0,-0.8925585414487816,-0.46334412051507984,1.3490968044888187,-2.981845645877174,-2.9321446054311413,2.8744553520168004,-114.40168851185597
207.0,-0.8968013106753584,-0.46705249290608547,1.3576060394089988,-2.995221466000048,-2.9500261161570456,2.888975477793045,-114.82028342588586
208.0,-0.9011622934437185,-0.47067155426031304,1.3662419892542599,-3.009930834057381,-2.968501568451696,2.90375752489499,-115.2365100320615
209.0,-0.9054604200688326,-0.4743379430452711,1.374893315485453,-3.027038753419116,-2.9837264702434547,2.9158213111803493,-115.65043451753304
210.0,-0.9096307643801091,-0.478084546747713,1.38354659902724,-3.044590375183878,-3.0009406861116985,2.9245308374487373,-116.06185680851767
211.0,-0.91377292587534,-0.48181598799241687,1.3922148780796728,-3.062909558432078,-3.019142348636424,2.9269248679396367,-116.47071042289691
212.0,-0.9180103030027582,-0.485534789268114,1.4008720003589263,-3.0815882301592357,-3.034169919427192,2.930614310597874,-116.87729675875474
213.0,-0.922430373862643,-0.4891971620263614,1.4093865469159237,-3.097100034820609,-3.048807514533009,2.9431886390924418,-117.28200338329374
214.0,-0.9271065958637081,-0.4927490821030265,1.4178879143304486,-3.1095968964197698,-3.065820670881937,2.9526090055870027,-117.68507705764493
215.0,-0.9316822883462894,-0.4963115845201631,1.42656675224058,-3.1257154351960983,-3.083923563931953,2.9675022325585148,-118.08626681932533
216.0,-0.9364421739869535,-0.49985263964043986,1.4350506433561014,-3.138684781212602,-3.0987659079959067,2.984743498855576,-118.4860863422679
217.0,-0.9411046182366768,-0.5034032799923736,1.443708377860281,-3.155004203665037,-3.1151018794849574,3.002957654332179,-118.8843078699422
218.0,-0.9456141350945855,-0.5070390435409299,1.452371955388751,-3.172326316962117,-3.132898455208584,3.0183685162621794,-119.28074311837545
219.0,-0.9506364963714415,-0.5105584061009145,1.4609269250513495,-3.1882634885634857,-3.13672573447324,3.035771289761633,-119.67667463141315
220.0,-0.9553058167180012,-0.5141711621448821,1.4695378100390921,-3.2058316524689054,-3.149340335958285,3.0540508153174164,-120.07139024413529
221.0,-0.959875140961046,-0.5177931535113597,1.4781927538672162,-3.224186370111223,-3.1656177047682434,3.0721622071227257,-120.46463617320534
222.0,-0.9645725301821838,-0.5213908773673249,1.486853898583723,-3.2428813902827884,-3.178178015221937,3.0863009355893225,-120.85676311079008
223.0,-0.9692833971313422,-0.5249964801694145,1.4954921038229791,-3.261530643434268,-3.1904565731977614,3.1008989219337484,-121.24788657104139
224.0,-0.9739232223283965,-0.5286075841972215,1.5041461455546423,-3.2803330944836473,-3.2064801437109955,3.117979835587436,-121.63784443075876
225.0,-0.9785759552836301,-0.5322023838238408,1.5128218305517966,-3.299211884559067,-3.2241913449800266,3.131602308817079,-122.02664317294459
226.0,-0.9835687186112635,-0.5356961483294286,1.5213185352471124,-3.312808470225227,-3.242626272901539,3.139434446829254,-122.41468034407508
227.0,-0.9882067114124593,-0.5384638836877286,1.5289180656437185,-3.328227688233085,-3.2613106335367257,3.148846062351278,-122.80208668696095
228.0,-0.9919663827170341,-0.5409409920471664,1.5350901807385533,-3.345255703631024,-3.278905005229258,3.1637392106670665,-123.18855031724209
229.0,-0.9952420027256853,-0.5431567030774597,1.540330446077751,-3.362974622520506,-3.2972432413184802,3.1809805238857565,-123.57388293289466
230.0,-0.998203336926367,-0.5451005159433893,1.5448251635874661,-3.3810282572905117,-3.315954736369929,3.193747390433252,-123.95803753557063
231.0,-1.0009953121482125,-0.5466846017557162,1.5484178395963648,-3.3963669038544357,-3.334812750532133,3.1983205041863636,-124.34112635953797
232.0,-1.0037386023140833,-0.5480849993071729,1.551553261831495,-3.4120018671859933,-3.3504733177257515,3.211224232409868,-124.72336708314305
233.0,-1.0063671403275578,-0.5491698427851939,1.5539124073359076,-3.4242165577119463,-3.36792263055449,3.2186822553375887,-125.10479621384735
234.0,-1.0090622974272532,-0.550269864616421,1.5563123385358733,-3.4397950553925454,-3.3785705382818443,3.2318147673672315,-125.48574726851881
235.0,-1.011514354502456,-0.5513359681172755,1.5585385879787614,-3.4570188509015125,-3.3914576406602484,3.2432687001904013,-125.86607767164443
236.0,-1.0140129985274888,-0.5518708626065731,1.5594589618350398,-3.464074647639675,-3.4077789742536955,3.259003891112931,-126.24584874212206
237.0,-1.0165765177777288,-0.5526162419258346,1.5608899008189483,-3.4774993640023353,-3.417518804722258,3.265788298999667,-126.62532375448026
238.0,-1.0188332087948584,-0.5533613039927577,1.562276827062035,-3.492708319935631,-3.43251443510807,3.27966832666895,-127.00422913911872
239.0,-1.0210598711729582,-0.5538182172408908,1.562949576624257,-3.502695164736683,-3.449804168856978,3.2937696276085746,-127.38254585343887
240.0,-1.0233521062969773,-0.554239204534111,1.5635209868560147,-3.5126032689927467,-3.465035694590531,3.3066561073519223,-127.76041449829773
241.0,-1.0243818816855566,-0.5544381398032117,1.5637870081224616,-3.526911208274224,-3.479852798013631,3.31864582090993,-128.13768631682004
242.0,-1.0241174267287423,-0.554689313522522,1.5639173856228712,-3.5411645469417854,-3.4974465123193337,3.3282795853089193,-128.51399954096703
243.0,-1.0228098858251942,-0.5546741446920214,1.5633331196766747,-3.5498386257526016,-3.5162229498099267,3.3432533630906307,-128.8891310843748
244.0,-1.0207315099328942,-0.5548843086044901,1.5631247498330934,-3.563404495155108,-3.5274899308377057,3.360527625868987,-129.2632728866021
245.0,-1.0168579928731019,-0.5554568517263091,1.5629071435614437,-3.579996301047846,-3.5434436288304547,3.3730025920733975,-129.63585905721825
246.0,-1.0124004674551619,-0.555871226895535,1.5624764720585052,-3.5958055641180593,-3.5607356155308625,3.382214249633211,-130.00685066694408
247.0,-1.0079040026701298,-0.5557294388187889,1.561207464603456,-3.603798106579441,-3.5789159496829672,3.397025844275963,-130.3762964484984
248.0,-1.003418402901324,-0.5554615281874973,1.5599226789881946,-3.610821269174113,-3.59748975251997,3.4142333896998216,-130.74430972663083
249.0,-0.9989072768428535,-0.5554889193155992,1.5593777051912383,-3.6243602304595925,-3.6157036665251416,3.432433613374261,-131.11115988643394
250.0,-0.9944951381510709,-0.555705374958991,1.559252282625507,-3.6402317237120134,-3.631141487357892,3.4510403569338224,-131.47714296994675
251.0,-0.9902623685358334,-0.5560575818566028,1.5594145687360197,-3.6577468360414853,-3.639888936694991,3.4698190167800047,-131.84264351610332
252.0,-0.9859745328375585,-0.5560388267763782,1.5588041192091986,-3.668230650154183,-3.6525654021928164,3.4812888975953653,-132.20744666178587
253.0,-0.9816026186095141,-0.5562337838153061,1.5587033400554822,-3.6833109928264993,-3.6688440124790747,3.4950464162609283,-132.5717233626301
254.0,-0.9772003940428099,-0.5565244920940569,1.5588286925328958,-3.7002793360619664,-3.686639725664015,3.5117842917927553,-132.9356656151267
255.0,-0.9727958321915384,-0.5568699473613835,1.5590663458075555,-3.718318277969217,-3.7050581138023215,3.5258927862235545,-133.2994710693497
256.0,-0.9684150783164943,-0.5570648961480974,1.5589677993275899,-3.733396544093826,-3.723725225148778,3.5427453796520756,-133.66315251889264
257.0,-0.9641317241099805,-0.5573566611249923,1.5591034583217338,-3.7504694649252164,-3.7378229904765927,3.560797128678916,-134.02702158488742
258.0,-0.959973058040843,-0.5573345031903961,1.558550546138845,-3.760977123693664,-3.747450851656979,3.579346410442446,-134.3908822611249
259.0,-0.955735996907813,-0.5571926512411027,1.5577965740855875,-3.769490897567743,-3.7624331311978234,3.590919883579699,-134.75463500688048
260.0,-0.9515151454859501,-0.5573348874431401,1.5577405345206523,-3.783739761979789,-3.7759269113322946,3.602873565208285,-135.1187497901702
261.0,-0.9473978710382348,-0.557221659769201,1.5570879515766503,-3.7919074658427987,-3.7862611746540997,3.6146377187359993,-135.48295243391524
262.0,-0.9431916992828819,-0.5572852417115203,1.5568956468712283,-3.804040764002178,-3.801527512820122,3.6275775385744833,-135.84756215352616
263.0,-0.9390473594386542,-0.557544165767386,1.5571585282555915,-3.8198979002880233,-3.812813119550258,3.64290671136885,-136.21297235192287
264.0,-0.9349074586504093,-0.5575883132466979,1.556873740898402,-3.833368945292957,-3.820963460431569,3.660311124764298,-136.57908636179562
265.0,-0.9307316374765587,-0.55775400648612,1.556893265273522,-3.84805124336704,-3.835331207886453,3.6774580952685354,-136.94610018309638
266.0,-0.9265800630917143,-0.557671126004813,1.5563645652917544,-3.856580179471442,-3.852282067175198,3.6956139707428797,-137.31364270815666
267.0,-0.9224521727208629,-0.5574185066586478,1.5554680763685413,-3.861239165337668,-3.8703551532998555,3.7109953182689392,-137.68145735715245
268.0,-0.9182881297338439,-0.5575305619558366,1.5555194471553968,-3.8739338468532116,-3.88890657955831,3.728385770508323,-138.05032582434237
269.0,-0.9141447881166336,-0.5576232601344695,1.5555045909177703,-3.885715208432032,-3.907642077236678,3.746660266722802,-138.42030063485535
270.0,-0.9100729895650356,-0.5579023446171937,1.5559286860466581,-3.9013802047511845,-3.920290200857178,3.7653015898175126,-138.7917691020143
271.0,-0.9059585349987985,-0.5581613060324921,1.556313673706368,-3.9171077274453365,-3.936484416592434,3.784094639146768,-139.1648956021583
272.0,-0.9018245689778596,-0.5584718132545952,1.5568268037104611,-3.934510648921595,-3.954239577819793,3.8016101417536947,-139.53997836724497
273.0,-0.8977262561200219,-0.5587968123767498,1.5573777645301192,-3.9527290749158617,-3.968308160394974,3.819736451150786,-139.91716111330533
274.0,-0.893681221070022,-0.558558814866632,1.5564870653426819,-3.9581539179501495,-3.9851046732481548,3.837441539673013,-140.2952349647787
275.0,-0.8896384092066297,-0.5586283797263395,1.556472019907306,-3.971232159485738,-3.997587673727356,3.851868680302708,-140.67495744955335
276.0,-0.885596797924698,-0.5588260479880838,1.556820564455496,-3.9874338121626445,-4.007938341013075,3.868860454056843,-141.0567408868416
277.0,-0.8815707349370966,-0.5589247595877516,1.556887929169483,-4.001241543935412,-4.019770680663112,3.8871388824703113,-141.44041205393006
278.0,-0.8775193250310015,-0.5590640365544515,1.5570849079883977,-4.016441145904581,-4.035318639044969,3.9036845462457035,-141.82628647368543
279.0,-0.8734774693565451,-0.5590819844124093,1.5569708396859216,-4.028936906535043,-4.052910989714748,3.921447994553461,-142.21421395907007
280.0,-0.8694303013566991,-0.559194725385972,1.5571361209040293,-4.044059254453989,-4.071261781972297,3.9399330403550366,-142.60457340603153
281.0,-0.8653748534146606,-0.5593815345356062,1.557530434139791,-4.061412779845447,-4.090101372292766,3.9549513120301802,-142.9977406595424
282.0,-0.861312782221254,-0.5596871761718809,1.558267099395938,-4.082343828067094,-4.1061329108594595,3.9719882997799383,-143.39423129799738
283.0,-0.8572609984073923,-0.55991690886996,1.5587900638133256,-4.102091301560972,-4.123739009089661,3.990118686315856,-143.79400339855448
284.0,-0.8532193240739608,-0.560062244240603,1.5591052655050934,-4.120609943095427,-4.1420681512990125,4.008700504621548,-144.19700319085405
285.0,-0.8492176409104615,-0.5599849487044183,1.5588093919103376,-4.133891403145706,-4.159665832312915,4.019798749183336,-144.60259908047738
286.0,-0.8452181807931105,-0.5599270406828631,1.5586320113820202,-4.148231234578202,-4.173307186626977,4.027720350707398,-145.01082421757084
287.0,-0.8412186022744927,-0.5599213533261981,1.5586538701585935,-4.164258454697313,-4.189925253729546,4.040349939348492,-145.42206506216127
288.0,-0.8372255346985589,-0.5599672179864367,1.5588478866694326,-4.181869550617096,-4.207850178858775,4.056627528967229,-145.83665008069735
289.0,-0.8332471363521524,-0.5600052861812306,1.5590343546357162,-4.1995787382691505,-4.226314324566739,4.074442603744023,-146.2546799936339
290.0,-0.8292929514708945,-0.5599722879028678,1.5590233713064212,-4.215662999928948,-4.245003314465192,4.091905815969112,-146.67599665682874
291.0,-0.8253449189492709,-0.5599521418223121,1.559094945244578,-4.232625335857847,-4.263784550293239,4.1087088612409834,-147.1007631998422
292.0,-0.8214482310962355,-0.5596666195692748,1.5583344106592254,-4.241812089845464,-4.279461927159878,4.126716105959798,-147.52783809735814
293.0,-0.8175414580617172,-0.5595426525480831,1.5581546728661304,-4.2559148694418205,-4.2969510042651295,4.145246275325802,-147.95796258920745
294.0,-0.8136574418009239,-0.5594215600127497,1.5579971439035352,-4.269860230974587,-4.315242022601745,4.163993341826922,-148.39121517164565
295.0,-0.809770126561617,-0.5592905082510133,1.5578131005000366,-4.283400988022465,-4.329528049702366,4.182830068672192,-148.8274130212447
296.0,-0.8058484909161985,-0.5592102200817407,1.557827905439387,-4.298729649042092,-4.33870275582837,4.201703862135118,-149.2666245629979
297.0,-0.8019537752505725,-0.5591913991609949,1.558060527127909,-4.316044721017101,-4.351501173130028,4.22059298466461,-149.70929695556964
298.0,-0.7980919612229476,-0.5591893565672279,1.5583691180033383,-4.334252357970874,-4.367812072004476,4.239488443991176,-150.15573570596587
299.0,-0.7942374270383555,-0.5591758833359709,1.558678662949747,-4.352854076223045,-4.384468307696153,4.256099164354492,-150.60604242244455
300.0,-0.790316335565716,-0.5589792455574141,1.5583928684906267,-4.366414904567661,-4.390798483586345,4.274013651341058,-151.05911331127382
301.0,-0.7864175737747772,-0.5588462946114698,1.5583732906088117,-4.382360166456831,-4.399828075896607,4.283555325689267,-151.5153633441591
302.0,-0.7825652191480846,-0.5587560731320721,1.5585411212332223,-4.3999667892253065,-4.413307179439421,4.294277117566344,-151.97524332272755
303.0,-0.7787552456491352,-0.5586760653412672,1.558774346099691,-4.418309855741343,-4.429911664190067,4.3074603099779,-152.43901269063494
304.0,-0.7749624262717992,-0.5585853272171608,1.559004380070276,-4.436979627775484,-4.447826527576967,4.323840615625905,-152.90678759201046
305.0,-0.7711722661382852,-0.5584721117104499,1.5592007537868722,-4.455798683759321,-4.46627677485016,4.341294272272172,-153.3786201560809
306.0,-0.7673704762536869,-0.5582467494889638,1.559054206633849,-4.471564250496273,-4.481225769485994,4.354586387238831,-153.85395185232736
307.0,-0.7635248264161099,-0.5580526165233702,1.5590801571763377,-4.489070797375223,-4.493160766529835,4.371082384966816,-154.33289198317235
308.0,-0.7597149540066991,-0.5578755503191276,1.5591835808251842,-4.507385725922344,-4.507243342181437,4.38898624957092,-154.81564451001213
309.0,-0.7559591599430133,-0.5575748274923245,1.5588077142466636,-4.521055165525001,-4.521655656504067,4.4014287067712505,-155.30157797805552
310.0,-0.7522164079823379,-0.5572748226815231,1.5584659387821418,-4.534764829651431,-4.536114143246678,4.415962017324314,-155.79067730276722
311.0,-0.747844278147715,-0.5566992280545134,1.5570491326918412,-4.55100354402068,-4.553089745878066,4.433026810463216,-156.28335153731675
312.0,-0.7437527348892091,-0.5557494555895495,1.555220162202503,-4.559461460875959,-4.565087448751506,4.451167301003882,-156.7784601889527
313.0,-0.7400705465113865,-0.5554922108537227,1.5551246465413577,-4.574377369212273,-4.581021807234602,4.461334747438044,-157.27693877248893
314.0,-0.736476751856367,-0.5553967034383244,1.5555920834620924,-4.591494491926305,-4.598634302851527,4.476558991293315,-157.7792026280324
315.0,-0.7329192314429143,-0.5550832756277236,1.554978418799661,-4.5981504560696544,-4.613278429214453,4.493937664247938,-158.2836939703198
316.0,-0.7293702084982002,-0.5549233333826853,1.5551235913664585,-4.611803375973198,-4.630303264446526,4.5060973210772906,-158.7914030805485
317.0,-0.7258371156805322,-0.5547979233545804,1.5554688741301677,-4.627501434222728,-4.648382835247915,4.519006223878036,-159.302678721555
318.0,-0.7221876415685883,-0.5546736986540932,1.555923864508196,-4.645009475935843,-4.661582928938721,4.535373718263702,-159.81760695884154
319.0,-0.7186184280195542,-0.5545552247775051,1.5564141889443406,-4.663297395731062,-4.677976077783872,4.551503082399839,-160.3363749232199
320.0,-0.715026105893129,-0.5544023657067444,1.5568616641359792,-4.681931157064302,-4.693696694927196,4.563498136706056,-160.85899780567587
321.0,-0.7114270090804296,-0.5540589643606392,1.5563634727705298,-4.691745084603651,-4.706408461600154,4.568070425407784,-161.3841773408501
322.0,-0.7079263886692678,-0.5537233014758016,1.5558835945676681,-4.701136545370689,-4.722627934590899,4.581057612171097,-161.91190589946345
323.0,-0.7044274616727025,-0.5534828303883033,1.5559866387099524,-4.715891239562388,-4.740370740832547,4.597513563887796,-162.44294397998902
324.0,-0.7009388377253989,-0.5532735435015532,1.556303792112267,-4.733007916705218,-4.758748571332741,4.615403186296213,-162.97763030776005
325.0,-0.6974771377255714,-0.5530436620880422,1.5565217677538359,-4.749399971846831,-4.777402116435741,4.633885459680791,-163.51585650350756
326.0,-0.6940531070260014,-0.5525959547042977,1.5554277413634752,-4.752557882782881,-4.793519973754072,4.652612721364627,-164.0557911154336
327.0,-0.6906070060371284,-0.5522549371403973,1.554995368926326,-4.761426615218343,-4.810147552280932,4.671441277051434,-164.59813337250597
328.0,-0.6871780310849919,-0.5520053715500401,1.5550827293264813,-4.774973440398253,-4.828013956476492,4.686910210419025,-165.1435380958729
329.0,-0.6837597798508802,-0.5518031340244121,1.5554622493492831,-4.791561544132463,-4.8464446834768875,4.704333646758592,-165.69240713732145
330.0,-0.6801529630172118,-0.5515724973904738,1.5558756047420623,-4.8094812572341805,-4.8585101254403,4.719203383928698,-166.24477165539167
331.0,-0.6765607947074902,-0.5513348841482415,1.5562857851368403,-4.827957485293356,-4.870724890334563,4.7335859174591155,-166.80067478498566
332.0,-0.6729841523046013,-0.5510176256325646,1.5562518198210626,-4.842421905473546,-4.88245996852712,4.741375731638686,-167.35957973296618
333.0,-0.6694442771601657,-0.5506010484172171,1.5555227188126863,-4.849612635048774,-4.89353172168277,4.755200718742302,-167.92052593086694
334.0,-0.6659922443065206,-0.5502928052820395,1.5555277059400068,-4.863509781380633,-4.9088729878627655,4.764391683858002,-168.48438984834937
335.0,-0.6621824249939475,-0.5497534617470787,1.554863915358194,-4.879965512892698,-4.926122045874937,4.777482075359803,-169.0515420178281
336.0,-0.6585399608231847,-0.5493182770037792,1.5550335070791432,-4.898292484489384,-4.940175885759057,4.793948960126966,-169.6221951384119
337.0,-0.6551627663645316,-0.5490044953318451,1.555057870686173,-4.9118371940074015,-4.956911744066274,4.811842250838719,-170.19573521438883
338.0,-0.6518483057799583,-0.5487008602930734,1.5550665528208043,-4.924962428103036,-4.974885942700168,4.830326031248664,-170.77207049729782
339.0,-0.6484537034470093,-0.5484059298051669,1.555350856200036,-4.941342675769838,-4.99117901670637,4.849053922387718,-171.35155016201446
340.0,-0.6450191389700246,-0.5481037910621045,1.555718028016936,-4.959170767851972,-5.006339624985859,4.867835435196423,-171.9343172648545
341.0,-0.6416644087193016,-0.5477895100833443,1.5560272899939582,-4.97677480633977,-5.023544426774136,4.884777859602305,-172.52032851853312
342.0,-0.6383328763741709,-0.5474539436514193,1.55635544634941,-4.995106177785276,-5.0417048453254205,4.902835937602518,-173.1096387624806
343.0,-0.634995886303435,-0.5470918165331062,1.5566420085007835,-5.013772245173866,-5.060268370820532,4.90686464760766,-173.7022518433484
344.0,-0.631643191900108,-0.5466962987272339,1.5568696927618557,-5.03258601156168,-5.07900271961729,4.919678627785559,-174.29814741780012
345.0,-0.6281624332211273,-0.5462498660782797,1.5570313256584287,-5.0514694354884355,-5.0943026885886775,4.936064362532569,-174.89729332851678
346.0,-0.6247487337689054,-0.5458049180215541,1.5571569475597464,-5.07037703726081,-5.11153856593581,4.945012316812041,-175.4996482055196
347.0,-0.6212533673881375,-0.5453148160502258,1.5572367715821331,-5.089302336086187,-5.12674155811986,4.959745952838027,-176.1051876191085
348.0,-0.61788498005849,-0.5448152986279329,1.5569720182534983,-5.1041833638843634,-5.1439586620254465,4.97692217925085,-176.71341976522334
349.0,-0.614674392538849,-0.5442902567450721,1.5559109220807825,-5.108848425756682,-5.162174017767784,4.99510950492108,-177.32317628326047
350.0,-0.6112641523174576,-0.5438121906929883,1.5556573971904923,-5.121784244286565,-5.176360334278408,5.0137148931312705,-177.93532649490376
351.0,-0.6077616742275224,-0.5433605903059457,1.5557201367251419,-5.13817851456636,-5.1879948706988115,5.032493028061986,-178.55026474543195
352.0,-0.6039438622184681,-0.5428713356967833,1.5558247935629346,-5.156047292029941,-5.19156626360012,5.051342587386423,-179.16819571417588
353.0,-0.6005028887324116,-0.5424461228235962,1.5560430825050104,-5.1744958409216295,-5.204002961985131,5.067979133069405,-179.7890828357494
354.0,-0.5976053735960543,-0.5422112289235737,1.5559020567924415,-5.186219022965668,-5.219592553075634,5.08450450938213,-180.41205523590787
355.0,-0.5957191810989515,-0.54256574274922,1.5561494378949337,-5.19432354099213,-5.236119413220908,5.1029141065759935,-181.03626283177599
356.0,-0.5940052351916115,-0.5426598677068234,1.556144404898252,-5.1984186323896004,-5.2537141836612244,5.121654778298833,-181.6613241809992
357.0,-0.5915011367953767,-0.5425981477276149,1.5556761281090807,-5.201792976923619,-5.263970372967515,5.140254799708952,-182.2873601586187
358.0,-0.5893913927142586,-0.5424761212743818,1.5553962406167412,-5.2043915749073415,-5.278322683689612,5.159112182743036,-182.91423689298807
359.0,-0.5872900198148177,-0.5423048294353499,1.5551955201043295,-5.207342751122746,-5.293066271064796,5.177954472057009,-183.54200125419052
360.0,-0.5850993987710488,-0.542135544746377,1.5549889018038123,-5.210464751822512,-5.306300660396407,5.196773120908517,-184.17069080560734
361.0,-0.582943908980131,-0.5420113674007198,1.5548204416770028,-5.213503229379519,-5.320577809664532,5.21562023336505,-184.80026057019828
362.0,-0.5809960301274069,-0.5418548298702153,1.554822388959292,-5.2170129457545436,-5.337305331834139,5.23453413182031,-185.43070647946092
363.0,-0.5791396962994584,-0.5417042030960671,1.5549821082920836,-5.221026910786672,-5.355273259740616,5.25107237237719,-186.06204347330112
364.0,-0.577340314009705,-0.5415588970929868,1.555171097016412,-5.225702382008365,-5.373865294001383,5.2689290788099905,-186.6942882834606
365.0,-0.5755517627416938,-0.5414420028895494,1.555355800969451,-5.230745325532707,-5.392752445246162,5.287369275711812,-187.32742761500123
366.0,-0.5730648054828523,-0.541351245652924,1.5550417234711165,-5.235122017862606,-5.403324018386546,5.305852418937957,-187.96159305191966
367.0,-0.5709479320492112,-0.5413072934934657,1.5551442340952748,-5.238721775769245,-5.418215469897633,5.318567652848223,-188.59660245267108
368.0,-0.5686796495735532,-0.5411062288561092,1.5550234740446731,-5.242747749530727,-5.430352629059128,5.334681994944808,-189.2325842904407
369.0,-0.5665852277732872,-0.5410160277437027,1.5552113327110155,-5.246421606139775,-5.444327809508113,5.344836239692558,-189.86943273988012
370.0,-0.5645742150157688,-0.540947766796154,1.555574586015025,-5.251171994245912,-5.461044103735727,5.353992213806515,-190.50717836007885
371.0,-0.5615794150542344,-0.5409041527219557,1.555036719230677,-5.255202700016775,-5.46701510317883,5.368419026112461,-191.146062524315
372.0,-0.5586048060320962,-0.5406750072826094,1.5543990426324041,-5.25734889185357,-5.4744301674403495,5.385388331835236,-191.78594626413707
373.0,-0.5560281614713413,-0.5404290009008536,1.554104034662369,-5.260259238910908,-5.485068139904275,5.403557762673938,-192.426790468788
374.0,-0.5539165966824825,-0.5402633577192535,1.5541601128965123,-5.264667241786743,-5.500242416916393,5.422260143692548,-193.0685090841435
375.0,-0.5519405188702698,-0.5400558233530242,1.5544045795753827,-5.270078773687835,-5.517550439547291,5.439448792123061,-193.7111334600342
376.0,-0.5500088235401497,-0.5398769280771328,1.554701629191212,-5.27639544901959,-5.535848094937502,5.457603091810624,-194.3546810844306
377.0,-0.5481018060590386,-0.5397258811044043,1.5550116235551086,-5.283292668464329,-5.554572998721828,5.476186581263795,-194.99914771304924
378.0,-0.5461414801000418,-0.5395739549624248,1.5552282269859052,-5.290203261290872,-5.571744472080268,5.494914408392065,-195.64454643411418
379.0,-0.5442348661516874,-0.5394349026641223,1.555450211496468,-5.2973005367774455,-5.589892127590387,5.513743814326728,-196.29082010093242
380.0,-0.5423061327636701,-0.5392672275803876,1.5556563011163118,-5.304742408490455,-5.607761467730606,5.532596498093435,-196.93799424856067
381.0,-0.5403965049807951,-0.5390969756033798,1.5558673584063476,-5.312505389703396,-5.626270329709679,5.5514708036602505,-197.58604609150112
382.0,-0.5383772435310642,-0.538978864330066,1.5562418876076287,-5.320627729079003,-5.645022518923258,5.565008838574456,-198.23501558632546
383.0,-0.536347377489667,-0.5388382154604457,1.5567505793728613,-5.329010800139867,-5.663871709425858,5.573647858985684,-198.88493317981622
384.0,-0.5343434964484691,-0.5386697193421252,1.5570795943624764,-5.338039412333915,-5.682892864799792,5.58615187058506,-199.53578630582317
385.0,-0.5323611367397506,-0.5384609977514226,1.557263125431237,-5.347321308460378,-5.7020138377659695,5.602310947691404,-200.18754179232675
386.0,-0.5303069467018696,-0.5382797065159536,1.557658812071549,-5.35644369561018,-5.721017912743112,5.6105352159848545,-200.84021194213238
387.0,-0.5281235507032057,-0.53812877537185,1.5580238911041404,-5.366240784582975,-5.740062604183505,5.617550960776339,-201.4938488906436
388.0,-0.525962147541946,-0.5378655513552582,1.5580505030383405,-5.375633143320162,-5.756839647907116,5.631362063382673,-202.1484602090115
389.0,-0.5238157461149813,-0.5375869859794704,1.5579024337020955,-5.384520830995181,-5.773567480442819,5.6480867400699335,-202.80394893305873
390.0,-0.5215628808340297,-0.5373110865648985,1.557871083307924,-5.394064872222224,-5.791589621751295,5.661836840265274,-203.46034509793657
391.0,-0.519304749503155,-0.5369734241227698,1.557905870057944,-5.404334540852076,-5.810208807449879,5.675131016789816,-204.11769654509047
392.0,-0.5171113525438739,-0.5366078143170553,1.55788655627702,-5.415092650293283,-5.829144465621749,5.691599867255537,-204.7759792078723
393.0,-0.5148268958229583,-0.5361614436234263,1.5575213736433748,-5.425135571655619,-5.84635609732281,5.709485822398831,-205.43518938008143
394.0,-0.5125769685311,-0.5358065286912325,1.5572690086824623,-5.434975796999653,-5.862354739382627,5.727839523420328,-206.095318544981
395.0,-0.5103755723362898,-0.5354464772303804,1.5571533144683298,-5.445445756001077,-5.880063362157465,5.746515895419654,-206.7563218952098
396.0,-0.5081650675178948,-0.5350536726353563,1.5570918904953148,-5.456522974814819,-5.897972179692313,5.765309516984711,-207.418238629277
397.0,-0.5056610325201729,-0.5347658672225825,1.5567617024601623,-5.46412636112146,-5.90807645617906,5.779151525040731,-208.08119597444565
398.0,-0.503418082187196,-0.5344317131001918,1.5565603711127463,-5.473077267191804,-5.923211691546251,5.795893671062603,-208.74498120509605
399.0,-0.5008466295418658,-0.5341265741926008,1.556046255025747,-5.4800890133802325,-5.932548782462816,5.812042799282233,-209.40978216291862
400.0,-0.4985465328894039,-0.5337676513695182,1.5558128369499542,-5.489025412024104,-5.947298165876598,5.829831106888013,-210.0754317494321
401.0,-0.4962243233461587,-0.5333513309496536,1.5557497592226837,-5.498835121158853,-5.962502481901461,5.845741407874026,-210.7420115993018
402.0,-0.4940081918065861,-0.5329381192741297,1.5558181175412964,-5.5102175936626985,-5.979811996422923,5.86337436797991,-211.40949369166967
403.0,-0.4914228184589561,-0.5326836117749366,1.5553828959864113,-5.518650581060947,-5.989954731421068,5.88157490639837,-212.0780226186742
404.0,-0.4885293996889826,-0.5322667947717592,1.5546230095245102,-5.524527969640323,-5.998572968848803,5.900040299572889,-212.74760908163273
405.0,-0.4855657527980538,-0.5319649377913434,1.5543050561978455,-5.5293176065355025,-6.005547007092978,5.90923896601533,-213.41832441341398
406.0,-0.4830761014521782,-0.5316345857282504,1.5542904899047831,-5.538090867118584,-6.0191583921805,5.92365276693722,-214.08998309120395
407.0,-0.4808015589864705,-0.5312793727789655,1.5544657765182837,-5.549733102435312,-6.0357584535923126,5.940735356124498,-214.76256208763772
408.0,-0.4786063006657802,-0.5308468034450282,1.5547648606694553,-5.562532436223739,-6.053687412308668,5.956995779295819,-215.43606973381742
409.0,-0.4763948014941708,-0.5304450423546849,1.555019253944,-5.57629936911886,-6.072254529530869,5.9747574333407565,-216.11050234928732
410.0,-0.4741934016233843,-0.5300152584129494,1.5552807865889564,-5.59054377542263,-6.091088982800024,5.991947169149916,-216.78586364533672
411.0,-0.47168952053986324,-0.5297212149614168,1.5551129021083083,-5.602271441698388,-6.10491070513814,6.0090740297417415,-217.46224882871329
412.0,-0.4693326673937729,-0.5293336110428205,1.5552020832574733,-5.614500689702869,-6.120849651337751,6.022378504763059,-218.13957828494782
413.0,-0.46695638594441397,-0.5289006304356848,1.5552342958087462,-5.62731899203704,-6.137257718311283,6.03686330402422,-218.8178616709313
414.0,-0.46453755270393216,-0.5284754313709347,1.5551687825921419,-5.640904752538029,-6.154129365038015,6.053863953798091,-219.4971055944172
415.0,-0.46221192579653825,-0.527953170797859,1.5552651416218972,-5.655180178910902,-6.172171131824327,6.06941964754079,-220.1772964391108
416.0,-0.45965280050116814,-0.5275564274852352,1.5550345523852882,-5.668572180830707,-6.187830180984902,6.086808463665767,-220.85849588704147
417.0,-0.4570699297830744,-0.526866975349755,1.5547851971631605,-5.681897754470154,-6.204988761307834,6.105040237273625,-221.54070459544255
418.0,-0.45469710678541053,-0.5263718934831016,1.5548408326935625,-5.69692202319622,-6.223059611581362,6.1219227328090975,-222.22386697183447
419.0,-0.4520127489321876,-0.5259829941769845,1.5544187931281896,-5.707830963549311,-6.234701152103201,6.1383913042626,-222.90810950067817
420.0,-0.44876503308011584,-0.525480549012881,1.553527020102916,-5.714311173665343,-6.242476259737034,6.154822555874736,-223.5935628167712
421.0,-0.4455873421822577,-0.5249159995411506,1.553035906745187,-5.724711987430515,-6.2565262540939806,6.172728405378569,-224.28013761991156
422.0,-0.4432545362763642,-0.5244402550012705,1.5529753750794373,-5.737334941642646,-6.272510202138013,6.191298224185361,-224.96760791387015
423.0,-0.4413033052020517,-0.5241333973366303,1.5524117919840055,-5.7422264290058225,-6.280849825856675,6.209950204515948,-225.6556260954651
424.0,-0.4392701710293852,-0.52391153915706,1.5517150949976444,-5.74225865760684,-6.283177126756874,6.227913486928255,-226.34424045335248
425.0,-0.43729178910771294,-0.5237923351314786,1.551337861222842,-5.742643685068873,-6.2836857173992415,6.237229528323007,-227.0335962510874
426.0,-0.435078765026059,-0.5235597348407784,1.550712784378344,-5.741789017978274,-6.2838031101007195,6.251981282495594,-227.72372591830074
427.0,-0.43286177176445784,-0.5233530458300548,1.5501582188346366,-5.741436540398645,-6.2838310750911255,6.266627845525422,-228.41467686443724
428.0,-0.43074431830645676,-0.5232575378134758,1.5498622025833564,-5.741572354648931,-6.2837919277185925,6.2759553856743135,-229.10645543809846
429.0,-0.4287384189680751,-0.52321800067126,1.5497584865517795,-5.741783463246014,-6.283744017393896,6.2798314488702385,-229.79903662047388
430.0,-0.42676901194122857,-0.5232076857219823,1.54974860223483,-5.741789768700396,-6.283721137920191,6.2814559536028245,-230.492392803485
431.0,-0.42482301266386974,-0.5232370220974387,1.5497956071312338,-5.741883690666913,-6.2837133752944805,6.282148778917812,-231.18651736159808
432.0,-0.42287743364946834,-0.5232438007615897,1.5498439685701804,-5.741863223071625,-6.283709422400505,6.282438593972152,-231.88140916998748
433.0,-0.42094169148876,-0.5232631927043075,1.5499025809051676,-5.741899140791584,-6.283707631211277,6.282566506744154,-232.57706704068772
434.0,-0.4190127788524456,-0.5232889690703619,1.5499623183156563,-5.741967513371991,-6.283707156808038,6.282622110638088,-233.27348855189913
435.0,-0.4170887903309952,-0.5233217368222512,1.5500236419405782,-5.742063334314103,-6.283706327343181,6.282644614137467,-233.97067153540047
436.0,-0.4151595191325915,-0.5233219651064088,1.5500618372003503,-5.742029364493946,-6.283706318186063,6.282657730351162,-234.66861795282648
437.0,-0.4132393163717862,-0.5233328557306844,1.5501020797194467,-5.7420497419585335,-6.283706031402903,6.282657581667924,-235.36732293967825
438.0,-0.4113240064635467,-0.5233575696815084,1.5501442991988923,-5.742130169014102,-6.283706174834682,6.282667274230913,-236.06678766105563
439.0,-0.40940355081195345,-0.5233597657856245,1.550171939624217,-5.7421096605527815,-6.28370565850252,6.282668110769266,-236.76701195797176
440.0,-0.40732446818518186,-0.5233622294895703,1.5501337717115975,-5.741548320469667,-6.2824082022574315,6.2826234401938335,-237.46809469979243
441.0,-0.405478579374097,-0.5233830980840688,1.5502323746786772,-5.7419824892573414,-6.283417061869631,6.282656882675105,-238.16988063455193
442.0,-0.40360060053821456,-0.5234108201459662,1.550288759579099,-5.742223817682533,-6.283652871365238,6.282669291544511,-238.8724075673204
443.0,-0.40170249928137003,-0.5234269092181406,1.5503141877806341,-5.742312347745988,-6.283698425417668,6.282677729592233,-239.57568716009314
444.0,-0.3997867287205139,-0.5233981402120115,1.5503079706965208,-5.7421725911536265,-6.283703649960607,6.2826703325895785,-240.27972215481205
445.0,-0.3978919669964504,-0.5234410849882686,1.550337991085806,-5.742361677017263,-6.283706705617707,6.2826752316917815,-240.98451016747487
446.0,-0.3959800421904172,-0.5234229331435271,1.5503337561837947,-5.7422740687633445,-6.283705802718874,6.282674181861319,-241.69005514153724
447.0,-0.394070068377059,-0.5234102592237029,1.5503314687490413,-5.742212246786821,-6.283704898451768,6.2826658885493725,-242.39635504375988
448.0,-0.39217170760829223,-0.5234431877646119,1.5503504539627215,-5.74236056490312,-6.283706901289179,6.282677735177107,-243.10341182669617
449.0,-0.3902603869098734,-0.5234211303870712,1.550341439231501,-5.7422593049540875,-6.28370549522456,6.282670299171028,-243.81122458661105
450.0,-0.3883576888386401,-0.5234308681264982,1.5503477302778004,-5.742303934570693,-6.28370588440241,6.282668244250508,-244.5197927206426
451.0,-0.38644860695394523,-0.5234274310191043,1.550343800113781,-5.7422889515784235,-6.2837060893772545,6.282672138028782,-245.22912029877088
452.0,-0.3846069216531871,-0.5234023156133014,1.5502696721627869,-5.742326424924352,-6.2837008227763524,6.282719050564829,-245.93918161176686
453.0,-0.3827062622615536,-0.5233776707076916,1.5502296251694676,-5.742190740186069,-6.283702209921356,6.282677983603043,-246.6499889094568
454.0,-0.38079344187387676,-0.5233886160751954,1.5502360507508504,-5.742206445973303,-6.283704916794009,6.282663518146959,-247.36155491867132
455.0,-0.37894098717669367,-0.523370167941359,1.5501738964245426,-5.74225707425362,-6.283700992043462,6.282708337177072,-248.07386085478345
456.0,-0.3770426918902324,-0.5233729390445988,1.5501536282574362,-5.742253928878475,-6.283704563830813,6.282673475464926,-248.7869170986372
457.0,-0.37484290013850363,-0.5234332953850847,1.5503638040228327,-5.741543800129412,-6.283712887890179,6.27667919830092,-249.50081078415246
458.0,-0.37269649287379286,-0.5234045048963291,1.550285401457844,-5.74146849271126,-6.283750680754713,6.280207344482424,-250.21554999071907
459.0,-0.37075129355020287,-0.523405437216499,1.5502829287946251,-5.742086792003529,-6.283727031951674,6.2816334559545925,-250.93111021117102
460.0,-0.3688418383453239,-0.5234239926585957,1.5502817492324468,-5.742348297167663,-6.283715031372468,6.28222798408791,-251.64744494545775
461.0,-0.3669148708936426,-0.5233779277215687,1.5502430422722635,-5.74216529107068,-6.283708295911826,6.282471064473266,-252.36454686918873
462.0,-0.3652326208844755,-0.5231435352262406,1.5496162845378347,-5.741586037905174,-6.283617267425346,6.282913675690127,-253.08228611550314
463.0,-0.36330566924536867,-0.5230946862517346,1.5494154017992579,-5.741505108966523,-6.283675089819747,6.282700452862962,-253.800760401373
464.0,-0.361260792957737,-0.5231571080990004,1.5495776944791304,-5.741485938564797,-6.283696464049912,6.280149812113814,-254.5200522541794
465.0,-0.3592671682111937,-0.5231645589790912,1.5496258418485562,-5.741573589024887,-6.283725492505517,6.281610261858328,-255.24015122756362
466.0,-0.3573166862494108,-0.5232008995290159,1.5496759836291685,-5.741839153999652,-6.283716799892189,6.282195184132239,-255.96104617249756
467.0,-0.35536076122579124,-0.5231976890640958,1.5497013332544236,-5.7418177112742095,-6.283711350016173,6.282439448255031,-256.6827289599949
468.0,-0.3534119385682442,-0.5232055390360567,1.5497334465468882,-5.741821601681321,-6.283709123573572,6.282541269872005,-257.4051952841315
469.0,-0.3514675291985712,-0.5232217541370596,1.549768897510012,-5.741866633222783,-6.283708835089848,6.282583218113264,-258.1284436818066
470.0,-0.3495227001534397,-0.5232259313247816,1.5497954157175258,-5.741862561480838,-6.283708378519358,6.282600411519324,-258.85247440715835
471.0,-0.34758605295869593,-0.5232490740668678,1.5498299874037382,-5.741943208031668,-6.2837084360528905,6.282611760716475,-259.57728608234385
472.0,-0.3456445953802881,-0.5232493096562997,1.5498493586858821,-5.741926865910252,-6.283708247860575,6.282614913925068,-260.3028787510355
473.0,-0.3437075495802525,-0.5232578572411433,1.5498702090119756,-5.741948365606946,-6.283707969393286,6.282620615283462,-261.0292524130231
474.0,-0.3417726580887051,-0.5232709818998701,1.5498925238368606,-5.74199063811174,-6.2837077792255,6.282618230770597,-261.7564046793839
475.0,-0.33984017987777115,-0.5232866944925278,1.549912953854755,-5.742054232564914,-6.283708843366998,6.28262214959531,-262.48433687165834
476.0,-0.33790568311477887,-0.5232909094040576,1.5499243030314256,-5.742064926583992,-6.28370884453326,6.28262685165133,-263.21304951553753
477.0,-0.33596729896294586,-0.523271383481076,1.5499225444127585,-5.741970417410826,-6.283707593213097,6.282616839326723,-263.94254034899495
478.0,-0.33403272599071215,-0.5233126200680849,1.5499937127159944,-5.742057679975286,-6.2837005550263605,6.281522735535621,-264.67281473840643
479.0,-0.3320882830087082,-0.523293602527815,1.5499775776481541,-5.7419888601750415,-6.283712493094299,6.28217218616123,-265.4038707776556
480.0,-0.33015690390679714,-0.5232871723939895,1.5499683637418369,-5.742006468068951,-6.2837100149936,6.282430815337784,-266.13570676022346
481.0,-0.32823355123165177,-0.5233119000158566,1.5499775182309614,-5.74212545341853,-6.283709200552257,6.28254159122259,-266.8683197564141
482.0,-0.32624961612461995,-0.5233314674677139,1.550055229093792,-5.74197961975969,-6.283703873886016,6.280621098777181,-267.60172837211394
483.0,-0.3242932914511199,-0.5233206950201241,1.550039754645503,-5.741994094072201,-6.283719965385582,6.281802800220487,-268.3359268650957
484.0,-0.3223627291353694,-0.5233180194992073,1.5500220575066042,-5.742100838152905,-6.283713190216217,6.2822799277815315,-269.070911671305
485.0,-0.320437148546111,-0.52330386561715,1.5499977508295069,-5.742076868198302,-6.283708608563561,6.282473797852773,-269.8066733661201
486.0,-0.31850766396415686,-0.5233171673927833,1.5500270439668886,-5.742081081666134,-6.283702889834821,6.281625451410112,-270.5432154379597
487.0,-0.3165793551294422,-0.523318824120649,1.5500095693489384,-5.742114718917114,-6.283713436524644,6.282215907186282,-271.28053633800715
488.0,-0.3146464315447877,-0.5232978283676797,1.5499820864637441,-5.742060933714122,-6.283710028157531,6.282446596399101,-272.01863824239433
489.0,-0.31271931348310217,-0.5232920044560933,1.5499674766197884,-5.742051665845925,-6.28370833652305,6.282541983385477,-272.75751837882206
490.0,-0.3107927001225435,-0.5232962175005884,1.5499581954497705,-5.7420848182782604,-6.283708786889872,6.282585651869649,-273.4971785980768
491.0,-0.3088619528608842,-0.5232970341868233,1.5499656571316915,-5.742066140994985,-6.28370602950088,6.282209713927633,-274.23761912328195
492.0,-0.30688479596253526,-0.5233005191992287,1.5499790902778456,-5.741888028613332,-6.283359467333745,6.281330201992567,-274.9788697618185
493.0,-0.3049661242819661,-0.5233019809957679,1.549971617056109,-5.742010859746743,-6.283592872320101,6.28208995032973,-275.72089192762934
494.0,-0.30304783249959155,-0.5232977147895062,1.54995655182731,-5.742088462116723,-6.283689629597975,6.282395222046435,-276.46369032000734
495.0,-0.30112070844287586,-0.523284458541,1.5499350533160334,-5.742058465618105,-6.283705939889855,6.282517531394547,-277.2072677694702
496.0,-0.2991914665361469,-0.523273963984139,1.5499159493757095,-5.74202749802814,-6.283707847083148,6.282567421588213,-277.9516257727819
497.0,-0.29711126003519844,-0.5233379322111883,1.550060790466654,-5.741764772318348,-6.283707886293424,6.278583749347844,-278.69680950631016
498.0,-0.2950468429033827,-0.5233119699860609,1.5500116472657992,-5.7416630926511605,-6.283740525242514,6.280966420066086,-279.4428220026327
499.0,-0.2931000906119855,-0.5233020976496423,1.5499879707298947,-5.741997511726676,-6.283720123173793,6.2819190974643115,-280.18964920343024
500.0,-0.29116730209748404,-0.5232913998674096,1.5499605057185593,-5.742056931581124,-6.283709968428304,6.282309409386053,-280.93726529751905
501.0,-0.289237650081,-0.5232768435846343,1.549931717270118,-5.742027681656023,-6.283708728192425,6.282475982815819,-281.6856640507846
502.0,-0.2873090143469636,-0.5232701774252767,1.5499083650247836,-5.742020982699783,-6.283709156392209,6.282550093704975,-282.4348465090631
503.0,-0.2853812695844556,-0.523265111291603,1.5498899708090705,-5.742016374258602,-6.283709071459562,6.282577701018405,-283.1848109733818
504.0,-0.2834510354205498,-0.5232547081421196,1.5498705152317411,-5.7419824819885585,-6.283708546534021,6.282586946198228,-283.93555858469387
505.0,-0.2815170756460627,-0.5232399076727957,1.54984855605657,-5.741930876385045,-6.283708648872148,6.282589233254222,-284.6870911983453
506.0,-0.2795929528348519,-0.5232578334933301,1.5498465357815305,-5.7420246050522055,-6.28370978506764,6.282595487767954,-285.4394076170281
507.0,-0.2776589811745621,-0.523249166288824,1.5498300261347644,-5.741996026002116,-6.283709620764271,6.282593643951844,-286.19250971468205
508.0,-0.2757218087620255,-0.5232325847497099,1.5498099035883819,-5.741933962668228,-6.283709512585902,6.282585296729398,-286.9463973562595
509.0,-0.2737867954027576,-0.5232291837857906,1.5497969146681139,-5.741929254192485,-6.283709770811344,6.282589616137576,-287.70107366655975
510.0,-0.2718502435697179,-0.5232180099928224,1.5497817332564734,-5.741889844482791,-6.283709743318579,6.282581638307014,-288.45653602187116
511.0,-0.2699211515626221,-0.5232373416911711,1.549782896724281,-5.741988288073386,-6.283710935118604,6.282586254789646,-289.21278575107993
512.0,-0.26798162407282633,-0.5232239890149794,1.549766523437555,-5.741936353608209,-6.283710867587279,6.282586281174497,-289.96982492562955
513.0,-0.26604301490368176,-0.5232193317627143,1.5497556770569267,-5.741920571295226,-6.283710577557002,6.282584277313058,-290.72765343027913
514.0,-0.26410438433591865,-0.5232202916348005,1.5497481884803723,-5.741930446927862,-6.283711418164002,6.282581558837752,-291.48627168905705
515.0,-0.2621638076926415,-0.5232143772578668,1.5497383881777667,-5.74191161751814,-6.283711048687847,6.282582111524459,-292.24568092377416
516.0,-0.26038804985619934,-0.5231309017699405,1.5495116149501658,-5.741865768669166,-6.28368881169459,6.282721795157042,-293.00581500389194
517.0,-0.25846677809264923,-0.5231106231111342,1.549423113131458,-5.74174488042178,-6.283706171486983,6.28262389700119,-293.76671659986994
518.0,-0.2564952926434948,-0.5231029173801118,1.5494293770933223,-5.741644400317787,-6.283713292283697,6.282580492754057,-294.528416725375
519.0,-0.2545310512057748,-0.5231130279024364,1.549453044711305,-5.7416698525112935,-6.283713886864439,6.282567349483341,-295.2909208120374
520.0,-0.2523405247990377,-0.5230860891712965,1.5493678068752237,-5.740774546169886,-6.281872315540394,6.2824813559799555,-296.054367957089
521.0,-0.2504377343294008,-0.5231362767645017,1.5495300165121908,-5.7413195807149195,-6.28327123443692,6.282561842726563,-296.8185554180657
522.0,-0.24857509462911592,-0.5231560550607871,1.549560159988627,-5.74179241412754,-6.283626767724946,6.282600861924813,-297.58350808785985
523.0,-0.246641661945548,-0.5231442904377128,1.549550724761413,-5.741771428782534,-6.283698976400942,6.282577437868095,-298.3492453826751
524.0,-0.24469188865576744,-0.5231522254075153,1.5495582714952587,-5.741779189346511,-6.283711418019263,6.282570683055731,-299.11577798750204
525.0,-0.24273906329406142,-0.5231565131617149,1.5495645556660558,-5.741791595343228,-6.283714443762187,6.282569575683541,-299.8831094538245
526.0,-0.24077568864910565,-0.5231632948452415,1.5496087096389115,-5.741738671812951,-6.283707812185806,6.281677372596432,-300.6512422249104
527.0,-0.23882373573256543,-0.5231701423526481,1.549607241308081,-5.741792141251468,-6.283720129077053,6.282204831942363,-301.42017391301016
528.0,-0.23694181856882007,-0.5231116509991133,1.5494949792548898,-5.741748273455436,-6.283704616473391,6.282467350456211,-302.18988042734065
529.0,-0.23500829747602145,-0.523116425366888,1.5494624567095534,-5.741732920735166,-6.283712707696923,6.282517704241191,-302.9603703677215
530.0,-0.23304195561548924,-0.5231092806763427,1.549462439149351,-5.741646192945699,-6.283715512466926,6.282537427085294,-303.731660678332
531.0,-0.23108203719540668,-0.523119988853485,1.5494787537591452,-5.741679437892458,-6.283716043468172,6.282549911744688,-304.50375448272274
532.0,-0.22911912846827473,-0.5231147181334423,1.549487905546361,-5.741639683424079,-6.283716783810268,6.2825523299684605,-305.27665111573253
533.0,-0.227163757528596,-0.5231336654151469,1.5495089384790328,-5.74171534167323,-6.2837174202191,6.282557669302139,-306.050350103642
534.0,-0.22520525756182247,-0.5231379439334235,1.5495188527067076,-5.741731182757431,-6.283716340529599,6.282558717104088,-306.8248526614358
535.0,-0.2232470011023428,-0.5231363761958919,1.5495252675906241,-5.741719113978801,-6.283715746235185,6.282552559010464,-307.6001565511966
536.0,-0.22148429360849853,-0.5229688370305928,1.5491924802878776,-5.741391010652145,-6.283681967861057,6.282742818522188,-308.376183354946
537.0,-0.21953344932486887,-0.5230003017223315,1.5491406595219277,-5.741291672763713,-6.283715769100229,6.282619160950382,-309.15297914524217
538.0,-0.21750729849622144,-0.52303520547155,1.5492177422520068,-5.741316891110555,-6.283725617512277,6.2825763457346175,-309.93060333964763
539.0,-0.2155090688100515,-0.5230665790025069,1.5492944687591104,-5.741470369268667,-6.283725483398278,6.282562907832723,-310.7090563074176
540.0,-0.21351757691681286,-0.5230845483704747,1.549351426325415,-5.741531367815885,-6.283724588159046,6.2825616157864985,-311.4883317176247
541.0,-0.21152713592093011,-0.5230855526257353,1.5493908749109162,-5.741501802990884,-6.283723549974813,6.282556239483073,-312.2684248918129
542.0,-0.209712808983466,-0.5230165744103561,1.5492093059698724,-5.741572566094885,-6.283695574677616,6.282684132995887,-313.0492735749727
543.0,-0.20771530691339304,-0.5230305213535413,1.549199423764599,-5.74133179681608,-6.283721272315274,6.2825952269959755,-313.8309137052002
544.0,-0.20569049243320361,-0.5230412552963525,1.5492641416838948,-5.741310314822983,-6.283726145125701,6.282564408875892,-314.613385894467
545.0,-0.20369897123033537,-0.5230722345944767,1.5493336688663524,-5.741468073450441,-6.283724764526185,6.282555708799689,-315.3966840200086
546.0,-0.2018832938848021,-0.5230092129567164,1.549168431771143,-5.741583268398718,-6.283696231747495,6.282677899191982,-316.18074173821185
547.0,-0.1998139226457368,-0.523038668760473,1.549244649844846,-5.741178000633567,-6.283709891091307,6.279681291443915,-316.96561633805766
548.0,-0.1977348397608919,-0.5230463948657688,1.5492956514661815,-5.741095878542777,-6.283750919997504,6.281389271739551,-317.7513394811834
549.0,-0.1959600153334884,-0.5229331714446188,1.5489940528045387,-5.74126455303871,-6.28369364853007,6.282270678516427,-318.53781359332714
550.0,-0.19429439276440802,-0.5225510557652175,1.548129597998436,-5.740334080652743,-6.283616653039815,6.282787367422741,-319.32494176936814
551.0,-0.19257782575511276,-0.5224806807875718,1.5476665730733044,-5.740706464533529,-6.283658915699878,6.282758726730237,-320.1127600482597
552.0,-0.19091709558977377,-0.5222004611829313,1.5469730378417434,-5.740072715451296,-6.28363130759708,6.282942045427537,-320.90123775978003
553.0,-0.18868349643020932,-0.522280983994355,1.5470523132252956,-5.738988329575573,-6.28374084138271,6.282669060465119,-321.69052791059516
554.0,-0.18624356868304762,-0.5224297391840483,1.5475260021179373,-5.738675488885741,-6.283777958674433,6.282571707558431,-322.4808072667989
555.0,-0.18443533627653455,-0.5223368099464027,1.547318569926889,-5.739576960805574,-6.2836562358146555,6.282849880211427,-323.2719073487717
556.0,-0.1827474642996092,-0.5219209566994297,1.5462657928765613,-5.738953821406634,-6.283539151789259,6.283132866651193,-324.06368680642714
557.0,-0.17931978687877825,-0.5203977193284582,1.541881500299026,-5.734970007065782,-6.2832119788642915,6.283229304057404,-324.8566181811701
558.0,-0.17445242344386816,-0.51754807656862,1.5351554138872316,-5.73453300042879,-6.283226532204294,6.283276301160746,-325.6516714810964
559.0,-0.17177224397957203,-0.516303139140766,1.5307173998801136,-5.727499130193383,-6.2833179078046255,6.283297637687669,-326.4473193793615
560.0,-0.16747871989296445,-0.5143642223785563,1.5249467479320242,-5.723550923447357,-6.283623839318354,6.283297724770634,-327.2444396554285
561.0,-0.16283760740505818,-0.5116490233653219,1.517435074107577,-5.7189385159680795,-6.283178163456124,6.283258325012131,-328.04323888713657
562.0,-0.1603336572101838,-0.5104120748271248,1.5140846801763177,-5.718491454576252,-6.2834154669501245,6.283201702635889,-328.84311272715763
563.0,-0.15845736115390618,-0.5101201252893066,1.5132596877374858,-5.71852687829271,-6.283614766839338,6.2828770095405915,-329.64375790573763
564.0,-0.156641271623283,-0.5100152304534582,1.5129686151099413,-5.718477898305137,-6.283673960844253,6.282751801785233,-330.445157449769
565.0,-0.15499586999854523,-0.5097111239979767,1.5122272697274246,-5.71768901289116,-6.283627771128552,6.282975063347461,-331.24722060817925
566.0,-0.15312879226259,-0.5090861671019349,1.5104989350843292,-5.7155797207583054,-6.283510125141816,6.283214157381181,-332.0499529177993
567.0,-0.14930915818068244,-0.5072227814840196,1.5053585788576869,-5.710420434845792,-6.282938347949395,6.283248480413135,-332.853977532231
568.0,-0.14376478796767073,-0.5041213289984494,1.4961600571819673,-5.706766790945735,-6.283246067468231,6.283308849912628,-333.6601359745524
569.0,-0.1404737489098476,-0.5018952444304806,1.490981193087221,-5.701863003820023,-6.283604199670638,6.283267424892774,-334.4675316857536
570.0,-0.1363664828650403,-0.4994931514383526,1.4862335128845447,-5.701999328718235,-6.283589686122914,6.283278813506876,-335.2769132723579
571.0,-0.13357808987818498,-0.4985396238595072,1.4819105341898615,-5.695402257686766,-6.283422928560472,6.28330252186276,-336.08696052270125
572.0,-0.13043131325441634,-0.49692352384639105,1.4772673069925046,-5.692635759815893,-6.2830393720655024,6.283268054534843,-336.89820761280515
573.0,-0.1268264474192488,-0.4952194145517147,1.4724163555400263,-5.690880664482786,-6.283129621292568,6.283270992680908,-337.71092143187474
574.0,-0.12306069295780446,-0.4929908707016153,1.4665438814709366,-5.689650989421768,-6.283196850090427,6.283253583819498,-338.5252582542431
575.0,-0.11764468618435112,-0.4896926939640513,1.4577155535255493,-5.68316168328018,-6.283320245424945,6.28329174156908,-339.34164523611315
576.0,-0.11266299360396763,-0.48642347914171313,1.4496859174119474,-5.67862421803528,-6.283338258548885,6.283299072373259,-340.16012094090104
577.0,-0.10605346762154745,-0.48287844593226176,1.4390073604959834,-5.671463489103594,-6.283039002527666,6.283285403671185,-340.9810757890484
578.0,-0.09980096200889349,-0.47864848554268424,1.427429356942097,-5.662671218370845,-6.283278425691939,6.283302969503627,-341.80440880497724
579.0,-0.09276626924706884,-0.47286310341572135,1.4132792326971375,-5.655523795769117,-6.283330661882463,6.283279284454908,-342.6307035239904
580.0,-0.08469214072922934,-0.4672763647857628,1.3980447772169529,-5.644924055332533,-6.282676483663464,6.283309005087154,-343.46032829315806
581.0,-0.0767464557811601,-0.4610310962654791,1.382017353063504,-5.6371722925103755,-6.283139536243043,6.283271583117416,-344.29338704576776
582.0,-0.06832635140335058,-0.4551786459460447,1.3660405110820193,-5.630916428522402,-6.28324793498769,6.283279561091815,-345.13021284790983
583.0,-0.06206144808994765,-0.4499192302033728,1.3528024902827678,-5.6180859120046485,-6.283298271150598,6.283273426417295,-345.9695421791372
584.0,-0.05509264432852828,-0.44470566152243035,1.338553314547639,-5.606802471054128,-6.28070803542287,6.283359463191774,-346.8118047753959
585.0,-0.04882046185736528,-0.43986683563328616,1.326119837475477,-5.6017629116331005,-6.282602672332813,6.2833235885182175,-347.6569630798432
586.0,-0.0446004415862397,-0.43628969747832086,1.3183331254483142,-5.598426790434416,-6.283079068928834,6.283305291048395,-348.5042584059078
587.0,-0.04231496344735279,-0.43454752735279306,1.3137698057639522,-5.592529715838919,-6.283320202301707,6.283308807166996,-349.35238900054145
588.0,-0.03796113176420846,-0.43181158901765776,1.3062231522872623,-5.590455662662316,-6.283340421769618,6.283309635270814,-350.20255159710814
589.0,-0.0323946473456642,-0.42744509719651724,1.2951147803605085,-5.581529466109177,-6.283256351665124,6.283292902257226,-351.0551254579933
590.0,-0.027391162358239733,-0.42336987224134576,1.2844746838455525,-5.576122460520475,-6.283303680251799,6.283298869433075,-351.91005045955586
591.0,-0.0228772644389584,-0.4196991825700604,1.275544578943619,-5.5717425063967845,-6.283331196483973,6.283298518197875,-352.7671828374096
592.0,-0.01814710305285111,-0.41594403576811373,1.2662678068701643,-5.566137344918894,-6.2833474285068585,6.283296643121784,-353.626549406653
593.0,-0.012033419936582707,-0.41092680010375876,1.2540557731697748,-5.557588967895609,-6.28343654353521,6.283279499763457,-354.4885652849018
594.0,-0.006680459221650041,-0.40664016909554485,1.2434507692851973,-5.552327521972242,-6.283260354000588,6.2832750648251,-355.3532714654545
595.0,-0.00026900022361575794,-0.40148996288692046,1.2306515159698133,-5.545635607865885,-6.283283923412885,6.283264257755703,-356.2212580294631
596.0,0.006129891386568397,-0.3960082192994336,1.216350797738315,-5.53470744553114,-6.283130671326334,6.28325901695584,-357.0921923447966
597.0,0.012714982373462424,-0.38916497044728476,1.2003561483804237,-5.527330004118375,-6.283361438361771,6.28324610155016,-357.96651665280416
598.0,0.018344765715883157,-0.3839093546569534,1.1878062072916318,-5.520275966665717,-6.283231106486109,6.283253457669586,-358.8438150161198
599.0,0.023824707472812613,-0.3791909513293442,1.175633032403064,-5.512771794732606,-6.283274800756146,6.283257687467336,-359.723821638468
600.0,0.028056332709248222,-0.3750073049931127,1.1663927181282232,-5.507543386067223,-6.28330999135926,6.28327224202509,-360.6061212319521
601.0,0.03278057028762997,-0.3711569788396618,1.1564530761670102,-5.501614530044721,-6.283310091682723,6.283265023328078,-361.4907498819735
602.0,0.038274593983921246,-0.3663694315002924,1.1438767109646855,-5.492689023083238,-6.283314211085516,6.283267060968085,-362.3780067648701
603.0,0.04395600645142119,-0.3602965485244457,1.1299976870053403,-5.484996106546527,-6.283312484752413,6.28325189482879,-363.26821000973337
604.0,0.05056928404800714,-0.35435460773018157,1.1154167186673867,-5.478409827710213,-6.283398427455502,6.283256224374782,-364.16205321253136
605.0,0.05469613848037847,-0.3497323621294068,1.105541195742812,-5.471954616517906,-6.283343185400215,6.283257291294752,-365.0582038519976
606.0,0.05959831755855764,-0.34570104731066664,1.0948298760406387,-5.4668407004495405,-6.283308205180158,6.283251646870567,-365.95690073692793
607.0,0.06387215763512127,-0.3411678833509949,1.0848189623390307,-5.459728365961504,-6.283314699082344,6.283255790694187,-366.85791563267975
608.0,0.06623873985739145,-0.338751947412956,1.0786016784316703,-5.45389201236299,-6.283329664090172,6.283293327154959,-367.76010688810914
609.0,0.07066106709925567,-0.33493856240102365,1.0688407150135217,-5.449101826465949,-6.283329107281313,6.2832850094096715,-368.6645926125675
610.0,0.075063619237635,-0.33064784274491443,1.0583143339041106,-5.444071725604599,-6.28332166656337,6.283279964649737,-369.5714868852768
611.0,0.07776654352328977,-0.32728553186709275,1.0513177660378263,-5.4362094253127085,-6.2832565844173125,6.283272623556464,-370.4798118475367
612.0,0.08207314890964504,-0.32334949992788675,1.0408840162256996,-5.433618224321307,-6.2832938761151516,6.283279289765038,-371.39051802888434
613.0,0.08553137707407674,-0.31925101967528285,1.032291350727296,-5.425905349075894,-6.283041261015438,6.2832696710881,-372.30314642258315
614.0,0.08857692851231072,-0.31627239948430375,1.0262279915831933,-5.426575906101535,-6.283126100654253,6.283269859485934,-373.2177588227487
615.0,0.09252456988915458,-0.31304815326634766,1.017709917733233,-5.421916237944208,-6.283260605627238,6.283247640011813,-374.13437155621256
616.0,0.09730721515487858,-0.3084563992543405,1.0061664579812726,-5.414675891193229,-6.283286253316993,6.283255908011867,-375.0535054361629
617.0,0.10217000609224526,-0.30320847296532877,0.9934104186894596,-5.406890609208385,-6.283287160570627,6.283264647190815,-375.97530579590966
618.0,0.10795494946267198,-0.29711740050962504,0.978587831417499,-5.401412239040642,-6.282067476756802,6.283270969650454,-376.90032638486156
619.0,0.11155920276281532,-0.29257541569705675,0.9679634135875507,-5.394547973376691,-6.282871971534133,6.283275506325909,-377.8275761186897
620.0,0.11639662902982319,-0.2871235507370054,0.9548348520121422,-5.387823423466371,-6.283166206984056,6.283262600730857,-378.75736274883263
621.0,0.12138689893366064,-0.28145724943897465,0.9420465182297061,-5.3827573293694915,-6.283259995410901,6.283248531094572,-379.6902436344064
622.0,0.12622064697144272,-0.2768657226415805,0.9293807530212621,-5.374595926953656,-6.279855100824469,6.283406187841836,-380.625765936592
623.0,0.13196063248140896,-0.2707428130708631,0.9148961608411389,-5.371647498293604,-6.282451839439267,6.283200188237137,-381.5647687856426
624.0,0.1366960974785393,-0.265293225610142,0.9013519038362278,-5.3664627348913365,-6.283014950434056,6.283229978074374,-382.5065304131911
625.0,0.14208930188427202,-0.2595852174205881,0.8861436590771572,-5.36071345999155,-6.282136191019378,6.283288651856187,-383.4513754499687
626.0,0.1461596853955266,-0.2543153006142598,0.8738390535842411,-5.356774341869237,-6.2828897375432415,6.283276456773573,-384.3987680743797
627.0,0.15122978859702677,-0.2483807432407095,0.8595445033940174,-5.352675605778153,-6.283167977596569,6.283251657033007,-385.34911465657996
628.0,0.15544073855164417,-0.2432822653433699,0.8471709510530826,-5.347693041674164,-6.283188580513986,6.2832538032975895,-386.30199262144896
629.0,0.16041861774007654,-0.2375754236810085,0.8332608268959661,-5.342919359225761,-6.283203049920516,6.2832519477808795,-387.2579299511415
630.0,0.16567090569209164,-0.23171590785774274,0.817670234475659,-5.338002520643379,-6.283256775844107,6.283253565706278,-388.21676489698103
631.0,0.17094651011034512,-0.2254982379899303,0.8026040012256483,-5.335476988366784,-6.283270940916059,6.2832496237025826,-389.17906150191715
632.0,0.1763103257761517,-0.2194850780727282,0.7862611504216636,-5.3311165929042685,-6.283289755084956,6.283253478642225,-390.1443475336795
633.0,0.18018852553825934,-0.21446320598668528,0.7734998063686269,-5.3269317470438455,-6.283282530301179,6.283280988088119,-391.1121921918781
634.0,0.18506709089623335,-0.20842658974642264,0.758965486845697,-5.324401975831404,-6.283372115785969,6.283260611473075,-392.08296813391854
635.0,0.18976086370360778,-0.2027143238127481,0.7451779578916509,-5.321527983793505,-6.283354593798351,6.283261754269205,-393.056776363507
636.0,0.19466170271920832,-0.19690362870084985,0.7298121945345684,-5.317257521033916,-6.283226263097313,6.283270842451072,-394.03354337071187
637.0,0.20003601462757378,-0.19029549802556295,0.7132667038933616,-5.316026746507219,-6.283256023901273,6.283253821742722,-395.0136899419128
638.0,0.2031963779707574,-0.18579919012316864,0.7015095990148807,-5.311740067850982,-6.283268482252396,6.283285135506484,-395.99565730754426
639.0,0.20733094793781304,-0.1803708588537492,0.6886870098426598,-5.3080894418760405,-6.2832089025952325,6.283277135050479,-396.9802440081735
640.0,0.21226271963768487,-0.1743082523382966,0.6739900687033368,-5.3055740372655835,-6.283333651638785,6.2832738384100955,-397.96801300470844
641.0,0.21719031476057316,-0.16843624782107144,0.6581202195378194,-5.3021433742164445,-6.283387202351695,6.283288341306544,-398.9587306002013
642.0,0.22251145493554314,-0.16160712657566956,0.6413374180759283,-5.301492125273083,-6.283350487361754,6.28329906351658,-399.9529322901956
643.0,0.2279761446131214,-0.15488712100540797,0.6238149049835933,-5.300505615674977,-6.28326716809752,6.283300848782997,-400.95055240033344
644.0,0.23151986542382938,-0.14981185745770423,0.6109425084703433,-5.298579274319239,-6.283282240500503,6.283296178759979,-401.95044883970934
645.0,0.23574831729640794,-0.1442810645803305,0.5966966416761026,-5.295182111142305,-6.283371562932271,6.2833010015487085,-402.9528886089768
646.0,0.24033588319225926,-0.13821288618146368,0.5809479714883686,-5.293281353303527,-6.283291788122815,6.28327649408402,-403.9580201155165
647.0,0.24419420544462805,-0.13281678461127808,0.5669783536056199,-5.290766908511057,-6.283035486138311,6.2833002447437565,-404.96568421522585
648.0,0.24721500743959565,-0.12811245691463008,0.5570450809814219,-5.289228909084313,-6.283373700157464,6.2833177442973955,-405.9754913912527
649.0,0.25043348575692204,-0.12341341620854437,0.5464220225617012,-5.285995963011746,-6.283436798224552,6.282359693671745,-406.98729663286014
650.0,0.25250722279662424,-0.11978657770392473,0.5371520815543316,-5.280330003387856,-6.28334814382595,6.283030853756762,-408.00027808728925
651.0,0.25506100081693694,-0.11541781346064316,0.5287917597909797,-5.278059056388231,-6.283328388064826,6.283244054200738,-409.01507501163036
652.0,0.2572563170839051,-0.11173712938703478,0.5189806930463694,-5.271830935324111,-6.283571347819148,6.283287367312568,-410.030969528457
653.0,0.2590877607913727,-0.10884989631723135,0.5123594422673705,-5.269952350377911,-6.2834624537314925,6.283244907515636,-411.04806558280006
654.0,0.26214277612482884,-0.10426120259511633,0.5030943895534177,-5.267560649657855,-6.283426990257364,6.283284574649718,-412.06719879764364
655.0,0.26348756681555136,-0.10436254590772474,0.500841833078744,-5.270929405208104,-6.2834970766586915,6.283070592253216,-413.08700439617365
656.0,0.2655010252029824,-0.10184018434123172,0.4947810650845248,-5.267439666251127,-6.283243737209719,6.283202815147786,-414.1079105117443
657.0,0.26748600206729495,-0.0987475991837637,0.48807316348139423,-5.2644568075163365,-6.283212883815866,6.2832119849159405,-415.1300495966625
658.0,0.27042559394619203,-0.09393272579295367,0.4779327579353284,-5.2618485585029005,-6.283256752201509,6.28328015621896,-416.1541444589927
659.0,0.27301907587501395,-0.0900309459788594,0.46722287900483717,-5.257113739219923,-6.280290158389975,6.283400159314297,-417.17972179594426
660.0,0.2769521491466131,-0.08413289690920267,0.4541691826621237,-5.2585249374498435,-6.282619991298549,6.283351203437688,-418.207961461813
661.0,0.2800805683410612,-0.0789614075176069,0.44147895201078113,-5.2568339064172696,-6.283112465629459,6.283321024702643,-419.2381473731688
662.0,0.2837192317275386,-0.07326969605292107,0.42685791951675045,-5.254897120042665,-6.282969068883104,6.282762954198971,-420.2705672070366
663.0,0.2870643264718097,-0.0677863582519984,0.4134950956650463,-5.254217099359116,-6.2832236561008665,6.283200334074038,-421.30515918709455
664.0,0.2907644489286189,-0.06192907346284156,0.39839462807353404,-5.252930749629421,-6.28332314234492,6.2832740549430035,-422.3420340983452
665.0,0.2946932137123578,-0.0557659714198792,0.3820438283993013,-5.252518811096498,-6.2833461857366455,6.283305945551931,-423.38134250667764
666.0,0.29897157517653783,-0.04930135594062211,0.36486133130871323,-5.253001785764798,-6.283402494630598,6.283326281811982,-424.42329701283603
667.0,0.30374149349930457,-0.04260915970619461,0.3473903253483906,-5.257890770852351,-6.283401983321928,6.283288577268664,-425.46831828150533
668.0,0.3093547593634484,-0.03705895017058971,0.3297646888800246,-5.26638857182129,-6.283444919656549,6.2832727960156385,-426.516654251719
669.0,0.3159558546081312,-0.032176328215569414,0.3120192673422321,-5.281203491074337,-6.283425736422219,6.28327056941014,-427.569109944723
670.0,0.3235523773601636,-0.02789911345457948,0.295239609570982,-5.30209859466925,-6.283268033358068,6.28325452822029,-428.6262023041321
671.0,0.3321942962688493,-0.024688243721036778,0.27821249951598853,-5.327948766401145,-6.2833171025877075,6.28324910996554,-429.68850575801366
672.0,0.34105548668320934,-0.02197013229596937,0.2620123382667433,-5.355056970762693,-6.283110196488446,6.2832355362164325,-430.75613422038015
673.0,0.35118189604377864,-0.018961346422788447,0.2453393836442292,-5.385917736302283,-6.283302886248438,6.283230752183627,-431.82998000402364
674.0,0.36232795384254135,-0.01623281986775334,0.22818457929540417,-5.419813525801455,-6.283228882189917,6.283212656233141,-432.9105488277735
675.0,0.37471994535612557,-0.013651961650277928,0.2107167984321918,-5.456602065438155,-6.283255695818852,6.283211157014899,-433.9987133643865
676.0,0.38762383378424303,-0.011620484650634673,0.19483970958260047,-5.496514204086592,-6.283253096517577,6.2832053734461795,-435.09484810356065
677.0,0.4020490031715027,-0.009329426214317179,0.17833147662351423,-5.538760101064136,-6.283203951560082,6.2831947878919046,-436.1998431493577
678.0,0.4169899270865644,-0.007646135910788151,0.1631096712570232,-5.58237431738312,-6.283216115165056,6.283225079978807,-437.3140579957004
679.0,0.433014518135693,-0.005588477856326478,0.14702524705440356,-5.629688559261121,-6.283273972678808,6.283200329108674,-438.43814205684856
680.0,0.45074537170727536,-0.003086100111417018,0.13043246969036623,-5.681052375171456,-6.283257847536557,6.283220604985179,-439.57332425247535
681.0,0.4700926064335514,-0.0005309533043064515,0.11343174698937845,-5.734843107127018,-6.283201218238543,6.283191815103753,-440.7205234420675
682.0,0.4906310827995479,0.00172231342869178,0.09811155898672022,-5.791611135783221,-6.2832258092026,6.283202763293332,-441.88055738602765
683.0,0.5112896501664194,0.0029436321282692007,0.08646042783683407,-5.84851271107383,-6.283192462735381,6.283214857448523,-443.05349844510243
684.0,0.532848125713205,0.004748172544235067,0.07458699797961989,-5.907712117120091,-6.2831950907275065,6.28323341784007,-444.24000183047116
685.0,0.5562232586438203,0.007380835467332522,0.060982417840136735,-5.970196500568907,-6.283149386320524,6.2831704738127225,-445.44112483209614
686.0,0.5808967505977525,0.00979656996301533,0.04737677658905639,-6.034403499141775,-6.2766039499673765,6.283183505923121,-446.65786573085074
687.0,0.606219676394013,0.011797527243151393,0.032169479418343666,-6.09892225638546,-6.278465660299862,6.283184561361079,-447.88981379017974
688.0,0.6316354093496368,0.012928103903325713,0.0173488698842951,-6.16321564210579,-6.281273707080201,6.283185073011372,-449.13662639852004
689.0,0.6570583153236157,0.013779813854189993,0.0012086475313969833,-6.225141105539257,-6.282391673743187,6.2831849659350585,-450.3980105797916
690.0,0.6824248158859076,0.014242691692454228,-0.0158683686629902,-6.259482486908184,-6.2828494625085085,6.283184601269769,-451.67209459237455
691.0,0.7078297448442495,0.014492003611233019,-0.033534345530532764,-6.273507179647252,-6.283042537609947,6.283184820472215,-452.95743093712736
692.0,0.7332760111405766,0.014638310043213153,-0.05159384741320891,-6.27923957282493,-6.283124254284474,6.283185065873148,-454.2533403698489
693.0,0.7587441611048075,0.01470154749225109,-0.06966255993162374,-6.281580306240138,-6.283159057496044,6.283185224063339,-455.5594569510592
694.0,0.7842212429401629,0.014511008543727038,-0.0850456301861257,-6.282537786796053,-6.283173815849176,6.283185280287413,-456.8756925365629
695.0,0.8097091472111239,0.014706263754370215,-0.10146347308641186,-6.2829170935409335,-6.283181068602959,6.283185368116273,-458.20186931358614
696.0,0.8352003119146187,0.014697137167620444,-0.11714970527191321,-6.283071442929213,-6.28318428736242,6.283185383800805,-459.53781374946345
697.0,0.8606950706862158,0.014833516721877018,-0.13383027889398047,-6.283126777452555,-6.2831863447169,6.283185415568325,-460.88329936607323
698.0,0.8861916182371614,0.014664430250833808,-0.14843483403944158,-6.283151121347233,-6.283187189926599,6.283185388002757,-462.2382377532863
699.0,0.9116909216140737,0.014577907393641419,-0.1612837032245075,-6.283155581302975,-6.283188069215606,6.283185386646241,-463.60260960540245
700.0,0.9371919144589962,0.014819813362957934,-0.17583047396488638,-6.283146468791961,-6.283189371928149,6.283185433760581,-464.97616077581296
701.0,0.9626962010245927,0.014580646483034794,-0.1872609058876507,-6.283148821608648,-6.283189538328581,6.283185388633473,-466.35884834602047
702.0,0.988201287418186,0.014557774776088009,-0.19726273001921413,-6.283142264881276,-6.28319026490402,6.283185399259481,-467.7506519476044
703.0,1.0137045446723192,0.014909104081243412,-0.21006804170735952,-6.2831278015597425,-6.283190279186018,6.283185459985294,-469.15121537452706
704.0,1.0392093423639934,0.01507707144692641,-0.2249141343500934,-6.283121115738058,-6.283190392916557,6.283185467638213,-470.5601036920181
705.0,1.0647166458547923,0.015114121461793853,-0.24112973273358349,-6.283116765928715,-6.28319061894271,6.281698214820729,-471.9769386427579
706.0,1.0902268868447986,0.015088759605645518,-0.25822294029132997,-6.283112124709451,-6.2831910100437165,6.277280235457613,-473.40138911312397
707.0,1.1157478968656507,0.014614569653010355,-0.2708557639619726,-6.2831169074936914,-6.2831919988560365,6.267979681308781,-474.833538127854
708.0,1.1412599780183086,0.01483136972757621,-0.28535922236516065,-6.2831007313328735,-6.283192210833932,6.268283661847402,-476.2731343840891
709.0,1.16677317406063,0.014955154336784389,-0.3013258186678826,-6.283091398745049,-6.28319252576844,6.261656296237537,-477.7197682761896
710.0,1.1922941888168124,0.014820147619076908,-0.3163024310208794,-6.283089178571576,-6.283193416692379,6.252979756051599,-479.1732294174537
711.0,1.217823409988591,0.014509611395943072,-0.32770443488271983,-6.28308944120331,-6.283194507002894,6.251973500425975,-480.63360273030986
712.0,1.2433381505074856,0.014795455195720208,-0.3413988489953451,-6.2830725488046655,-6.283194468432448,6.240408793466856,-482.1005424982744
713.0,1.268866253444759,0.014542519921535676,-0.35194856812735803,-6.282629964712524,-6.283194518081553,6.23182827459061,-483.57398564758284
714.0,1.2943814912164553,0.014840259557251535,-0.3650820517534696,-6.282883086231859,-6.283194804575288,6.223728942202832,-485.05357712811724
715.0,1.3198977726714491,0.014984090020986537,-0.3801456268398404,-6.282979652676865,-6.283195220343516,6.209380575197645,-486.5387912055961
716.0,1.3454267765455394,0.014632701684078033,-0.39207074332067626,-6.278289337290289,-6.283191118365716,6.192364428769414,-488.0292912488474
717.0,1.3709557177679257,0.014769574658914025,-0.40524519496956457,-6.275205058659629,-6.28106174908626,6.174243413826413,-489.5250219456638
718.0,1.3964813215401097,0.014893871451648291,-0.4200301741417896,-6.273745801213796,-6.282357705705763,6.159949927414247,-491.0254033348382
719.0,1.422005604501163,0.014932268863358834,-0.43619666590776973,-6.269648141927211,-6.282854789424286,6.14320145175285,-492.5298302384907
720.0,1.4475419862427572,0.01474802329416437,-0.4513975988813815,-6.261605841000158,-6.283059173200655,6.132811253408598,-494.0378296415979
721.0,1.4730841177237677,0.014801608505472675,-0.46775725700588106,-6.254000399649425,-6.278001715734307,6.12706351010539,-495.5493857446682
722.0,1.498624662466062,0.014798207163970092,-0.48495039545790003,-6.243258822745696,-6.268487508297894,6.113625936809878,-497.06416828935824
723.0,1.5241753914188971,0.014749708828319935,-0.5024427038000266,-6.2349187355921725,-6.266687691841313,6.097768229821188,-498.5814609232521
724.0,1.5497184516529439,0.014601731066478756,-0.5192990837368477,-6.220460194463286,-6.275641009593444,6.080139320693266,-500.0998632089142
725.0,1.5752755203488888,0.01461855349281643,-0.5367591377747688,-6.20491962997343,-6.28011235876191,6.061765266006839,-501.6191851253596
726.0,1.6008386877738285,0.014606461117462454,-0.5546803242843673,-6.18743259748692,-6.275636081404553,6.04308274072028,-503.1395065553922
727.0,1.626412103523643,0.014584203022534324,-0.57292764406195,-6.172586371629888,-6.267363332162517,6.025240846663275,-504.6609047473962
728.0,1.6519844541473672,0.01454249069799627,-0.5914017351117432,-6.1589956737295655,-6.257829960290201,6.012545771887076,-506.1831958833698
729.0,1.6775599520054774,0.014502296341160154,-0.6100247629945615,-6.150281194301469,-6.255377197361116,5.9963096213568186,-507.70587245218223
730.0,1.7031229398531165,0.014434315359331228,-0.6287595228060918,-6.1363489564457385,-6.253385809384485,5.978513495436679,-509.2281696832128
731.0,1.7286988609039633,0.014388193393100688,-0.647556990030334,-6.123844859617922,-6.256121664985946,5.9600699874689544,-510.7494921256262
732.0,1.7542763994297534,0.014299925201327075,-0.6664019279538884,-6.108299595859251,-6.251136815634401,5.941358727350126,-512.2697954100372
733.0,1.779870526414617,0.014144038223067298,-0.6838416716619758,-6.09544304825932,-6.2532668305621035,5.9248354316918865,-513.7886614839327
734.0,1.8054656916465681,0.013925202308462408,-0.6983351006703282,-6.079122508361468,-6.256703263861623,5.911264497770399,-515.3059296025108
735.0,1.8310315623491698,0.014100071304429694,-0.7141662666074274,-6.061277539193717,-6.255074495034827,5.899609285342834,-516.8213953201816
736.0,1.8566180937492722,0.014191418208034578,-0.7307843068842824,-6.055297942423987,-6.256929201533256,5.88907319385218,-518.3351652158109
737.0,1.8821793102269424,0.014188548340039842,-0.748161462368252,-6.0417286562988775,-6.25122148816882,5.873989637649966,-519.8467608062379
738.0,1.9077609999988263,0.014166036099879502,-0.7660463992175699,-6.028890268985666,-6.2388194589304256,5.856674442015132,-521.3562733694034
739.0,1.9333699921743537,0.013884244316335191,-0.780963985822107,-6.018396672458556,-6.2340759956780145,5.838429740597596,-522.8635199498702
740.0,1.9589408686860006,0.013988853582101484,-0.7970873339487505,-6.009928197962811,-6.232039724314404,5.819800726363576,-524.3680071334729
741.0,1.9845047699266272,0.013961493029193184,-0.8134344921299125,-5.996951895084103,-6.237401402064693,5.801012794620243,-525.8684600797536
742.0,2.01008987073875,0.013873893951659201,-0.8290923091249842,-5.984896101229037,-6.250626377201925,5.782159189934863,-527.3641322638668
743.0,2.035675102874252,0.013793617655057544,-0.8440331354489907,-5.968898524236058,-6.258769856618567,5.767716242290251,-528.8549197071446
744.0,2.0612869301182215,0.013633798665197502,-0.8565225117196491,-5.959194510242083,-6.27147467308236,5.75073466229938,-530.3411364642053
745.0,2.0868404365314523,0.01376876655220137,-0.8705375455551299,-5.9441638886172,-6.2784188762155475,5.737189668791688,-531.8222945337582
746.0,2.112418261172305,0.013809964708482485,-0.8853223107495412,-5.934363628965159,-6.281242424426935,5.729160979411097,-533.2985791402205
747.0,2.138004578604845,0.013652527549370456,-0.8986756548003986,-5.919303717169254,-6.276320747474799,5.718946478352694,-534.7701566352121
748.0,2.163585556762641,0.013555053097976803,-0.9107808924969558,-5.901985076952634,-6.280467320582183,5.714042811595987,-536.2361867039608
749.0,2.189147209522869,0.013717215344764246,-0.9250504144942203,-5.889620660609973,-6.28208279567684,5.709023464302003,-537.6965126188809
750.0,2.214718456710756,0.013763082831153598,-0.9408856517606736,-5.883762995482705,-6.282747048400135,5.705752794071996,-539.1510149100054
751.0,2.240309305414939,0.013508562965002888,-0.9545493754364851,-5.870273735273712,-6.283019147768191,5.694226374840823,-540.5992558757681
752.0,2.2659103219488337,0.01333234698764559,-0.9658478361858518,-5.854800726235376,-6.283131460358936,5.697863754342656,-542.0413859360137
753.0,2.291490135152671,0.013366604334039868,-0.9770463202410937,-5.8433346898981755,-6.281795955158887,5.701995847641684,-543.4776607357443
754.0,2.317041633691377,0.013405571565943358,-0.9888140459477721,-5.827614513220724,-6.282651281685647,5.714753086184734,-544.9071914652496
755.0,2.3426019678844328,0.013541108079652052,-1.002909638918967,-5.821995661323404,-6.282980517260302,5.731112787922709,-546.3299713606133
756.0,2.368209222362735,0.013177183143050601,-1.012634342792966,-5.8085799616725975,-6.28311522212032,5.748962385035082,-547.7460452525146
757.0,2.3937529001020095,0.013389675949480762,-1.0252104735331262,-5.800530260303112,-6.28317081081282,5.767428274250634,-549.1550871963763
758.0,2.4192991422511736,0.013442197583774131,-1.0396833884450773,-5.792513597897387,-6.283191511515248,5.783460252753558,-550.5562922876811
759.0,2.4448923724577494,0.013266167248345426,-1.0528772563534878,-5.786162660218963,-6.283192120329654,5.794020172380183,-551.9497398302881
760.0,2.4704528282371174,0.013290523167549452,-1.067448368675994,-5.780033891070647,-6.283191040324664,5.80749034514971,-553.33491540203
761.0,2.4960257342555145,0.013279690740981544,-1.0831868704002285,-5.779316966093327,-6.283190435349288,5.819148392597567,-554.7116360393874
762.0,2.5215796132729538,0.013220033612471288,-1.0999926708141743,-5.768303117171903,-6.283192503780381,5.834565234065834,-556.078534916435
763.0,2.547180257698443,0.01316751810547743,-1.1175144650428919,-5.7687092670482185,-6.283192077793976,5.852016229296627,-557.4359744771607
764.0,2.5727576981882567,0.013071631479689719,-1.1355021891885513,-5.762541704190626,-6.283192090154302,5.870316750180103,-558.7830557912014
765.0,2.5983704792001237,0.01300660784088528,-1.1538087370745427,-5.769695456185175,-6.283191441156861,5.883875549218349,-560.1203951779614
766.0,2.623963901414718,0.012920212656396304,-1.1723252148555239,-5.778675221323722,-6.283191291360692,5.900480362644107,-561.4477998628062
767.0,2.649562409964114,0.012845189368702983,-1.1909863959202422,-5.79280577065535,-6.283191349622037,5.913291453016505,-562.765297650145
768.0,2.675207193763648,0.012533550130798212,-1.2054138134602714,-5.806838367823323,-6.283192719408218,5.928808112513843,-564.073680771944
769.0,2.700767959390661,0.012628796818702364,-1.2211852404552903,-5.82274434152412,-6.283192007229438,5.932633264254665,-565.3726199766502
770.0,2.726392850717202,0.012389811447765995,-1.2329545678146363,-5.838576747716936,-6.2831946867490895,5.945076373367535,-566.662822864548
771.0,2.751923515683419,0.012553013509599111,-1.2469301489628257,-5.85404824744315,-6.283197051117615,5.958557993829763,-567.9435669416076
772.0,2.7775044141141083,0.012470709692842386,-1.2597723543471977,-5.871489207714937,-6.283194570910136,5.975170968887668,-569.2148957573178
773.0,2.8030543368166363,0.012487770604765544,-1.2733007327751154,-5.887045647698961,-6.283198375531621,5.992341084723615,-570.4762736815482
774.0,2.8287060640519472,0.012110019297247969,-1.280125286783549,-5.900634802108167,-6.2831971630031065,6.010512445711173,-571.7291388287007
775.0,2.8541983290667097,0.012416555334125522,-1.2906694149197964,-5.917263176178964,-6.283196536054349,6.029110970874989,-572.9726867343921
776.0,2.8798236075578076,0.012077028001568506,-1.2950001844149728,-5.930684625349698,-6.283198087027819,6.047886139562997,-574.2080517856908
777.0,2.9053436409481637,0.012231672264953556,-1.2999408664980359,-5.947231834639408,-6.283200536041707,6.0581646866802625,-575.4352846962151
778.0,2.930965198463097,0.011894634262103848,-1.2972197180706824,-5.96186436857386,-6.283199979266537,6.070471755431737,-576.6561819891841
779.0,2.956483892472913,0.011995378066569883,-1.2924312442958046,-5.978936202925124,-6.283205255069657,6.0865939678900585,-577.8715829668179
780.0,2.9819794099779493,0.012059760560568926,-1.2855619916543588,-5.994894949274515,-6.283207683700067,6.099408003120154,-579.0818743932185
781.0,3.007427924652919,0.012258493176865148,-1.2793103670885582,-6.010889491548123,-6.283210806031024,6.1114216484998245,-580.2867431809733
782.0,3.0329298194803864,0.012157603837385601,-1.269408739545942,-6.022510093079596,-6.283209034533329,6.121797599441596,-581.4867267581201
783.0,3.0583912483558744,0.012280047115485014,-1.2584995398656713,-6.03828955026715,-6.2832097231646635,6.135386886208286,-582.6822509407721
784.0,3.0837992098809615,0.01250685067808586,-1.249375546819493,-6.052794554321056,-6.283212929298122,6.13954608464934,-583.8725691843026
785.0,3.1092660735322584,0.012479422073550177,-1.2383793121342472,-6.069827874047035,-6.283210599097012,6.149070998153044,-585.0580004893702
786.0,3.134712925961261,0.012495809951644805,-1.2261656242437036,-6.084152028910016,-6.282877398724568,6.164039603564355,-586.2386185171565
787.0,3.160166286478825,0.012506469567105131,-1.2120553856167684,-6.101093265062325,-6.283086465781713,6.181312879087662,-587.4148548999527
788.0,3.1856034032093934,0.012544673775239983,-1.1963330541002417,-6.119181410933763,-6.2831666051270885,6.199540295736084,-588.5870451488784
789.0,3.21093370119679,0.013002929871874316,-1.1863128153879627,-6.136079590675716,-6.283199015233951,6.218162301891627,-589.7534371092657
790.0,3.2363919119691498,0.012816824949003379,-1.1735890257123183,-6.1502183286860195,-6.283205605958062,6.23694724671783,-590.9141046615819
791.0,3.2618059327980395,0.012957367196551774,-1.1619487404051454,-6.167072152057536,-6.283209839971509,6.254641043174915,-592.0687844565147
792.0,3.2872055965448026,0.013114977603511184,-1.1523762732610192,-6.184771939810462,-6.2832112770180775,6.27143751477542,-593.216688237421
793.0,3.3125992846576597,0.013301123499362962,-1.1461202512003414,-6.203163605630442,-6.283210731590982,6.27835976811528,-594.3566559997274
794.0,3.338098713057003,0.012976516469652172,-1.1358900185861827,-6.219684294430707,-6.283209654443385,6.281202840739377,-595.4892523609866
795.0,3.3635031518388105,0.013227474847480911,-1.1287756513518867,-6.237542647292199,-6.2832102124444855,6.282370928637856,-596.6137097244759
796.0,3.3889966012833237,0.012978710665296267,-1.1179571809147464,-6.256023651735856,-6.2832097617811895,6.282850698605683,-597.7306233230014
797.0,3.4144251341031344,0.013079957274958642,-1.1076520971386874,-6.271807423173159,-6.283212427479029,6.2830478703929,-598.839708543737
798.0,3.4398790430422714,0.012960071321446878,-1.0950502148133225,-6.278300436506077,-6.283212052561324,6.283128821467613,-599.940916668193
799.0,3.465279723839314,0.013195647333356602,-1.0844091868998451,-6.280946137859532,-6.283213531719406,6.283162211447156,-601.033488540124
800.0,3.490741716999884,0.013083355629474188,-1.0711588095577116,-6.2820429262878035,-6.2832113583957945,6.283175893866093,-602.1176745385861
801.0,3.516189493955927,0.013076646405684561,-1.0559981247675163,-6.282491765699763,-6.283210960850638,6.283181544607152,-603.1937975113455
802.0,3.5416180565175037,0.013137145275206381,-1.0395613038325557,-6.282675930122227,-6.283211043713267,6.283183883348531,-604.2619908323626
803.0,3.567033028090425,0.01322695318748133,-1.0222771950279292,-6.282752721169291,-6.283211169529947,6.28318485428488,-605.3222479247169
804.0,3.5924392326001127,0.013325742820099434,-1.00443072723274,-6.282786203065585,-6.283211214572646,6.282538682015875,-606.3744704977106
805.0,3.6178399796541694,0.013423711108306927,-0.9862110258741108,-6.282802410845334,-6.283211159777711,6.282931184038517,-607.4185017867997
806.0,3.643237472394047,0.013516730799707178,-0.9677436247124703,-6.282811801696968,-6.28321101923641,6.2830807461803015,-608.4541486003499
807.0,3.6685939544768327,0.013863066275192107,-0.9529240268508012,-6.28280730633614,-6.28321258543269,6.283142554134385,-609.4803666658146
808.0,3.694014577824715,0.013769154796090661,-0.9368917320553651,-6.2828219581312075,-6.283210431625308,6.283167864605698,-610.4970087556911
809.0,3.719436005681406,0.01373677713997183,-0.9198869821678742,-6.282830415052045,-6.283209741615807,6.283178270925239,-611.5041070769416
810.0,3.7448165289914925,0.013995427620003173,-0.9056268664071803,-6.282825988790392,-6.283211025659486,6.28318259546448,-612.5009075609606
811.0,3.7702458005468036,0.013886777510166039,-0.889947740847692,-6.282838593628131,-6.283209196851176,6.283184310771659,-613.487358241845
812.0,3.7956566739028466,0.013972250791547059,-0.874890613031072,-6.282840995243266,-6.283209409604794,6.283185046614523,-614.4631867095113
813.0,3.821085165357791,0.01391390054335252,-0.858604607782693,-6.282850031630666,-6.283208395415898,6.283185323099209,-615.4284036372569
814.0,3.846507840232954,0.013915638055802666,-0.84142750600055,-6.282856069876311,-6.283208060968634,6.283185444835875,-616.383033889796
815.0,3.8719234369480446,0.013957627638774091,-0.8236545246446983,-6.282861055327568,-6.282731989648469,6.283185499737292,-617.327049400534
816.0,3.8973330107218778,0.014024927621038467,-0.8055842774485102,-6.282865929638929,-6.283026113555194,6.283185529718632,-618.2602927103122
817.0,3.9226902617192696,0.014546697567034516,-0.7934918692110778,-6.282853292738233,-6.283140204196981,6.283185620592399,-619.1814646633586
818.0,3.9481329188505154,0.014306794249419875,-0.779389771613087,-6.282872913826485,-6.283185037661108,6.283185539183824,-620.0904914403636
819.0,3.9735666350621552,0.014286661131942878,-0.7651239799353585,-6.282879148674479,-6.283200892684233,6.28206789031596,-620.9873353665992
820.0,3.998974394592137,0.014519363030870643,-0.7537558997002881,-6.282875758591944,-6.283205389020583,6.282746097201465,-621.8713290180824
821.0,4.024411848858108,0.01447980970315195,-0.7426035637360668,-6.282884034497601,-6.283205624874087,6.283004472542209,-622.7421570527989
822.0,4.0498760394729505,0.014253841096775594,-0.7289651174959574,-6.282897562911409,-6.2832045569224295,6.283111129245857,-623.6001210880055
823.0,4.075328793775239,0.014172682578048719,-0.713550853088084,-6.282904222342309,-6.2832043835878455,6.283154947050212,-624.4455263529234
824.0,4.100749321910535,0.014387677080245792,-0.6996270822406823,-6.282901004992988,-6.283205331495352,6.283172994438584,-625.2780712949412
825.0,4.126163255650447,0.014636957191477517,-0.6884308613467661,-6.282899042538596,-6.283205769587536,6.283180419390164,-626.0970911174934
826.0,4.151622944219533,0.014410791157302278,-0.6748416872953593,-6.282914959084026,-6.283203861143408,6.283183396985123,-626.9027613226183
827.0,4.177077567213613,0.014313246667352144,-0.6594675696358189,-6.282923264741562,-6.283203316744575,6.283184635607429,-627.6954102521036
828.0,4.2025205827853975,0.014313941587954262,-0.6428945479240582,-6.282928514664816,-6.283203109929625,6.283185156465961,-628.4752475973316
829.0,4.227925969817316,0.014738838379111063,-0.6303704356377983,-6.282919785893339,-6.283204418673678,6.283185440063452,-629.2415666572267
830.0,4.253377116472238,0.014561125732846474,-0.6159187610282242,-6.282935223152359,-6.283202692524588,6.283185468573248,-629.9944270730672
831.0,4.278811771251881,0.014699127333189127,-0.6028256613619156,-6.282936349186494,-6.283202889001671,6.283185528434945,-630.7336443292361
832.0,4.304252740952596,0.0147508296095996,-0.5904181678021753,-6.282941403495603,-6.283202470798305,6.283185540263352,-631.4590024444922
833.0,4.329713278964068,0.014571507148707079,-0.5759439299826206,-6.282953964768168,-6.283201361196197,6.28318550855009,-632.1707969173541
834.0,4.3551484288879445,0.013358162082454442,-0.5620937105079168,-6.2829442137008265,-6.283201441728081,6.283185566400591,-632.8686159612278
835.0,4.380614989465305,0.013242996480082805,-0.5469357744823976,-6.282974596023595,-6.2832007852279155,6.283185488712487,-633.553002802464
836.0,4.406068704855844,0.013671501437225599,-0.5303453285755427,-6.282975181098072,-6.28320026554859,6.283185507619551,-634.2245484225283
837.0,4.431511960999888,0.0140308799888283,-0.5129577829315609,-6.282977833093386,-6.283199866803865,6.2806581008104265,-634.8834846116498
838.0,4.456951365262196,0.014304884842848522,-0.49517462537340085,-6.2829826819381145,-6.283199461606369,6.282191712114499,-635.5299678726911
839.0,4.4823803158356945,0.014705106353729867,-0.4796661018152562,-6.282982090101071,-6.283199423536697,6.282776097116685,-636.1637048480841
840.0,4.507828389953454,0.014724845495429925,-0.4633872560475974,-6.282993811092449,-6.283198614989019,6.283017360776442,-636.7848075552884
841.0,4.533280064948471,0.014726331673376818,-0.44624174393388477,-6.283003360285813,-6.283197991115702,6.2831164428196615,-637.393624835165
842.0,4.558717341277575,0.015069612996432093,-0.4323230032918305,-6.283000813077087,-6.283197876633487,6.283157201988227,-637.9898177608571
843.0,4.58417789386606,0.014916208285573043,-0.41690227461827517,-6.283015339416448,-6.2831971241909645,6.2831738774695545,-638.5736646822556
844.0,4.609637522637431,0.014887916765468074,-0.4009412231805606,-6.283023102692547,-6.283196597520482,6.283180744691186,-639.1456087668404
845.0,4.6350979811858455,0.014846555848324196,-0.38401379385357226,-6.2830314111696515,-6.283195771476642,6.283183561899553,-639.7061623517346
846.0,4.660556999289064,0.014852336193527672,-0.36641803798647427,-6.283038481076434,-6.283194944886671,6.283184725630536,-640.2558530343354
847.0,4.686014752601455,0.01488291160704087,-0.3483778041934942,-6.2826218622464785,-6.283192961538364,6.28318520423892,-640.7951749184978
848.0,4.71145919128885,0.015527729822826061,-0.3373328131524908,-6.282866268313825,-6.283193377004655,6.283185508062311,-641.3232038390923
849.0,4.736928647768674,0.015416601886735477,-0.32683269180636615,-6.282979316502318,-6.28319355968465,6.283185520622007,-641.8397045325266
850.0,4.762411602840833,0.015051917321122493,-0.3136642330074062,-6.283036629257017,-6.283192195551752,6.283185487133248,-642.3456239502015
851.0,4.78789133838239,0.014878596094000229,-0.29857182847990976,-6.283061753717477,-6.283191015519386,6.283185490986851,-642.8420996375969
852.0,4.813366818478889,0.01483510163980154,-0.28219106929932525,-6.2830743494584365,-6.283190362247763,6.283185506157233,-643.3301459603523
853.0,4.838840104268874,0.014855051510446972,-0.26495699655565247,-6.283082766887781,-6.283190719627055,6.283185521314375,-643.8106851742663
854.0,4.864312509212096,0.014899426992866146,-0.24715887478199688,-6.282739375039298,-6.283189967518327,6.283185530049589,-644.2845803622846
855.0,4.8897808664677544,0.015011201867648132,-0.229788328541767,-6.279230461594993,-6.283190606844564,6.283185522664769,-644.7523946396954
856.0,4.915268710536882,0.015028816139888315,-0.21193101725011582,-6.281572296307397,-6.283189850863242,6.283185607207945,-645.2151750008286
857.0,4.940744753636658,0.015201344182520112,-0.1957048645295401,-6.2824812027117956,-6.283189846261378,6.2831855675737245,-645.673332491477
858.0,4.966225245265162,0.01511430788967101,-0.17868265600782146,-6.28247966691307,-6.283190242159137,6.2831855358876325,-646.1277157306951
859.0,4.991710554722336,0.01547364410688654,-0.16587482024457506,-6.282860165767928,-6.283189997625766,6.2831856024789925,-646.5782414567097
860.0,5.017200520429647,0.015372450184965126,-0.1532489010423057,-6.283023377500084,-6.283189952865902,6.283185559486493,-647.0253244474122
861.0,5.042692240478718,0.015167740429064054,-0.13936124275445794,-6.2830969641418575,-6.283189548224477,6.283185526594605,-647.4701662470529
862.0,5.06818542291605,0.015002951482664133,-0.12382716390550938,-6.283131481590615,-6.280960612601573,6.2831855086331085,-647.9143243540424
863.0,5.093676384972355,0.01494485417877665,-0.10716120344437509,-6.283149075512922,-6.282309443841289,6.2831855226873765,-648.3591061568712
864.0,5.119171720187307,0.014771280035113762,-0.08972380752981209,-6.283158560240794,-6.282136408465577,6.283185531324506,-648.8056986589539
865.0,5.144674124916684,0.015228971490913215,-0.07704416747839926,-6.283156716751684,-6.282767372101513,6.2831856000107,-649.253936256688
866.0,5.170173790807066,0.015042117741440816,-0.06249500100755954,-6.283172827577647,-6.283013755700516,6.283185537698624,-649.704807321236
867.0,5.195677085771335,0.015133276620583017,-0.04885963195110008,-6.283177356164227,-6.283115082617583,6.283185551736463,-650.1591648919768
868.0,5.221178501666758,0.014982791232513339,-0.03356496229910913,-6.28318249116996,-6.28315584530333,6.283185520046273,-650.6182421606788
869.0,5.24668133149431,0.014916993194307948,-0.017066959352722937,-6.283187176226643,-6.283172223485759,6.283185519119755,-651.0833829832752
870.0,5.272190604716148,0.015045539976785281,-0.0013593224612969991,-6.283189467480084,-6.283178838805656,6.283185548195543,-651.5553204230229
871.0,5.297698913505446,0.014981201922974986,0.015344710242244219,-6.283194087008438,-6.283180815126142,6.283185534482453,-652.0349996205582
872.0,5.321300729512329,0.013378216460162027,0.03145881736493314,-6.283025470580905,-6.283180736762634,6.283185879639812,-652.5221014300002
873.0,5.335898703853612,0.006390163130765799,0.04597104022560695,-6.283085585710239,-6.283127275899382,6.283167455504759,-653.0108458563371
874.0,5.346619833329522,-0.0005678619101552092,0.0606984028267926,-6.283167353106299,-6.282964912154351,6.283097684123865,-653.5010693798175
875.0,5.355995922450104,-0.00460183505307152,0.06937233673669971,-6.2830533148746595,-6.283055653778392,6.283147232531213,-653.9926910728827
876.0,5.3647900522229985,-0.007905841381857924,0.07596827816680564,-6.283059703320799,-6.283035796550177,6.283147170596941,-654.4856515269803
877.0,5.372532216347776,-0.01128672077271094,0.08354147678094216,-6.283157514081134,-6.282905898029598,6.283080194047796,-654.9800304528519
878.0,5.378261140266932,-0.015762902479620356,0.09279973513192685,-6.283289979235924,-6.282670476745796,6.282950209198357,-655.4753414159447
879.0,5.382186911523429,-0.02010688467541425,0.10214165007000948,-6.283353171756026,-6.2823958612450195,6.282796849964248,-655.9714414747169
880.0,5.384931898448672,-0.023607303420043007,0.10994729195031333,-6.283435252394138,-6.282311175346139,6.282757477156354,-656.4681105895539
881.0,5.38745992461547,-0.028009836264269877,0.11960494950343495,-6.283627774356949,-6.282216700375505,6.278287128360476,-656.9652668874126
882.0,5.388971083496671,-0.0325576595577012,0.12778156471811508,-6.284348035838183,-6.281761668002218,6.280243522759661,-657.4621551903609
883.0,5.390773103314807,-0.03491592755120881,0.13466314125670367,-6.2839708412513495,-6.281979754055373,6.2817123718424,-657.9599438530446
884.0,5.392204590187958,-0.03929387096294772,0.14257989439638494,-6.284480765269184,-6.281663620308613,6.282137670421057,-658.457221908751
885.0,5.393718726533179,-0.042507393464871375,0.15074932536985522,-6.284632381398331,-6.281545490384822,6.282310305554042,-658.9554136432033
886.0,5.394761203592044,-0.046725200183019226,0.15795844881666662,-6.284947674240449,-6.281312653894318,6.282311243775318,-659.4531146960734
887.0,5.396468259247921,-0.04962929356858255,0.16630470502174433,-6.284615430415229,-6.281544119570397,6.282448505050366,-659.9517610676007
888.0,5.397453397937999,-0.05385395443505579,0.1733882522248918,-6.284927715731507,-6.281287827229657,6.282353524954482,-660.4498847113385
889.0,5.399313625366511,-0.05681807230184887,0.18176042251097443,-6.2845359170620165,-6.281622996570234,6.282493937465686,-660.9488942754236
890.0,5.400293024466411,-0.06090583945981918,0.18879027614040578,-6.284860796551674,-6.281306600309703,6.282361301414167,-661.4475126644376
891.0,5.40207520784514,-0.06418136116156388,0.19695568840212693,-6.284584569861286,-6.281603086049836,6.282486136718914,-661.9466235252181
892.0,5.403092496388413,-0.0675051673326611,0.20361464551648992,-6.284739824558386,-6.281442953312498,6.282423061344071,-662.4458472477812
893.0,5.403802391192703,-0.06944821043516074,0.2069566909885947,-6.284372524564551,-6.281826903652445,6.282603433303921,-662.9448539102198
894.0,5.405643017287327,-0.07227928113386604,0.2143432110793989,-6.284052532746718,-6.281879409060474,6.282612850649255,-663.4445678097488
895.0,5.406665901912989,-0.07615981394436794,0.22101289421903617,-6.284626745774804,-6.281514829175883,6.282451803616659,-663.9439058417855
896.0,5.408469264528668,-0.07911031009944954,0.22911546524717813,-6.284407076952062,-6.281702265980304,6.282528295233048,-664.4440557667326
897.0,5.40949462823284,-0.0831113017726404,0.23600357778602035,-6.284786657804399,-6.281353318894862,6.282371597738325,-664.9438404987005
898.0,5.411384093355934,-0.08616354218843408,0.2441513910512231,-6.284472716989774,-6.281657449741788,6.282494075655198,-665.4443395641775
899.0,5.412454744381988,-0.0900124928052063,0.25103747545214167,-6.2847687018970415,-6.281333898890642,6.282351928056269,-665.944628583782
900.0,5.414281259779633,-0.09326130689205095,0.2590092269462201,-6.2845173929802485,-6.28161549838024,6.282469115601719,-666.445373543368
901.0,5.415433232589891,-0.09684068101660855,0.2659549637254595,-6.284724887810353,-6.281356727675158,6.282356204142544,-666.9461770138474
902.0,5.416756595608787,-0.10046631587593925,0.27241797934831247,-6.284735954754291,-6.281450578757799,6.276633295688448,-667.4466804601457
903.0,5.418027502630102,-0.10156156292861557,0.27510884716299266,-6.284306321910985,-6.281865905689901,6.279580473729625,-667.9475347390677
904.0,5.4189274916289865,-0.10181134110587756,0.27590383416591163,-6.283893114993446,-6.282229627534434,6.281530551131904,-668.4486500207607
905.0,5.420758687656603,-0.1036680437287595,0.2814563762164247,-6.283619715188763,-6.282287272645231,6.282266056599188,-668.9506188631868
906.0,5.421511734798561,-0.10377282050560149,0.2809537159111814,-6.281591913041933,-6.282954589842252,6.282832855595339,-669.452461805113
907.0,5.4222809892711386,-0.10431258916936703,0.2814765846068756,-6.282595386194866,-6.2829112929287305,6.282949675975312,-669.9542918099826
908.0,5.4231111304903035,-0.10488080534317636,0.282560058421361,-6.283556364664284,-6.282760279124079,6.28295133235697,-670.4562931552274
909.0,5.424338515709462,-0.1032053777773752,0.27890509042074546,-6.281318714344175,-6.283270005605082,6.283171916746982,-670.9585535937299
910.0,5.425382823963129,-0.10205882568381452,0.27637966855720403,-6.28112605014849,-6.283270414048409,6.283177019550755,-671.4610895810658
911.0,5.427426451378028,-0.09899572206800648,0.271120605799507,-6.280297372312144,-6.283344053979057,6.283258772566499,-671.9645504230706
912.0,5.428502974527017,-0.09833050117940952,0.26922153331022725,-6.2810339395540815,-6.283232983521693,6.283189401695713,-672.4682949270584
913.0,5.429342424230493,-0.09819520453242987,0.26837878506721147,-6.281417656784594,-6.283205582565936,6.283159761364967,-672.9720834752382
914.0,5.430578509585787,-0.09664039802506665,0.264772238757522,-6.280299780253268,-6.2833838787047105,6.283263942399557,-673.4761135010574
915.0,5.4316267508541785,-0.0958123304148496,0.2629191970812917,-6.28094663777177,-6.283289394619568,6.283204332831419,-673.9804382383979
916.0,5.432627715216712,-0.0950308964702002,0.26136299685467806,-6.281179838273798,-6.283250725283409,6.28317943542506,-674.4850958183217
917.0,5.433584706767597,-0.09467464694391206,0.260604723549087,-6.281838318095438,-6.283150648395064,6.283136217926608,-674.9900390806956
918.0,5.434480074200426,-0.09521960096632422,0.26168351399941414,-6.2833720385588165,-6.282868864574854,6.2830351319335564,-675.495221093533
919.0,5.435358158081451,-0.09511408813236287,0.2616311969549645,-6.283234376441531,-6.2828648693556985,6.283034645166856,-676.0006857491796
920.0,5.437101017886895,-0.0960456084450223,0.2654079415408527,-6.283194508043037,-6.282669864010029,6.282938107113394,-676.507098376457
921.0,5.437713049023435,-0.0974776690738075,0.26762576526117055,-6.283470027971113,-6.28269334597707,6.282960673597565,-677.0134061224971
922.0,5.438357586006572,-0.09805451054541851,0.26824226419305264,-6.283241697399376,-6.282785855563157,6.283000285216642,-677.519639658033
923.0,5.439179146825316,-0.09876341239508045,0.2694139705385668,-6.283740518830998,-6.282639670292119,6.2829430394125865,-678.0259648494459
924.0,5.440078035382207,-0.09822960310082232,0.2683926757687662,-6.282732377861671,-6.282897054058788,6.283038552388423,-678.5325429237927
925.0,5.4410225808101105,-0.09730994923853353,0.2663899796272328,-6.281866195942393,-6.283096378576415,6.283109721204589,-679.0393605375539
926.0,5.441936259739331,-0.09775111568471546,0.26706722219879436,-6.283350599509299,-6.282848793987033,6.283023924693801,-679.5463708541716
927.0,5.4429692997075785,-0.09886148001656107,0.2691876572310153,-6.283986704518048,-6.2824622640271865,6.282860857381368,-680.0535648932212
928.0,5.44396141982252,-0.09967895780393493,0.271030248465654,-6.2840472169698325,-6.282368425912141,6.282823760039921,-680.5610229234703
929.0,5.444922609200638,-0.09917401713848847,0.27029004631904563,-6.2830208597551485,-6.2827407864306455,6.282975193240754,-681.0688175815558
930.0,5.445816441200173,-0.09905918200998663,0.2700125578925164,-6.28328572245775,-6.282785570209295,6.283000811360271,-681.576854350588
931.0,5.4476164314148905,-0.10045659513586892,0.2746887365378949,-6.283350848151501,-6.282646932553979,6.282929865171601,-682.0858460789784
932.0,5.448486789786871,-0.10325898536608114,0.2792460409908475,-6.284286439966363,-6.282079508859063,6.282685491100439,-682.594581352733
933.0,5.4495031123303,-0.10293817364973049,0.2785237053875905,-6.282488641125216,-6.282753899911146,6.282966434795384,-683.1034955544528
934.0,5.450734609733446,-0.10124714015005992,0.2746646629703646,-6.280731295264098,-6.283339363944281,6.281026742862289,-683.6126613667108
935.0,5.452869799756927,-0.0980361260367497,0.26923115317320934,-6.280178432505384,-6.283340281422375,6.2824523018399425,-684.1229191108196
936.0,5.453984266807615,-0.09674509870894102,0.26561897187339006,-6.279769066598295,-6.283422767780086,6.282986032941185,-684.6333240300057
937.0,5.4549496325374,-0.09644605872276238,0.26442361859680286,-6.280833553669779,-6.283294792042692,6.283085067565921,-685.1438579735967
938.0,5.456191399606096,-0.09492743052104248,0.2610511757739137,-6.280129346712046,-6.2834059343899336,6.283237835462545,-685.6547305259726
939.0,5.457233670939919,-0.09385187925924653,0.25876120072969877,-6.278951987697569,-6.283019617219631,6.283093464415608,-686.1659149936947
940.0,5.459374856554937,-0.09106851017416738,0.25443751461557146,-6.2793052038179695,-6.283310690050973,6.2832246766986195,-686.6782925503873
941.0,5.460562100054488,-0.08984866376933223,0.25063588371111506,-6.279086308134482,-6.283510638266515,6.283316132966965,-687.190707474059
942.0,5.463263533060263,-0.08589077172070397,0.2425676177897164,-6.279120384600576,-6.283451132644469,6.283305815810218,-687.704144638414
943.0,5.465976315077658,-0.08167099747429922,0.23371515656337452,-6.279222430204241,-6.28344473370018,6.283315111259663,-688.218546320723
944.0,5.467223359806258,-0.08053037445588104,0.230434277309566,-6.280438243565436,-6.283294284287113,6.283223139304133,-688.7331653966289
945.0,5.468524537162508,-0.07878204411772602,0.22634986020326694,-6.280014604537434,-6.2834281592190395,6.283275956492052,-689.2480939135709
946.0,5.4696229703750285,-0.0775004625597425,0.22365660974872184,-6.280414535910861,-6.283366566380401,6.283236815520735,-689.7634124021921
947.0,5.470575783035364,-0.07770080105260946,0.22405806022444988,-6.282384053882153,-6.2830584143856845,6.283118191759178,-690.2790629353957
948.0,5.471762248741246,-0.07955737427011675,0.227838052710215,-6.284215338987731,-6.282413977624797,6.2821164051370655,-690.795012766746
949.0,5.473650541851169,-0.08227061029060279,0.23569552681761713,-6.284209827859889,-6.282064137766818,6.282391592218906,-691.3120815176997
950.0,5.474676902054711,-0.0863737661468324,0.24255170431896336,-6.284723006725879,-6.281585190860523,6.282358317951706,-691.8287525952179
951.0,5.475645535643929,-0.08757384505538508,0.24534595539221438,-6.283906758618212,-6.282099273933342,6.2826656429633205,-692.34566427535
952.0,5.476579103232705,-0.08785840997304635,0.24605811162479815,-6.283296139742002,-6.279722834078029,6.282948048357708,-692.8629249353444
953.0,5.477465940668934,-0.08862333737728219,0.24749107545007326,-6.283930907236321,-6.281183991653405,6.282829553785532,-693.3803378484525
954.0,5.478321815370313,-0.08859105437515324,0.24762738555487673,-6.283596040102485,-6.282048813200305,6.282915841685805,-693.8980316118804
955.0,5.480185116014177,-0.08972014656480973,0.25188529504923,-6.283339406331756,-6.282289482503669,6.282870568201887,-694.4167717506942
956.0,5.480801661895459,-0.09163891843199151,0.25495175075837057,-6.283953908940707,-6.282302869222232,6.282838050680131,-694.9353663923965
957.0,5.4815667775693395,-0.0915243401834671,0.25425495874696336,-6.282522090547381,-6.282815527220592,6.283019674267562,-695.4539800661067
958.0,5.482878920687969,-0.08970270922161196,0.249814793299637,-6.280795215370544,-6.28336138946413,6.283242050682785,-695.972813771533
959.0,5.483916251693156,-0.08912152040868429,0.24842345289938128,-6.281850040798882,-6.2831826737313765,6.283161421164239,-696.4919713383935
960.0,5.4855192345095585,-0.0903203345710418,0.2529605114818765,-6.282852921664058,-6.28303276353622,6.2830876594650285,-697.0122256456474
961.0,5.4861399338007875,-0.09078455105440003,0.25312328409009416,-6.2817207095139205,-6.283208150914675,6.283151682995274,-697.5323668026107
962.0,5.486910924363748,-0.09082740371731067,0.2526768613811477,-6.2817467507345235,-6.283193363000052,6.283149213587059,-698.0525650631398
963.0,5.487820099795373,-0.09027227761351889,0.2513645839574011,-6.281477874555085,-6.283215130258901,6.2831642016047775,-698.5730120010004
964.0,5.488909460813333,-0.09153519551577706,0.25340583992205695,-6.282425349721337,-6.282557533837389,6.282897550274314,-699.0935934734043
965.0,5.490060193913151,-0.09320707645683367,0.25717202470459455,-6.284056306654326,-6.282272406853887,6.28277519475242,-699.6145820614992
966.0,5.490974930040702,-0.0940378931270919,0.2591743571939844,-6.2840595560803845,-6.282339264092154,6.28281712716662,-700.1358912923562
967.0,5.49196200343658,-0.09323891774944802,0.25766268933473285,-6.28255265382821,-6.282839529850055,6.283014843312166,-700.6575346022471
968.0,5.493094470469681,-0.09164632923810062,0.2541219197900093,-6.281132387570035,-6.283243850685912,6.283172177779697,-701.1794922580392
969.0,5.494061508230309,-0.0917795368897388,0.2541611997964906,-6.282767532024708,-6.28297876846103,6.283079789332695,-701.7017280864693
970.0,5.495679495197018,-0.09283515581669023,0.25853827463014567,-6.283264840609383,-6.282817824118062,6.283005860692756,-702.2250996412847
971.0,5.496245080364596,-0.09371175188323806,0.259497376343435,-6.282504363051464,-6.28298009306738,6.283069247833541,-702.7483306639847
972.0,5.496997964375553,-0.09347963037347942,0.25844062031640636,-6.2816458429344655,-6.283170855177119,6.283139146135682,-703.2715896662709
973.0,5.497842572798852,-0.0938980532751432,0.25899178014831464,-6.282874548271097,-6.282978431939516,6.283076625486058,-703.7950322616858
974.0,5.4987030397731145,-0.09459514249500725,0.2603971621678938,-6.283815400557771,-6.282726184150837,6.282981543042519,-704.318731253291
975.0,5.499598958701191,-0.09415596338969894,0.25963988145827915,-6.282938799287658,-6.282910246736143,6.283050759758941,-704.842754256948
976.0,5.500532661787649,-0.0932866724538663,0.25776931193746533,-6.28205989466063,-6.283091895481781,6.283114790934385,-705.3670712651198
977.0,5.502784892387319,-0.0898554235585399,0.2514894156041873,-6.280691003511219,-6.283405299939167,6.283269012766271,-705.8924343083851
978.0,5.503885391835673,-0.0896035557544552,0.2502062331054955,-6.282075469308976,-6.2831201103049485,6.28313980721863,-706.4180680122998
979.0,5.504752718955135,-0.0893667054592597,0.2493882851372331,-6.282153062371858,-6.28311179100853,6.283129835095236,-706.9438894175855
980.0,5.506121171523774,-0.08746653601285305,0.24495022196183908,-6.280668336101969,-6.283476318036286,6.283282131530469,-707.470048891416
981.0,5.507787985711174,-0.08727633304515449,0.24634976558606633,-6.281589350339902,-6.283182536046874,6.283162927482209,-707.9973505915619
982.0,5.508438777107455,-0.08764552086493194,0.2462467132963788,-6.281313832343346,-6.28323680448705,6.283176580453673,-708.5245758330057
983.0,5.509293424987326,-0.08720768863952068,0.24491602833663537,-6.280961426804278,-6.283280416589811,6.283199232393919,-709.0519527845115
984.0,5.510225357391778,-0.0867310014024825,0.24372271769202092,-6.281241096914714,-6.283255388138279,6.283184873538328,-709.5796044436169
985.0,5.511471430779625,-0.08868854344099074,0.24744679077498932,-6.283659601678629,-6.279919206048819,6.282965595931998,-710.1076157403817
986.0,5.512507629022937,-0.09032107353155142,0.2509093232169792,-6.284230909848145,-6.280191779337477,6.282772347722036,-710.6359199699957
987.0,5.513395728642909,-0.09094143901683718,0.2525305016567666,-6.284067143068833,-6.2814365430893035,6.282798708282927,-711.1645394963582
988.0,5.514350213887133,-0.09192514119087686,0.25446794620247076,-6.284127592994066,-6.281842904918731,6.282762896967271,-711.693376673556
989.0,5.515628200851079,-0.09359579495352378,0.2579038655988083,-6.284243596301262,-6.2818181904776305,6.282644679421344,-712.2225296830555
990.0,5.5165441807811755,-0.09406377140998265,0.2593090218604774,-6.28392202599013,-6.282230058484016,6.282801430975909,-712.7520733040643
991.0,5.5183300737467285,-0.09560448518053226,0.2643879734647435,-6.283496492181078,-6.28234852135565,6.282827277022665,-713.2826611630973
992.0,5.519463240391102,-0.09966774129689854,0.270939016690817,-6.284485760697725,-6.281733653047935,6.282546031248827,-713.81291617318
993.0,5.520926329865144,-0.10270323549491132,0.2774310535356651,-6.284683621657665,-6.281553710671936,6.282450895203273,-714.3435259624322
994.0,5.52282157328637,-0.10483005184967441,0.2844026827023514,-6.283270423901389,-6.2819828740350125,6.28263399167962,-714.8753538363175
995.0,5.523360849567594,-0.10706493055633512,0.28810893979422786,-6.283873200407871,-6.282187120684391,6.282746317434483,-715.4069915815846
996.0,5.524024691450435,-0.10754275400622498,0.2886549088665677,-6.283099361609278,-6.282624620506691,6.282930176157543,-715.9386391805921
997.0,5.524804867499105,-0.10799872349510474,0.28935014587013286,-6.283564424558314,-6.282669224129267,6.282961172138624,-716.4704567517341
998.0,5.526090080478808,-0.10625588621779607,0.2853856468054778,-6.281280660519308,-6.283258688867567,6.283190338595804,-717.0026164735275
999.0,5.528194702945209,-0.10307449733651132,0.2800632651980934,-6.2804373757253815,-6.283312803853785,6.283215674392311,-717.0026164735275
