time,shoulder link,upper arm link,forearm link,wrist1 link,wrist2 link,wrist3 link,total_reward
0.0,-3.9066239260854966e-05,6.207772979257069e-05,-1.2013307376317658e-05,-7.475891484456007e-06,-1.53769896937172e-05,-2.7712293862900152e-08,-0.9111607981031667
1.0,-0.00392140041169379,0.004583966560200086,-0.005035052703026047,-0.011102726960904181,-0.00941683064985257,-0.00827556907850742,-1.821080121956597
2.0,-0.008648770209442554,0.008463650147721552,-0.010736290547063642,-0.026790716471725217,-0.024359000769780224,-0.022735781719363735,-2.7288331832123784
3.0,-0.016924840697509755,0.01071813864839597,-0.014420087467757048,-0.03611314276151963,-0.04054132250363139,-0.030476484270191173,-3.631971512699662
4.0,-0.029036917814649642,0.01255926496761224,-0.021077771247022904,-0.04839227083432666,-0.05488840666844588,-0.03690976065368733,-4.5277951814841355
5.0,-0.0437032086333053,0.013788638881976205,-0.03141278820326476,-0.06451752050793545,-0.07184781508782145,-0.04950828639900009,-5.413987504274552
6.0,-0.05628193897862354,0.014449985326195682,-0.04464844859921842,-0.07053432469695306,-0.08766937861758532,-0.06455005666270212,-6.290548520494024
7.0,-0.06837828826429795,0.014677165790073988,-0.058384107718103984,-0.07885916371907657,-0.10526232558467798,-0.08047723176502204,-7.157573938633766
8.0,-0.07913913114749224,0.014917291131188674,-0.07379092731240662,-0.09329964267939665,-0.11223086267243687,-0.09754272757021197,-8.015982142641542
9.0,-0.09150686706604103,0.015025644136770502,-0.09036045109672754,-0.11034913786111811,-0.12619732725830674,-0.11567387765983349,-8.86453157164884
10.0,-0.10472018758946844,0.015053275711213973,-0.10769286668602591,-0.1284874289476684,-0.14305936560222965,-0.13425580063519416,-9.702328136850351
11.0,-0.11773182657904117,0.015044585795765321,-0.1255362012243672,-0.14706676261853124,-0.16093424022634648,-0.1530243245728981,-10.529267647099271
12.0,-0.13115171634942888,0.0150234090716548,-0.14372239492619457,-0.16582400130327438,-0.17940903708451206,-0.17186998695931863,-11.344977120765309
13.0,-0.1452904348576482,0.01451120615273069,-0.1567607433252604,-0.17953327494256255,-0.19459803828495462,-0.1907475600838206,-12.149596148785504
14.0,-0.1574422471736895,0.01477226788629657,-0.1715035612843478,-0.19009197322033944,-0.2119063676953543,-0.2096381204443681,-12.944057098821657
15.0,-0.16544198700579416,0.014830521704476969,-0.18603160126376841,-0.20543755631669597,-0.23014894537196665,-0.22853425304391975,-13.73078247345867
16.0,-0.17513093684803785,0.014983496802654218,-0.20196620440229526,-0.22077149189374368,-0.24878030834823273,-0.23990846606803268,-14.508776604406563
17.0,-0.18807132595842452,0.014216532293653768,-0.209170233807351,-0.23819259206836846,-0.2675666744351591,-0.25526304319547516,-15.27719820935987
18.0,-0.20325765594471124,0.014221510417585412,-0.21370811829507075,-0.25481933559600345,-0.2864217985577656,-0.27268906292192163,-16.03546626143397
19.0,-0.2198581748071671,0.014891434873690596,-0.2227344857680391,-0.27217632989958884,-0.30530609320925284,-0.28460212205104707,-16.782192161084986
20.0,-0.23733580274844346,0.015236684153286417,-0.2350639016236218,-0.28974596347787585,-0.3215029947280335,-0.3005068391083253,-17.51610149121555
21.0,-0.25353528325736757,0.015341483577032524,-0.24961262907924575,-0.3072589035445115,-0.33923981025067135,-0.31816577001564944,-18.237242033682215
22.0,-0.26994985421642625,0.015310853654212489,-0.26564275276564003,-0.3216053642893847,-0.3576594679070927,-0.3331541862877169,-18.945085179585316
23.0,-0.287224773802626,0.015262012795880376,-0.2826068685006578,-0.33854844963251485,-0.3760147661516148,-0.35037908132960166,-19.638887639145953
24.0,-0.3029548328908692,0.01454422809148598,-0.2930315971350428,-0.3524089441297516,-0.39468166658474735,-0.3672693342541191,-20.320323992129808
25.0,-0.31523814158735125,0.014889135142065227,-0.305933141016833,-0.36910306394760367,-0.4134902663359231,-0.3838821826959894,-20.991484877798154
26.0,-0.3258703403068321,0.015091146084416498,-0.3208349418933746,-0.38708154668513056,-0.43235239004849196,-0.4018116529976472,-21.65297776305992
27.0,-0.33839044763195303,0.01497984163038709,-0.33524308280988224,-0.4055991704875414,-0.4512354467979844,-0.42030983687152407,-22.303676190609323
28.0,-0.35079629723369365,0.014630191800145574,-0.34626681225746275,-0.42130323867915886,-0.4701285396265665,-0.43904371642956375,-22.944005658480858
29.0,-0.36459001369052607,0.01488621633916723,-0.35922851990205407,-0.43878855738177375,-0.4890278481121601,-0.4558428078071613,-23.573126053585696
30.0,-0.3802253364552438,0.015064366559345174,-0.37415120522052653,-0.4570942797792811,-0.5075063460347112,-0.47383960286951543,-24.18942196886287
31.0,-0.39709723467568825,0.0150514002550485,-0.39002997730734934,-0.47138201161054544,-0.5257785949001975,-0.49236529349661334,-24.79173321920162
32.0,-0.41471514593567554,0.014606196564775988,-0.4015422761179906,-0.4883169487865719,-0.5444102475039556,-0.5111105538108949,-25.380264432464237
33.0,-0.4308921656472134,0.014778672943420125,-0.4140839952076257,-0.5063747785816151,-0.56320307966158,-0.5272712614390316,-25.955881640333658
34.0,-0.44631082384221477,0.014988024045339516,-0.42869704557407606,-0.5249043558816595,-0.5820587365351726,-0.5411759830982986,-26.518641553311443
35.0,-0.4594889609202876,0.014350754819417028,-0.4427469435919685,-0.543658597196053,-0.5945508152755774,-0.5556790905490507,-27.069653651436628
36.0,-0.4734424171560306,0.012726229153199601,-0.4549665554425916,-0.5624923832396885,-0.6056149081155751,-0.5727209851428606,-27.6085631743701
37.0,-0.48756819681363517,0.013072443868292484,-0.46952306178492464,-0.5813780743992372,-0.6211898836454643,-0.5885225497347398,-28.135349063202735
38.0,-0.5007867946753185,0.013392597834573363,-0.48094485369375917,-0.5988329100508655,-0.6387168480937823,-0.6060301351586997,-28.651166293391775
39.0,-0.5139838234558879,0.014087113095019334,-0.49464835504432547,-0.6170587045264714,-0.6556988995858264,-0.6138923848887505,-29.155755624102362
40.0,-0.5276932916402631,0.01445080095133798,-0.510116829806026,-0.6308108463740525,-0.6737826908996514,-0.621738148338143,-29.64818778033128
41.0,-0.5428719000919906,0.014596636256584621,-0.526756541781027,-0.6385623870975913,-0.6923444173590593,-0.6359816074371736,-30.127208030178124
42.0,-0.5575879299818427,0.013541383406961625,-0.5439735134376451,-0.6527759832125345,-0.7111088705254962,-0.6529542333552958,-30.592281057515528
43.0,-0.5700586425201607,0.013479676551234554,-0.5620775961492325,-0.6596103458811946,-0.723256971998931,-0.6658731107802295,-31.045010650044883
44.0,-0.5835843011181688,0.013768831093140225,-0.5788021511177971,-0.6734578274666709,-0.7392642548247231,-0.682211931032579,-31.48529924782487
45.0,-0.5976224081889221,0.014124002166023473,-0.5961480471736312,-0.690264938589566,-0.7569712134364154,-0.6910964354325797,-31.912565104205097
46.0,-0.6128999046603709,0.014291593488432045,-0.6140325721702163,-0.7052537606090816,-0.775376649512963,-0.7058049567169272,-32.32586639243366
47.0,-0.6294921266689523,0.014361798155952081,-0.6318626631448393,-0.7224843599557563,-0.7911233891596519,-0.7124500092213627,-32.72438162063175
48.0,-0.6469313137645756,0.014167554661753979,-0.6471330198292301,-0.7407078476934432,-0.8086689569631205,-0.7177296556600735,-33.10801332797132
49.0,-0.6632704518958944,0.014313621420081864,-0.663485974656253,-0.7545362000087802,-0.8270129921174235,-0.719932189527639,-33.477298925380744
50.0,-0.6759065574655062,0.014180677162402072,-0.6779667963564902,-0.7653916824612026,-0.8453870373902647,-0.7287383668457301,-33.834649035252895
51.0,-0.6884114943547587,0.014300736319289867,-0.6938442553621367,-0.7702925134330268,-0.8621607541836473,-0.7403801472739826,-34.18024965254552
52.0,-0.701161655469662,0.01184616350187302,-0.7087994386308577,-0.7833262816058506,-0.8801533096635955,-0.7562263396744745,-34.512785684141676
53.0,-0.7119527590263626,0.007119076740585329,-0.7251056832575312,-0.7989061540450507,-0.8986794806587834,-0.7542957709429707,-34.831728211295236
54.0,-0.7241070355734527,-0.002013592175263431,-0.7405566696696977,-0.8163814177023009,-0.9174201866743391,-0.7587788026383105,-35.13455904150896
55.0,-0.7385780933629785,-0.011721407690590303,-0.7568759058827648,-0.8311257632755962,-0.936249938795867,-0.7596980547612296,-35.41942890011029
56.0,-0.7547274093647365,-0.023612967948165746,-0.7737304327269202,-0.8474978616915186,-0.9551253929181993,-0.7641911793005749,-35.684384142831014
57.0,-0.7718942740729906,-0.03798844142370349,-0.7889484016614683,-0.8591947901190006,-0.9740136933246367,-0.7770709907846042,-35.92835202848515
58.0,-0.7897065732372652,-0.053578500325930964,-0.8025002432177288,-0.8725632143611542,-0.987635012648356,-0.7823851546515569,-36.151329884980036
59.0,-0.8079373847915879,-0.06966628531737949,-0.8165938196155151,-0.8891242299022291,-1.0042640536844318,-0.7926443391135206,-36.35308019162237
60.0,-0.8237369441041419,-0.08532070341993911,-0.8325094159380145,-0.9040101444922389,-1.0222263639613185,-0.7913327341891246,-36.53533802561576
61.0,-0.8397771877948286,-0.10099686343345318,-0.8492580413307191,-0.9188781152499705,-1.0407356840165973,-0.79990109082293,-36.698980691179464
62.0,-0.8543516362081051,-0.11729693717205888,-0.8667219158777711,-0.9360677616057812,-1.0594781132716067,-0.7999414876969476,-36.84604347806012
63.0,-0.8692027586323618,-0.13430426512994179,-0.8847683056687262,-0.9461223686875818,-1.0783079901657409,-0.802588555007226,-36.97844071823693
64.0,-0.8853467156527293,-0.15143018823606774,-0.9031840159194668,-0.9591973818229387,-1.0971778817104554,-0.8147373053622158,-37.09857708203634
65.0,-0.8979988362258555,-0.1673298663406307,-0.9219718058028719,-0.9742874603955842,-1.1160695661054296,-0.8283785943582099,-37.21252442001233
66.0,-0.9065319831652017,-0.18302001730680792,-0.9405568379503602,-0.9915258915332612,-1.1349664537078288,-0.8309731057389613,-37.32714981357267
67.0,-0.908244874052357,-0.1997842599697555,-0.9563919783027302,-1.0049868085887417,-1.1538663377135265,-0.8389533210079683,-37.44956531773012
68.0,-0.9029747327282948,-0.21656278124375591,-0.9731389810581933,-1.0215275274957443,-1.1668885332319936,-0.8497959596948116,-37.58670447804782
69.0,-0.8927147387842841,-0.23437650950285271,-0.986219924414564,-1.0395008750049781,-1.183049889069454,-0.8653039571663022,-37.742149336627314
70.0,-0.8855782881990132,-0.25217310472183274,-1.001207333215221,-1.050385545089208,-1.1978684678930012,-0.8828001392683258,-37.9154824395246
71.0,-0.8770174184601517,-0.27081479717797585,-1.0112430641058645,-1.0564073721474563,-1.2150386714100276,-0.8993588200957308,-38.10635141118134
72.0,-0.865522674366365,-0.28851000863491,-1.0239361614306508,-1.068503720577574,-1.2299245045749079,-0.9172607805942238,-38.31712422281818
73.0,-0.8514000245181551,-0.3056391655557747,-1.0387126035059004,-1.0804912067071148,-1.2462189672428183,-0.935747436540191,-38.54933435244497
74.0,-0.8355292864869449,-0.3203465629085847,-1.0541408810868678,-1.09015674425291,-1.259313057935912,-0.9544765403642478,-38.80233896323611
75.0,-0.8194636118209911,-0.3342096012098372,-1.0660913563442742,-1.0975009522737942,-1.2757313915363626,-0.972831946526219,-39.074109828853445
76.0,-0.804977550768628,-0.34903297884359824,-1.0789631453280262,-1.0892808746460556,-1.2936059003426463,-0.983848856821903,-39.36301303363781
77.0,-0.7989821867027973,-0.3650907423989471,-1.0938857906394952,-1.0858937362351855,-1.3111938033737394,-0.9795052571322369,-39.668080626275895
78.0,-0.7998458192865597,-0.37718343441226615,-1.107779578401486,-1.0888493126805017,-1.3194091246525967,-0.9888787577408924,-39.985661251209336
79.0,-0.806435036726667,-0.3880012665769797,-1.1228132178216745,-1.0908188953260722,-1.3294618286709763,-1.001561653223721,-40.31308855097657
80.0,-0.8171406620515149,-0.3983892902154311,-1.133565371062199,-1.0818342888988124,-1.3446317590327495,-1.0178526926680804,-40.646340472540864
81.0,-0.8239284210134599,-0.40564992835075986,-1.1433231098489767,-1.0705674983491258,-1.3572923491210718,-1.0346488305004946,-40.98398328089041
82.0,-0.827411462603048,-0.40948250084126875,-1.1518875306870358,-1.05834917377969,-1.373530499582041,-1.0526616241297535,-41.32400641431875
83.0,-0.8303337414564055,-0.4135081247233962,-1.1547510976937205,-1.0439539378513996,-1.3843905996640684,-1.0700065538644907,-41.6648248704462
84.0,-0.8337635178443847,-0.4132372979407399,-1.156020874415991,-1.0296162964447957,-1.399874185622863,-1.088243418507146,-42.002676859178976
85.0,-0.8362353141133604,-0.41147995692830486,-1.1568322420566408,-1.0125489541305663,-1.4041366544892073,-1.1068687255366811,-42.33655486006448
86.0,-0.8347168685377444,-0.4120074529795005,-1.1585707319539096,-0.9979525063395109,-1.4151038927411195,-1.1256551450523886,-42.66927024204498
87.0,-0.8318379344086498,-0.4131815230286733,-1.163456668081422,-0.9831264142157428,-1.4306903888578737,-1.1445082567586342,-43.002630564602704
88.0,-0.8274946650139208,-0.41092116517450294,-1.1716010634113612,-0.9718484041408092,-1.4482209772235972,-1.1633889093845555,-43.336119220706536
89.0,-0.8263601520554175,-0.4040886763779367,-1.179194285003504,-0.9592438984578113,-1.4650937311034684,-1.1822809798883651,-43.6655182389459
90.0,-0.8289585938950472,-0.39536143496643616,-1.1862699350436936,-0.950271495282541,-1.4673906566143917,-1.2011777043462055,-43.989176487240336
91.0,-0.8329203563051754,-0.3873331440335658,-1.1947303178881052,-0.9437757571329456,-1.4770339984401004,-1.2061733299193154,-44.30757559095
92.0,-0.8369835443461405,-0.382616856132214,-1.2064600488188297,-0.9300083958349799,-1.4920708346545921,-1.219372604298963,-44.623023926908374
93.0,-0.839850369995482,-0.38027829098883076,-1.2207181037381745,-0.9132591503231733,-1.5093755714000994,-1.2299782349419455,-44.93808611806184
94.0,-0.8448624521589315,-0.380683857344094,-1.2340245160238463,-0.8981419090519285,-1.527613120265177,-1.240116380930746,-45.25421832115192
95.0,-0.8428565921404676,-0.38273283556519716,-1.2490423495236895,-0.8808294523028458,-1.5444737751797935,-1.2469746756637263,-45.57459814042412
96.0,-0.8418401537722998,-0.39022602527381084,-1.2627300452055057,-0.8637470279455355,-1.561693314722788,-1.2608467139327189,-45.90256009992585
97.0,-0.8399210322792169,-0.3977834745907287,-1.2784231177338166,-0.8507528661893152,-1.5705022256514343,-1.2724429425792951,-46.23988868806969
98.0,-0.8378628081035797,-0.405322944089608,-1.2951928450531274,-0.8395910011408365,-1.5649528628958969,-1.2877071053572948,-46.58752463428276
99.0,-0.842212055518481,-0.41375641036121236,-1.3112584880909022,-0.8240039678581705,-1.573814546264817,-1.3050927492546394,-46.94368193273988
100.0,-0.8514861290505162,-0.4185133623056012,-1.326545320535624,-0.8065254085240098,-1.588573395157647,-1.323366423892721,-47.3043120131109
101.0,-0.8632254140303129,-0.41567910341297704,-1.3430878685943082,-0.793989135531247,-1.605335907948983,-1.3420074990167508,-47.66463983822238
102.0,-0.8749896597887654,-0.4114298332211607,-1.3585843003349927,-0.7803042866996849,-1.6220195404816242,-1.3608004648307297,-48.023127886057836
103.0,-0.879322804226559,-0.40285109159746224,-1.374217277967305,-0.7708560441851445,-1.6399857682357766,-1.3690744779672086,-48.378734280987146
104.0,-0.8829034133410145,-0.39546807457082256,-1.3906202990592305,-0.7558570803101121,-1.6565486164929522,-1.3752597185403144,-48.732007700504255
105.0,-0.888402430700217,-0.3905284387834395,-1.4078987090567088,-0.7385724256574533,-1.6728274259695604,-1.388854190892806,-49.08455088972591
106.0,-0.8940072311820348,-0.3855560170685297,-1.4254757706320529,-0.7261728558945145,-1.690618256667335,-1.401913357233292,-49.43715272760287
107.0,-0.8996325317377764,-0.3843774535971753,-1.4432641643017619,-0.7111122302323382,-1.709059323543625,-1.4183364894720647,-49.79223109929289
108.0,-0.9007033041844356,-0.3837839957551502,-1.4603625413698622,-0.7030723607177213,-1.7277730006149716,-1.4301479354197038,-50.151581631393846
109.0,-0.901815858432888,-0.3830087921607132,-1.474289599779845,-0.6887373326730624,-1.7465919226886113,-1.4460139691757434,-50.51354597224005
110.0,-0.9044921202709266,-0.37692584028713116,-1.4859261453140078,-0.6736182867186488,-1.7610948943045088,-1.4636570003328497,-50.87358454554482
111.0,-0.9092748742403255,-0.3741395209606284,-1.4992172656844882,-0.6666549889379462,-1.7781006539651016,-1.4820373805099711,-51.23466348291831
112.0,-0.9102923154735635,-0.3734996197047532,-1.5088468254427285,-0.6558974472963747,-1.7962229121113837,-1.5007225082725935,-51.59752322611665
113.0,-0.913928977888396,-0.37000671346162206,-1.521370024648317,-0.6435571963182006,-1.8091087476284877,-1.5120188676644484,-51.960727408376265
114.0,-0.911128304173655,-0.3644302797155206,-1.5358364374263207,-0.6315359657708054,-1.8210390077546106,-1.5257591222997307,-52.3241397212477
115.0,-0.9101640309897723,-0.35659890942076256,-1.548018129109557,-0.6156073868106575,-1.8323242287693398,-1.5386216410491407,-52.685151140481075
116.0,-0.9119180221774746,-0.3542536388032028,-1.5557184108046855,-0.6061958214050697,-1.8470746418019937,-1.549164601167348,-53.046085613551746
117.0,-0.9162879028494983,-0.3542041883816561,-1.561146240476244,-0.5920150169102865,-1.8642460810621078,-1.5645090287706829,-53.407376160783606
118.0,-0.9183761489981032,-0.3548178878476843,-1.5647024937495695,-0.5787763878960991,-1.882435050621166,-1.574089822045078,-53.76923053944522
119.0,-0.9211029482579713,-0.35463977142139924,-1.5671932448524497,-0.5662532897124513,-1.9010391643244573,-1.5855360386225252,-54.13095048180633
120.0,-0.9213883339061782,-0.3488120532317887,-1.5690204145793876,-0.5565259070965295,-1.9122020239490227,-1.6012924344486148,-54.489021299989766
121.0,-0.9262225186394868,-0.3423741356739785,-1.5699969663570688,-0.5513276362069738,-1.9181380122437721,-1.617371277686075,-54.84242777306395
122.0,-0.930941448704641,-0.3337930581879002,-1.5707191681669033,-0.5427213700715243,-1.931658133203842,-1.631096431783298,-55.189772587102304
123.0,-0.9368608723813553,-0.3271510374352761,-1.57095016646457,-0.5406853448555735,-1.9483328621527316,-1.6406963336710978,-55.53266557482482
124.0,-0.9363643958376556,-0.321309762146596,-1.5711144159999848,-0.5477800905536515,-1.9663193664239376,-1.6556684998065143,-55.87302928749123
125.0,-0.9379815026105919,-0.31712193002230044,-1.5713170699793586,-0.5507013632656618,-1.984369804097653,-1.6703258623537165,-56.211571555114844
126.0,-0.938265603293816,-0.3142500181314489,-1.5713753750973827,-0.5603306239017495,-2.0029133912646375,-1.6874272274666433,-56.54980156056546
127.0,-0.9331979476441588,-0.3097881627152327,-1.5715693927428134,-0.5615030123108048,-2.021669541681835,-1.696931305964791,-56.886488794590136
128.0,-0.9328536821573253,-0.30640468363839096,-1.5709174731079953,-0.5636202512050996,-2.040501100184363,-1.7114564702246295,-57.22179251714782
129.0,-0.9313382240835152,-0.3023234455325161,-1.5711683147888498,-0.5690137216219279,-2.0587173680955693,-1.7267820251781203,-57.55592801377442
130.0,-0.9307282499340105,-0.29400111653780553,-1.571582221978954,-0.5730398234469215,-2.0745804535181276,-1.7441741059500389,-57.886070022213694
131.0,-0.9323256478903253,-0.28349319551339636,-1.5717045026270968,-0.5693951733823116,-2.086191692402138,-1.753020351518429,-58.20959248984677
132.0,-0.9332562432370471,-0.270162971603949,-1.5717382584315331,-0.5761151518306895,-2.101978429115096,-1.766544417486739,-58.525743586934404
133.0,-0.9286885378583614,-0.26100307326007927,-1.5713875565023139,-0.5719780280028921,-2.11959050040118,-1.780174654533425,-58.83635206202117
134.0,-0.924170550591568,-0.2522504681068041,-1.5714506988073835,-0.573626487803781,-2.132845401782401,-1.793351733748239,-59.14229676506279
135.0,-0.9187173512658645,-0.24504459552335578,-1.5713356655511703,-0.5844503958393618,-2.142052035781153,-1.8097065857875223,-59.44501370991883
136.0,-0.9149540779509046,-0.23668367405560026,-1.5715275485171825,-0.5778546834067239,-2.150405361369919,-1.8275507150807055,-59.74252556464245
137.0,-0.915579169373226,-0.23313583065863047,-1.5712573118420188,-0.5728660524198553,-2.15680088269632,-1.8377126518427267,-60.037318872670596
138.0,-0.9189040095662949,-0.22975605889939543,-1.5713525079909072,-0.5802336103386276,-2.1704841914194675,-1.8437896599939543,-60.33116641609101
139.0,-0.9195235801789715,-0.22875919257301808,-1.5712081479384639,-0.5893629271004351,-2.1829870588197213,-1.857354799847487,-60.62567156185585
140.0,-0.9217854048666663,-0.23079296143349287,-1.5711780525770613,-0.603234837862884,-2.1970993998978727,-1.8710911658450318,-60.923362354229525
141.0,-0.9192456072006825,-0.230597518128357,-1.571380537741627,-0.6097813717135547,-2.2046720491425944,-1.8878058828873057,-61.222266345369206
142.0,-0.9157350119497163,-0.22468701877774813,-1.571495723673648,-0.6154637670980306,-2.2131016545310027,-1.9037580605520659,-61.518667318290625
143.0,-0.9082527561785355,-0.21930450174660954,-1.5713071222007036,-0.6240198487801244,-2.2275736146334344,-1.9196276549996036,-61.813257070031746
144.0,-0.900971653038842,-0.21828848939225245,-1.571135611555661,-0.6360085173899539,-2.2446395361899283,-1.9356152823454436,-62.109376069973386
145.0,-0.8983361747119986,-0.21289420646032672,-1.5715587288189132,-0.6468563599527857,-2.2627875418991086,-1.9530241904049341,-62.40456015596292
146.0,-0.8961404046962897,-0.20686954010801248,-1.57146029647703,-0.6561411438826648,-2.281375048965702,-1.9648676881941862,-62.69782851414107
147.0,-0.8917066939894247,-0.20806810946293647,-1.57104130286953,-0.6605669503225029,-2.300141817407809,-1.980745063063337,-62.99330488207621
148.0,-0.8863132832609043,-0.20698173335206557,-1.5713487610932881,-0.6655276854700064,-2.3189944388129855,-1.9983925661961208,-63.29031436578426
149.0,-0.8869294926789619,-0.20552254601918504,-1.5713864392779517,-0.6785639033274894,-2.3326723446218165,-2.016016467735247,-63.588464971219956
150.0,-0.8878995976082931,-0.20789063190497717,-1.5711769393082218,-0.6933514987289813,-2.344079575555473,-2.0299414910507267,-63.89010325626216
151.0,-0.8878503132231974,-0.20888643647357763,-1.5713574378078856,-0.7096840974580227,-2.359799049605114,-2.0463170248436655,-64.19523981649071
152.0,-0.88684048269415,-0.21008238845857188,-1.571332466288903,-0.7274731876249293,-2.370922627919479,-2.059354927897229,-64.50372522508214
153.0,-0.8892476015183635,-0.21319831420172194,-1.5713499227349326,-0.7361832412824157,-2.3760845321285555,-2.074596515626081,-64.81546667034893
154.0,-0.8920403959891711,-0.2193556943837045,-1.5712559661205145,-0.7373620068304183,-2.389296358245246,-2.0892992445470417,-65.13224425703201
155.0,-0.8930531928374547,-0.22104428767024123,-1.571558694975615,-0.7440707485227689,-2.4058544673540907,-2.098429270399122,-65.45236606966381
156.0,-0.8878838918330418,-0.21920641564165225,-1.5715905745520171,-0.7498950417225614,-2.423786638232269,-2.1037805577437103,-65.77347018186784
157.0,-0.8817997666852637,-0.21776895247918246,-1.5715069547041312,-0.7530921625975705,-2.4422165382125782,-2.1070980164486053,-66.0954953801552
158.0,-0.871735491376668,-0.21448934614797924,-1.5715259829609447,-0.7605756417953791,-2.460924863175055,-2.1120557957045754,-66.41794217723546
159.0,-0.8645553169190917,-0.21252510687672102,-1.5714660172424215,-0.7628334980095757,-2.4797390437371436,-2.1240360606380966,-66.74100853957005
160.0,-0.855826283956576,-0.21528597129204072,-1.5711849330299243,-0.7687326313793971,-2.488172356050063,-2.1386443681617857,-67.06732897040392
161.0,-0.8533936447036911,-0.219375171433947,-1.5713321246894725,-0.780630441731061,-2.502721141776113,-2.15574545612042,-67.39893481766235
162.0,-0.8539084139126895,-0.22040975973427898,-1.5715833701956416,-0.7902336795286373,-2.5198309839306865,-2.1739009948889754,-67.73380652939227
163.0,-0.8529779708831174,-0.21898775197053874,-1.5716523502307795,-0.7895966288361439,-2.5317378296288644,-2.1924931267443037,-68.06880746113943
164.0,-0.8556435614388311,-0.21989531570842072,-1.5714718790280817,-0.7958271235377163,-2.5369737687984375,-2.2112660213741435,-68.40518752869738
165.0,-0.8549560850484577,-0.22207847382738335,-1.571412123536585,-0.7950352627367154,-2.550225313181403,-2.2301132801178465,-68.74402806467553
166.0,-0.8574202696789588,-0.2232869384883447,-1.571511202891805,-0.8058978559918605,-2.566790581868916,-2.2407986228822123,-69.08612752100602
167.0,-0.8554545057367291,-0.223345753637588,-1.5714883382911373,-0.8205495787263744,-2.5847306942033614,-2.249487395105638,-69.43137124041161
168.0,-0.852276864719422,-0.2267772523717004,-1.5713097012329278,-0.837298535171888,-2.599983050083007,-2.26112657359395,-69.78191215085906
169.0,-0.85211528710461,-0.22816893098347776,-1.5716051347042292,-0.8476704296475203,-2.6173266879046726,-2.2697072962530878,-70.13625083841482
170.0,-0.8537030545688764,-0.2286900035893781,-1.571621190494518,-0.8547505201667822,-2.635580581887339,-2.284265183873373,-70.4932379337125
171.0,-0.8557878960200889,-0.2344073010673981,-1.571319143397511,-0.8636800087060795,-2.653012580565418,-2.2970499916305327,-70.8561780055268
172.0,-0.8520896427786951,-0.2391799369236824,-1.5714394479942395,-0.8784728581587523,-2.670855027822133,-2.3092615751693835,-71.2257280792772
173.0,-0.8507615261425627,-0.2464424510866915,-1.571414195135885,-0.8908352014977804,-2.688608219763005,-2.3164738233935207,-71.60306648766591
174.0,-0.8516992163390963,-0.2533996306767368,-1.5715762737626309,-0.9030698574601032,-2.7039650556129358,-2.33049845639092,-71.98790662129787
175.0,-0.8478557338167934,-0.26168659070682226,-1.571481925752401,-0.9165185264902657,-2.7113868064262348,-2.3453380374594994,-72.38053665065353
176.0,-0.843902134010727,-0.2708066985053206,-1.5715988844872857,-0.920857543121779,-2.725514834919514,-2.3572018789819604,-72.78130452745337
177.0,-0.8395152228707528,-0.2809576710036701,-1.571599545062414,-0.9285760471128118,-2.7424426194571847,-2.363210161691927,-73.19142279639696
178.0,-0.8323365839860453,-0.2853702045284246,-1.571983131273327,-0.9342000855806518,-2.7604159614698704,-2.3767599225663067,-73.60742411754069
179.0,-0.8249048070726631,-0.2835466058885488,-1.5722237062706204,-0.9330056538244573,-2.777796129271367,-2.3934475731175,-74.02425495443892
180.0,-0.8236940112475026,-0.28003121749238097,-1.5721582265433944,-0.9397645048721293,-2.7960401098135463,-2.406396087734733,-74.44107551813158
181.0,-0.8186413269045335,-0.27176599062754836,-1.572184750155644,-0.9535291054138133,-2.8146765992818232,-2.418149934976737,-74.85576807787527
182.0,-0.8198933839071016,-0.26414205830535564,-1.5720482748849334,-0.9640930452603361,-2.8334586494375067,-2.434014880471649,-75.26794589126135
183.0,-0.8202140756799332,-0.2598722142486876,-1.5710029404831212,-0.9780989303551919,-2.852310008869831,-2.4516580370656484,-75.67984924669614
184.0,-0.823580485416778,-0.25678720477446304,-1.5712273146660565,-0.9898669890483988,-2.8680200345075266,-2.470038301630618,-76.09224006340104
185.0,-0.8316787784499448,-0.2526874619810304,-1.5714791725138944,-1.0057602169501714,-2.885549929686902,-2.4887233554089607,-76.50491505434145
186.0,-0.8355689376670699,-0.24856164135942416,-1.5714689021586825,-1.0233845169977973,-2.9032902273028194,-2.491409803535478,-76.91806214650542
187.0,-0.8329824784639824,-0.24353101876674946,-1.5715711859597383,-1.0278807831709822,-2.9217035757611853,-2.5037010404909084,-77.33016057344143
188.0,-0.8309567530974792,-0.23988933775363386,-1.5715062753956923,-1.0397181608776327,-2.9291816501654306,-2.518707054591908,-77.74166656585477
189.0,-0.8308465096398286,-0.2366575367039419,-1.5715612280897795,-1.0557163135815089,-2.9392825061295555,-2.5315645385925407,-78.15353486590438
190.0,-0.8287384785637345,-0.23194255677465292,-1.5716520748333724,-1.0688977249270244,-2.9544814184522292,-2.541424385358493,-78.56509654624168
191.0,-0.8283192964375888,-0.22907718425991436,-1.5715716030436753,-1.0773249919293435,-2.971847167319254,-2.5564928566179717,-78.9770810676918
192.0,-0.8274675690459261,-0.23009819425642455,-1.5713777930132657,-1.0918032153720123,-2.98379112325718,-2.5738063842462457,-79.39209927870436
193.0,-0.8251889690689032,-0.22906886549084635,-1.5704054447565037,-1.108983254729776,-2.9997198592672154,-2.5920502320529377,-79.80943745601093
194.0,-0.8201206340108078,-0.22698222618598665,-1.570750766404306,-1.1255637213458605,-3.0173871649971584,-2.6106790200881234,-80.22889471315334
195.0,-0.8214477343986855,-0.22612692096085188,-1.571078530524211,-1.1435020503239868,-3.028078873871092,-2.627403104695432,-80.65056400871813
196.0,-0.8220243813628463,-0.2285149929834306,-1.571098996119669,-1.159562514758037,-3.0381170345757393,-2.6453683167915916,-81.07616141521603
197.0,-0.8218388815463807,-0.23578017444778196,-1.5710739263465383,-1.1772476713545283,-3.041376050882102,-2.663880913371871,-81.50846514068145
198.0,-0.8227734816116458,-0.24394633152079384,-1.5713414709225675,-1.1909125468507025,-3.05383839445497,-2.6813008821773487,-81.94872535871669
199.0,-0.8238729339410996,-0.2544556725964783,-1.5713698670152418,-1.206317570262831,-3.0632746479477593,-2.6926679349915377,-82.39818713550463
200.0,-0.8224564333574289,-0.25960154254034334,-1.5718281792780282,-1.2211234507506696,-3.078186844616932,-2.708358245884439,-82.85421363106208
201.0,-0.8192471264384982,-0.2629915336969884,-1.5718516769640756,-1.2382176847294906,-3.092633509342944,-2.724833586505413,-83.31545019907615
202.0,-0.8138519051025791,-0.2614024133163969,-1.5721111295367831,-1.2531861034830059,-3.1096513580692324,-2.741912277239321,-83.77893623313817
203.0,-0.812141909224014,-0.2616979581153619,-1.571919294082954,-1.2703206676516323,-3.122584398344436,-2.7594082279824064,-84.24513434853111
204.0,-0.8089087474689107,-0.2626013726563379,-1.5718790283490334,-1.288521747261034,-3.1389350577422075,-2.774788423842728,-84.71499182288188
205.0,-0.8060789176713873,-0.264534226645717,-1.5718801300902743,-1.2989715115896796,-3.152452193600795,-2.789288830027948,-85.18828547328752
206.0,-0.8076598291777951,-0.2694329840741885,-1.5717918951014704,-1.310871142848344,-3.169051121854595,-2.805614800085558,-85.66699858486754
207.0,-0.8110125458815766,-0.2738847404118329,-1.5719076660732765,-1.3252444466005933,-3.1860042861422335,-2.823437164435285,-86.15118737580308
208.0,-0.8128638793962732,-0.27596758500441515,-1.572018708828073,-1.3422596649580634,-3.204085031521295,-2.8407053404995657,-86.63964862620226
209.0,-0.819388613991931,-0.27926856478393886,-1.5719856596752049,-1.360361134291535,-3.2133379654530176,-2.8589104540851475,-87.13217547402634
210.0,-0.8183703895036055,-0.28079288850953077,-1.5720012700184827,-1.3789470097560903,-3.228208808552861,-2.877522545608866,-87.62840451456343
211.0,-0.811786492596956,-0.28085315038626363,-1.5720390188185687,-1.393271580610234,-3.2434361592367726,-2.896303513884969,-88.1272744431093
212.0,-0.8092466320250599,-0.27872009864193376,-1.572192029254386,-1.4084680889161194,-3.2607847035402475,-2.913578067543381,-88.62749211997617
213.0,-0.813769802542382,-0.27773483522426307,-1.5721145770224507,-1.425772616173238,-3.2764379022884165,-2.9235624659641335,-89.12928931996252
214.0,-0.8141474739275317,-0.27789654435990874,-1.571989594475764,-1.438998154087102,-3.2939537752613237,-2.9312278193359984,-89.63337205354361
215.0,-0.8186897095499889,-0.27974152414967235,-1.571982619737143,-1.4541245834331598,-3.3122812011365506,-2.942988644477351,-90.14086176062405
216.0,-0.8255095721549032,-0.2785835719060505,-1.5721894744222846,-1.4698098917876041,-3.330950335705668,-2.947799305140501,-90.65001882819612
217.0,-0.8354332216022659,-0.27634387969741875,-1.5721822288096454,-1.486666458331241,-3.349752136758577,-2.960877981669653,-91.15991197642272
218.0,-0.841516499892415,-0.27533053802494806,-1.5720665445769837,-1.4863169014005528,-3.3648755854468018,-2.971542880273582,-91.67002111346848
219.0,-0.8464045213293642,-0.2751024145871653,-1.5719704193768576,-1.4971766281255892,-3.3757016650141667,-2.9859052347013613,-92.18122951604167
220.0,-0.8486544564260905,-0.2805120033867629,-1.5716870269046008,-1.5063403075759276,-3.3911632759928168,-2.9909340510509903,-92.69716136713096
221.0,-0.8506055573774418,-0.2886926017160594,-1.571724516007287,-1.5211823873767016,-3.408646973546653,-2.9950974897221387,-93.22026488325949
222.0,-0.8548609913665244,-0.29303240529381913,-1.572113599397753,-1.5378525520059187,-3.4269692583720013,-3.0078757338296365,-93.74849194886947
223.0,-0.8597267098487201,-0.29504593082234565,-1.5722416591788975,-1.5451588023161582,-3.4413150275183817,-3.024244270582714,-94.27936012899511
224.0,-0.862874624499483,-0.2967643631595772,-1.5721950584063886,-1.54921339370394,-3.45825664887953,-3.037574828048027,-94.81255989454519
225.0,-0.8634479575450379,-0.3002311264079779,-1.57206680131996,-1.5528657372672479,-3.4763453479006197,-3.054095188528541,-95.34919806008688
226.0,-0.8639230685430805,-0.30668249302282125,-1.5719484855352504,-1.5654409714001032,-3.488997563466597,-3.0720093459101987,-95.89115276817806
227.0,-0.8657148500551389,-0.3172184121328524,-1.5718783231390399,-1.580597055296192,-3.5052156465714464,-3.0905016362412616,-96.44118624892342
228.0,-0.866941374444813,-0.3279011778008487,-1.572044480243114,-1.5979810033438495,-3.523011888442297,-3.1049329877396925,-96.99972704913063
229.0,-0.8676170456253315,-0.3407035241239409,-1.572039643556862,-1.6162390489580318,-3.5401112574495044,-3.1219121640911687,-97.56780474123502
230.0,-0.8656423904981653,-0.34751881866859624,-1.5724846337773117,-1.6349628743683016,-3.552384688239694,-3.137791391247707,-98.14191558932464
231.0,-0.8685766790641221,-0.3567161007005343,-1.5723544257594542,-1.6537122968006486,-3.5670135112229597,-3.1554046937986966,-98.72282421974272
232.0,-0.8706683474883146,-0.3656338067723959,-1.5724542280115736,-1.6698051179291415,-3.579008961454012,-3.1680087332886506,-99.31028880365226
233.0,-0.8739913470379699,-0.3756286798471355,-1.5724510728359056,-1.6837954997002182,-3.5949668988960175,-3.184207554100053,-99.90485817385505
234.0,-0.8722913159623695,-0.37751949421417674,-1.5728606078964515,-1.6991232801768366,-3.6111893521782394,-3.201988070835654,-100.50225662708056
235.0,-0.8769227260798471,-0.3780777666382462,-1.5728609704238963,-1.7061931660337963,-3.628951996636062,-3.210844453055765,-101.10090486552623
236.0,-0.883597252962679,-0.38310892989748024,-1.5725168939646896,-1.7201266445573924,-3.6473774571529844,-3.225551728603015,-101.70321350567401
237.0,-0.8897014462316503,-0.38527964095953054,-1.572728600615509,-1.7370623406868833,-3.666089012861807,-3.2427171535920603,-102.30796340457933
238.0,-0.8909221432924898,-0.3827346088429554,-1.5728571164954617,-1.7476115623856008,-3.682864314406093,-3.259890497712,-102.91227226290194
239.0,-0.8953285563014849,-0.3812660425822175,-1.5726994284570823,-1.7629461570255252,-3.700846607064398,-3.2739149284574527,-103.51644598180046
240.0,-0.9043243111239935,-0.3757450927156004,-1.5729387471816199,-1.7739246814353489,-3.7193722127018476,-3.2888938885875367,-104.11821312485922
241.0,-0.9168237191735507,-0.3696613895383842,-1.5727907712498628,-1.7889529526876056,-3.734405227756596,-3.306139750543227,-104.716680674077
242.0,-0.9289840022335146,-0.3651586723822468,-1.5726308678768681,-1.7969775892822952,-3.7462399883851285,-3.319689399916769,-105.31253709771076
243.0,-0.9431273838679884,-0.3590803829347417,-1.5727077045138254,-1.7992181097177584,-3.7621295394786394,-3.3362977930222546,-105.90511952162818
244.0,-0.9552842625623501,-0.3577260431970067,-1.5723043095144487,-1.8101368189398312,-3.7777520522820858,-3.354248429041447,-106.49685327258999
245.0,-0.9663471829616168,-0.3571688518889112,-1.572360305775306,-1.8257874413885802,-3.795268045640645,-3.3727557188674857,-107.08861690172868
246.0,-0.969536130596251,-0.35518954367729544,-1.5723955923490083,-1.8399056843493438,-3.8109259545122094,-3.391493274189767,-107.679733507233
247.0,-0.969374347896257,-0.35542700967624397,-1.5722834179081056,-1.8567557300198658,-3.8284387208003596,-3.410326151191716,-108.27141648168623
248.0,-0.9711573186248458,-0.35677260687211015,-1.5723665845736112,-1.8748416422662983,-3.84666992274381,-3.422636291038959,-108.86430989727597
249.0,-0.9734202031737745,-0.3536140475659019,-1.5726528876848396,-1.8934422406371776,-3.8629985213148594,-3.438706208436163,-109.45595189109969
250.0,-0.9792834655310942,-0.35089219802981336,-1.5725792936475709,-1.9121838410185472,-3.8807936387588873,-3.4493230040791447,-110.04612725422126
251.0,-0.9828971491555469,-0.34913821312485804,-1.5724889905181068,-1.9310159454091824,-3.8992368355471814,-3.4647095605069755,-110.63539741980152
252.0,-0.988759184748999,-0.35236756606529585,-1.5723057574585035,-1.9489362625682711,-3.9179469208628763,-3.4821547753453572,-111.22622936839478
253.0,-0.990179736459252,-0.35844935085464386,-1.5722587666352952,-1.9640771367783776,-3.934757765181599,-3.5004532211047996,-111.82038224213571
254.0,-0.9966040099032138,-0.3602280982630336,-1.5726658019523843,-1.981426675112471,-3.9505920778689783,-3.519104475462881,-112.41553306469953
255.0,-1.0073246743937507,-0.357905735665649,-1.5728489322271426,-1.9891684875654958,-3.968187008569263,-3.5379015920047903,-113.00929820505345
256.0,-1.0122253218202524,-0.3533235892894192,-1.5727248466271695,-2.002555719679094,-3.984609332623031,-3.55675905624244,-113.60034381713373
257.0,-1.0189719827078394,-0.35172150843399147,-1.572531054503679,-2.0191624999028663,-3.999715388424862,-3.5711557031943637,-114.18991567826633
258.0,-1.0178811898472049,-0.35215264219806947,-1.5723920416205512,-2.0311121474073475,-4.016520341311122,-3.588117265595975,-114.77955817323085
259.0,-1.018810335834354,-0.35344134799823723,-1.5724577843491505,-2.0470594691758675,-4.031479517712444,-3.6045054624352963,-115.36959959647166
260.0,-1.023855672932078,-0.3563865927579184,-1.5724731355636925,-2.0615585691813108,-4.048698571992945,-3.62167283856902,-115.96068071582611
261.0,-1.0330308054086248,-0.3641993856415602,-1.5723355658759248,-2.0785717342337415,-4.0669026540917095,-3.6362272824188797,-116.5548760725308
262.0,-1.037790708949776,-0.36894081855339306,-1.5725768518524972,-2.096731243694683,-4.0828883407812055,-3.650936199182479,-117.150942372386
263.0,-1.0457358235839733,-0.3741044444386133,-1.5726036898705107,-2.1153175565367346,-4.099214498763755,-3.6628132964573767,-117.74862798398792
264.0,-1.0531655375676463,-0.37514832857137037,-1.5728375786929014,-2.129184597584005,-4.117029029376864,-3.6787191583430383,-118.34612735367187
265.0,-1.063006375506823,-0.37786689874658563,-1.572700618960473,-2.1413475013300176,-4.133973907453878,-3.696379054587713,-118.94388817814793
266.0,-1.0712101610891773,-0.3802327604185952,-1.5720789419047883,-2.1551611497574332,-4.150915537016706,-3.71476622942125,-119.54164350779972
267.0,-1.0782102552008823,-0.38442341642911204,-1.5721592372709836,-2.1684976592255896,-4.168985808490555,-3.72461714457545,-120.14039530428308
268.0,-1.077571674234836,-0.38723458012907486,-1.5723728399482222,-2.1775067868595364,-4.178694718404961,-3.7357524799259436,-120.74017724843449
269.0,-1.077198630178263,-0.38985459998058325,-1.57252276590597,-2.182461209926338,-4.193389745703351,-3.7513733713135444,-121.34102221983962
270.0,-1.0789994324089272,-0.39722367756468846,-1.5724036719902779,-2.188785117962663,-4.210545286779362,-3.768915990035516,-121.94488681755004
271.0,-1.0832522385907934,-0.40319169702701946,-1.5726541431314374,-2.2024518506199295,-4.228726008988858,-3.7872546943393064,-122.5507614160727
272.0,-1.0922901584672406,-0.4094122371857108,-1.5721816331418565,-2.215786838890601,-4.247328720677558,-3.8059226165753173,-123.15813708038092
273.0,-1.0986864456515977,-0.41393578505492246,-1.5724160677137091,-2.2323230054149117,-4.266105041162445,-3.8247265471089142,-123.76623092065094
274.0,-1.1050869549977518,-0.4192866153894618,-1.5725294896174409,-2.2502531168037163,-4.284953834773784,-3.8422201999504617,-124.37516691996224
275.0,-1.1117775279601942,-0.42738314433879665,-1.572553425304945,-2.2669690731938297,-4.294674301188221,-3.8605154335462957,-124.98627941447819
276.0,-1.1161157138647746,-0.43249329046107066,-1.5728188776977061,-2.284951475206862,-4.309729465893045,-3.868109699670379,-125.59825995079817
277.0,-1.1250483273415408,-0.4390482037558905,-1.5728386481113859,-2.2995746428807524,-4.322464359570298,-3.8823250145621055,-126.21147797219861
278.0,-1.134607079731787,-0.4417987369786513,-1.5730660995235413,-2.3166486888103117,-4.338738768695971,-3.8992880092462583,-126.82395732228808
279.0,-1.1431068880262176,-0.4461641204984782,-1.5729232793140207,-2.3335073206552694,-4.3555464278831595,-3.917144919288508,-127.43617663218146
280.0,-1.1507650134344651,-0.44915860743640496,-1.5730316780512759,-2.350256103471615,-4.371894265723055,-3.9352397921731264,-128.0476622011988
281.0,-1.1581389269019167,-0.45426113970322296,-1.572930529929798,-2.362667275537446,-4.38634317279311,-3.953800521924729,-128.65957094808394
282.0,-1.1689753195709958,-0.4620055684377791,-1.5729052124249934,-2.3787886052985705,-4.401331386490955,-3.9725600913707866,-129.27255669355966
283.0,-1.1792173756773772,-0.4642712845690552,-1.5732115723869384,-2.3945217629718583,-4.418580385051761,-3.991106382709959,-129.88426434323716
284.0,-1.1896191731998185,-0.46926877721351623,-1.5729979319825405,-2.412065043421083,-4.436797271730838,-4.009855115243197,-130.49531008065875
285.0,-1.199316028114691,-0.4696834999420115,-1.5732648603346375,-2.426313505417982,-4.45541517114825,-4.019262006175846,-131.10418772570546
286.0,-1.2048658001267463,-0.47225325611459573,-1.5730211619172552,-2.4432065774841996,-4.474197398704344,-4.03419181158563,-131.7115599396139
287.0,-1.2100909432162887,-0.47920107845140264,-1.5688963960204214,-2.4612988965909777,-4.491111534770908,-4.051449342672588,-132.3186291034139
288.0,-1.214447247759694,-0.48329825456869097,-1.5702653115562077,-2.4766972581682873,-4.499541952210632,-4.061155182347095,-132.92572688152785
289.0,-1.211464000963926,-0.48811610376367703,-1.5711253324314536,-2.4918892420692202,-4.5140762318281755,-4.071084722109531,-133.5334150147783
290.0,-1.2129922888752278,-0.49219114134790815,-1.5719217627182926,-2.5075269328573606,-4.5292840767690485,-4.08618755818813,-134.14099466689618
291.0,-1.2203271413839516,-0.496648554003155,-1.5723776611905755,-2.5204844301615945,-4.546625980700535,-4.098372509442721,-134.7481700947949
292.0,-1.2211401297163704,-0.5009165585720248,-1.5725900273112978,-2.536844947247883,-4.560617268338814,-4.114408418895986,-135.35506176651162
293.0,-1.2261765010046062,-0.505568991427996,-1.572846034032112,-2.55470121566451,-4.574961119322207,-4.131260105411222,-135.96131445998662
294.0,-1.2315347863994586,-0.5132871107896076,-1.5728509652692242,-2.5731713607613576,-4.5898769887103725,-4.1492858047525365,-136.56794870647812
295.0,-1.2307330934705611,-0.5181459963797427,-1.5730859855165706,-2.591891400207182,-4.604026480452413,-4.1678236496743155,-137.17440101698233
296.0,-1.235525827190159,-0.5227783762952112,-1.5732094799545413,-2.6107184991309342,-4.617751889673444,-4.172811884047611,-137.77995904926087
297.0,-1.2409102017335576,-0.5264906176793073,-1.5732776316796546,-2.629587741897479,-4.634458490828459,-4.176574044272101,-138.38400273175515
298.0,-1.2435880710599638,-0.534485287940034,-1.5730906747220528,-2.646953634640243,-4.652126467613039,-4.189194334311514,-138.98853345789084
299.0,-1.2473907956400816,-0.5453935248861179,-1.5731244927404735,-2.661197221050488,-4.670511874368452,-4.191388339985702,-139.59511604906848
300.0,-1.2517502937701561,-0.555725318930691,-1.5732604596880675,-2.678095616375193,-4.6891986138841215,-4.199685593028457,-140.20319526642578
301.0,-1.2526103114406597,-0.5643354792048045,-1.5733519725051122,-2.6961718791906812,-4.697296724081121,-4.207158143908051,-140.81250364681222
302.0,-1.2473415698417716,-0.5719994202191482,-1.5733707369799144,-2.7141864548435457,-4.711711656048543,-4.221258373803542,-141.4230381799577
303.0,-1.2456560038826054,-0.5812334915036366,-1.573391698234336,-2.7327078779932807,-4.728760019955115,-4.238172246225724,-142.0349453387221
304.0,-1.2471609104246635,-0.5886122440245745,-1.573545859789709,-2.751443816506225,-4.746894757816596,-4.255876142936638,-142.64710843534485
305.0,-1.2463988803986228,-0.59742299322469,-1.573448232011703,-2.7702857534459366,-4.765477516727832,-4.270416537114479,-143.260174773095
306.0,-1.2495210333479694,-0.5985559321744252,-1.5738552869303395,-2.779417275232422,-4.784246912897418,-4.2812249540871585,-143.87197594602682
307.0,-1.2566631457399726,-0.6037347548922318,-1.5735517853591554,-2.7909897101474073,-4.803091894894296,-4.296676961214761,-144.48303695270135
308.0,-1.2676439379325135,-0.6137366534318582,-1.573441720946375,-2.7980615785491234,-4.816966979556775,-4.314148787938744,-145.09566547790038
309.0,-1.2744721559075876,-0.6231221347705552,-1.5734762480859636,-2.8001446574675852,-4.833703711284871,-4.327498371584081,-145.71073674009003
310.0,-1.2790899398087825,-0.6348884616439568,-1.573409658788655,-2.8070820405513115,-4.851709394184424,-4.337003715620089,-146.32881983890863
311.0,-1.2830604597248008,-0.6476842784057747,-1.573479527405756,-2.812215612698439,-4.870239868981422,-4.3519364086416585,-146.95069671428863
312.0,-1.2882147830057316,-0.6618441119227001,-1.5735176350875424,-2.823516859041557,-4.888986957550257,-4.364262848260145,-147.5760176686957
313.0,-1.2899935981952797,-0.6774872031283141,-1.573520792760197,-2.839252718673745,-4.907822778169324,-4.377475736253457,-148.20522492177233
314.0,-1.2970167408103483,-0.6907118853428972,-1.573778747130866,-2.856827089675628,-4.926696945755395,-4.393973237697125,-148.83653996485913
315.0,-1.2983054738288953,-0.7049276606877413,-1.5736895281932075,-2.8752038661494406,-4.945584105254279,-4.410886424797871,-149.47080389536532
316.0,-1.2967235764031493,-0.7175621237173141,-1.573825421747293,-2.893866390001884,-4.964479268332964,-4.420417327956103,-150.10790300934158
317.0,-1.2955557983925772,-0.7307246110200086,-1.573836145428611,-2.912670725039117,-4.983013821149959,-4.4190563718887805,-150.74795700780598
318.0,-1.2927543621062474,-0.7456708836401714,-1.5738065451687628,-2.9315298177968487,-4.996480431161194,-4.427280346097948,-151.39199539426858
319.0,-1.2931754848044603,-0.7613061401390364,-1.5738965312853346,-2.941109618069095,-5.010601922455659,-4.431009016178617,-152.04111344267207
320.0,-1.2957727666072285,-0.7748123504943831,-1.573790208545497,-2.9533951830443317,-5.021884583376348,-4.433032252460789,-152.6938545779272
321.0,-1.2996366107812258,-0.7889820112124338,-1.5738371539179,-2.9695285343830076,-5.037540258936061,-4.436022071802709,-153.34969080299618
322.0,-1.306514752667675,-0.797292956701528,-1.5741817294644012,-2.9781138840879846,-5.053031058210335,-4.448319560381891,-154.00687422762465
323.0,-1.312368964312495,-0.8062389442358743,-1.5740820298214449,-2.9765586322512214,-5.068515422574428,-4.458000108046237,-154.66687473944862
324.0,-1.3223646969964697,-0.8173577968009473,-1.5740548689357694,-2.986706166223982,-5.085971337954859,-4.467663508562038,-155.32854173022488
325.0,-1.3311828149037397,-0.8308254811296804,-1.5740010330953362,-2.990588399287212,-5.103340434088186,-4.474860966665464,-155.99369050561765
326.0,-1.3431378338747841,-0.8462163757102972,-1.574031422242693,-3.003270892960704,-5.120574285279332,-4.487090592007406,-156.6615649973377
327.0,-1.34510448892514,-0.8589570834766468,-1.5741322186803415,-3.019610428906727,-5.131063702629203,-4.503201138553237,-157.33224972887334
328.0,-1.3523654963463432,-0.8721121443543737,-1.5741984534289069,-3.037441018578583,-5.139635618669749,-4.520947233599358,-158.0048566538552
329.0,-1.3635749506033175,-0.886981367837138,-1.5741883797165739,-3.055868838381382,-5.146927664763438,-4.539370126340688,-158.67923012092768
330.0,-1.3692135521326754,-0.9030547521240221,-1.5741618663972117,-3.0680673943296646,-5.157354181236213,-4.544174618175875,-159.3575231864802
331.0,-1.37288047686526,-0.9203002524026326,-1.5741886261470202,-3.080554995567168,-5.169765723117052,-4.557295618494402,-160.04062138466833
332.0,-1.3797547207845409,-0.9364489860631962,-1.574325998878269,-3.0967199632263407,-5.182835754937424,-4.5672124006691,-160.7271622540924
333.0,-1.3837110380810524,-0.950754138622248,-1.5743921081503205,-3.1145001187024532,-5.197202352208763,-4.580045962926199,-161.4166864571595
334.0,-1.3876023009860563,-0.9658598849039959,-1.5743762476401155,-3.132937801923537,-5.212467779414073,-4.595942870607287,-162.10945109153994
335.0,-1.390255627783082,-0.9768536332946406,-1.5745561386526532,-3.147292340854747,-5.224911917948964,-4.608881764847782,-162.80463421618614
336.0,-1.3954483652887153,-0.9897229556550713,-1.5744519181483483,-3.1553822123634876,-5.241058733199124,-4.625236640243133,-163.50316811079585
337.0,-1.4050954577262387,-1.0048398012544628,-1.5744257624720457,-3.1697450873156217,-5.25527929774464,-4.643082291013544,-164.2043994976089
338.0,-1.4178285690760648,-1.0212806018517546,-1.5744345251926049,-3.182432689692432,-5.27218492434646,-4.660061942970112,-164.90841889117814
339.0,-1.4253280180801944,-1.0384312174039678,-1.5744224391305186,-3.195768501380858,-5.281768897520215,-4.678043389546462,-165.61626124090083
340.0,-1.434524414785454,-1.0537469712842362,-1.5745636679707893,-3.2027913038037084,-5.2967073976995565,-4.696463738965993,-166.32777185987464
341.0,-1.4469676899635793,-1.0685889798726973,-1.5745926730459767,-3.211327880682296,-5.313844243545004,-4.7151636125468315,-167.04191556985822
342.0,-1.4553738504218803,-1.081554776093344,-1.5746406784455427,-3.225854398871175,-5.327885311034,-4.732891955404548,-167.75803697316823
343.0,-1.466871604351811,-1.0934385739625176,-1.5746876193161656,-3.237754923336477,-5.344707844150894,-4.751288993612201,-168.47541690310058
344.0,-1.4788370788460241,-1.1072130168247525,-1.574598130938114,-3.248812267034103,-5.36274787511547,-4.769980457656697,-169.19468030045508
345.0,-1.4909621959102382,-1.1196784604263863,-1.5746808853627057,-3.2597803654398345,-5.381294602151475,-4.78879422995757,-169.91538161625303
346.0,-1.5034431542083582,-1.129474336461061,-1.5747627401572455,-3.2739675304740716,-5.4000491337986105,-4.803668263614853,-170.63610124030777
347.0,-1.5108607666351501,-1.139815601976482,-1.5746755526024563,-3.2909272374249756,-5.411706087981131,-4.818953524885162,-171.3575704602101
348.0,-1.5171543562495762,-1.151417149077163,-1.5746458402273387,-3.3087153286860884,-5.426428893791017,-4.8350222416304955,-172.08059150289537
349.0,-1.5161241611603709,-1.1651408887773256,-1.5745627843630046,-3.3209015599668144,-5.43385309940376,-4.846758496170591,-172.8079085775571
350.0,-1.5212019597052238,-1.17582450571039,-1.5747704372651785,-3.334707313184775,-5.44798397233948,-4.8625944328268265,-173.53733588168106
351.0,-1.528625354380234,-1.1882887811320468,-1.5746661996347429,-3.348524834204631,-5.46270448087282,-4.880224903347109,-174.26879740945654
352.0,-1.537478184393053,-1.2030477824293258,-1.574629285371367,-3.3652583155933207,-5.473554743447883,-4.898599994581466,-175.00241586521201
353.0,-1.5444056586943011,-1.2159320254741819,-1.5747328227693846,-3.3832403323107076,-5.4890278441347,-4.917013635742775,-175.73804512227744
354.0,-1.551355682130197,-1.2303923797643384,-1.574671908242791,-3.3977215106928176,-5.505762875465735,-4.935707876597581,-176.47655754638245
355.0,-1.561997022373852,-1.2416879378073862,-1.574835592383656,-3.4146698722940023,-5.523760402327576,-4.954522704513803,-177.21588146680836
356.0,-1.5729361999216582,-1.2510021810755663,-1.5748492026440448,-3.4327879095115965,-5.534932950805223,-4.96592978340041,-177.95473960509807
357.0,-1.5787504526018024,-1.2593793719855726,-1.5748205154250987,-3.4497104674908243,-5.550551501097371,-4.981645209135133,-178.69428912515215
358.0,-1.5865651086774537,-1.270339494461324,-1.5747226285321148,-3.4677585329836695,-5.568096498082167,-4.999226325379977,-179.43500085433843
359.0,-1.5978466274346044,-1.278678686259436,-1.574846263650377,-3.4862604273356586,-5.5864409031315745,-5.017581092332929,-180.17515742613665
360.0,-1.6096888512805454,-1.2875825728942658,-1.5747742220664551,-3.5037635843144086,-5.601822364944128,-5.036255589310586,-180.91462535933692
361.0,-1.61580561424721,-1.2955391820113584,-1.574786200444272,-3.5220523664400902,-5.619212858209917,-5.054839687990999,-181.65459693530792
362.0,-1.6200798472663265,-1.3041177016332333,-1.5747455482299253,-3.5353744138565695,-5.637489580520531,-5.0698177803865425,-182.39623382437364
363.0,-1.6256672020770548,-1.315414032760904,-1.5746645672124586,-3.5408371478821206,-5.652722048138744,-5.087031568118526,-183.1405977967216
364.0,-1.6306697307904794,-1.328979448595795,-1.5746355733223394,-3.5495346192797457,-5.667668912938545,-5.090997919964757,-183.88840063595825
365.0,-1.6391152584816118,-1.3398178923390045,-1.5747890471650217,-3.5518378151461105,-5.684898611765206,-5.103781840006559,-184.63838795576777
366.0,-1.645922661739207,-1.3517383118587731,-1.5747201780791211,-3.5548184155040494,-5.696726421968196,-5.11844481967692,-185.3909074698093
367.0,-1.652138721299121,-1.3610963546250976,-1.5748371387487055,-3.561378415139403,-5.712603258852229,-5.134154452455976,-186.14525843525897
368.0,-1.6605320499476879,-1.3729871760640338,-1.574726621516974,-3.575119039407847,-5.730250635953812,-5.144186944551821,-186.90118019956805
369.0,-1.6722717958812083,-1.3852708961727165,-1.574757912891282,-3.5918627295781604,-5.746919367184384,-5.159342060532801,-187.65761282913786
370.0,-1.683917966728062,-1.3966363730910039,-1.5742767350110511,-3.6098722433074615,-5.764867902053371,-5.176691839822604,-188.41417650797854
371.0,-1.6949236772104437,-1.404130880475517,-1.5745367893640263,-3.61544569474339,-5.783376359086506,-5.194950951066882,-189.17054653309714
372.0,-1.706470405506382,-1.4139209785876057,-1.5745302017414464,-3.6288836473476866,-5.802076756767008,-5.213585763696062,-189.92673143821003
373.0,-1.7201795511251456,-1.4197291131370395,-1.5747630044984304,-3.6454745318022335,-5.8208994972748,-5.232376258892846,-190.68065810213653
374.0,-1.7288493971766103,-1.4266745291702894,-1.5746810649829153,-3.6583579638491672,-5.833865592862772,-5.251154139159593,-191.433918740655
375.0,-1.7308852845681002,-1.4374754347953174,-1.5745906212975844,-3.6746788351839643,-5.850213119068605,-5.263804613080568,-192.1897849089358
376.0,-1.7372541373769594,-1.4499870509869965,-1.574632471376138,-3.692463797878886,-5.858211731017647,-5.2800151842116865,-192.94718455937593
377.0,-1.7471219235227202,-1.4644644232672595,-1.5746173722162362,-3.7109097834798357,-5.871346850623449,-5.297800510861537,-193.70576975633702
378.0,-1.7540219750182893,-1.4801666686223338,-1.574625877106679,-3.7288985751970403,-5.88439034604783,-5.305425598979059,-194.46679265430308
379.0,-1.7588068368266279,-1.4970503016869698,-1.574637448034121,-3.747395066847846,-5.895522979064269,-5.316311225534186,-195.23119929337142
380.0,-1.7617099749173377,-1.5144733171756175,-1.5746602861498469,-3.7661150249120414,-5.9111243528464525,-5.331840687811546,-195.9999721779444
381.0,-1.763599080029832,-1.531188012778217,-1.5747125771063284,-3.7849215277176316,-5.92003032507302,-5.336117362464054,-196.77293361283944
382.0,-1.7707440758970097,-1.5464379643717046,-1.5747689079429161,-3.8037613920936675,-5.932788852508653,-5.349011589719375,-197.54812614413905
383.0,-1.7787886486908295,-1.5603938733415779,-1.574777013075275,-3.819764202378425,-5.948457324204908,-5.365429880589707,-198.3249719784887
384.0,-1.7810218237380322,-1.572797362972547,-1.5747953448350056,-3.83741662124704,-5.955962269641726,-5.383303951231271,-199.10440048365876
385.0,-1.788458818631376,-1.5873055107609924,-1.5747020340126074,-3.855801634018066,-5.970126369284045,-5.400852283853035,-199.8856593499326
386.0,-1.797387820183885,-1.601295270335048,-1.5747184806472596,-3.872113502425242,-5.987072195008018,-5.419026199511027,-200.66820866041553
387.0,-1.8096056580136766,-1.6167553368058591,-1.574660715854179,-3.8899078519094243,-5.996807486207704,-5.435413644125185,-201.45091207235845
388.0,-1.8168445794307135,-1.6318673909611263,-1.5746605572882542,-3.894229998484157,-6.0118554575250664,-5.453237181900391,-202.23597562846484
389.0,-1.8252818502592874,-1.6438536462994355,-1.5747781119625326,-3.907090639595282,-6.029046010982644,-5.470029859466076,-203.02192624800642
390.0,-1.833111322356643,-1.6573759774414072,-1.574669097102736,-3.9235500435186483,-6.0434914668963495,-5.484134765729637,-203.8089856208915
391.0,-1.8423741818511303,-1.6728860317743568,-1.5746115777907108,-3.9414290363325124,-6.057004237971262,-5.500985168184124,-204.5971202156358
392.0,-1.8546661248868732,-1.6867603692854158,-1.5746695950718228,-3.954930786522315,-6.073172656354362,-5.519036067064845,-205.38500439428546
393.0,-1.8692844034587812,-1.7017199394684186,-1.5746063939528205,-3.970489239360778,-6.090934074477627,-5.53492670527809,-206.17191379790708
394.0,-1.8841229634816783,-1.7163757545848077,-1.5746075608406052,-3.9758378749823717,-6.106026871012933,-5.55253725982886,-206.9578102181653
395.0,-1.8942724001467306,-1.723816146726712,-1.574836566996136,-3.98908672027671,-6.123302441455881,-5.57090295475757,-207.74215750931856
396.0,-1.9044114419354918,-1.7338342930070734,-1.5746356908882777,-4.005736526079978,-6.141522289959909,-5.589581891079952,-208.52547989668022
397.0,-1.9153391416579733,-1.7468076008363784,-1.5745393543279638,-4.0236910732413325,-6.160143386821212,-5.608390517906661,-209.30823974837648
398.0,-1.928757074399672,-1.7601903714793294,-1.57453844797582,-4.040570036881833,-6.178930987613434,-5.620913793349898,-210.08960612438827
399.0,-1.9409973881218763,-1.7751112211129314,-1.5744766810183657,-4.050185417575976,-6.19778269568877,-5.637069257440427,-210.8705093653203
400.0,-1.9496972641897936,-1.791430664023263,-1.5744524431467406,-4.052807359562378,-6.216225669133055,-5.654831708111999,-211.65284539456758
401.0,-1.9578855871429888,-1.8060344716948151,-1.5745418100100748,-4.060881659042482,-6.233298067605514,-5.672314021710801,-212.43617527529827
402.0,-1.9617021933085736,-1.8166256715291986,-1.5746271942477024,-4.058333049503406,-6.250528464014704,-5.6906118640320695,-213.22145033184808
403.0,-1.9659885618403743,-1.8248453032850886,-1.5746440692178927,-4.06302161779488,-6.268724544440119,-5.70926226233061,-214.00772752334623
404.0,-1.9742971209458846,-1.8322880483852473,-1.5745865695428882,-4.064836560659932,-6.27729342363758,-5.717785589138716,-214.7929360474682
405.0,-1.9821904230825047,-1.8392404428438374,-1.5745631632821016,-4.076679481220472,-6.280793354917666,-5.7296101633771155,-215.57641430948988
406.0,-1.987229040484952,-1.8486592327562217,-1.5744387584550879,-4.084930032294413,-6.2822268316304335,-5.738895120487663,-216.35990594138505
407.0,-1.993975828437819,-1.8614190272379116,-1.5743530834749002,-4.099336331960836,-6.282817350996661,-5.753730593650775,-217.14342131258587
408.0,-2.003770818501117,-1.8719903507007263,-1.5744338427345594,-4.104259395964414,-6.281882573504806,-5.770948086771893,-217.9254655982164
409.0,-2.013239481840067,-1.8828755110599038,-1.574393651858788,-4.108048434783874,-6.28269628512211,-5.784564918677064,-218.7061935558331
410.0,-2.018917892553996,-1.8962228585604544,-1.5743329699755229,-4.119079506115628,-6.283009999667466,-5.801202405336705,-219.48744936976598
411.0,-2.025278458266509,-1.9116685945292264,-1.5742923381994753,-4.1332410920232165,-6.283140402803299,-5.816019765015896,-220.26947087564295
412.0,-2.026422267265727,-1.927471164119531,-1.57430697149545,-4.145733645895816,-6.283193406416673,-5.833178204647354,-221.05445030070263
413.0,-2.027414721123015,-1.941541769172111,-1.5743710343112427,-4.161886120867683,-6.283203694256395,-5.85135681537056,-221.8420911660203
414.0,-2.028971553685079,-1.9557150311674423,-1.5743124072073706,-4.170655332933391,-6.283206742799095,-5.8663656974823075,-222.6323440188852
415.0,-2.0290047326371146,-1.970851088202679,-1.5742783803728833,-4.185300656520557,-6.283207354282687,-5.8835956200229536,-223.42590153504045
416.0,-2.0263789736620956,-1.9872477036719345,-1.57245203081424,-4.196444105981583,-6.283207433443953,-5.901803570662326,-224.22443533072166
417.0,-2.022808234226023,-2.0040522083199424,-1.5729788089118415,-4.212033894656072,-6.283206690752472,-5.914153997191199,-225.02820385061491
418.0,-2.0231002913004765,-2.020287548760622,-1.5733897095354474,-4.228272510528157,-6.275173232925142,-5.930239476852169,-225.8353940176478
419.0,-2.0274659185787107,-2.0366800208967937,-1.5736116031038891,-4.242329954335669,-6.273802815090839,-5.938891757620299,-226.64446265871302
420.0,-2.034117579767238,-2.0504099349174396,-1.5738573751689806,-4.257405058766897,-6.269681672433828,-5.951406411864118,-227.45374166923665
421.0,-2.0361110207870907,-2.063677130539543,-1.5739420757754539,-4.271390458108066,-6.277678299139255,-5.96762948064154,-228.26511158167682
422.0,-2.041602066000841,-2.07889535431265,-1.5739174094212427,-4.288207907789611,-6.2809517105740245,-5.984397300834663,-229.07764186909867
423.0,-2.047443041606151,-2.0953425079910155,-1.5739199791044858,-4.304610156981966,-6.282296010935807,-6.00136750118898,-229.89134681434788
424.0,-2.055158850361496,-2.1127446666022123,-1.5739157703758015,-4.322447401713073,-6.282848074694775,-6.01389307935209,-230.70566672634973
425.0,-2.0552969556006344,-2.1305034405181256,-1.5739489182194872,-4.340909557942706,-6.2830752784689015,-6.013379871993301,-231.52375614529262
426.0,-2.057525114433905,-2.148934352941573,-1.5739099148099258,-4.357286954980401,-6.283167577642633,-6.019114119377244,-232.3451630336373
427.0,-2.0636477842097247,-2.160526598643329,-1.5741034252691013,-4.375052423062475,-6.283198512186915,-6.029218410988497,-233.166693855173
428.0,-2.066742724722577,-2.169046238767549,-1.5740917331571356,-4.3935247610706165,-6.283206781735984,-6.04322363232658,-233.98875888983267
429.0,-2.074236318648562,-2.1747649678319063,-1.5740551408582504,-4.405026041699448,-6.283208027169163,-6.06007803599595,-234.80901573760752
430.0,-2.0826410245380433,-2.1840162554757474,-1.5714264555616058,-4.417870964215916,-6.2832097895521875,-6.074862632299029,-235.62791535048518
431.0,-2.094069151570914,-2.1918300923025043,-1.5722003786351246,-4.432772597868388,-6.283209426521124,-6.091085720277091,-236.4436205426115
432.0,-2.100754423499623,-2.1986165676645455,-1.5727827808614254,-4.449994706066831,-6.283209619374571,-6.1000353143646455,-237.2577963312719
433.0,-2.1056776468344487,-2.20905026141719,-1.5707844894348895,-4.4682292353733635,-6.283208474673358,-6.111890025227277,-238.072404854342
434.0,-2.1068178960224637,-2.2213071443387093,-1.5716145948829625,-4.4806054295695805,-6.283203473544018,-6.127826836514589,-238.8892291393943
435.0,-2.1039477701060285,-2.2358642546683143,-1.5722853138194126,-4.49668970178999,-6.283205740871966,-6.14371865362473,-239.7106417751116
436.0,-2.105276695193622,-2.2500593202477974,-1.572755879198375,-4.510294262776769,-6.283208757756651,-6.161344643886377,-240.5349333412896
437.0,-2.106040482595916,-2.2654414554924034,-1.5730248174621873,-4.525888222542324,-6.283208052529854,-6.179258816876539,-241.36248687226268
438.0,-2.109185475819356,-2.28215239420967,-1.5731806920429092,-4.541131232042492,-6.28320772693535,-6.191119649328078,-242.19265472540835
439.0,-2.1079847419253017,-2.2979225652358815,-1.5733793441282309,-4.558467090136459,-6.2832080669971315,-6.207007211290082,-243.02706415375985
440.0,-2.1122611523864916,-2.3132683489582897,-1.5734181577456698,-4.576744967798289,-6.283203836622643,-6.224659123314107,-243.8634906687412
441.0,-2.1191896024755077,-2.3260313679078406,-1.5735201138866532,-4.595377261562783,-6.283203939171701,-6.243043092931784,-244.70008966242557
442.0,-2.120336180702663,-2.340164600892406,-1.5734848351518944,-4.614187305250217,-6.283204813156455,-6.261154306253432,-245.53955557605593
443.0,-2.1216150719939297,-2.3525453745270046,-1.573526447799527,-4.62415627877898,-6.283205871537563,-6.274199165240759,-246.38148126434666
444.0,-2.12433923358721,-2.366573593113453,-1.5734150207377289,-4.628911222851137,-6.283205834323233,-6.27949210954701,-247.22536927516103
445.0,-2.128149184178994,-2.382328456149762,-1.5733495794317611,-4.625988784766577,-6.28319770907754,-6.281668339099039,-248.07085860348553
446.0,-2.1339159527920195,-2.399268707744432,-1.5733280070670637,-4.633025135261429,-6.283202250161273,-6.282562164753216,-248.91758701096265
447.0,-2.1368463758073477,-2.415075392016557,-1.5733902395154242,-4.645824391315777,-6.28320452409798,-6.282929519212809,-249.76664915037492
448.0,-2.132939501618636,-2.430871186304786,-1.573385318566608,-4.662202179082642,-6.283204579750709,-6.283080452965377,-250.6211624360299
449.0,-2.129382286561155,-2.4464440801189484,-1.5733140036075208,-4.668526557300356,-6.283205167985543,-6.2831424947033945,-251.4808221805692
450.0,-2.130772989000856,-2.463041022437467,-1.5732131274417842,-4.680361792350174,-6.2832030799539496,-6.283167868876366,-252.34383287847237
451.0,-2.130425078262338,-2.479882633424566,-1.5732048993961425,-4.696307288672114,-6.283202406182384,-6.2831783702414095,-253.21097798285766
452.0,-2.1339990702180414,-2.4974556727670905,-1.5731158621383141,-4.714014437296797,-6.2831977745708425,-6.283182703437671,-254.08091291087382
453.0,-2.135105649165266,-2.5128726907078662,-1.5731854161400707,-4.73203585792462,-6.283200480082804,-6.283184537665676,-254.95414298730333
454.0,-2.139222254375316,-2.5291056357062267,-1.5730508081515167,-4.744886355049802,-6.283195406558661,-6.283185195011528,-255.82944903266443
455.0,-2.144316398188252,-2.5441805210186477,-1.5730674912281035,-4.7611713043521675,-6.283196307885129,-6.283185532847101,-256.7062219371904
456.0,-2.1535367057995036,-2.5599880714511585,-1.5729551439534564,-4.7790215015143485,-6.283195103282002,-6.28318563750653,-257.58293163936116
457.0,-2.156857660470313,-2.5739646103545577,-1.5730221480703164,-4.784253153740409,-6.283198371532355,-6.283185756873154,-258.4610225767399
458.0,-2.158624891416314,-2.5833954952289,-1.5717009556074006,-4.797632227659297,-6.283236286539312,-6.283185956449896,-259.34104489114156
459.0,-2.1591015432317833,-2.5833256806601357,-1.5688883029411766,-4.80772071683621,-6.28328562410887,-6.283185769597646,-260.2216703381684
460.0,-2.159549442313161,-2.5836700113323317,-1.565416869775231,-4.8224634128273,-6.283322095694289,-6.283185642105212,-261.1032782168729
461.0,-2.1597582459839297,-2.5844127641099024,-1.562011085802203,-4.839271921938716,-6.283267359459753,-6.283185618521639,-261.98617327437825
462.0,-2.1591736251791525,-2.5851066406195873,-1.5593092159788975,-4.854552273817092,-6.282967040253253,-6.283185624865785,-262.8705713433869
463.0,-2.1587333644466113,-2.5857950012775515,-1.5567320795500441,-4.871611008808226,-6.283014738974954,-6.283185617164581,-263.7565094185876
464.0,-2.1584274189110064,-2.586243422902511,-1.5551749045930165,-4.881456164203295,-6.283033776825273,-6.283185640738782,-264.6434047596854
465.0,-2.158620909161778,-2.5867679964827155,-1.553214342733913,-4.896152439216398,-6.28323107654822,-6.2831855919050295,-265.53133579346513
466.0,-2.1581752560149865,-2.587206389323945,-1.551383719996096,-4.913116081876387,-6.283012161631908,-6.283185586461906,-266.420692340559
467.0,-2.1573406626801184,-2.5874451620849945,-1.5503436312112087,-4.925641861311719,-6.282887147915823,-6.283185626939515,-267.31132344120937
468.0,-2.1559576182529847,-2.587583290857369,-1.5496144561829055,-4.937869293866992,-6.2826775573517715,-6.283185609881841,-268.2034001610034
469.0,-2.15472979440806,-2.5877816533026134,-1.5485829984438564,-4.953682222754671,-6.282715807476147,-6.283185585209759,-269.09711981842014
470.0,-2.1537494225594216,-2.587998552351128,-1.5474333176100572,-4.971133832142762,-6.282786581127381,-6.283185596741288,-269.99250187834974
471.0,-2.1524448863320336,-2.5880978869608575,-1.5467190856679145,-4.9863953154460825,-6.282708125287361,-6.283185641356472,-270.88951420162266
472.0,-2.1515461236547,-2.5882565707574376,-1.545822081864837,-5.003480061872574,-6.281224881349344,-6.283185612834361,-271.7882328736972
473.0,-2.150655947807129,-2.588408818968595,-1.544914244403052,-5.0215209330405415,-6.282217592080837,-6.28318561067879,-272.6885692036249
474.0,-2.1501228882632013,-2.5885235228490293,-1.544198467341059,-5.038004743695822,-6.282721286677427,-6.283185644820529,-273.59030078882853
475.0,-2.1501585186252052,-2.588715133982718,-1.543265368785191,-5.0556887405172,-6.283036171729576,-6.283185620952375,-274.49330239907385
476.0,-2.1504163784665815,-2.5888588275918964,-1.5424528347022524,-5.073105452399205,-6.283176236275595,-6.283185628266147,-275.3974557198607
477.0,-2.149998897844645,-2.5888165614073553,-1.542343168379351,-5.086263198035608,-6.283080932372439,-6.283185653569951,-276.30269285855263
478.0,-2.149604035878635,-2.588854334933192,-1.54196088246174,-5.102459851247536,-6.283104773103763,-6.283185599941492,-277.20926371601786
479.0,-2.1494432227254645,-2.5889242589101427,-1.541426271797303,-5.12012171890597,-6.283143442505301,-6.2831856069208785,-278.11720216044745
480.0,-2.1501027635832397,-2.589004161493311,-1.5409324343496542,-5.136204287972196,-6.283251075403099,-6.283185640900773,-279.02605629142727
481.0,-2.1502058119217886,-2.589039275070641,-1.5405140544949405,-5.153758236665291,-6.283194038213503,-6.283185614207305,-279.93613528417416
482.0,-2.1500308794575482,-2.589075394834789,-1.5401545871977118,-5.172087249882782,-6.283170971411548,-6.283185624085406,-280.84766039851576
483.0,-2.150046218902704,-2.5889806202563173,-1.5403984893776923,-5.183992722427265,-6.283187574833629,-6.283185661879496,-281.76003259150707
484.0,-2.1505058978976046,-2.588793548321679,-1.5409534873698623,-5.191720489927531,-6.283211360367083,-6.283185630146305,-282.67268798653754
485.0,-2.150943689226194,-2.5887883663514772,-1.5408195688914634,-5.205592053541266,-6.283215795031204,-6.283185559284023,-283.58614969810185
486.0,-2.151441185863586,-2.588630174182278,-1.5412130895849696,-5.214169102894164,-6.2832201474157054,-6.283185604655715,-284.4999679171443
487.0,-2.1516597441336702,-2.5886400680358213,-1.5410529020191481,-5.228421445658201,-6.283203904363022,-6.283185553196042,-285.41474153281524
488.0,-2.1519622914897263,-2.5887198645202525,-1.540645835508216,-5.245281481840571,-6.283202260280725,-6.283185570979375,-286.33070425099146
489.0,-2.1521279794077426,-2.588737037229965,-1.5405236165436516,-5.259973872800808,-6.283191371047968,-6.283185630546985,-287.24773271906776
490.0,-2.152141512728301,-2.588804292907155,-1.5402584140419302,-5.276887176198368,-6.28318445692363,-6.283185596296024,-288.16608872703455
491.0,-2.1516436649974047,-2.588857771009118,-1.5400444155129698,-5.294953229600629,-6.283180407468447,-6.283185608249335,-289.0860996573172
492.0,-2.1507184220483513,-2.5889081332962056,-1.5399085611851902,-5.3135346011541795,-6.283189600877221,-6.283185622511888,-290.00802158535015
493.0,-2.149735151039076,-2.5889668565043054,-1.5397924554924232,-5.3323206944053485,-6.283203097322559,-6.283185633727811,-290.9319237049302
494.0,-2.1485578836100228,-2.5886045880742334,-1.5410364388890052,-5.338020657858622,-6.283211700574389,-6.283185700952239,-291.8566821501354
495.0,-2.147745055348105,-2.5885619898151906,-1.5412954164726376,-5.351141750269438,-6.283209497015571,-6.28318557910435,-292.7828311497481
496.0,-2.1461811594246636,-2.588437243352133,-1.541431021902604,-5.3676327014666265,-6.283238041610048,-6.2828371298039745,-293.7109740390306
497.0,-2.144719081939298,-2.5885627740688215,-1.5412962350038033,-5.385454945857056,-6.283254716034568,-6.283048585651731,-294.6413021061752
498.0,-2.1433476451017253,-2.5886892158305375,-1.5411297503887265,-5.403565804072951,-6.28326958096263,-6.2831291689351945,-295.57381072509344
499.0,-2.142303140720552,-2.5888604269669617,-1.5408695200280391,-5.422078819262909,-6.276530161896408,-6.28316244665414,-296.5089578581496
500.0,-2.140951230417716,-2.5888391864993694,-1.5410936812811273,-5.4372095059420555,-6.270318746950175,-6.283176143530478,-297.4465125544274
501.0,-2.1399834463447367,-2.5890031680601555,-1.5409662284407362,-5.454282744052448,-6.277974183335652,-6.283181712473947,-298.38541537566886
502.0,-2.1394737779068227,-2.589199274602182,-1.5406700150133117,-5.472345733666893,-6.281086114694874,-6.283184017347146,-299.32588379996054
503.0,-2.138997304581819,-2.5893976475840543,-1.5403828943387736,-5.490881923477628,-6.282381704786999,-6.283184969437925,-300.26810286226527
504.0,-2.1392572005685677,-2.5896107097037073,-1.5401002230436718,-5.508226083260799,-6.282767648231323,-6.28318538417045,-301.21174480098944
505.0,-2.139170630685912,-2.5898051582508783,-1.539883876974021,-5.526409830744287,-6.283053029462336,-6.283185518925765,-302.1570004245236
506.0,-2.139497911122684,-2.5899512147292936,-1.5399142706876807,-5.5408006436940616,-6.283030220170577,-6.283185623341524,-303.1034028929991
507.0,-2.1408021125054164,-2.590053591953733,-1.5398537887572676,-5.554923199840649,-6.276774810118493,-6.283185636785532,-304.0509733326831
508.0,-2.1425196200446694,-2.5901010620834533,-1.5397744606391808,-5.5701120960334185,-6.278624355030223,-6.283185612676908,-304.99892073332654
509.0,-2.1464849090955314,-2.5893654391328957,-1.5402027555932998,-5.587701649120144,-6.2809255617672415,-6.2831855905801195,-305.9461878971382
510.0,-2.151505507221981,-2.589509508424244,-1.5407323590417392,-5.60554688459196,-6.281851449885408,-6.283185626054246,-306.89246759803814
511.0,-2.1557012876157904,-2.5897672011974153,-1.540932107572208,-5.6239436892655075,-6.282221734792732,-6.277902116571235,-307.8383048257242
512.0,-2.157673985865903,-2.5905369191124543,-1.540602771716441,-5.64242125818733,-6.282498065166068,-6.281108077046421,-308.78490802084303
513.0,-2.158785627122472,-2.5909874476865853,-1.540281409435558,-5.658958787719763,-6.282640930647071,-6.282329663196565,-309.7325339213664
514.0,-2.160036581741864,-2.591287433554904,-1.5399490645848966,-5.676748585857917,-6.282633539984831,-6.2828340458462435,-310.6812049410498
515.0,-2.1627545584600427,-2.591065597030137,-1.5400161829597252,-5.695376724268707,-6.282475373064101,-6.283041191864721,-311.6301892100994
516.0,-2.166854640172049,-2.590985731773505,-1.5404069316693598,-5.714313362006185,-6.282356177905656,-6.283126299538768,-312.57883059900485
517.0,-2.170940999355239,-2.59099317303529,-1.541330619420674,-5.718788363186253,-6.282200607320213,-6.280075391791858,-313.5258653130724
518.0,-2.1752916555861304,-2.5908745101247437,-1.5416612160570755,-5.7316171185669385,-6.282176020601011,-6.281962118028825,-314.4718149920859
519.0,-2.1773232848862833,-2.5917340153125297,-1.5413739755783253,-5.747703197808503,-6.282412408253831,-6.282681495624345,-315.4182797623104
520.0,-2.1783594327680937,-2.5923121526256887,-1.5408721153554754,-5.765384092257808,-6.282553954296999,-6.282978561808868,-316.36592939036683
521.0,-2.1811034298230934,-2.5921332707307565,-1.5407997932789357,-5.783979684571491,-6.282318144378545,-6.283100569210049,-317.3139005975692
522.0,-2.184353003275578,-2.592451089934516,-1.5408437179886276,-5.802745114854989,-6.2822334537521005,-6.283150696744878,-318.2619835147217
523.0,-2.18705048606836,-2.5929763714943928,-1.5407499900116355,-5.821043428851216,-6.282209497837552,-6.283171307808572,-319.2104453658036
524.0,-2.1893077961860925,-2.593449254055797,-1.540542571455788,-5.839643978497091,-6.282204161445024,-6.283179759224332,-320.15952941607355
525.0,-2.1917641878091905,-2.593733696316044,-1.5404602345689522,-5.8580890569561115,-6.2821551243002185,-6.28169885638875,-321.1090913710031
526.0,-2.1927085586448594,-2.594354178347687,-1.5404005832899605,-5.8742839490268866,-6.2825509508778765,-6.2826009956929685,-322.0596669456324
527.0,-2.193980941110846,-2.5945810283231205,-1.5406493688284157,-5.8852737089566745,-6.282354708339179,-6.282944756897087,-323.01065327005676
528.0,-2.1949492142458467,-2.5949583987874765,-1.5405156569612424,-5.900621122987306,-6.282488842704854,-6.283086662285294,-323.9625393459475
529.0,-2.1961736339989932,-2.59508293579642,-1.540852585358782,-5.910059040448671,-6.282339586294072,-6.283144982977819,-324.9146810734534
530.0,-2.1974922385843505,-2.595366312028545,-1.5407447824313512,-5.924789309570469,-6.282316801259606,-6.283168891197339,-325.8674885117516
531.0,-2.199170025148045,-2.5956668355613646,-1.5405202845951989,-5.941907506658889,-6.282174208833216,-6.283178744198537,-326.82103222203983
532.0,-2.201236483179428,-2.595986751316118,-1.540420333054185,-5.957928852894299,-6.277029562900621,-6.283182829078897,-327.7754386442008
533.0,-2.203802630722207,-2.595780457721551,-1.541162195291299,-5.962072778839125,-6.279807343927945,-6.283184517413412,-328.7286795674908
534.0,-2.2063097448312106,-2.5959955623459474,-1.541274916228303,-5.974671542473638,-6.281020392790703,-6.283185090326666,-329.6816233374484
535.0,-2.207918928645683,-2.596578576486308,-1.5410404359554393,-5.990838024696281,-6.281714047909891,-6.283185382348092,-330.63519609125507
536.0,-2.2113847850428288,-2.596542180782358,-1.5408255160114883,-6.008947392041816,-6.2816248888761415,-6.283185543505262,-331.588660950718
537.0,-2.2142743462612344,-2.597178129559038,-1.540993059967815,-6.023012901857644,-6.281750866001569,-6.283185604668183,-332.5419548787584
538.0,-2.21815733031677,-2.597045635961222,-1.5413263472485006,-6.040025438486392,-6.281633136124731,-6.283185623280291,-333.49474073752117
539.0,-2.2205159493324538,-2.5978690424372863,-1.5415045953154054,-6.052977750227706,-6.28184125389417,-6.283185637736167,-334.4475254771263
540.0,-2.2224050051148327,-2.598317359550994,-1.5414141049489154,-6.066938665212367,-6.281807504584313,-6.283185629309624,-335.40064020283705
541.0,-2.2238598518416643,-2.5988182243747064,-1.5411780553450949,-6.083177474440964,-6.281998082519094,-6.283185623008117,-336.35447041023895
542.0,-2.2245126544903746,-2.599403247148547,-1.540941876472775,-6.100927792765328,-6.282439055335462,-6.28318562339462,-337.30952733717925
543.0,-2.225003748842087,-2.599769526012727,-1.5411039859050708,-6.114173816419243,-6.282601741872616,-6.279120958316991,-338.2654973961348
544.0,-2.2262445298887834,-2.6000281920005492,-1.5412776556436472,-6.126151041288552,-6.28219951328195,-6.2815873211870175,-339.22192712674564
545.0,-2.2270001236629873,-2.6004545535129826,-1.5412399386339308,-6.141165671895195,-6.282459490038098,-6.282527068491286,-340.1792452378995
546.0,-2.226803001368329,-2.6009231745225616,-1.541226818939835,-6.158446164272857,-6.28310042250332,-6.282915125927683,-341.1380767856072
547.0,-2.2263188072629,-2.60143096062037,-1.5412023608526397,-6.176692127030013,-6.283340280873851,-6.28307451326483,-342.0987033530268
548.0,-2.22646204137042,-2.601987485974063,-1.5410429804485333,-6.195285365210533,-6.283011465596397,-6.283140003920124,-343.06092420171353
549.0,-2.226790471282213,-2.602438164958886,-1.541084903449199,-6.211031333839593,-6.282907205968669,-6.283166913441144,-344.02434355074524
550.0,-2.2272159105487415,-2.6029611404375164,-1.5409987795455913,-6.228515526588966,-6.282786191277034,-6.283177946089248,-344.98905350627706
551.0,-2.2275304341778654,-2.603508080720251,-1.540904966921554,-6.24682935666215,-6.28283992020851,-6.283182485948516,-345.9551517644637
552.0,-2.2274430567532475,-2.6040615774871263,-1.5408892351980314,-6.265525617862333,-6.2831325993434355,-6.283184356777205,-346.9228262514983
553.0,-2.2268376936121923,-2.6042067300335345,-1.5416474068366506,-6.2760558973088845,-6.283431617693203,-6.283185141038795,-347.8915651857385
554.0,-2.22674431104461,-2.6040373116521316,-1.5428008232178438,-6.280589088762353,-6.283180139650917,-6.283185427101117,-348.8606113123781
555.0,-2.2275680178650976,-2.6038328858517925,-1.5437530207023906,-6.282637110433478,-6.282538203717995,-6.283185499571122,-349.82934676005755
556.0,-2.229237406869861,-2.6035751988386258,-1.544581404529067,-6.283350392679033,-6.281830186390986,-6.283185512380178,-350.79724832349825
557.0,-2.2322445232398374,-2.6030901795326025,-1.5451306136944385,-6.283512959936591,-6.281212621830804,-6.283185509230612,-351.7635959241067
558.0,-2.2353242227867627,-2.6028244300506653,-1.5455654523801827,-6.283551786999734,-6.281084298434869,-6.283185486716059,-352.72829783383594
559.0,-2.2373429155580467,-2.6028671491922393,-1.5461226857270043,-6.283588389512541,-6.2812879730730025,-6.283185478871031,-353.6919005997975
560.0,-2.2403626208925287,-2.602582523544161,-1.5464509728866167,-6.283618196127268,-6.2809798583662735,-6.283185493972371,-354.65397337378374
561.0,-2.2431804509053768,-2.602478388682687,-1.5467548626080252,-6.283623123387563,-6.281053359510515,-6.283185478648724,-355.614549178977
562.0,-2.2444725720016,-2.6025088363874946,-1.5473308394276701,-6.2836712315261725,-6.281763468075912,-6.283185474954784,-356.5743364235147
563.0,-2.244863447463463,-2.6023972839341076,-1.5480838635625258,-6.283744840069881,-6.282439917240576,-6.283185480462397,-357.53376954585326
564.0,-2.2449104414815246,-2.6021937956768704,-1.5488625011655186,-6.283802052577691,-6.2828559711164225,-6.283185483448658,-358.4930265475866
565.0,-2.245231662806396,-2.602000449858766,-1.5494967433364528,-6.283829513968136,-6.282772495749043,-6.283185486140434,-359.45203786921235
566.0,-2.2448179680491758,-2.6017703223541204,-1.5502221570848624,-6.283867831625468,-6.282853422224588,-6.283185481190946,-360.4111051592229
567.0,-2.2439026278533807,-2.6015267268528715,-1.55099179990523,-6.283913204020606,-6.283465802807479,-6.283185482529984,-361.3704532939704
568.0,-2.2432431232512617,-2.601324474245698,-1.5516145537422494,-6.283935801873359,-6.2834818292670045,-6.283185485377064,-362.3300372368078
569.0,-2.242206678840902,-2.6011199493277406,-1.5522431351933432,-6.283961000197469,-6.283650648616569,-6.283185482452859,-363.2900082412477
570.0,-2.2411930101829842,-2.6009402738745417,-1.5527959757295875,-6.28398396441957,-6.283653630514947,-6.283185484324863,-364.2503998313906
571.0,-2.241053968236875,-2.6008427005346726,-1.553072381055586,-6.283978283861107,-6.283248330251383,-6.2831854876563895,-365.21087041915695
572.0,-2.2414588220463507,-2.600800877586766,-1.5531676509613874,-6.283961575297358,-6.282889608308247,-6.28318548573433,-366.17115634129857
573.0,-2.241271881709427,-2.600730466827703,-1.5533785750819353,-6.283971480336872,-6.283258649263082,-6.283185480435154,-367.13145137037117
574.0,-2.241250374893756,-2.600679896455477,-1.5535356558000928,-6.283980405676336,-6.283127692848462,-6.283185483552237,-368.0917521808021
575.0,-2.240610370937317,-2.6005924382919714,-1.5538142237875554,-6.283998156696896,-6.2834658074637,-6.283185479750906,-369.05227954282225
576.0,-2.2396362002088233,-2.6004888198975755,-1.5541504012963947,-6.284023037396602,-6.283610113776187,-6.28318548138422,-370.01322454487644
577.0,-2.2389713044759385,-2.600414903743089,-1.5543783055735612,-6.284030457209237,-6.28352660127346,-6.283185484177398,-370.9744817326388
578.0,-2.2387270014547043,-2.6003793756605584,-1.5544726649621698,-6.284023559961205,-6.283343965432475,-6.283185484641223,-371.9358680739489
579.0,-2.2389906436879667,-2.6003870536818687,-1.5544270758694803,-6.284008207131142,-6.282985638746507,-6.283185484863916,-372.89716830780435
580.0,-2.238606079286765,-2.600354149989494,-1.5545286325781216,-6.284015331591757,-6.283365597273997,-6.2831854794854065,-373.8585912184121
581.0,-2.237432177642692,-2.600268950301539,-1.5548165841012955,-6.2840455514580364,-6.283670032304782,-6.283185478929307,-374.8205134358464
582.0,-2.2369807294656145,-2.600237490486088,-1.5549145260603854,-6.284047995169308,-6.283377875153193,-6.283185485666925,-375.7826958890344
583.0,-2.237045002361328,-2.60024674305821,-1.5548639061684972,-6.284029596261294,-6.283146908855469,-6.283185484580358,-376.7448783254857
584.0,-2.2369212730865464,-2.6002470418974672,-1.5548540059271938,-6.284025327890513,-6.283238489843743,-6.283185481545444,-377.7071081138237
585.0,-2.2369708581985677,-2.600260841579878,-1.5548077182928892,-6.284022350023729,-6.283103422921508,-6.283185482932691,-378.6693384026021
586.0,-2.2369268030816047,-2.600233175766553,-1.5548423783431153,-6.28343088518138,-6.283184564348006,-6.280641764212361,-379.6315270270667
587.0,-2.237503877719601,-2.60031028419744,-1.5546296783055298,-6.28386351283515,-6.2824694594139086,-6.282185245079744,-380.5935687133409
588.0,-2.2377659685858986,-2.6003423785169613,-1.5545318947349838,-6.283983478555279,-6.282801267008988,-6.282773361782261,-381.5554679758951
589.0,-2.238721930357738,-2.6004147845477523,-1.5543017094357832,-6.28398233911315,-6.282290915696793,-6.283016214028197,-382.5169919993696
590.0,-2.2396304510628946,-2.6004781047332073,-1.554097672934117,-6.283968910998145,-6.2823120638981305,-6.283115941443239,-383.4780853484523
591.0,-2.2403205955203074,-2.6005204228243346,-1.5539724407399829,-6.283968802223648,-6.28242379642502,-6.2831569127341895,-384.43884190717523
592.0,-2.241124914604632,-2.600564425260898,-1.5538398684488195,-6.283964596335775,-6.281185486490368,-6.28317374569387,-385.39931274333344
593.0,-2.241852702716658,-2.600597475999628,-1.5537400395587122,-6.283961570028787,-6.281902619133325,-6.283180660028856,-386.3593857042652
594.0,-2.242649239938144,-2.6006310493048828,-1.5536376277406208,-6.28395756831153,-6.282149328007852,-6.283183501142102,-387.31905894205806
595.0,-2.243768064087933,-2.6006830234100162,-1.5534711164395358,-6.283945738512391,-6.282019263517896,-6.281684279005389,-388.27821802998193
596.0,-2.245120904109337,-2.6007471121242856,-1.5532635927335163,-6.283930637200215,-6.281859939795875,-6.282595168344167,-389.23674977068634
597.0,-2.246639082031759,-2.600817710994408,-1.5530381525917905,-6.283916909525869,-6.281702526635096,-6.2829422586872345,-390.1945733301556
598.0,-2.247269613457636,-2.6008202824907545,-1.5530460130760313,-6.2839304598600565,-6.282349706397693,-6.283085577046752,-391.15200366410795
599.0,-2.2480672164466253,-2.6008292589526403,-1.5530324694846018,-6.283937699274212,-6.282268375492022,-6.283144441418055,-392.10905651900816
600.0,-2.2489242108719334,-2.6008389497227733,-1.5530027273518814,-6.283933925884649,-6.282289863195695,-6.283168621598416,-393.06568135202116
601.0,-2.2491146454353905,-2.600801066205722,-1.5531334496905778,-6.283949600544909,-6.2827997260882364,-6.28317855255699,-394.02213156671843
602.0,-2.2486279207708995,-2.600716367410034,-1.553421288756544,-6.283978948961669,-6.283331243541809,-6.283182633766483,-394.9787243559021
603.0,-2.248368415854193,-2.6006506877666133,-1.553633907125235,-6.28399092478297,-6.283266026766468,-6.283184314438685,-395.93542948159626
604.0,-2.2479819465410453,-2.6005821937437377,-1.5538455665154869,-6.283998159283352,-6.283352569822385,-6.283185001707224,-396.8922796030456
605.0,-2.247713917882906,-2.6005294222182034,-1.5540063901426435,-6.284003562404415,-6.28331095473274,-6.283185286002766,-397.84924632966244
606.0,-2.2473999834145966,-2.6004802498590847,-1.5541549425264252,-6.284007843111066,-6.28333554147348,-6.2831854013145145,-398.8063406047752
607.0,-2.246724492272787,-2.600412136722607,-1.5543711846327588,-6.284021776886943,-6.28348395558899,-6.283185447713705,-399.76371625908
608.0,-2.245452566629028,-2.6004322815593994,-1.5544103896463901,-6.284127192486642,-6.283721531497887,-6.283185470834821,-400.72169816387105
609.0,-2.2442350998849756,-2.6003499670093433,-1.5546330557354804,-6.284075573033075,-6.2837249013928425,-6.283185475471335,-401.68025684731344
610.0,-2.242614691989202,-2.6002157022017727,-1.555028076706952,-6.284075962212697,-6.2838541891628426,-6.2831854768143,-402.6395334434686
611.0,-2.2416963788831517,-2.600147449092446,-1.5552214169966736,-6.284075296826671,-6.283631115683424,-6.283185484474225,-403.5992798661042
612.0,-2.2409748573296575,-2.600105707107326,-1.555328524538402,-6.284066466815104,-6.283569632400842,-6.283185482879939,-404.55937054924624
613.0,-2.2403763466096662,-2.600081942683657,-1.5553896914822758,-6.28406340030766,-6.283505062021923,-6.2831854830703096,-405.51975834198805
614.0,-2.239668062774009,-2.600056103050973,-1.555465332686651,-6.2840653001231646,-6.283537060599667,-6.283185481835657,-406.4804800806772
615.0,-2.2381156632973456,-2.5999752908616105,-1.5557322921054093,-6.284089293154051,-6.283825651451177,-6.2831854786234835,-407.4418870448326
616.0,-2.236572671796666,-2.6000218902881653,-1.5556866651715828,-6.284190641454908,-6.283823300494377,-6.28318548694156,-408.40408996870457
617.0,-2.2355003402569027,-2.5999948013025582,-1.5557217792543079,-6.284123408047856,-6.283695093188517,-6.28318548284733,-409.3668419314041
618.0,-2.23480700992909,-2.599967823127608,-1.5557602801796369,-6.284089715722724,-6.283562713981195,-6.283185482468667,-410.3299463783677
619.0,-2.235125758216387,-2.6000225210516623,-1.5555512199227943,-6.284055855396946,-6.2817964183592006,-6.283185485685231,-411.29308149460405
620.0,-2.234889252212949,-2.6000422466124036,-1.555476948789476,-6.284046720501055,-6.282850904652042,-6.283185479317599,-412.25624802181954
621.0,-2.235077489642541,-2.60009103064937,-1.5553223450081102,-6.284039618156216,-6.282796421789643,-6.283185483630114,-413.21936712328545
622.0,-2.2354519014844474,-2.600148891288287,-1.5551332342330888,-6.284024341205425,-6.282776661825589,-6.283185482257523,-414.1823317025335
623.0,-2.235624666919549,-2.6001883831193995,-1.5550119235645787,-6.284020732847371,-6.282930399414463,-6.28318548072154,-415.14521199148584
624.0,-2.2358137398282287,-2.6002239879514146,-1.5549057006583598,-6.284018865580255,-6.282931388518782,-6.283185481659621,-416.1080179209076
625.0,-2.236306662610675,-2.600275930152098,-1.5547407174309065,-6.284008043274098,-6.282715778041463,-6.283185482905967,-417.070629742786
626.0,-2.2366949541685734,-2.6003160737333895,-1.554614791496552,-6.2840016201136,-6.282775018082964,-6.283185481094305,-418.0330583517084
627.0,-2.2363656014359674,-2.600301867995594,-1.554675854997398,-6.284016623344348,-6.2832842093613905,-6.283185478542532,-418.9955833252663
628.0,-2.2360700225700842,-2.6002868777833594,-1.554736263555115,-6.284027144118112,-6.283288906638292,-6.283185482031788,-419.9582534403288
629.0,-2.236709076078546,-2.600243681689273,-1.554721300861605,-6.28243770299894,-6.282657384133092,-6.283185492139511,-420.92055710853157
630.0,-2.237758452372609,-2.60048947207172,-1.5540782418853956,-6.283182949561521,-6.282295745075391,-6.283185471748757,-421.88253142119913
631.0,-2.2382888405673187,-2.6005822816567674,-1.553804151131108,-6.283878331153252,-6.282593071887577,-6.283185480226972,-422.844305987272
632.0,-2.2381260047495,-2.60055045085857,-1.5539090408857434,-6.283976848826842,-6.283111108340936,-6.283185482506101,-423.80609640112505
633.0,-2.2377795090492985,-2.6003175673174406,-1.5543807341134543,-6.2808380106784405,-6.28329565575006,-6.28318549497384,-424.7677193436748
634.0,-2.237704453634198,-2.600453782886377,-1.554180000768647,-6.283493959102163,-6.283182391619966,-6.283185458816383,-425.72963115471424
635.0,-2.238588355198148,-2.600521520967137,-1.5539672778857552,-6.283927895716025,-6.282485652643397,-6.2831854999914505,-426.69125621429873
636.0,-2.240174928374853,-2.6006210037624844,-1.5536415386567206,-6.283938700414525,-6.2818614827391945,-6.283185492357469,-427.6522063309527
637.0,-2.2412907948468765,-2.6006807914415617,-1.5534580089771473,-6.283935412014526,-6.282075239786134,-6.2831854827259574,-428.6125948731851
638.0,-2.2416233440842244,-2.60067811572337,-1.553491932682613,-6.283955414038646,-6.282621476867328,-6.283185479440679,-429.57275328155225
639.0,-2.2412844352769867,-2.6006224892059504,-1.5536958206916718,-6.283983234874611,-6.283213672557338,-6.2831854792829125,-430.53298970470223
640.0,-2.2408535373667733,-2.6005591420005874,-1.5539106771667304,-6.284001023989475,-6.283338971819004,-6.28318548189716,-431.4933991449437
641.0,-2.240201861485923,-2.60056432742304,-1.5539591391443854,-6.284066623432287,-6.2834689420231,-6.2831854844572845,-432.4541153924164
642.0,-2.2397722426615814,-2.600516991837487,-1.554077929066606,-6.284025258905451,-6.283404254757247,-6.283185482339256,-433.41503868904306
643.0,-2.240063831585511,-2.6005052784181286,-1.5540764563396816,-6.283998928428142,-6.282945849941204,-6.283185484429278,-434.37586702585503
644.0,-2.2404297001205062,-2.600508020362877,-1.5540451226800762,-6.283986330344221,-6.282868982809981,-6.283185482085338,-435.33651830935827
645.0,-2.2403679380625023,-2.600485427440373,-1.5541163537623357,-6.283994099125528,-6.28314163658895,-6.283185480125524,-436.2971558628606
646.0,-2.240138717011776,-2.6004528094968453,-1.55422621715248,-6.284005447338957,-6.283255460432203,-6.283185481333396,-437.25787999639005
647.0,-2.240171723861671,-2.6004401048105383,-1.5542639287134379,-6.284004740524486,-6.283110804792503,-6.283185483267714,-438.21860097725937
648.0,-2.240355550430336,-2.6004401315462897,-1.5542562265715367,-6.283999019394355,-6.283009935208184,-6.283185482810285,-439.1792405680746
649.0,-2.240904320991051,-2.6004672958090045,-1.554160583405866,-6.283987679504112,-6.282705171855983,-6.283185483741166,-440.1396542550941
650.0,-2.2410924346005356,-2.60046933406407,-1.5541537232064455,-6.283988603032697,-6.282938385050283,-6.2831854803178695,-441.0999434443192
651.0,-2.2410395157766296,-2.600453776071335,-1.554212056056696,-6.283998760119923,-6.2831111696664985,-6.2831854809674175,-442.0602335841723
652.0,-2.2409552041885044,-2.6004354045383673,-1.5542750915290469,-6.28400448579219,-6.283178825244136,-6.283185481843092,-443.02055086046823
653.0,-2.2409090436193253,-2.60042046403178,-1.5543223100675478,-6.284006214727834,-6.2827036927962805,-6.28318548220242,-443.980918823792
654.0,-2.24108479855858,-2.6004224458010605,-1.5543109909441142,-6.284001973353881,-6.282809124226822,-6.283185483234788,-444.94120187147604
655.0,-2.2412443324330247,-2.600424599411309,-1.5542998911913615,-6.2839989151181035,-6.282928570882465,-6.283185481965885,-445.9013942619881
656.0,-2.241445082984942,-2.6004301840379584,-1.5542810334772146,-6.283997689045375,-6.282924987621509,-6.283185482263587,-446.86149134809807
657.0,-2.2425055102433022,-2.6004953504227046,-1.5540609727200743,-6.283975196678108,-6.282278126822937,-6.283185485740467,-447.8211675841766
658.0,-2.2436292013652377,-2.6005628496853563,-1.553835239289069,-6.283955572920813,-6.2821627496143435,-6.283185481874758,-448.78032115769645
659.0,-2.2439817059632468,-2.6005724564821024,-1.5538180240340391,-6.283966720969636,-6.282667513805973,-6.283185478227325,-449.73924169680504
660.0,-2.243464996050443,-2.600516632828758,-1.5540230947447415,-6.283997317965906,-6.283331454639139,-6.283185477929945,-450.69831822463266
661.0,-2.242440216912271,-2.6004237688414396,-1.554340423415404,-6.284027626103531,-6.283599759700023,-6.282591212033617,-451.65782676446116
662.0,-2.241030543841204,-2.6003077538378614,-1.554720272805198,-6.284054581005321,-6.28377418218244,-6.282951804253364,-452.6179569076094
663.0,-2.2399099062589816,-2.600220138597682,-1.5549935864085922,-6.2840657627671765,-6.283699429971594,-6.283089203744266,-453.5786201705255
664.0,-2.2397887613925924,-2.600212059567474,-1.5549917344169937,-6.284046838402587,-6.283244811115553,-6.283145941542244,-454.5394049245605
665.0,-2.2402853105872205,-2.600254983192879,-1.554824049993994,-6.284017724234456,-6.282824251125725,-6.2831692390872504,-455.5000090036809
666.0,-2.240572310566276,-2.600286529298818,-1.5547133313786283,-6.284007987553132,-6.282904246221086,-6.283178807110233,-456.4604711586938
667.0,-2.2412617900582568,-2.6003447854405612,-1.5545249989044065,-6.283996264143937,-6.282552333751112,-6.28318274183026,-457.42066061618567
668.0,-2.2417814423049878,-2.6003871227458024,-1.554390790165718,-6.28398908951219,-6.282653173169021,-6.283184354364123,-458.3805953029886
669.0,-2.241358609527961,-2.6003593753190706,-1.5544991420555125,-6.2840103715906075,-6.28331644736002,-6.283185014850508,-459.34064829621275
670.0,-2.240815411522301,-2.600320190641956,-1.554641792247366,-6.284028927849991,-6.283407762704063,-6.283185291308766,-460.3009477031111
671.0,-2.2394950994877663,-2.6002270233434666,-1.5549521697318984,-6.284054621910065,-6.283735393981029,-6.283185400536588,-461.26180706476663
672.0,-2.2388387662925413,-2.6001846266199977,-1.5550851564762147,-6.2840598576725055,-6.2834814563606916,-6.2831854535583265,-462.22302080151144
673.0,-2.2392579678394586,-2.6002227939591576,-1.5549340087058359,-6.284029452121996,-6.282863868597871,-6.283185473901739,-463.1841194782489
674.0,-2.239300321167443,-2.600238833074177,-1.5548688722294974,-6.284018998614307,-6.28311819540845,-6.2831854751698994,-464.14516845827353
675.0,-2.239596903956316,-2.600273095891909,-1.5547593308584977,-6.284014343974524,-6.282882749712791,-6.283185481037087,-465.1061175712905
676.0,-2.2391449922341025,-2.6002528437421057,-1.5548329279109288,-6.284025518756042,-6.283388107748199,-6.28318547750995,-466.06721606843064
677.0,-2.2386867425389867,-2.6002307666686737,-1.5549151801699708,-6.284037977662503,-6.283392976563472,-6.28318548171186,-467.02853803300786
678.0,-2.2389697495227128,-2.6002600540322165,-1.5548122582366903,-6.284023006989765,-6.282936877773192,-6.283185485049852,-467.98979036304087
679.0,-2.2386610747997935,-2.600248634434329,-1.554846729785709,-6.28402477350655,-6.28333055136416,-6.283185479325856,-468.95113697749275
680.0,-2.2381106964526767,-2.6002206762500215,-1.5549464389615708,-6.284039001664169,-6.283422332977726,-6.283185481127382,-469.9127352644326
681.0,-2.23757576692424,-2.6001940605505056,-1.555034244357118,-6.284045092766688,-6.283442869712283,-6.283185482121732,-470.8745860788206
682.0,-2.237302430520254,-2.6001875444515368,-1.555049842444578,-6.284041894855111,-6.283335082398126,-6.283185483394783,-471.8365867060769
683.0,-2.2373573722334585,-2.6002059583613777,-1.554980862722389,-6.284030897245141,-6.283136964696753,-6.28318548361706,-472.79859325991134
684.0,-2.2378294458175767,-2.6002542481491027,-1.554815422359393,-6.284013834660678,-6.282802732341872,-6.283185483878025,-473.7604259418882
685.0,-2.2382256255813187,-2.6002957596869636,-1.554679388722074,-6.284004479495787,-6.2828050909676545,-6.283185481450367,-474.7220772553923
686.0,-2.238369763603844,-2.6003164181330676,-1.5546209338491093,-6.284006937258369,-6.28295839540296,-6.27851080286549,-475.6836487901265
687.0,-2.2389039256983807,-2.6003602944902116,-1.5544829730526417,-6.283998880693021,-6.2826721671047885,-6.281347317717654,-476.64501142468123
688.0,-2.240384420607388,-2.600466205440099,-1.5541311715499457,-6.283966214210838,-6.281932385492267,-6.282428116482072,-477.60577159654696
689.0,-2.241952287127513,-2.600572730497605,-1.5537829835939618,-6.283940743862407,-6.281755385934258,-6.282874403708794,-478.56581301258166
690.0,-2.242906255302998,-2.60062829890899,-1.553620751993791,-6.283943874806241,-6.282119762481117,-6.28305768160735,-479.52535953059447
691.0,-2.2436930547914313,-2.6006628918531107,-1.553530327235574,-6.283950623501241,-6.282260116182532,-6.283132979747425,-480.48451761584886
692.0,-2.243591831698522,-2.6006281987101065,-1.553663682054096,-6.283972638103059,-6.282999854447068,-6.283163909377897,-481.4436232543228
693.0,-2.243542515758957,-2.600594037511993,-1.5537878681891322,-6.283987312255746,-6.283055499173867,-6.28317662173065,-482.40273912297744
694.0,-2.2441030388073075,-2.6006026511876454,-1.5537519031941676,-6.2839758514284165,-6.282680723594237,-6.2831818446604855,-483.36162415825453
695.0,-2.2440205486263443,-2.6005684499952206,-1.5538599053273907,-6.283983233623958,-6.283148289574067,-6.28318398389555,-484.3204732335352
696.0,-2.2435140159599603,-2.600506903569374,-1.5540679790170486,-6.284004945833027,-6.283376801743584,-6.283184866193192,-485.2795186572824
697.0,-2.2430174399798575,-2.600448864097973,-1.5542559103616829,-6.284016625773851,-6.283411677147749,-6.283185229991092,-486.2387819664302
698.0,-2.2432215175571657,-2.6004444692621194,-1.5542558215909472,-6.284005703564773,-6.282989260301348,-6.283185381849584,-487.1979953548641
699.0,-2.244299951179136,-2.6005054147076088,-1.5540354151008413,-6.283974963398266,-6.2823243894498955,-6.283185443521485,-488.1567740971353
700.0,-2.245177786385527,-2.6005534613370735,-1.5538712588528527,-6.283961179914959,-6.282367315958436,-6.283172886418576,-489.11512407169624
701.0,-2.2458672314428068,-2.6005522280939015,-1.5538312168543917,-6.283391832959079,-6.282436415544207,-6.283180529097928,-490.0730828329078
702.0,-2.2462175379167393,-2.6005830302686483,-1.5537831377712743,-6.2838314244530515,-6.282703141580076,-6.283183434337047,-491.03087721948384
703.0,-2.2466975385259724,-2.600599286196019,-1.5537445185180367,-6.28395593396399,-6.282640500572001,-6.283184646735821,-491.9884605177186
704.0,-2.2468509922529782,-2.600585621738459,-1.5537966556473666,-6.283975824376844,-6.282917235655424,-6.283185137626589,-492.9459275822061
705.0,-2.2471262652961204,-2.600579078904916,-1.553822696077607,-6.283980200479068,-6.282846397081627,-6.283185341876067,-493.90326525945954
706.0,-2.247309583407833,-2.6005660006369116,-1.5538645743482937,-6.2839819398553605,-6.282942294984882,-6.283185423766905,-494.8604923384934
707.0,-2.247540258545162,-2.600557169624607,-1.5538925466651323,-6.283983397224868,-6.282909207020054,-6.283185458608443,-495.8176044728041
708.0,-2.247195105554804,-2.600509294456645,-1.5540513821217385,-6.283997870194052,-6.283320237336913,-6.283185469829394,-496.77481430210463
709.0,-2.2467921023750472,-2.6004595657216294,-1.5542163565598,-6.2840116492987805,-6.283359027969646,-6.283185478091767,-497.73220018384234
710.0,-2.2459900813062315,-2.600385499241548,-1.5544556360583124,-6.284027477541344,-6.283539153175167,-6.283185478910999,-498.68992197378486
711.0,-2.2455511302450994,-2.600342260856449,-1.554588751100545,-6.284031814445326,-6.2833960961701125,-6.283185483592575,-499.647868041742
712.0,-2.2450257811861896,-2.6002988382993455,-1.5547176146151567,-6.2840333296435675,-6.283445624149193,-6.283185481787926,-500.60604446153053
713.0,-2.244884443085987,-2.6002878810942054,-1.554742456476341,-6.284029110188138,-6.283247007807566,-6.283185484185561,-501.56431609319316
714.0,-2.2448290029215356,-2.6002867786275363,-1.5547351923030883,-6.284022309615978,-6.283216361370707,-6.28318548259019,-502.522616752861
715.0,-2.244933235029234,-2.600299142398307,-1.5546896342414145,-6.284016721769397,-6.283079946985322,-6.283185482911397,-503.4808876524157
716.0,-2.2446424801299263,-2.600284478235687,-1.5547388082864748,-6.284022471318091,-6.283316817459423,-6.2831854802837315,-504.4392644883207
717.0,-2.244532856456533,-2.60028255162768,-1.5547475117092429,-6.2840246522770284,-6.283210234057797,-6.28318548291908,-505.39771275060235
718.0,-2.243947622947618,-2.600247662070228,-1.554862902446553,-6.284034231129316,-6.283423501695688,-6.283185479872689,-506.35640157887616
719.0,-2.2435923153087947,-2.6002302588681725,-1.5549204793704268,-6.2840388799025595,-6.283335738308084,-6.283185483346931,-507.31527816028324
720.0,-2.2435265411344245,-2.6002347588934493,-1.5548973282062564,-6.284030712870399,-6.283221286869754,-6.283185483382538,-508.27420502099795
721.0,-2.2435246574135763,-2.6002454713260423,-1.554856582260898,-6.284024600973409,-6.2831756982006235,-6.283185482451865,-509.2331426333257
722.0,-2.2432250375925187,-2.6002361729100967,-1.5548890848016277,-6.284028427191643,-6.273412357614989,-6.282375113245855,-510.1929194402212
723.0,-2.2418640878782767,-2.6001516443206447,-1.5551768877872583,-6.284061449631629,-6.279719095594919,-6.282866830247819,-511.1528872122466
724.0,-2.2414934703353984,-2.60014002616942,-1.5552111201135976,-6.284058588202248,-6.281734040451544,-6.283054194596041,-512.1128981451444
725.0,-2.2422685350439706,-2.6002110662608984,-1.5549547745975385,-6.284021190909697,-6.281922795133446,-6.283131561413073,-513.0725699743748
726.0,-2.243776720185551,-2.6003341813420002,-1.5545341864117863,-6.283978641888879,-6.281664534144977,-6.283163331338268,-514.0315861248492
727.0,-2.2446700727100706,-2.600409863668216,-1.554294447736065,-6.283969697739649,-6.282148735668791,-6.28317637755953,-514.9901340424589
728.0,-2.244708808691972,-2.6004175185038902,-1.5542977703666572,-6.2839904805887015,-6.282827849845685,-6.283181738707555,-515.9485925400201
729.0,-2.2454212160640994,-2.6004642653813637,-1.554159376033963,-6.283985089745658,-6.282435590004693,-6.283183948422021,-516.9067733290894
730.0,-2.245746276259003,-2.600478811250159,-1.5541156728721304,-6.28398250809348,-6.282776613039606,-6.283184848673785,-517.8647537563154
731.0,-2.2461298981212683,-2.600412116230545,-1.554209837217616,-6.282581774763057,-6.282727148503612,-6.283185227889709,-518.8224270826443
732.0,-2.246620847179982,-2.600508729162189,-1.5540114294921699,-6.283828911533472,-6.277034119916395,-6.283185366957925,-519.7803956444826
733.0,-2.247174413783887,-2.6005384847355795,-1.5539234459847082,-6.283962926429581,-6.280146177126127,-6.283185445047841,-520.7379151202645
734.0,-2.247145401292003,-2.600521178544493,-1.553992657151297,-6.283984407598634,-6.282047839110713,-6.283185463491263,-521.6952650253882
735.0,-2.2477814116829102,-2.6004408966589225,-1.5540899072167143,-6.282167084379101,-6.282144662594371,-6.283185486359818,-522.6521552031454
736.0,-2.2493374011292375,-2.6006223645056896,-1.5536216439981962,-6.283704366986494,-6.28169335655814,-6.283185471109856,-523.6085133629815
737.0,-2.2506791925153937,-2.6007061814276358,-1.5533638026321246,-6.283904101334309,-6.281836478770202,-6.28318548660494,-524.5642365380895
738.0,-2.2515686393240704,-2.6007432154903154,-1.5532704042298382,-6.283933404867332,-6.2821457562470195,-6.283185482825968,-525.519498554591
739.0,-2.2523006042624005,-2.600759811171057,-1.5532375094068291,-6.283942244063025,-6.282312740013161,-6.283185482206454,-526.4743857005591
740.0,-2.253199213147562,-2.6007821104534106,-1.5531736473382478,-6.283939694348776,-6.2822391855829505,-6.2831854829376885,-527.4288439032429
741.0,-2.2538889727224443,-2.6007865796849843,-1.5531640137694411,-6.283941306515109,-6.282414164183638,-6.28318548102842,-528.3829364890381
742.0,-2.254582890143879,-2.6007895148239295,-1.5531594100873638,-6.283943674372365,-6.282421562375402,-6.283185482009741,-529.33668345265
743.0,-2.2545286398361863,-2.600739201740902,-1.5533312106864336,-6.283962356720488,-6.283018503708044,-6.283185478622317,-530.2903619302048
744.0,-2.254610326363803,-2.6007528100289106,-1.5533371007627972,-6.284008373926439,-6.282976855551509,-6.283185484886958,-531.24401662388
745.0,-2.254370269738523,-2.6006974015513173,-1.553496634844941,-6.283986830919031,-6.283268459490185,-6.283185479847263,-532.1977294587979
746.0,-2.2534386329873612,-2.600584721083392,-1.5538523633365098,-6.2840075513369325,-6.283563882649508,-6.283185478662941,-533.1518107707686
747.0,-2.2524884448508256,-2.6004802750885467,-1.554184157559154,-6.284027613207476,-6.2836136540525525,-6.283185482347341,-534.1063163449694
748.0,-2.252139821191919,-2.600427883244614,-1.5543331775051876,-6.28402385265255,-6.283375774875507,-6.283185485312372,-535.0610073074696
749.0,-2.2512785355429554,-2.6003495150510156,-1.554572065351415,-6.284033065237163,-6.28357793527494,-6.283185480421618,-536.0160538005877
750.0,-2.2504636186304023,-2.600408735847635,-1.5544784964986258,-6.284126893730472,-6.28356959797538,-6.283185487689427,-536.9715414812395
751.0,-2.2496507788647016,-2.600359723356312,-1.5545858070471348,-6.28406175198912,-6.283585513389903,-6.2831854805679805,-537.9274123856005
752.0,-2.2485927029276076,-2.60026751419766,-1.5548461447662718,-6.284054728944645,-6.28367057135153,-6.283185479676291,-538.8837535066039
753.0,-2.246950029755854,-2.600148398078974,-1.5552202288148747,-6.28407796044645,-6.28385575323653,-6.283185479279056,-539.8408255585651
754.0,-2.2452008929319716,-2.600033471950805,-1.555584490474965,-6.284100752578456,-6.283885671659832,-6.2831854821447335,-540.7987135570544
755.0,-2.244020317871689,-2.5999694033105722,-1.5557714206893507,-6.28410147715829,-6.283728764581882,-6.283185485408802,-541.7571907760367
756.0,-2.243518126436355,-2.5999630230890283,-1.5557638170335402,-6.284083427580253,-6.283487879588073,-6.283185485857393,-542.7159528987007
757.0,-2.243269156525005,-2.5999815818787306,-1.5556834001976845,-6.284066257524467,-6.2833626978360435,-6.283185483690345,-543.6748633652427
758.0,-2.2428684561609513,-2.600064256870892,-1.5554700802031172,-6.28410838198213,-6.283388986010285,-6.283185484150286,-544.6340058446062
759.0,-2.2425784036225678,-2.6000886205267397,-1.5553691009345436,-6.284065227551902,-6.28334016584049,-6.283185481368938,-545.5933170631379
760.0,-2.2417924590008504,-2.6000580268151388,-1.5554563163265562,-6.284062864647669,-6.283535373656925,-6.283185478551752,-546.5529734096593
761.0,-2.241324024709094,-2.600052717793241,-1.5554708170114249,-6.284063556749653,-6.283408382996034,-6.283185483047203,-547.5128862012854
762.0,-2.2409828592656686,-2.600057971520389,-1.5554461849070345,-6.284056607509897,-6.283373285420113,-6.28318548231742,-548.4729753010349
763.0,-2.240675936527543,-2.6000668088575827,-1.555414536087905,-6.2840531538663225,-6.283347349864883,-6.283185482201093,-549.4332257217848
764.0,-2.2407238952417736,-2.60010025644544,-1.5553021179336255,-6.284042640065859,-6.283126403096847,-6.283185483517238,-550.3934975606702
765.0,-2.241284558699978,-2.6001679743472597,-1.5550754167219487,-6.2840215894376605,-6.282733398189351,-6.283185484065176,-551.3535676461989
766.0,-2.2420277376872684,-2.6002450244050577,-1.5548231885540718,-6.284002703888057,-6.282529793565136,-6.28318548240746,-552.3133241787879
767.0,-2.2425022972660438,-2.6002977852460285,-1.5546614313602942,-6.283998227717703,-6.280185677876099,-6.2831854798943985,-553.2730299035422
768.0,-2.241841156379847,-2.60026454570159,-1.5547933250506663,-6.284024978071086,-6.282442600118007,-6.2831854770095,-554.2328593754083
769.0,-2.241011352153789,-2.600215864293506,-1.5549706105777052,-6.284047727838279,-6.283302863501361,-6.2831854810211265,-555.1930090760815
770.0,-2.2405202327002316,-2.600190582862542,-1.5550507645392537,-6.284048970301674,-6.283351015298201,-6.283185483586103,-556.1533968304212
771.0,-2.2402267505603235,-2.6001820053717526,-1.555068381104807,-6.284042828102084,-6.2833289730077295,-6.283185483188263,-557.113932330703
772.0,-2.2404997343859674,-2.6002158344256836,-1.5549465550359343,-6.284026628375605,-6.282948154491788,-6.283185484752734,-558.0743954000529
773.0,-2.2409164816927842,-2.600260318526,-1.5547937620778485,-6.284011185867823,-6.282821953569953,-6.28318548257787,-559.0346835277618
774.0,-2.2417902424451936,-2.6003347768821383,-1.5545492859864019,-6.28399267204918,-6.282417034007822,-6.283185483833142,-559.9946186410467
775.0,-2.242258672198979,-2.600376353750597,-1.5544203524947442,-6.283988661592678,-6.282669664955904,-6.283185479662545,-560.9543054593184
776.0,-2.2427223391772046,-2.600412111513319,-1.5543172667662426,-6.283989835621144,-6.2826504920216735,-6.283185481595701,-561.9137836572838
777.0,-2.243096409129947,-2.600436162931483,-1.554247641203014,-6.283988995776012,-6.282744632068982,-6.283185481080763,-562.8730755719557
778.0,-2.243696491324245,-2.6004719915997114,-1.5541359969112478,-6.28398277912498,-6.282579700557446,-6.283185482691235,-563.8321059758387
779.0,-2.2443868553312023,-2.600510620097736,-1.5540122371222658,-6.283974267586855,-6.2825042077125195,-6.28318548202384,-564.7908172317063
780.0,-2.2447252180503883,-2.600521344727835,-1.553985124359793,-6.283978064345636,-6.28274828410369,-6.283185480137612,-565.7493346099229
781.0,-2.2453232144078297,-2.6005470365517183,-1.5539075582253978,-6.283975231953224,-6.28256373558344,-6.279672471457213,-566.7075904178407
782.0,-2.2458298412039097,-2.6005635846727593,-1.5538556356416489,-6.28397204074493,-6.282643291724516,-6.281804103228169,-567.6655892340394
783.0,-2.246794033106556,-2.60060997794128,-1.5537048990614704,-6.283960255895555,-6.282279088165908,-6.282616322310645,-568.6231724949564
784.0,-2.2475566002679037,-2.6006394523560963,-1.5536103757169615,-6.283954710694412,-6.28240475831556,-6.282951706198879,-569.5803690951554
785.0,-2.247873169432769,-2.6006347468274496,-1.553637253294816,-6.283965517807745,-6.282718271575271,-6.283089440685852,-570.5373690093815
786.0,-2.2482847742930443,-2.600633935858197,-1.5536473673433706,-6.283969597905291,-6.282690113750992,-6.283146028018814,-571.4941695743269
787.0,-2.249545846641691,-2.600690994220516,-1.5534544427936081,-6.283947803082925,-6.282071334403392,-6.283169277226691,-572.4504397086536
788.0,-2.2505010730588464,-2.60072516033002,-1.553340011887618,-6.283938827800421,-6.282241308074079,-6.283178821668319,-573.4062200413816
789.0,-2.2512234937437627,-2.6007403029881377,-1.5533013472934754,-6.283944754146711,-6.282364594785977,-6.2831827453324784,-574.3616329055452
790.0,-2.251990349197262,-2.6007548730818826,-1.5532610378161644,-6.28394516881191,-6.282359199858022,-6.283184358064079,-575.3166706107481
791.0,-2.2521848305196452,-2.600727073748415,-1.5533599131244962,-6.283958115422484,-6.282814708114841,-6.2831850175772805,-576.2715428198109
792.0,-2.25180002328453,-2.600689083466929,-1.5535214217337412,-6.284002778266687,-6.283284990524297,-6.28318529108492,-577.2265366005453
793.0,-2.250833364790182,-2.600584509953755,-1.5538587604555518,-6.284013445223447,-6.283575102552143,-6.283185401294015,-578.1819239299502
794.0,-2.250410506492975,-2.6006429307335948,-1.553759476385069,-6.284097263622166,-6.28336311933357,-6.28318545726063,-579.1375854682213
795.0,-2.250514050582229,-2.6006308354016663,-1.5537321707767366,-6.284010655454408,-6.283106055486947,-6.283185469444626,-580.0932241122223
796.0,-2.250118002938384,-2.6005583712273266,-1.5539243378082075,-6.283999393429179,-6.283376416722823,-6.283185472911402,-581.0489863356563
797.0,-2.249862508184915,-2.6005079935310347,-1.5540731555167406,-6.284005854901241,-6.283293053190778,-6.283185480071175,-582.0048676503523
798.0,-2.248870833148036,-2.6004140564239266,-1.554372463601776,-6.284026158872381,-6.283604172140019,-6.283185477810767,-582.9611478053582
799.0,-2.2484470890204875,-2.600367132936765,-1.5545168220252503,-6.284031562736961,-6.283357537794226,-6.2831854847945525,-583.9176611084149
800.0,-2.2474368537909712,-2.6002862117916843,-1.5547683643113726,-6.284042819935067,-6.283627714741004,-6.283185479618586,-584.8745926838926
801.0,-2.246040720730405,-2.6001862006030687,-1.5550929106457976,-6.284068102692177,-6.283770072956102,-6.283185481174662,-585.8321555121316
802.0,-2.2452801151951465,-2.600138251769054,-1.5552343582220927,-6.2840685851615925,-6.283570416788608,-6.283185485570954,-586.7901125875758
803.0,-2.2451226431772215,-2.6001402172332195,-1.555203240848232,-6.284050237953322,-6.283310256807701,-6.283185485285316,-587.748184064773
804.0,-2.2453927530341766,-2.6001776739420692,-1.5550631151085932,-6.2840298805578225,-6.28299091787828,-6.283185484325173,-588.7061749315699
805.0,-2.24619677183285,-2.600253653322311,-1.5548050347177598,-6.284005460917645,-6.282530064680067,-6.283185484380544,-589.6638525165515
806.0,-2.2462308456536935,-2.6002731348626735,-1.5547483859152629,-6.284008409234308,-6.2830380170348485,-6.283185478222866,-590.621456874636
807.0,-2.2463651653131462,-2.6002951834125074,-1.5546911697952128,-6.284013768238843,-6.282956797021207,-6.283185482232633,-591.5790209323326
808.0,-2.2462703309739327,-2.600296954048421,-1.5546921032498415,-6.2840165196717805,-6.283181744903072,-6.283185480553229,-592.5366059649502
809.0,-2.246183840472802,-2.6002972531547903,-1.554696820346941,-6.284019850300856,-6.283191750498088,-6.283185481989747,-593.4942360674205
810.0,-2.246914218829151,-2.6003532297295604,-1.5545082852714212,-6.284000016088264,-6.282590885652439,-6.283185485495303,-594.451599985205
811.0,-2.24747545233698,-2.6003956492374436,-1.5543661142305896,-6.2839876664759515,-6.282661514612097,-6.283185480932357,-595.4086881817493
812.0,-2.247265802216655,-2.600404023858645,-1.5543724823704532,-6.28401849363438,-6.283190475863144,-6.283185479272195,-596.3658227278145
813.0,-2.246458241612212,-2.6003469350208364,-1.5545688008896668,-6.284031384559915,-6.283492674933542,-6.283185478842159,-597.3232945731488
814.0,-2.2454880484097957,-2.6002727975536377,-1.5548110792031908,-6.284047735664238,-6.283610497694072,-6.283185481127403,-598.2812030279549
815.0,-2.2446337360762905,-2.600212014251733,-1.5550006057675714,-6.284055437487381,-6.28359729662808,-6.283185482841303,-599.2395131839816
816.0,-2.244698612722625,-2.6002219056123375,-1.5549482124440077,-6.284038003661927,-6.283101278140589,-6.28318548657067,-600.1978631813823
817.0,-2.2452997193049753,-2.600273996477127,-1.5547568129251217,-6.284010553222482,-6.28272326763157,-6.2831854845929875,-601.1559786291625
818.0,-2.245952655423095,-2.600330734068289,-1.5545657642297954,-6.2839951434603245,-6.282596378649039,-6.283185482217233,-602.1138060572531
819.0,-2.2472339051211563,-2.6004279907857937,-1.5542485263962869,-6.283972031333074,-6.282052203101184,-6.283185484419938,-603.0711035122429
820.0,-2.248812472107462,-2.60053943268832,-1.5538869331479535,-6.283946304984827,-6.281749197210363,-6.283185482524362,-604.0276950161322
821.0,-2.2502749215916094,-2.600634030277557,-1.5535915961242015,-6.283934019880446,-6.2817414712024435,-6.283185480610619,-604.9835977265008
822.0,-2.2521251475880937,-2.600723617501138,-1.5532478814514905,-6.2839173329719475,-6.281444086211405,-6.283185482019828,-605.9386586064666
823.0,-2.253098162287673,-2.600773802268918,-1.553139719360439,-6.283923292844049,-6.282048546987575,-6.2831854768737685,-606.8931773017231
824.0,-2.2538134737166735,-2.600792943509575,-1.5531243680329256,-6.2839372440589765,-6.282269278399612,-6.283185480227776,-607.8473261363151
825.0,-2.2545875436745204,-2.6008050651953187,-1.5531031775028672,-6.283939116026074,-6.282316397349285,-6.283185481690595,-608.801089283984
826.0,-2.255316488488213,-2.6008093492155866,-1.5530955714497445,-6.283939712193617,-6.2823860514677285,-6.2831854815605315,-609.7544807835784
827.0,-2.2552383908642595,-2.600755678618376,-1.5532803303514864,-6.2839606298405535,-6.283021677383886,-6.283185478372617,-610.7078102273222
828.0,-2.25544202969462,-2.600722362762201,-1.5533930029772605,-6.283969585007949,-6.282879339982194,-6.28318548350408,-611.6610456674514
829.0,-2.2554598499369964,-2.6006786126919867,-1.55352919564912,-6.283974327778611,-6.283083485144769,-6.2831854813082035,-612.6142245347816
830.0,-2.2553610345198005,-2.600631044112656,-1.5536807698831963,-6.283984019099208,-6.283181775022884,-6.283185481973599,-613.567420095104
831.0,-2.2551853967949054,-2.600582506472443,-1.5538335005605042,-6.283991894452716,-6.283244952117306,-6.2831854820565765,-614.5206720069922
832.0,-2.25448525843193,-2.6005023322397225,-1.5540924254774127,-6.284010539569534,-6.283472529455059,-6.283185480158946,-615.4742005880921
833.0,-2.25318116249565,-2.6003861223817766,-1.5544723936973655,-6.284040206391629,-6.283727597329212,-6.283185480049224,-616.4282890946648
834.0,-2.2515073214980883,-2.600252338274819,-1.5549045726455486,-6.284069505861301,-6.283860060453823,-6.2831854812741,-617.3831303274295
835.0,-2.2501653317951678,-2.6001526149631418,-1.555212801057674,-6.2840813079000455,-6.283772148320654,-6.2831854846191435,-618.338613776379
836.0,-2.2491718113977206,-2.6000891793811696,-1.5553938831420484,-6.28407885568191,-6.283668423076051,-6.283185484638088,-619.2945795382939
837.0,-2.2482346984730657,-2.6000405101961377,-1.5555321659128816,-6.2840781377647765,-6.283642518349984,-6.283185483251914,-620.2509925443132
838.0,-2.2473291036178398,-2.6000021966921008,-1.5556441318308092,-6.284080252548251,-6.283625514913685,-6.282131865325294,-621.2078425645796
839.0,-2.2465905873929923,-2.599981310929556,-1.555701627317802,-6.284078996320215,-6.283564142764564,-6.282771182298705,-622.1650620678186
840.0,-2.245158498902413,-2.5999164265609123,-1.5559114288779277,-6.284094940290396,-6.283795235331297,-6.283014777178507,-623.1229233102137
841.0,-2.2424164214494824,-2.5995366135971416,-1.5564603718214194,-6.284154822271086,-6.284002591005175,-6.28311536473386,-624.0819748998829
842.0,-2.2403335932673913,-2.5995184689202695,-1.5567634673034167,-6.284173372454041,-6.28393707395687,-6.283156678909477,-625.0420664133053
843.0,-2.239120844982142,-2.5995888474328943,-1.5567955992082245,-6.284146797650105,-6.283743733740867,-6.283173653653138,-626.002810953807
844.0,-2.23898338907932,-2.599683054787384,-1.5565656401483288,-6.284108379941333,-6.283272098438533,-6.283180626958473,-626.9637305862229
845.0,-2.2397671929529417,-2.599819569225304,-1.5561308188648448,-6.284061372345474,-6.2826178518857025,-6.283183489599592,-627.9243988395929
846.0,-2.2407903796683284,-2.5999608786668875,-1.5556759623125336,-6.284026443662525,-6.2823224800113575,-6.283184662358965,-628.8846534350514
847.0,-2.2415802388672543,-2.600073782914625,-1.5553271757796947,-6.284012776726452,-6.282391136291876,-6.2831851430784,-629.8445580559584
848.0,-2.243059549096716,-2.6002212544156778,-1.554863738262852,-6.2839874290473965,-6.281828201987573,-6.282833758513658,-630.8038646928993
849.0,-2.2438204736793965,-2.6003048060945395,-1.5546123829024943,-6.283982004834622,-6.282328336283309,-6.283047170351089,-631.7627665540386
850.0,-2.244663283028702,-2.6003815814279063,-1.55438904442307,-6.283981554145083,-6.282250626992734,-6.2831284956320514,-632.721300593424
851.0,-2.245070136749916,-2.600416783963826,-1.55429365104383,-6.283984654487736,-6.282633522632384,-6.283162072925057,-633.6796026613915
852.0,-2.244475469713666,-2.6003746650253112,-1.5544563345296958,-6.284012750565284,-6.283376071320391,-6.2831758614774635,-634.638094821755
853.0,-2.243429995720027,-2.600297648021706,-1.5547259164785885,-6.284042129859515,-6.283613204865111,-6.283181529681747,-635.5970433185036
854.0,-2.2432076668506027,-2.6002795363897473,-1.554778143491867,-6.284037771503882,-6.283261837357231,-6.283183863079299,-636.5561492950488
855.0,-2.2435084518398423,-2.600302088245718,-1.5546842506174763,-6.284016374950551,-6.282961068222373,-6.283184817877398,-637.5151491574003
856.0,-2.2439482595492564,-2.6003373690610707,-1.554559022924404,-6.284002540791372,-6.282801811280722,-6.283185208964242,-638.4739621381628
857.0,-2.244194168185019,-2.6003586962823246,-1.5544912242228306,-6.28400064596383,-6.282899241033066,-6.283185368536702,-639.4326492544054
858.0,-2.244427121422401,-2.6003767494280936,-1.5544385185089018,-6.284001050514668,-6.282898443071773,-6.283185435538557,-640.391230165638
859.0,-2.244743093753952,-2.6003979854686476,-1.5543727948321286,-6.283997262769397,-6.279222339984514,-6.283185462581309,-641.3499312267951
860.0,-2.2447262162603305,-2.600393398003599,-1.554393407536362,-6.2840033393759915,-6.2802712557892155,-6.283185473125941,-642.3085661628646
861.0,-2.2444351816339165,-2.6003687690018444,-1.5544809511438709,-6.284014257656621,-6.282139284229821,-6.282341668768236,-643.2671859935872
862.0,-2.244565628121668,-2.600373490834846,-1.5544647776399252,-6.284010846438871,-6.282553675862723,-6.282853682101071,-644.2257229180286
863.0,-2.244425131523605,-2.6003598779281485,-1.5545060151236354,-6.284011802769506,-6.283051290838279,-6.2830487703663,-645.1842722566192
864.0,-2.2447584408488925,-2.60038030626839,-1.5544367254558176,-6.284004874389088,-6.282800989459155,-6.283129332543575,-646.1427019193733
865.0,-2.244738415912946,-2.600376043995643,-1.5544486264108421,-6.28400502584175,-6.2831093463935295,-6.283162412079444,-647.1011003589624
866.0,-2.2450247337748652,-2.600393047172006,-1.5543949076084869,-6.284002388337885,-6.282879360726426,-6.283176006718199,-648.0593951702638
867.0,-2.24524906328988,-2.600404727940144,-1.5543552773627523,-6.283998130497101,-6.282938300455088,-6.283181588350411,-649.017573877193
868.0,-2.245830196301858,-2.6004403749455562,-1.5542384736215287,-6.283988974662415,-6.282644546332917,-6.283183884171134,-649.9755149983474
869.0,-2.2465258260655623,-2.6004819740752345,-1.5541012888344994,-6.283977716792883,-6.282531537636262,-6.283184825167965,-650.9331383963807
870.0,-2.24730302589928,-2.600526375968757,-1.5539598271804904,-6.283969873712899,-6.282422499713079,-6.283185212160068,-651.8904061712999
871.0,-2.24787335716645,-2.6005523576728313,-1.5538826023849595,-6.283969427600972,-6.2825550167844515,-6.28318536979157,-652.8473841406227
872.0,-2.2478439965201087,-2.600532639961729,-1.5539605576081001,-6.283984635769997,-6.283016441625919,-6.283185433506742,-653.804313899629
873.0,-2.2478190799489846,-2.600510951614312,-1.5540404082419466,-6.28399479849833,-6.283075758369131,-6.283185463239584,-654.7612440864301
874.0,-2.2471410552629356,-2.600443822198976,-1.5542640579889553,-6.2840137236176865,-6.283491130347707,-6.283185471477664,-655.7184248393646
875.0,-2.2467932881993584,-2.6004027480443654,-1.5543966219625285,-6.284021463184542,-6.283335127549335,-6.283185480775582,-656.6757870620152
876.0,-2.2457746015471862,-2.600319332965438,-1.554663287025054,-6.284037833303234,-6.2836247364709505,-6.283185478048784,-657.6335681876047
877.0,-2.244549581347861,-2.600227974425391,-1.5549604683033078,-6.284060501728906,-6.283714598385364,-6.2831854814169805,-658.5919089202921
878.0,-2.243816627035334,-2.6003487355872603,-1.5546975027858672,-6.2841721730149995,-6.283566702802007,-6.283185490723103,-659.5506978809647
879.0,-2.2435151360471233,-2.6003505881896127,-1.554616152444397,-6.284065691753717,-6.283394154914564,-6.283185481833584,-660.5096676899365
880.0,-2.243450648805864,-2.6003293774683964,-1.5546273577674503,-6.284026383924681,-6.283250860689874,-6.283185480839272,-661.4686767922644
881.0,-2.2434833040165927,-2.600326862431246,-1.554613628754203,-6.284016529197596,-6.283158996011278,-6.283185481407425,-662.427678300957
882.0,-2.2432845131688537,-2.600313201530932,-1.5546529102939939,-6.284019271104402,-6.28327262413127,-6.283185480548986,-663.386756144405
883.0,-2.243536079775012,-2.600332651483057,-1.5545855874533274,-6.284012132279372,-6.282946742074975,-6.283185483829473,-664.3457594955362
884.0,-2.2435672727319833,-2.6003134815306304,-1.5546075036460987,-6.283611256208987,-6.283113347896089,-6.281111404280556,-665.3046882540488
885.0,-2.2426550188390966,-2.600270802779923,-1.5547870133735338,-6.283938402998964,-6.283575257887639,-6.2823699105963255,-666.2640058977101
886.0,-2.242345627251777,-2.600256598713085,-1.5548402239067334,-6.284026764708808,-6.283294480137642,-6.282849454361339,-667.2235260233357
887.0,-2.243138515435975,-2.6003178563082376,-1.55462238017615,-6.2840051491597295,-6.282569419708437,-6.283047467760821,-668.1827654899776
888.0,-2.2438324007654122,-2.600372631091252,-1.5544340948150293,-6.2839875542933585,-6.282566773811353,-6.283128780630798,-669.1416771815079
889.0,-2.243795444975711,-2.6003738867913717,-1.5544431304149433,-6.284000124749901,-6.283046152078892,-6.283162185109263,-670.1005510196233
890.0,-2.244106596871569,-2.6003953762076617,-1.5543834779257277,-6.284000964320007,-6.282823019121619,-6.283175913994933,-671.0593124423586
891.0,-2.2437863638194924,-2.600369903452705,-1.5544724924474311,-6.284010646127128,-6.283303364685969,-6.283181547708593,-672.0181597642807
892.0,-2.2433944437259945,-2.6003389477375434,-1.5545815791185509,-6.284023658446793,-6.2833474046208835,-6.283183866874536,-672.977187307539
893.0,-2.2430866469492545,-2.600314688275932,-1.5546582133395601,-6.284026182274875,-6.2833371146731105,-6.283184818988998,-673.9363586715693
894.0,-2.243571942684296,-2.600318372260956,-1.55458692545173,-6.2835027775431405,-6.282779155219851,-6.283185214018087,-674.8953240320504
895.0,-2.2444687001154455,-2.600405276432132,-1.5543261894657379,-6.283859351966305,-6.282433703450803,-6.283185367254338,-675.8539421251311
896.0,-2.245850851578721,-2.6005063965980044,-1.553998315638363,-6.283943986744584,-6.281965636888706,-6.2831854400794205,-676.811979277667
897.0,-2.246430890119996,-2.600541395629224,-1.5538992733249082,-6.283960831826989,-6.282489796996068,-6.283185460302406,-677.7696764125438
898.0,-2.246630853877768,-2.6005423364126488,-1.5539204589092306,-6.283978681919786,-6.282778485513542,-6.283185472800573,-678.7272460696773
899.0,-2.2471071848946345,-2.6005569820930843,-1.5538815859688584,-6.283977729627284,-6.282654602587921,-6.283185479867993,-679.6846029601057
900.0,-2.2475730964237406,-2.6005683975415548,-1.5538451209852269,-6.2839739332404125,-6.282687303878114,-6.283185480512238,-680.6417268392862
901.0,-2.247511235436888,-2.6002696034193655,-1.5543897169336016,-6.2793560442394645,-6.283090428695029,-6.2831854957206446,-681.598382529356
902.0,-2.247631087590778,-2.6002161225353366,-1.5544849963230698,-6.278504586974266,-6.282985660499687,-6.283185448598186,-682.5548970246016
903.0,-2.24753567198847,-2.6004336240219277,-1.554123798807895,-6.282557595988193,-6.283185340375386,-6.283185436391013,-683.5118074014633
904.0,-2.2472309777486514,-2.600469209582727,-1.5541116341883303,-6.283842178621007,-6.283306962574054,-6.283185510753769,-684.4689750691875
905.0,-2.246867454473821,-2.600442496519644,-1.5542376010940617,-6.283996513092259,-6.283347407110452,-6.28318550018146,-685.4263169167367
906.0,-2.246329168495333,-2.600395258987575,-1.5544080499146005,-6.284019338988815,-6.283430910797153,-6.283185489707224,-686.3838917367792
907.0,-2.24590842898562,-2.6003562677830017,-1.5545361545668324,-6.284025739122642,-6.283398511460246,-6.283185486458099,-687.3416646560822
908.0,-2.2449498404796797,-2.6002830346434016,-1.5547729278452713,-6.284041579250554,-6.283611184611237,-6.283185481497323,-688.2998445342743
909.0,-2.2442468146457393,-2.6002328074228775,-1.5549319004390934,-6.284050303860001,-6.28353569389935,-6.283185484460184,-689.2583698063276
910.0,-2.24421918139701,-2.600235118122822,-1.554906144570074,-6.284035662941933,-6.2832005542332094,-6.283185485667767,-690.2169545387959
911.0,-2.244203613061769,-2.6002428804180333,-1.5548671994442114,-6.284025368393615,-6.283192633153323,-6.28318548250251,-691.1755482378038
912.0,-2.2449990412719343,-2.6003091107700684,-1.5546417093592677,-6.284003323091598,-6.2825428528547915,-6.283185485823632,-692.1338545457679
913.0,-2.2451350938711836,-2.6003277287021502,-1.554581512035691,-6.284001257698753,-6.282983933850582,-6.283185478751768,-693.0920418226581
914.0,-2.245076664113658,-2.6003298771795307,-1.554588813182553,-6.284012309802249,-6.283102255096239,-6.283185481089938,-694.0502507251567
915.0,-2.2447391594439834,-2.600309432989308,-1.5546638787659097,-6.284021917239301,-6.283313270516478,-6.2831854805005385,-695.0085919372422
916.0,-2.243651394483945,-2.6002361897857265,-1.554912896414989,-6.284046772049065,-6.283632661365207,-6.283153464355055,-695.9673927774351
917.0,-2.242009479662295,-2.6001269340139084,-1.5552773494910574,-6.284078685165143,-6.283843991606304,-6.283172891391367,-696.9269294481046
918.0,-2.240753891737981,-2.6000507901872836,-1.5555171825693592,-6.284090000470592,-6.283744326881818,-6.2831802976499205,-697.8870784272478
919.0,-2.2396829421500386,-2.5999960244977935,-1.5556760611461822,-6.284088999336085,-6.283692474499152,-6.28318335318895,-698.8477408596702
920.0,-2.2391416476095514,-2.5999866208923663,-1.5556873394869195,-6.284078681727406,-6.283488856789037,-6.283184610000235,-699.8087023422919
921.0,-2.238812615521039,-2.599997619167932,-1.5556354804084551,-6.2840655882470084,-6.283392748359878,-6.283185123822638,-700.7698444105484
922.0,-2.2386038424405528,-2.600019657896938,-1.5555571372993449,-6.284057000881739,-6.283315952388292,-6.277019577678706,-701.7311118112445
923.0,-2.2384780568190337,-2.6000472228226834,-1.5554659320325226,-6.284050215672736,-6.2832618189408205,-6.280743456242769,-702.6924624536648
924.0,-2.238121081050043,-2.600056972982364,-1.5554384052254895,-6.284051241076228,-6.283343190817697,-6.28217980027446,-703.653982192132
925.0,-2.238430916949176,-2.600110982076116,-1.5552621267921432,-6.284037228530615,-6.282891614515788,-6.282772403437138,-704.6154328171799
926.0,-2.23883731188202,-2.6001686690138506,-1.555070804161855,-6.284020339368243,-6.282823759842033,-6.283015780484591,-705.5767128723681
927.0,-2.2392104001141515,-2.6002200931383754,-1.554909623964767,-6.284013452286981,-6.2827958340472625,-6.283115765770287,-706.5378349074642
928.0,-2.240088601006563,-2.6003012020817966,-1.5546496108972885,-6.283996058828162,-6.282393604957739,-6.28312225646996,-707.4986063158696
929.0,-2.2409343416191168,-2.6003736061884095,-1.5544189443878849,-6.283982196338624,-6.28237291488985,-6.283160115117784,-708.4589889086611
930.0,-2.2424773945358227,-2.600487465583969,-1.554053814591469,-6.283957972906596,-6.281786191501438,-6.281842160982122,-709.4187262548651
931.0,-2.2442831457283843,-2.6006106464649634,-1.553657106657197,-6.283930932909455,-6.281517902627072,-6.282657080442165,-710.3776464538395
932.0,-2.2454906520959703,-2.600681782622344,-1.5534454790743342,-6.2839304237729445,-6.281880470376125,-6.282967769093221,-711.3359513723292
933.0,-2.2467476877841985,-2.600745471292111,-1.5532608175081313,-6.2839300411879275,-6.281844091782198,-6.283096060396798,-712.2936674679488
934.0,-2.2483190798639376,-2.600821511479556,-1.5530239497772476,-6.283916017887123,-6.281639281431517,-6.283148746580302,-713.2506582838031
935.0,-2.2490372309216053,-2.600830395182115,-1.5530116018952096,-6.283927070360189,-6.282272705684217,-6.283170385848179,-714.2072159810766
936.0,-2.2491561648148934,-2.6007917927342206,-1.553160240458614,-6.283952714651966,-6.282775123463183,-6.283179279199833,-715.1636431055814
937.0,-2.2500016293086493,-2.6008012262594873,-1.5531316890208464,-6.283946850643108,-6.282341720985032,-6.283182938049844,-716.1197089586176
938.0,-2.250196410776805,-2.6007655470555338,-1.5532452372034227,-6.283953719238259,-6.282635145542753,-6.283184432603331,-717.0756087366634
939.0,-2.2495027583869964,-2.600670008102756,-1.5535685608437169,-6.2839877813953295,-6.283388202023166,-6.28318504875125,-718.0317290418084
940.0,-2.2482938586305417,-2.6005424175673073,-1.553990465012693,-6.284021354698224,-6.28367419838722,-6.283185303609237,-718.9883551340491
941.0,-2.247469628759381,-2.600449701931709,-1.5542808130505676,-6.284032691849219,-6.2835873902872486,-6.2831854120599635,-719.9453690748265
942.0,-2.2469413454100895,-2.6003881472974832,-1.5544575916852543,-6.284029916638163,-6.283485615922849,-6.283185454400884,-720.9026300459166
943.0,-2.2464020130768243,-2.600336014788865,-1.5546092813803423,-6.284031564480486,-6.283470261265044,-6.283185470626429,-721.8601346447823
944.0,-2.245496623827237,-2.6002663234070993,-1.55482791998698,-6.284044712688059,-6.283601394239065,-6.283185476087116,-722.8180357339162
945.0,-2.2443034220428766,-2.6001833687200917,-1.5550943501378331,-6.284063318345783,-6.283710630330611,-6.28318547939251,-723.7764767935089
946.0,-2.2439476425496623,-2.6001656627818446,-1.5551362323016125,-6.284055809419872,-6.283356137495339,-6.283185485569396,-724.735143602924
947.0,-2.2432254075209817,-2.6001286700608928,-1.5552415998623168,-6.28405470716331,-6.283522411271034,-6.283185480453389,-725.6941210423379
948.0,-2.242332693337491,-2.6000850557627992,-1.5553823031963467,-6.284066606633374,-6.283592629146513,-6.28318548178802,-726.6535170934216
949.0,-2.241139461989032,-2.6000242984612347,-1.5555784551891683,-6.284080460547729,-6.283714031745523,-6.283185480981008,-727.6134592928382
950.0,-2.239891221276696,-2.599964471682472,-1.5557698712772794,-6.284092978058403,-6.283736811115994,-6.283185482333913,-728.573993753239
951.0,-2.2388620673046975,-2.5999253977059023,-1.555886917291334,-6.284095316191846,-6.283672937513352,-6.283185483558553,-729.5350345215955
952.0,-2.23850908565215,-2.5999388732303,-1.5558259015570999,-6.284079966964107,-6.283390571511853,-6.283185485540601,-730.4963011820035
953.0,-2.23891619913554,-2.6000086587935964,-1.555579354391286,-6.2840494208776745,-6.282885797690994,-6.283185485559036,-731.4574587494031
954.0,-2.23968772714353,-2.6001032798626498,-1.5552615902259743,-6.284020884041621,-6.282551684775727,-6.283185483441971,-732.4183127084135
955.0,-2.2401908940764694,-2.600174219353577,-1.555038128623622,-6.284011025154094,-6.2810326935378376,-6.28318548002951,-733.37905092415
956.0,-2.240480503021072,-2.6002224068758,-1.554898313262776,-6.284012568545287,-6.282085525451097,-6.283185480760309,-734.3395951635603
957.0,-2.24036142706191,-2.6002347815558537,-1.554875062985398,-6.28402062453548,-6.2828494901792125,-6.28318547943024,-735.3001310185014
958.0,-2.240499201179771,-2.600259697678342,-1.554804004455682,-6.284019850402448,-6.282867607842197,-6.283185482826476,-736.2606196063639
959.0,-2.2413007671435006,-2.6003272907638912,-1.5545800683201292,-6.283997941250025,-6.277827970569871,-6.2831854839027965,-737.2211252116524
960.0,-2.2408982120275844,-2.6003070475685295,-1.5546558103868777,-6.284013182127808,-6.281322630125629,-6.283185477272421,-738.1815435415859
961.0,-2.240426043950596,-2.600280034597698,-1.5547606470622497,-6.284031122126686,-6.28262183070109,-6.283185481403744,-739.142082568066
962.0,-2.240877323809751,-2.600315883572486,-1.5546375544906856,-6.284014252689871,-6.282489131903036,-6.283185486023856,-740.1024507149739
963.0,-2.2411247978661217,-2.6003374984345884,-1.5545592675437037,-6.284003573423791,-6.282810685329098,-6.283185480983364,-741.0626682207989
964.0,-2.241047525938044,-2.60033582232744,-1.5545718647373463,-6.284011165001908,-6.283087926432636,-6.283185480621851,-742.0228952697213
965.0,-2.2410519653096346,-2.600338083457878,-1.554569400454311,-6.2840134234639375,-6.283091503777591,-6.277705870360621,-742.9831246872093
966.0,-2.2412463136255947,-2.6003524931752278,-1.5545211863368873,-6.284008134823557,-6.28298073747724,-6.28103080277009,-743.9432775881406
967.0,-2.2418493335811007,-2.6004660807320414,-1.5542072387685777,-6.284039862165778,-6.282656002415449,-6.282297705479217,-744.9032204511243
968.0,-2.2424406586638197,-2.6005114425078975,-1.554035525338428,-6.283988113097288,-6.282620461360629,-6.282820837907965,-745.8628926145574
969.0,-2.242667811490515,-2.6005096918080026,-1.5540321851027905,-6.28398380043044,-6.282857415465449,-6.283035676708848,-746.8224220640427
970.0,-2.243316450803439,-2.6005377479005594,-1.5539395522448676,-6.28397712244403,-6.282550516648483,-6.283123942258976,-747.7816806637435
971.0,-2.2439917630126685,-2.600566515130219,-1.5538430266393517,-6.283968266340043,-6.282525859342487,-6.283160199675768,-748.7406150339384
972.0,-2.244775624605992,-2.600601035210241,-1.5537328926357026,-6.283962235841294,-6.282404891100697,-6.283175096043685,-749.6991882997579
973.0,-2.2454519227393153,-2.6006250896780787,-1.5536590219759132,-6.283959940880272,-6.282470218125618,-6.283181214356308,-750.6574257912259
974.0,-2.2463562877361105,-2.600661940219724,-1.553543075307486,-6.283953369933772,-6.282286828525672,-6.283183729861234,-751.6152513686526
975.0,-2.2472988132311587,-2.6006981214891325,-1.553427626224118,-6.283945958907671,-6.282245343312335,-6.283184761667368,-752.5726255839171
976.0,-2.2473379112091063,-2.6006680699592106,-1.5535386652497258,-6.283964700552473,-6.282914973634542,-6.28318518189296,-753.529885227307
977.0,-2.2465000811185782,-2.60057509043147,-1.5538613356156534,-6.284001371740184,-6.283516375049199,-6.28318535671048,-754.4874483014656
978.0,-2.2455039664604537,-2.600473080863673,-1.5541993492738213,-6.284026798350106,-6.283623125995709,-6.283185431745309,-755.445448919857
979.0,-2.244884571835514,-2.6004040964050645,-1.5544106581783523,-6.284031195286834,-6.283514419410937,-6.283185463855858,-756.403744975062
980.0,-2.244277367341838,-2.600344872112857,-1.5545855146573853,-6.284032841510438,-6.283503688537618,-6.2831854744004385,-757.3623131287463
981.0,-2.242937692195642,-2.600243121372933,-1.554910958971001,-6.284055624512382,-6.283757192722349,-6.283185476126893,-758.321456985367
982.0,-2.2413968750693076,-2.6001356060909497,-1.555258152552108,-6.2840806428966705,-6.283822028869024,-6.283185480642389,-759.2813107435032
983.0,-2.2402796466467385,-2.6000666897811575,-1.5554660837551826,-6.284085059301288,-6.282681574964566,-6.2831854839498495,-760.241784966973
984.0,-2.2394432612927107,-2.6000268530825994,-1.555574133233627,-6.284080087897899,-6.2833422288049,-6.28318548419366,-761.2026196203849
985.0,-2.2390539785397188,-2.60019252968972,-1.555156537690023,-6.284176239803769,-6.283317662372197,-6.283185490394087,-762.1637392038058
986.0,-2.238947700784561,-2.6002298214800876,-1.554968485048078,-6.284070137076472,-6.2832372264592244,-6.283185481030751,-763.124949145213
987.0,-2.239753589337581,-2.6002875373336773,-1.5547261351673345,-6.284012873688409,-6.282554296943138,-6.283185483492635,-764.0858668448533
988.0,-2.2403676195716717,-2.6003380781611427,-1.5545440694781965,-6.283993160730496,-6.282623551065553,-6.283185479504419,-765.0464870603299
989.0,-2.239984725698884,-2.6003184108988098,-1.5546227133469392,-6.284013119084693,-6.283295978233971,-6.283185476806758,-766.0072087629031
990.0,-2.2388368681453574,-2.6002425685109767,-1.5548913579380526,-6.284046745901921,-6.283641837478844,-6.283185478224047,-766.9684194203411
991.0,-2.237710247750164,-2.6001687298526006,-1.5551377639663253,-6.28406602830783,-6.283683350631835,-6.283185482243904,-767.9301562844188
992.0,-2.2366478452981187,-2.6001042285150873,-1.5553386066215433,-6.284073341684307,-6.283680356541942,-6.283185482755871,-768.8923913449429
993.0,-2.236477163881419,-2.6001087791070163,-1.5553040536576679,-6.284057871487416,-6.283264073554074,-6.283185486634603,-769.8547755124495
994.0,-2.2366797053294376,-2.600144497040025,-1.5551670187775994,-6.284035029218799,-6.283051631655393,-6.283182339673214,-770.8170985741585
995.0,-2.2369128496399866,-2.6001841698573878,-1.5550321249960235,-6.284023763109103,-6.282972477649901,-6.283184245889912,-771.7793322760884
996.0,-2.2367660537024583,-2.600195515644711,-1.555001765424462,-6.284027404553533,-6.283222949043355,-6.283184970726183,-772.7416140222975
997.0,-2.236546292444932,-2.600198889819548,-1.5549999969655968,-6.284033080614846,-6.283264153633663,-6.2831852722783825,-773.7040043041383
998.0,-2.2367747738960584,-2.6002312095219895,-1.5548943394212196,-6.284023397993397,-6.282972197266837,-6.283185397820095,-774.6663333459298
999.0,-2.23669319440263,-2.600240224470793,-1.5548657938782715,-6.284021941603077,-6.283201219619996,-6.2831854451331175,-774.6663333459298
