time,shoulder link,upper arm link,forearm link,wrist1 link,wrist2 link,wrist3 link,total_reward
0.0,1.2736634871525013e-07,2.1877916519455616e-05,-2.6612150215827345e-05,-1.4123140166233309e-05,2.0438685196145553e-06,4.347907857709417e-06,-0.9111607981031667
1.0,-0.004812719236648323,0.0043700562965509355,-0.005113817498915839,-0.01110442906414133,-0.011112901480508619,-0.0035263331420037317,-1.8204664937600123
2.0,-0.01476037418198527,0.00825788967506754,-0.010231442166986664,-0.018296317301616623,-0.026797003592480155,-0.016021474219010238,-2.724530116884437
3.0,-0.027159913000495934,0.011129701585888396,-0.019804501057274354,-0.02189828284618983,-0.03810629024606655,-0.028607052537170323,-3.6208198571027745
4.0,-0.04111938771606288,0.01236818053158881,-0.03084902432249383,-0.034470724895438,-0.050724111411532484,-0.0360995059160562,-4.5077901144587385
5.0,-0.05670603109380303,0.013413563525027351,-0.044575885938677465,-0.04971814666601156,-0.06394522232056454,-0.04846539422518596,-5.383992792658923
6.0,-0.07328710817758963,0.014096902722227668,-0.06002331169439356,-0.05473779574560359,-0.06949192041817878,-0.06463278982880762,-6.2482600722413135
7.0,-0.09064604680537318,0.014352435654003525,-0.0752906854625622,-0.04758657615243509,-0.08168909709922381,-0.08240228792977722,-7.0993287257053375
8.0,-0.1076108753463566,0.014352140018258042,-0.08849955644937207,-0.03356392756616571,-0.09766650455812768,-0.09946967000868318,-7.9372020618704235
9.0,-0.12486653822051108,0.014687607822922416,-0.10345914688312098,-0.02132699243642684,-0.11454808587426121,-0.11169657734693009,-8.76157479614928
10.0,-0.14023366558798323,0.014821396440139514,-0.1191832315842355,-0.009581429727767168,-0.13259864899539453,-0.12725921077194974,-9.573147902094009
11.0,-0.1558516151915155,0.014564799298572344,-0.1317772497978029,0.0062912457232401735,-0.15114919683791492,-0.13622205402131599,-10.372063589727244
12.0,-0.17260386884415674,0.014823392852807126,-0.14629331911047808,0.0220574988044789,-0.16136103640488955,-0.15095601078371268,-11.15779935543687
13.0,-0.1901674202988085,0.014787261702001465,-0.16022533404641498,0.039621504766128586,-0.17416966353442523,-0.16813229738185206,-11.929652533939269
14.0,-0.2076689934393305,0.014937619291417502,-0.17573436465235176,0.055011360758211995,-0.18120996520401753,-0.18606240369198176,-12.687665174558004
15.0,-0.22545645053897195,0.01499566546521455,-0.19237032062713216,0.06813803374864949,-0.19373105245054711,-0.20455712015687808,-13.431295217591755
16.0,-0.24364796962244373,0.014676754738235872,-0.20605745049337862,0.0838415653000963,-0.20997096900520396,-0.2109017983884175,-14.160389043704072
17.0,-0.2620992829782704,0.014534367034024626,-0.2175634629216254,0.09796352909456679,-0.22777277633437965,-0.22462787667367454,-14.875219298526801
18.0,-0.2807066753921825,0.014833710126068671,-0.23136570041826737,0.09907199103860828,-0.24622023859075842,-0.2387541789318909,-15.575849322599261
19.0,-0.29722023071438686,0.014882159477851266,-0.24591681155689357,0.10708471067161027,-0.2649312433535321,-0.25303546798124954,-16.262930915566155
20.0,-0.3136675226913011,0.014630050696270356,-0.25794263066115813,0.12143953625727896,-0.2837546666952333,-0.2660238201690696,-16.936710506580397
21.0,-0.32677078944729954,0.014846295335894691,-0.27209543703296923,0.13846287266451862,-0.30262304156717595,-0.2812211749237665,-17.59871283451531
22.0,-0.3402481424004826,0.014943617591933649,-0.2878441925204269,0.15593521768657254,-0.3215116246861833,-0.2985683523105837,-18.248545789344977
23.0,-0.35561670353638447,0.014947592018023556,-0.3046446601829753,0.1742300280330789,-0.336891280006109,-0.31082294574156066,-18.884933659032317
24.0,-0.37090917167440507,0.014910781241089055,-0.32213367656732517,0.19287321455704437,-0.35427599405980803,-0.32024781172271594,-19.507595502543374
25.0,-0.38634851124605785,0.014612762937888631,-0.33710232998481515,0.21166788469896408,-0.3725497703742524,-0.3351416908714268,-20.116762832122948
26.0,-0.3999349836189181,0.014479172910573304,-0.3502742671436728,0.23051855748166614,-0.38350797397108627,-0.3523831856359338,-20.714144702408827
27.0,-0.41207854717610815,0.014532624686083866,-0.36336460675677523,0.2453438901022879,-0.3948834247637681,-0.3636276604635558,-21.300886453164367
28.0,-0.42505181041202644,0.01471080783656613,-0.37833027753976084,0.26249130905728063,-0.4106027282082356,-0.37926861486802005,-21.87605205426805
29.0,-0.4357311635949204,0.014558826215155246,-0.39171017443019646,0.2759250777200771,-0.4206285177024979,-0.396818860209145,-22.44132246090894
30.0,-0.44710239026101106,0.01469119746049515,-0.40684092316015824,0.2924943614895773,-0.42890585022857985,-0.41516080581568726,-22.996294100133806
31.0,-0.4569299182204725,0.014695470265386128,-0.4225607718944307,0.3011841424611214,-0.44333556736564717,-0.43013700235297747,-23.541562275445333
32.0,-0.4685207701515528,0.014620363912501605,-0.43828865645097337,0.3151120448176879,-0.460388239397431,-0.44165286867880676,-24.075973663866513
33.0,-0.47788793642905286,0.014511746421801027,-0.45311350890871166,0.32492726234704294,-0.4703852066119519,-0.4574012031410981,-24.60119819411522
34.0,-0.4873993529173518,0.014083629353247305,-0.4626066388926511,0.3399966602697388,-0.4855365789764737,-0.47499575954329315,-25.117762921992814
35.0,-0.4996995589119795,0.01415372623474448,-0.4713598927333391,0.35732150807861485,-0.5028880667279012,-0.49335591945260204,-25.624287612657703
36.0,-0.5133421260977541,0.014230628731970429,-0.4795181559612339,0.3733057367560861,-0.5211486713036755,-0.508374536646494,-26.120030958797827
37.0,-0.5283276054719692,0.014215674057544413,-0.48628595036288197,0.3824868936033582,-0.5344429405569927,-0.5256074916903268,-26.60490384845457
38.0,-0.5447056528514421,0.014596727057291684,-0.4969193466269997,0.3935056068260946,-0.5482123182648367,-0.5438166668576015,-27.077596999288083
39.0,-0.5619989384864457,0.014232120611962516,-0.5032669893334314,0.40908687912134234,-0.5609802323688668,-0.5519913718503119,-27.537885495153386
40.0,-0.5796655801532853,0.014382705180320539,-0.5106865857581178,0.42661488464105773,-0.5621614515410728,-0.562705556591043,-27.986123826708344
41.0,-0.5960780702747124,0.014685189639953695,-0.521827415690121,0.44494125653677197,-0.5701664068222354,-0.5781572089990553,-28.42215209450809
42.0,-0.6121315954868748,0.014552465174420054,-0.5325563469341402,0.4636114887874961,-0.575469649691457,-0.595630006759685,-28.846235953886033
43.0,-0.6275958933146679,0.01441337400772943,-0.5424089032615562,0.4781335673366645,-0.5846800828323713,-0.6139399858877909,-29.25886546346967
44.0,-0.6438077379028959,0.014440801543543495,-0.5531311218701026,0.4937447498648702,-0.5991181992986742,-0.6291833662077176,-29.659433696689952
45.0,-0.6609802182458245,0.014421721956666187,-0.5643306637724337,0.5064052284954139,-0.6161684194620385,-0.6412644089410587,-30.04735927249053
46.0,-0.6788025160430682,0.014425834451269482,-0.5763425585684586,0.5196012741243305,-0.6343042817347306,-0.6488816007578633,-30.42220030900233
47.0,-0.6950555938120478,0.014529353255168558,-0.5905934781034173,0.5360856349776475,-0.6522078785706933,-0.6630581292365856,-30.78442679960194
48.0,-0.7086726546392063,0.01452461859027856,-0.6064186615742214,0.5484101937524732,-0.6706851381437012,-0.6800039727211908,-31.13535944396341
49.0,-0.7225912905588411,0.014301283691596611,-0.6211327712917274,0.5645057735790138,-0.6851304805939887,-0.6953565958897313,-31.475191121236975
50.0,-0.738099434779049,0.01430889363534981,-0.6371796380857228,0.58224774764738,-0.7021163949189914,-0.7082628528114078,-31.802996592421067
51.0,-0.7547021092799553,0.014278678127115993,-0.6541774341425133,0.6006687378262696,-0.7202256176163623,-0.7246072420028763,-32.118134868124294
52.0,-0.7720990472490443,0.01421780596506148,-0.6718080186175535,0.6171727145036198,-0.7387992262313566,-0.7390415396357368,-32.420358397488606
53.0,-0.7897208371939256,0.013314608994276375,-0.6891099529198741,0.6350401183463713,-0.7575645344036311,-0.7560371662793646,-32.70946480604437
54.0,-0.8071608078026905,0.013285213661344327,-0.7070608812601057,0.6447384408680132,-0.7764095354444883,-0.7741483617879514,-32.98632856865177
55.0,-0.8249420033052645,0.01323241241100311,-0.7211294720270679,0.6594109258296619,-0.7952863702143808,-0.7927223000355883,-33.251548574736994
56.0,-0.8399365087485076,0.013267360591628636,-0.7320046571596811,0.6765535513587565,-0.8107002455868453,-0.7994232756089538,-33.50717421370059
57.0,-0.8522090450075378,0.013379910178974197,-0.7412978202686349,0.6884754784582512,-0.8280993660642788,-0.8132897411794574,-33.75509141571544
58.0,-0.8658420069360097,0.013738618445910837,-0.7536749891584467,0.7043801593594289,-0.8463762183409503,-0.8301091739562954,-33.99467763867053
59.0,-0.8784307297629866,0.013759983014491542,-0.7658860899946526,0.7220434761580418,-0.8650213183063619,-0.8481490792328457,-34.226378458119456
60.0,-0.8874600844242653,0.013593839379743827,-0.7753058378620604,0.7390846061485127,-0.8820830954858904,-0.8666935297790975,-34.452196449652824
61.0,-0.8984302056190123,0.01379835358496712,-0.7877706867710547,0.7484398224672079,-0.9001899748604061,-0.8847042035136978,-34.67178492453959
62.0,-0.9106300417861408,0.013882194354473881,-0.8023762632967555,0.7559453518330553,-0.9148736148401605,-0.8999876574564533,-34.88474976103232
63.0,-0.9247157109552885,0.013615938913089992,-0.8145036864869234,0.7608906955118506,-0.9319648333559692,-0.9027932827638901,-35.09088066672846
64.0,-0.9382182920389431,0.01375352539367183,-0.8287377868520256,0.7707786997873994,-0.9501180707757318,-0.9133278494798759,-35.290686094990114
65.0,-0.9528919264325351,0.01356036248234779,-0.8411804440627441,0.7819802269181958,-0.9567726552675986,-0.9266338278265669,-35.48437616945711
66.0,-0.9690734950997535,0.013506096102124644,-0.8532219736859975,0.7879185025762863,-0.9706174148479325,-0.9431844974184533,-35.67217885534755
67.0,-0.9862529673094906,0.013371845337206369,-0.8629253316127389,0.8014298202817863,-0.9874302887060731,-0.9604344995184736,-35.8545157003671
68.0,-1.0040783885939848,0.013458710357751636,-0.873317740773117,0.8181032432230629,-1.0026924257505596,-0.977102466377852,-36.03205785135141
69.0,-1.021571109095719,0.013628437326911082,-0.8864840258946274,0.8349278814818116,-1.0143004132499958,-0.9950531222431992,-36.205624417255535
70.0,-1.0386529793017807,0.01366248511156374,-0.9015870236820108,0.8529535867488403,-1.0300888714177183,-1.013559991867528,-36.37619531864989
71.0,-1.053650904028148,0.013627930061186646,-0.9179726615786269,0.8714901002319151,-1.047704170523435,-1.0322974814294494,-36.54502312656838
72.0,-1.0690552830402058,0.01342210158725613,-0.9333556377913367,0.8902567977263253,-1.066072264857552,-1.0511303399784333,-36.71304071157447
73.0,-1.0856345759056627,0.013253360692502252,-0.9473608234754133,0.9091001543209365,-1.0847526975908774,-1.0700026070339048,-36.88121172070952
74.0,-1.1023171702075505,0.013308309160161682,-0.9629204861522355,0.9279596834772307,-1.1035622810585142,-1.088603476362112,-37.05067661720214
75.0,-1.1187080601432302,0.013286662517771847,-0.9796218109389278,0.9414123878653896,-1.1200658950334927,-1.1020437423555733,-37.222331710671895
76.0,-1.134935503518559,0.013242907317700156,-0.9970597156569024,0.9579635688767083,-1.1379350439955522,-1.113187214595793,-37.3971972411938
77.0,-1.1496520361797478,0.013177205926239227,-1.0149907827195253,0.9728375375898388,-1.15640996074225,-1.1287858611202817,-37.57602677244259
78.0,-1.1630133229572897,0.012927846512071114,-1.0299643965924097,0.9900315952236403,-1.175134324321321,-1.1412644262322638,-37.759131382937944
79.0,-1.1761144104433623,0.012965218803537657,-1.0461663812862663,1.0073692720573855,-1.1939607737664968,-1.1574234031912893,-37.94715836340098
80.0,-1.1898206803695786,0.012914780716210801,-1.062708055704118,1.0256137064643989,-1.2096084862405245,-1.1751879984461555,-38.14051622392765
81.0,-1.2027204441953248,0.01284523876803977,-1.0790538848875637,1.0442397431361514,-1.225055949113192,-1.1902755972446102,-38.33947869980205
82.0,-1.2153631021079854,0.012808931189966627,-1.0962589765032251,1.0567095525287173,-1.2424932173018814,-1.202030881793298,-38.54448775496693
83.0,-1.2252647560945564,0.012678319646912383,-1.1121006738585137,1.0629445930829238,-1.2607903821417712,-1.2178816314183334,-38.75506448100413
84.0,-1.2372413931822637,0.012669704304489608,-1.1289475964273574,1.0755436595228345,-1.2794379214683964,-1.235348748044844,-38.972098061944685
85.0,-1.2476726010795085,0.012630483450868422,-1.1464833464991533,1.0752850672042795,-1.2976145056484425,-1.2536534279591667,-39.1952543290461
86.0,-1.2561965643993729,0.012610970221556208,-1.1644573824916238,1.085271844982599,-1.3162039982700344,-1.2696865888349989,-39.42451371345985
87.0,-1.261212702007747,0.012492754688342548,-1.181820575607585,1.0836876309622998,-1.327775566361624,-1.2865167306976824,-39.658190235829544
88.0,-1.2684204041437777,0.012422870431670306,-1.1997073402184466,1.0855411773293258,-1.3419091358336666,-1.2984587010819317,-39.89714287274046
89.0,-1.2794487008235624,0.012181005561068142,-1.2144083615136179,1.089848892382557,-1.3568675965398602,-1.3113530132732822,-40.14219550768705
90.0,-1.2923818995864569,0.012235963689250458,-1.230396019683209,1.091968356487029,-1.3741070986316624,-1.3204309839376989,-40.39424811239378
91.0,-1.2998447783198743,0.012159805562720855,-1.2441783160078275,1.0898526055956133,-1.3878740820358952,-1.335192568794653,-40.65132403334382
92.0,-1.3094413260955362,0.012189842017605102,-1.25965902710332,1.0898531725324425,-1.4045714844343187,-1.3523797459704374,-40.91437742331184
93.0,-1.322258564431434,0.012102793197804402,-1.2746056544633917,1.0962983007115348,-1.422562096855264,-1.3705716604664817,-41.184664487278475
94.0,-1.3343554192689768,0.012054686087619027,-1.2894151548543653,1.088945753462912,-1.423778793521005,-1.3859247283654772,-41.46021087690987
95.0,-1.3413755113354173,0.012103075742249586,-1.304593627838679,1.0923976687893093,-1.4354855155089157,-1.399725392235151,-41.74086723621363
96.0,-1.348822968046437,0.011961178254105692,-1.318493678435104,1.0981297438005533,-1.4429480710358036,-1.4164547665868648,-42.02628904859342
97.0,-1.359823359672433,0.011867415885653387,-1.3322007148096915,1.0939739011188836,-1.453639389435608,-1.4344557851961066,-42.31734837157162
98.0,-1.3709630694292294,0.011924078023099156,-1.3475468343772452,1.0920215026079547,-1.4682465481732816,-1.4498771231897176,-42.614772787972505
99.0,-1.3840895421730157,0.011575291340227827,-1.356230937411789,1.0858734361132871,-1.4772811258478435,-1.4629937454868915,-42.917768599962415
100.0,-1.3946817050598173,0.011807749122506631,-1.3680292910112086,1.0806606755400154,-1.492040845133645,-1.4787146769249429,-43.2265102699051
101.0,-1.4071964007240934,0.011686871920694794,-1.378278361560407,1.0727955703637626,-1.509227553997038,-1.4848355156637225,-43.54150211177643
102.0,-1.419095591685341,0.011811311138362451,-1.3912640598560533,1.0664708173985347,-1.5223836771502541,-1.498211522159228,-43.86264399072025
103.0,-1.4320275458318625,0.011739177480458936,-1.404341048539881,1.0623031525128763,-1.5359153174459628,-1.5148239137024277,-44.1903522593829
104.0,-1.4436377287569753,0.011768283678437257,-1.4192993122987745,1.0568030239068549,-1.5490177387836903,-1.5327781421336915,-44.52436381782518
105.0,-1.455564333681188,0.011724026745732646,-1.4356068052773865,1.0589565242675532,-1.5650085573100667,-1.5512872046758264,-44.86536705602363
106.0,-1.469590713900172,0.011529882572297966,-1.4499820447011063,1.0594125245901795,-1.5826980040716148,-1.5700256242145967,-45.21394143330941
107.0,-1.485363004960419,0.011521546470103994,-1.4657897687379398,1.0545725622381623,-1.6005547757621674,-1.5866127949235136,-45.57063801050116
108.0,-1.4977898710272435,0.01151149743453513,-1.4822332544380752,1.041560809053122,-1.619016671396537,-1.6045182953467272,-45.9342790028656
109.0,-1.509956595985596,0.011371346121887735,-1.4970352416707264,1.0305992932285788,-1.6377331974281415,-1.6230061897201513,-46.304621449318624
110.0,-1.524180232747108,0.01130738773026871,-1.5118716253714173,1.0167174656704785,-1.6565564717818142,-1.6417358350825109,-46.68224710085088
111.0,-1.5398765218753343,0.011303783743067961,-1.5280275476589782,1.0025044514366994,-1.6754251845278614,-1.6605654228199942,-47.0677748594022
112.0,-1.549014251523196,0.01124182904816703,-1.5420402735460796,0.9855877651097323,-1.6943155171339708,-1.6794362695658909,-47.45885589695139
113.0,-1.5558498396039215,0.011056259178044136,-1.5515327757338269,0.9682374549545675,-1.703990717822099,-1.6983242713018905,-47.8534343097305
114.0,-1.5548973628700065,0.011047686547196352,-1.5578007170994528,0.9499787622477264,-1.7190303491675412,-1.7172192846121477,-48.24906385069482
115.0,-1.5504939149702883,0.011021741976741698,-1.562018475864397,0.9411884546067633,-1.7363323268977526,-1.7306744850476243,-48.64470945964325
116.0,-1.5487545723332607,0.010969970944968504,-1.5648969349755064,0.9265310691048987,-1.7449045623464685,-1.7424382130417502,-49.040208152782846
117.0,-1.5422909892278376,0.011036726345380655,-1.5667245595004724,0.9137195873469061,-1.7595014549856696,-1.7583036785964645,-49.43448146921138
118.0,-1.533706082253595,0.011052868759948667,-1.5679741500647053,0.9084748357210148,-1.7684147522191687,-1.775947029849557,-49.82641106478158
119.0,-1.5284928934945008,0.0110180490804592,-1.5688666989533953,0.9000727232695142,-1.7831211270249352,-1.7943275712380544,-50.21741646374893
120.0,-1.5237140796748319,0.011034712003676513,-1.5694138886224087,0.9004838500975391,-1.798938232446774,-1.8094923572301587,-50.608086258614506
121.0,-1.5164418283018446,0.011079265413633488,-1.5697748022209506,0.8900962884880776,-1.8165422640124211,-1.8267881094192795,-50.99733610821385
122.0,-1.5066247814947737,0.011110148310424433,-1.5700063815506862,0.8747131659737436,-1.819627241914863,-1.8439389484261393,-51.38288977734069
123.0,-1.499377319988788,0.011076502537116346,-1.5702020193236947,0.8616762378430158,-1.8289987473635116,-1.8620973501425162,-51.76604464374438
124.0,-1.4976426558249747,0.011028800726717134,-1.5703503703261048,0.8551167482523794,-1.8439106722214338,-1.8803033459813032,-52.14938500285324
125.0,-1.4979322180256598,0.011042594454128783,-1.5704204051790889,0.8451745546386769,-1.8611653643656918,-1.888266332253136,-52.53377655066256
126.0,-1.4975279883543324,0.011075244208543557,-1.5704409319879482,0.8357311063496995,-1.8793869278782491,-1.901720159912341,-52.919093762458836
127.0,-1.4915079989814974,0.011148640099608895,-1.5704113754269955,0.8244596331215452,-1.898005678123059,-1.9090454947877584,-53.303323765950715
128.0,-1.4809910805968294,0.011174286320829145,-1.5703955512376282,0.8260823909121713,-1.9149899268453756,-1.9180995473483677,-53.68512044930648
129.0,-1.4731469565882538,0.011130731499532625,-1.5704758292393488,0.8155766236865157,-1.9330628429353423,-1.93009178376626,-54.06490015488579
130.0,-1.468120716829055,0.011105886933943048,-1.5705103007772656,0.8001295687881252,-1.9516218597693027,-1.9460868127986237,-54.44348195965152
131.0,-1.465894379281479,0.011087782970222794,-1.57052862597625,0.7832260073169491,-1.9703809410145416,-1.961731735943447,-54.821801271038105
132.0,-1.4591142172959788,0.011151328400015486,-1.5704616199446846,0.7707854236376241,-1.9818924828611608,-1.9792509531524312,-55.19798520320095
133.0,-1.4495136183122805,0.011175374872428964,-1.5704507382693482,0.7546662124566017,-1.9976477926174525,-1.9950583371923742,-55.57099246263897
134.0,-1.4456553874025049,0.010999747181853512,-1.567483959072323,0.7369375024349464,-2.008204378422891,-2.0126367560630882,-55.942123589394356
135.0,-1.4454021219327526,0.01116419597549685,-1.5683996941543963,0.721230514027877,-2.022153857991894,-2.0309892148802375,-56.31338329117249
136.0,-1.4398767026991084,0.011212775502332949,-1.5690346409139508,0.7036984150727275,-2.0389876310541775,-2.046449783728799,-56.68303210544601
137.0,-1.4367448884026792,0.0109579286329516,-1.5695316231516314,0.6940996873874977,-2.055950730037011,-2.061128995741141,-57.052086821350976
138.0,-1.4293329261160082,0.011041505978982612,-1.5698083679636068,0.6791066441119865,-2.074035954336537,-2.078235684290146,-57.418879575533644
139.0,-1.4253105613338144,0.011041160964990755,-1.570065605804085,0.6618313267594104,-2.092593798677902,-2.0963930656220793,-57.784394103605564
140.0,-1.428626222434307,0.011012126057122365,-1.5702570346510865,0.6436092711344065,-2.110941058470468,-2.113868707521982,-58.15139805864158
141.0,-1.4272585439151473,0.011126272205597214,-1.5702611601329715,0.6249715861777501,-2.129612385003439,-2.1321606108149647,-58.5183229253331
142.0,-1.42498156936792,0.011145154190039523,-1.570319478574601,0.6061966735608625,-2.148413646814819,-2.1508087328236325,-58.88464900374458
143.0,-1.4228577274898768,0.011154879497691438,-1.5703583364686862,0.587418294478724,-2.1672722939485074,-2.1666354647458372,-59.250423398719356
144.0,-1.4161440903518863,0.011214603691480475,-1.570334896950475,0.5685677254944259,-2.1820050196495253,-2.1841081867862697,-59.6135941828239
145.0,-1.4064901217364503,0.011233017023672446,-1.5703405882441799,0.5496970325087477,-2.1943090707680484,-2.1972118641274396,-59.97268457900834
146.0,-1.4029162517188374,0.011150069996070136,-1.5704311283063062,0.5308274490814987,-2.2038519274725092,-2.209713273386453,-60.32984170678589
147.0,-1.3956091285021615,0.011215885687052856,-1.5703777492937179,0.5119248893314052,-2.215860397980227,-2.2258987092022524,-60.68387342083734
148.0,-1.3848337501128118,0.01124488956194311,-1.570359035016583,0.4930312498407855,-2.226654291253194,-2.2273445815123107,-61.033157369295374
149.0,-1.371311924008592,0.01126354769300152,-1.5703470628981973,0.4741373167796804,-2.2421149433055656,-2.239132011298933,-61.37671491303273
150.0,-1.3608356048623569,0.0112120766491856,-1.570397875910454,0.4552514784031257,-2.2595900735484338,-2.25455522273796,-61.71576044455945
151.0,-1.348808605177926,0.011227380033585638,-1.5703740671307804,0.4402664225299417,-2.2752173624282492,-2.2685268344221456,-62.049814112894765
152.0,-1.33446569934952,0.011258802380409855,-1.5703567179205864,0.42305954354832737,-2.292718064207674,-2.275745181948033,-62.377835211097434
153.0,-1.3204886661972373,0.01124628726692271,-1.5703704816483588,0.40486207931779467,-2.3010842314135718,-2.2887712539432745,-62.699413777640025
154.0,-1.3051378125818403,0.011263360148768095,-1.570355395095444,0.3862568696638584,-2.312449762448387,-2.3052247987956367,-63.014105851802036
155.0,-1.2885468375012465,0.011241646347719972,-1.570349442084474,0.37952303589132197,-2.32818279248439,-2.315404196145956,-63.322179154447625
156.0,-1.2711427078449866,0.01126313536530401,-1.5703470950947929,0.36988518625011135,-2.335406726214237,-2.330621778325395,-63.62286090254563
157.0,-1.2536771756640968,0.01090895940025748,-1.5703352596199636,0.3549265897792605,-2.3450560827942697,-2.3392565080925674,-63.915969880357345
158.0,-1.2364550828303844,0.01095043922405584,-1.570366804463205,0.34022838977137193,-2.360059709982652,-2.345300723683818,-64.2018480097521
159.0,-1.2236898856750842,0.011002671618699646,-1.5704118787229153,0.3270509175720135,-2.377347251557768,-2.3588425362661063,-64.48237299038351
160.0,-1.209670027767842,0.01112125915986225,-1.570373926407408,0.31058145937579,-2.394821406342182,-2.375526236848839,-64.7570140034343
161.0,-1.1970522370085404,0.011154283846130864,-1.5703869122701417,0.29268730599567727,-2.413117137160794,-2.391475240759431,-65.02618847204774
162.0,-1.1877082146839109,0.011125263174749352,-1.5704150733295628,0.2835894951026409,-2.4317668592814012,-2.4091205055627385,-65.29168343479657
163.0,-1.1759101350327898,0.01121935386883612,-1.570366062527019,0.26880326173476,-2.4471926919023805,-2.4256108300013013,-65.55226764393872
164.0,-1.1642467406682568,0.01121146364089339,-1.5703729633897103,0.2587411672498717,-2.4622390816046393,-2.438953660280673,-65.80820920322456
165.0,-1.1505196240632938,0.011271666629936157,-1.5703426848053674,0.24359307792884075,-2.4795066246697384,-2.4554780620273644,-66.05859545163865
166.0,-1.1368794433652296,0.01127222106300684,-1.5703494332185521,0.22623905391404553,-2.494343435967588,-2.4733938292248068,-66.30327776782597
167.0,-1.125371335406203,0.01124638336264939,-1.5703729465798606,0.20798282230208703,-2.50628154399876,-2.483961581731452,-66.54294843134717
168.0,-1.1119297568369053,0.011237882415370073,-1.5693525119835856,0.1893481725655879,-2.513190584045808,-2.499341352678911,-66.7767602096334
169.0,-1.096595667536785,0.01132538033294998,-1.569626759776316,0.17056350180798,-2.5259628858013206,-2.5071383235923137,-67.00450096777698
170.0,-1.0799959649031168,0.011319757379691847,-1.569852413442703,0.15171159211379404,-2.5423119445998625,-2.521413327173253,-67.22601951904694
171.0,-1.0625888719753234,0.011281461428778974,-1.5700120048875061,0.14125435885697532,-2.560157951761869,-2.5384004437765864,-67.44179340278151
172.0,-1.0482040696382755,0.011263314582465376,-1.5701514983571416,0.12593095202419832,-2.578619922873686,-2.554934857231149,-67.65266098872327
173.0,-1.0347543609521481,0.011266902162125647,-1.5702189395865442,0.1085020982701145,-2.5967204151495653,-2.572829900356406,-67.8589953804005
174.0,-1.022763402010977,0.011238046212656857,-1.5702794554973292,0.09379034928704198,-2.6115508710427946,-2.5902795577990987,-68.06147557962355
175.0,-1.0121888966223351,0.01122305983639045,-1.570318575769235,0.08173278547746532,-2.628704967242463,-2.608562300260412,-68.26082422203883
176.0,-1.0007023231154057,0.010435898283015667,-1.5702831954526026,0.07219283132721466,-2.64688318975406,-2.627206640626093,-68.45731993070616
177.0,-0.987402581554923,0.010570313389109673,-1.5703375839636868,0.06194174548958071,-2.6570069976416653,-2.64600087084603,-68.65040151644213
178.0,-0.9722502439357915,0.010862187077296706,-1.570311213348302,0.04670807212386534,-2.6722132728291594,-2.662669518209369,-68.83970980236424
179.0,-0.9572229375114162,0.011011378150259222,-1.570319578941058,0.030779409006576865,-2.6892436952177783,-2.6806096222409472,-69.02566559667724
180.0,-0.943823614048222,0.011092665085540951,-1.5703401693768124,0.013131056540868779,-2.70157131099262,-2.6981687326469608,-69.20881243797015
181.0,-0.9316521889328637,0.011144659053544191,-1.5703507839323867,-0.005248794532769351,-2.7086211368697386,-2.7106452579808713,-69.38958470792274
182.0,-0.9228867974238718,0.011151298907913734,-1.5703847913198379,-0.023929783989212586,-2.7215528682598427,-2.72678934359594,-69.56881331765096
183.0,-0.915659285531566,0.011176469718993906,-1.570385181067386,-0.042739474259329766,-2.737970943264937,-2.744547315403251,-69.74696964140631
184.0,-0.9067567771243205,0.010203714113412036,-1.5703086764481888,-0.061593405380361704,-2.739786722494058,-2.762975095087544,-69.92414595022738
185.0,-0.8946196329065292,0.010357981373910223,-1.5703639142345724,-0.07460583477592331,-2.751718685545514,-2.7816798246350305,-70.1003413519973
186.0,-0.8801287584537708,0.010721330938748276,-1.5703251914999452,-0.09094804397392475,-2.7677396360277027,-2.8004991262552292,-70.27568317356369
187.0,-0.8668753410386568,0.010908375374257652,-1.5703416415307008,-0.10879753787333102,-2.785450042208172,-2.8163157857234618,-70.45080440406272
188.0,-0.8534810459828639,0.011021285324635262,-1.570342333089424,-0.12265754786479732,-2.8038596070715847,-2.8328934741580656,-70.62624351266241
189.0,-0.8416383688863688,0.009784637885695934,-1.5703081589732375,-0.13125985366670043,-2.8225548367674205,-2.8506311643010673,-70.80296661696208
190.0,-0.8390770105498969,0.009932181002545998,-1.5705003353803852,-0.1458616397613732,-2.841370815339634,-2.8608218390269347,-70.98045249874329
191.0,-0.8413824778197131,0.01033201913356379,-1.5704901318590836,-0.15731381060055444,-2.860236725506251,-2.8760524813449027,-71.15836217791055
192.0,-0.8413602897760902,0.010712623179713786,-1.5704026569969294,-0.17303147667021931,-2.879123645474285,-2.893433703820569,-71.33689577711493
193.0,-0.8425166949604602,0.01085883275607878,-1.5704121885951776,-0.18370359713988152,-2.895476458361319,-2.908626164338083,-71.5161381702216
194.0,-0.8438170668115579,0.011016288995555724,-1.5703857779681074,-0.19757279780806805,-2.9132800752470773,-2.925940855091868,-71.69626819506206
195.0,-0.8433255496316053,0.011129576626169124,-1.5703543727112077,-0.21437281650393614,-2.9202404652433787,-2.9441839773043594,-71.8770652322956
196.0,-0.8390477281065446,0.011167479187129967,-1.5703358684116986,-0.22168694448177909,-2.9287318245249434,-2.9574162231679795,-72.05853595219239
197.0,-0.8323468912910456,0.011259568759306915,-1.5703117502157657,-0.23566240087507498,-2.943236583340948,-2.972317626081701,-72.24127230600415
198.0,-0.8217965406949662,0.011317640548386354,-1.5702835776217634,-0.25253542784198957,-2.9603216255017406,-2.985046799610352,-72.42591558149456
199.0,-0.814993726174796,0.011248352193403359,-1.5703589053924925,-0.2706084788182793,-2.9784711236844053,-2.9987417385397745,-72.61275053522635
200.0,-0.8104528935373508,0.011221734326939143,-1.5703833801112541,-0.28916423427661553,-2.992330576401277,-3.0110402307210067,-72.80154432242844
201.0,-0.810083528086936,0.011156426211313911,-1.5704339474368856,-0.3038415345395708,-3.0084532633506056,-3.0206269449368146,-72.99206976272691
202.0,-0.8082225471463724,0.011220423194923633,-1.5703873512197921,-0.32091679435264825,-3.0261953151366794,-3.0355843242321643,-73.18461192311504
203.0,-0.8041390986310425,0.011242256272350292,-1.5703672168668648,-0.3370205219753664,-3.044617311514336,-3.0502565659183123,-73.37951523878833
204.0,-0.8066297672807129,0.011149773421851368,-1.57045155914932,-0.35249860289518853,-3.0595929521528893,-3.067364395008919,-73.57622666100434
205.0,-0.8133735485430753,0.011142624858423954,-1.5704590242987,-0.3699430680337313,-3.0634582984353007,-3.0792008155903976,-73.77380749870872
206.0,-0.8214042968925067,0.011168776756816025,-1.570436520024814,-0.3882415026279298,-3.0665146653249273,-3.090533354254979,-73.9722532364957
207.0,-0.8261311063359148,0.011184310451798725,-1.5703987541303643,-0.397344581717538,-3.074071816236078,-3.1062245043377428,-74.17158105182948
208.0,-0.8266662662090579,0.011196883191176957,-1.5703740775889667,-0.3955146376068426,-3.0882040297403375,-3.1168322631706533,-74.37176044618039
209.0,-0.8209902324817582,0.011341870000115745,-1.5702901351701868,-0.4042045047993792,-3.1043132133155664,-3.1276582748224526,-74.57381519442733
210.0,-0.8218774497543392,0.011231166471439989,-1.5704017838062376,-0.4164754735532637,-3.1135454012455184,-3.141645836281415,-74.77753721066698
211.0,-0.8263316858404721,0.011219714691836075,-1.5704155036925078,-0.4325945018347201,-3.1283899112403364,-3.158487292893085,-74.98335767755361
212.0,-0.8241488795121455,0.01129816974845616,-1.5703335506732816,-0.44788912529030206,-3.145615696484477,-3.1765355061929257,-75.19167669819076
213.0,-0.8252546941675438,0.01121280928190558,-1.5704091059071332,-0.4626658872575654,-3.1608487395956417,-3.195083327463755,-75.40242785160133
214.0,-0.8299299129685267,0.011188788291645043,-1.5704332603136701,-0.4798164140974164,-3.1781829448709416,-3.2138376806410056,-75.61580741057995
215.0,-0.8290386259715843,0.011269375026851285,-1.5703564572667454,-0.4979880027457792,-3.192187190678746,-3.2300533015893125,-75.83180858291222
216.0,-0.8264279957650272,0.011210606138935505,-1.5703890882118385,-0.5077740213880314,-3.208991971097774,-3.245146172436418,-76.05022699937102
217.0,-0.8273744518099089,0.011142270602169815,-1.570449076850631,-0.5143051943066688,-3.2200459029749795,-3.262425831695705,-76.27021758749947
218.0,-0.8277405567831189,0.011219589474582676,-1.5704055457054318,-0.5280245523630912,-3.2320083528254333,-3.2767228409004754,-76.49232653784814
219.0,-0.8326200807543079,0.01117494456091762,-1.5704539098659926,-0.544804284159049,-3.2474093016696775,-3.2936526294589576,-76.71713608544616
220.0,-0.8422529933932862,0.01108058480884805,-1.5705074915778208,-0.5527117698919515,-3.258295452886782,-3.3117127781365214,-76.9435063918895
221.0,-0.8493217348902398,0.011202599139479201,-1.5704190011078192,-0.5667877217430557,-3.2737833916263304,-3.330265213001472,-77.17227690458564
222.0,-0.8517869170083504,0.011269606266348127,-1.5703658384732586,-0.5837014839325236,-3.2912742759654217,-3.3474524793650753,-77.4040702072129
223.0,-0.8565551035325147,0.011156492398462014,-1.570444185272578,-0.5924733645624006,-3.305630675316479,-3.3633602947031283,-77.63810627578005
224.0,-0.856969609894764,0.011250816690192057,-1.5703733088388987,-0.6057762158561281,-3.3184226537026227,-3.380984110798505,-77.87444970066034
225.0,-0.8608274267401792,0.011195297000955513,-1.5704343423921123,-0.6223630254795967,-3.3307364348931263,-3.3985174922768056,-78.11357004724013
226.0,-0.8669171240522002,0.011166841569864342,-1.5704540441965449,-0.6389353313339571,-3.34533058631458,-3.416260041871997,-78.35569861847291
227.0,-0.8753479566293969,0.011152227697316431,-1.5704677195688623,-0.6568532026908263,-3.36242569376147,-3.434671248084602,-78.60127863860349
228.0,-0.8854444418582554,0.011101274972081243,-1.5704921949158275,-0.6677342259934836,-3.378656558709219,-3.4533688833792513,-78.84974792151553
229.0,-0.8959903959676168,0.011100038141310197,-1.5704863244281353,-0.6732729287231326,-3.39642023262318,-3.472185240734728,-79.10076906151747
230.0,-0.9021031306467511,0.011229859274474214,-1.570395989047283,-0.6866067066871776,-3.410694675259926,-3.4910506606991536,-79.35454230510334
231.0,-0.9074029009533059,0.011231829354638593,-1.5704038976009795,-0.7032282550271647,-3.427614092257428,-3.5088361110104085,-79.61172272337177
232.0,-0.916735459181387,0.011162283327549472,-1.5704642197513308,-0.72120231465512,-3.4431410873613375,-3.5272564639921855,-79.87269355937487
233.0,-0.9249834351774041,0.011170890198967429,-1.5704470370389618,-0.7381422411123196,-3.4565647250678224,-3.5324807011509423,-80.13710934801165
234.0,-0.9361661107186866,0.011065989384598301,-1.5705176858829382,-0.7439294212095416,-3.473134040911778,-3.5427846467476503,-80.40450179596763
235.0,-0.9400842838044553,0.010592319354865046,-1.5703617744392837,-0.754690226088162,-3.488010124768721,-3.5554634714277364,-80.67476260125397
236.0,-0.9444032111280265,0.008074283941391888,-1.5703296458609137,-0.7662417902717215,-3.5051968455798064,-3.571745521746656,-80.94946320859978
237.0,-0.9484323834097921,0.008584736118939767,-1.5705468789084203,-0.7821064675455905,-3.523395034470203,-3.5890374098240785,-81.22745523134188
238.0,-0.9500645304396823,0.009511452453790318,-1.570484301598877,-0.799705183285785,-3.5420008916440886,-3.6068248876903057,-81.50819761112635
239.0,-0.9510840272396077,0.010013077693304008,-1.5705149169850705,-0.8044340309888607,-3.5607812047990386,-3.6213912301020956,-81.7906849135684
240.0,-0.9574130588474515,0.010391044811822084,-1.5705345288372805,-0.8175041050949002,-3.5796314926727586,-3.633368404909366,-82.07619163575409
241.0,-0.9663894258668061,0.01064739658847737,-1.5705248585293368,-0.834003413135805,-3.598511187395535,-3.6493181217628203,-82.36541615927568
242.0,-0.9742395858093931,0.010839879843628452,-1.5704921439639103,-0.8519143660328963,-3.6174027562584246,-3.6567688393650775,-82.65844483986726
243.0,-0.9835068038911717,0.010874954685802742,-1.5705360585172718,-0.862741285499683,-3.636040928313809,-3.6709118016493902,-82.9548382128618
244.0,-0.9940710530709286,0.010974872572275762,-1.5705181400438253,-0.878210034847879,-3.651472728695846,-3.6876833044097554,-83.25488893640839
245.0,-1.0072352356896352,0.010991494712216216,-1.5705396977060688,-0.8927909284193849,-3.6688833566852352,-3.7057005447154263,-83.55904215658379
246.0,-1.021294031530324,0.011021994810104614,-1.5705333035579727,-0.9056885405606698,-3.6871673572318313,-3.72423554492307,-83.86734820994889
247.0,-1.0334352468191372,0.011093065623647001,-1.5704913175900892,-0.9203704599000898,-3.7058124059851965,-3.737420453174045,-84.1797408460844
248.0,-1.0449447464812496,0.01110814199445614,-1.57049138374347,-0.9358814733862395,-3.7246083547619597,-3.7538626981452183,-84.49625860598697
249.0,-1.0563867851952413,0.011098232905371206,-1.570504744061784,-0.9502711428977137,-3.743466027200775,-3.7717440867016583,-84.81680246643467
250.0,-1.0687339822149953,0.011087073647562838,-1.570520264449635,-0.9650906419877269,-3.7591478964892606,-3.785054284133019,-85.14137680291148
251.0,-1.0831469468730954,0.011080869407158694,-1.5705333192818713,-0.9822726711935047,-3.7766638620254973,-3.801555094848373,-85.47058232569987
252.0,-1.0991195719700875,0.011026987081844554,-1.5705677655506711,-0.9917008226230334,-3.794992377545591,-3.8194608742267513,-85.80413567423409
253.0,-1.1155576028423588,0.011041665018023004,-1.5705555869923638,-0.9994623107243398,-3.807495609262401,-3.8227955585133215,-86.14175491724106
254.0,-1.1279899641505047,0.011154366135789594,-1.5704723949247983,-1.0136683288400448,-3.8236453479771937,-3.8279495529645327,-86.48334016895055
255.0,-1.1418485738224733,0.011119291936719946,-1.5705099313858493,-1.0305481530159657,-3.8377282015105405,-3.841104646311107,-86.82938386425616
256.0,-1.1574654221105496,0.011091840055354999,-1.570532702277427,-1.0486175694829216,-3.851307134067284,-3.857628037686805,-87.18031049205084
257.0,-1.1742324404760647,0.011078373890359159,-1.5705431094786098,-1.067178861418317,-3.8679525300417885,-3.8655230238210465,-87.53645705372985
258.0,-1.1913443267617536,0.011038117798749487,-1.5705673234424553,-1.079308526639863,-3.885921263953634,-3.873365282409285,-87.89749292398152
259.0,-1.2062344636785782,0.011101784310408279,-1.5705197118044532,-1.0952938821877902,-3.9044355006428053,-3.8876076357162788,-88.26313020648736
260.0,-1.2188420537943108,0.011116946385829968,-1.5705102831141535,-1.1130020304223052,-3.9178592967248966,-3.9016019158121225,-88.63292225221643
261.0,-1.2295268257613283,0.011109435822303431,-1.5705185202569416,-1.1314184470137634,-3.9252846817090714,-3.918422919951057,-89.0064119455538
262.0,-1.2410774373839506,0.011048692319034952,-1.5705704260527362,-1.146658116849318,-3.9394021499679983,-3.936462074446511,-89.38361555853409
263.0,-1.2516833176882953,0.011061071397136104,-1.5705631949749792,-1.1639806440819682,-3.9489301623014943,-3.9550061522820683,-89.76434999294861
264.0,-1.2582777056569192,0.011094957415187564,-1.5705362986814517,-1.1820812476108833,-3.9625377208595074,-3.973742463484799,-90.14772589170076
265.0,-1.267974171191036,0.011013187955933175,-1.5706133182497808,-1.2006729996184626,-3.97384042997659,-3.9913532267287066,-90.534408686248
266.0,-1.2802866496290204,0.010979067931620535,-1.5706430146515886,-1.2194460746641205,-3.989508663870673,-4.002315922533655,-90.92492454307401
267.0,-1.2911336977234016,0.011003611918744025,-1.570621047044749,-1.2382902882491504,-4.006074409831475,-4.006410934386878,-91.31886400036788
268.0,-1.3041720997074462,0.010965056767753955,-1.5706578147515358,-1.2571826942644841,-4.023995155015965,-4.019203610718499,-91.71662789041669
269.0,-1.3192570551913945,0.010948704114193141,-1.5706717302027853,-1.2760820816062721,-4.04249052525862,-4.031415487066198,-92.11859290693984
270.0,-1.3354135447039246,0.0109328840095473,-1.5706822482129874,-1.2916738868201065,-4.061223438404269,-4.047479507942931,-92.5247881774787
271.0,-1.352491884412407,0.01095210451935716,-1.5706680726062037,-1.309148728833422,-4.078510239498984,-4.061517287107931,-92.93544554167636
272.0,-1.3670527055257713,0.010998643698153007,-1.5706282120534014,-1.327460225462795,-4.096546723278679,-4.074562225070542,-93.34993515212757
273.0,-1.3766627649532819,0.01104043180918479,-1.5705932024002554,-1.346121443852042,-4.106683070287912,-4.084860433965683,-93.76722773177605
274.0,-1.387465411998223,0.010980271146844783,-1.5706510221000984,-1.3649447747895311,-4.116612761933842,-4.10010203893978,-94.18755199102495
275.0,-1.4000384656346165,0.01094321988512391,-1.5706844838630563,-1.3838168944828269,-4.131715924143061,-4.116449472758899,-94.61111512896133
276.0,-1.4146736603014065,0.010912877389734097,-1.570711669177375,-1.402711069400862,-4.141824630357882,-4.134276419433797,-95.03850837155493
277.0,-1.4307976637765396,0.01089192601712577,-1.5707288180062895,-1.4188571011107034,-4.157007228280206,-4.149519691145049,-95.46980324184995
278.0,-1.4430355813571059,0.010947176427773467,-1.5706793137755803,-1.4330407778422856,-4.174369558911653,-4.16685310289606,-95.90385539303769
279.0,-1.456795200037788,0.01092265856335251,-1.5707068517967944,-1.4499488343549136,-4.186196279635929,-4.17620929563622,-96.34122968447546
280.0,-1.4679989964079336,0.010910822580939845,-1.5707118431569695,-1.457446940762595,-4.199166422125188,-4.182129803401051,-96.7810651144197
281.0,-1.4744881668972554,0.010951656038640931,-1.5706765593527539,-1.461831082269617,-4.215482691759365,-4.195627950484219,-97.22189775744164
282.0,-1.4809750026504607,0.010963353932192216,-1.5706754851875615,-1.4747207200793464,-4.229909355066129,-4.212293876651282,-97.66387571703014
283.0,-1.4912437275104269,0.010879958297162977,-1.5707506150601291,-1.486173137714543,-4.2469044919814145,-4.229866976880194,-98.1077651632942
284.0,-1.504532295181289,0.010869968488425023,-1.570760243689014,-1.5019064614513487,-4.265016569775997,-4.247026741918834,-98.5542548583708
285.0,-1.5197697360012117,0.010832107231006336,-1.5707908315849242,-1.5122156075066235,-4.2806064279289995,-4.256346192539718,-99.00387097392084
286.0,-1.533682550429079,0.010855504081188858,-1.5707671709760522,-1.517571276592869,-4.298086270177396,-4.264525067066083,-99.45609582646661
287.0,-1.542830713407782,0.01096079150261513,-1.5706776701457699,-1.5308401735695027,-4.309654343681376,-4.27890945434721,-99.91010675138993
288.0,-1.554372510131264,0.010905494020448598,-1.5707324165081018,-1.5474485025411122,-4.325429624079329,-4.294355407216378,-100.36622349061557
289.0,-1.5684673511001899,0.010840117678469484,-1.5707878525368792,-1.5587986434576333,-4.343038103093662,-4.310884970853627,-100.82490783392394
290.0,-1.5815543712511624,0.010886079650564498,-1.570747122105677,-1.5744676724086075,-4.360858849346173,-4.328788651574192,-101.28585319637637
291.0,-1.5919760236861522,0.010880975290887527,-1.5707520184099537,-1.5837553613234305,-4.377451638346703,-4.34354273394566,-101.74840950113907
292.0,-1.6046736106657598,0.010861984013448992,-1.5707719198200594,-1.5986260614324672,-4.39536810607579,-4.360664995619127,-102.21297763792843
293.0,-1.6195294833068679,0.010844173507034012,-1.5707879956719357,-1.6158706534126133,-4.4138614423645635,-4.37882831321968,-102.68003676883612
294.0,-1.635796296140252,0.010835152529673037,-1.5707962687825616,-1.6340926228059391,-4.432593329012196,-4.3943512404329965,-103.14988398255686
295.0,-1.6504733657461017,0.010563931416004166,-1.570779642252319,-1.646842550343949,-4.449737431670215,-4.411802638299188,-103.62228807292243
296.0,-1.6662177368801996,0.010599072616341696,-1.5708047868801278,-1.6631095762644157,-4.466280252303039,-4.430102353099135,-104.09742367735299
297.0,-1.683063097426707,0.010675031673274903,-1.5708070772054434,-1.6805031247430084,-4.479778278059778,-4.447401649515503,-104.57578207263803
298.0,-1.7006512056741692,0.009111711123709655,-1.570726978600915,-1.698669426550575,-4.496370207277731,-4.465616772689787,-105.05759596313985
299.0,-1.7186433917586545,0.00935532289125486,-1.5708671682885333,-1.7173034727379728,-4.514317118501565,-4.469662662811026,-105.54250036867191
300.0,-1.736980442327521,0.009865635541593743,-1.5708425844942746,-1.7360777929563584,-4.532823054361357,-4.474357779789311,-106.0304203486585
301.0,-1.7554772258926252,0.010074988018574253,-1.567934780051433,-1.7549492026045788,-4.545509373774412,-4.487337762900787,-106.52180127119851
302.0,-1.772617283768041,0.010503338692793924,-1.5687569285195035,-1.7643393270731444,-4.561736736114233,-4.503789184760375,-107.0163191374697
303.0,-1.7855598116723117,0.010663031847810436,-1.5693922715048831,-1.7770244406024098,-4.561289785202014,-4.521676899543827,-107.51430420185274
304.0,-1.7998496652923444,0.010682524860456264,-1.5698954976363224,-1.7917245842141467,-4.568422609452461,-4.540158395584868,-108.01539352277739
305.0,-1.8146664203162453,0.010716682763803668,-1.5702108871028133,-1.8088636019582203,-4.582396651850654,-4.558885332473921,-108.51905373244198
306.0,-1.8295397995136136,0.010670331384307617,-1.5689046554027886,-1.8270527328988093,-4.599262066208151,-4.573187132273201,-109.02496073623486
307.0,-1.8456607187997416,0.01075952149147399,-1.5695179913271498,-1.8381078939441315,-4.614496080389501,-4.581594272932511,-109.53375819213743
308.0,-1.8608600391852115,0.010746964580468425,-1.5699795589197514,-1.839972679267208,-4.631832398385224,-4.5955524359583215,-110.04526818861163
309.0,-1.8764480046223935,0.010778338959840799,-1.5702438560214003,-1.8518791754171662,-4.64625235674558,-4.606291984728272,-110.55961511183955
310.0,-1.8930834802834922,0.010771333020166828,-1.570451419612945,-1.8672161430182956,-4.65894137096982,-4.621713817851953,-111.07718623005096
311.0,-1.9064187999971192,0.010815056048616191,-1.5705485107990977,-1.8846316492148016,-4.670756423813079,-4.6391731038364785,-111.59711952721
312.0,-1.921038683786341,0.010769721337330165,-1.5706839622064144,-1.902938177811563,-4.675821634224095,-4.6574774334098725,-112.12032301853732
313.0,-1.933682834772372,0.010785888584885293,-1.5707318118209328,-1.9215900061662408,-4.68735029418083,-4.676131120756737,-112.64569062841812
314.0,-1.946682014461763,0.010756274851583722,-1.5708027380462986,-1.9403997445844028,-4.703178556550295,-4.692998717016742,-113.17284861540752
315.0,-1.961184404666239,0.010725736150748523,-1.5708590610618025,-1.9592683957995736,-4.717054222635264,-4.709030627814103,-113.7024090276448
316.0,-1.9771600762806483,0.010697512817217815,-1.5709067422168366,-1.9738863279485892,-4.733813817818176,-4.72235323239502,-114.23468829373256
317.0,-1.9905399290974692,0.010743783577869608,-1.5708753323216387,-1.9893243528637081,-4.7491482566225764,-4.738070262619654,-114.76910613237519
318.0,-2.0052712934128345,0.010716657491305898,-1.570907959278429,-2.0067816581327453,-4.76235185344334,-4.755638707630498,-115.30615537561616
319.0,-2.0214474766833965,0.010691766211406556,-1.5709390713619709,-2.0209457249736884,-4.775574531809385,-4.773987784591946,-115.84641015618517
320.0,-2.0357521049974547,0.010717761991186682,-1.5709205489580051,-2.0321336667139804,-4.792071757530964,-4.792659956928427,-116.38917844497159
321.0,-2.0512189126993614,0.010707017221806538,-1.5709271741095467,-2.0477560287049,-4.7997660937207955,-4.794064518447181,-116.93545499664172
322.0,-2.06546877299436,0.010726215357339993,-1.5709110735088516,-2.065306365575653,-4.809882876163018,-4.799879526221641,-117.48469577473493
323.0,-2.08072566142059,0.010694461086768022,-1.570946200244018,-2.080691478877589,-4.825084423128443,-4.809625205296626,-118.03678043150596
324.0,-2.097152317987626,0.010685170500370733,-1.570952824240967,-2.0980217264809453,-4.84245614497269,-4.823419727427677,-118.59186023570972
325.0,-2.114429367526408,0.010680521369173896,-1.5709579144437666,-2.116277785442071,-4.860724605774663,-4.836916111745668,-119.15014720966252
326.0,-2.1258439259340927,0.01075535383242365,-1.5708930642801981,-2.1349055159178887,-4.879361846115777,-4.8467801696332105,-119.70993991825179
327.0,-2.138854383792021,0.010688304326400187,-1.570961100102743,-2.151258121751003,-4.890755043685582,-4.861854436667657,-120.2722924641862
328.0,-2.1495222943882966,0.010704058153543701,-1.5709496707536328,-2.164326351316979,-4.901041401836936,-4.87149473728126,-120.83681482677825
329.0,-2.1623773568784395,0.010659332272144603,-1.570984951371379,-2.180744214216906,-4.907275750850901,-4.878534949314997,-121.40438745397813
330.0,-2.176259488402591,0.010649276349829932,-1.5709928639833677,-2.198622866964846,-4.918367775266208,-4.892474700098682,-121.97498152353623
331.0,-2.1906033162677065,0.010645301963031107,-1.570997931649036,-2.2171057920135375,-4.930305804710571,-4.901279495567775,-122.54869631421592
332.0,-2.2061181834617885,0.010629578698189717,-1.5710167901063121,-2.2336088138976677,-4.944477928702691,-4.91594038269517,-123.12580565074407
333.0,-2.2226620136478306,0.010627960390658785,-1.5710155937848092,-2.251479801987555,-4.959341488461328,-4.933086164942657,-123.70662267846797
334.0,-2.236626513403177,0.010667739955862465,-1.570980431139956,-2.2699545581434557,-4.976537383538298,-4.945047274635781,-124.29025534097707
335.0,-2.251782902824202,0.01063730220910457,-1.5710100901362338,-2.288690845814442,-4.9904751515693855,-4.960351070616293,-124.87730020330166
336.0,-2.2626698574968773,0.010688188992248986,-1.5709655104399367,-2.3075178049671456,-5.007250075111111,-4.97775085903846,-125.46635480100221
337.0,-2.274430007620536,0.010642806484317438,-1.57100995170393,-2.3264017809699427,-5.025272778205014,-4.988977283983999,-126.05752849427722
338.0,-2.288509003142665,0.010604624821648586,-1.5710444938157748,-2.345298653716049,-5.041053333663973,-5.004612206728334,-126.65181360971987
339.0,-2.302185976354387,0.010614188033519205,-1.5710384594780393,-2.362807890161443,-5.058616042431582,-5.019970393660572,-127.2491210179759
340.0,-2.315214529382408,0.010619311458639431,-1.5710326539679533,-2.38111108753554,-5.076962935340481,-5.037368709599641,-127.84923940399203
341.0,-2.329953544292044,0.010592289854612384,-1.5710572138863235,-2.3997719763015732,-5.095143416235003,-5.055646905367896,-128.45277427034102
342.0,-2.344168835935458,0.010605570250753628,-1.5710452883682635,-2.418572787743555,-5.1137365910396095,-5.074289760569247,-129.05967317991383
343.0,-2.359703581447319,0.010582340447151242,-1.5710848262938613,-2.4261011754003485,-5.132509665440535,-5.093083441642431,-129.6705018078793
344.0,-2.3747044019814507,0.01060261567220438,-1.5710444796074843,-2.4402855973095194,-5.151356807851781,-5.111939371573632,-130.28515951156416
345.0,-2.390795298868554,0.010589523436235215,-1.5710516919938595,-2.4572513192876704,-5.168514664857713,-5.129542918305644,-130.90411979639882
346.0,-2.4078617047165247,0.010585115111831165,-1.5710555406358917,-2.4753576633193384,-5.182114185611616,-5.147885087274517,-131.52800590975394
347.0,-2.4255631298883884,0.010585100795154853,-1.571067769610436,-2.488280269410725,-5.198745276367673,-5.165838022637014,-132.15698193562977
348.0,-2.4436852005320593,0.010589433564988147,-1.5710575944718221,-2.5020576210258763,-5.209843057487873,-5.179284747705875,-132.79155201568375
349.0,-2.4620802943640063,0.010593608827341516,-1.5710475340401515,-2.5188010575071735,-5.225423661684264,-5.195843747847932,-133.43164760466655
350.0,-2.478925831956148,0.010615772044804801,-1.5710302278171202,-2.534968737350117,-5.228366969684432,-5.213773628441708,-134.07744672623735
351.0,-2.4962249294947574,0.010600587124204468,-1.5710441173745338,-2.552560430002504,-5.2398405805663035,-5.232272505655668,-134.72870048125174
352.0,-2.5125776600122705,0.010610126420690058,-1.5710450487339882,-2.566561892906954,-5.255658316289395,-5.2510066139825105,-135.38495666557245
353.0,-2.527808332442511,0.010612255931396223,-1.5710358440985253,-2.5833606321979086,-5.2732852034235815,-5.269670024118035,-136.04580996345632
354.0,-2.543946507474617,0.010589503204241648,-1.5710678728845728,-2.5950165454459255,-5.287508319226249,-5.288469327324313,-136.71170128388766
355.0,-2.56103644998158,0.010575805064302763,-1.5710670237572097,-2.6108235038414027,-5.304404550023402,-5.307327553036628,-137.38295283438484
356.0,-2.5758869020603568,0.010604645432209897,-1.5710421512037571,-2.627213678675527,-5.322474941441747,-5.3262102324247,-138.0588821632352
357.0,-2.5917078842167474,0.010577039364032538,-1.5710669687235113,-2.6450618584602115,-5.3410325465466615,-5.345103072826561,-138.73978980161695
358.0,-2.608597947123335,0.010564493043586691,-1.57107941144446,-2.6635304219395777,-5.359790368894509,-5.36400007097461,-139.4261392352236
359.0,-2.6259853367829993,0.010563768589375546,-1.5710819468342077,-2.6822542543247327,-5.378630909869112,-5.382898780746581,-140.11819469065054
360.0,-2.642427309111534,0.010579395529486758,-1.5710710831971142,-2.7004797989555414,-5.396769031125673,-5.3933162449280285,-140.81574342468826
361.0,-2.659306787198062,0.010571147704680171,-1.5710845861213638,-2.7162689941979177,-5.4126658314081375,-5.4068828406100025,-141.51898452797417
362.0,-2.6768560797296472,0.010570958624344397,-1.571100234425936,-2.722470587240267,-5.426377632453614,-5.423546155214853,-142.22810799077843
363.0,-2.6948820949065238,0.010561084777760533,-1.5710817834084891,-2.7361187811933405,-5.443067109732148,-5.438614991039393,-142.94335568663914
364.0,-2.7132096109223416,0.010559650064301757,-1.571075938987278,-2.7528596405475056,-5.451651846474595,-5.452960840292444,-143.66512271934025
365.0,-2.723241421004693,0.010657415700820572,-1.5709914393639117,-2.77086893488609,-5.4626209213903625,-5.4570490449592075,-144.39072340714492
366.0,-2.7350614216056663,0.010583763107895359,-1.5710711971078957,-2.786773955219835,-5.477916970368167,-5.469015996878808,-145.1203455781649
367.0,-2.7493398032058765,0.010541473465371086,-1.5711041417799732,-2.8043882079280382,-5.492344788000395,-5.4809199327348335,-145.85497984207154
368.0,-2.7605305752708964,0.01058046361164578,-1.5710702765745987,-2.8227577879186727,-5.509344412333929,-5.496857032272331,-146.59369405944142
369.0,-2.7705861138864303,0.010570746473994426,-1.5710816275893693,-2.84144255697697,-5.519791765481689,-5.512120613673124,-147.33618530859974
370.0,-2.782503263198103,0.010533425437171935,-1.5711188665466616,-2.860256864100471,-5.535119171900071,-5.5216089429217865,-148.08297700765198
371.0,-2.796734594847003,0.010513744466613227,-1.5711432821024893,-2.87652752184816,-5.551908291035932,-5.536547488589494,-148.83481831189482
372.0,-2.8125898870655224,0.010515025519836886,-1.571148713724002,-2.888275428397404,-5.567734901057539,-5.553807870976506,-149.59221696714732
373.0,-2.828169444774424,0.010525607614491572,-1.571121644832281,-2.9041152178489296,-5.581846848025935,-5.572029944123364,-150.3552803540558
374.0,-2.8447005804076886,0.010520124015560198,-1.5711236274395137,-2.921757918747421,-5.597994045591498,-5.590649713731041,-151.1243330479336
375.0,-2.8620533819451452,0.01053947806801763,-1.5711299957370137,-2.92919814024689,-5.615743414996261,-5.609433840357824,-151.89935355637715
376.0,-2.8799570074553777,0.009688600084959973,-1.5710917926966277,-2.9296801938618473,-5.634168110344745,-5.628285827730105,-152.68008827087158
377.0,-2.8957105452275154,0.009830358916042772,-1.5711008117833674,-2.9410192290073067,-5.652872402749258,-5.647165864831702,-153.46639485526487
378.0,-2.912195721396616,0.010061291058870011,-1.571103391676713,-2.956815483086036,-5.671690634986852,-5.664490780965103,-154.25865519277934
379.0,-2.927920323934672,0.010248590792181968,-1.5710930008190935,-2.9691805287127178,-5.689478437732856,-5.678541368073907,-155.0565568677316
380.0,-2.9420618304469333,0.010373140085009638,-1.5710815390343107,-2.978873217735821,-5.707900282686014,-5.695364555844469,-155.85945873707902
381.0,-2.9537136277560636,0.010445289786105809,-1.5710621410262668,-2.9938806806375062,-5.720304648845544,-5.713404039322314,-156.66672802302276
382.0,-2.9673116845306895,0.010451769588789198,-1.5711064899574196,-3.0077485861366955,-5.736412758645302,-5.731801505589827,-157.47882821408058
383.0,-2.9827518110891162,0.01046608354294188,-1.5711237061315837,-3.0203820490948714,-5.754158385852607,-5.744490341069308,-158.29634527476736
384.0,-2.996502462856735,0.01051664320718665,-1.571098644291324,-3.03130472947229,-5.772580802392137,-5.760387082014033,-159.11873040887025
385.0,-3.0087973544571027,0.010535687680504321,-1.5710910146597656,-3.0422241600782476,-5.791283620612625,-5.775904748995804,-159.9454491899448
386.0,-3.0229609596059226,0.010500723008464767,-1.5711169404822714,-3.057748615077313,-5.807653858894732,-5.788684370957457,-160.77718227483086
387.0,-3.0387707808149647,0.010506662772489716,-1.5711302937169978,-3.069078756406761,-5.822696791184495,-5.804973159103327,-161.61438278954407
388.0,-3.0556562728016834,0.010501273807795912,-1.5711251838182034,-3.0847508267992265,-5.838083726172466,-5.822791461867948,-162.4575158497708
389.0,-3.0732423496632415,0.010508446678255299,-1.5711194698936084,-3.102323167883307,-5.8500926928388965,-5.841244247675491,-163.3068861535787
390.0,-3.091286315802085,0.010521055721027833,-1.5711137046997616,-3.1206774555901893,-5.865836754814406,-5.858371860565148,-164.16260958531691
391.0,-3.109627922775643,0.010532323386324555,-1.571107872523779,-3.139352522411674,-5.883428480561465,-5.86679244494894,-165.0247362570639
392.0,-3.128163349002653,0.010540578026150866,-1.5711023176184382,-3.158159726556983,-5.89724034030262,-5.8813243802922015,-165.89332785374353
393.0,-3.1453069136788065,0.01056237339707399,-1.5710837355439893,-3.177022022645014,-5.903000358747735,-5.898417662755447,-166.76803483601546
394.0,-3.158966797433737,0.01060655716591877,-1.5710582834209905,-3.1922437687277134,-5.916462592443876,-5.916570686456477,-167.64755183015174
395.0,-3.173860672639394,0.010586348461517462,-1.571095260724453,-3.197838783568334,-5.933118247541838,-5.935161873814371,-168.531711105989
396.0,-3.1901431715283586,0.010539141420295686,-1.5711043959970128,-3.2112440763085717,-5.951092306722715,-5.949070461141194,-169.4211576210105
397.0,-3.203492504127314,0.010586006259741902,-1.5710727385764036,-3.22026561163048,-5.969608045323069,-5.96230669436817,-170.31491383199133
398.0,-3.214411964234327,0.01057508528865868,-1.5710643958879937,-3.2350140752810375,-5.986198609265908,-5.978802923694226,-171.2123563680526
399.0,-3.227530241925699,0.010523099247486642,-1.5711075320154588,-3.2522041146324203,-5.99095576052654,-5.996707603867887,-172.11427525731924
400.0,-3.242661391560033,0.010525103903501221,-1.5711249688331383,-3.2647893959241645,-6.004041929409183,-6.005561930555082,-173.02102887505546
401.0,-3.2591031150405185,0.010535425376274415,-1.5711259646557325,-3.26990226707744,-6.005669782024964,-6.020269127066226,-173.93288949079258
402.0,-3.2745478164374138,0.010541038964769827,-1.5711006455593848,-3.280780706527986,-6.0175040749073885,-6.037434665593182,-174.84959992372276
403.0,-3.2888452916244573,0.010543388680226527,-1.5710887558557973,-3.296332435636738,-6.033486839400072,-6.055617647640596,-175.7708623198167
404.0,-3.3044276822551284,0.010523954250739986,-1.5711061869935825,-3.3138528632147923,-6.045957136960363,-6.0722497437555365,-176.69707980222677
405.0,-3.319908270293939,0.010537744088462715,-1.5710987088073614,-3.332185934604789,-6.062110391852543,-6.089160294927536,-177.62818833545774
406.0,-3.336388879389513,0.010550188284886783,-1.5711060744218213,-3.3444771890925615,-6.0770119263356985,-6.105923389929908,-178.5641920064095
407.0,-3.350367118869227,0.010574176766834762,-1.5710736358120896,-3.359508227552733,-6.094210735600281,-6.117507677579155,-179.50443946363495
408.0,-3.3655481299435617,0.0105440425541946,-1.5710965127669254,-3.376791747566775,-6.112408410483365,-6.133278998150924,-180.44916292501884
409.0,-3.38202476821392,0.010562979276103267,-1.57110245024861,-3.384759226231771,-6.131017657866189,-6.1508828050151285,-181.39835190655077
410.0,-3.3993391284476537,0.01053540914129121,-1.5711006014110187,-3.3991126740584225,-6.143832118867138,-6.168280788725206,-182.35250167888316
411.0,-3.4172087216063036,0.010550012162234673,-1.5710949054434522,-3.410766623554623,-6.152805433034592,-6.174243501688148,-183.31172613275817
412.0,-3.4354355044239475,0.0105466464580997,-1.5710882978624363,-3.425873764614508,-6.165360388970749,-6.180045108598651,-184.27607807655346
413.0,-3.451864453454719,0.010572203368870834,-1.571063967114316,-3.4431993011551647,-6.181600931358265,-6.181993727553739,-185.24503597064844
414.0,-3.468842194470069,0.010560713221635452,-1.5710753657740784,-3.461447670046026,-6.192833924569143,-6.189571753368231,-186.21877377379568
415.0,-3.486492486917724,0.010586756813010403,-1.5710753413729133,-3.4715247793713573,-6.208464529159489,-6.20156707533903,-187.19699892746218
416.0,-3.5045718944250654,0.010565735796663442,-1.5710745456371826,-3.486715084876884,-6.226014497439736,-6.217573908616601,-188.17982818948497
417.0,-3.522941940530609,0.010590251174934682,-1.5710685685533636,-3.4950090327140395,-6.244356241072327,-6.233223998484558,-189.16699741093666
418.0,-3.540164312086204,0.010592887289263966,-1.5710534112598509,-3.505562187081534,-6.263026401923915,-6.245794506319513,-190.15820361539167
419.0,-3.5556948367636516,0.010592853845844949,-1.5710434162956153,-3.5188414501816156,-6.274949249411753,-6.252803635684161,-191.15326698792308
420.0,-3.5688017183570766,0.010596986746265746,-1.5710337929948492,-3.5353859093833786,-6.278468142410299,-6.2667511984273405,-192.1519705064532
421.0,-3.57807558809968,0.010629509271801951,-1.5710163306692733,-3.5503152952603987,-6.281241624319952,-6.276503390948991,-193.1534014095521
422.0,-3.5894930386514177,0.010600120094089775,-1.5710643989571256,-3.556664038667194,-6.282360346457555,-6.280438631273164,-194.15766579572937
423.0,-3.6034458061950345,0.010550514938426556,-1.5710913471262353,-3.5669209035988008,-6.282820820159931,-6.282057100119317,-195.16549297982232
424.0,-3.619126270101613,0.010564925163880046,-1.5710927758247042,-3.569315916753131,-6.2830087498813025,-6.2827220344843395,-196.17699994227252
425.0,-3.6359188027153966,0.010529948301362285,-1.5710928609239476,-3.5814311739220392,-6.2830870651083615,-6.2829950895801145,-197.19273971699678
426.0,-3.653448417650032,0.01053836645176666,-1.5710844620147981,-3.5959426750675707,-6.2823562537023125,-6.2831073383156575,-198.21299244062473
427.0,-3.671455145244685,0.010549307948721401,-1.5710747447967095,-3.6130038004058838,-6.2828304808133355,-6.283153483900697,-199.237878543128
428.0,-3.689330275167455,0.010568913874963386,-1.571060814189399,-3.6311457514654517,-6.28164063026158,-6.283172459859521,-200.26745605632607
429.0,-3.70585756076615,0.010638916520332631,-1.5710326902343374,-3.635569880356209,-6.282545490083959,-6.283180291392767,-201.30073624226299
430.0,-3.721442368983785,0.010609294797296049,-1.5710330973405473,-3.6469012928011133,-6.2828967626132215,-6.2831833486069995,-202.33771822299136
431.0,-3.7378602239873127,0.010581647357587052,-1.5710478351500934,-3.66265125067908,-6.28304121058121,-6.283184688773773,-203.37872498635357
432.0,-3.7546902159699687,0.010593772152407505,-1.5710449206118862,-3.6768643501420324,-6.283100063995681,-6.283185240376488,-204.4237627975044
433.0,-3.772170182425568,0.010585804788479683,-1.5710469929231945,-3.6937651609590327,-6.283124614822067,-6.28318549372541,-205.47302376556107
434.0,-3.789349476150867,0.010609505176074225,-1.5710337439827915,-3.708649928203226,-6.283134349976166,-6.283185580699117,-206.5263349172961
435.0,-3.8070067364480025,0.01020974744725478,-1.5710235767791734,-3.725832484534614,-6.283138728460657,-6.283185631930329,-207.58370123804767
436.0,-3.8250866626727964,0.01027922611182187,-1.5710411973285496,-3.743459491506307,-6.283141263267848,-6.283185670136686,-208.645305150499
437.0,-3.8377460768393976,0.01045610462934012,-1.570981640789106,-3.7618336781795128,-6.283140128814289,-6.283185680968936,-209.7103200397022
438.0,-3.848065127092598,0.01053151627525978,-1.5709843268374986,-3.77939576579185,-6.283141531330864,-6.283185683299816,-210.77818769125383
439.0,-3.857591349771088,0.010568586955908836,-1.5709964249305604,-3.7959173320299495,-6.2831428674822485,-6.283185677763684,-211.84868280262708
440.0,-3.869879959871034,0.010552026101968225,-1.5710363565843417,-3.8131662848162944,-6.283144995802436,-6.283185681876537,-212.92224502702533
441.0,-3.8844681926086224,0.010555887843428013,-1.5710478243136767,-3.831373723178585,-6.2831455682823485,-6.283185689562346,-213.9993213254917
442.0,-3.9005584612522077,0.010572917783548826,-1.571043440478166,-3.8499873975151737,-6.283145651074208,-6.283185697544963,-215.08016533820611
443.0,-3.9125309397372825,0.010645460577999772,-1.570987815987415,-3.8681701530674344,-6.283143852167487,-6.2831856950175045,-216.16415557056254
444.0,-3.924193661634715,0.010648035931356088,-1.570995691712746,-3.884272308144504,-6.28314549450527,-6.280649680459623,-217.25100908198777
445.0,-3.936937191597129,0.01062976710805191,-1.5710093222580674,-3.901966754310265,-6.283146886899295,-6.282188487786988,-218.3409523476106
446.0,-3.949343564537439,0.010639998234158071,-1.571000391620454,-3.9203702248441883,-6.283147007924614,-6.282774820436586,-219.43399596358637
447.0,-3.95849524264569,0.010680848536718053,-1.5709677836893332,-3.9378317265501575,-6.283146294232399,-6.2830169277092995,-220.52963367628647
448.0,-3.9702377427368085,0.010647971661700905,-1.5710028320765537,-3.952680628469328,-6.283149133371249,-6.283116339384008,-221.62794773429903
449.0,-3.9844661016989824,0.010627571482450967,-1.5710148690143,-3.968598349291375,-6.283150126084068,-6.283157185110574,-222.72934262870103
450.0,-3.995722627960804,0.010689161845095968,-1.570965660047592,-3.980546745229723,-6.2831483330325835,-6.2831739250684775,-223.83319805661944
451.0,-4.005650603221146,0.010696371683468951,-1.5709605205774937,-3.9897186305994237,-6.28314935650775,-6.283180798367283,-224.93905509709413
452.0,-4.016531611251335,0.010690673694636933,-1.5709712939713678,-3.9920373354570833,-6.2831506106753645,-6.283183658908477,-226.04649805051878
453.0,-4.029921425163111,0.010599503731497694,-1.570196231542974,-4.004108456994466,-6.283153137396896,-6.283184743630584,-227.15666788033084
454.0,-4.045255137773129,0.010638395548766437,-1.5704387705348557,-4.017745739367554,-6.283152372734705,-6.283185228921024,-228.26966724639126
455.0,-4.060803151275572,0.010658016612822918,-1.570606391914527,-4.030518849013642,-6.283151712585345,-6.283185452103034,-229.3854191396557
456.0,-4.077374714776201,0.008972738670264145,-1.5706801899874079,-4.046825727696762,-6.283150982477696,-6.277126432748999,-230.50376856763458
457.0,-4.094723176672097,0.009281327630335613,-1.570833450483051,-4.056125324641661,-6.283153466610837,-6.280789610156054,-231.62474607144844
458.0,-4.110519941926514,0.009775102601237581,-1.570851622950109,-4.07101705231818,-6.2831522670143025,-6.282198772441431,-232.74866006739464
459.0,-4.12707078226713,0.010086331057531301,-1.5708836436800448,-4.088258893753617,-6.2831530650924945,-6.2827802983771175,-233.87563809830303
460.0,-4.144432035666915,0.010281828704725876,-1.5698042516766288,-4.102886401442057,-6.28197303126088,-6.283019131507622,-235.00586329652367
461.0,-4.162351510115096,0.01047825361603341,-1.570137265114584,-4.1175729505072605,-6.2826877282979385,-6.283117216452344,-236.13879285856007
462.0,-4.180595659959969,0.010556105672963868,-1.5703948395236862,-4.134683028254945,-6.282962743499362,-6.283157552655656,-237.27454565124592
463.0,-4.199070696873385,0.010619039577247455,-1.570560059542076,-4.152058018755574,-6.283075956417232,-6.283174125115578,-238.41311953271028
464.0,-4.217689458379612,0.010651268788281465,-1.570280818294672,-4.170309948395277,-6.283122865547329,-6.283180949012782,-239.5546215500109
465.0,-4.236419611403371,0.010715060810419124,-1.5704609633816915,-4.185258933142413,-6.283142047779133,-6.2831837140514715,-240.69861148139324
466.0,-4.253315487979033,0.010762152685450235,-1.570575678759763,-4.195563028733612,-6.283149673316372,-6.283184835464895,-241.84452350270908
467.0,-4.267866505983221,0.01076065148770653,-1.5706675800469738,-4.2108172333915554,-6.2813510665932535,-6.283185306887978,-242.99264516246484
468.0,-4.283504175691458,0.010744993761171688,-1.5707507569032892,-4.226090049267228,-6.2824463001176065,-6.28318549753828,-244.1427617685215
469.0,-4.299020833900449,0.010746800012195416,-1.5707911413358708,-4.243454717756712,-6.282865909534446,-6.283185606273018,-245.29503085915587
470.0,-4.3125223163367785,0.01077283765520642,-1.5707996104276118,-4.261005428175158,-6.283037966491489,-6.283185650115154,-246.44936118129027
471.0,-4.327430635770512,0.01076460321569578,-1.5708324732093397,-4.275356300569268,-6.28311098588697,-6.2831856477820835,-247.6054895289581
472.0,-4.343727484409023,0.01076442164304258,-1.5708465727201775,-4.287270896728582,-6.283141015701492,-6.283185625247727,-248.76321132092596
473.0,-4.360929156275901,0.010762793329920514,-1.5708531777478745,-4.299450667652242,-6.283153509700123,-6.28318561148808,-249.92249410464035
474.0,-4.378718984060113,0.010756945465302866,-1.5708572392807227,-4.315507620859912,-6.283158788244938,-6.283185634209601,-251.08357453011055
475.0,-4.396898570306685,0.010766594325050857,-1.5708509327717401,-4.333234524118325,-6.283160925879034,-6.283185659321282,-252.24652036472455
476.0,-4.412845575135473,0.010803358326880777,-1.5708211765366327,-4.351652438866498,-6.283160756922708,-6.283185680900053,-253.41127861881426
477.0,-4.427799907452369,0.01082537909917605,-1.5708095178789345,-4.3657155462075705,-6.283162136022601,-6.283185657138594,-254.5774080787144
478.0,-4.439292547195035,0.010842453581365565,-1.5707910384813955,-4.382532463281443,-6.283162158741736,-6.283185668446216,-255.7450260295383
479.0,-4.449383022135702,0.01084956944354656,-1.5707912352764721,-4.394916905257631,-6.283164017713153,-6.2831856303301645,-256.91373548246867
480.0,-4.462016273919664,0.010815560275032032,-1.570824050514028,-4.403037874300803,-6.283167218229666,-6.283185624441841,-258.08312772465064
481.0,-4.476192795236673,0.010788263730948962,-1.570840267360606,-4.4152875132997,-6.28316820817095,-6.283185590240891,-259.2534685447694
482.0,-4.486926316241687,0.009970610760474749,-1.570780012900744,-4.431420047092615,-6.283165418542337,-6.283185604076369,-260.42487242813
483.0,-4.4991732621473925,0.010105302367652407,-1.570836852526844,-4.439562963703194,-6.283168946887138,-6.283185653911051,-261.59685313277606
484.0,-4.511016870212433,0.010356585562970257,-1.5708218884031446,-4.448603854376369,-6.283168814323208,-6.283185566434369,-262.7694836168963
485.0,-4.524888768109278,0.010482362979367754,-1.5708433551663161,-4.463329288372558,-6.283170649016786,-6.283185597707953,-263.9430905716214
486.0,-4.535817695150871,0.010660774519304705,-1.5707839652167312,-4.46879753156151,-6.283167609044985,-6.283185639256881,-265.1169985639042
487.0,-4.547329506539537,0.010685349016022683,-1.5708140317108639,-4.482130297212927,-6.283170707709616,-6.28318557809842,-266.2916859441324
488.0,-4.5584316615255425,0.008534790155098986,-1.570740208189465,-4.49875238672899,-6.283169194852728,-6.283185580764493,-267.4669044608542
489.0,-4.570654305417053,0.007266890998849833,-1.5708121752261848,-4.514153240968418,-6.283172354075098,-6.283185646981581,-268.64262990311954
490.0,-4.585009083443005,0.008179332578839484,-1.5708861113699388,-4.531555076250274,-6.283174672294388,-6.283185703350684,-269.81943300757126
491.0,-4.600978087212929,0.009111733714101044,-1.5708402741140963,-4.547243229303313,-6.2831735592073565,-6.283185668528709,-270.99711451270394
492.0,-4.615635270868128,0.009742067986217252,-1.5707914376323628,-4.564770271025651,-6.283172106338514,-6.2831856737681635,-272.17570304889847
493.0,-4.631392612368728,0.010128678457903353,-1.5707827136869146,-4.583093060363698,-6.2831736889644825,-6.283185684002775,-273.35506575291794
494.0,-4.644245273293452,0.010426387581954343,-1.570736457992692,-4.601760027060931,-6.283172216956513,-6.2831856929565015,-274.5352866570482
495.0,-4.655615523417138,0.01059952541015587,-1.5707265029528255,-4.620291034725019,-6.28317372175248,-6.283185699147166,-275.7163530522911
496.0,-4.66712119333122,0.009840483069078677,-1.5707048735185292,-4.639029243770098,-6.283175235787708,-6.283185692140318,-276.89801112152134
497.0,-4.677290188980045,0.0100582758348909,-1.5707391083467506,-4.657850373685496,-6.283176667583454,-6.283185722495869,-278.0805017431305
498.0,-4.689942467308494,0.010348139210518973,-1.5707391248329279,-4.666035850667457,-6.2831788907422865,-6.283185710405487,-279.26285180050104
499.0,-4.701731539146674,0.010541253582467582,-1.5707298677252477,-4.680481628241851,-6.283178849547529,-6.283185632251943,-280.44547731876474
500.0,-4.710171495189596,0.01069617865785332,-1.5707003931514434,-4.697547878483082,-6.283177879244597,-6.283185642900782,-281.62880083330197
501.0,-4.721378074631179,0.010737620046285274,-1.5707353029298603,-4.715672826005312,-6.2831817494013915,-6.283185672227104,-282.8126328236091
502.0,-4.735107934748471,0.01078321804245992,-1.5707392250595527,-4.734253738106236,-6.283182597462586,-6.283185692306165,-283.996739099056
503.0,-4.749940408453543,0.010835047269399566,-1.570722054716416,-4.751239130587453,-6.2831824337694595,-6.2831856885022805,-285.18082734181763
504.0,-4.766077137709463,0.010863724805325293,-1.5707145638076252,-4.769310307035947,-6.283182209717104,-6.283185696475245,-286.3647551040009
505.0,-4.778936162044577,0.010931773300225376,-1.5706655195673105,-4.787874396686233,-6.283180705777698,-6.2831856982395875,-287.54879651361244
506.0,-4.793196989726475,0.010925307173527223,-1.570679556626162,-4.805628729807048,-6.283183862680421,-6.283185698342588,-288.73267521945473
507.0,-4.802297448478825,0.01099236379753025,-1.570623772714821,-4.824048842695217,-6.283181549905713,-6.283185699133158,-289.9169227740945
508.0,-4.813684315882959,0.010950855065232318,-1.5706652506199519,-4.842724539218958,-6.283185462617491,-6.283185706212848,-291.10126393596744
509.0,-4.825257431908333,0.010961178226569583,-1.570656057977659,-4.8615363349159,-6.283185106096926,-6.283185709389528,-292.28563092786874
510.0,-4.8389815146555994,0.010947584128527138,-1.570668483598129,-4.8803895473957795,-6.283186434362168,-6.283185713270306,-293.4697089589389
511.0,-4.8535957037987405,0.010960936497961704,-1.5706551943339482,-4.898544977702675,-6.283186524030259,-6.283185708394287,-294.65325764552824
512.0,-4.865291177891835,0.011005400108292622,-1.5706152542798055,-4.917126281276115,-6.283185200903035,-6.283185706879313,-295.8365941326991
513.0,-4.878784270062877,0.010985314536498984,-1.5706327677503875,-4.934064798617145,-6.283187312669416,-6.283185695803664,-297.0193134161066
514.0,-4.894085373023548,0.0109804001753764,-1.5706356455358936,-4.952119792017782,-6.283188853566561,-6.283185699707527,-298.2011537592311
515.0,-4.90817202450757,0.011012178086782086,-1.5706054825310463,-4.9696280029644715,-6.28318832943075,-6.283185692631266,-299.3821596487118
516.0,-4.923261808451366,0.011006608722722567,-1.5706101162551265,-4.987923090264934,-6.283189916858726,-6.283185699599635,-300.56215317264844
517.0,-4.938215896788984,0.011027878497138542,-1.5705865887148227,-5.000539074966316,-6.283187539191942,-6.283185655983729,-301.7406989517327
518.0,-4.953580214694046,0.011027247170205229,-1.5705884120139142,-5.014485128393961,-6.283188502718399,-6.283185646734597,-302.91771414567023
519.0,-4.970062811882994,0.011028677972801723,-1.570584362489897,-5.024906685700781,-6.283188409459484,-6.2831856114189755,-304.09271425324
520.0,-4.987371671132164,0.01102793529173059,-1.5705879149868267,-5.040196582837386,-6.278389519228984,-6.283185636121193,-305.2660444563035
521.0,-5.004297756792158,0.011047041752027911,-1.5705694924671159,-5.0576106603344355,-6.281299870339488,-6.283185643290416,-306.43733488885545
522.0,-5.021474080281993,0.011055686326112398,-1.5705584643632382,-5.072948822575617,-6.282417104848787,-6.283185654942511,-307.6064090715493
523.0,-5.037613350936237,0.011073611621928908,-1.5705429208857502,-5.090322552093048,-6.2828763999788135,-6.283185672981674,-308.77349940845306
524.0,-5.054182150256612,0.011075238119036058,-1.5705352768772043,-5.101095823894744,-6.28306613964057,-6.2831856489789715,-309.93807491021823
525.0,-5.071507960911064,0.011071307094332988,-1.5705413777830841,-5.114115330878282,-6.283144872000169,-6.283185624783603,-311.1000057013222
526.0,-5.086037650886669,0.011105748401678597,-1.570512435799418,-5.129801043523944,-6.283175526535506,-6.283185633216234,-312.2598878049575
527.0,-5.098288583727349,0.011116554700874144,-1.5705041289986046,-5.147355018829305,-6.283189308611364,-6.28318565774832,-313.418227056873
528.0,-5.110663549157757,0.011101921534646791,-1.5705143807106492,-5.163332193088228,-6.283192177896887,-6.283185662919837,-314.57486746648283
529.0,-5.125034489961716,0.01107931111800681,-1.5705308364064487,-5.176498765694162,-6.283193315995778,-6.2831856465148865,-315.7291732027645
530.0,-5.140982572770607,0.011073901708559366,-1.5705384272508294,-5.192948568612065,-6.283192752228372,-6.283185659209735,-316.8808791859755
531.0,-5.156133805134986,0.0110980734177119,-1.570516132063674,-5.2108410483454595,-6.283192295888903,-6.283185672004914,-318.0301308945078
532.0,-5.170824809161913,0.011108459387646534,-1.5705057190846854,-5.229319972254052,-6.283192758351331,-6.283185689160047,-319.1769775963678
533.0,-5.18673341373375,0.011101514248440815,-1.5705098612805652,-5.248039288719478,-6.28319347522615,-6.283185701942491,-320.32106749500275
534.0,-5.203698641680769,0.011104004458924233,-1.570494104856831,-5.256371695819847,-6.283196376025279,-6.283185702162361,-321.4615404451548
535.0,-5.221324968155818,0.011112207634369391,-1.570497611891025,-5.2708620239996575,-6.2831957178189475,-6.283185634322685,-322.5984044753851
536.0,-5.23940513935624,0.011121874211915328,-1.570485846302189,-5.284124701587187,-6.283196327323016,-6.282105989808247,-323.7313884929931
537.0,-5.253754503532938,0.011171082458417643,-1.5704461583262397,-5.300631516607742,-6.283195244756077,-6.282761113784673,-324.8614368167288
538.0,-5.2689928485001625,0.011147701061948347,-1.5704676565407254,-5.318531684722423,-6.28319647223989,-6.283010750784665,-325.9883561004914
539.0,-5.285290931621993,0.011139490035741127,-1.5704657182696153,-5.332170698284606,-6.283198313829721,-6.283113808132638,-327.11158328306624
540.0,-5.302454027269498,0.011141428661558875,-1.570468365531624,-5.34880567647627,-6.283198183702598,-6.2831561509316725,-328.2309056273889
541.0,-5.3199173804693,0.011151191743780766,-1.5704589957465507,-5.366771220052199,-6.283198241869762,-6.2831735518384875,-329.34618365461927
542.0,-5.337830116173106,0.011157537175315839,-1.570451258219263,-5.385281737395512,-6.283198505039948,-6.283180710900743,-330.45720047865495
543.0,-5.3543063235216515,0.011175112832701936,-1.5704187680818504,-5.392969811262599,-6.283202080354257,-6.283183654782855,-331.56380422198316
544.0,-5.371306629871513,0.011167344895701268,-1.5704284425950321,-5.397316488225919,-6.283203288917092,-6.283184781389647,-332.6656397620618
545.0,-5.388959588814749,0.011174226973795375,-1.570440158110424,-5.41017322638329,-6.2832019510341155,-6.2831852242255195,-333.76273895036945
546.0,-5.403956760004508,0.011209868417513027,-1.5704109618493276,-5.4265018344506055,-6.283200927516297,-6.283185463844243,-334.855895399568
547.0,-5.41755606891589,0.011206808010141999,-1.570405248102588,-5.439308361538935,-6.283203419694998,-6.283185554694098,-335.945356207797
548.0,-5.432611958204025,0.011178638826649117,-1.570426766511338,-5.449622785747003,-6.283204261909323,-6.283185576881259,-337.0305470289552
549.0,-5.448483337433723,0.011180379969516572,-1.5704325971457958,-5.463983193479828,-6.283203897002836,-6.283185605619411,-338.1112557700924
550.0,-5.4653282118195445,0.011175898423546802,-1.5704312428418286,-5.476851474063349,-6.283204352692589,-6.283185608040469,-339.1870441959555
551.0,-5.482893314001262,0.010812701733272721,-1.5704139819287073,-5.493183581167967,-6.283203563205967,-6.283185632733836,-340.25763281525616
552.0,-5.5009194850062,0.010872026287306205,-1.5704286116087574,-5.509695710651844,-6.283204120510071,-6.283185660499938,-341.322821173376
553.0,-5.513986620160501,0.011035179061412331,-1.570364435346176,-5.519449233636167,-6.283204205948653,-6.28318564598523,-342.38389101377567
554.0,-5.528149382068964,0.011069753651024892,-1.5703964879653907,-5.525256677785542,-6.283205897921679,-6.283185618024613,-343.4403956947244
555.0,-5.538835204849716,0.011147652231922572,-1.570363261751859,-5.524060637594918,-6.283200361737452,-6.283185622703817,-344.4931630327962
556.0,-5.55146523438335,0.011152541831554154,-1.5704165133845789,-5.5347081826054545,-6.283203273033712,-6.283185507709559,-345.5419280842337
557.0,-5.566295234609274,0.011152535907322878,-1.570430339147221,-5.546744273593137,-6.283205581782205,-6.28318554263743,-346.585906136846
558.0,-5.582555342775046,0.011159705902810216,-1.570427188400822,-5.55705876103429,-6.283206920641852,-6.28318556276121,-347.62446491124916
559.0,-5.5997362754539255,0.011182370139325326,-1.570421353236712,-5.572310589024295,-6.283206583754666,-6.283185604970331,-348.6573115426645
560.0,-5.617523388913057,0.011197144220366124,-1.5704087419893453,-5.588813070994669,-6.283206725596282,-6.283185634717754,-349.684157611123
561.0,-5.635700857640778,0.011211415190908038,-1.5703959455300711,-5.606705923861569,-6.283206672557197,-6.283185666443324,-350.70478360837103
562.0,-5.648552514364795,0.011155345498704611,-1.570329878765087,-5.62473055799184,-6.283205737521474,-6.283185677397386,-351.7209474014207
563.0,-5.661096386811245,0.011133037735917707,-1.5703583480043957,-5.634470224813477,-6.283208553956808,-6.283185674764218,-352.73264169359754
564.0,-5.675596568339087,0.011154701644575106,-1.5703862332563525,-5.64950662150844,-6.283208376744315,-6.283185640579423,-353.7392150125178
565.0,-5.691640913463743,0.011174360041831753,-1.570391284350135,-5.666816124550906,-6.283208812258655,-6.283185654510675,-354.74004188863177
566.0,-5.708690865016973,0.011185749246877371,-1.5703848346691018,-5.681327143850642,-6.283209695476322,-6.28318565190186,-355.73458108190783
567.0,-5.723271637135937,0.011241832797346325,-1.5703493871276288,-5.698347106089185,-6.283208602273072,-6.283185664923086,-356.7236907920956
568.0,-5.738803779212868,0.011228338716852054,-1.5703646726794944,-5.7148381470402185,-6.283209698191206,-6.283185668479629,-357.7069919351359
569.0,-5.754022694459998,0.011245345883891564,-1.5703541692234557,-5.732714021533147,-6.283209371824388,-6.283185681805644,-358.68451599233805
570.0,-5.770262813619048,0.011238755455438655,-1.570361335254603,-5.751181990607401,-6.283210314544356,-6.283185689845857,-359.65581708390727
571.0,-5.785202096309385,0.011262897313849166,-1.5703390382571967,-5.769903064572698,-6.283210168003005,-6.283185696996381,-360.62129160746724
572.0,-5.796018128545813,0.011302129378273108,-1.5703039021277323,-5.788486252150151,-6.28320887021861,-6.283185702594772,-361.58251590887767
573.0,-5.8053469161379825,0.011291940230333423,-1.5703150756182354,-5.807236487844773,-6.283209626995408,-6.283185701783853,-362.5401326158655
574.0,-5.815538527791825,0.011263052928547415,-1.5703409105109247,-5.826068725421774,-6.283210750530822,-6.283185704467214,-363.49378762125673
575.0,-5.826445748540539,0.011250607171658135,-1.5703511219146464,-5.844938749146888,-6.283211287374163,-6.283185706222908,-364.44313148357577
576.0,-5.836739482384529,0.011258220896920123,-1.5703438399598226,-5.863825341473508,-6.283211252782474,-6.283185706416455,-365.38835430631786
577.0,-5.849493400304669,0.011216844370278489,-1.570371428745411,-5.878771146591109,-6.28321213266639,-6.283185687738541,-366.32839044989566
578.0,-5.860861030459049,0.011259642422813347,-1.5703417292155697,-5.895966156992558,-6.2832110680989794,-6.283185683829444,-367.26371433639855
579.0,-5.870062824068276,0.011284266522336928,-1.570323334231704,-5.9141591835649345,-6.283210676259687,-6.283185684072772,-368.195232748105
580.0,-5.8818989591752375,0.011243597774065039,-1.5703602324336492,-5.932756934016977,-6.283211954634012,-6.283185693163674,-369.1218835728892
581.0,-5.896212266468928,0.011199409122711812,-1.5703735053503898,-5.941544465858078,-6.283213218335708,-6.28318569734645,-370.0424050877115
582.0,-5.909554369474029,0.011247454513388946,-1.5703433036830527,-5.951758670057266,-6.283213349306922,-6.283185604658,-370.9571133015529
583.0,-5.9228124618810165,0.01127545477683412,-1.5703366306426838,-5.966992888017288,-6.283212902344593,-6.283185615554855,-371.866084575532
584.0,-5.933292059554855,0.011315300329700297,-1.5703038881907962,-5.984384501280243,-6.281125400151512,-6.283185645518527,-372.7704838647069
585.0,-5.94589415756409,0.011243275277879619,-1.5695693710091008,-6.002654670508142,-6.282399161875767,-6.283185676310961,-373.66949166166415
586.0,-5.959831171554913,0.011175432699671441,-1.5669015620257285,-6.021290906445443,-6.282887511738308,-6.283185710723335,-374.5625729018858
587.0,-5.9730575002440665,0.011358727694115441,-1.5679208324040597,-6.033669926073631,-6.283088495736961,-6.283185615974337,-375.44962991771763
588.0,-5.984685426775836,0.011354714413192255,-1.568705288669407,-6.049759844888774,-6.276039065023665,-6.283185656290914,-376.3314214747827
589.0,-5.997516773904801,0.01129404101700975,-1.569262532446084,-6.063864488860813,-6.273044073036231,-6.283185645253043,-377.2074023432159
590.0,-6.011904451150879,0.01125458486080238,-1.569630745846018,-6.074324066541039,-6.275823301370301,-6.283185615433871,-378.07675160580345
591.0,-6.027795654671376,0.011269612703414991,-1.5698654120047328,-6.089622858357608,-6.280242195650719,-6.2831856305719045,-378.93875179623694
592.0,-6.03971206392741,0.01129750752185119,-1.5699747788848943,-6.0971812351868335,-6.282002045120662,-6.283185643065736,-379.7950473519576
593.0,-6.050929794394117,0.011320087969301293,-1.570085965455182,-6.1113411070337245,-6.282726572912722,-6.283185604735565,-380.6461117731729
594.0,-6.064428152176485,0.01129142549774346,-1.5701850343595884,-6.128290479095553,-6.28302368543196,-6.283185634432037,-381.4909122394184
595.0,-6.079820931095913,0.011276642693379132,-1.5702398450064796,-6.145877573442261,-6.280464906675798,-6.283185668512907,-382.328501113469
596.0,-6.096407484293112,0.011138244941060934,-1.5669013345046992,-6.163809611607377,-6.282137666271711,-6.2831857189439715,-383.15838458996484
597.0,-6.11389196782826,0.011377846511481585,-1.5679004258639144,-6.18024479282865,-6.278883627729835,-6.2831856418256296,-383.9798615767813
598.0,-6.131826796896145,0.011345777371263072,-1.5686979500853668,-6.198098961573603,-6.281508709617351,-6.283185672174103,-384.792611806402
599.0,-6.14938676835558,0.011334202817767385,-1.5692212936724264,-6.21656052107669,-6.282522809003727,-6.283185692930828,-385.5967644496651
600.0,-6.167285759968189,0.01131814802154503,-1.5695790466207635,-6.235276738942426,-6.2829398622895045,-6.283185702227151,-386.3921345795294
601.0,-6.184942377391647,0.011310411081833227,-1.5698112991432582,-6.25251545772848,-6.283111084499084,-6.283185701794537,-387.1787636579816
602.0,-6.202267611924344,0.011315697740357447,-1.5699644486049866,-6.270279175177427,-6.28318158507089,-6.283185700340644,-387.95677315255324
603.0,-6.22002190933468,0.01126423951404079,-1.5700878924209734,-6.277634578725532,-6.283204934261553,-6.283185704514945,-388.7258553681911
604.0,-6.235299518590554,0.011271368475268377,-1.56952802424627,-6.280644316053521,-6.283211289556392,-6.283185639053866,-389.4871128783444
605.0,-6.251050768545448,0.011054211903968459,-1.5636730164257662,-6.2818877877833295,-6.28321166885647,-6.282210622772949,-390.2404490659736
606.0,-6.262422129448571,0.011554279033511207,-1.5655693984079,-6.282361233778493,-6.283215178018187,-6.282802049392135,-390.9877471994263
607.0,-6.2697168934838015,0.011485776361376621,-1.567123326822847,-6.282577963346486,-6.283214466538443,-6.283027515800231,-391.73115783085706
608.0,-6.274445473778983,0.011422693186410432,-1.5681774887300564,-6.2826666303927405,-6.2832142622926295,-6.2831206109236595,-392.47204702089465
609.0,-6.277513339157914,0.011377619155455102,-1.5688887134963185,-6.282702380037301,-6.2832142192225,-6.283158838869076,-393.2112995550458
610.0,-6.279504071291175,0.011346208157309188,-1.5693680300621857,-6.282716628829534,-6.283214226919491,-6.283174541310979,-393.9494897323334
611.0,-6.280795981748089,0.011324607152543882,-1.5696908112358134,-6.282722199440112,-6.283214246943325,-6.283180990503048,-394.6869903238306
612.0,-6.2816344468021175,0.011309904317662853,-1.5699080432176227,-6.282724301880667,-6.28321426662066,-6.283183638892361,-395.42404328547883
613.0,-6.282178653754496,0.011299981723329083,-1.5700541627838616,-6.282725041985658,-6.283214282564537,-6.283184726208671,-396.1608056664635
614.0,-6.282531890203088,0.011293334368146923,-1.5701524031388823,-6.282725263424445,-6.283214294535441,-6.2831851724417245,-396.89737940777087
615.0,-6.282761180888884,0.011288910421210165,-1.5702184252007902,-6.282725299028872,-6.283214303198063,-6.283185355458613,-397.63383068221225
616.0,-6.28291002269897,0.011285984017205186,-1.5702627780792051,-6.28272527650748,-6.283214309343814,-6.283185430442224,-398.37020244634556
617.0,-6.283006645562416,0.011284059298840774,-1.5702925633062663,-6.282725242329808,-6.283214313654421,-6.283185461110821,-399.10652258698474
618.0,-6.283069371988961,0.011282800398013805,-1.5703125590272218,-6.282725211574322,-6.283214316656685,-6.283185473618811,-399.84280920868116
619.0,-6.283110094675921,0.011281981483740822,-1.5703259786228128,-6.282725187740883,-6.283214318738082,-6.283185478696122,-400.5790740657095
620.0,-6.283136533205607,0.011281451707271238,-1.5703349822201487,-6.282725170454853,-6.283214320176396,-6.283185480740918,-401.31532478979705
621.0,-6.283153698571533,0.011281110911891898,-1.5703410213478757,-6.282725158343054,-6.283214321167903,-6.283185481553422,-402.0515663362283
622.0,-6.283164843665162,0.011280892973544971,-1.5703450710257039,-6.282725150021622,-6.28321432185008,-6.283185481868752,-402.78780192261013
623.0,-6.283172080177828,0.011280754472975224,-1.5703477859699135,-6.282725144371445,-6.2832143223186705,-6.283185481985925,-403.5240336383154
624.0,-6.283176779010614,0.011280667050408935,-1.5703496056755766,-6.28272514056339,-6.2832143226400925,-6.283185482025777,-404.26026284014955
625.0,-6.283165693561132,0.011224506111994909,-1.568990793974432,-6.28272842500632,-6.283213878662492,-6.283185498066465,-404.99651067137887
626.0,-6.283191743568503,0.011323197448027308,-1.569388219427153,-6.2827217421484445,-6.283214855834355,-6.283185463363689,-405.7327397778492
627.0,-6.283188011489734,0.011302351646983724,-1.5697111600167282,-6.282252085746716,-6.283214449579601,-6.283185482408653,-406.4689652054098
628.0,-6.28318589990327,0.011293615299602006,-1.5699253538828086,-6.282538046395769,-6.283214272695483,-6.283185474086953,-407.2051917454835
629.0,-6.283184893438462,0.011285383768809092,-1.5700688830791756,-6.28264883736448,-6.283214282272175,-6.283185484000082,-407.9414184858326
630.0,-6.283184522900482,0.011281423117678598,-1.5701642137253435,-6.282694078753919,-6.28321428970302,-6.283185484560533,-408.67764497597585
631.0,-6.283184483065291,0.011279709402903952,-1.5702275499543346,-6.282712529145717,-6.283214296931509,-6.283185484014814,-409.41387109064897
632.0,-6.283184587596967,0.011279109920889513,-1.5702696502716764,-6.28272004057802,-6.283214303552284,-6.283185483375869,-410.15009684193853
633.0,-6.28318474026917,0.011279036992945567,-1.5702976448163637,-6.282723090298199,-6.28321430903492,-6.28318548289439,-410.8863222871756
634.0,-6.283184894760379,0.011279189293550105,-1.5703162646142348,-6.282724323191409,-6.283214313254922,-6.283185482574165,-411.6225474910596
635.0,-6.283185031312137,0.011279416288695537,-1.5703286515466381,-6.2827248181790045,-6.283214316350115,-6.283185482370923,-412.3587725115954
636.0,-6.283185143742933,0.011279646779681903,-1.570336893365772,-6.282725014694128,-6.283214318550085,-6.2831854822438755,-413.09499739612176
637.0,-6.283183524946337,0.011273083144930312,-1.5701781338717624,-6.282725486551984,-6.283214266523109,-6.283185484100416,-413.83122461277316
638.0,-6.2831864996988305,0.011285161875823214,-1.5702296808624931,-6.282724709452662,-6.283214385405425,-6.283185479859675,-414.56744962937915
639.0,-6.283185988512502,0.011283005052260969,-1.570270980645096,-6.282725013779482,-6.283214335042032,-6.283185481535445,-415.30367458005
640.0,-6.283185646503904,0.011281587783791309,-1.5702985497265576,-6.28272513165094,-6.283214320549118,-6.283185482089793,-416.03989949774484
641.0,-6.283185479073946,0.011280848955134558,-1.5703168830904655,-6.282725163097833,-6.283214317582099,-6.283185482226902,-416.77612435750916
642.0,-6.28318532993175,0.011277901203717557,-1.5703298085566564,-6.282062416703094,-6.283214342241509,-6.2831854891134,-417.51234496534556
643.0,-6.283185432957405,0.011283176530210631,-1.5703364181823245,-6.282462532020559,-6.28321426933305,-6.283185470712046,-418.2485677792598
644.0,-6.2831854219530525,0.01128106710756465,-1.5703423579664115,-6.282617705229373,-6.283214322112158,-6.283185482843591,-418.98479167937296
645.0,-6.283185407793807,0.011280303201106923,-1.570346158816131,-6.282681191181509,-6.283214330453718,-6.2831854835472685,-419.72101601790496
646.0,-6.283185414606172,0.011280129195464922,-1.5703486028369122,-6.28270715977418,-6.2832143287687625,-6.283185483171607,-420.4572405185486
647.0,-6.283185427582157,0.011280154998672678,-1.5703501944906642,-6.282717781797954,-6.283214326298586,-6.283185482712963,-421.1934650728947
648.0,-6.283185440466122,0.011280232074085867,-1.570351240007503,-6.282722126449479,-6.283214324696863,-6.283185482399369,-421.9296896403408
649.0,-6.283185451279602,0.011280309118227805,-1.570351930558787,-6.282723903443224,-6.283214323865622,-6.28318548221832,-422.6659142069473
650.0,-6.2831854606170205,0.011280402136387624,-1.5703523805331183,-6.282724626752214,-6.283121863601403,-6.283185482194933,-423.4021393664115
651.0,-6.283185465527338,0.01128037639757694,-1.5703527019716115,-6.282724941151016,-6.283189074027511,-6.28318548189929,-424.13836411018053
652.0,-6.283195823467056,0.009767420001988521,-1.5702831530003483,-6.282710714974321,-6.28320762101713,-6.283185456371659,-424.8746121261895
653.0,-6.283166561171607,0.009956232516968477,-1.570405921934887,-6.282740769499653,-6.283212257731704,-6.283185509352925,-425.6108733905245
654.0,-6.283173782193313,0.010417610842679911,-1.5703824408447502,-6.2827293476724515,-6.28321349411846,-6.283185489879808,-426.3471216813156
655.0,-6.283179022006812,0.010697846909913893,-1.5703741147423111,-6.2761725642884,-6.283203918132201,-6.283185538186076,-427.0833191449
656.0,-6.281696583519402,0.010968290361980973,-1.5703340027582509,-6.280091059926711,-6.283209014055496,-6.281570368657187,-427.8202568485958
657.0,-6.281944622078465,0.011044529759251544,-1.5703638493721068,-6.2816471066605475,-6.283212422975111,-6.2825504357785915,-428.5571377146987
658.0,-6.282378370028445,0.011123745135693934,-1.570358558313873,-6.282283739620315,-6.283213707781364,-6.282923838281028,-429.29379152097226
659.0,-6.282662281699119,0.01117904286706666,-1.5703547044455914,-6.28254421959257,-6.283214129550087,-6.283078020200709,-430.0302951126686
660.0,-6.2828463329852795,0.011214484103079049,-1.5703529760614796,-6.2824265577201555,-6.283214272385533,-6.283141338574844,-430.7666994208816
661.0,-6.279120267569081,0.01128833013402154,-1.5703073922930033,-6.2826046641009174,-6.2832145137998365,-6.2831673397663375,-431.504912454204
662.0,-6.279834860589282,0.01122368636570095,-1.5703814734938626,-6.282676819800811,-6.283214078498296,-6.28317803449682,-432.2429172422649
663.0,-6.281005480331715,0.01124531656635408,-1.5703674654077215,-6.2827055022377705,-6.283214270243369,-6.283182423199837,-432.98030141710086
664.0,-6.28177164515961,0.011262482764918412,-1.5703581829801334,-6.282716972246835,-6.283214327735818,-6.283184225298575,-433.717278128339
665.0,-6.282268588786566,0.011272019031261389,-1.570353593288964,-6.282721714920117,-6.283214339766709,-6.283184965629571,-434.4539904799501
666.0,-6.282590852774811,0.01127705114475768,-1.5703516062978364,-6.282723702572904,-6.283214338681645,-6.28207333990912,-435.19053137773926
667.0,-6.28279984227832,0.011279597868005269,-1.5703509475943382,-6.282724500798026,-6.283214335349567,-6.282748164813678,-435.9269610824615
668.0,-6.282935374348153,0.011280760331195247,-1.5703509592065843,-6.282724871790094,-6.283214331525311,-6.283005296557453,-436.66331867761284
669.0,-6.2830195979752075,0.011266662451797336,-1.5699981793919051,-6.282725873004918,-6.28321421365607,-6.283111477726719,-437.39963475532164
670.0,-6.283082829892391,0.011291615519415762,-1.5701017222165334,-6.282531259342965,-6.283214472183812,-6.2831550750587155,-438.13591470321415
671.0,-6.283118629928927,0.011288214991752128,-1.5701852015650464,-6.282648405242894,-6.283214339521974,-6.283172987069329,-438.8721756036187
672.0,-6.28308463714279,0.011284942845671081,-1.570240813440768,-6.282693824777573,-6.283214324868415,-6.283180350989146,-439.6084519172499
673.0,-6.283109232353611,0.011281662899042363,-1.5702793271679503,-6.282712405506547,-6.283214312500269,-6.283183374869947,-440.3447175387595
674.0,-6.28313577541741,0.011280789793747966,-1.5703039966700276,-6.282719970325898,-6.283214314764571,-6.283184616761044,-441.08096891685153
675.0,-6.283153145574098,0.011280453023121324,-1.5703204093673557,-6.282723045944469,-6.283214316833608,-6.283185126771993,-441.81721093837734
676.0,-6.283164445728108,0.011280323243791992,-1.5703313556767282,-6.282724295225294,-6.283214318570362,-6.283185336205517,-442.55344686335826
677.0,-6.283171796326909,0.01128029293383921,-1.57033865800456,-6.282724800639952,-6.283214319937432,-6.283185422195918,-443.2896788177677
678.0,-6.283176577976261,0.011280307839906996,-1.5703435298615367,-6.282725003741318,-6.283214320958363,-6.283185457493967,-444.02590818662134
679.0,-6.283179688642558,0.01128034008882172,-1.570346780359122,-6.282725084455683,-6.2832143216941105,-6.283185471977842,-444.7621358719277
680.0,-6.283181712367529,0.011280375914586728,-1.5703489491497542,-6.282725115935828,-6.283214322211979,-6.283185477917331,-445.4983624610324
681.0,-6.283183029025956,0.01128040905984159,-1.5703503962282783,-6.282725127814956,-6.283214322570871,-6.283185480350521,-446.2345883363576
682.0,-6.2831838857072055,0.011280437169504972,-1.5703513617672642,-6.282725132026041,-6.283214322817061,-6.283185481345683,-446.9708137468939
683.0,-6.28318444313766,0.011280459823571351,-1.5703520060088552,-6.282725133327749,-6.283214322984808,-6.283185481751616,-447.7070388547586
684.0,-6.2831848058715245,0.011280477478733463,-1.570352435869593,-6.282725133586985,-6.283214323098599,-6.2831854819164805,-448.44326376551004
685.0,-6.283185041925945,0.011280490914978845,-1.5703527226874965,-6.282725133515667,-6.283214323175562,-6.283185481982957,-449.17948854788324
686.0,-6.283185195551475,0.011280500960744375,-1.570352914061914,-6.282725133371389,-6.283214323227514,-6.283185482009437,-449.9157132466384
687.0,-6.283185295538228,0.011280508369007847,-1.5703530417529885,-6.282725133237684,-6.283214323262537,-6.283185482019768,-450.6519378909253
688.0,-6.283185360618587,0.0112805137725799,-1.5703531269523296,-6.28272513313454,-6.283214323286123,-6.28318548202365,-451.38816249972894
689.0,-6.281694226937008,0.011299184087524703,-1.5703361936413531,-6.282724718673697,-6.28321441043356,-6.2831854807571546,-452.1251131446644
690.0,-6.281941364296511,0.011268500812287034,-1.570364965998961,-6.282725379404594,-6.283214230182839,-6.283185482891814,-452.8619988635486
691.0,-6.282375894745805,0.011273280514637002,-1.5703594626057662,-6.282725308013951,-6.283214302204821,-6.283185482496392,-453.59865408906785
692.0,-6.282660414518866,0.011277613943875575,-1.57035575366664,-6.282725168303287,-6.283214324430336,-6.283185482109578,-454.33515795231943
693.0,-6.282844961926152,0.011279825409089722,-1.5703538602029292,-6.282725125442778,-6.283214329366845,-6.283185481994539,-455.07156363231167
694.0,-6.282964641741603,0.011280832041462607,-1.570352985260766,-6.2827251185358355,-6.28321432919762,-6.283185481977919,-455.80790564223116
695.0,-6.283042255711447,0.01128121050576812,-1.5703526499216476,-6.282725121611599,-6.283214327853854,-6.283185481988239,-456.54420636342337
696.0,-6.2831077933111255,0.010095767069562132,-1.5702979427818555,-6.28271390137062,-6.283213856150658,-6.2831854618972685,-457.28049483868955
697.0,-6.283115306879899,0.010243702199118132,-1.5703940551385522,-6.28273740582711,-6.283214833579174,-6.283185503410869,-458.0167774665841
698.0,-6.283140414058391,0.010605045860169013,-1.5703757111975987,-6.282728443941649,-6.283214454048906,-6.283185488167409,-458.7530396548826
699.0,-6.283157708346373,0.010844757184826801,-1.5703635871383403,-6.282725096074865,-6.283214318353619,-6.283119166413082,-459.489287792319
700.0,-6.283168436842881,0.010999477834499005,-1.570357124341374,-6.282724212965342,-6.283214286870943,-6.283159403985797,-460.2255270979888
701.0,-6.283175046373444,0.011099242616139548,-1.5703538992215527,-6.282724175644073,-6.283214287447922,-6.283174736214682,-460.9617608748918
702.0,-6.283179109409403,0.01116357849061037,-1.570352445441191,-6.282724367311445,-6.283214295526993,-6.283181067703294,-461.69799119125315
703.0,-6.2831816016386774,0.011205072619062579,-1.5703519237135388,-6.282724579066676,-6.28321430359305,-6.283183668126184,-462.43421934204804
704.0,-6.283183126705584,0.011231838139925024,-1.5703518635185922,-6.282724751495537,-6.283214309869533,-6.283184736589323,-463.170446138154
705.0,-6.283184057479086,0.011249105238908642,-1.570352008312552,-6.282724877243969,-6.283214314332682,-6.283185175623136,-463.9066720872346
706.0,-6.283184623885126,0.01126024606909577,-1.5703522237557468,-6.282724964210222,-6.2832143173788,-6.2831853560447515,-464.6428975070128
707.0,-6.2831849674388955,0.011267435105299177,-1.5703524438605712,-6.282725022644517,-6.283214319415623,-6.283185430202941,-465.37912259624403
708.0,-6.283185175060721,0.011272074694695006,-1.5703526397852567,-6.282725061256718,-6.28321432076316,-6.283185460692692,-466.11534747919353
709.0,-6.283185300017079,0.011275069339063838,-1.5703528020413113,-6.282725086516055,-6.283214321649711,-6.283185473233949,-466.8515722335056
710.0,-6.283185374869218,0.01127700250455814,-1.5703529305652306,-6.282725102938847,-6.28321432223129,-6.283185478396053,-467.58779690766175
711.0,-6.28318541007508,0.011277940084546911,-1.5703531173534924,-6.282645766470385,-6.283214325510422,-6.2831854813480685,-468.3240210301778
712.0,-6.283185451453587,0.011279395533593342,-1.5703530120831157,-6.282693677647526,-6.283214316887278,-6.283185480027702,-469.06024539275916
713.0,-6.283185465350549,0.01127966841522042,-1.5703531325461906,-6.282712260955077,-6.283214323229662,-6.2831854818485455,-469.79646987191404
714.0,-6.283185471235321,0.01127991209835834,-1.5703531982130279,-6.282719865325883,-6.283214324227683,-6.283185482087793,-470.5326943961876
715.0,-6.283185475478043,0.011280104940882864,-1.5703532340586055,-6.282722976746955,-6.283214324018665,-6.283185482108876,-471.26891893599003
716.0,-6.283185478286962,0.011280244206171054,-1.570353255257625,-6.28272424999655,-6.2832143237150255,-6.283185482082647,-472.0051434802935
717.0,-6.283185480015743,0.011280340183154658,-1.5703532686874362,-6.282724771153811,-6.283214323516541,-6.283185482057887,-472.7413680252973
718.0,-6.283185481023568,0.011280404645486035,-1.5703532776123945,-6.282724984547931,-6.28321432341179,-6.283185482042114,-473.47759256988644
719.0,-6.283185481582798,0.01128044729870389,-1.570353283717703,-6.282725071974793,-6.283214323362681,-6.28318548203342,-474.213817113876
720.0,-6.283185481876311,0.011280475270166252,-1.5703532879588624,-6.282725107825485,-6.283214323341852,-6.283185482028993,-474.9500416573571
721.0,-6.283185482018929,0.011280493514268818,-1.570353290925368,-6.282725122547288,-6.283214323334071,-6.2831854820268545,-475.68626620046933
722.0,-6.283185290856808,0.01127974755976772,-1.570334898584685,-6.2827251728537945,-6.283214317334739,-6.28318548224268,-476.4224910153858
723.0,-6.283195863032263,0.008483038254631096,-1.5702111445930085,-6.282698613827928,-6.283213217051644,-6.283185434268977,-477.1587643760611
724.0,-6.283144416970689,0.008831815249174356,-1.570442338393657,-6.282754127929442,-6.283212505785283,-6.2831855324861445,-477.89506089497155
725.0,-6.2831599064688035,0.009684879381785349,-1.5704016603634203,-6.282732968437282,-6.28321351268524,-6.283185496544807,-478.63133182413895
726.0,-6.283172257178908,0.010248171228427992,-1.5703754828855123,-6.282020637716214,-6.283213926558444,-6.283185489377746,-479.3675799090979
727.0,-6.2831793157892495,0.01062022072804316,-1.570359483380292,-6.282443672794445,-6.280914362459237,-6.283185469911369,-480.10383395831633
728.0,-6.283182926105616,0.010851887663514494,-1.5703535535352409,-6.282609005235583,-6.282318582879319,-6.283185474769818,-480.840074133227
729.0,-6.283184738671299,0.011003776071314048,-1.5703506192730303,-6.282676590359696,-6.2828573651604955,-6.283185480612212,-481.5763069280044
730.0,-6.2831855938597165,0.011101881932680687,-1.5703496552546072,-6.282704656191843,-6.283078925834039,-6.283185480926941,-482.31253590352134
731.0,-6.283185934878016,0.011165208156437971,-1.5703496698430763,-6.28271636935387,-6.283169865071142,-6.283185481174074,-483.04876284479684
732.0,-6.283186018692579,0.01120608815169502,-1.5703501043656882,-6.2827213010243765,-6.2832023433752715,-6.28318548137089,-483.7849887036454
733.0,-6.283185985655369,0.011232466148646992,-1.5703506704626402,-6.282723411368422,-6.283209987200069,-6.283185481541285,-484.5212139980002
734.0,-6.2831859078502745,0.011249492511189247,-1.5703512256874683,-6.282724330285193,-6.283212734025129,-6.283185481681346,-485.25743896919937
735.0,-6.28318582370856,0.011260577355935785,-1.5703516870327805,-6.28272472424219,-6.2829678742332025,-6.283185482205152,-485.99366533595384
736.0,-6.283185741466457,0.011267477259283246,-1.5703521304082808,-6.282724968247443,-6.283128392472624,-6.28318548141182,-486.72989062960926
737.0,-6.279108555258532,0.011323631097800234,-1.5703054195139992,-6.282723900233681,-6.283190184578735,-6.283185478496631,-487.4680998784613
738.0,-6.27978414039954,0.011242823168355318,-1.570384240633858,-6.282725731580581,-6.283206109756164,-6.283185484303566,-488.20613152286853
739.0,-6.28097212751881,0.011257670073603855,-1.5703694217748283,-6.2827255687588295,-6.283211358565985,-6.283185483259009,-488.94353332577606
740.0,-6.281749988465329,0.011270625979406364,-1.5703594789658728,-6.282725205078103,-6.283213263145277,-6.283185482223494,-489.6805214432935
741.0,-6.282254529579384,0.0112773693309715,-1.5703544564664367,-6.282725098255576,-6.283213950903207,-6.283185481922292,-490.41724118285777
742.0,-6.282581725796895,0.011280564276787308,-1.5703521781780099,-6.282725085244672,-6.283214197034259,-6.283185481884701,-491.1537868697043
743.0,-6.2827939144006875,0.011281846372150975,-1.57035137053875,-6.282725150092243,-6.283214282982002,-6.278073462817209,-491.8902196823523
744.0,-6.282931528162501,0.011282292620523632,-1.5703511905835728,-6.282725024214706,-6.283214314216544,-6.28102585203612,-492.6265792920461
745.0,-6.283020773456186,0.01128220277032365,-1.5703514114823256,-6.282725124290932,-6.283214322198683,-6.282298472498244,-493.3628914309888
746.0,-6.283078653366053,0.01128195284329574,-1.570351730611142,-6.282725139268721,-6.283214324435033,-6.2828210804907725,-494.09917278455976
747.0,-6.283116198870718,0.011281946090953485,-1.5703519851666616,-6.28272508889805,-6.282479221794621,-6.28303578205596,-494.8354388867109
748.0,-6.283140536438119,0.0112811020219142,-1.5703524103900512,-6.282725244886518,-6.282935674654877,-6.2831239813056285,-495.5716893091584
749.0,-6.2831563279010965,0.011281107443753513,-1.5703525975277384,-6.282725130542932,-6.283110897250651,-6.283160217252219,-496.3079300910615
750.0,-6.2831665726475325,0.011281015965228135,-1.5703527651391334,-6.282725116916634,-6.283182959172499,-6.283175102869829,-497.0441649152001
751.0,-6.283173216776193,0.011280909345983418,-1.5703529025052658,-6.282725118970529,-6.283204916278164,-6.283181218120489,-497.780396044693
752.0,-6.283177526157346,0.011280804718305188,-1.5703530112723647,-6.28272512628976,-6.28321089343291,-6.283183730353443,-498.51662484046074
753.0,-6.283180321174082,0.011280723908336066,-1.5703530926996903,-6.282725130163831,-6.283213069375484,-6.2831847624145,-499.252852134905
754.0,-6.283182134165182,0.0112806648775256,-1.5703531522033196,-6.282725131960391,-6.28321386491968,-6.283185186399681,-499.98907845996484
755.0,-6.28318331020628,0.01128062273116192,-1.5703531951155625,-6.282725132717451,-6.283214155767381,-6.283185360578626,-500.7253041578484
756.0,-6.283184073094448,0.011280593059708424,-1.570353225765954,-6.282725132996017,-6.283214262092607,-6.283185432133646,-501.46152944949455
757.0,-6.283192310802694,0.01066425875906406,-1.570324858449876,-6.282719293991626,-6.283214056611882,-6.28318545107696,-502.19776204873716
758.0,-6.2831796285151675,0.01074118438560371,-1.5703748081705002,-6.282731513291764,-6.2832145794071055,-6.283185484730236,-502.9340004317052
759.0,-6.283181916751322,0.010929087611603645,-1.5703652246896203,-6.282726853907021,-6.283214387625293,-6.2831854817628265,-503.6702339529488
760.0,-6.283183926584515,0.01105376295486188,-1.5703588681980347,-6.282725112969842,-6.283214319207716,-6.28318548060624,-504.4064638991975
761.0,-6.283184761291567,0.01112703245399359,-1.570357497679161,-6.280878550710256,-6.283213041357734,-6.283185499805098,-505.14267999963363
762.0,-6.283185605126567,0.011194037661551158,-1.570351614502867,-6.281993081628716,-6.283213673707243,-6.283185448970703,-505.8789010955448
763.0,-6.283185776639807,0.011221761987304193,-1.5703523464505218,-6.282425440190567,-6.283214133705312,-6.283185483198064,-506.6151245656709
764.0,-6.283185763826279,0.011241208183891774,-1.5703526433750892,-6.282602408364788,-6.283214272748413,-6.283185485506555,-507.35134889539546
765.0,-6.283185732906997,0.011254575913609057,-1.570352752147838,-6.282674846096406,-6.283214311254514,-6.283185484711549,-508.0875734811583
766.0,-6.283185693435639,0.011263542038459567,-1.5703528230314365,-6.282704507595827,-6.283214320710996,-6.283185483606847,-508.82379811480314
767.0,-6.283185652398108,0.011269467236319365,-1.5703528932119113,-6.2827166604339295,-6.2832143225655415,-6.283185482849097,-509.5600227351491
768.0,-6.283185614646813,0.011273348052780054,-1.570352964590595,-6.282721644282148,-6.283214322776101,-6.283185482421177,-510.2962473312915
769.0,-6.283185582526359,0.011275876071449224,-1.5703530320250545,-6.282723691112399,-6.283214322784779,-6.283185482202631,-511.0324719069989
770.0,-6.283185487908625,0.011275237252323973,-1.5703537371069476,-6.282141703420327,-6.283214344118675,-6.283185488158223,-511.76869278419383
771.0,-6.283185577291977,0.011281070365036314,-1.5703524689022048,-6.282493924147871,-6.283214279029914,-6.283185471965296,-512.5049156432349
772.0,-6.283185550281762,0.011279940284180348,-1.570352989600699,-6.282630536492667,-6.283214324531293,-6.283185482652173,-513.2411394947349
773.0,-6.283185403243538,0.011275958426565414,-1.5703542688163987,-6.281728273351857,-6.283214366139756,-6.283185493255834,-513.9773577074859
774.0,-6.283185567391566,0.011283906941239156,-1.5703521776716596,-6.282329610454303,-6.283214256981129,-6.283185466402077,-514.7135793589151
775.0,-6.283185541205566,0.011281096564235628,-1.5703529886524596,-6.282563315068849,-6.283214329121123,-6.283185483614534,-515.4498027161666
776.0,-6.283185499451917,0.01128013888864455,-1.5703533001317789,-6.2826589347736395,-6.283214338250077,-6.283185484416998,-516.1860267885683
777.0,-6.283185485499721,0.011279965708523609,-1.5703533811840653,-6.282698050707638,-6.283214333994612,-6.283185483758916,-516.9222511480691
778.0,-6.2831854820858215,0.011280038172073273,-1.5703533840347046,-6.282714052491788,-6.283214329336497,-6.28318548304188,-517.6584756211826
779.0,-6.283185481832038,0.011280160156129383,-1.570353365987483,-6.282720598904908,-6.283214326373226,-6.2831854825663465,-518.3947001384681
780.0,-6.283185482232102,0.011280269514650972,-1.5703533464507222,-6.282723277276529,-6.283214324780161,-6.2831854822973146,-519.1309246724594
781.0,-6.283185482569615,0.011280352535571338,-1.5703533307775737,-6.282724373222875,-6.2832143239930165,-6.283185482156901,-519.8671492124846
782.0,-6.283185482426436,0.011280405424624263,-1.5703533239624652,-6.282724830251371,-6.283214323528501,-6.282366541429446,-520.6033737547177
783.0,-6.283185482933181,0.011280457098643334,-1.5703533066719046,-6.282724991213695,-6.283214323662653,-6.282863460483533,-521.339598297117
784.0,-6.283185380348234,0.011277072062489412,-1.5703542699655921,-6.281853975714227,-6.283214355167968,-6.283052810212131,-522.075817334063
785.0,-6.283185543482042,0.011284215497227698,-1.570352299412124,-6.282379921079732,-6.283214257677185,-6.283130970296899,-522.8120393457189
786.0,-6.283185525884283,0.011281509190396857,-1.5703530162928476,-6.282583899840671,-6.283214325545963,-6.283163094661934,-523.5482628481449
787.0,-6.283185491168255,0.011280501237962457,-1.5703532954172978,-6.282667357051054,-6.283214335346857,-6.283176286499901,-524.2844869772567
788.0,-6.283185480432016,0.011280238979178746,-1.5703533698130827,-6.282701497081478,-6.283214332293744,-6.283181705028515,-525.0207113584029
789.0,-6.282556522426172,0.011288080453974397,-1.5703462361064564,-6.282715287666426,-6.283214365224836,-6.283183930111436,-525.757242116828
790.0,-6.28266075076898,0.011275191166816212,-1.570358340464967,-6.2827212827478105,-6.283214286658013,-6.282977323036325,-526.4937455342777
791.0,-6.282844022933525,0.011277281687684272,-1.5703559829626799,-6.282723584156066,-6.283214315740975,-6.283103619211428,-527.2301517318322
792.0,-6.28296402506587,0.01127916725541616,-1.5703543928543346,-6.2827244853247395,-6.283214324376882,-6.283151752801286,-527.9664940864624
793.0,-6.28304186166836,0.011280142842604339,-1.570353575163683,-6.282724858804772,-6.283214326129121,-6.2831716282292325,-528.7027950288543
794.0,-6.283092338967926,0.011280597343694168,-1.5703531927728416,-6.282725015961986,-6.283214325913094,-6.2831797906034454,-529.439069116337
795.0,-6.283125074107457,0.01128077718405815,-1.5703530422498335,-6.282725082715298,-6.283214325284157,-6.283183143903277,-530.1753257890623
796.0,-6.283146303670145,0.01128082014564118,-1.5703530087314619,-6.282725111354864,-6.283214324699006,-6.283184521488072,-530.9115711686034
797.0,-6.2831600718595215,0.011280800833253814,-1.5703530291510035,-6.282725123757993,-6.283214324255244,-6.2831850874214865,-531.6478092245798
798.0,-6.283169001245075,0.011280758121907843,-1.570353070125162,-6.282725129161908,-6.283214323944176,-6.283185319915981,-532.3840425311769
799.0,-6.283174792534796,0.011280711116232902,-1.5703531149449172,-6.282725131511379,-6.283214323734058,-6.283185415428497,-533.1202727577071
800.0,-6.283178548642027,0.0112806682897345,-1.5703531560213675,-6.2827251325138525,-6.283214323594817,-6.283185454666586,-533.8565009867096
801.0,-6.283180645088265,0.011279286262048082,-1.5703205107121185,-6.282725211534779,-6.283214312848794,-6.283185471171389,-534.5927284036301
802.0,-6.283182803621689,0.011281627690466539,-1.5703300684277754,-6.282725051325295,-6.28321433623021,-6.283185476959679,-535.3289545569469
803.0,-6.283183716702603,0.01128115073314269,-1.5703378238185586,-6.282725109872222,-6.283214326029585,-6.283185480019825,-536.0651801625152
804.0,-6.283184305993462,0.011280832575769405,-1.5703430035675257,-6.282725132676326,-6.283214323024592,-6.283185481251684,-536.8014054153484
805.0,-6.283184698473534,0.011280658747309205,-1.5703464490739072,-6.282725138771982,-6.283214322352871,-6.283185481740612,-537.5376304325159
806.0,-6.283184959647943,0.011280559049808256,-1.5703487482185363,-6.282725153174725,-6.2832143222339765,-6.281832300403479,-538.2738552924036
807.0,-6.283185134862685,0.011280534949522273,-1.5703502568853966,-6.282725114513652,-6.283214322936553,-6.282653387720096,-539.0100800462823
808.0,-6.283185250896469,0.01128050932035807,-1.5703512776670687,-6.282725137953684,-6.283214322782658,-6.282966245969028,-539.7463047299149
809.0,-6.283185075472059,0.011272005632311942,-1.57035435401219,-6.2805516559213785,-6.283212319505015,-6.283095456747371,-540.4825156546466
810.0,-6.2831855300518855,0.011289778771594866,-1.5703499022032308,-6.281863853657439,-6.283213389385884,-6.283148450991866,-541.218733954275
811.0,-6.283185522240469,0.011283007184384916,-1.570351991006209,-6.282372765587533,-6.2832140472038285,-6.283170286924558,-541.9549559459696
812.0,-6.283185458918861,0.011280478983915977,-1.570352889115309,-6.282580985745127,-6.283214250292556,-6.283179243444343,-542.6911794856401
813.0,-6.283185447486837,0.01127981651875318,-1.5703532093767498,-6.282666163023133,-6.28321430799603,-6.283182920767004,-543.427403644403
814.0,-6.283185453213498,0.011279791004595408,-1.5703533093633166,-6.282701007172747,-6.283214322327367,-6.283184430489329,-544.1636280462742
815.0,-6.283185461774121,0.011279938930090556,-1.5703533312349165,-6.282715261656735,-6.28321432481625,-6.283185050309847,-544.8998525412679
816.0,-6.28318546893075,0.0112801014987961,-1.5703533286044546,-6.282721093396073,-6.283214324612177,-6.283185304779944,-545.6360770704522
817.0,-6.283185473984509,0.011280233771532361,-1.5703533205258655,-6.282723479470864,-6.283214324089142,-6.283185409254421,-546.3723016112228
818.0,-6.283185477274219,0.011280330269575162,-1.570353313013262,-6.282724455880108,-6.283214323719218,-6.283185452147499,-547.1085261552616
819.0,-6.28318547931237,0.011280397066196463,-1.5703533074309022,-6.282724855527501,-6.283214323513948,-6.283185469757896,-547.8447506997377
820.0,-6.2831854805309115,0.011280442002875956,-1.5703533036649098,-6.28272501916201,-6.283214323412261,-6.28318547698823,-548.580975243844
821.0,-6.283185481237769,0.011280471739179326,-1.570353301258478,-6.282725086198719,-6.283214323365488,-6.283185479956873,-549.3171997874657
822.0,-6.283172266043728,0.011228044551864247,-1.5690818609023718,-6.2827281856344595,-6.283213908130895,-6.283185496161501,-550.0534432615692
823.0,-6.283193666401621,0.011315979451969427,-1.569346760515407,-6.282722205783061,-6.283214786861771,-6.283185465467437,-550.78967181
824.0,-6.283189610942936,0.011305926151985746,-1.569678546859906,-6.282723964373379,-6.283214466846692,-6.283185476188175,-551.5258996576124
825.0,-6.283167061932685,0.011214070928818216,-1.5680005545052866,-6.282729646830614,-6.2832136954411295,-6.283185504266717,-552.2621558149555
826.0,-6.283199367983004,0.011345114771515254,-1.5687060807294881,-6.282720604926035,-6.283215029455831,-6.283185457246032,-552.9983866958152
827.0,-6.281240898078222,0.011339427201645864,-1.5692342980053575,-6.282723483855495,-6.282825119890557,-6.283185476206175,-553.7355698671197
828.0,-6.28139646611295,0.011281630358703552,-1.5696374499452743,-6.282725654831718,-6.283072019281595,-6.28318548385983,-554.4727453983987
829.0,-6.281989963370515,0.011274500180163018,-1.5698775857541414,-6.28272587436318,-6.283166882932387,-6.283185485740868,-555.2096105394381
830.0,-6.282408877235039,0.011275828742791455,-1.5700345145824512,-6.282725648443235,-6.283201704146453,-6.283185484936135,-555.946251224877
831.0,-6.282681206827006,0.011277109518807045,-1.5701396319655785,-6.282725476785881,-6.283209758983978,-6.283185484127996,-556.6827460194457
832.0,-6.2828580285493585,0.01127802861475824,-1.570210117861888,-6.282725363026268,-6.283212641017166,-6.283185483496365,-557.4191460850956
833.0,-6.282972839696449,0.011278694115339981,-1.5702573714581172,-6.282725287053101,-6.283213698943873,-6.283185483036788,-558.1554846351596
834.0,-6.283047390280316,0.011279181027486087,-1.5702890426649336,-6.282725236108087,-6.283214088731552,-6.283185482713644,-558.8917832339541
835.0,-6.283095800403886,0.011279539353883426,-1.5703102652515464,-6.282725201920492,-6.283214233273153,-6.283185482490765,-559.628055884369
836.0,-6.283127237258696,0.011279803680107267,-1.570324483370021,-6.282725178996284,-6.283214287498297,-6.28318548233878,-560.3643116801625
837.0,-6.2831476527369094,0.011279998669042684,-1.570334006974941,-6.2827251636456145,-6.28321430826017,-6.283185482235861,-561.1005565274723
838.0,-6.283160911333467,0.011280142286929353,-1.5703403849196942,-6.2827251533819135,-6.283214316486642,-6.283185482166468,-561.8367942624252
839.0,-6.283169522324669,0.011280247799049792,-1.5703446554768892,-6.282725146529567,-6.283214319925583,-6.283185482119814,-562.5730273767934
840.0,-6.283175115088191,0.011280325072290594,-1.570347514493391,-6.282725141961051,-6.2832143214752945,-6.283185482088506,-563.3092574892094
841.0,-6.28317874758508,0.01128037945718759,-1.5703494297849805,-6.282725141904442,-6.283214322206533,-6.282897923847052,-564.0454856512506
842.0,-6.2831811072980175,0.011280424616909174,-1.5703507072021339,-6.28272513192645,-6.283214322725937,-6.283072409208956,-564.7817125458315
843.0,-6.283182639956798,0.011280452803660867,-1.5703515656529339,-6.282725135857011,-6.283214322892037,-6.283138893224542,-565.5179386169439
844.0,-6.283183656743894,0.011281464022950088,-1.5703518941445875,-6.2827249506497145,-6.2805780026326365,-6.283166350859407,-566.254180860004
845.0,-6.283184272140857,0.01127940147428442,-1.570352772184027,-6.282725513243242,-6.282185835097753,-6.283177616058741,-566.9904133087542
846.0,-6.283184691614052,0.011280209085996827,-1.5703528526495651,-6.282725112802171,-6.282802741124475,-6.283182252706915,-567.7266411873937
847.0,-6.281999313102102,0.011295339848019963,-1.570339463257089,-6.282724737635171,-6.283056477453299,-6.283184154271586,-568.463444450033
848.0,-6.282195974572096,0.011271020754277302,-1.5703624053800105,-6.282725279015751,-6.283160594546812,-6.283184937665138,-569.2001952670096
849.0,-6.2825415784910135,0.011274836685071224,-1.5703580799391632,-6.282725239433353,-6.28319980451076,-6.2831852584871015,-569.9367624651596
850.0,-6.2827678708902415,0.011278267957980452,-1.5703551686722688,-6.282725145086691,-6.283209116707128,-6.283185390105314,-570.6732092052224
851.0,-6.282914650043707,0.011280008376056104,-1.5703536903305726,-6.282725119757854,-6.283212424421304,-6.28318544421174,-571.409577829886
852.0,-6.2830098369812095,0.01128079554326181,-1.5703530129603063,-6.282725118333217,-6.283213631960668,-6.2831854664636415,-572.1458958053449
853.0,-6.283071567035755,0.011281087432564455,-1.5703527585392807,-6.282725122599386,-6.283214072447925,-6.283185475618559,-572.8821809384765
854.0,-6.283111600664888,0.01128113719529041,-1.5703527149159908,-6.282725126886752,-6.283214232833486,-6.283185479386862,-573.6184447747574
855.0,-6.283137564110705,0.011281080357655427,-1.5703527663707961,-6.282725129917483,-6.283214291041175,-6.283185480938784,-574.3546948004424
856.0,-6.28315440281796,0.011280986571397159,-1.5703528521671681,-6.282725131752464,-6.28321431204259,-6.283185481578258,-575.090935869954
857.0,-6.283165323862732,0.01128088937989051,-1.5703529422923352,-6.2827251327416525,-6.283214319539329,-6.283185481841842,-575.8271711312303
858.0,-6.283172407048527,0.011280803114663226,-1.57035302343295,-6.282725133207065,-6.283214322162504,-6.283185481950459,-576.5634026256695
859.0,-6.283177001165713,0.011280732328639222,-1.5703530909931613,-6.28272513337679,-6.28321432304532,-6.283185481995143,-577.299631677128
860.0,-6.2831799807343405,0.011280672815449398,-1.570353147851636,-6.282725139525359,-6.283214323249939,-6.282594930041778,-578.0358591443018
861.0,-6.283181913844195,0.011280639370096242,-1.5703531821868157,-6.282725123137567,-6.283214323534853,-6.2829532668153165,-578.772085583565
862.0,-6.281039894963134,0.011307494380188904,-1.5703287232543117,-6.282724539802427,-6.283214448603049,-6.283089801774007,-579.5093548298595
863.0,-6.281395878806132,0.011263378675778835,-1.570370050655878,-6.282725487814073,-6.283214189482179,-6.283146184804839,-580.2465303512412
864.0,-6.282020932585934,0.011270211954939114,-1.5703621369977319,-6.282725385358356,-6.283214292990026,-6.283169338124974,-580.983374369359
865.0,-6.282430199177846,0.011276410761509596,-1.5703568087700124,-6.282725184379217,-6.283214324930341,-6.283178849728883,-581.720000683685
866.0,-6.282695660989742,0.011279567123642639,-1.5703540914515521,-6.2827251225968395,-6.283214332021034,-6.283182757289163,-582.4564857761119
867.0,-6.282867855272778,0.011283365310735614,-1.5703522536964964,-6.282724725656737,-6.27699361328341,-6.282568092760648,-583.1929178080615
868.0,-6.282980714041596,0.01118171259149407,-1.5703482071213635,-6.282724907567065,-6.278458133819964,-6.282942682383566,-583.9292843905934
869.0,-6.2830510095905625,0.011194105977044226,-1.57035608862859,-6.282726423267911,-6.281308990708082,-6.2830854448439215,-584.6655954868666
870.0,-6.283098178589166,0.011221042883148074,-1.5703555437161563,-6.281636370579194,-6.282442771243673,-6.28082193040865,-585.4018660519698
871.0,-6.283129145477799,0.011250112154965046,-1.5703520861898177,-6.282293426233925,-6.282908863488465,-6.2822553458463934,-586.1381203082249
872.0,-6.283150048502143,0.010887794460382107,-1.5699941216677433,-6.28254584655953,-6.283100208197505,-6.282802270066027,-586.8743736079624
873.0,-6.283161374235863,0.0109640165907961,-1.5701230631635281,-6.282655624604753,-6.283178158955026,-6.283028087386174,-587.6106191648919
874.0,-6.283169709095046,0.011073081152616493,-1.570198534209322,-6.282696250729299,-6.283203985011942,-6.283120822006992,-588.346857556556
875.0,-6.283175384247146,0.011145519152603528,-1.5702489453974144,-6.2827129714866246,-6.283210533883173,-6.283158918852096,-589.0830910814426
876.0,-6.283179020177163,0.011192690955424184,-1.5702829525738196,-6.282719933372273,-6.283212918630159,-6.283174569471931,-589.8193214433817
877.0,-6.283181343545604,0.011223377218693913,-1.5703058955967317,-6.2827228611803365,-6.2832137968070585,-6.283180998955212,-590.5555497565078
878.0,-6.2831828290033895,0.011243337062508484,-1.5703213685506356,-6.282724110343944,-6.283214122176864,-6.283183640284343,-591.2917767430795
879.0,-6.283183779501223,0.011256320662529778,-1.5703317993630426,-6.282724654502217,-6.283214244026935,-6.283184725389377,-592.028002870696
880.0,-6.283184388245815,0.011264767561089514,-1.570338828161708,-6.282724898467601,-6.283214290510313,-6.283185171173956,-592.7642284419477
881.0,-6.283184778501039,0.011270264092745933,-1.570343562548309,-6.282725012035247,-6.283214308793233,-6.28318535431427,-593.5004536526385
882.0,-6.283194713048065,0.010385906884277507,-1.5703058382424526,-6.282716655370283,-6.283213964154677,-6.283185414491699,-594.2366903600786
883.0,-6.282659468465515,0.009931988724400594,-1.570347574320816,-6.282728705075606,-6.283214503511752,-6.2831854663190025,-594.9731976791006
884.0,-6.282743789495032,0.009797650356013437,-1.5703702628540914,-6.282729186668296,-6.283214446400858,-6.2831854805073855,-595.7096863395932
885.0,-6.282891557173506,0.010213220335811287,-1.5703890376904537,-6.282731592609345,-6.28321457339484,-6.28318548996609,-596.4460887516279
886.0,-6.282996455758916,0.010589912430537793,-1.5703702476432058,-6.2827257354379915,-6.2832143433495435,-6.2831854817882205,-597.1824278345566
887.0,-6.283073631955156,0.01011531581293948,-1.5703263695597753,-6.282717123657192,-6.283213992173386,-6.2831854671658345,-597.9187347214643
888.0,-6.28310190034365,0.010363436162708295,-1.5703793508865846,-6.282731177970899,-6.283214580654851,-6.283185492319228,-598.6550221963508
889.0,-6.283132173006818,0.010684941244773693,-1.5703657394041304,-6.282725973773142,-6.283214360497964,-6.283185483624648,-599.3912871884949
890.0,-6.283152193149199,0.010896323805162703,-1.5703574565315792,-6.282724249532841,-6.2832142898829115,-6.283185480499397,-600.1275372467419
891.0,-6.283164735928359,0.011032719456667905,-1.570353386710357,-6.282723977168045,-6.28321428027092,-6.283185480012824,-600.8637778712099
892.0,-6.282296076057332,0.011131629076204562,-1.5703416735341393,-6.282723904187759,-6.283214338682301,-6.2831854795725555,-601.6004393125431
893.0,-6.282446230544905,0.011170294217467958,-1.5703580140670856,-6.282724558745614,-6.283214242289523,-6.282050112238129,-602.3370588551352
894.0,-6.2827046635955455,0.011209712945886479,-1.5703547714388868,-6.282724705633459,-6.283214293099643,-6.2827390347703975,-603.0735405578374
895.0,-6.282873780967967,0.011235861311913585,-1.5703528534665083,-6.282724809892652,-6.283214311770783,-6.283001534380521,-603.8099318065847
896.0,-6.282983424754144,0.011252390118783711,-1.5703520764289634,-6.282724902236434,-6.28321431872782,-6.28310992813911,-604.5462644091381
897.0,-6.28305449713468,0.011262809497848135,-1.5703518903327485,-6.282724976381201,-6.283214321400301,-6.283154442900322,-605.2825589981443
898.0,-6.2831005679655165,0.01126937458411046,-1.5703519793006098,-6.282725029771619,-6.283214322459276,-6.283172730650401,-606.018828947206
899.0,-6.2831304329729445,0.011273509638362678,-1.5703521751524403,-6.2827250661833105,-6.2832143228993145,-6.283180243535442,-606.7550829246089
900.0,-6.283149793220176,0.011276113178076292,-1.5703523932248027,-6.282725090251836,-6.283214323095422,-6.28318332995283,-607.4913265488963
901.0,-6.283162344007841,0.011277751833581592,-1.5703525946838672,-6.282725105858159,-6.283214323191133,-6.283184597907342,-608.2275634619257
902.0,-6.283170480607659,0.011278782812804748,-1.5703527649268347,-6.282725115852308,-6.283214323242744,-6.283185118807384,-608.9637960243537
903.0,-6.283175755661287,0.011279431222557292,-1.5703529014519775,-6.282725122199118,-6.283214323273227,-6.2831853328043525,-609.7000257664015
904.0,-6.283179175635202,0.01127983887064559,-1.5703530072271772,-6.282725126206192,-6.283214323292535,-6.2831854207196685,-610.4362536800154
905.0,-6.283181392967262,0.01128009505744814,-1.570353087201806,-6.282725128725354,-6.283214323305355,-6.28318545683793,-611.1724804082306
906.0,-6.283182830609229,0.011280255997153934,-1.5703531465792364,-6.282725130303987,-6.283214323314111,-6.283185471676667,-611.9087063679116
907.0,-6.28318376275287,0.011280357063105002,-1.5703531900483971,-6.282725131290675,-6.283214323320192,-6.283185477773135,-612.6449318293098
908.0,-6.283184367156505,0.01128042050591327,-1.5703532215170624,-6.282725131906027,-6.283214323324452,-6.28318548027795,-613.3811569676337
909.0,-6.2831847590638965,0.01128046031636222,-1.570353244091432,-6.282725132289033,-6.283214323327445,-6.283185481307142,-614.1173818964776
910.0,-6.283185013191617,0.011280485288222222,-1.5703532601633743,-6.282725132526981,-6.283214323329555,-6.28318548173005,-614.8536066894908
911.0,-6.283185177982377,0.011280500946596179,-1.5703532715332191,-6.2827251326745355,-6.283214323331042,-6.283185481903845,-615.5898313944263
912.0,-6.2831852848450325,0.011280510761547062,-1.5703532795330422,-6.282725132765865,-6.283214323332093,-6.283185481975278,-616.3260560422468
913.0,-6.283185354144738,0.011280516911617796,-1.5703532851353932,-6.282725132822284,-6.283214323332833,-6.283185482004641,-617.0622806530295
914.0,-6.283185399086403,0.011280520763993364,-1.5703532890427891,-6.282725132857062,-6.283214323333349,-6.283185482016715,-617.7985052397929
915.0,-6.283185428232431,0.011280523176347368,-1.5703532917582794,-6.282725132878453,-6.283214323333712,-6.28318548202168,-618.5347298109793
916.0,-6.283185447135053,0.011280524686518972,-1.5703532936394702,-6.282725132891579,-6.283214323333967,-6.283185482023722,-619.2709543720633
917.0,-6.283185459394679,0.011280525631656673,-1.5703532949390193,-6.282725132899612,-6.283214323334146,-6.283185482024562,-620.0071789265952
918.0,-6.283185467346104,0.011280526223027661,-1.5703532958345008,-6.282725132904513,-6.283214323334271,-6.283185482024908,-620.7434034768775
919.0,-6.2831854725034395,0.01128052659297161,-1.5703532964501523,-6.282725132907493,-6.283214323334358,-6.28318548202505,-621.4796280244033
920.0,-6.283185475848613,0.011280526824359231,-1.570353296872551,-6.282725132909297,-6.283214323334419,-6.283185482025108,-622.2158525701412
921.0,-6.283185478018437,0.011280526969067232,-1.5703532971618201,-6.282725132910386,-6.283214323334461,-6.2831854820251305,-622.9520771147195
922.0,-6.283185479425922,0.011280527059560494,-1.5703532973595835,-6.282725132911041,-6.283214323334491,-6.28318548202514,-623.6883016585455
923.0,-6.2831583497178585,0.011172696975481925,-1.5677427251523457,-6.282731469978968,-6.283213469283669,-6.283185512793209,-624.4245653486448
924.0,-6.283204544032788,0.01136239865828547,-1.5685040059773667,-6.282718631375737,-6.283215347343901,-6.283185446177783,-625.1607950558481
925.0,-6.283195620470523,0.011325942149661252,-1.5691218265342697,-6.282723293046337,-6.2832145333505895,-6.283185473319668,-625.8970243269025
926.0,-6.283186966206284,0.005745640041632112,-1.5666367854718857,-6.282679880130975,-6.283211270824258,-6.283185421094399,-626.6333852744829
927.0,-6.283140396011924,0.0056462849582053455,-1.5680814956339857,-6.282766412495014,-6.283208739772166,-6.283185530720641,-627.3697715808486
928.0,-6.283138870994849,0.007383613468071096,-1.5688823892488604,-6.282748903778908,-6.283212322328341,-6.283185521652424,-628.106115994433
929.0,-6.283159217308871,0.008750341863507101,-1.5693502770722716,-6.282728008045678,-6.283213163364709,-6.283185489765487,-628.8424160759608
930.0,-6.2831719943750555,0.00964129141267188,-1.5696687534780236,-6.28272163009293,-6.283213603158885,-6.2831854792342545,-629.578687665518
931.0,-6.283178982700016,0.010218342856410143,-1.5698866957193653,-6.282720679335465,-6.2832138652021605,-6.283185477170296,-630.3149415700342
932.0,-6.283182672329064,0.010592086849352112,-1.570035639925729,-6.282721365408339,-6.2832140277242505,-6.2831854777247145,-631.0511844759843
933.0,-6.283184537866654,0.010834213141071195,-1.5701372827670677,-6.282722338560581,-6.28321413094403,-6.283185478821831,-631.7874205229842
934.0,-6.283185417913293,0.010991111456038054,-1.570206554456762,-6.282723182638145,-6.283214197470022,-6.283185479813497,-632.523652283636
935.0,-6.283185782335848,0.011092806839711375,-1.5702537075604925,-6.282723815163416,-6.283214240731583,-6.283185480558273,-633.2598813612251
936.0,-6.283185866746038,0.011157979547831653,-1.5702859838740375,-6.282530457902539,-6.283214276091383,-6.283185483089827,-633.9961075302598
937.0,-6.282286418888035,0.011193772102544249,-1.5698185967176277,-6.28264866622458,-6.283214168943161,-6.283185482943613,-634.7327760553267
938.0,-6.282442866479327,0.011232496189562461,-1.5699916592864671,-6.28149009565123,-6.283214344179882,-6.283185488296589,-635.4693915209745
939.0,-6.2827020480645075,0.011256299070076498,-1.5701089600743288,-6.282235410112054,-6.283214196954655,-6.283185460089645,-636.2058724385341
940.0,-6.282871550043656,0.011263173955095502,-1.5701899261005803,-6.282524676462145,-6.281011196449874,-6.2831854873342525,-636.9422783791427
941.0,-6.282981559909255,0.011266568670642583,-1.5702444566814342,-6.282643544951758,-6.282356655367408,-6.283185481328866,-637.6786181061971
942.0,-6.28305304376069,0.011271817565015297,-1.5702802683424526,-6.282691518990643,-6.281253066017458,-6.283185487473962,-638.4149263968512
943.0,-6.283099450767585,0.011273663704881363,-1.570304643486514,-6.282711627960541,-6.282446388396718,-6.283185480756931,-639.1512025874282
944.0,-6.283129601678256,0.011276218522288856,-1.5703206608747975,-6.282719491250181,-6.282909877853394,-6.283185483084054,-639.8874593441006
945.0,-6.2818644681748115,0.011293841828476236,-1.5703167965983673,-6.282722431543136,-6.283100460335854,-6.283185481453543,-640.624329787745
946.0,-6.282160880751403,0.005819418332135414,-1.5700964159543622,-6.2826730156219215,-6.28318357859943,-6.283185390634023,-641.3612071431537
947.0,-6.282426765071778,0.006504363028886475,-1.5705381721195686,-6.282781442795221,-6.283200905436106,-6.283185580971126,-642.0979351990111
948.0,-6.282695475296959,0.008169826826147513,-1.5704536455775333,-6.28274030244454,-6.283209166280933,-6.283185510450332,-642.8344851979365
949.0,-6.282874419130086,0.009274338990204627,-1.5703981517759784,-6.28272493047561,-6.283212196937615,-6.283185482072874,-643.5709165869794
950.0,-6.282988206738432,0.009987022481570872,-1.570368854221963,-6.28272089060349,-6.283213387801051,-6.283185474676264,-644.3072726105039
951.0,-6.283060390938279,0.01044643103111704,-1.5703544506322382,-6.282720720505129,-6.28321387850705,-6.283185474341156,-645.0435807822929
952.0,-6.28310617349954,0.010742602784428115,-1.5703481435925843,-6.282721605847481,-6.283214093781834,-6.283185475907317,-645.779858541399
953.0,-6.28313520721026,0.01093356439090269,-1.5703460549554196,-6.2827225823921555,-6.283214195784146,-6.283185477628486,-646.5161169576892
954.0,-6.283153616853244,0.011056706019283139,-1.5703460219729544,-6.282723377078769,-6.283214248236554,-6.283185479019632,-647.2523630660406
955.0,-6.283165288303289,0.011136124068890751,-1.5703468736670443,-6.282723956371166,-6.283214277291815,-6.2831854800262406,-647.9886013404207
956.0,-6.283172686717397,0.01118734989369154,-1.5703480031022097,-6.28272435685094,-6.2832142943578075,-6.283185480716873,-648.7248346274981
957.0,-6.283177375776188,0.01122039556806189,-1.5703491171697797,-6.282724625843321,-6.283214304802977,-6.283185481177198,-649.4610647390956
958.0,-6.283180347206916,0.011241716052826776,-1.5703500920925118,-6.2827248035240455,-6.283214311368663,-6.283185481478897,-650.1972928286199
959.0,-6.283182229896576,0.011255473487673435,-1.5703508913794517,-6.282724919717056,-6.283214315564058,-6.283185481674629,-650.9335196304307
960.0,-6.283183422581909,0.011264351936616195,-1.5703515202877654,-6.282724995234136,-6.283214318271329,-6.283185481800809,-651.6697456121309
961.0,-6.2831841780363975,0.01127008250136184,-1.5703520013416845,-6.282725044127542,-6.283214320028526,-6.28318548188182,-652.4059710714881
962.0,-6.283184656476641,0.011273781804838174,-1.5703523617864743,-6.282725075708011,-6.283214321173036,-6.283185481933693,-653.142196198132
963.0,-6.2831849594372375,0.01127617020070568,-1.5703526276495792,-6.282725096075524,-6.283214321920067,-6.28318548196685,-653.8784211128327
964.0,-6.283185151253807,0.011277712462602453,-1.57035282133999,-6.282725109199097,-6.283214322408317,-6.283185481988014,-654.6146458925108
965.0,-6.2831852726850705,0.011278708503368817,-1.5703529610497164,-6.282725117650225,-6.283214322727723,-6.28318548200151,-655.3508705861614
966.0,-6.283185349549014,0.011279351879587307,-1.5703530609988985,-6.282725123090527,-6.28321432293681,-6.283185482010112,-656.0870952249948
967.0,-6.283185398197165,0.011279767525555288,-1.5703531320133828,-6.282725126591909,-6.283214323073753,-6.283185482015589,-656.8233198288938
968.0,-6.283185428984059,0.011280036093776312,-1.5703531821761043,-6.282725128845123,-6.283214323163485,-6.283185482019073,-657.5595444105264
969.0,-6.283185448465722,0.011280209657911197,-1.570353217432615,-6.282725130295026,-6.283214323222304,-6.283185482021291,-658.2957689779646
970.0,-6.283185460792575,0.011280321844651085,-1.5703532421049258,-6.282725131227989,-6.283214323260874,-6.283185482022701,-659.0319935363525
971.0,-6.283185503713893,0.011282226355030773,-1.570352805338553,-6.2827247902856245,-6.2783377296360925,-6.2831854902959146,-659.7682485584886
972.0,-6.283185456522737,0.011278433418111857,-1.5703537306266326,-6.282725832053796,-6.281302272786714,-6.2831854733912325,-660.5044865169024
973.0,-6.2829825307856515,0.011282462293688884,-1.5703511154448113,-6.282725037144837,-6.28243963380237,-6.283185482235261,-661.2408153550329
974.0,-6.283016175671499,0.011278850675520178,-1.5703549004809083,-6.2827250451416985,-6.282907383694924,-6.28318548211872,-661.9771320604348
975.0,-6.283075312221221,0.011279660264358733,-1.5703541139307404,-6.282725063869864,-6.283099406647388,-6.283185482077713,-662.7134160327901
976.0,-6.283114031119635,0.011280266765401083,-1.570353604436375,-6.282725082284247,-6.283178240945275,-6.283185482030139,-663.4496788466413
977.0,-6.283139144335098,0.011280549863890654,-1.570353350235919,-6.282725100206732,-6.283204031652534,-6.283185482017432,-664.185928110247
978.0,-6.283155430337764,0.011280652103811973,-1.5703532382283587,-6.282725116435313,-6.283210579413962,-6.283185482017728,-664.9221686630008
979.0,-6.2831659918074925,0.011280675964209248,-1.570353198407122,-6.2827251250073255,-6.2832129548348705,-6.283185482020101,-665.6584035806925
980.0,-6.283172841227048,0.011280666373866911,-1.5703531935288981,-6.282725129267932,-6.283213823200924,-6.283185482022223,-666.3946348489693
981.0,-6.283177283388059,0.011280644530961718,-1.5703532040291919,-6.2827251313264885,-6.2832141406184565,-6.283185482023668,-667.1308637523695
982.0,-6.2831801871975905,0.01128169813814953,-1.570352952746802,-6.282724931392185,-6.280345702417032,-6.283185486890475,-667.8671092749788
983.0,-6.2831820219572245,0.01127941584016726,-1.570353506567941,-6.282725544722992,-6.282094214840414,-6.283185476938967,-668.6033435528677
984.0,-6.2831832329746025,0.011280264024364998,-1.5703533292905854,-6.282725109969908,-6.282765088619569,-6.283185482250914,-669.33957246644
985.0,-6.283184027943042,0.011280572137907164,-1.5703532642596618,-6.2827250614227355,-6.283040995398177,-6.2831854820124775,-670.0757990108516
986.0,-6.28318454024968,0.011280637057618337,-1.570353259594057,-6.282725091186346,-6.283154262610708,-6.281952640461346,-670.8120244828193
987.0,-6.283184872031349,0.011280654546018096,-1.5703532504161795,-6.282725075916634,-6.283198472311157,-6.282700707493824,-671.5482494611916
988.0,-6.283185086613527,0.011280622267232294,-1.5703532652182473,-6.282725116543374,-6.28320871429716,-6.2829857428796165,-672.2844742520964
989.0,-6.283197689289906,0.009759085192905683,-1.5702881031906348,-6.278874237158887,-6.283208784421572,-6.28310345652828,-673.0206963855015
990.0,-6.283168553975397,0.00997847342920653,-1.5704015037042771,-6.281220354725671,-6.283208299981385,-6.283151739270375,-673.7569453413064
991.0,-6.28317509073998,0.010425851747458111,-1.5703812125331864,-6.28210732307754,-6.283212141159967,-6.283171648024631,-674.4931883469657
992.0,-6.2831805113214205,0.010726152850341689,-1.5703668974952745,-6.282470628303075,-6.283213507190711,-6.283179802291203,-675.2294249683991
993.0,-6.283183457401132,0.010921724092833311,-1.5703588909960318,-6.2826198674408165,-6.28321400069084,-6.2831831495697665,-675.9656571257091
994.0,-6.283172010342122,0.010997213750622799,-1.569110149337954,-6.28268433594476,-6.283213777890635,-6.283184538373874,-676.7019048270449
995.0,-6.283194726168748,0.01116965281876682,-1.5694710881035299,-6.282703627924377,-6.283214744692571,-6.28318507090428,-677.438134546792
996.0,-6.283190737515499,0.0112053740560432,-1.5697648262561286,-6.282716416360051,-6.283214388257352,-6.2831853156732045,-678.1743629901061
997.0,-6.283187920102151,0.011228148133540845,-1.5699612934709382,-6.282721715146734,-6.283214289463768,-6.283185415340523,-678.9105907528686
998.0,-6.283186408231964,0.011244114145378046,-1.5700921621573014,-6.2827238311342075,-6.283214272354788,-6.283185455707946,-679.6468178473548
999.0,-6.283185649438606,0.011255294834812198,-1.5701793284018042,-6.282724661465322,-6.283214278799047,-6.283185471915079,-679.6468178473548
