time,shoulder link,upper arm link,forearm link,wrist1 link,wrist2 link,wrist3 link,total_reward
0.0,-0.0001927268944571226,6.341615956474422e-05,-1.554964950796133e-05,5.159462542212512e-05,3.721954528337985e-06,-2.4163371495679047e-07,-0.9111607981031667
1.0,-0.0058164970648662455,0.004561548291812028,-0.0050543091604042766,0.0061299000209593165,-0.011108747604380223,-0.011110167919391203,-1.8193810647059807
2.0,-0.014689638657579416,0.00837681798622692,-0.009719110449787054,-0.0025648357696633406,-0.023971204824591887,-0.023507509344752476,-2.723111305797518
3.0,-0.02624033343854971,0.011158657601647337,-0.018309965352424195,-0.008658397285426729,-0.04032732846888004,-0.0396633588828009,-3.619616611639347
4.0,-0.03660066101409364,0.012686955252203955,-0.02807162600170893,-0.02071400417902962,-0.05817391701364269,-0.057427476604642515,-4.508872554838569
5.0,-0.04832041524077797,0.013456079440996903,-0.03688695898184069,-0.036755368222378654,-0.07664142450999148,-0.07585798528679082,-5.3901792426975765
6.0,-0.06249267506185442,0.014279978486462473,-0.04891886870168598,-0.05446731490783662,-0.08935372863145666,-0.09456388472812696,-6.261849821790407
7.0,-0.07819338032235072,0.014717015919090451,-0.06326673152575188,-0.06748718942465419,-0.10559342938675062,-0.11338365843930111,-7.122095230247881
8.0,-0.09498365516499632,0.014932944024210006,-0.07914246947671594,-0.08385596307510894,-0.1185393944694357,-0.13225047809820578,-7.970047002467015
9.0,-0.11256826858335056,0.015010390976772524,-0.09596678992699471,-0.10171037937789548,-0.13400193227869908,-0.15113683451156182,-8.80487796704447
10.0,-0.12897590079357332,0.014763692647272618,-0.11041726715591574,-0.12018484012270886,-0.15104634465582797,-0.16839706184059333,-9.62732628096064
11.0,-0.14312060620943795,0.0148190211106911,-0.12505511467451683,-0.13889289331588917,-0.16917430907293607,-0.18659123535785627,-10.438711623486354
12.0,-0.1555566968427856,0.014396986776559918,-0.13464105971652446,-0.15005445557530997,-0.1877556092132304,-0.20071348155609714,-11.240469888096445
13.0,-0.16601504027618166,0.014700350356885113,-0.1455262552651881,-0.16564024348500642,-0.2057031769860904,-0.21393306865214057,-12.03395973896407
14.0,-0.17429727524351232,0.01501291166071595,-0.1588259467948288,-0.18316580570722069,-0.22099684242577128,-0.23042080771869664,-12.820149299060276
15.0,-0.1847600875154158,0.015152391600452633,-0.17400575891103048,-0.198950217359442,-0.23835370820281873,-0.2483219177696066,-13.597365201388817
16.0,-0.19825075821009577,0.015175762536979545,-0.19043479450051576,-0.21222727234783292,-0.25084903987415175,-0.2668089137729571,-14.363505833181584
17.0,-0.2132191980111514,0.015147564685259893,-0.20767057208576625,-0.22432077681938717,-0.26700413021096187,-0.28553816792890396,-15.117256976518595
18.0,-0.22942288266019817,0.01512176968701082,-0.22543980117776638,-0.2403249952183709,-0.2816612196288035,-0.3043676073006329,-15.857835997798196
19.0,-0.24663144538732412,0.01507717755920095,-0.24358282304900422,-0.25759726126884386,-0.2987551743120059,-0.3232385003139326,-16.584425667173658
20.0,-0.2644813367578926,0.014889038374508605,-0.2604544521309527,-0.27480757160560926,-0.31639268115718094,-0.34212650223818103,-17.29670059138232
21.0,-0.28273730081754006,0.014921254426350615,-0.27789872095463924,-0.28913916650826743,-0.3347638318109836,-0.357574197009402,-17.994259758897453
22.0,-0.30123737850052973,0.013769615917550002,-0.2943103229431462,-0.30240888929720217,-0.3513957148780902,-0.37498808358769165,-18.676644478897757
23.0,-0.31988459610985387,0.013829281001401699,-0.31170703020884993,-0.3189303742474427,-0.3693224090979138,-0.39327220489006687,-19.343967166590645
24.0,-0.33861816748147994,0.013949177258131398,-0.32625157985687464,-0.33684225162018655,-0.3878207687928097,-0.40138989832912825,-19.99672789190383
25.0,-0.3544075317309445,0.014101696445632602,-0.3385800991823569,-0.3552133365139607,-0.3951694488082708,-0.4135757215974127,-20.637283289623863
26.0,-0.3695746685581285,0.013028049977157065,-0.3485347387879449,-0.3682741625078451,-0.40929072083854234,-0.429661337444679,-21.265922908878995
27.0,-0.38202415103140275,0.013508275371948627,-0.3615298088581905,-0.3836208561861375,-0.4262183051300478,-0.4473968043768212,-21.884084629291166
28.0,-0.39520704682911195,0.013936739601287346,-0.37382731653936213,-0.39890994539014074,-0.44085301270571403,-0.4655014490085823,-22.49167255196354
29.0,-0.4095225489827536,0.014337500716718993,-0.3874176897905352,-0.40528001021619964,-0.457932693024969,-0.48406728155631445,-23.087510093915405
30.0,-0.42517767188,0.014634405220453721,-0.4027548194294968,-0.4029565359609281,-0.4634424358148448,-0.49755108280455157,-23.670538411624594
31.0,-0.4420096445461722,0.014027726390063451,-0.41683350574847144,-0.4028597453977463,-0.47503826240027375,-0.5061969049367823,-24.239781628800475
32.0,-0.45777123091288563,0.014210169629328369,-0.43256022861436044,-0.40369504849049814,-0.4908916621580531,-0.520793173575119,-24.79567585199672
33.0,-0.4739043485950091,0.014118122481364402,-0.4452362758439816,-0.3993033341103835,-0.5085314095795596,-0.5379124224852008,-25.338538967314587
34.0,-0.48818595871229753,0.014507730683442193,-0.45978537017962845,-0.3940537992173459,-0.5269148465166684,-0.5510689993055979,-25.86919798788049
35.0,-0.502967005110986,0.014529396843550585,-0.4732296345615464,-0.39434630741764876,-0.5455992570642798,-0.566807338745684,-26.38758295424872
36.0,-0.5192241582216667,0.014199018756846751,-0.48837441977273627,-0.38477375038297906,-0.5644110375975301,-0.5815463118489704,-26.89225193336557
37.0,-0.5349893044633307,0.014367189480825932,-0.5048399211887448,-0.38908802942815995,-0.5832755494956208,-0.5981501135643904,-27.383393489463195
38.0,-0.5498577903044578,0.014536733721141363,-0.5220743855218922,-0.3935186407088733,-0.6010733004016726,-0.6135667156548097,-27.861412049737506
39.0,-0.5626774634068715,0.014285079922347631,-0.5360229694626372,-0.3964618706078667,-0.619498474451424,-0.6309833307694139,-28.32796261794136
40.0,-0.5751340304107505,0.014479509424642371,-0.5514739904543028,-0.39291625484578274,-0.6307373631348854,-0.649268930835261,-28.783412984003988
41.0,-0.5892802465774937,0.013851264919813807,-0.5596228437159139,-0.38077955153383736,-0.6463829245646805,-0.667914965192807,-29.227945988959256
42.0,-0.6051632374538207,0.014035352063166067,-0.566429056029121,-0.3776738902119482,-0.6639419904652566,-0.6802615391440985,-29.66134129870814
43.0,-0.6222247699662133,0.014516795653332226,-0.5770910892509364,-0.365249308567443,-0.6778838497225578,-0.6963446426169984,-30.082344411454223
44.0,-0.6399493738595707,0.014421702825588642,-0.5861536095923329,-0.3526451380033602,-0.692396959099017,-0.7043079240649257,-30.490692874090065
45.0,-0.6581155492885766,0.014350545475773496,-0.5939633743803434,-0.3364085406016882,-0.7094452642017698,-0.7186530246728804,-30.886518335167437
46.0,-0.6765830970618162,0.014704385967085612,-0.6052797825447468,-0.31858568636964474,-0.7275819226844902,-0.7356690837945148,-31.26918569460787
47.0,-0.6947680730628221,0.014780953883160489,-0.6174268884553529,-0.31261926463631595,-0.7364467124633428,-0.7485238120305026,-31.638816905330486
48.0,-0.713058285511365,0.014861829120462076,-0.631801023757347,-0.3095864766644859,-0.7511597118759096,-0.758732081955901,-31.99485310144755
49.0,-0.7283384749443057,0.014809936565041284,-0.6477108640650955,-0.2997341623556295,-0.7644562214682074,-0.7648484289853299,-32.338419297153685
50.0,-0.7410436674422984,0.01470807960551629,-0.6646383654573986,-0.2846038579439569,-0.7809735482934447,-0.778429649609898,-32.670639641829986
51.0,-0.753624966714261,0.01464032247870807,-0.6822143590353049,-0.2755757245236718,-0.7929797068952951,-0.7951299984034013,-32.9916553646076
52.0,-0.7679894550252953,0.014494424532296686,-0.7002673803920472,-0.2608181970052427,-0.8012530724828557,-0.804804788895027,-33.30062518170947
53.0,-0.7839926937736532,0.014449390530697152,-0.7185763066254458,-0.25733219732843793,-0.8156952675987694,-0.819825846958092,-33.59667515189862
54.0,-0.8008269005963342,0.014346610335815555,-0.7371084371301654,-0.252053908722754,-0.8327534636646456,-0.8371206748291725,-33.879397525635724
55.0,-0.8183337224399903,0.014160977550130661,-0.7550080473742361,-0.23884134103921512,-0.8508925785623813,-0.8553570580272589,-34.14883453390862
56.0,-0.8344008039928495,0.013999052441111012,-0.7713435471992964,-0.22228532419885963,-0.8648650327350231,-0.8626854117448732,-34.406352128397145
57.0,-0.847242829106799,0.01410049008006569,-0.7884326069642031,-0.20870990546886875,-0.8816513669509188,-0.876795830072473,-34.653505729883584
58.0,-0.859570826552281,0.014086473052173575,-0.8061594657831265,-0.192083268320517,-0.899674108647133,-0.8937157690115383,-34.89058489714732
59.0,-0.8702741931289312,0.014058547550287855,-0.824272140350367,-0.1741224486551362,-0.9182136508462191,-0.9064842801624835,-35.118320261512764
60.0,-0.8827206572702294,0.013922366561559759,-0.8418825524531626,-0.15591465032994523,-0.9364691367543516,-0.9221081173654445,-35.33641157351384
61.0,-0.8974887498649832,0.013919077651545516,-0.8598603725930102,-0.14332003024382461,-0.9501025707676215,-0.9325794110580554,-35.54418342529164
62.0,-0.9134590812793515,0.013625145586349962,-0.8746200987874306,-0.13206014155976015,-0.9667405087022425,-0.946665009462182,-35.7421366758497
63.0,-0.9285678985128338,0.013737255216515079,-0.8906140645571498,-0.11639092397259901,-0.9847079864806637,-0.9635510949459799,-35.93110298005634
64.0,-0.94093170593121,0.013514221754549829,-0.9031117173183991,-0.1046288374759863,-1.0032231974076342,-0.9816179268492596,-36.112974763503104
65.0,-0.9521117695745552,0.013691316633758962,-0.9175988402753933,-0.088762922979804,-1.010014154514062,-0.995036853584194,-36.28840241351849
66.0,-0.9627175461099071,0.013721827830164525,-0.9330755931428253,-0.07111474108973054,-1.023914668219648,-1.009555650991502,-36.45764107315782
67.0,-0.9725032850615378,0.013733863844498952,-0.9496968784859187,-0.0527300822152485,-1.0407504172278264,-1.0246709750042755,-36.6210685160993
68.0,-0.98460782367973,0.013669119784401577,-0.9671144881270577,-0.034719499515983736,-1.0587945717657932,-1.041972406699464,-36.77849885764388
69.0,-0.9967970279152913,0.013607490902406958,-0.9850090887676668,-0.016206047870222434,-1.0773441103180077,-1.0569916192327307,-36.93047277242626
70.0,-1.0085947241081892,0.013495109690233324,-1.0027045816215665,0.0025343820058609068,-1.096098522510992,-1.0694114530950147,-37.07784224584814
71.0,-1.0223022525877483,0.013429271951437356,-1.0207108997214844,0.018440099592982196,-1.1129880870206024,-1.0855487923385378,-37.22104711830189
72.0,-1.0322615781664901,0.013402076444264301,-1.0389745458924284,0.03603957661428975,-1.1290933286734628,-1.1000788087112752,-37.36124145714165
73.0,-1.0437328642673753,0.013232706735882418,-1.0562765130496323,0.049439204609489036,-1.1467976814668506,-1.1171172443807391,-37.4990955498171
74.0,-1.0578669428847214,0.013178337779956473,-1.074058500692967,0.06597604160158822,-1.1652043661106861,-1.1352462219344528,-37.635756990858496
75.0,-1.0737332678739233,0.013150779163328036,-1.0922061618611911,0.07878129738479815,-1.1810096145454192,-1.1538274540601066,-37.77211716354366
76.0,-1.0907102853745334,0.012528126333362874,-1.1105748411795748,0.08995856536352134,-1.198581618246222,-1.172595712182683,-37.90925599541416
77.0,-1.104744016976001,0.012528584417252063,-1.129202375794493,0.1013032277246421,-1.2169356529532351,-1.1914412327371897,-38.04831962415826
78.0,-1.1195146480371818,0.012608292693269635,-1.147933474108112,0.11702429933557887,-1.2356054495411675,-1.2101748114061746,-38.19080496420672
79.0,-1.1335481158921878,0.01261283703333973,-1.1657915368133633,0.13461202847799145,-1.2544127514384085,-1.2290035198405178,-38.337725494638654
80.0,-1.1443297068276688,0.01250877970530903,-1.1802885307340962,0.14526375215952156,-1.270224460878867,-1.2419609825017375,-38.48848172166895
81.0,-1.1534907996230042,0.012673410505644543,-1.1961485791881998,0.14829934097629524,-1.2877934959257604,-1.258303372474388,-38.6426344322379
82.0,-1.1652234282444363,0.012709502999743329,-1.2130780570177782,0.13948074779531483,-1.306139331564909,-1.276143461694056,-38.80048919129306
83.0,-1.1795197227107137,0.012675836229798123,-1.2306759449216447,0.12524964819341247,-1.323695519667117,-1.2939543345937576,-38.9629826669429
84.0,-1.186130341373103,0.012712447888180926,-1.2486250858047758,0.10827369982544349,-1.3420302323532205,-1.3000917304301904,-39.12781202046826
85.0,-1.1921933616557574,0.012302688147761065,-1.261729081197274,0.0944533668348334,-1.356291386420419,-1.3137321149062682,-39.29465549842462
86.0,-1.1930435041900171,0.01233522123603203,-1.2746579618440306,0.09214913317294997,-1.3732058174742243,-1.329453338229909,-39.462864039053464
87.0,-1.1872667621855257,0.012527823318601403,-1.289507791074651,0.08056670617982546,-1.3873193921140876,-1.341315478207075,-39.629044133686726
88.0,-1.182905230170073,0.012406155472172229,-1.3049063500055764,0.07340636674164595,-1.4020189543865633,-1.3572082652886697,-39.7939404237118
89.0,-1.1748131063252087,0.012362222105352304,-1.3197007543263801,0.061329658901659846,-1.418537032537046,-1.3731316182114226,-39.95626643017908
90.0,-1.1628777515572692,0.012188702602877494,-1.3328685474442803,0.06215319745991836,-1.4362812075049716,-1.3855493812402202,-40.11593838407304
91.0,-1.1484725028598,0.012309232828718273,-1.3475594166774814,0.051326773430115574,-1.454699584981111,-1.4016796488587453,-40.271688859115585
92.0,-1.1324635535731806,0.012291328371237854,-1.3636875863592242,0.04347612865503175,-1.4715623076603517,-1.419432297213311,-40.423721519944806
93.0,-1.1154137328021037,0.012262833672957739,-1.3807622799965928,0.029223664553782693,-1.483522582514272,-1.4326015248258461,-40.571586841682475
94.0,-1.0976374657370513,0.011785084731712048,-1.3908632153654759,0.020293420411026865,-1.49744786765488,-1.449042675775504,-40.715974567414754
95.0,-1.079554098922664,0.011968522430868595,-1.4036062684689221,0.012967973582063547,-1.5142573913173267,-1.4669238069948825,-40.85832454319505
96.0,-1.0611726188302668,0.01206352940640098,-1.4184205287508524,-0.0010670096249047463,-1.5263534311906144,-1.4854025803530255,-40.99876250529738
97.0,-1.0476075328472159,0.011768964529091671,-1.4301849224752416,-0.0179729404917602,-1.5423352637080494,-1.4995122726984678,-41.137939086213656
98.0,-1.0332932456149073,0.011889117815257907,-1.4440991821879945,-0.036042694389155444,-1.5586235959732841,-1.5050378134877969,-41.27656282886696
99.0,-1.017394212909354,0.011856824407319451,-1.458634580905544,-0.053983828547763256,-1.576419151799539,-1.5136895869613824,-41.41541690257283
100.0,-1.0004459106706811,0.011836397428364571,-1.4746171381412005,-0.06942578661619488,-1.5948617304797281,-1.5282724969623498,-41.55591919603426
101.0,-0.9827985979320598,0.011792538925943724,-1.4915982031896888,-0.08684176583595683,-1.613571906736857,-1.5344961115490237,-41.69899034591139
102.0,-0.970303193935015,0.011616458363163551,-1.5093276368203066,-0.10037380749999343,-1.6282697741371608,-1.5443361279007501,-41.84564383134609
103.0,-0.9567183722026626,0.011562744303730079,-1.5273904505522444,-0.11338945181172483,-1.6453699134420774,-1.5525365400167175,-41.99670239488886
104.0,-0.9441209495650927,0.011261449430828232,-1.541703033397322,-0.12063455647642184,-1.6635220620981586,-1.5654462981030897,-42.15236211390823
105.0,-0.929852639136843,0.011059906920400427,-1.5503849405718233,-0.12855587183111458,-1.6725421119396156,-1.581842397705372,-42.31187136927599
106.0,-0.9139953998110805,0.01111207863789158,-1.5569982987150552,-0.14280496995574815,-1.6859383007925026,-1.5997066163537201,-42.47462429441464
107.0,-0.9004413208542049,0.011010078006744799,-1.5615048154833004,-0.1470970726939968,-1.7025374067989034,-1.6162944604463338,-42.640936715232044
108.0,-0.8856504255915082,0.01104404511807062,-1.5644493361124556,-0.1453259661394409,-1.7204906244845852,-1.6342063968729637,-42.81144997373613
109.0,-0.8708260072574464,0.011136267512878798,-1.5664075431437487,-0.15270431238183288,-1.7357050210786582,-1.6516075554694996,-42.98536774945786
110.0,-0.8548317531311844,0.011214519583939268,-1.5676963954532168,-0.1668024002024091,-1.7511495869097364,-1.6698692927389815,-43.16246617438361
111.0,-0.8399512008812681,0.011221386392916498,-1.5685900470032454,-0.18372846803682613,-1.7685867813312888,-1.6771363630824363,-43.34234822168978
112.0,-0.8240551092086529,0.01124237176889918,-1.569161492835711,-0.19995615019727928,-1.7868844871367642,-1.686333549087633,-43.525559635817174
113.0,-0.8087624227660913,0.01124747877175906,-1.5695616105079355,-0.21771984547630369,-1.8055333112556744,-1.7007464730358115,-43.7120846693827
114.0,-0.7925090049089478,0.011270635622976704,-1.5698074685185546,-0.2361471958607434,-1.8243309915504384,-1.7177826011563548,-43.90246777851679
115.0,-0.775326369347522,0.011239978862053256,-1.5699894337010507,-0.24601117806487804,-1.8431877581003384,-1.733282022057887,-44.097996560998304
116.0,-0.7600740433659169,0.011190932659289155,-1.5701430812109325,-0.24722956441898314,-1.8615927314584753,-1.7482361267833229,-44.29879742179065
117.0,-0.749224726243201,0.011170486544071035,-1.570258826609478,-0.24816040207245596,-1.8729489856758466,-1.7631042353645139,-44.50360010509589
118.0,-0.7365103648307139,0.011221600562514682,-1.5702656285121566,-0.24467973432901044,-1.8839689962933575,-1.778447175157518,-44.713386129831456
119.0,-0.7251811817250665,0.011271425435763689,-1.5702973642751186,-0.250552219607734,-1.8995279228019284,-1.7958441308274347,-44.9269427549161
120.0,-0.7133644363258788,0.011289669978238114,-1.5703039815600572,-0.258055868836843,-1.9051206263634763,-1.814121879091583,-45.14498252017862
121.0,-0.6993395823817806,0.011347765232403781,-1.570282324228642,-0.27214528718527076,-1.91632044332636,-1.82768026559902,-45.36793927396879
122.0,-0.6836041406358999,0.011357368887826996,-1.5702814291082283,-0.2890684032459413,-1.9320015154059211,-1.8442851978291968,-45.59640605710174
123.0,-0.6667610937974282,0.011346436067410835,-1.5702893396383335,-0.3071564307586244,-1.9399842608321103,-1.8622341234712187,-45.83159176226848
124.0,-0.6557934208146513,0.011246040225724502,-1.5703809002494546,-0.32572328657024785,-1.9543281826112338,-1.8807410064155932,-46.070669657341284
125.0,-0.6432608232933916,0.011276801979788885,-1.570345986119007,-0.34448040817061043,-1.966821403536142,-1.8960480443091439,-46.31435486705749
126.0,-0.6323886100234221,0.01123869500234688,-1.5703785853796695,-0.3622677916176216,-1.9827400996558853,-1.9107750902341345,-46.56194898441909
127.0,-0.6208516012365403,0.011216867336732807,-1.5703778851097707,-0.3730950807535111,-2.000406557106067,-1.9279035097119677,-46.813877810874835
128.0,-0.607005432435971,0.011286139755295287,-1.5703372749004938,-0.38855841951555875,-2.0187970574346497,-1.9442086667187468,-47.07119916338658
129.0,-0.5957364870416502,0.011248329437243989,-1.5703782462939855,-0.40605207421297873,-2.0273214411141263,-1.96200419006123,-47.33347967712239
130.0,-0.5825758250764318,0.011225580861027063,-1.5703685466034414,-0.41381955533873116,-2.0386331407546754,-1.98044669814464,-47.601654829016375
131.0,-0.5691091837015493,0.011222050491722249,-1.570374602684114,-0.417836007936174,-2.0543390954081393,-1.9991575869586764,-47.87580730063603
132.0,-0.5568223224897982,0.01125296618294981,-1.5703734027932692,-0.427307052143399,-2.0719181538087574,-2.0163739111189383,-48.15517990575955
133.0,-0.5427512322760076,0.011271761145225939,-1.5703515055973611,-0.4354293076583251,-2.0839517176481137,-2.034550347254275,-48.441046414652504
134.0,-0.5269917739906216,0.011310351005845246,-1.5703299272719682,-0.44708950095838673,-2.099905439442208,-2.047688002132072,-48.73412227725136
135.0,-0.5101284621577723,0.011294886891722873,-1.5703345061284082,-0.45644649911937085,-2.1147001648516404,-2.0606911903117493,-49.03519442017155
136.0,-0.49255045552932974,0.011291816515727485,-1.5703363463818947,-0.4651779561368457,-2.1282594100441052,-2.074591138418925,-49.34481563273096
137.0,-0.4745080115957124,0.011272349695903334,-1.5703457479561969,-0.4701898004421919,-2.1369418136985843,-2.084824320450601,-49.663645545041994
138.0,-0.46064061923183713,0.011215889755896047,-1.5704031768116102,-0.4744989847948114,-2.1473591218757817,-2.100046113031096,-49.989513671435866
139.0,-0.4458304742624671,0.011299634949686449,-1.5703529176434012,-0.4873158581667539,-2.162687595547105,-2.1174229057718974,-50.32240087057822
140.0,-0.43266792592102266,0.011227175463764874,-1.5703972855434207,-0.4943007161959403,-2.176422378172727,-2.1356931051445827,-50.66169746137541
141.0,-0.41805651469337823,0.01126268601912732,-1.5703674083393901,-0.5020768534460767,-2.193127638601878,-2.153449364083685,-51.007898574647385
142.0,-0.401937897468636,0.01120715575686863,-1.5703832730749707,-0.49569215675302597,-2.211119988817827,-2.1718613627740537,-51.361785244420844
143.0,-0.3924776855155239,0.011139893512626361,-1.5704610433402497,-0.48791413151994667,-2.228853091276701,-2.184161063542529,-51.719977098458344
144.0,-0.38375681629036473,0.011202298282170162,-1.5704215697963644,-0.48366884493982754,-2.2387302487013834,-2.197292106062547,-52.08229031275105
145.0,-0.3719536346866131,0.011241177603617621,-1.570378681397622,-0.4746316227593529,-2.246250025739188,-2.2095222236531447,-52.4505041470475
146.0,-0.35766182546293074,0.011247152068709436,-1.570189391404416,-0.4598666344814737,-2.2481539884031356,-2.2237262245765965,-52.82637553446577
147.0,-0.34748497464113726,0.011213100584115286,-1.5702916410154781,-0.44267065355424323,-2.2581862942058226,-2.240651156050377,-53.20738645355945
148.0,-0.3352994043023284,0.011311884673984612,-1.5702660894021554,-0.4316066947904087,-2.2721031031588397,-2.2587336474940316,-53.594122578292854
149.0,-0.3207624596344345,0.011332087516799648,-1.5702719094193671,-0.41964524147650095,-2.2889215320574245,-2.27729559725998,-53.98773785699198
150.0,-0.3061433410969051,0.011305056364301761,-1.5703050807964598,-0.40422665966107285,-2.3069595245198844,-2.296055850232412,-54.388273383237085
151.0,-0.29277785734998707,0.011229314614894952,-1.5690651898343773,-0.387155671730306,-2.3255025430529543,-2.31114046396409,-54.79495685633512
152.0,-0.2828574988606119,0.011257432410200737,-1.5672226424474032,-0.3819279512105033,-2.344252940070923,-2.3283990062278375,-55.20590204550831
153.0,-0.2765053249645461,0.011346995219019456,-1.568210860229064,-0.3737726976400243,-2.3630917131851237,-2.336617672204692,-55.61931679610052
154.0,-0.2667920751482265,0.011407087246567475,-1.5688688156390491,-0.3756042784274698,-2.381971014812271,-2.34205319667839,-56.03683633549367
155.0,-0.25385552589034865,0.011331679408154768,-1.569359187193912,-0.36688139166977213,-2.392980743287035,-2.3541650982314333,-56.46072995817434
156.0,-0.24541709661592664,0.011250244122640904,-1.569750412986058,-0.35733588777918746,-2.4085353870306516,-2.360124222748055,-56.88851985689694
157.0,-0.2417001107502869,0.011264095181811342,-1.5699791416188067,-0.359725973936197,-2.424464884580618,-2.3690152328339917,-57.31756041058518
158.0,-0.2423658644330048,0.011153092836882074,-1.570175304878623,-0.3499650332761804,-2.4421123239203477,-2.3813591567949035,-57.74535617110241
159.0,-0.247811631242845,0.009451151719463164,-1.5702105265675497,-0.33481258409551634,-2.453393912505394,-2.3975068680811167,-58.16976965690619
160.0,-0.2498944033817919,0.009765085466092883,-1.5703254283858832,-0.31950065247902215,-2.4690611720410196,-2.4071964214790937,-58.592035920719375
161.0,-0.24820417009536072,0.010428684942366729,-1.5702591366979866,-0.3224167481701653,-2.4814541432302386,-2.4208353333380415,-59.0143936065789
162.0,-0.24685986735289292,0.01074968431754287,-1.5702863974414243,-0.33163964350043895,-2.496567924876181,-2.437534810432926,-59.43672691119871
163.0,-0.2463190230027171,0.010832445714663195,-1.5703510623376553,-0.3242889560324689,-2.5013955951097806,-2.455524308493503,-59.859089417459074
164.0,-0.24832801935738197,0.010971177081035748,-1.5703742493903141,-0.3186856409092216,-2.5101851542497355,-2.471003431273321,-60.27997848206563
165.0,-0.24972476872410806,0.01111894296601421,-1.5703458047622265,-0.31858467138739827,-2.52158447182567,-2.4860556727968186,-60.69949971704068
166.0,-0.24972421816781068,0.011245674996328166,-1.5703155072033823,-0.3295723559509002,-2.537329666621795,-2.495990074568029,-61.11825591725927
167.0,-0.24846303598005268,0.011225292098782253,-1.5703359504038017,-0.33348326245783616,-2.5549273438976656,-2.5111022009876205,-61.536877883871725
168.0,-0.24512434181396553,0.009554145746809406,-1.5702326246248002,-0.3424692563614666,-2.572806060262457,-2.52843421618402,-61.956651034155804
169.0,-0.24661319660866388,0.009647805882130574,-1.570473267691784,-0.34312523357492575,-2.591277121044747,-2.546685824199366,-62.375052225571935
170.0,-0.246244337816497,0.010251590278025472,-1.5703966693836282,-0.3463897204379823,-2.6100002052567053,-2.5583256175429288,-62.79277375826723
171.0,-0.24360556320067367,0.010605426541891895,-1.5703709704285256,-0.3447998130129483,-2.6192612130278796,-2.574128499049631,-63.211443426014135
172.0,-0.2388767878568704,0.010826345136881247,-1.5703591425659174,-0.3353002624256057,-2.6341326269778813,-2.59174557650756,-63.631968129472774
173.0,-0.2374675706486819,0.010937392201181218,-1.5704002133676325,-0.3238996084597148,-2.6513652071676517,-2.598537846108329,-64.0526646009332
174.0,-0.23635486207830797,0.011130738266841526,-1.5703562789994787,-0.32653164306695404,-2.66957759252715,-2.612433707073423,-64.4733218966254
175.0,-0.23385606816271443,0.011196249379453318,-1.5703441800327491,-0.3295498257430076,-2.6881951619402957,-2.627083550271028,-64.89470088747879
176.0,-0.23516926301940907,0.011177389560555522,-1.5703946227567405,-0.33439619339502846,-2.7045602480149338,-2.6441892830238376,-65.31506648061544
177.0,-0.23811838059084062,0.011200280965980308,-1.570393342273197,-0.34115007203190406,-2.7223728399016593,-2.6623464885722026,-65.73346039406107
178.0,-0.24114686683040812,0.011203833241289101,-1.5703902871032391,-0.34477224097790976,-2.7398535040334506,-2.678249368183929,-66.1498362714503
179.0,-0.24076343365094188,0.011309284219795011,-1.5703281198895338,-0.3573296390585112,-2.7581508695415775,-2.6772567101258082,-66.56601770299378
180.0,-0.24375375375311556,0.011258539096105566,-1.5703809511237377,-0.37363028439915374,-2.7767998860567795,-2.6869362967710986,-66.98058782246902
181.0,-0.24719760776760266,0.011256184928789091,-1.5703762449217733,-0.39145906921966495,-2.795598282265979,-2.6996749183817226,-67.3932658130935
182.0,-0.25108764192232846,0.011240014462509204,-1.5703840297886242,-0.409917657712989,-2.809373693121832,-2.7159874918576707,-67.80400523559038
183.0,-0.2523071164492382,0.0112686342590057,-1.5703544577162558,-0.4286315094865649,-2.8260700702981936,-2.7303901073625116,-68.21414306336376
184.0,-0.24927303470524217,0.011223574006229782,-1.5703566085360983,-0.4334385067024695,-2.8413869624597794,-2.747372249216553,-68.62572133774184
185.0,-0.2452826386648435,0.011240442993132111,-1.5703612301984493,-0.4404202470484059,-2.8519580313184982,-2.7633044588913696,-69.03942915362268
186.0,-0.24304054280108012,0.011253617667082386,-1.570376937484015,-0.45430166000191813,-2.862687948558461,-2.7809403388865124,-69.45456736204892
187.0,-0.24168392402134098,0.011221567544156954,-1.570397036329591,-0.46595703984326553,-2.8781065480159738,-2.793735591725413,-69.87061624928438
188.0,-0.24392374026750271,0.011166433765115216,-1.5704422441173307,-0.47560563109757786,-2.895566688993205,-2.80468561015143,-70.2858016679424
189.0,-0.24752767718236035,0.011204518878548604,-1.5704231325108693,-0.490571631723331,-2.913825399618687,-2.8202054027802856,-70.69948685035942
190.0,-0.25114033620031634,0.011196275117605464,-1.5704201483196605,-0.5034937174935611,-2.932460782096747,-2.833909365969101,-71.11169268645651
191.0,-0.2556505213374454,0.011210456871355657,-1.570415949559087,-0.5198486454451088,-2.9512509489323215,-2.8459852539434154,-71.52215293053185
192.0,-0.263196951224591,0.011149280265825469,-1.5704546982403842,-0.5322925732829301,-2.9666541555790293,-2.8619836074953335,-71.92936479772531
193.0,-0.2688381279990964,0.011181284270006931,-1.5704182830536553,-0.5413467903847721,-2.9840507729335783,-2.878609598896431,-72.33411630459915
194.0,-0.2755665714524471,0.01120435798481887,-1.5704164926099633,-0.5560896001255239,-2.9913434866625956,-2.894424294605619,-72.73605699104012
195.0,-0.277129105313148,0.011285961531204106,-1.5703476596323178,-0.5732714377020314,-3.004691468260024,-2.9106672580340587,-73.13777352353729
196.0,-0.27631223755641743,0.011280042373696146,-1.5703545901360338,-0.5914742982381788,-3.021285386627725,-2.9284448303189357,-73.54075939858024
197.0,-0.27710126397577906,0.011138505977004453,-1.5704419249420998,-0.5942386054016852,-3.039233611730619,-2.9468800763748875,-73.94396736018388
198.0,-0.2816872005423653,0.01112966957036005,-1.5704680845368901,-0.5996001759812616,-3.0577382434749842,-2.953937902996172,-74.34565760096753
199.0,-0.2820870600942584,0.01119319459514416,-1.570407526368222,-0.6016593646230434,-3.0719382581295,-2.9679434132235936,-74.74745366081076
200.0,-0.2873764762986817,0.011168552487019074,-1.570457644181032,-0.6101531025559221,-3.0888163366412753,-2.9800921777211835,-75.14762693985709
201.0,-0.2953584212898158,0.01118793823735607,-1.5704491021369629,-0.6246983377800367,-3.101119536787365,-2.9961203407815757,-75.5448868786693
202.0,-0.29774491519316254,0.011275582986318713,-1.5703690472882834,-0.6417976064544278,-3.1171966688212955,-3.013830869877811,-75.94198552839154
203.0,-0.29556246954567966,0.011293410258300314,-1.5703509322910747,-0.6599649276158087,-3.134930110226764,-3.0278175755612042,-76.34138124987385
204.0,-0.29267239489903213,0.011252123324160758,-1.5703847698560165,-0.6785735071671889,-3.1533485294931825,-3.030495237248499,-76.74363089889465
205.0,-0.2955246609961386,0.011145008450851937,-1.5704778577232372,-0.6973672853906934,-3.171376764325272,-3.0401047585996035,-77.14626408582818
206.0,-0.2979894738961203,0.011159189232886429,-1.5704594027606449,-0.7162139125697049,-3.1899058172728187,-3.0378924781186893,-77.54931480279427
207.0,-0.2963763315055974,0.011202516820742275,-1.5704198476608826,-0.7350915382672111,-3.2086527990853027,-3.041916733261722,-77.95468010891271
208.0,-0.29871271682376965,0.01109085378834729,-1.570509919506398,-0.7484151495080992,-3.2274898646668526,-3.054017186122129,-78.36067355207985
209.0,-0.3054990308983191,0.011077646833395785,-1.5705310044620342,-0.7649070101391314,-3.241933596189008,-3.0700944539987765,-78.76517347970841
210.0,-0.30598116525218844,0.011191063352842062,-1.5704309380924104,-0.7828002453218125,-3.2555954422113342,-3.087827169297096,-79.17077184952828
211.0,-0.3060954519412292,0.008386196478596893,-1.5703132184081925,-0.8012625938523905,-3.2722708392864384,-3.102782372319,-79.57893036033197
212.0,-0.3078599289456186,0.008678633566728664,-1.5705985035534684,-0.8200849110803767,-3.29026084931568,-3.1199922751547065,-79.98833091035407
213.0,-0.3103726808313025,0.009518796928176353,-1.570561797768789,-0.8388965382279777,-3.308779847845375,-3.138192048846481,-80.39838909574723
214.0,-0.3166410741185995,0.009998655539229545,-1.5705950272577358,-0.851246675126526,-3.32752320875232,-3.1536846056551573,-80.80747252382393
215.0,-0.3233862206926963,0.010413030784024484,-1.57054440238703,-0.8673171766979613,-3.3353648916115426,-3.171122704815757,-81.21483456420385
216.0,-0.32549601830705477,0.010691338295200149,-1.5704902370511111,-0.8783731077238471,-3.3467651133620735,-3.182655287704898,-81.62239551511675
217.0,-0.33192772114399904,0.010787414732034937,-1.5705477195273243,-0.8902587010078807,-3.3625176311821714,-3.1984106506377157,-82.02902593865868
218.0,-0.33878875716039986,0.01092891373946118,-1.5705153775052814,-0.9061905799957194,-3.380117450263065,-3.2160079528202203,-82.43479331384327
219.0,-0.33991428809287466,0.011040524052196937,-1.570463409567967,-0.9189180531447968,-3.3974300638699595,-3.234369314673443,-82.84184960399192
220.0,-0.3404993413936749,0.011078049008410636,-1.5704789949975477,-0.935193828316128,-3.4156567474407624,-3.253046593497886,-83.25088446541093
221.0,-0.341348367287246,0.011065462103888944,-1.5705098867836218,-0.9499822463453291,-3.4342794773767458,-3.267404948421076,-83.66180895122065
222.0,-0.3419763791583538,0.01108450195539503,-1.5705134474707168,-0.9671316425626852,-3.453065039899559,-3.278715185153896,-84.07485114843136
223.0,-0.3395177898017026,0.011114167056310716,-1.57049536862584,-0.9842629945027608,-3.4698969096145955,-3.29437919957186,-84.4910480562109
224.0,-0.3366818475107229,0.01110027099482051,-1.5705185130885235,-1.0024253192270811,-3.487908570292765,-3.306551080980883,-84.91079533634166
225.0,-0.33601829047466136,0.011053468363134093,-1.570565221745154,-1.0208733180625642,-3.5043982253131567,-3.3148065652318213,-85.33321645471179
226.0,-0.33281244105493013,0.011085814832510334,-1.5705380401251354,-1.0395777534124864,-3.5222669412314014,-3.3292406745812553,-85.75926173547636
227.0,-0.33263404383888634,0.010974767373299187,-1.5706280834610673,-1.0495168779475645,-3.5403388929551447,-3.3462927226447197,-86.18757463600194
228.0,-0.32800187574175443,0.011084731923201802,-1.5705402771805825,-1.0646242130806511,-3.5471800501710287,-3.3644288143205423,-86.61888299020082
229.0,-0.32733034376452547,0.011024154461323543,-1.5706068827398374,-1.0819891578688072,-3.5610994796374924,-3.3817323036126665,-87.05265106799236
230.0,-0.3287264172399837,0.01096272534021378,-1.5706483300840801,-1.0919363106240016,-3.5779431170420937,-3.3999504097454696,-87.48791620871854
231.0,-0.3301402618524742,0.011016759643296044,-1.570611884135932,-1.1070549207647151,-3.595992923563126,-3.4185679519817618,-87.92494732061954
232.0,-0.331609302751721,0.011015599417298199,-1.5706137762439651,-1.1223931368670546,-3.612344945596366,-3.4302298114893843,-88.3636672370938
233.0,-0.33265619588790685,0.011029626435443163,-1.5706043561484784,-1.139790077094536,-3.6281899047875688,-3.446043865606021,-88.80428240090441
234.0,-0.3345563666704685,0.01101158355624637,-1.5706216951854466,-1.1580800572642929,-3.644372233570807,-3.4636655730216517,-89.2466201059512
235.0,-0.3341180989128344,0.01103736675722659,-1.5705976754108555,-1.1767267880372883,-3.662124671402828,-3.480770758093045,-89.69159576272098
236.0,-0.3331931430241339,0.011020506518042154,-1.5706143860615644,-1.1955341186592452,-3.68055170682459,-3.498907096263805,-90.139537509952
237.0,-0.33127487301697794,0.011015732751715426,-1.570618807658952,-1.214399724991731,-3.699256723261192,-3.5174907804332514,-90.59079881303457
238.0,-0.32691645569796146,0.011003572831140186,-1.5706246668953099,-1.228778353720259,-3.718076436744105,-3.5292470139739534,-91.04600944662164
239.0,-0.32293690756250176,0.010961588530475772,-1.5706619290245545,-1.2393723649730712,-3.7361033105376804,-3.545097944481338,-91.50485382934288
240.0,-0.3207057226867407,0.01096551562062057,-1.5706677912826184,-1.2547377954648413,-3.7504648647337393,-3.562734855848136,-91.96658233085425
241.0,-0.3184054064275897,0.010958074634591116,-1.5706735997839953,-1.2686917399190332,-3.7674184797185117,-3.5811125664687298,-92.43133819091156
242.0,-0.31433615884419974,0.010957403609872024,-1.5706708193736028,-1.2788250056946555,-3.7815688392848097,-3.5964781875502427,-92.89928172615679
243.0,-0.3145348660412291,0.01092201761514794,-1.5707124828081853,-1.2940193924077106,-3.7905739879234788,-3.61386031858772,-93.36881521695446
244.0,-0.3208571250917613,0.010867926661980732,-1.5707619895962714,-1.311400367732774,-3.799769524183012,-3.632131210780232,-93.83796227413241
245.0,-0.32518820815458793,0.010931142122312951,-1.5707028018209788,-1.329660245985933,-3.8107430212918163,-3.639495415783106,-94.30738700599069
246.0,-0.32484263102108885,0.010933963031948008,-1.5706908845762235,-1.3367516751453012,-3.826302971920521,-3.653620117145675,-94.77863309758685
247.0,-0.31847213487089676,0.011031415577679584,-1.5706112700228014,-1.348601621938024,-3.842294686497396,-3.6675175099335333,-95.25388927907919
248.0,-0.31616781298937807,0.01095389105302123,-1.5706906425109348,-1.3645882634351358,-3.859971025701085,-3.679862257309461,-95.73242217245371
249.0,-0.31299586961261716,0.0109132552823006,-1.5707159273732128,-1.371566973139447,-3.8783644157464567,-3.6959751138530814,-96.21406752668669
250.0,-0.31463900395665073,0.010879343266057098,-1.5707555099442936,-1.3855284449956933,-3.885942474912136,-3.7137208728095215,-96.69661846299775
251.0,-0.32052615528069045,0.010809857447977767,-1.5708105886958383,-1.3920063454834832,-3.9001517395294685,-3.7321435738957573,-97.1789420420735
252.0,-0.3253648040761613,0.010902748178379036,-1.570732568099752,-1.405730952139534,-3.9162950169456026,-3.7508462884474754,-97.6616819102473
253.0,-0.3254344130663837,0.010973262545458764,-1.5706716782718388,-1.4217316558432258,-3.9319920790458154,-3.7696646369215383,-98.14643020236781
254.0,-0.3306108086683534,0.010879385631362789,-1.570760303274588,-1.4394541723035075,-3.949537435546469,-3.785905051614251,-98.63206792076267
255.0,-0.33107491889619967,0.010939346144654707,-1.5707006885115693,-1.4551631307141486,-3.967874496372098,-3.795423083875881,-99.11980278398404
256.0,-0.32672462609918823,0.010976191714668829,-1.5706709930372937,-1.4722131692523424,-3.980961386825387,-3.797490877157205,-99.61077611863905
257.0,-0.3218329406408372,0.010944030567775355,-1.57070369214688,-1.490357898627377,-3.9973657720280125,-3.809477809790728,-100.10558383313305
258.0,-0.3157628242597319,0.01093000144260242,-1.5707170571824058,-1.5089337190617171,-4.015234319355517,-3.82552121064741,-100.60469981241218
259.0,-0.3125119374864556,0.01081226257024069,-1.570819933734494,-1.5160392185552927,-4.033710324339636,-3.836139661735826,-101.10702040904945
260.0,-0.31057692062327497,0.010821207464539297,-1.5708124358152302,-1.5248751511621763,-4.052433460388613,-3.851526811128739,-101.61206663623983
261.0,-0.31153290071330036,0.010818751591389168,-1.5708187378570289,-1.539537491538165,-4.059396256342517,-3.8648583075337446,-102.11805955756746
262.0,-0.31248166013287104,0.01079796048020832,-1.5701726791563178,-1.552930215485565,-4.07336519437553,-3.873121955962957,-102.62535901256192
263.0,-0.316062711332729,0.010811648116682861,-1.5703863945631007,-1.5646245409529003,-4.090229536189605,-3.887566959704287,-103.13360493017498
264.0,-0.3165175587512867,0.01087994477551406,-1.5704699271226323,-1.580457341411945,-4.103616753083959,-3.904623697078739,-103.64342964143414
265.0,-0.31454581630839934,0.01089100402398836,-1.5705598061269432,-1.5981055983367203,-4.111953422331231,-3.9188945823916863,-104.15521225157855
266.0,-0.3122981901209213,0.010866421647761498,-1.5706490683921237,-1.6165008591907932,-4.124920046814825,-3.9353543573691625,-104.66949449312645
267.0,-0.31299842836766684,0.010805265512404828,-1.5707493758009548,-1.635205933190689,-4.1398048606844515,-3.9532358989728786,-105.18560983674703
268.0,-0.3151314238670946,0.010759352759018383,-1.5708186997403382,-1.6469099233587314,-4.157019279798964,-3.971714599359691,-105.70308149066115
269.0,-0.314296457067948,0.010808324685972436,-1.5707930768736342,-1.6572780369948592,-4.170716794002993,-3.99044043682762,-106.22232341813523
270.0,-0.31468465329472484,0.010797675573121468,-1.5708185231969332,-1.6707877200834593,-4.187391751086462,-4.007625648343494,-106.74340784438432
271.0,-0.31480412218207937,0.010793884680545436,-1.570830558059143,-1.6831593894715655,-4.192142409224455,-4.022627677717924,-107.26526323768313
272.0,-0.31377971453132214,0.010813331979837807,-1.5708196378194235,-1.6971259174186564,-4.20522847020197,-4.039861464088411,-107.78895392892667
273.0,-0.3134486744668233,0.010791406860174475,-1.5708450743206273,-1.7118111647184693,-4.209287492574477,-4.051993611159142,-108.31354591812766
274.0,-0.3122254591827004,0.01080655650219336,-1.5708343197452115,-1.7289329190205165,-4.214420243208132,-4.061418066500335,-108.83936061626669
275.0,-0.31303376889293877,0.010745077544315832,-1.5708946745312684,-1.7407333885984293,-4.227576400902604,-4.076310910384377,-109.36648163128893
276.0,-0.31604749224202683,0.010724961521805812,-1.5709127964892253,-1.7519790877806736,-4.241457126769804,-4.076927050692766,-109.89427508111358
277.0,-0.3213434398874618,0.010728466295592256,-1.5709090220636213,-1.7676394757502376,-4.256729737899968,-4.08635106547847,-110.4222483609495
278.0,-0.3238376869235051,0.010779079715613874,-1.5708643662814976,-1.7839616873448843,-4.267643296420903,-4.09648434123006,-110.95074937141797
279.0,-0.3283952208759183,0.010735539929310159,-1.5709072994732896,-1.7998507697764046,-4.27942737917448,-4.1116770454856475,-111.4793578459516
280.0,-0.3280614597014623,0.01080917276855725,-1.5708398228066989,-1.8168216157554848,-4.2953207179762884,-4.129042190744229,-112.00969361211271
281.0,-0.3251770368365349,0.010791694213854423,-1.570861410038926,-1.8288050089069672,-4.312160568519228,-4.1367275092084705,-112.54262650046648
282.0,-0.31742322979383975,0.010845942092801533,-1.5708098914875772,-1.844732485667856,-4.329287855667046,-4.149531729147398,-113.07959087180414
283.0,-0.31062583585472625,0.010788778677076167,-1.5708654890105977,-1.862430087411868,-4.343663872832156,-4.158863516597969,-113.62024973305158
284.0,-0.30536007545625793,0.010744724418670488,-1.5709067769979022,-1.8804753838270445,-4.3606296412462555,-4.170500693974776,-114.16432669117356
285.0,-0.30093736126225723,0.010710624140805813,-1.570941164781288,-1.8949636044159957,-4.378729979953763,-4.18634092961207,-114.71159155826003
286.0,-0.30360041937064974,0.01061683670037882,-1.5710264946168573,-1.9098952553893784,-4.389791763606221,-4.2039745108803235,-115.25943482783096
287.0,-0.3103607453204196,0.010273037051784567,-1.5710113626230984,-1.9270588642552606,-4.405367138463376,-4.222350874642145,-115.80697963195739
288.0,-0.31726494494974716,0.008366666609631472,-1.5709113401790245,-1.9452335986881093,-4.422659867033272,-4.241034342027598,-116.35474511387798
289.0,-0.3267396647664275,0.008700418316774554,-1.5711097370864564,-1.955853952078545,-4.432136606214744,-4.2598447826201475,-116.90070395512672
290.0,-0.33460525534194446,0.009438371438575205,-1.5710023481206947,-1.9712273034080776,-4.447082671338504,-4.27366350148118,-117.44544490858266
291.0,-0.3415842541921874,0.009879562274206322,-1.5708241444012772,-1.984703330486648,-4.462887957753347,-4.290376680660534,-117.98939899158562
292.0,-0.34376835481748724,0.010242188880330993,-1.5707922858467314,-2.0012851352853334,-4.477555326415419,-4.3083702894135945,-118.53388445991554
293.0,-0.3426975006307023,0.010431640155422962,-1.570818807858688,-2.019244053810337,-4.494657258885364,-4.326895492095019,-119.08016294364154
294.0,-0.33913083285716816,0.010530965281257005,-1.570863623576296,-2.0330739441666994,-4.508891570016942,-4.340240041325686,-119.62874584907661
295.0,-0.3351032543430588,0.0105775711237767,-1.5709059744695684,-2.0463375805038306,-4.525797041193567,-4.355408580671874,-120.18001150151237
296.0,-0.33659471602739155,0.010509221171851256,-1.5710319862683224,-2.0481087914150877,-4.543874256812623,-4.372740580086112,-120.7325090141403
297.0,-0.3384098457065847,0.010584549852647139,-1.570983146824487,-2.0582806514101635,-4.562431854456432,-4.3909916389271295,-121.28600352403396
298.0,-0.3393571348230209,0.010626168873064413,-1.570968614377538,-2.0711769942702647,-4.581190307645017,-4.4096232996177225,-121.84077952662118
299.0,-0.3387893441860158,0.010659499656034981,-1.5709536734257394,-2.0875618075386324,-4.592898438834594,-4.428412315903843,-122.39671788167803
300.0,-0.33761364602651195,0.010661100695929118,-1.5709659561818587,-2.1054337774563723,-4.606264554714845,-4.447266391437091,-122.95412790587781
301.0,-0.33472455949026286,0.010655547841711471,-1.570991056594594,-2.1137367241711478,-4.620875766845033,-4.466147352697937,-123.51358618069003
302.0,-0.33151097255204487,0.010658460984641667,-1.5709854108358348,-2.12622020961666,-4.637970381867164,-4.485039458128711,-124.07539875422634
303.0,-0.3347850138024762,0.010571221528603632,-1.571064791855762,-2.1424557714624424,-4.65612608351287,-4.498020568880096,-124.63782934945009
304.0,-0.3362858006523347,0.010616864804518138,-1.5710296368698429,-2.155438580290306,-4.67439424823152,-4.514372521052784,-125.20117080721562
305.0,-0.3372335570112033,0.010628408778844751,-1.5710177390966902,-2.171815049492626,-4.683097919856723,-4.532216446735839,-125.76489952620184
306.0,-0.3361684556722438,0.010652134553719833,-1.570998190602023,-2.1896778682459836,-4.697748013564868,-4.545763895015689,-126.32999177525745
307.0,-0.33293042592749267,0.010652938045379527,-1.5710098209229775,-2.201049789099147,-4.710867191955628,-4.562367135522822,-126.89703906810306
308.0,-0.3276575818821393,0.010668147431016912,-1.5709883515826055,-2.21674995777,-4.727309847630429,-4.580315378127269,-127.46687805766186
309.0,-0.32946987295542685,0.010553383468855843,-1.571093832960341,-2.2343535646511277,-4.742974348988492,-4.598821904450119,-128.03747613099594
310.0,-0.33679133780355797,0.010511513999356363,-1.571130563050446,-2.2527167541568973,-4.760498028870144,-4.617559165290848,-128.60713259237224
311.0,-0.3439858629071218,0.010551936434921807,-1.5710959917034863,-2.2704835782007167,-4.778524144513654,-4.636391794015325,-129.17575620546086
312.0,-0.3449706297091187,0.010646954358365416,-1.57101101441895,-2.288894550648252,-4.79614706250831,-4.654084026749715,-129.74508641056178
313.0,-0.34440689345223513,0.010636865842601142,-1.5710241955591349,-2.307607383099572,-4.814505136432228,-4.665159085085297,-130.3157808845841
314.0,-0.3496383498628637,0.010541113868020351,-1.571114807988346,-2.324946973208094,-4.833182443329647,-4.680736812563076,-130.88618794746833
315.0,-0.3500851230733496,0.010624692155391652,-1.5710348849461682,-2.343159033830873,-4.8519867359804305,-4.685464772161464,-131.4574768175849
316.0,-0.3481059759861891,0.010624159513508813,-1.5710500257129485,-2.3540046113920376,-4.8698492217374625,-4.697319006779649,-132.03052866768306
317.0,-0.3522550831003371,0.010524820531768456,-1.5711370875326947,-2.36315551485785,-4.888305127042225,-4.712085960391271,-132.60362852337778
318.0,-0.3574052263781559,0.010543307858957653,-1.571102691302418,-2.3779300815446294,-4.899646184379077,-4.723660313372526,-133.175708910937
319.0,-0.3599729668747544,0.010587594983750214,-1.5710612951343867,-2.395130540723006,-4.915333914810122,-4.735937448510207,-133.74775235298398
320.0,-0.3671828374425282,0.010519059389345302,-1.5711270957622014,-2.412913607554216,-4.92595434321786,-4.7520372840362874,-134.3181065961274
321.0,-0.37107801748691327,0.010581205383132022,-1.5710846130262608,-2.422821467160884,-4.9413390091050005,-4.7650888417098045,-134.8879858394851
322.0,-0.37079176743907255,0.010623887746748087,-1.5710331391947752,-2.437944714735598,-4.958786595214153,-4.7814909118657045,-135.4588056682864
323.0,-0.36866683230149055,0.010614653110459,-1.5710583156921072,-2.4444275119157224,-4.977086986294331,-4.799356144013482,-136.0314089194226
324.0,-0.3695639250009746,0.010554991306639162,-1.5710933464739407,-2.4581892715606375,-4.99553204888374,-4.817828303067619,-136.60480571430918
325.0,-0.3655943231294477,0.010619515718223754,-1.5710362276254553,-2.471820298065624,-5.010771189994265,-4.836551311545243,-137.1801553402503
326.0,-0.3591284613476681,0.010619515197842957,-1.5710344585758609,-2.4884969673794206,-5.020721887874317,-4.854324222805633,-137.75798995284023
327.0,-0.35057079482323333,0.010617840713529994,-1.5710437465747422,-2.5040111732144026,-5.035842367732915,-4.872740243776076,-138.33933726229137
328.0,-0.3500952612831944,0.010484924448631526,-1.5711731412137864,-2.5165863332293443,-5.046682998700146,-4.891439739766782,-138.92156427636021
329.0,-0.35170988786819163,0.010488653794706882,-1.5711580658936999,-2.5327770040145254,-5.059007397960946,-4.910256695283179,-139.50377055145688
330.0,-0.3573380794845087,0.010458237054291218,-1.5711933975521148,-2.5466610637629103,-5.075136464113635,-4.929122357465508,-140.08494820096638
331.0,-0.3646142195610498,0.010474380106058119,-1.571182247522791,-2.5572610105007425,-5.089838022420416,-4.940085755753206,-140.66442131118092
332.0,-0.369896311285421,0.010525637045928644,-1.5711315633592724,-2.5676887095890746,-5.105767401850094,-4.946318469287438,-141.24282884980997
333.0,-0.3690054627608862,0.010602789036775707,-1.5710495624727796,-2.583001872894365,-5.117845190488522,-4.959520283540366,-141.82183248862114
334.0,-0.36910127284514566,0.010556575985045365,-1.5710998358090298,-2.5974597086822104,-5.133832215871149,-4.973084491075193,-142.40153329249884
335.0,-0.3732704783375648,0.010496886832385323,-1.571148085674021,-2.614474866547428,-5.1346289149888396,-4.979268367245656,-142.9796342535015
336.0,-0.3775425062070187,0.010514167130703477,-1.5711441949973834,-2.6274324178887825,-5.141164457867987,-4.992898296208309,-143.55635550266
337.0,-0.3823520606997508,0.01051058381039037,-1.5711393577799684,-2.6437856659436956,-5.154873275180457,-5.009619317831104,-144.13187981256095
338.0,-0.3860790762249792,0.01053874044061715,-1.5711485551875926,-2.6426762649375997,-5.171627604585258,-5.024475446188719,-144.70709345556685
339.0,-0.38943351284382827,0.010530811136302562,-1.5711154606866393,-2.653374546917115,-5.1896423892393395,-5.037742349619243,-145.28195102650693
340.0,-0.39089836574699927,0.01054806881785349,-1.5710921139943836,-2.6689014458181903,-5.208093204921576,-5.054245428296681,-145.85695538157555
341.0,-0.3860190712380658,0.0106128389751143,-1.571035989382092,-2.6864127508924778,-5.221725532195107,-5.068746788768958,-146.43388402905418
342.0,-0.3809874360674086,0.010571442985774355,-1.5710818533121504,-2.704749869727931,-5.238363122696116,-5.085770223149679,-147.01311286540505
343.0,-0.3812273699632642,0.010484518099592787,-1.5711643991547057,-2.723422637441809,-5.241281806907237,-5.1038929144078455,-147.59213613816917
344.0,-0.3830389079573202,0.010482846666982827,-1.5711725189331796,-2.740723002920874,-5.24820240963038,-5.122471429544498,-148.17048560932383
345.0,-0.3828161053577471,0.010528938526367425,-1.5711550968307917,-2.746539557544339,-5.257829115898378,-5.137687159496942,-148.7492385267973
346.0,-0.38359342994255297,0.010505501502758308,-1.5711631105647383,-2.7535870194152277,-5.2728265904263605,-5.151945191190236,-149.3284073172374
347.0,-0.3861163639139207,0.010480007311373895,-1.5711638024874504,-2.7675165585186017,-5.289251504769849,-5.159790784924493,-149.90727761338871
348.0,-0.39000233409132434,0.010473157232704255,-1.5711668788313309,-2.784372802686086,-5.305323038245388,-5.174077815453841,-150.48523171644786
349.0,-0.38930223676630243,0.010542343097683945,-1.5711074004963896,-2.8024302186813155,-5.323021524425476,-5.191069618300477,-151.06379254777545
350.0,-0.38809808139304774,0.010528782817927119,-1.5711268617177425,-2.8205575011855943,-5.3414258928665115,-5.2045445038347875,-151.64330739819655
351.0,-0.3854746907102835,0.010536292624107328,-1.5711218542687264,-2.839131127608735,-5.355801002603999,-5.221122504919792,-152.22401866343924
352.0,-0.38450868556819506,0.010446041954172848,-1.5694843543418024,-2.8565885379132148,-5.372757480329456,-5.239060489669693,-152.80525355337443
353.0,-0.3841870900470569,0.010544700168381051,-1.569977750724006,-2.8719240444350214,-5.387060512350868,-5.25756263360172,-153.38701102741652
354.0,-0.3789347374437163,0.010581958923547703,-1.5703159867710625,-2.889304009464773,-5.401008789575729,-5.27135034403303,-153.9709186360637
355.0,-0.3745847143081029,0.010537189378161923,-1.5706227043599024,-2.9026079179179542,-5.4141776747918575,-5.285875583184802,-154.55686821236185
356.0,-0.3719245214661388,0.010496864956514359,-1.5708173198011979,-2.919105302993138,-5.430646993217757,-5.30292755369261,-155.14429389927923
357.0,-0.37112455738663774,0.010168646166295588,-1.5709436241368178,-2.932692806460605,-5.447225244125907,-5.316932838055645,-155.7326291041113
358.0,-0.3720809274763919,0.010197210242122456,-1.571046852849236,-2.9493174630233563,-5.462275562971835,-5.33258970367289,-156.32098410137655
359.0,-0.3753658251257415,0.010282757107801183,-1.5711099263766846,-2.9622349552709877,-5.479534982095461,-5.350127446993368,-156.90866727167227
360.0,-0.38047208218296935,0.01035531819736192,-1.5711460440323701,-2.965366681714214,-5.4977563710222155,-5.36451571991433,-157.4952855640024
361.0,-0.3840384681158862,0.010410228425733026,-1.571117594297122,-2.9777867327206797,-5.516375614132446,-5.381482969585224,-158.08108918769196
362.0,-0.389848686591922,0.010405978047356153,-1.571152149104813,-2.994022383810545,-5.531152501388369,-5.3970788110678205,-158.6650243255094
363.0,-0.3920423306102987,0.010491395638139512,-1.5711112838730357,-3.0076274710166255,-5.544537168091917,-5.410247872938284,-159.24826821779055
364.0,-0.39885675999071524,0.010441731365072019,-1.5711830070751485,-3.0175126652612376,-5.558826496334936,-5.420737824469351,-159.8294452884844
365.0,-0.4061506476624465,0.010456255740667202,-1.571162428697707,-3.032602342056248,-5.575780619906935,-5.432581392122592,-160.40817534927388
366.0,-0.4124840135831194,0.0104819360169824,-1.5711457723265816,-3.0489372863631163,-5.583684632733847,-5.448502127823749,-160.98433705200455
367.0,-0.41358212718581705,0.010547983513707015,-1.5710927538031036,-3.0667632495734556,-5.593465209391354,-5.466168789214348,-161.55984627336736
368.0,-0.4153053199983169,0.010533826846444092,-1.5711349971957655,-3.076019375637799,-5.604239757965674,-5.484558925423641,-162.13493925704427
369.0,-0.41849995817471136,0.010493848219911102,-1.5711522495468049,-3.090854579221655,-5.617290094398223,-5.4978791771009,-162.70898345774947
370.0,-0.41634504592224697,0.010556524934988511,-1.5710934847717188,-3.108082605618406,-5.633728922091891,-5.514380739081126,-163.28393638686032
371.0,-0.40958078471618514,0.01060840243552127,-1.5710796628179147,-3.113433205728308,-5.651612220983462,-5.532286806052286,-163.86207365055026
372.0,-0.40112665240348994,0.01056656233318052,-1.571088873069989,-3.126753152669945,-5.670094181676393,-5.544753462162614,-164.4439544540685
373.0,-0.3920889416852271,0.01054132592901546,-1.5711070504086704,-3.1433574701588376,-5.688820826224307,-5.560891058975814,-165.02974492660894
374.0,-0.38601745143874255,0.010504388782769407,-1.57116183591743,-3.1537307228641334,-5.707649556704744,-5.578646330709803,-165.61855537764296
375.0,-0.3763946047511155,0.010554234194946704,-1.5711170691774348,-3.1614283273217776,-5.726518271750637,-5.591732324081602,-166.21167760004946
376.0,-0.36952536329656915,0.010478223389993045,-1.5711643286232626,-3.1756350024448805,-5.734734551101891,-5.608137591359814,-166.80760797192866
377.0,-0.36759011133493874,0.010424755908261968,-1.5712117155598844,-3.192604767376401,-5.744476078444508,-5.626003857315962,-167.4043824072164
378.0,-0.36855031800622473,0.010421996671847712,-1.5712185030447863,-3.2107109605725057,-5.758900948437309,-5.644476415204474,-168.00094940774113
379.0,-0.3729641642921147,0.01043508742512772,-1.5712314220898607,-3.220381076648549,-5.775941275200047,-5.663199670464851,-168.59629067354732
380.0,-0.37705612605533056,0.010454721482378802,-1.571192417225019,-3.235412248948487,-5.7940726281032,-5.679845762348795,-169.19032880738658
381.0,-0.3765706362506666,0.01052578116651047,-1.5711303283782176,-3.250388662144635,-5.812653436226127,-5.691273360453962,-169.78479909957403
382.0,-0.3774836021199949,0.010490207616263604,-1.5711591010683614,-3.2676235351254004,-5.831285425092109,-5.700195992469376,-170.37926186722243
383.0,-0.37763633415757114,0.010505330542783268,-1.5711454881136726,-3.2858392570001276,-5.8495578272542295,-5.712973552732554,-170.97387984428204
384.0,-0.3822458712477748,0.010453809996550515,-1.5711948000419689,-3.3044539532635424,-5.868191115710932,-5.7266060170134345,-171.56700161553138
385.0,-0.3805278321251326,0.010565195170804873,-1.5711043930021487,-3.3191407063762055,-5.886280478021451,-5.73836234387373,-172.16093090957315
386.0,-0.38293849573532834,0.010494273183193036,-1.571172531775357,-3.330992493438092,-5.897763560740003,-5.754223843112693,-172.75416319507406
387.0,-0.383093529784709,0.010486705612460179,-1.5699535705501124,-3.346892357201531,-5.913502597491682,-5.766671358060027,-173.34723074679394
388.0,-0.37720798942451267,0.010619263207813168,-1.5702452818942478,-3.3608269179369956,-5.926759301883229,-5.776064966138692,-173.942707721636
389.0,-0.3746163309463984,0.010526043144975052,-1.5705903822029454,-3.377054771213973,-5.9399967541057705,-5.79094777430881,-174.53948758800095
390.0,-0.37133839324861334,0.010550542391068366,-1.570761354363954,-3.3871915786592766,-5.956498628486355,-5.80818470620778,-175.13794695211047
391.0,-0.3716055167456555,0.010478221106855815,-1.5709280300843378,-3.4023905459775428,-5.974409974447472,-5.819701345123395,-175.73669665285564
392.0,-0.37690670139887655,0.01043377367667987,-1.5710435450318831,-3.4197664621938406,-5.992901124245359,-5.835449113945883,-176.33362841629307
393.0,-0.3788876049381903,0.010507496819796978,-1.571030835756631,-3.438045247587801,-6.011629217698596,-5.853043261424819,-176.92982464375692
394.0,-0.3784295555234469,0.010534421761529548,-1.5710453465508727,-3.4566861538701366,-6.027035964486271,-5.870302678404909,-177.52621535358227
395.0,-0.37221243395350206,0.01055144555065751,-1.5710147002353352,-3.47484747344957,-6.044432740449739,-5.8885056073038236,-178.12514751883685
396.0,-0.36465403187586076,0.010545987538041264,-1.5710498586815809,-3.4910238565340315,-6.0505977203584065,-5.905675652146066,-178.726982587313
397.0,-0.36114083511444034,0.010511108693014203,-1.5711179710817031,-3.5013870083889933,-6.060943765537801,-5.918545261340185,-179.33045815735642
398.0,-0.3601830331143529,0.010486378296858726,-1.571141810596404,-3.5141382481987713,-6.076254012181214,-5.934861158171861,-179.93457240845802
399.0,-0.3598089542196876,0.010487129063145048,-1.571139753798117,-3.5304573119940854,-6.093542328114384,-5.947042865539929,-180.53900565763092
400.0,-0.3625733652343617,0.010500751641713702,-1.5711599171130535,-3.535462207246209,-6.108644596223113,-5.963069014998874,-181.14273695115457
401.0,-0.36535765864046965,0.0085712819191727,-1.5710774994837027,-3.540369128938052,-6.117267113100401,-5.97950845664643,-181.74575628560802
402.0,-0.36753514443210455,0.00888537273349854,-1.5709093190679386,-3.546777452427788,-6.1318677561575505,-5.997369518632664,-182.34811289339584
403.0,-0.3670040239633488,0.00948243074276177,-1.5709363870930297,-3.55887324792274,-6.1489887547904605,-6.006515909585301,-182.9507505443444
404.0,-0.3644026672458093,0.009888685891836363,-1.5709713399202025,-3.5646714322232724,-6.167153859049992,-6.021337514729063,-183.55475733601165
405.0,-0.36407462422417003,0.010061142480496228,-1.5710459200263374,-3.5781334093483443,-6.185752755531564,-6.037741767874147,-184.15916075829062
406.0,-0.3623341989904628,0.010261981492647848,-1.571045939042691,-3.58503628181907,-6.190932758176463,-6.0544386607736955,-184.76418869855348
407.0,-0.36645437710367873,0.010271000018818477,-1.571130844253304,-3.5989399181067236,-6.204202514262081,-6.0724076629040455,-185.3677049387543
408.0,-0.3690026938145933,0.010282544552078979,-1.5672199761541383,-3.6126233604958897,-6.220303105695557,-6.090922284776974,-185.96957137886383
409.0,-0.36620784454056654,0.010584092546388195,-1.5683242867590226,-3.6293232058315263,-6.230840755868855,-6.106968060672762,-186.57244120565892
410.0,-0.35795978849275734,0.010629521968322357,-1.5692012430645559,-3.6432466630936817,-6.246198632673719,-6.123937597129443,-187.17881730074075
411.0,-0.35739928980951546,0.010504197089645593,-1.5699224331476433,-3.656355409529783,-6.263639771818756,-6.142026211263461,-187.78590232338541
412.0,-0.35780477686150924,0.010502743604012973,-1.5703154930525847,-3.672808741401137,-6.275205941584412,-6.160590388764701,-188.39277637095046
413.0,-0.3577110393261108,0.010518016952893642,-1.5705722209024109,-3.6907008216868107,-6.279883400458786,-6.179351554858343,-188.99939677568963
414.0,-0.3597255312767387,0.010513059210635832,-1.5707658755776415,-3.707107462668726,-6.281805339015804,-6.1928205804486325,-189.604900260437
415.0,-0.3593199283074312,0.010556332645018596,-1.5708457268531941,-3.7249440812972567,-6.282593097065602,-6.209383559575058,-190.2100707093735
416.0,-0.3603928827631931,0.010563768990209945,-1.5709383196879663,-3.735873989901746,-6.282918094714673,-6.2185367670290495,-190.81456834301434
417.0,-0.3631398498574469,0.010534477936177991,-1.5710023549790888,-3.751396963988742,-6.283052160402926,-6.226026946048188,-191.41756453286007
418.0,-0.36348630883973376,0.0105933243157342,-1.5709959270192997,-3.7623519773795944,-6.283105580572738,-6.23951969440567,-192.0200388650829
419.0,-0.36596654344844537,0.01056429835440811,-1.5710453542600937,-3.771984403609418,-6.283129928002503,-6.25617179677785,-192.62128610245517
420.0,-0.37342026615513696,0.010501981048095023,-1.5711005383624332,-3.7869538149112962,-6.283140818374546,-6.271090921597054,-193.2191338902687
421.0,-0.3789705760438481,0.0105553065743248,-1.5710603762354123,-3.8040318081975433,-6.283142387189847,-6.273340020599077,-193.81408482754114
422.0,-0.38015749594279213,0.010611343024595057,-1.5710195934241695,-3.822176213849834,-6.283142776732065,-6.279226599773365,-194.40788887037127
423.0,-0.37486897050161566,0.010698561274065066,-1.5709654150930863,-3.8325166185839548,-6.283142453836667,-6.281556896764282,-195.0034326731119
424.0,-0.3648326737123875,0.010691077030885076,-1.5709604246919167,-3.847802597492043,-6.283144457426396,-6.282516575120029,-195.6026629857312
425.0,-0.35693031855126633,0.010655048779399545,-1.571011974187332,-3.8557322269264906,-6.283147550511692,-6.282910778527421,-196.20506421704724
426.0,-0.355582596509536,0.010544995729066876,-1.5710941964869638,-3.8694595892947934,-6.281309003989977,-6.283072688261064,-196.8077668616067
427.0,-0.35429269650079764,0.01056422994483785,-1.571072372821036,-3.8862300923341584,-6.28242271393079,-6.283139235530541,-197.41052087085356
428.0,-0.3555305609319271,0.010548769773757806,-1.5710886746207464,-3.9042447819391786,-6.282851393758961,-6.283166603310031,-198.01229322071927
429.0,-0.3623814747116256,0.01053424983477054,-1.5711133125805998,-3.917690682830943,-6.283028674848574,-6.2831778162170755,-198.61087890071786
430.0,-0.36312505003767076,0.010631946332623337,-1.5710174724402242,-3.9331190632774495,-6.283096871507703,-6.283182429086735,-199.20846884026122
431.0,-0.3637869772677007,0.010663096219348158,-1.5710155392149907,-3.9348856579136426,-6.283127888039781,-6.28318438972684,-199.80572376330676
432.0,-0.3619593080813246,0.01063991057291026,-1.571005215475271,-3.9467825063032436,-6.2831412491011305,-6.283185014566084,-200.40333191642574
433.0,-0.3644478970433762,0.010579741366166203,-1.5710585430468345,-3.960163414484564,-6.283149225527945,-6.283185352710911,-200.99958765803004
434.0,-0.37032213116313933,0.010585728934366713,-1.5710627344899648,-3.9681883685089425,-6.283151128192712,-6.283185512177326,-201.59312992046625
435.0,-0.3749957501267979,0.010631131879153492,-1.5710244559617061,-3.9719263663251927,-6.283150332530098,-6.283185558926146,-202.1844882029734
436.0,-0.3800384636009358,0.010013787688431775,-1.5710092260884065,-3.977809384103453,-6.283151376877407,-6.283185490395261,-202.77358487195076
437.0,-0.3823801083125878,0.010124932551066286,-1.5710158697071401,-3.9900987499316294,-6.283151594497498,-6.283185537428741,-203.36119410218117
438.0,-0.3867675879948747,0.010266688625160003,-1.5710377515432474,-4.006250295145266,-6.283153104440382,-6.283185592083126,-203.94641525675294
439.0,-0.38612048666404597,0.010491370903628009,-1.5709585982359342,-4.0116607130614295,-6.283149530158197,-6.283185651865121,-204.53153185526793
440.0,-0.38826782072256183,0.010522797490779065,-1.5710023081261977,-4.010781157802615,-6.283153349385021,-6.283185622081759,-205.11583873746784
441.0,-0.38491340231380966,0.010615331548134656,-1.5709476970276548,-4.012258235948026,-6.283151328480483,-6.283185499592663,-205.70136925433786
442.0,-0.3807014526688191,0.010588407039127131,-1.570980323174853,-4.023935727183255,-6.283153859193523,-6.283185491806793,-206.28834180270664
443.0,-0.3819575207074558,0.010546288164885578,-1.571041450609823,-4.036680035178462,-6.283156644714378,-6.283185542284641,-206.87448735059874
444.0,-0.38346980409500314,0.010576221546479043,-1.5710236532062865,-4.05299290528033,-6.283154864360799,-6.283185604979247,-207.45939266009213
445.0,-0.3834719606271703,0.010617275474204301,-1.5709983933555365,-4.07082644383492,-6.2831538775608164,-6.283185645178127,-208.04362475079537
446.0,-0.38336661499816493,0.01065594119015586,-1.570984914647269,-4.082112140197586,-6.2831543624957344,-6.2831856360257134,-208.6274878217015
447.0,-0.3850740064376872,0.010625441415572286,-1.5710059444875613,-4.097767923070893,-6.28315630616502,-6.283185639987005,-209.21010640319392
448.0,-0.3863321965816795,0.0106746739912616,-1.5709771971943132,-4.1055050545611795,-6.283155371384855,-6.283185645564451,-209.79185423157753
449.0,-0.3857765620224753,0.010669922789327609,-1.5709676394047791,-4.119753737070913,-6.283155861552767,-6.28318560242458,-210.37329337380126
450.0,-0.38828018328181113,0.010634055428815757,-1.571000272505688,-4.135462788988905,-6.281440235386608,-6.283185624669262,-210.95309524131073
451.0,-0.3915703112573114,0.010669427803364882,-1.5709793710488968,-4.145137595503565,-6.282479986966722,-6.283185621507062,-211.5311167105866
452.0,-0.3938701834984643,0.010668719126619068,-1.570968371279853,-4.1601512667510585,-6.282879158306461,-6.283185617690519,-212.10755900704942
453.0,-0.3988908662297429,0.01065501986041569,-1.5709850573276447,-4.173426084757297,-6.283045170798779,-6.283185610904198,-212.6813636604691
454.0,-0.40150569990400087,0.010709866146123053,-1.5709387379954909,-4.183625279764954,-6.2831106036615685,-6.283185594838824,-213.25352945390512
455.0,-0.39876879596393966,0.010746300195318014,-1.5708981643814781,-4.197649031362799,-6.28313731839403,-6.283185602583953,-213.82623681938975
456.0,-0.4020012073959794,0.010675653383837155,-1.570970050840858,-4.207433198353007,-6.283154422192472,-6.283185598918354,-214.39731929790554
457.0,-0.40396940496327255,0.010705953254718563,-1.570739043359231,-4.216145593353642,-6.283156967256201,-6.2831855712430285,-214.96708733905263
458.0,-0.40463878724201635,0.010712022391180874,-1.5707937804988694,-4.228837546052005,-6.283159163664908,-6.283185573640246,-215.53604577316733
459.0,-0.40105640873498766,0.010749647335580363,-1.5708016585249547,-4.243721159957551,-6.283158676529497,-6.283185599026033,-216.1059108035451
460.0,-0.39570790940941025,0.010746149206271942,-1.5708340213091152,-4.260928426422131,-6.28316059033882,-6.283185638086379,-216.67747494203851
461.0,-0.3861631187453936,0.010782549323268097,-1.5708218500823437,-4.279133683385816,-6.283160193987954,-6.283185664635354,-217.25250453575586
462.0,-0.3847329263922698,0.009058051085068224,-1.570887164408826,-4.297724296071813,-6.283166341162134,-6.283185666638582,-217.82787697522718
463.0,-0.3855744256259459,0.009358256805838261,-1.570957592022669,-4.306276629548839,-6.283166927540364,-6.283185719746412,-218.4025390327633
464.0,-0.38697209372771557,0.009835482578960067,-1.5709368868705973,-4.314347044143577,-6.283166094489815,-6.2831855967401795,-218.9762080736731
465.0,-0.38795570271592295,0.010166501780122315,-1.5709112937596676,-4.31875809489491,-6.283165226621702,-6.283185591639992,-219.5492008461777
466.0,-0.3912068315000285,0.010317784420682164,-1.570938756893579,-4.331642392396307,-6.283167393039702,-6.283185553507742,-220.12027701063667
467.0,-0.39501981393549146,0.0104582073172722,-1.570925186487563,-4.3480694136116345,-6.283166550979932,-6.2831855995062345,-220.68896082024156
468.0,-0.40231001633258073,0.01052773740633307,-1.570939166308516,-4.365940921247998,-6.283168047205597,-6.283185648240532,-221.25369156675154
469.0,-0.4083526738426502,0.01063459738986192,-1.5708937235431342,-4.383684348475762,-6.2831658505253305,-6.279683805313687,-221.81486532728482
470.0,-0.4134690648826807,0.010723449863505628,-1.570858343861526,-4.390551933694032,-6.283165655410824,-6.276624361575238,-222.37335853855663
471.0,-0.41417607629889297,0.01077428055690124,-1.5708254666404455,-4.401304423907952,-6.283165303893614,-6.28057965544799,-222.93095646088568
472.0,-0.41977443258250596,0.010705638449578017,-1.5708957554007659,-4.4167618618537325,-6.283170965575888,-6.282112637004453,-223.48550410340764
473.0,-0.42155912663536954,0.010776780880770474,-1.570837977872381,-4.434265950741571,-6.283167166471876,-6.28274491345425,-224.03834150627546
474.0,-0.4184004523722819,0.010847499400759275,-1.570789173353554,-4.444819910262316,-6.283166379126428,-6.2830045748363545,-224.592046862417
475.0,-0.4145118449886404,0.010831646678298182,-1.5708073977327095,-4.454348329326968,-6.283169763437712,-6.2831112005944165,-225.14715007187468
476.0,-0.41312057265321445,0.010788004913390967,-1.5708465971970134,-4.464710256631597,-6.2831729510308625,-6.283155014267937,-225.70254129928747
477.0,-0.41743106481102876,0.01077140558757408,-1.5708740740087301,-4.460083599085778,-6.283174727337762,-6.283173099371706,-226.25625425119466
478.0,-0.4167712454818156,0.01081044237566115,-1.570825151943972,-4.464495259312121,-6.283170980380525,-6.283180289561739,-226.809930611319
479.0,-0.4099902438919865,0.010846154195182898,-1.570789483299474,-4.474294033969541,-6.283169622073378,-6.283183362329615,-227.36620052617704
480.0,-0.4097035733570135,0.010738444321953717,-1.5702351604758666,-4.483356127184606,-6.283176644485944,-6.28318465156453,-227.92236388388304
481.0,-0.4160101748395345,0.010718238918751396,-1.5704702515392261,-4.496255922361519,-6.283177450390255,-6.283185198906603,-228.47522474861063
482.0,-0.42004438945624023,0.010773753810204909,-1.5705607840075615,-4.512664354384777,-6.283172932254469,-6.2831854615333,-229.02542299649517
483.0,-0.4198143809328447,0.010854888552547228,-1.570593804154601,-4.51900138986365,-6.283170644695103,-6.283185593133631,-229.57533014377626
484.0,-0.42137952560617575,0.010802321316551913,-1.5707006656105904,-4.530797933351921,-6.283175156968759,-6.283185552498306,-230.1240910928272
485.0,-0.4242159590562488,0.01080781428935719,-1.5707402376125488,-4.539068410677863,-6.2831754938812345,-6.283185568643937,-230.6711833515988
486.0,-0.4254060337838369,0.010826542347986554,-1.57074953375113,-4.5493094489105514,-6.283174708263888,-6.2831855501528695,-231.21722286648873
487.0,-0.4238711474882145,0.010840045161284407,-1.5707532671714537,-4.564559233040293,-6.280208601848965,-6.28318559765663,-231.7631391269286
488.0,-0.42514811005541725,0.010830841947613306,-1.5707826984988889,-4.569806304850489,-6.282007473183728,-6.283185644168905,-232.30837065954833
489.0,-0.42663857146183654,0.010823921882512669,-1.5707923831615702,-4.578846771169882,-6.282696812395713,-6.283185542964195,-232.85253462958673
490.0,-0.4333218926073217,0.01077929018083676,-1.570838304134009,-4.586485800734235,-6.282983167932695,-6.283185551130661,-233.3933614809061
491.0,-0.44006342724548675,0.010805994519936852,-1.5708144660170098,-4.5959769860362645,-6.2830971760119825,-6.283185536456538,-233.9305440475788
492.0,-0.4418204025287373,0.010872752288682088,-1.5707570343557102,-4.605403307292795,-6.2831418559381165,-6.283185535641344,-234.46631706462694
493.0,-0.4391517110263686,0.010919877507715297,-1.5707212737552685,-4.607194532408939,-6.283161089214724,-6.283185611448179,-235.0031558561427
494.0,-0.4402804418647778,0.010825132586741617,-1.570802137932553,-4.6190359220616655,-6.28317549157203,-6.283185532454363,-235.5390897213289
495.0,-0.4372141377267102,0.010892725631303984,-1.570742397759658,-4.627662277703073,-6.283174815118958,-6.2831855464756154,-236.07594300601593
496.0,-0.43371247074139513,0.010880902898793652,-1.5707559795547221,-4.634654730221288,-6.2831785271076,-6.283185550496129,-236.61417159005387
497.0,-0.42891807867768006,0.01084733639217978,-1.569291683262359,-4.640371496476105,-6.283179813940942,-6.283185561212284,-237.15422597832443
498.0,-0.42772728579361474,0.01079757419604898,-1.567536859130705,-4.650253910363535,-6.283183383937883,-6.283185531745423,-237.6943149510725
499.0,-0.42762114708066834,0.010905909190000389,-1.5685465284070501,-4.658710725488934,-6.283181164530391,-6.283185503302905,-238.2341984428644
500.0,-0.4308606965870995,0.010852730860595333,-1.569314978556965,-4.6657303364411895,-6.283183525906383,-6.283185543175022,-238.77241514694538
501.0,-0.4303139601525045,0.010893537634186538,-1.5697585101559142,-4.674212498268248,-6.283180159946538,-6.283185522319067,-239.31045768038317
502.0,-0.4269440198343627,0.01089360308183927,-1.5700809229749275,-4.688706606113777,-6.283180673427913,-6.283185575623967,-239.84948719586876
503.0,-0.4279977246172609,0.010863207345430753,-1.5703308310219666,-4.690125381628674,-6.283184143538286,-6.283185676064748,-240.38809524875504
504.0,-0.4269528934445154,0.010879586774858079,-1.5704569022610968,-4.69848304075817,-6.283182660962446,-6.2831855161643535,-240.9267903569667
505.0,-0.42617404154038546,0.010870685667888891,-1.5705629170488575,-4.707879206823543,-6.283183928659345,-6.283185522915099,-241.4654918803519
506.0,-0.4222711807394716,0.010916973978864077,-1.5705872513432004,-4.712925216616981,-6.283181899053585,-6.283185571071773,-242.00576702131363
507.0,-0.41822960310364526,0.010893755212981849,-1.5706515870234192,-4.722417696440883,-6.283184422613392,-6.283185522142693,-242.54762776155175
508.0,-0.41736964040734864,0.010875223601964197,-1.5706999060022602,-4.722948428889185,-6.283186128381231,-6.283185617934792,-243.0899667501085
509.0,-0.4227696825609972,0.010810485935147933,-1.5707753576703514,-4.72776966223816,-6.283185492973096,-6.283185486625211,-243.6296634869211
510.0,-0.4328918014548614,0.010807794784049465,-1.570788982365444,-4.729256886735294,-6.283186569843264,-6.283185545573435,-244.16447645832
511.0,-0.44096595807664396,0.010856450150547777,-1.5707509710852752,-4.737343356059646,-6.283183816998266,-6.283185474552438,-244.69492440450756
512.0,-0.44390056996234284,0.010914978840048826,-1.5707037437549247,-4.750193273366069,-6.283181526774927,-6.2831855299099795,-245.22322762315238
513.0,-0.4428611466658639,0.010964086664597764,-1.5706661603850554,-4.753719320391676,-6.283181358636687,-6.283185615307777,-245.75176212773053
514.0,-0.43766885859996046,0.010983932881717,-1.5706517333079772,-4.755407854125034,-6.2831824461580394,-6.283185552425637,-246.28264931419147
515.0,-0.4368376635393488,0.008285263552491966,-1.5706599760393447,-4.767186235824527,-6.283187687001869,-6.283185476235391,-246.8138049070725
516.0,-0.43907334329483305,0.008686710710561563,-1.5708088814092944,-4.7698397616138015,-6.283188586885883,-6.283185650128697,-247.3438045755882
517.0,-0.44185092818722094,0.00946715569027669,-1.5707669418139967,-4.766915639138405,-6.283187160243586,-6.283185600116465,-247.87249255791517
518.0,-0.4414108630376433,0.010006121527408552,-1.570717774765935,-4.7630133617330435,-6.283185208632307,-6.283185515798388,-248.40141867162012
519.0,-0.44382495557017426,0.010264629880212841,-1.5707684240767854,-4.770882330866361,-6.283187043554663,-6.283185426491593,-248.92891548462117
520.0,-0.4469610353204038,0.010495918477093783,-1.570744686213716,-4.774562541355849,-6.2831866181461615,-6.283185517452546,-249.45468314820536
521.0,-0.4490166394728411,0.010639342861750325,-1.5707356865257531,-4.786218550151159,-6.283186632438364,-6.283185506691037,-249.9788878284474
522.0,-0.4534186483951696,0.010706081010835679,-1.5707539986033747,-4.802106938328383,-6.283187287048279,-6.283185576781956,-250.5002890945286
523.0,-0.4519401587694564,0.010861658372769324,-1.5706640956259503,-4.811125675068381,-6.28318323969693,-6.2831856040277785,-251.02179170136307
524.0,-0.45572037128654985,0.01083256742306071,-1.5707266110921072,-4.81289743950202,-6.283189296218944,-6.283185632812626,-251.54153005141546
525.0,-0.4607469073509024,0.010866096516673624,-1.5707168475693825,-4.811041114142724,-6.283188834444535,-6.28318557892761,-252.0588644262779
526.0,-0.4597902632702555,0.010931853391483195,-1.5706719583761306,-4.819545359608871,-6.283186071325504,-6.2831854650379935,-252.57611455397222
527.0,-0.4614994373717058,0.01089586273739441,-1.570715148223327,-4.827701948228209,-6.283188144114669,-6.28318549790084,-253.09226274933633
528.0,-0.4637258417229196,0.010917160871323632,-1.5707004674777054,-4.829618770349007,-6.283188524730618,-6.283185582171318,-253.60720319803897
529.0,-0.4610943630119728,0.01096799250439079,-1.5706589292586146,-4.834343693902385,-6.2831868953939605,-6.283185488358261,-254.12308568491557
530.0,-0.45659963762008493,0.010955634167545568,-1.5706742704730785,-4.847311644238032,-6.283188968236393,-6.283185524758335,-254.64060285369956
531.0,-0.4518771273143001,0.0109479219478953,-1.5706821917637521,-4.8632409713238465,-6.283189425155221,-6.283185584701786,-255.15976752488058
532.0,-0.4542075378531298,0.010872657202961078,-1.570750365521366,-4.880887410755188,-6.283192699172622,-6.283185643597092,-255.67721729557354
533.0,-0.4587410016430752,0.010905307001501958,-1.5707161617251768,-4.887708141919948,-6.282987091555043,-6.283185680266705,-256.19209194284565
534.0,-0.4642235494511799,0.010631146835626114,-1.5706955123914998,-4.892902059791028,-6.283111426050885,-6.283185585131478,-256.7040319151708
535.0,-0.46249717160939796,0.010740772103014226,-1.5698930045719632,-4.900712217819439,-6.283155478298837,-6.283185531121199,-257.2161718595604
536.0,-0.46293390982920324,0.01081947045894601,-1.5701561939601643,-4.905350795663081,-6.2831792921331715,-6.283185550277551,-257.72800096117135
537.0,-0.4629819788815465,0.010874860941847647,-1.570318978545277,-4.909891929444769,-6.283187264900779,-6.283185524062118,-258.2395925671144
538.0,-0.4598750822353179,0.010939258444123913,-1.5704031985018947,-4.9110650144494015,-6.28318929351256,-6.283185548773007,-258.75260406394665
539.0,-0.4572725499812118,0.010939389904108521,-1.5704997714308295,-4.908705448236074,-6.283190704098186,-6.28318554593407,-259.2670648379073
540.0,-0.4574412815429868,0.010903725828037012,-1.5705980099871941,-4.916070371163766,-6.283190711744438,-6.283185445717859,-259.7812275217154
541.0,-0.4573683620035463,0.010928307294933154,-1.5706161559003342,-4.92531446003984,-6.283190315259845,-6.283185485741344,-260.2950039651782
542.0,-0.45959370974029307,0.010925147604373568,-1.5706449420920638,-4.927928637520853,-6.283191361767687,-6.283185581333062,-260.80760870613466
543.0,-0.461728236758522,0.010946418298092737,-1.570644000885752,-4.928483777712006,-6.283191824298003,-6.283185544104303,-261.3190925193603
544.0,-0.4634652215605561,0.010944073222397904,-1.5706621333213155,-4.939819487333551,-6.283190182823606,-6.283185497987132,-261.82921106096194
545.0,-0.4648875430738815,0.010959566419331117,-1.5706539034089542,-4.950700319875868,-6.283190179442569,-6.283185527060987,-262.3381181665043
546.0,-0.4627189900087223,0.011005356637274501,-1.5706163386258694,-4.960868699234859,-6.283190062585322,-6.2831855472256235,-262.84756070721096
547.0,-0.46378106467445,0.010962071713835944,-1.5706584343329495,-4.96763724717543,-6.283191942976041,-6.283185575992889,-263.3562872848996
548.0,-0.4627050421786653,0.010989718633343986,-1.5706370844135658,-4.98147622963154,-6.283190484441117,-6.283185572593057,-263.86488251870355
549.0,-0.4596029661650147,0.011010893904121945,-1.5706175145802308,-4.993434579419545,-6.283190513012819,-6.283185575702689,-264.3744864341319
550.0,-0.45885858014836384,0.009442751601468248,-1.5705833297423544,-4.994124758788713,-6.283190671488389,-6.283185644099223,-264.8846161703594
551.0,-0.4600231257736898,0.009659029723518276,-1.5706929158835035,-4.995207748943042,-6.283193202876821,-6.2831855688663625,-265.39416026058325
552.0,-0.46186218101827325,0.010119580748499928,-1.5706730723571207,-4.9950813707585,-6.283194045797108,-6.283185531586446,-265.90274091990653
553.0,-0.46293223877817957,0.0104401151419962,-1.570644229106545,-4.989300505740167,-6.2831909758248505,-6.28318555340091,-266.41095983365256
554.0,-0.4675935979535179,0.010468192499659574,-1.566994963784379,-4.998099501326716,-6.2831906216966305,-6.283185475686121,-266.9161336824999
555.0,-0.4677900572402745,0.010862077617333734,-1.5680445777395573,-5.012887497640161,-6.283189569447372,-6.283185464547688,-267.42048233838653
556.0,-0.4716340658332879,0.010863006398560568,-1.5689372385434974,-5.0224812851662275,-6.282492059466987,-6.283185556986158,-267.92265906000125
557.0,-0.47374016925991624,0.010932902141227935,-1.5694700208299937,-5.029679576962577,-6.282918213760008,-6.283185566908185,-268.42344053894544
558.0,-0.4715849896759856,0.010999712696457655,-1.5698103685705946,-5.031886126222659,-6.283081237937535,-6.283185591572566,-268.92515166151577
559.0,-0.4682503647194735,0.011005329672242438,-1.570077551987808,-5.033908440637291,-6.283151141554153,-6.283185530931808,-269.42850826321757
560.0,-0.46633748130843866,0.010993706452950731,-1.5702662967336027,-5.0271835536282,-6.283180498736065,-6.283185569248438,-269.93319238230475
561.0,-0.46599119834013397,0.010972426691072673,-1.570413428181027,-5.028322404535948,-6.283190649967415,-6.283185415854477,-270.4380800188193
562.0,-0.4684889852937061,0.010956033573661886,-1.5705075253128413,-5.026660016986887,-6.283192272252521,-6.283185501349397,-270.94184618211096
563.0,-0.46976423816073765,0.010978129535803278,-1.5705473844082594,-5.037122051931893,-6.283192339570688,-6.28318545560009,-271.4444818374206
564.0,-0.47541126097747816,0.010943229989391571,-1.5706109608355783,-5.047177023992375,-6.283192667018833,-6.2831855039118,-271.9439327299082
565.0,-0.48133785616000696,0.01098635001505501,-1.5705843968022888,-5.041404317359401,-6.283191853012456,-6.283185616276922,-272.4405353365824
566.0,-0.47976746038890805,0.011062984931645347,-1.5705425569658233,-5.048619625145596,-6.2831918314334585,-6.2831854540936405,-272.9374143698006
567.0,-0.4787519964467859,0.011033632113422589,-1.570577486478845,-5.05031832220482,-6.283193187525975,-6.283185542869486,-273.43479418583644
568.0,-0.4782196480619649,0.011022211861155934,-1.5705949977375149,-5.052415561284547,-6.283194109161745,-6.283185501871893,-273.93236752983864
569.0,-0.4733869387258646,0.011062022879963981,-1.5705657506303528,-5.058661545245406,-6.283191275892067,-6.283185452796462,-274.4320297555482
570.0,-0.4657924247275618,0.011078004945769781,-1.5705495569883854,-5.054393098981246,-6.283191716567411,-6.2831855890283235,-274.9357051767648
571.0,-0.4658423935857586,0.010971410919107555,-1.5706520464243867,-5.047850988812663,-6.283194658243774,-6.283185529785543,-275.4398958553378
572.0,-0.4688146281989998,0.010953845712621774,-1.5706758770168112,-5.054532961876432,-6.2831942850482,-6.283185405658309,-275.9423485599313
573.0,-0.47448357885642795,0.010951958976033316,-1.5706740173758968,-5.0603062396040785,-6.283194777599154,-6.283185478126549,-276.4417049409665
574.0,-0.47666714611384314,0.011021699022115,-1.570605878014376,-5.059050521022634,-6.283191407430442,-6.283185569565865,-276.93984245604383
575.0,-0.47551584787380097,0.011055733175817187,-1.570574963671451,-5.049952079962395,-6.283190916757345,-6.283185527706321,-277.4388617831638
576.0,-0.4760813791226879,0.01100924949088463,-1.5706272146382119,-5.050844245517054,-6.283191575125371,-6.283185378867545,-277.9376457416055
577.0,-0.47496317203502225,0.0110287797754677,-1.5706085735490274,-5.054113198411934,-6.283191913998044,-6.283185431302126,-278.4368018636041
578.0,-0.4783527525467926,0.0109702116949645,-1.5706626454263768,-5.061700198040145,-6.283192998867138,-6.283185451765056,-278.9340522317097
579.0,-0.47977797330341493,0.011013064391504436,-1.5706210085514027,-5.072574148221255,-6.283193976507313,-6.283185508040129,-279.43000987364843
580.0,-0.47852580168843534,0.011045547514686973,-1.5705861563195072,-5.077926678721645,-6.283193907602833,-6.283185571270556,-279.9263003174679
581.0,-0.4729257408267521,0.011082253106654977,-1.5705527329798084,-5.082188052953695,-6.283192877325138,-6.283185538369857,-280.4251764434467
582.0,-0.46551990426202733,0.011079167300134071,-1.5705549938062542,-5.082366203362506,-6.28319206536334,-6.283185559019207,-280.92783810291144
583.0,-0.46446395297727583,0.010985142069940891,-1.5706467919689835,-5.089505096653483,-6.283192800035039,-6.283185469912113,-281.43098444238535
584.0,-0.4691003757487981,0.010947685923036316,-1.5706776005000271,-5.098997214935885,-6.28319401903504,-6.283185505695574,-281.9314871860355
585.0,-0.47294054407085734,0.010994616306410491,-1.5706309002028926,-5.10775933043084,-6.283192763795097,-6.282602977134021,-282.42957180540714
586.0,-0.4788126908166822,0.010985024923409402,-1.5706430546238104,-5.122359544507265,-6.283193759693224,-6.282956511181778,-282.92407625137014
587.0,-0.483716719224742,0.011023841779357321,-1.5705996863244995,-5.132694215019063,-6.283193684577409,-6.28309119986244,-283.415532154097
588.0,-0.4862993280271667,0.011063098077732892,-1.5705529787056478,-5.126585471842684,-6.283193057641366,-6.283146880288116,-283.90579473788927
589.0,-0.48751660737968405,0.01106751804052722,-1.570556796923648,-5.1185378491312745,-6.2831373339807834,-6.283169627856191,-284.3957272784819
590.0,-0.48260369556461247,0.011114508086867167,-1.5705279409507746,-5.122869122285386,-6.283175409125079,-6.2831788385019856,-284.88786530433055
591.0,-0.4738398758808722,0.011125508304980563,-1.5705140568376634,-5.1215211944124475,-6.283190559827565,-6.283182828153134,-285.38452685354275
592.0,-0.46672713246773534,0.011076723235861397,-1.570557282164641,-5.1140425050124625,-6.28319122939653,-6.283184418554915,-285.88526645144884
593.0,-0.4616972001369791,0.01104230772129661,-1.5705915206366146,-5.104995759481527,-6.281714748261012,-6.283185027809024,-286.38899149534046
594.0,-0.46313385527649914,0.01097228200738549,-1.5706569880108001,-5.0936572372108895,-6.282287152072892,-6.283185247671193,-286.8926560426934
595.0,-0.46579500230181187,0.010985102936615417,-1.5706486237783563,-5.084454400124665,-6.282832432652611,-6.283185339218736,-287.39535138229235
596.0,-0.47323098245600176,0.010948939303656001,-1.5706838584934102,-5.077728855299639,-6.283053217608247,-6.283185371726994,-287.8946468335728
597.0,-0.48141255532804245,0.01097284267398986,-1.5706634978830527,-5.077828414487824,-6.283140859990418,-6.2831853470873185,-288.3897135821776
598.0,-0.49082265678849507,0.010986431506055154,-1.5706450713775229,-5.0728428885062655,-6.283176300314595,-6.28318549035728,-288.8801561801273
599.0,-0.4940048497199934,0.011059891483134385,-1.5705858287240466,-5.081378555614676,-6.283187914194805,-6.283185404799755,-289.36838777488225
600.0,-0.49894643677541045,0.011022592399680214,-1.5706153902667346,-5.090610752319861,-6.283191372125979,-6.283185469406652,-289.8537465299898
601.0,-0.5028568886523538,0.011041479781335121,-1.5705927217127404,-5.100313893423314,-6.283191928206176,-6.283185517029441,-290.3365961882016
602.0,-0.5050450023156106,0.011057051976263374,-1.570574710409505,-5.108320164281791,-6.28319199680325,-6.283185541942026,-290.817901242171
603.0,-0.5070953463841538,0.011053345180597227,-1.5705724245123478,-5.1086472892099275,-6.283193222867472,-6.283185611541659,-291.29811555747654
604.0,-0.5095733050135861,0.01103743491270366,-1.570595212219186,-5.118310059393699,-6.283195457925234,-6.279090514199054,-291.77664483063256
605.0,-0.5069470057606972,0.01109680522967936,-1.5705340669073886,-5.121442915751809,-6.283193837215237,-6.281575352106505,-292.2562170594909
606.0,-0.4995297524349964,0.011117738186564119,-1.5705239063267749,-5.133004734921995,-6.283194089059175,-6.282522069658289,-292.7390441910082
607.0,-0.48881711123792776,0.01112776893512326,-1.5705078822924596,-5.138532060525811,-6.283194307139221,-6.282913071105705,-293.22713661495186
608.0,-0.48217107584600216,0.011057455130499745,-1.5705658805865004,-5.131869230562454,-6.282967003897433,-6.283073655538934,-293.7191063541434
609.0,-0.47640800493871827,0.011050279690847452,-1.5705748744192534,-5.120197902419562,-6.283111427002183,-6.283139510517426,-294.214571908198
610.0,-0.4667363842935858,0.011086246941934911,-1.5705529276724877,-5.113448230062651,-6.283165020316306,-6.28316652048962,-294.71523476354207
611.0,-0.4600793074645848,0.011027537971238458,-1.5706144385640797,-5.112952799539842,-6.283190853628701,-6.283177611735961,-295.2195186480566
612.0,-0.4597923564441925,0.01096692464858398,-1.570665483606976,-5.11002782077577,-6.283193240923876,-6.283182284120006,-295.72425671802915
613.0,-0.46032550675034756,0.01099155121719024,-1.5706386577253149,-5.102049622663677,-6.283191670685669,-6.283184183625328,-296.22902353326737
614.0,-0.46384834964018473,0.010972035018923083,-1.5706606086700132,-5.096288689720656,-6.283193349824523,-6.283184901665659,-296.73229880019255
615.0,-0.4696480182591948,0.010968390407616145,-1.5706679925118543,-5.099387640763636,-6.283194447809219,-6.2831851374987595,-297.2325066758324
616.0,-0.47860070177649133,0.01096650849156505,-1.5706621436532837,-5.098012643460973,-6.283195475904208,-6.28318541202575,-297.7282050439918
617.0,-0.48825731826141067,0.010993140166347278,-1.5706345247286815,-5.093541181981709,-6.28130532228051,-6.283185477955182,-298.21899985275644
618.0,-0.49696685512511124,0.011022826256282972,-1.570607520016457,-5.0875983798883455,-6.282452918899092,-6.28318547119827,-298.7055409256368
619.0,-0.4999101499051748,0.011081609397477096,-1.5705602237519014,-5.089002325440823,-6.28289142927514,-6.283185377207022,-299.1903410744794
620.0,-0.49567595055591346,0.011134850368347096,-1.5705086138078541,-5.085397910443952,-6.283070760759213,-6.283185501461878,-299.6772895933804
621.0,-0.49491514142899606,0.011050876484774414,-1.5705865290142251,-5.07973334307612,-6.283151268044969,-6.283185493570887,-300.16503974155944
622.0,-0.4898031586650758,0.01108750573893903,-1.5705566427607092,-5.081875431159079,-6.28317929856564,-6.283185380865126,-300.6551925527147
623.0,-0.4819100296022201,0.01108692500823249,-1.5705583453679532,-5.087378510921767,-6.2831915928508595,-6.283185422173906,-301.1491434598115
624.0,-0.480448055743283,0.01099531142220873,-1.5706380951238077,-5.090335281255778,-6.283193198251236,-6.283185511468879,-301.6439495525674
625.0,-0.48338723909056014,0.010970703537416153,-1.5706547891994904,-5.089268190154819,-6.283194300849493,-6.283185545035916,-302.13737703371265
626.0,-0.48517377370599896,0.011004929223394466,-1.5706264269334083,-5.092215051542041,-6.283192466910869,-6.282612341254082,-302.62969888705896
627.0,-0.48353792906346943,0.011048791402970591,-1.5705853081467596,-5.09276575998072,-6.283193822956193,-6.282960151093418,-303.1227350741289
628.0,-0.476373016572491,0.011096595355522728,-1.57045163690737,-5.0894335492115035,-6.283191334134046,-6.283092675476881,-303.6194473411271
629.0,-0.4716604961682612,0.011041791908789806,-1.5705363146137192,-5.086656717812885,-6.282363426153697,-6.283147341079863,-304.11880311232414
630.0,-0.47040400541014515,0.010999332770688161,-1.5705961904566699,-5.088073526693396,-6.282873871485092,-6.283169761122944,-304.61887825674194
631.0,-0.4720217749146879,0.010980133388320682,-1.5706255855993911,-5.091471291366672,-6.283068852881629,-6.283179016676635,-305.1180638771138
632.0,-0.47020127184102567,0.011032463635224986,-1.5705891423645524,-5.1021697125909204,-6.2831456137516986,-6.283182835492683,-305.617636160347
633.0,-0.4712304454530207,0.010998194199742784,-1.570622124036023,-5.111964280303765,-6.283181098113171,-6.283184430952508,-306.1163828429309
634.0,-0.47510346938761,0.01099023261623063,-1.5706248436654595,-5.11520638721814,-6.28319344702659,-6.283185150530703,-306.6130415353504
635.0,-0.4742739127270199,0.011058665947511868,-1.5705680909776059,-5.122032919081923,-6.283191881401873,-6.283185310958441,-307.109684020236
636.0,-0.4746123170014505,0.011031049277893916,-1.5705983882044416,-5.132570028564471,-6.283195013931381,-6.283185450328071,-307.6057909653526
637.0,-0.47813157667530404,0.011005653897619105,-1.5706179065879728,-5.14226183625607,-6.283195410143887,-6.283185509659705,-308.0997530219588
638.0,-0.4853179322846712,0.010992513139290817,-1.570619892785598,-5.140507072979465,-6.2831944317311725,-6.28318564384718,-308.59011361387525
639.0,-0.4956555518481176,0.010991227436749351,-1.5706198088327519,-5.131574492824297,-6.2831937417176205,-6.283185554629017,-309.07552058179937
640.0,-0.5026611539634357,0.011052504219944605,-1.570572349269476,-5.12375021922622,-6.283191568880903,-6.2831854770220925,-309.55748220953865
641.0,-0.50435142316174,0.0110932052313476,-1.5705517785206486,-5.131718028032064,-6.2831925958624115,-6.283185384602118,-310.03808823271316
642.0,-0.49935632680697206,0.011142569188411241,-1.5705016866872032,-5.138342098246821,-6.283191405256584,-6.283185462695473,-310.5208177354202
643.0,-0.4918324326949341,0.011130020021081268,-1.5705094001202253,-5.141040257854104,-6.283194009423641,-6.283185534214673,-311.00731378128285
644.0,-0.48210081189970677,0.01112517456425034,-1.5705115054882945,-5.139926564562542,-6.283191689017828,-6.283185544584246,-311.4988787616858
645.0,-0.4749152180197915,0.011063183674750307,-1.570578520545528,-5.14932228148131,-6.283194345579531,-6.28318546977713,-311.99393744809566
646.0,-0.47191978837449045,0.01101891482560001,-1.5706092847266997,-5.152449747675048,-6.283196415859522,-6.283185559492303,-312.49055107701327
647.0,-0.46934711405775303,0.011026561020110036,-1.570608381588274,-5.1638862152606535,-6.2831968512250995,-6.283185517608569,-312.9880614224733
648.0,-0.4712512197082595,0.010994365692774326,-1.5706201688829167,-5.157472771913303,-6.283192107314739,-6.283185610033167,-313.48494648216297
649.0,-0.4762313844755195,0.010988342422398841,-1.5706314136728798,-5.15089203593597,-6.283195136864468,-6.283185527335399,-313.97956486290366
650.0,-0.4856507085349323,0.010971604096640369,-1.5706474954505745,-5.140766466692049,-6.283192683118803,-6.283185479551926,-314.46979637213184
651.0,-0.4918624314865009,0.011037437257067524,-1.5705978606969264,-5.139607167717351,-6.283194487793392,-6.283185362079809,-314.9567099104627
652.0,-0.496878766497129,0.011046274439397137,-1.5705967979466837,-5.148342107511633,-6.283196417308492,-6.283185406377817,-315.440626675828
653.0,-0.5033126472763545,0.011034633922330799,-1.5706009841226385,-5.1579278096182675,-6.283196877014949,-6.283185477199574,-315.92081320205403
654.0,-0.5077186907913002,0.011069219603589904,-1.5705603385009508,-5.162177815667637,-6.283198450283331,-6.283185562674126,-316.3984170369701
655.0,-0.5053670588638928,0.011138391337291942,-1.5704889141654326,-5.15380121376195,-6.283193446099176,-6.283185571645746,-316.87737705212646
656.0,-0.5042716437608094,0.01108720046514119,-1.5705404453871308,-5.139232999286216,-6.2831931212063505,-6.279029875892691,-317.3576143331853
657.0,-0.4981393633849049,0.011125112988464705,-1.5705184889972383,-5.132671675146989,-6.28319291595875,-6.281551322626698,-317.8411781518192
658.0,-0.49493416898027937,0.011054502567129885,-1.570588380188652,-5.129895746612881,-6.283194611884783,-6.282512118028546,-318.32667614040287
659.0,-0.48752778925557316,0.011096993299065274,-1.5705511424770313,-5.134011771795807,-6.283191370069296,-6.282908829809271,-318.8157180334352
660.0,-0.483882991845046,0.011029952826858784,-1.5706119029654997,-5.140820119068026,-6.283194949131954,-6.282609046424089,-319.3065401853021
661.0,-0.4871187764441559,0.010974389513528011,-1.5706460832454243,-5.132689137441843,-6.283192988764003,-6.282956915066251,-319.79618812286435
662.0,-0.4888046383105303,0.011026603710207495,-1.570598347159098,-5.118248098833047,-6.2831928551301015,-6.283091309480979,-320.2854673520443
663.0,-0.49269997719226555,0.011001355226140472,-1.5706321844368514,-5.107725885270088,-6.2831939985688035,-6.283146743912901,-320.77326618701716
664.0,-0.49760775108983457,0.01100444443187279,-1.5706326306035219,-5.100672051555941,-6.28319296085387,-6.283169500833255,-321.2588436203002
665.0,-0.49723599218458503,0.011072963132901436,-1.5705687834795439,-5.090621455483147,-6.28319164750142,-6.283178890992585,-321.74486811499133
666.0,-0.4933028688177958,0.011085024553414506,-1.5705627095799644,-5.083222928145169,-6.283190719078736,-6.283182718225055,-322.2331767440064
667.0,-0.49000375062262747,0.01105153224423947,-1.5705938260818706,-5.076332601029243,-6.283192016498687,-6.283184318859411,-322.72353666762945
668.0,-0.48218253565031055,0.011090840046508118,-1.5705567490421088,-5.069055246052089,-6.283192010417717,-6.283184981273771,-323.21810372358624
669.0,-0.4740936750194185,0.011064035227878273,-1.5705819149575053,-5.059620920846516,-6.28319060103714,-6.283185250872114,-323.7172712636689
670.0,-0.46395969286182587,0.01107038747285561,-1.5705768810115284,-5.0501161751372114,-6.283190426005789,-6.283185350490746,-324.22199960892686
671.0,-0.45596298624102105,0.011018720430681347,-1.5706288553968586,-5.047673931237523,-6.283192261468694,-6.283185324931367,-324.7310457875509
672.0,-0.45194979614950864,0.010976179591917868,-1.5706642215146207,-5.0444196232804135,-6.283191550682581,-6.283185428797594,-325.24240734874485
673.0,-0.4552063398343834,0.010919524513240145,-1.5707106477694963,-5.035285715437701,-6.2831917267495925,-6.283185470676864,-325.7526799568534
674.0,-0.46391778992570615,0.01089567032518078,-1.5707351726045928,-5.036095181558037,-6.283191896333724,-6.283185355665934,-326.258599650686
675.0,-0.47191028782890937,0.01095410525519508,-1.570677620324972,-5.0360486132463285,-6.283194185174781,-6.283185455435461,-326.7603571291493
676.0,-0.47169488250407526,0.011052390648524731,-1.5705922454352887,-5.04534111966576,-6.2831918490180625,-6.283185436995888,-327.26157770565334
677.0,-0.4713181958233619,0.011037826027697466,-1.570598065761859,-5.044096216314604,-6.283191006216666,-6.283185589528398,-327.7630646200881
678.0,-0.47451528550238314,0.010987270694717203,-1.5706459146333636,-5.048338311674181,-6.283192239971373,-6.283185453623734,-328.2628477963624
679.0,-0.47355660705846303,0.01104111360167767,-1.5705968406055995,-5.057889623091746,-6.2831923450735445,-6.283185482147536,-328.7625680063918
680.0,-0.4768297757603055,0.010993185095852709,-1.5706310004778423,-5.052404707806158,-6.2831916877529865,-6.283185601990822,-329.2609735351477
681.0,-0.47738801779621937,0.011029389481158084,-1.5706041136110032,-5.054555003988642,-6.283191333232403,-6.283185435540139,-329.7588964069241
682.0,-0.47647939899422515,0.009702209087672845,-1.5705621626924662,-5.062519941878244,-6.28319211959977,-6.283185431322564,-330.25702569095637
683.0,-0.4763929704331953,0.009883524847169197,-1.5706574373605462,-5.0745028525767975,-6.281535258199531,-6.2831855429523005,-330.7546632403383
684.0,-0.47381464299929366,0.010317171076484492,-1.570594649632344,-5.074857087251602,-6.282541689067683,-6.28318563919457,-331.25350997344117
685.0,-0.4705199579669268,0.01056736348026507,-1.5705970903286242,-5.076358811743189,-6.279809905693323,-6.283185522927604,-331.75386052083985
686.0,-0.46940398427011915,0.01070675770632298,-1.570615884822148,-5.072637052674597,-6.281860791509397,-6.2831855520692965,-332.25507477141883
687.0,-0.4745134149720725,0.010751170973331468,-1.5706755163559039,-5.07290747191883,-6.282654424140152,-6.2831854546133385,-332.753863322434
688.0,-0.47819374050740177,0.010867056419644194,-1.570634307003444,-5.078524965438208,-6.282975576004724,-6.283185421352261,-333.25044272511866
689.0,-0.4779070809017548,0.010960651233640253,-1.570590723285588,-5.086454005848729,-6.283106731285251,-6.283185465255084,-333.74671831981044
690.0,-0.4787715583694257,0.010977259936940166,-1.5705921833299457,-5.078505571215953,-6.2831629249128955,-6.283185574117357,-334.2429132606835
691.0,-0.47924004524189445,0.010995012221365914,-1.570601307499862,-5.075664369769359,-6.283186196967731,-6.283185454734403,-334.73897643713997
692.0,-0.4834475453223195,0.010956927817313687,-1.5706542093850988,-5.08341655175872,-6.283192014238343,-6.283185421861498,-335.2326762790607
693.0,-0.4823794152701103,0.011043528706367557,-1.5705778981629093,-5.091386214238814,-6.283190527888741,-6.283185469165262,-335.7263868306904
694.0,-0.48204539514134165,0.01103247541662081,-1.5705833866750283,-5.083444649567502,-6.283193269253516,-6.283185576552388,-336.22063863631877
695.0,-0.4792129649872817,0.011057281919281903,-1.5705692867726888,-5.075146374681388,-6.283191353200634,-6.283185510223828,-336.71662288736945
696.0,-0.47749889407416546,0.01102364558467203,-1.5706095177252075,-5.072350907191113,-6.283193591966748,-6.283185407720181,-337.2136791408415
697.0,-0.48053620078457393,0.010972002345491956,-1.5706579586888165,-5.071463205123828,-6.283194003863581,-6.283185432977387,-337.7093558295055
698.0,-0.48146577331773593,0.011017884384563956,-1.5706147199389269,-5.069675087923345,-6.28319374290531,-6.283185469156354,-338.20452990083504
699.0,-0.4816684490512992,0.011019160100270597,-1.570617333731465,-5.072040590399111,-6.283192611176789,-6.283185426110706,-338.69949629079844
700.0,-0.47996620775564436,0.01103553068954852,-1.5706041265367408,-5.080156569518473,-6.283193447160062,-6.283185445457756,-339.1949434920336
701.0,-0.479974642343081,0.011013543791084355,-1.5706186514764988,-5.08396043682375,-6.283195432597959,-6.283185535693424,-339.6902826051572
702.0,-0.48207786667778807,0.010992692635494156,-1.5706415373589477,-5.096606833680946,-6.283195272034918,-6.2831855265517,-340.1840666623791
703.0,-0.48143763658480027,0.011039023832944823,-1.5705945231972067,-5.109581166785025,-6.283195711679735,-6.283185559842624,-340.67752850902446
704.0,-0.4822003514562813,0.011024365958254323,-1.5705995732926037,-5.112982700063521,-6.283194932146496,-6.283185639203668,-341.1704953027097
705.0,-0.48277196174050474,0.0110300131784611,-1.570599449485127,-5.122093605543563,-6.283196710094069,-6.283185529656063,-341.66277429358456
706.0,-0.48639793622793076,0.011004865190985876,-1.5706155841316811,-5.123167810701184,-6.283195398850885,-6.283185609051915,-342.1532063152928
707.0,-0.48368094093689956,0.011090012622743867,-1.5705393242719528,-5.1226915620448485,-6.283193312918048,-6.283185538688469,-342.6448412158419
708.0,-0.48288529252283835,0.011046247399901211,-1.5705790028523923,-5.113451240724259,-6.283192663315643,-6.283185531918136,-343.1373698409
709.0,-0.4793023115046318,0.011078793035219896,-1.5705513961802304,-5.0985846309701,-6.283192729922485,-6.283185433791533,-343.63227180196117
710.0,-0.4733706255046275,0.011073549616240993,-1.5705719103924303,-5.096378037097669,-6.283191605774638,-6.281571156394429,-344.1303146724517
711.0,-0.47122565297230756,0.01101480923942667,-1.5706237101475646,-5.092387239554444,-6.283194652889361,-6.282550728087559,-344.6297725616778
712.0,-0.46456720363915377,0.011035127015429306,-1.5692694625757542,-5.084959189637028,-6.283191081373503,-6.28292397215111,-345.13266951065106
713.0,-0.4629311910803596,0.011026545258068173,-1.5697363345691124,-5.077617529949605,-6.283191795353458,-6.283078019409723,-345.6369446710522
714.0,-0.46669828223381354,0.010974189975175299,-1.570069434953357,-5.0661468658361954,-6.283191312041756,-6.283141301004208,-346.13992596099854
715.0,-0.46980798689739534,0.010993600235217638,-1.5702508162984643,-5.062911169239603,-6.283193456527268,-6.283167225832906,-346.6414293823322
716.0,-0.47214118683375494,0.010884185828752922,-1.5703649480752289,-5.060773652483408,-6.283194461813296,-6.2831779695545285,-347.1418263462757
717.0,-0.47639013347056064,0.01088118952276035,-1.5704788827951128,-5.063217276621491,-6.283194732831967,-6.283182347899898,-347.6400110753572
718.0,-0.4785128876533956,0.010957430278509804,-1.5704933491070803,-5.060893010755696,-6.283191568310244,-6.283184257427489,-348.1371111048859
719.0,-0.4805917430526697,0.010965916954641167,-1.5705527263522754,-5.071083699418781,-6.283193432195623,-6.283184935701154,-348.6327382377931
720.0,-0.4795339083708863,0.011024325078956173,-1.5705298400529246,-5.074499818454366,-6.283193461499723,-6.283185338016559,-349.12864617153093
721.0,-0.48005129244280886,0.011011052110707147,-1.5705617500059637,-5.06478134838915,-6.283193686964409,-6.28318546590908,-349.62475286027455
722.0,-0.4775429580986511,0.011040014951756343,-1.5705623102130921,-5.0641894416965,-6.28319232619858,-6.283185366612352,-350.1220897455458
723.0,-0.47081627866447345,0.011073979806308809,-1.5705428003743214,-5.061402868138118,-6.283191945545295,-6.283185464551041,-350.6228955445521
724.0,-0.4641959236958774,0.01104681762688892,-1.5705776265345104,-5.05929400723975,-6.283192259267811,-6.283185454211624,-351.1272357228505
725.0,-0.4611127081273084,0.010995660853972772,-1.5706306025364294,-5.059916393890365,-6.283193497754817,-6.283185438044052,-351.6332607721609
726.0,-0.4619740112968148,0.010967851059763487,-1.570654887694364,-5.055422372346675,-6.283191196629348,-6.2831855247079185,-352.13913058438385
727.0,-0.4657289244735654,0.010960792060187305,-1.5706623279719307,-5.046992526715959,-6.283191571663581,-6.28318549758985,-352.6434881498132
728.0,-0.4714247663525447,0.010963057139836096,-1.57066342003715,-5.037353206873764,-6.283191225163822,-6.283185459104022,-353.1453729885943
729.0,-0.47562730608642095,0.01098505872117254,-1.5706530659096194,-5.042898063764364,-6.28319317920202,-6.283185351104871,-353.64482665714326
730.0,-0.47707259959366344,0.011029610522761864,-1.5706049489567988,-5.038744092150475,-6.283191222486578,-6.283185531300611,-354.1436137659411
731.0,-0.47835857803670534,0.011014815837745207,-1.570622955456982,-5.040995920594047,-6.283192420372265,-6.2831854122730215,-354.6416640386569
732.0,-0.4788384237639789,0.011024929631928087,-1.5706097952930977,-5.038703720743949,-6.283191292232313,-6.283185516741208,-355.1395308374538
733.0,-0.4758184227226331,0.01104828793036891,-1.5705927708628915,-5.044141818454459,-6.283191115326353,-6.283185413344352,-355.6386204567738
734.0,-0.47527556105723395,0.01100561921470941,-1.5706288573071236,-5.047186143191463,-6.283193339119776,-6.283185504691988,-356.13795532339503
735.0,-0.4779291270577483,0.010973438096694718,-1.5706586664957627,-5.055982903876317,-6.283193973404623,-6.283185481628028,-356.6356432729552
736.0,-0.48416706503753104,0.010952574801178845,-1.5706767022375088,-5.070652701319144,-6.283192835365638,-6.283185555095097,-357.12958775484924
737.0,-0.4833063847613745,0.01106784105631588,-1.5705599281457812,-5.072458760800885,-6.283190815407139,-6.283185655767055,-357.62361566787695
738.0,-0.4773060435037711,0.011100239077314512,-1.5705327335841075,-5.068605043770003,-6.283191699354915,-6.283185596706383,-358.1207759916128
739.0,-0.4700387781949005,0.011078594042339362,-1.5705583442285793,-5.066661284553531,-6.283193180944676,-6.283185486982659,-358.62176245380294
740.0,-0.4630654780958527,0.011051740595322752,-1.5705856536750695,-5.066705238458239,-6.283193541218078,-6.28318545929504,-359.1263693637531
741.0,-0.46124192732491326,0.01097930276233016,-1.5706559006258338,-5.07424549161298,-6.283193509517866,-6.283185438929252,-359.63178932780465
742.0,-0.46289325650435736,0.010965471593332343,-1.570662455112447,-5.079615768161417,-6.283195076722371,-6.2831855106723316,-360.1362128685689
743.0,-0.4665002862087231,0.010965674371305231,-1.5706644433926826,-5.091530034775508,-6.283195048669179,-6.283185524873745,-360.6383339323254
744.0,-0.47324014404169595,0.010958409460667404,-1.5706691551636793,-5.107523517943579,-6.283193848302558,-6.283185588425592,-361.1363899393005
745.0,-0.48338559234613676,0.010961469983565899,-1.570659387991477,-5.122742571743594,-6.283193225865505,-6.283185622403965,-361.62861675612595
746.0,-0.4856392014284954,0.011087538700809285,-1.5705338384588803,-5.126090215272843,-6.283191134077876,-6.28318568200701,-362.1192190339135
747.0,-0.4863836400774637,0.01107514507684607,-1.5705533988086648,-5.132504233800486,-6.283192297935239,-6.283185527972224,-362.6091678024256
748.0,-0.4836841311864993,0.011102680414631451,-1.5705253736827005,-5.1337322850873495,-6.283192203038745,-6.283185579232939,-363.1003532331935
749.0,-0.48274692874796443,0.011061398030592823,-1.570561419186468,-5.126230156741151,-6.283191730150221,-6.283185568847355,-363.59240873906316
750.0,-0.48713529873719225,0.010054819315019664,-1.5705944491963975,-5.122310853073712,-6.283193484346234,-6.283185447999427,-364.08258625435485
751.0,-0.4882361377061576,0.010252078408710398,-1.5706002153332494,-5.1164023892503705,-6.2831919269266745,-6.2831854997749526,-364.5723011407182
752.0,-0.4832528427311616,0.01058816581989587,-1.5705395597630636,-5.10567608633945,-6.283192354157352,-6.28318545582191,-365.06485082091325
753.0,-0.48062328866026466,0.010705104165967932,-1.5706056823888437,-5.104799286580817,-6.283193542134434,-6.283185346807913,-365.55892061974544
754.0,-0.4848236046783296,0.010753905985457621,-1.5706597578607875,-5.099471129318079,-6.283192496033638,-6.2831854857522975,-366.0512254754622
755.0,-0.4908816844500455,0.010839965439586019,-1.5706499607736581,-5.09690372424058,-6.283195035354409,-6.2831854307913035,-366.54051655869677
756.0,-0.4996773677069995,0.010875840463368815,-1.5706683550569793,-5.106962465481704,-6.283193873961602,-6.283185427723154,-367.02490137935695
757.0,-0.5009706494927152,0.011021607103147864,-1.5705545897487123,-5.111177627996199,-6.28319245879437,-6.283185527104092,-367.5081421698252
758.0,-0.4952763657157377,0.011093803173337524,-1.570506438434139,-5.110818078749387,-6.28319200849246,-6.2831855497256806,-367.99416519975046
759.0,-0.4849514670942296,0.011115952756379104,-1.5705022449536374,-5.112698979751489,-6.2831914704092116,-6.283185475829232,-368.4853679232019
760.0,-0.4749689584647286,0.011084325120315023,-1.5705363942103507,-5.108437965439388,-6.283192454893674,-6.2831855515076915,-368.9819711023491
761.0,-0.46656348302704115,0.011054248518055044,-1.5705688739840549,-5.099290003141748,-6.283192754276594,-6.283185501937008,-369.48336463969036
762.0,-0.4642213657215646,0.010980482330723993,-1.5706447229564402,-5.09108375924084,-6.283194458953338,-6.283185458883666,-369.9865100962406
763.0,-0.46869404440994755,0.010931154183535647,-1.570692526064842,-5.083337768451197,-6.283191983491239,-6.283185444179642,-370.4878515227799
764.0,-0.4695753232277152,0.01100535963102141,-1.5706306008829485,-5.082927649505494,-6.2831920369950245,-6.283185362029364,-370.9886102708249
765.0,-0.46449384220680545,0.011064463067667731,-1.5705822729033971,-5.0906575451512985,-6.278276740126725,-6.283185405608521,-371.4913249841675
766.0,-0.46595015908261495,0.01097945629847133,-1.57065229372302,-5.0924136036522665,-6.281263509689015,-6.283185524947875,-371.99355917670476
767.0,-0.4698139441002439,0.010982801367575139,-1.5706442884495864,-5.091205241119788,-6.282405847319121,-6.283185533572276,-372.49392099267834
768.0,-0.4760504718250731,0.010976354848850319,-1.5706511082345074,-5.090980130679413,-6.282876412545199,-6.283185486478013,-372.9911494978634
769.0,-0.478876389815804,0.011037351498849013,-1.5705936266235725,-5.087050936485795,-6.2830657654808935,-6.283185520741573,-373.4869521292431
770.0,-0.47482036036220343,0.011093501584613159,-1.5705536603676762,-5.09660550361728,-6.283143609435656,-6.283185434687114,-373.9842768070052
771.0,-0.4711890240906099,0.01106879172244937,-1.5705629275299993,-5.089428374027611,-6.283178468167807,-6.283185555588798,-374.48380727723224
772.0,-0.47165869696765406,0.011004734235528781,-1.5706299202527148,-5.091282910477247,-6.2831912783292525,-6.283185411024298,-374.98316668066354
773.0,-0.47097277585086883,0.011029144565845955,-1.570605629658621,-5.093805168199885,-6.281738760456178,-6.283185466662798,-375.48265789978825
774.0,-0.474887320263003,0.01097826598135876,-1.5706509848288326,-5.096237607163189,-6.282627839259298,-6.283185485903655,-375.9802116573284
775.0,-0.47477027718706133,0.011048435550651572,-1.5705830565656904,-5.094744517051642,-6.282963096286746,-6.2831855311295355,-376.47773249266186
776.0,-0.47525484891023445,0.010993049484754727,-1.5693851604739668,-5.089569036822804,-6.283105370955789,-6.28318554395446,-376.9751314139773
777.0,-0.47708713974059747,0.011041625054220187,-1.5697726247675106,-5.090254670548686,-6.28316322273225,-6.283185402007147,-377.47162930074165
778.0,-0.4782488608508558,0.011043813218243775,-1.5700386386368823,-5.087514149877589,-6.283185521653334,-6.2831854981212505,-377.96764330820923
779.0,-0.4814601990298359,0.010023545168185297,-1.570213831004317,-5.0822365269480265,-6.283191716262366,-6.283185487658605,-378.4623846229933
780.0,-0.4783149925216254,0.010244939278235924,-1.5703289956691568,-5.074911420316798,-6.2831911333591846,-6.283185503820369,-378.95885941906596
781.0,-0.4743516717934405,0.01050760388539644,-1.5704354632426787,-5.075688252629993,-6.283191843975769,-6.283185376665851,-379.45736352531634
782.0,-0.47655477038166516,0.010618201611352898,-1.570557928598836,-5.081878392379231,-6.28319277031828,-6.283185408777093,-379.95466913297446
783.0,-0.48058760558909136,0.010750383766756242,-1.5705784254665376,-5.088567202152647,-6.2831922304444445,-6.283185473252212,-380.44961822145416
784.0,-0.47788859280987533,0.010926348345825496,-1.570507955661088,-5.086885569743705,-6.283190649422709,-6.283185583666351,-380.94578687635084
785.0,-0.4725632422173211,0.010973732677253564,-1.5705384087846126,-5.095354623976917,-6.2831940308373,-6.283185463968791,-381.4443309676306
786.0,-0.47117376368378505,0.010951722306653405,-1.5705939027222895,-5.099043806201954,-6.283195227536499,-6.283185543740519,-381.94357254237894
787.0,-0.4749694971812064,0.01093099126933412,-1.5706364328274907,-5.099094232744877,-6.274976179171842,-6.283185558247618,-382.4406487593696
788.0,-0.4756864508946861,0.011008250316659269,-1.5705819450660863,-5.0961044798867805,-6.279867841832317,-6.283185531144745,-382.9375266707803
789.0,-0.47899728156493193,0.010976660136267217,-1.5706330442764913,-5.1035507312227155,-6.281835683167685,-6.2831854391925,-383.43258633135144
790.0,-0.48422933262362616,0.010987220915737178,-1.5706210924572404,-5.101811873948057,-6.282641125763248,-6.283185578969255,-383.9250616396779
791.0,-0.4916557875185565,0.01098161106486349,-1.5706354359976067,-5.10520260603435,-6.282973383986589,-6.28318545199843,-384.4136188162424
792.0,-0.4979707537171272,0.011013199941047044,-1.5706144849641668,-5.11764144636224,-6.2831074992185805,-6.283185500020825,-384.898322562191
793.0,-0.4966183785472112,0.011110700178902352,-1.5705153359611106,-5.116876222221128,-6.28315831142398,-6.283185634270995,-385.38348969059473
794.0,-0.4907174832868827,0.011129674636243994,-1.5704982843541746,-5.105521317258653,-6.283183174813169,-6.283185530945848,-385.8720949129744
795.0,-0.4917860178175872,0.011007750576789606,-1.5706257786062046,-5.106775376587513,-6.283190951654034,-6.283185363724138,-386.36037406324033
796.0,-0.489562358714409,0.011062448439818389,-1.5705714081520543,-5.105704783339536,-6.283191640832906,-6.283185476719746,-386.84969822837496
797.0,-0.48181342989722564,0.01110713445206696,-1.5705318732295601,-5.102005733625541,-6.2831912799473395,-6.283185495470775,-387.3430467605974
798.0,-0.4775304891485846,0.011040575666421462,-1.5705923457728668,-5.091454223182381,-6.283192367669028,-6.283185479144602,-387.8392003155398
799.0,-0.47594748963997735,0.011004712068115898,-1.5706333057573152,-5.090344150531197,-6.283193261703017,-6.283185364876214,-388.33630801021496
800.0,-0.4743832703185002,0.011013756904057835,-1.5706234726487402,-5.089502239574665,-6.283195051918357,-6.28318543988388,-388.8342507593409
801.0,-0.47441524654155914,0.010997939106132103,-1.570639062303147,-5.0922426014666655,-6.2831945686560395,-6.283185426115983,-389.33212193522195
802.0,-0.4703792443520328,0.011052080073517179,-1.5705890395180353,-5.098635746411703,-6.2831918204086294,-6.283185433525594,-389.831680066796
803.0,-0.47266883984818286,0.010977215272238442,-1.5706494604795576,-5.094645300379509,-6.283192186348159,-6.283185589731888,-390.3304323051671
804.0,-0.475149084071805,0.009666839057993155,-1.5705823667665237,-5.091773239184382,-6.2831936502679895,-6.28318546956387,-390.82808334232243
805.0,-0.4804885063173857,0.00984448930085069,-1.5706833095294588,-5.088084668300026,-6.2831942599436825,-6.283185510335307,-391.3232245437508
806.0,-0.47898229931874964,0.010329746065795465,-1.570590969655864,-5.092313515762901,-6.283190841981616,-6.283185391230015,-391.81869689022807
807.0,-0.4799423221591748,0.01054292786854287,-1.5706202826019864,-5.090403187047221,-6.283191862605732,-6.283185532355591,-392.31384212245365
808.0,-0.48668609698784937,0.010656608265905212,-1.5706647168329653,-5.091039559886751,-6.28319345606309,-6.283185463818894,-392.80562422071415
809.0,-0.48641651965839827,0.010871952064587007,-1.5705623895121466,-5.088575004657345,-6.2831917752152755,-6.283185506939277,-393.2973706337152
810.0,-0.48307506548805124,0.010942894003443995,-1.5705699932386654,-5.095020692321031,-6.283193268161942,-6.283185418379907,-393.79052846565986
811.0,-0.48554315888345456,0.010909942621616323,-1.570636703129475,-5.099956079325161,-6.283194220998406,-6.283185496643144,-394.2823919926106
812.0,-0.4823801213043444,0.01102372944392417,-1.5705537467901995,-5.100050914523436,-6.283192054673904,-6.283185549128104,-394.7756594659655
813.0,-0.4849764834424317,0.010950821123233293,-1.5706464852206319,-5.108947820590734,-6.283192936204567,-6.283185477698105,-395.26744562343697
814.0,-0.49174233160651304,0.010949416505566821,-1.5706506585490352,-5.115126920387069,-6.283195151987287,-6.283185530245747,-395.75553676332345
815.0,-0.4954744015637148,0.010963375724960811,-1.5686912350996554,-5.115732857875889,-6.283195603924492,-6.283185597694014,-396.2413044876187
816.0,-0.49938552487458904,0.011068576900785094,-1.5692687449873377,-5.114763953602399,-6.283193187991822,-6.2831855048605805,-396.7251420132663
817.0,-0.4965622866246883,0.011128152098315122,-1.5696393837708111,-5.108344610989377,-6.28319162155562,-6.283185535406774,-397.2105497719192
818.0,-0.48915771365693,0.011133498337901034,-1.5699234147379264,-5.097637446101943,-6.283190949629087,-6.283185471137181,-397.7001931662253
819.0,-0.4784182990285898,0.01112676393000619,-1.570126909056659,-5.087058005927241,-6.28319155053622,-6.28318543424073,-398.1958046014064
820.0,-0.4712064108169875,0.011040402617971247,-1.5703445775612885,-5.088123810662622,-6.283191506074525,-6.283185315452243,-398.6952869772332
821.0,-0.466097054727119,0.011013986449775356,-1.5704524159643745,-5.093018981087243,-6.283191654878332,-6.283185395968193,-399.19728094204874
822.0,-0.4625626542153027,0.011003110904221403,-1.5705159594132543,-5.097368240704643,-6.283193090018063,-6.283185475688067,-399.7009789117062
823.0,-0.46533336937503583,0.010949735878578726,-1.570597226066934,-5.095763905059141,-6.28319367172863,-6.283185559026575,-400.2034991712944
824.0,-0.46953201617646323,0.010969933749629549,-1.570605036191249,-5.0960924153658755,-6.283195689608433,-6.283185481190506,-400.7038429878486
825.0,-0.4781619536770741,0.010944471354230038,-1.5706483701072893,-5.10270898406405,-6.283194609567233,-6.283185443355959,-401.19958262763527
826.0,-0.48920769132577496,0.010965305526053726,-1.5706337001918353,-5.105832422294664,-6.283195277225322,-6.2831855289231076,-401.68949170353017
827.0,-0.498592769696291,0.011016257569415572,-1.5705945879945247,-5.109552997319792,-6.283195011044289,-6.283185501104343,-402.1742893831287
828.0,-0.5034365901481777,0.011075221650239931,-1.57054346897226,-5.1078145570740405,-6.283191825977906,-6.283185557409052,-402.65649025007656
829.0,-0.5051830355142554,0.01108904419670558,-1.5705374672583137,-5.1053505170482385,-6.283192513471752,-6.283185505161438,-403.1378138489852
830.0,-0.5037048658613428,0.011098946034486443,-1.5705340185684358,-5.1044442107519465,-6.283194435977847,-6.2831854642702085,-403.61985939715953
831.0,-0.4973222213258888,0.01103406048443769,-1.5674000952173768,-5.094718645065,-6.283193683883606,-6.283185530853649,-404.1051262384541
832.0,-0.48740743109331136,0.011197558369264345,-1.5683523036903022,-5.092054029346339,-6.283191764825051,-6.283185349260398,-404.5956617412196
833.0,-0.4851220637344187,0.011044476131901022,-1.5691842610332682,-5.0868676379310545,-6.283192599140816,-6.283185466031751,-405.08797530826297
834.0,-0.48518835186257075,0.011006453940764252,-1.5696886391431177,-5.095623781420468,-6.283193845180569,-6.2831854089168955,-405.5800007873103
835.0,-0.4855018438932176,0.011007641559942076,-1.5699953141941432,-5.107706415902004,-6.283195864576813,-6.283185493864534,-406.07139321796916
836.0,-0.491352521314122,0.010967620402684576,-1.5702235892864271,-5.101523527112802,-6.283192128393115,-6.283185613666108,-406.56018197190645
837.0,-0.49694327753406814,0.01099606646432124,-1.5703456478687043,-5.102373944796436,-6.283192380632502,-6.283185455050507,-407.04601763150214
838.0,-0.495265960925517,0.011081298707063465,-1.5703665956368236,-5.108784759901244,-6.283191026479523,-6.28318543429327,-407.5322299536898
839.0,-0.49174740660036226,0.011073488402751889,-1.5704377299211043,-5.117073231480249,-6.283191772475726,-6.283185477475475,-408.01990831388247
840.0,-0.4878152197812914,0.011067073658822892,-1.570478580633978,-5.118173788989396,-6.283192121738249,-6.283185581788975,-408.50957276646426
841.0,-0.4849450407666721,0.010793820973526875,-1.5705094248311895,-5.1085765722154415,-6.283193640561935,-6.283185545110189,-409.00118237161035
842.0,-0.4809016589473495,0.010835692954799308,-1.5705499255984103,-5.10396697879539,-6.28319347710131,-6.283185445167982,-409.4950603443664
843.0,-0.4730808963980107,0.010937816830929184,-1.5705431438582649,-5.1084065784515325,-6.283191601824381,-6.283185372795341,-409.992711879685
844.0,-0.4666734916579902,0.010734680030356832,-1.570569042542371,-5.109000917419694,-6.283193258929765,-6.283185496279294,-410.4937450438027
845.0,-0.468036868921556,0.010711157424814512,-1.5706694699316555,-5.114912101209093,-6.28319365967022,-6.277473812778799,-410.9940832257475
846.0,-0.4727073893966075,0.010804563369244142,-1.570653504704936,-5.113404866522743,-6.283194492295097,-6.280939064858666,-411.4920959194618
847.0,-0.4767488694039576,0.010899441934292809,-1.5706179467793457,-5.106969769626958,-6.283191119947834,-6.28225994812739,-411.9882237075365
848.0,-0.4814673365452775,0.010935707513040982,-1.5706265432345368,-5.107032129906132,-6.28319439003251,-6.282805238889323,-412.48193029416177
849.0,-0.4830819628241245,0.011006587717643157,-1.5705818436375942,-5.104323090575078,-6.28319226573135,-6.283029306309517,-412.9747946190999
850.0,-0.48789213950870464,0.010978986670091243,-1.570621952987435,-5.099938593901527,-6.283192621980063,-6.283121328580502,-413.4654678839285
851.0,-0.48809322068609406,0.011051651890663917,-1.5705654309444588,-5.09526141583518,-6.28319171297432,-6.28315910937681,-413.95606131523397
852.0,-0.4918940029824433,0.01099276778210365,-1.5706330752094406,-5.100236749816673,-6.283193277878758,-6.283174556158356,-414.44463505356157
853.0,-0.4939280620207262,0.011034312909890265,-1.5705913553769748,-5.1009566645648,-6.283194475968818,-6.283181058492865,-414.93202622904676
854.0,-0.4941772405818569,0.011045547292707956,-1.5705878711440568,-5.107835007828873,-6.283193238144874,-6.283183617441717,-415.4189556930849
855.0,-0.4904293286706636,0.011080718646294289,-1.5705574728369511,-5.118834064053826,-6.283194791212032,-6.283184750612383,-415.90724503428936
856.0,-0.48872610035394254,0.011041434589098597,-1.5705879570271146,-5.124878574933814,-6.28319646714048,-6.283185255895512,-416.396246873636
857.0,-0.48606237784889794,0.011056679518019141,-1.5705699510440696,-5.125703769950991,-6.28319310876303,-6.283185456504086,-416.88654725091857
858.0,-0.4787330063500782,0.011098403055510391,-1.5705365773965456,-5.128883621425091,-6.2831927165855666,-6.283185439860876,-417.3803959712789
859.0,-0.47598613960147995,0.011029251713251009,-1.570593606308378,-5.119011058078155,-6.283194868864131,-6.283185520286557,-417.8762445640368
860.0,-0.47494657767569715,0.01101512098201222,-1.5706166569226065,-5.116652853486738,-6.28319576544471,-6.283185407571455,-418.37277553735635
861.0,-0.4753790365903956,0.011004091877912013,-1.5706313890836305,-5.1206513159087885,-6.283193028474236,-6.283185389229108,-418.8689695432377
862.0,-0.4814820055591949,0.010958233542075615,-1.5706708513718222,-5.126664120773971,-6.283194520438222,-6.283185450244862,-419.3619140531082
863.0,-0.4812257224246639,0.010925059639335839,-1.5705658400662001,-5.1327250327654275,-6.283191308413227,-6.283185486196918,-419.8545008747044
864.0,-0.47890968115687094,0.010950985854366376,-1.570570124543795,-5.138398761518085,-6.283192816110334,-6.283185511109881,-420.34803441776353
865.0,-0.47893438298297974,0.010959747371558972,-1.5705922973902455,-5.13727632798582,-6.2831946323481676,-6.283185584100145,-420.84167040983533
866.0,-0.4771028430922073,0.011009469295378129,-1.570576217682022,-5.142181224727812,-6.2831929748660045,-6.283185447691027,-421.3359941254855
867.0,-0.4719807899577819,0.01105592454203268,-1.5705470127645718,-5.144168756742717,-6.283194237449609,-6.280977096699769,-421.8328116723907
868.0,-0.4714598326080639,0.010997855690306585,-1.5706129140048923,-5.148315940063175,-6.283195363763497,-6.282317091259389,-422.32990976883167
869.0,-0.47188746859462793,0.011014304523496974,-1.5705973107728668,-5.145635511349886,-6.2831935368628455,-6.282827771313117,-422.8268817634334
870.0,-0.4689006917739233,0.011065806445284435,-1.5705527325867283,-5.134960611813261,-6.283193297492955,-6.283038545246562,-423.3257173548594
871.0,-0.46752522582825695,0.011028413148655956,-1.5706066650061574,-5.138137530435876,-6.283194797175807,-6.283124987616122,-423.8252434242564
872.0,-0.46716357881904325,0.0110285374658011,-1.5705998294424603,-5.134242606982297,-6.2831918778567735,-6.283160720719545,-424.32512338218754
873.0,-0.46877548998397567,0.01101325619096602,-1.570615688153281,-5.129268316134205,-6.283192245164864,-6.283175298102282,-424.8244239459414
874.0,-0.47577163866179734,0.010971976539428226,-1.570651943378802,-5.120389047682923,-6.283192259107172,-6.283181298065546,-425.32060144602804
875.0,-0.48297939557194514,0.01099784292314128,-1.5706367463012902,-5.122155919742025,-6.283193423178957,-6.283183628454416,-425.81294241400894
876.0,-0.4918625422069699,0.01100107329464294,-1.5706280193491093,-5.119324416420612,-6.283195305571387,-6.283184790141858,-426.3008200818095
877.0,-0.49458820262870057,0.011084238050036254,-1.57055316112773,-5.11716043103099,-6.283193895243282,-6.283185170643941,-426.7871531993692
878.0,-0.4919326044465558,0.011115891047188475,-1.5705273165587414,-5.116270634831836,-6.283193677019403,-6.283185331110448,-427.2747692993493
879.0,-0.4839139192797926,0.011141203261470658,-1.570503384209773,-5.113406970722926,-6.281606873861556,-6.2831854380510235,-427.7664651021178
880.0,-0.478420047319858,0.011066738682621343,-1.5705775206122379,-5.118117867135481,-6.282576967562072,-6.283185375554235,-428.26099214269254
881.0,-0.47797416291126965,0.011002069382591299,-1.5706374067464097,-5.130752165234924,-6.282949048828691,-6.283185485874106,-428.7554096184717
882.0,-0.47576158389063233,0.011050154817239779,-1.5705734676231833,-5.1248702639615225,-6.2830966431208575,-6.283185598699875,-429.2511095036578
883.0,-0.4697643535099911,0.01108765451910496,-1.5705415727623802,-5.111329173125381,-6.283158402137061,-6.283185493375578,-429.75037119956403
884.0,-0.4663159163023537,0.011031581480738179,-1.570606351240843,-5.105062434909696,-6.283188251485516,-6.283185396362178,-430.2518068843782
885.0,-0.4688226956886317,0.010973095261664269,-1.570657810104199,-5.095797027476383,-6.283192136465294,-6.283185445889168,-430.75249862794277
886.0,-0.46726483206211156,0.011044258650622642,-1.570592970260161,-5.084262392218863,-6.283192322639322,-6.283185414609756,-431.25430547616406
887.0,-0.46603970369041936,0.011029386120949876,-1.57060928562383,-5.0684474529458425,-6.283192208212255,-6.28318536615904,-431.7574379748926
888.0,-0.4682738051358541,0.010986769924862128,-1.5706531450020518,-5.055473555551155,-6.283191292934988,-6.283185363300209,-432.26007909350835
889.0,-0.4758745491679694,0.010941814638924756,-1.5706953040155975,-5.04681360912054,-6.2831923421559175,-6.283185360862536,-432.7593399269861
890.0,-0.4788933581028189,0.011018268392293059,-1.5706259837699237,-5.043529640627695,-6.28319300905526,-6.283185349552529,-433.2570170099295
891.0,-0.4845122104425528,0.01098511609744156,-1.5706530399753067,-5.036249526537071,-6.283191513484229,-6.2831854594573375,-433.75223003775545
892.0,-0.4832153718849862,0.011058199723049068,-1.5705921281093376,-5.04447249301837,-6.283190847565808,-6.2831853771915736,-434.24753058850985
893.0,-0.47943307470622554,0.01105432603076935,-1.570594762629801,-5.058960773811475,-6.283191055356436,-6.2831854919121986,-434.7441209364844
894.0,-0.4749445503359161,0.011053685195272561,-1.570584215766568,-5.065877674837548,-6.28319363395756,-6.283185579242051,-435.24270066670664
895.0,-0.4740800713473805,0.01100331185991184,-1.5706271527217173,-5.0704304230171,-6.2831946084880155,-6.283185562788597,-435.74165375213
896.0,-0.47454754443155484,0.010994133790789253,-1.5706388945375198,-5.0833725960765035,-6.2831942130649745,-6.283185547735709,-436.239855380303
897.0,-0.47797106328207367,0.01098599560244204,-1.5706332751018692,-5.080922492913989,-6.283192096114519,-6.283185654791217,-436.7364496729444
898.0,-0.47959870618966927,0.011021577903120717,-1.570605131865288,-5.079527976292839,-6.283193907326932,-6.283185523096434,-437.2321865903969
899.0,-0.48138324963994816,0.011013191471118025,-1.5706194441307404,-5.084907316241269,-6.283192492676768,-6.283185433854251,-437.72679911111425
900.0,-0.48133321120268485,0.01104474699389245,-1.5705833522696777,-5.079518858668983,-6.283191634295533,-6.283185567641495,-438.22158333817237
901.0,-0.47972263869248355,0.011049251700597713,-1.570584631506504,-5.075297337402886,-6.283191802816862,-6.28318548189148,-438.7173459691822
902.0,-0.4799672962164244,0.011013396762359884,-1.57062213744697,-5.076309111422056,-6.283193791811491,-6.283185416441278,-439.2130188773171
903.0,-0.4799817193537659,0.011017606944344244,-1.570619449728155,-5.082787455169932,-6.28319318996229,-6.283185421563345,-439.70839751094576
904.0,-0.4828789332138452,0.010991054227501818,-1.570638998293947,-5.086392111702705,-6.283195009304585,-6.283185514356736,-440.20221313764483
905.0,-0.4853510323618965,0.011012434311125828,-1.5706178712797283,-5.090295041270487,-6.283194334902742,-6.281604788229362,-440.6945471086102
906.0,-0.48436066224831237,0.011049211239925668,-1.5705892287937977,-5.102041775573985,-6.283193621101151,-6.282563945616966,-441.18679573241934
907.0,-0.4845401023936117,0.011030311779211335,-1.570599386851435,-5.107919595720708,-6.283196155989592,-6.282929471213443,-441.678746676457
908.0,-0.4838245605076921,0.011050568279488047,-1.5705722222558416,-5.100672320145402,-6.283192427298503,-6.283080409353655,-442.1713142924515
909.0,-0.48355242400321086,0.011038154438589264,-1.5705887880602374,-5.090130701483466,-6.283191748677353,-6.283142294334386,-442.66449193419334
910.0,-0.4862036274511506,0.010996421457033213,-1.570637685830522,-5.0899952964268165,-6.283193399240147,-6.283167609621563,-443.15641539018867
911.0,-0.4889624628262032,0.011013068218556243,-1.5706180629736253,-5.084955215202109,-6.283191038741706,-6.283178204033311,-443.6471030422028
912.0,-0.4878008618348814,0.011057145190689609,-1.5705809229083167,-5.081480971536586,-6.283192111459484,-6.283182448611498,-444.1384177680264
913.0,-0.48429354912038497,0.011062213780190079,-1.5705798627884506,-5.081546405732313,-6.283193942605826,-6.28318418795416,-444.6314984157165
914.0,-0.48172846115874995,0.01103160661366451,-1.5706101103269423,-5.087824522576209,-6.283192746388118,-6.283184906756556,-445.1256930957858
915.0,-0.4784956755385425,0.011042528122254995,-1.5705920702784415,-5.08689748389213,-6.2831914070197215,-6.283185343790605,-445.6215606046315
916.0,-0.4721489820633123,0.011066059076634058,-1.5705738870883688,-5.089730627627323,-6.279705311458949,-6.283185376452944,-446.12036710258354
917.0,-0.4688927553237603,0.009301250190250576,-1.57055097165993,-5.083205960611653,-6.281824578014116,-6.283185483541689,-446.62144267267007
918.0,-0.4687413628437883,0.009520529908591395,-1.5706976713092171,-5.0887863237259925,-6.282639381259971,-6.2831854250933095,-447.12251222111286
919.0,-0.47463976395164936,0.00999517964740105,-1.5706965552538437,-5.08053900276483,-6.282973238333896,-6.2831855356500705,-447.62099830539205
920.0,-0.4850693027976732,0.01032009009932851,-1.5706964960805758,-5.074055946020804,-6.283109788030759,-6.283185471773069,-448.11446080805695
921.0,-0.49451404311209707,0.010583153186855236,-1.5706533023669702,-5.075780187140116,-6.2831629502592525,-6.283185370476595,-448.6029012470768
922.0,-0.49532267128768337,0.01082944583518592,-1.5705538420224971,-5.078654274161629,-6.283180514328927,-6.283185435307781,-449.0905043006312
923.0,-0.49400723034978944,0.010907554714279311,-1.5705660551502278,-5.084164711431378,-6.283191194761086,-6.283185445143429,-449.5785225719816
924.0,-0.4925162797701447,0.010952746646760894,-1.5705722027153126,-5.08415960909869,-6.28319194307875,-6.283185546177461,-450.06729935835483
925.0,-0.49397815046765964,0.010942849828758367,-1.5706188147211442,-5.0891691044013125,-6.283194360428755,-6.283185451140165,-450.55520671119183
926.0,-0.495654874078794,0.010981940385748007,-1.5705964876196,-5.0820590004733495,-6.283192100390551,-6.283185560410074,-451.04252127101364
927.0,-0.49393649553162117,0.011028341667125092,-1.570576826580046,-5.079841852149568,-6.283193183662938,-6.283185443295369,-451.53072197636243
928.0,-0.4934038580835814,0.011010365843073288,-1.5706033768531091,-5.074541016424827,-6.28319208291061,-6.283185497122227,-452.01948522732124
929.0,-0.49063793494855285,0.011037810521924445,-1.5705869772162935,-5.071026653417626,-6.283191951319284,-6.283185445167557,-452.50975408496186
930.0,-0.4830115389673818,0.011082621874129846,-1.5705501171759322,-5.06396791577827,-6.283191644395872,-6.28318548802279,-453.0041198471873
931.0,-0.4714768681939927,0.011094127425044939,-1.5705478437436124,-5.061948044435385,-6.283192220933735,-6.283185400148984,-453.50443660594203
932.0,-0.45737282777567784,0.011098527896324385,-1.5705433850157866,-5.055329005720994,-6.2831900141376815,-6.283185489765147,-454.01223382104854
933.0,-0.44497587417222595,0.01104178909491399,-1.5704327616289935,-5.055246649781525,-6.28319210703165,-6.283185390919547,-454.52648815476937
934.0,-0.44068276510094273,0.010961663191687863,-1.5705585253099978,-5.046566748495062,-6.283192147670818,-6.283185489869154,-455.04354668928585
935.0,-0.4437194721969942,0.010911188334357188,-1.5706408050647909,-5.035558889626298,-6.283191983516964,-6.2831854537318295,-455.55968686873155
936.0,-0.4472289926085219,0.010938646790136014,-1.570646103397824,-5.034813005517455,-6.283192911766947,-6.2831853392370185,-456.07405479117466
937.0,-0.45527881512461144,0.01091584420185463,-1.570681269636217,-5.03506887811133,-6.283193045664181,-6.283185428007039,-456.58442887340374
938.0,-0.46456016737973266,0.010938598962979438,-1.5706723861468288,-5.045276048367827,-6.283191928306832,-6.283185444620099,-457.0896326678514
939.0,-0.46550726179859414,0.011058818239385463,-1.5705647347378267,-5.05363633371905,-6.283190682974441,-6.28318549607607,-457.5937093432325
940.0,-0.46501504103484403,0.011051287837068966,-1.5705741548465824,-5.0574700400107275,-6.283193875418573,-6.283185560815473,-458.0978714274349
941.0,-0.462926467780695,0.011062643061735468,-1.5705615555910062,-5.051081371505833,-6.2831906071324415,-6.283185587331066,-458.60330991545516
942.0,-0.461347464480109,0.011037960327375822,-1.570589769306334,-5.0418695515270215,-6.283190603584633,-6.2831855116400535,-459.1099733050687
943.0,-0.45506289888641976,0.01106715380359335,-1.5705740988032504,-5.0460376135512135,-6.2831915973131105,-6.283185362374527,-459.6195641715296
944.0,-0.4557259122897946,0.010966846344079859,-1.5706650288907404,-5.0500201343897775,-6.28319207380102,-6.283185457685486,-460.12890551913677
945.0,-0.4624109541449676,0.010934945324003012,-1.5706870988977917,-5.048703218234211,-6.2831935145438935,-6.283185544362451,-460.63500376041645
946.0,-0.4701246651660633,0.010959899078629935,-1.5706651327088161,-5.049200264092273,-6.283194739246966,-6.283185478067616,-461.1371154487645
947.0,-0.47609665755021463,0.010998889644169368,-1.570631256370444,-5.051994984322986,-6.283193435523231,-6.283185460612251,-461.635972318146
948.0,-0.47554813329460877,0.011070553221162177,-1.5705673585470963,-5.057042872590442,-6.283190995350668,-6.28318545905514,-462.1346920089614
949.0,-0.4746729993672121,0.01105097150014998,-1.5705824599847917,-5.055183855741813,-6.282209660621053,-6.283185566219982,-462.6339159233859
950.0,-0.4705005901747107,0.011065333139208202,-1.5705760829414073,-5.064454912496656,-6.282808837956222,-6.283185461402269,-463.1348322281077
951.0,-0.46841044072201843,0.01102765425750979,-1.5706037668038086,-5.065602321075715,-6.283040988667537,-6.283185574801841,-463.6368637879968
952.0,-0.4697497629327066,0.010997956278145732,-1.5706258327548783,-5.056627318684167,-6.28313682167828,-6.283185551246907,-464.13866915718575
953.0,-0.4766693217494376,0.010943151737450144,-1.5706833701048677,-5.0560395614961235,-6.283178216012826,-6.283185410253931,-464.6371171973554
954.0,-0.47776833663859636,0.01103360061006178,-1.5706032295253411,-5.0619385304342845,-6.283187756155064,-6.283185403012842,-465.1345318176629
955.0,-0.4796071165270975,0.009496360692958387,-1.5705702098377718,-5.0667250920711036,-6.283192323371515,-6.283185463158414,-465.63096275575896
956.0,-0.4780499951892464,0.009156083014146551,-1.565613230736397,-5.071451074441985,-6.283194182250595,-6.283185575841199,-466.1273443565333
957.0,-0.4717738706078193,0.009979212273005657,-1.5670997482904854,-5.080316066659359,-6.283191221777621,-6.283185434167837,-466.6265476514037
958.0,-0.4672899311886826,0.010313041607242298,-1.5682788277217137,-5.081216233326149,-6.283192598914944,-6.28318557892928,-467.12822083149405
959.0,-0.4626178918369769,0.010555276818253584,-1.5690511971401475,-5.085006592851947,-6.283192622274687,-6.283185488564095,-467.6322176513557
960.0,-0.45779563885264357,0.010719246917639787,-1.5695585065280488,-5.0802125661055335,-6.283191335206627,-6.283185584521117,-468.13894120333714
961.0,-0.4592456480986835,0.010752099364923474,-1.569973701661034,-5.07683986141999,-6.2831922116966625,-6.28318548967499,-468.64529735178814
962.0,-0.4641884476564615,0.010813293508057037,-1.5702130263120484,-5.076932890625034,-6.283193904778442,-6.283185443757253,-469.1491984177542
963.0,-0.4658999366803123,0.010920608938941376,-1.5703131177671947,-5.081285229495452,-6.283191651070273,-6.283185426743877,-469.6519302721875
964.0,-0.4651565143709305,0.010975697625043615,-1.5703945859625805,-5.08835760274041,-6.28319154125659,-6.283185452423926,-470.15470602960556
965.0,-0.4630293108824301,0.011010396560728084,-1.5704431875530425,-5.0864059779536035,-6.283191095623536,-6.2831855903985705,-470.65861977959906
966.0,-0.46187850617491577,0.011006356567823311,-1.5705040855435641,-5.078108395738169,-6.283191999376018,-6.283185537531957,-471.16350519779
967.0,-0.4602354283659551,0.011010319394964167,-1.5705482941948155,-5.079633740567664,-6.28319194969871,-6.283185380393571,-471.66917765247604
968.0,-0.45704799953449676,0.01103188025887648,-1.5705514899802147,-5.0773089142021535,-6.283191536646329,-6.283185497690691,-472.17654217385893
969.0,-0.4602635873347199,0.010954813451244482,-1.5706419522532078,-5.079426262944569,-6.283192517838349,-6.283185433412082,-472.6823866948568
970.0,-0.46499403519191707,0.010976115749210938,-1.5706275250180792,-5.076384801184847,-6.283192228868989,-6.283185529910892,-473.185911159299
971.0,-0.46282232739168594,0.011066007703030002,-1.5705557879338776,-5.074170842629457,-6.283191707806438,-6.283185470700686,-473.6904199739832
972.0,-0.4650741767416573,0.010993093511559448,-1.5706301457061542,-5.072276044917292,-6.283193066969452,-6.283185470394702,-474.1940317674289
973.0,-0.46803061424925746,0.011009692272514861,-1.5706115782688181,-5.060941483960233,-6.283192853231433,-6.283185478401995,-474.69656591267506
974.0,-0.47089349296328314,0.010998987814684032,-1.5706373578927693,-5.067377841386663,-6.283194006862341,-6.283185375174232,-475.197383233958
975.0,-0.47371276590420197,0.011012571260558563,-1.5706177470727354,-5.066767392180544,-6.2831929865724945,-6.283185519747257,-475.69675270915934
976.0,-0.4767349527325943,0.011015207933703398,-1.570614553589327,-5.062833164381621,-6.283192072156447,-6.283185520017225,-476.19473043280306
977.0,-0.47705733668891004,0.011038407630575132,-1.5705996778811138,-5.0676814572837605,-6.28319104417673,-6.283185401201204,-476.6922599604052
978.0,-0.47715915321178676,0.011031030745597916,-1.5706042635228565,-5.071518541707379,-6.283193223083696,-6.2831854832370055,-477.1895790491755
979.0,-0.4779577542009351,0.011016605112588113,-1.5706188349097088,-5.080699362778687,-6.283195108932191,-6.283185482098961,-477.6861258856984
980.0,-0.47948264700494875,0.011016021685585728,-1.5706132174724527,-5.085379141294335,-6.283196555577674,-6.2831855518115525,-478.181694153044
981.0,-0.4832101911482589,0.011000714097108216,-1.5706238279897848,-5.0850480193787675,-6.283195010249139,-6.283185574072677,-478.67540494676473
982.0,-0.48318589465623446,0.011051554876173368,-1.5705798900483003,-5.085938988879068,-6.283193982570559,-6.283185497030016,-479.16895489495255
983.0,-0.4832060973088944,0.011031738737249396,-1.5706043910141063,-5.094076394622543,-6.283195425656294,-6.283185461434952,-479.6621852602081
984.0,-0.4834641596560557,0.011026113107675909,-1.5706104175564721,-5.108480733582485,-6.283194283888417,-6.283185538382461,-480.1546835598785
985.0,-0.4824796662764122,0.011049270852350086,-1.5705773031371304,-5.111895886043251,-6.283193388862759,-6.2831856327848055,-480.64748499063296
986.0,-0.4857867195042193,0.010994908243820467,-1.5706314527897642,-5.1198443934371065,-6.283194712937629,-6.283185519539763,-481.1383881146091
987.0,-0.48835088761784895,0.011024829114600206,-1.5706026388527916,-5.129372790318003,-6.28319410750441,-6.281496194682345,-481.62750036870375
988.0,-0.48435042777732756,0.011106772649435496,-1.5705181025975397,-5.124602047062362,-6.28319123798648,-6.2825213496249805,-482.11866193862556
989.0,-0.48407273382777555,0.011036155451100543,-1.5705881990574317,-5.115265840023161,-6.283191888319977,-6.2829118398425665,-482.61051932538373
990.0,-0.4868333285884732,0.01100042898567774,-1.5706355482116081,-5.1225965073794795,-6.283193874482817,-6.283072988400019,-483.1007356077934
991.0,-0.48700739590514974,0.011046322154907395,-1.5705878475740598,-5.1284177808787765,-6.283194351556139,-6.283139291803733,-483.5905086812698
992.0,-0.48113452612922986,0.011107711163828098,-1.5705290367589706,-5.1307746248284545,-6.283193391944228,-6.2831665563717225,-484.08305620997265
993.0,-0.47853393137229533,0.01104202884848648,-1.5705904315589367,-5.131909229027153,-6.283195195319917,-6.283177724959586,-484.57705692525826
994.0,-0.4790243715014673,0.011012343849561183,-1.5706183308308888,-5.1360669474955385,-6.2831952234866035,-6.283182269006298,-485.0707152415041
995.0,-0.4793654586842087,0.01102233279158482,-1.5704317182318328,-5.141356080641088,-6.283194009186523,-6.283184171514542,-485.5639391075655
996.0,-0.4786602933678424,0.011048705046550165,-1.5704673023848204,-5.146703705339134,-6.28319261607652,-6.283184959421438,-486.0572822686056
997.0,-0.47954277451219474,0.01102158061967567,-1.5702490937361457,-5.1507738038220685,-6.283195686459819,-6.283185304215528,-486.5500275581508
998.0,-0.48141410761372283,0.01103656041044101,-1.5703528238636775,-5.150310370869132,-6.283194202279214,-6.283185463766692,-487.0418353667081
999.0,-0.48392753121525023,0.011030974450436734,-1.570444393167714,-5.158932140476436,-6.283196395191925,-6.28318543449159,-487.0418353667081
