time,shoulder link,upper arm link,forearm link,wrist1 link,wrist2 link,wrist3 link,total_reward
0.0,3.158303602968831e-05,5.9317999192086175e-05,6.18189650275049e-07,-0.00024269778426167204,-6.66508812524148e-06,-0.0001565566851843213,-0.9111607981031667
1.0,-4.500462841311282e-06,0.004578760443145941,-0.005034025616055775,-0.011259988780113979,-0.011114570124329192,-0.0103291518369995,-1.8231376061190687
2.0,-0.004864139629646279,0.008749633981856776,-0.014218029459895335,-0.017895768838056696,-0.01368902001779236,-0.02390607672810191,-2.7327828861242773
3.0,-0.014754746489445835,0.011094135128446987,-0.026647058578955097,-0.03005909032407615,-0.022827480240728924,-0.03139786651249501,-3.635918403739612
4.0,-0.025771224801204536,0.012446657094364414,-0.039496248046920396,-0.03903805760467009,-0.036498615620924185,-0.04554129879809834,-4.530970141106855
5.0,-0.03876959310141007,0.013349229311504111,-0.052305000465972536,-0.044297694004223793,-0.05183784944092366,-0.057449758968139183,-5.416488540613974
6.0,-0.05341626138887475,0.01410866544743291,-0.06706291501387071,-0.05752345731098136,-0.06546647343126018,-0.07337357788410018,-6.291355752290325
7.0,-0.06581364431933293,0.014484472432236061,-0.08325253998829091,-0.05188429965131314,-0.07566983584035566,-0.09104107794476456,-7.155832645026722
8.0,-0.0790207393989937,0.01469306310248631,-0.10032020251650996,-0.03842606360469627,-0.09088463913694098,-0.10943136319281258,-8.008948184923204
9.0,-0.09422077236740008,0.014706145008678019,-0.11682654806876779,-0.024239826851811534,-0.09906010222328736,-0.1243828556160838,-8.849660525597878
10.0,-0.1088033834838716,0.014722613802364724,-0.13304219077979954,-0.007336784030769176,-0.11138321237584316,-0.1415866776936897,-9.67801594278731
11.0,-0.12412356855380381,0.014843633642309147,-0.15007702518322347,0.005670324157304526,-0.12508512689886822,-0.15978376514470846,-10.493596234957836
12.0,-0.1407250654377528,0.014893811306171964,-0.16772376236839195,0.01911152893493311,-0.14179499137396914,-0.1760400301479057,-11.295329872633294
13.0,-0.1581936133985125,0.014743977883937748,-0.18400932984765894,0.034708503819324665,-0.15648987511493095,-0.19380691645724546,-12.082771215255928
14.0,-0.17337103214758445,0.014826237172962508,-0.2010658867457128,0.05140288962212626,-0.16991481353785545,-0.2122373567189775,-12.857092923458133
15.0,-0.18871221905085125,0.014812494680077726,-0.21806104919241442,0.06605155665229291,-0.18649129765245723,-0.230943247955065,-13.618225857615004
16.0,-0.20529371303659377,0.014847726564905926,-0.23564111617209846,0.0831352529009765,-0.19889809918862847,-0.24976299243620276,-14.365375678560408
17.0,-0.22272193409103308,0.014501423352990596,-0.24921835664763586,0.08914847695076362,-0.2150205358693067,-0.2686298344469525,-15.09870721928429
18.0,-0.23875617063377177,0.014708810258878957,-0.26439532699468155,0.10272447242053687,-0.23176996104774608,-0.28708540300076635,-15.818670128007087
19.0,-0.254179150312655,0.014840775185377134,-0.28080336957905877,0.11126921939343233,-0.24976614291168436,-0.30579427976801143,-16.525518155454893
20.0,-0.26571299656446495,0.014619246635086191,-0.29484188604577755,0.11870547063693153,-0.26829099424682795,-0.3246151899644231,-17.22167261139847
21.0,-0.276026275765506,0.01471306969039026,-0.30954988847154424,0.12070260518777437,-0.2870384331054848,-0.34348242323149947,-17.908212310478834
22.0,-0.28810364987907217,0.014810438716148464,-0.3256379617080067,0.13264423868789896,-0.30587537248103863,-0.35770548151123904,-18.58359142607872
23.0,-0.30243281759824403,0.014859079784571308,-0.3426394157544876,0.1323974264389998,-0.32475076653674245,-0.36782362226777715,-19.246598352818143
24.0,-0.31625914548480677,0.014853365128485863,-0.3602625011678801,0.12794764028570893,-0.3420228870327113,-0.37868749840734467,-19.897457598356795
25.0,-0.3274252904849803,0.01460847761426531,-0.3757608608291939,0.12476115282981973,-0.35665392125486917,-0.3941893467230792,-20.53804460569229
26.0,-0.3398856033589453,0.014416036777333363,-0.38891607016959934,0.12403648466853424,-0.37372974574306195,-0.4094501804165677,-21.168032257737906
27.0,-0.35464784144647116,0.014257012547460255,-0.402563467632888,0.1277609891627626,-0.39187628257511103,-0.4268075557306444,-21.785783084350115
28.0,-0.3683528173085478,0.014225590804291484,-0.41523795551874676,0.12653893411780245,-0.4084503955797982,-0.44506877126328576,-22.392180709015214
29.0,-0.3829315660207546,0.01452755934923172,-0.4298580183620453,0.11890334330391504,-0.4254073268546062,-0.4637046480718153,-22.98679854698373
30.0,-0.3987157924897777,0.014270401885440601,-0.4408563109828813,0.11314963660791395,-0.4434872925683879,-0.4753039053018543,-23.569165897188295
31.0,-0.4155328737358947,0.014549513877200246,-0.453762415729329,0.09974533640842087,-0.4620497464885327,-0.48068507580156367,-24.138745287523665
32.0,-0.4329504482394312,0.014731268114345851,-0.46865302061383796,0.08682151244024776,-0.47645741279407233,-0.4931039612968895,-24.694886757431156
33.0,-0.45083249064828596,0.01454878928659761,-0.4818437524391808,0.07148895976084604,-0.49342682368827356,-0.507972480633821,-25.237396291961506
34.0,-0.4681861850916427,0.014682635381604463,-0.49682406361650766,0.06024079869438489,-0.5115298543534544,-0.5251825943675595,-25.76623095273392
35.0,-0.48187975383133225,0.014759691534821045,-0.5131031960551276,0.044613636505871,-0.5294760221087582,-0.5397645054573448,-26.28328554378855
36.0,-0.4958938442641871,0.014333608286052419,-0.5251446999911763,0.02707295135153129,-0.5471760779612559,-0.5568177066519003,-26.7891530389056
37.0,-0.5087459886224119,0.01451185796788462,-0.5392679486197659,0.024742198725033242,-0.565568291561467,-0.5690918729238342,-27.28399360271115
38.0,-0.5181682888366825,0.014650687304816515,-0.5549667781455838,0.017064930704518613,-0.5841172051636158,-0.5851524119899275,-27.769577142988627
39.0,-0.5245928988521525,0.01468782619227919,-0.5717431070136045,0.002880087312375654,-0.6014182954967026,-0.6003814682526143,-28.24762924030098
40.0,-0.5336801917626738,0.014630329164108707,-0.5892536781405451,-0.014059892627297874,-0.6196304580432412,-0.6177213254481723,-28.716594746694888
41.0,-0.546306453718972,0.014493949914620953,-0.6068341162431873,-0.023394979824878974,-0.6359368853729193,-0.6340018992804572,-29.17419253584953
42.0,-0.5612657919491773,0.0144693736184894,-0.6248055843405466,-0.0373285488619026,-0.6469964884737605,-0.638589646858192,-29.619185338701318
43.0,-0.5740846311964611,0.014378490871535215,-0.6421335119632936,-0.05417167357668011,-0.6538323703673121,-0.6412449287660134,-30.052917620140448
44.0,-0.5853923153335915,0.014365616061878899,-0.6597655809639325,-0.07144997270840414,-0.6635118132447693,-0.6453131405757804,-30.476244613959
45.0,-0.5985113202329019,0.014340696238414654,-0.6778230994846982,-0.08965366856263524,-0.6726155503535243,-0.6559544011431766,-30.8880901536357
46.0,-0.6137033445497435,0.01395916550244495,-0.6922254873850184,-0.09955945398405691,-0.6805202800424117,-0.671403566184775,-31.287672923590584
47.0,-0.6295113162790038,0.013967156312828298,-0.7059214727919967,-0.10713497109946903,-0.6944050263661715,-0.6888759116712253,-31.674728003966656
48.0,-0.6461867385024588,0.014189954343506573,-0.7212588831224691,-0.12126452441760179,-0.7078017293795145,-0.7071856784027083,-32.04860181643649
49.0,-0.6623654751897788,0.014200280685201985,-0.7369142289924979,-0.13465752701743458,-0.7243699979060136,-0.7248214670161715,-32.40927296177952
50.0,-0.6726420147567281,0.014293458871613804,-0.753594088040322,-0.15121955948166774,-0.7423105286936377,-0.7421102418141631,-32.75979795399641
51.0,-0.6826306046562494,0.014258961367429174,-0.7710645587452043,-0.16913692200595928,-0.7597662693444834,-0.7541618632814064,-33.100399902367535
52.0,-0.6920006546721548,0.013999938624463795,-0.7865937767296604,-0.18375635265733734,-0.7780530834690417,-0.7701249280446141,-33.43156318490258
53.0,-0.7016543452426521,0.014062990252625203,-0.8031542309178632,-0.200797295618869,-0.7899655658339058,-0.7878079333870085,-33.75330050063665
54.0,-0.713882850027739,0.013588993594950317,-0.8142610378638463,-0.21894699247285285,-0.8058756640702782,-0.8062048669256904,-34.06481625252747
55.0,-0.7285918748385826,0.013833784983626288,-0.8277022106577154,-0.23197614827472188,-0.823542803355364,-0.8248967837892912,-34.36457420846029
56.0,-0.7448387803016852,0.013856831386427914,-0.8409037836430778,-0.2483547166382249,-0.8305444823410248,-0.843710734987452,-34.65187139301423
57.0,-0.7601117019719257,0.013953977846389107,-0.8559459007345342,-0.2550649805069764,-0.8445251933691458,-0.8591043895791982,-34.926850658275306
58.0,-0.7760143853575955,0.01402591805487139,-0.8722842449076665,-0.26889448263494936,-0.8613923561077516,-0.8755898773072934,-35.188807154542666
59.0,-0.79056729579343,0.013737037014656625,-0.8861147162960652,-0.27834803843388495,-0.8765532515416589,-0.8725173379488196,-35.43888117590735
60.0,-0.8058678345508324,0.01354359358026823,-0.8970941668170986,-0.29324458253762725,-0.8938560970913013,-0.8824000114643219,-35.67732205745726
61.0,-0.8218069713187304,0.013794953559497848,-0.910523323652924,-0.3104742320131744,-0.9076214034583544,-0.8948360769817867,-35.90359628801499
62.0,-0.8378897259841063,0.01388833759818953,-0.9258004605299445,-0.3282008760716636,-0.9243228973488387,-0.9093008457864002,-36.117118639999006
63.0,-0.8547089856515306,0.0134841453376565,-0.9371144069066868,-0.3429286453705491,-0.9405841841632787,-0.9263368069353486,-36.31833704540853
64.0,-0.8671963189289129,0.013669679593915705,-0.9507121119640755,-0.3467112001340949,-0.9514458800016105,-0.9444652626170937,-36.509715106322886
65.0,-0.8801174444977272,0.013692315005238683,-0.9647682454174233,-0.35937799523761743,-0.966925672960901,-0.9630463384450755,-36.690756500895226
66.0,-0.8950851680574301,0.013566444193206843,-0.9779768695171364,-0.37571917435557073,-0.9828427971987381,-0.9813783558418008,-36.860551270506534
67.0,-0.9115040604438659,0.013557808352146324,-0.9916203793983568,-0.39354016275780285,-0.9947402656935114,-1.0000360788356224,-37.01860209899192
68.0,-0.9288180644616049,0.01338342342350279,-1.004032643003568,-0.4059821578911964,-1.0073072178055225,-1.0121999372001615,-37.16527443327395
69.0,-0.9466868871445521,0.013198345576036939,-1.013415776824406,-0.4221068979264773,-1.0231964533393234,-1.0224261689592697,-37.30148556518471
70.0,-0.9649914695368698,0.013464783690543568,-1.0257655934046108,-0.43704778721489657,-1.0362100584780873,-1.0376388343799372,-37.427417838399
71.0,-0.9834852586311915,0.013349657195926352,-1.0375908592389138,-0.44627657008665755,-1.0525975553926425,-1.0461867637046596,-37.54413661119197
72.0,-1.001025595878323,0.013478640324598574,-1.0516604666864255,-0.45239688464187694,-1.065908627101896,-1.0543914019551508,-37.652683465812025
73.0,-1.0186728923553976,0.01328834963914442,-1.0640427668493333,-0.46072345775450363,-1.0797563393095861,-1.0664583041976972,-37.75451504328797
74.0,-1.0319378135016586,0.01324290689582361,-1.0764549422373262,-0.45819274535735205,-1.0915312554728787,-1.0755305972066984,-37.85197784518652
75.0,-1.045809965509364,0.013306940478600116,-1.091012771280451,-0.45044286476484896,-1.0884505100395236,-1.0902842871841112,-37.94530381551779
76.0,-1.059569555966557,0.011300445256621933,-1.1068418300540912,-0.4487321683271075,-1.0940025511097504,-1.1066025670100361,-38.03367650580413
77.0,-1.074581571840613,0.011285329028397741,-1.124145392919628,-0.4426186951197443,-1.1073093451357146,-1.1199665871110385,-38.120182916749506
78.0,-1.0910091077120483,0.011893788755191785,-1.1417503274155258,-0.4391623600647237,-1.1239018233992952,-1.1331462005239874,-38.20755362506749
79.0,-1.1065518671007806,0.012219340830568871,-1.1595339705529932,-0.4266543323080389,-1.141851137382766,-1.1496220379757836,-38.29791829899498
80.0,-1.1144689104391214,0.012516322281440097,-1.1776192367760987,-0.4103815551935553,-1.1550277110187857,-1.1591705062754083,-38.38956729758328
81.0,-1.1162829579168454,0.012397208179153059,-1.19156761980051,-0.39550084304221966,-1.1601327303737659,-1.164696897056344,-38.480353577496906
82.0,-1.1114487289616255,0.01249782112653696,-1.203439709660176,-0.38903631988390575,-1.1674717641143737,-1.1780417254626026,-38.56797466926979
83.0,-1.1052023157267676,0.012566116314648067,-1.215597633634087,-0.3802169427037809,-1.1812956510449444,-1.1946447336217894,-38.65269752355248
84.0,-1.0959894246789932,0.01275501507472112,-1.2299042821906383,-0.37209473654985237,-1.198098384548005,-1.2125951370191062,-38.73389111907332
85.0,-1.0834595836449656,0.012784679508934717,-1.2455660759898879,-0.36183234041626244,-1.216130480906775,-1.231102630405465,-38.811320941603725
86.0,-1.0722565580163703,0.01255671318060214,-1.2595014994892375,-0.35228231658255915,-1.2346656040038275,-1.2498404838000747,-38.886515585081675
87.0,-1.0672799771101211,0.012497530207257277,-1.275051898919904,-0.3373306594421819,-1.2534113188252773,-1.2644293498873127,-38.96235516895175
88.0,-1.0656338310746136,0.012479287840139453,-1.2916953899054644,-0.3227625851362758,-1.2722526365408526,-1.2814745592694923,-39.040145143488324
89.0,-1.0680568675522906,0.012252160992515564,-1.3055110662723313,-0.3177543823696856,-1.2911262633343068,-1.2996059109178921,-39.1199421810272
90.0,-1.069138640680204,0.010161558258626156,-1.3206945889907165,-0.3144623181900536,-1.3100231116997383,-1.3157829516681419,-39.2012687402959
91.0,-1.0726438455441412,0.010217372507371017,-1.3364699471829977,-0.3075813735866667,-1.3229409275424882,-1.3333559555772434,-39.28558117096787
92.0,-1.077970423619375,0.010875860402760618,-1.3530519739738078,-0.2939077499145863,-1.33078400011058,-1.349688209760586,-39.37435054631565
93.0,-1.0805205692398674,0.011409165806965974,-1.3703577494804426,-0.28848198253295215,-1.3399325188170104,-1.363376605853116,-39.46654475362182
94.0,-1.083031945740674,0.011597948250371524,-1.3881978047901709,-0.27881136020305447,-1.3540550583146274,-1.3800510242981638,-39.56317313511197
95.0,-1.0793983682050998,0.011564770570423415,-1.4024257138789364,-0.26379464241998074,-1.3596869149960114,-1.3980289949622273,-39.663021022967754
96.0,-1.0764609200209336,0.011699954242425007,-1.4176274654745518,-0.24921240427670363,-1.3667111484073553,-1.416547925437613,-39.766620498330674
97.0,-1.0771948800594797,0.011734912395868735,-1.4340925270234384,-0.23214554884142652,-1.3806185003563252,-1.429009485220198,-39.875625160610426
98.0,-1.079943158753633,0.011700287055595435,-1.4487768347618284,-0.2310773839661471,-1.3858478050477527,-1.439068443826539,-39.9880942173793
99.0,-1.0865158896952904,0.011598415849429626,-1.4623680696185068,-0.23213189351403993,-1.3867885378275457,-1.4542127308923267,-40.10405322145321
100.0,-1.0927218095210285,0.011637010339254999,-1.477621672478351,-0.22194265993335596,-1.395534564485148,-1.4715574007766972,-40.225468514764394
101.0,-1.0929721729642823,0.011746888100806912,-1.494045254667088,-0.2157217321523307,-1.4081867981426357,-1.4859601633149306,-40.35157379244135
102.0,-1.0966474206287473,0.01148187004421136,-1.5090184786371783,-0.20210996353814953,-1.4244599350461418,-1.502935373241375,-40.483599264810636
103.0,-1.094430174373568,0.011613515292604877,-1.5243439748379477,-0.19970275293308345,-1.442286180553228,-1.5210377395945076,-40.61980741574686
104.0,-1.0898809103074285,0.011354835623832285,-1.5357084867877524,-0.19690878427438308,-1.4580979585423697,-1.5252027687956138,-40.75902236049985
105.0,-1.0852939629585543,0.011333158715985173,-1.5471453986507429,-0.19022220908639598,-1.474556030094454,-1.5380706430325566,-40.90168147112766
106.0,-1.0851930713626092,0.011106509948145302,-1.5549651452144388,-0.183738389556492,-1.4924232457269284,-1.5544787233539177,-41.04767680630221
107.0,-1.086280059122048,0.011039818936342387,-1.5601258973639667,-0.17331704882655,-1.5109008066694796,-1.5723485858826514,-41.19693525325033
108.0,-1.0836434957336194,0.011086801689258644,-1.5635104922030805,-0.15819318470853358,-1.5296296505308296,-1.5874772927611434,-41.34902279501212
109.0,-1.0792078558610008,0.011129379802050629,-1.5657857864922535,-0.14129011679188758,-1.5482797188301367,-1.597983867964503,-41.50363140569756
110.0,-1.0754077633693921,0.011201350754203053,-1.5673063310781756,-0.13489761223685443,-1.5670710595852686,-1.6133214525767663,-41.65965127556453
111.0,-1.074540132786099,0.011148878210362409,-1.568364959737368,-0.12116988435267781,-1.585924085820133,-1.6307463493159244,-41.81801347994416
112.0,-1.0725100216668924,0.011260292546459685,-1.568994744619434,-0.11953177754383905,-1.6048085443035394,-1.6490364502441797,-41.977310940748225
113.0,-1.0715860722770496,0.01127275200256673,-1.5694555932446044,-0.12428092277532987,-1.623217832085127,-1.6676843954724327,-42.13692538220223
114.0,-1.0663534468389777,0.01128968351753584,-1.5697152105899936,-0.12094702214880187,-1.6395483775297324,-1.67960922783721,-42.29699471539535
115.0,-1.0613770833530212,0.011295024536202052,-1.5699333943667992,-0.12247659078042336,-1.6502510979938028,-1.695526916069839,-42.456828630692975
116.0,-1.0636043232957897,0.011213404505164212,-1.5701481741706977,-0.12675377220521286,-1.659387514631297,-1.7126116251664636,-42.61689031267768
117.0,-1.0708295189695127,0.011152655488633803,-1.5702649826392527,-0.12284340200438583,-1.6595096675983274,-1.7307511689933983,-42.77829549800615
118.0,-1.0735274676605324,0.011280483191869277,-1.570227683885397,-0.12359699984187503,-1.664942068815932,-1.7493364326033003,-42.94028303768962
119.0,-1.0744752566640399,0.011290472979527292,-1.5702589236409283,-0.12298314375055604,-1.6781846431901364,-1.757710522141095,-43.10307929269448
120.0,-1.0721559401603569,0.011315659273021786,-1.5702580364854921,-0.11980930449810742,-1.6947490715919131,-1.7722338478867956,-43.26660611723504
121.0,-1.0645238209961252,0.011368737983625029,-1.570234022967582,-0.11714040830309232,-1.7126849574468959,-1.7808248627556924,-43.43008366739771
122.0,-1.0585500213686447,0.01128831610769845,-1.5703077610716374,-0.1083155733813931,-1.7249760122611209,-1.7954059487048413,-43.59413722946647
123.0,-1.055281454398971,0.011285857143325412,-1.570341219144046,-0.10525659188349903,-1.741039057964669,-1.811328090565763,-43.7587295639106
124.0,-1.0518919805850135,0.011262033874074411,-1.5703479835379117,-0.09510168048985791,-1.7587689447847774,-1.8263443043554772,-43.92460930906157
125.0,-1.0532471636288785,0.011205403860756464,-1.5704042326751897,-0.08201885970805955,-1.7727763713205749,-1.843593352215462,-44.09255226240597
126.0,-1.0570646686773917,0.011157015083149804,-1.5692354486684197,-0.06555830702278449,-1.7867412379721601,-1.8618096131300355,-44.263023960393035
127.0,-1.0577259972293005,0.011352838710425629,-1.5695087535266985,-0.05667593226989837,-1.8033457418815941,-1.8759173352687109,-44.43526511835806
128.0,-1.0589634152594445,0.011378460340743489,-1.5697848689609226,-0.06245913664268462,-1.815957897194884,-1.8927592619011802,-44.60771694266602
129.0,-1.0612889472199376,0.011288125539791779,-1.5699951429347891,-0.05817790324573982,-1.8321691558143958,-1.907169721807795,-44.78166544226245
130.0,-1.068638048843806,0.01123551728453665,-1.5701614224863791,-0.055297556160253364,-1.8499541840073217,-1.9241516756182238,-44.957967681442135
131.0,-1.0699098747963331,0.011329294823401611,-1.570148592309174,-0.051496669040253636,-1.863614001284879,-1.9397288612757249,-45.13556570972207
132.0,-1.0643081165593336,0.011382445665967328,-1.5701537065931022,-0.04651610674758952,-1.877042519596543,-1.9572120464746638,-45.31323300209769
133.0,-1.056642994779197,0.011348600670676853,-1.5702115404663357,-0.037014548568075185,-1.8832023370462523,-1.966707060462917,-45.49076060522529
134.0,-1.0469813293271142,0.011360872342448827,-1.5702352654336904,-0.028686978552793712,-1.8968206272257682,-1.981662966240314,-45.66809378717122
135.0,-1.0364811145124408,0.011351797412221335,-1.5702652298996982,-0.020946860915584748,-1.9135379108624773,-1.9989310583887956,-45.84527464963333
136.0,-1.0309766249366727,0.011246442317647482,-1.5703566755091247,-0.00673339677354,-1.9315318854385175,-2.017156442711879,-46.02375015770129
137.0,-1.03294163592072,0.011227746307137574,-1.5704159895227698,-0.003617199267987878,-1.9458514597465695,-2.034178119602182,-46.20326176588487
138.0,-1.033038627526775,0.01127460573098251,-1.5703640727891919,0.0011581314655666525,-1.959560194038192,-2.0510025556491422,-46.38370688638035
139.0,-1.032887636756481,0.011246119126392534,-1.570370399073182,0.01417604402052369,-1.9762560989192604,-2.0681466900436183,-46.56596672061439
140.0,-1.0371880994857274,0.011279626227681847,-1.5703933202341454,0.009859115299800946,-1.9815753059308518,-2.0863053279499497,-46.74862182087124
141.0,-1.039792988266367,0.011254257750656237,-1.5703653322688604,0.01919700928225276,-1.994891067970118,-2.1048982091385637,-46.93303367961641
142.0,-1.0401040305077027,0.01131864068907289,-1.5703332760363637,0.0211766588990927,-2.003091078547701,-2.123671269244752,-47.11799394015191
143.0,-1.037274872958437,0.011307524543707991,-1.5703178008018415,0.03221514663699367,-2.017511759612272,-2.1425186967835512,-47.30405075371054
144.0,-1.029324188728718,0.01137919376333455,-1.5702742581941682,0.03855592301039431,-2.034561453294586,-2.161396937867225,-47.490027015575066
145.0,-1.0193365437439554,0.011344062792292971,-1.5702910816959437,0.051317341568289224,-2.0525284137452644,-2.1786614062497436,-47.67632813287545
146.0,-1.0172037758368706,0.011226706171219649,-1.5704014620229154,0.06634537874424708,-2.071032822520723,-2.1939366127123647,-47.864302618346386
147.0,-1.0223451379201427,0.011173754990768892,-1.5704488355092396,0.0832497356170342,-2.0894015244410924,-2.2112873980279746,-48.055147270235864
148.0,-1.024370876336299,0.011292603578728829,-1.5703663076968495,0.09236145918540495,-2.102616718309997,-2.2295454340060994,-48.24757456534622
149.0,-1.0240209876817008,0.011313703648593784,-1.5703445822665698,0.10173223298595804,-2.1125120222624534,-2.248179955138148,-48.44114482469936
150.0,-1.0219764008634662,0.011309599107226323,-1.5703370319178147,0.11484863792160727,-2.1275967500143484,-2.261552795532217,-48.636062400001684
151.0,-1.0178779813140693,0.011314001060943098,-1.5703278178242774,0.13133300162526002,-2.1443904557625317,-2.2778166377010236,-48.83238773299225
152.0,-1.0140966422295477,0.011336221728144007,-1.5703393713623388,0.13751075602227017,-2.156579215717693,-2.2956199843029497,-49.029033487843996
153.0,-1.0156927728928813,0.011247118862689694,-1.5704045771508102,0.14672094204996572,-2.16970699273072,-2.3044345210859563,-49.22704385981153
154.0,-1.0177127350965163,0.011271038489933417,-1.5703840146480825,0.15361790516424256,-2.1861757975892377,-2.3185517867790506,-49.42632008068047
155.0,-1.0204192715830547,0.011281531293887499,-1.5703810114675136,0.15593444154211766,-2.2031225150667213,-2.3257059701769367,-49.62651733913185
156.0,-1.0168262932793752,0.011346973565445317,-1.570308542728328,0.15987278421268142,-2.2194598815357045,-2.335505071169303,-49.826779128295684
157.0,-1.013512995494085,0.011318000362837142,-1.5703402534396753,0.16115782128145947,-2.2369360237600797,-2.350570083270417,-50.02685171303402
158.0,-1.0084967188130132,0.01128810935550718,-1.5703352192521878,0.1727993476193434,-2.255244128165826,-2.367882679684867,-50.22747581895147
159.0,-1.0093517017778162,0.011222493920605819,-1.5704096054203494,0.18293794496716428,-2.2716888925923415,-2.3861264916247773,-50.42938232521213
160.0,-1.0074444548667552,0.011308945260534128,-1.5703515895193867,0.184524373165264,-2.2861153036733683,-2.3990591092274247,-50.6312975876928
161.0,-1.0092968482080118,0.011225695874662727,-1.5704056116620622,0.1932058378603022,-2.3009719952775427,-2.4107929404890727,-50.83444728025202
162.0,-1.0117122809591765,0.0112691110187628,-1.5703861601866462,0.1939398493373113,-2.3181667076254535,-2.42011403490508,-51.038228301886775
163.0,-1.0078017234998737,0.011324869149692858,-1.5703166137035154,0.19995897370763127,-2.3357762916772127,-2.434963228922311,-51.2420514643657
164.0,-1.0017550371432735,0.011320013039630887,-1.5703228439713068,0.20670741549047555,-2.3507542859846744,-2.447541598638744,-51.445582823204624
165.0,-1.000327939972623,0.011236207883450467,-1.5703913866515917,0.21761016144523349,-2.3645946418566646,-2.460790917204001,-51.649937861588484
166.0,-1.0004585533121968,0.011193228598856993,-1.569198373625904,0.22886911140973673,-2.38134806519252,-2.4744124376698506,-51.85514032761526
167.0,-1.000626451154247,0.011333721703042894,-1.5695351165730835,0.22545341049234432,-2.3993606008734845,-2.49107959466973,-52.06015697549926
168.0,-0.9998195174348999,0.011308305283121428,-1.5698051998603189,0.22393614536392073,-2.414423858531215,-2.5058590204945106,-52.264982395880644
169.0,-0.9935292797450537,0.011351875467610078,-1.5699383665862126,0.22155640022754544,-2.4316805348403134,-2.521041203685193,-52.468589317753064
170.0,-0.9887015021541199,0.01128796712797378,-1.5701084419389575,0.22119085948263742,-2.44989684559546,-2.5381972623868636,-52.67135571078215
171.0,-0.9806499837161182,0.011307827883790434,-1.5701598747898613,0.223855415545434,-2.4654551755430307,-2.5563723389221096,-52.87305379630388
172.0,-0.9747888611659834,0.011243819679303189,-1.5702626888912359,0.23296506699150968,-2.482918231646878,-2.5749725758770614,-53.07457632254635
173.0,-0.9737995871069329,0.011195257389771751,-1.5703468702696306,0.24442812112531095,-2.5012232272359216,-2.5937486563854395,-53.27682958313292
174.0,-0.9792696643615892,0.011143834607378054,-1.5704139929939367,0.26019955719089705,-2.5149859043352847,-2.6089712066378032,-53.48117132899284
175.0,-0.9894509030252566,0.011156378590566458,-1.570430476770704,0.2748574354346689,-2.5234181136361222,-2.6111450512439434,-53.68840229346778
176.0,-0.9956612041126266,0.011264952994049048,-1.5703580293636341,0.2855849469979963,-2.5263823906327136,-2.623212207038644,-53.897685626455115
177.0,-1.0003874350487774,0.011283643039725845,-1.5703531951917404,0.2961801675189676,-2.53870977813631,-2.639289758734492,-54.108690262642526
178.0,-1.0004555288067354,0.011353053008849834,-1.570312043665613,0.2987743531102643,-2.554896874885759,-2.6546914285951346,-54.31985554722452
179.0,-0.9948740261981427,0.011385238003567695,-1.570283071734771,0.2985531684753232,-2.572676639844912,-2.6721053277963662,-54.52980935616226
180.0,-0.9847224406737292,0.011371834340483118,-1.5702764592180705,0.30361674063594934,-2.5911134656979287,-2.6888171739897637,-54.738117372669905
181.0,-0.9714991063155257,0.011349249511171649,-1.5702839217776288,0.3148175874780328,-2.6098208435495804,-2.706785705061919,-54.944841684642896
182.0,-0.9659904609335823,0.011215352705569339,-1.5690376280862508,0.31336313680934824,-2.6275238264209424,-2.7253000597189785,-55.14993765487239
183.0,-0.9606919302892263,0.011287429807916216,-1.569425343490968,0.31949023819449807,-2.637651498530303,-2.7421650685468775,-55.35459367981635
184.0,-0.962383032693656,0.011174284753183356,-1.5698203771423482,0.3330496918133907,-2.6528540618778966,-2.757942108673409,-55.56036780647419
185.0,-0.9644357653077684,0.011240118525311836,-1.5699969941220588,0.3342794868972638,-2.6590752687422854,-2.7755118174890065,-55.766506756295776
186.0,-0.967180656196649,0.011241517469765244,-1.5701322352528395,0.33361746687249894,-2.671256612263573,-2.7935453909764565,-55.972827062169934
187.0,-0.9695620799300158,0.011258115761308876,-1.5702083598140506,0.3298030641919168,-2.6873569408648175,-2.8120817466049783,-56.17896697289037
188.0,-0.9725679692112548,0.011231234779633248,-1.570273189491302,0.33187795723826563,-2.705100648438232,-2.8293057946524387,-56.38545335281425
189.0,-0.9691729828369451,0.011288618324110407,-1.5702451427389696,0.34092663191371075,-2.7151478245855354,-2.84631991468032,-56.591844041307915
190.0,-0.9669311411623471,0.01125820928722479,-1.5703148228926842,0.35017006768278,-2.7301509682936325,-2.8549103228990838,-56.798223455312325
191.0,-0.9671685047202395,0.011245854951449738,-1.5703594068110722,0.3544966032012721,-2.74308612653338,-2.865851777291372,-57.00467942523282
192.0,-0.9683454575243681,0.011222393902401779,-1.5703756375651963,0.3660276795238149,-2.759448214474275,-2.8813981297515716,-57.211791051793675
193.0,-0.966058025504314,0.011274798711345782,-1.5703441036539796,0.37704635140905907,-2.770356453655436,-2.897901187971486,-57.41904289111972
194.0,-0.9606604011507799,0.011258276216611489,-1.570331600782561,0.3852806754707884,-2.7858602386103732,-2.905112154708284,-57.62559055204697
195.0,-0.9621476108535594,0.011175885743271906,-1.5704274015108413,0.38927555257256186,-2.7939494565947083,-2.9191649356516445,-57.83243116705516
196.0,-0.9585288449315607,0.01126021040085875,-1.5703525645860745,0.396663139655139,-2.8083433881304707,-2.9360605839059835,-58.03879716746169
197.0,-0.960259358013691,0.011214375042170483,-1.5704280077606299,0.3940877376305237,-2.8233995046603266,-2.9531087084503134,-58.24482988694378
198.0,-0.9567055109154674,0.011275939738519002,-1.570352258534687,0.39690805459666534,-2.83382839245645,-2.9712254362129205,-58.45015584795662
199.0,-0.9582475100484331,0.01117774330061501,-1.5704280551676597,0.40913333977404287,-2.847548653881854,-2.988714425718425,-58.6561219417651
200.0,-0.9573536965099735,0.01123402826138898,-1.5703829874531843,0.4238518877933969,-2.864282111100848,-3.0056012684647015,-58.86240251687868
201.0,-0.95505781569302,0.011283406695547867,-1.5703786555579218,0.4256574463428104,-2.882285835999756,-3.0130253553480135,-59.06783960510632
202.0,-0.9501779430015164,0.011282431914846994,-1.5703604530407884,0.43333107753705186,-2.900817506749695,-3.0271642808806907,-59.2723334392002
203.0,-0.9456679608654878,0.011261979603985903,-1.57038147848644,0.4406523688200231,-2.9158015557130303,-3.043758765038083,-59.476036498504044
204.0,-0.9467267204863591,0.011222895720743828,-1.5704410423703903,0.43663126215599346,-2.933017868012582,-3.057962989656206,-59.67903000547147
205.0,-0.9487276582746512,0.010666341195940772,-1.5704039439904358,0.44125831834443235,-2.950609770599822,-3.0748575554688835,-59.88210543030645
206.0,-0.9540934845260824,0.010707314028940037,-1.5704644924086955,0.44944796931111497,-2.9671199551079774,-3.0907335800181985,-60.085953054787446
207.0,-0.9536516369609426,0.010982176872328405,-1.5703756236095576,0.44942927355967455,-2.9850002126509936,-3.106114484459363,-60.2890406084753
208.0,-0.9518096104277248,0.011062952681245965,-1.5703777656449251,0.4565337405347003,-3.0034794218041947,-3.1235204222938036,-60.49146946526573
209.0,-0.9497261360497675,0.011122032382913122,-1.5703830474365335,0.466134097484203,-3.0216066907043104,-3.1391322748907613,-60.69333463864814
210.0,-0.9525730398258409,0.011098807467192459,-1.5704374677259079,0.48112266490583894,-3.0401769327900774,-3.156627339176353,-60.89572211046995
211.0,-0.9532398041901933,0.011195267389792513,-1.570396478727831,0.49024445249379695,-3.0589400671786677,-3.167437748686167,-61.097933916097354
212.0,-0.9478365526985852,0.011276316459107772,-1.5703436028087558,0.49805353139677405,-3.077784200345469,-3.180509074659541,-61.298799863597054
213.0,-0.9413799793852765,0.011267470030924095,-1.5703632408952937,0.5057762030849396,-3.0959466492660184,-3.196956215498753,-61.49816636738728
214.0,-0.9410433036011471,0.011196438423002645,-1.5704400917124095,0.5102645117826599,-3.1145297864873016,-3.2118517650678284,-61.69684693598516
215.0,-0.9415818690976907,0.011216223088420896,-1.5704282562649736,0.5102630326153895,-3.133298463595808,-3.2290452103348124,-61.89475580633173
216.0,-0.9393120338649497,0.011244654182355237,-1.570393107003313,0.512827111701851,-3.15214460976792,-3.247238253096412,-62.091542088894776
217.0,-0.9317571673684087,0.011272333285360902,-1.5703485857347508,0.524952453270444,-3.1710222873237273,-3.2654351144277776,-62.28679439391996
218.0,-0.9287050089431828,0.01113013702236655,-1.5682496258858976,0.5354144701618714,-3.188210057252672,-3.2840373929415856,-62.48057541219407
219.0,-0.9291178886369654,0.011261848650596791,-1.5689180164962429,0.5391992064782739,-3.20637335422821,-3.3021141616424354,-62.67379370800129
220.0,-0.9324839471557935,0.011184916869481898,-1.5684683523108478,0.5406720168990234,-3.2249689915435997,-3.3206617360371773,-62.86653536453946
221.0,-0.9347664470041759,0.011248774842749089,-1.5690641783543666,0.5466315648616099,-3.2369274603809397,-3.3394156271926194,-63.059421851417966
222.0,-0.9357290926285677,0.011234291463840619,-1.5695029138929437,0.5587348960898393,-3.2499544224404735,-3.3521211779910294,-63.25242807168884
223.0,-0.9340163731237244,0.011264715877532427,-1.5697848072243168,0.5666898162200084,-3.2663767536192267,-3.36676265147718,-63.444737559743054
224.0,-0.9305080387483313,0.011281794753836163,-1.5699838924911627,0.5653795884332982,-3.284253500273292,-3.38387215858048,-63.635608736920204
225.0,-0.9274195420414812,0.011258029546725236,-1.5701343246122865,0.5602925449292058,-3.3008882781564655,-3.395199363673814,-63.825034745192774
226.0,-0.9260310261373077,0.011218038334244559,-1.5702423948392419,0.5575316352377234,-3.311744927106852,-3.4080026637962075,-64.01363650688562
227.0,-0.921937830250978,0.011237087404328473,-1.5702695197488765,0.5604677349936568,-3.32546129852124,-3.4243306320167877,-64.20108531224916
228.0,-0.9173306183145706,0.011219481079094151,-1.5703171284917914,0.5702778997621062,-3.34218968787288,-3.4421659800788387,-64.3873879051212
229.0,-0.9190172976969996,0.011144075242085605,-1.5704119131060505,0.5853930081311451,-3.360193819709879,-3.460625848407446,-64.5734234396548
230.0,-0.925306128962253,0.011151672428617365,-1.5704483405910272,0.5925111685104996,-3.378722386626096,-3.4793439259621515,-64.75950384333093
231.0,-0.9328098582576971,0.011202963411080367,-1.5704410579808776,0.5842997518368502,-3.396090377419325,-3.4959192137254127,-64.94551316653222
232.0,-0.9343483819513585,0.011269674611786932,-1.57036817259056,0.5769555286648143,-3.4095883587450375,-3.511794233170066,-65.130872606593
233.0,-0.9290524519569178,0.011306878248360843,-1.5703234506206385,0.5742975690170093,-3.4261752525526177,-3.5294080260603846,-65.31453744521501
234.0,-0.9263008089905469,0.01123420355603288,-1.5703876807497716,0.5747347647927146,-3.444122339580172,-3.5477752904998714,-65.49691913003464
235.0,-0.9291424843833662,0.011172612061991518,-1.5704447506807098,0.5752486328725982,-3.457037611887993,-3.5664550041592977,-65.67905260075136
236.0,-0.9314278220565338,0.011212419378673153,-1.5704194283706192,0.5712029605201432,-3.4733661112155465,-3.575195636734676,-65.86063564288717
237.0,-0.9272523177043777,0.01126200197985914,-1.5703530614661698,0.5769025892414777,-3.485442538900855,-3.5878211976909387,-66.041081687513
238.0,-0.9251814603591354,0.011234398907601226,-1.5704054403774776,0.5748383779472563,-3.5009350501869965,-3.60098873648852,-66.22045914877884
239.0,-0.927111934245195,0.011172406508791635,-1.5704405465843843,0.581904283941099,-3.518419515767622,-3.6162855681905963,-66.39931326764568
240.0,-0.9328736614482666,0.01116997345127207,-1.5704616370093354,0.5823769492565655,-3.5367336955038717,-3.6336745128228025,-66.57805759857392
241.0,-0.9361826327927357,0.011220420708685374,-1.5704126931750941,0.5826586532003359,-3.550498783559276,-3.648600504475466,-66.75658928237439
242.0,-0.9381505621354578,0.011170974051398844,-1.5686510555828088,0.5815931886736275,-3.562366097686983,-3.6658003530076497,-66.9342557211585
243.0,-0.9407870224634818,0.011277010365843025,-1.569180219444006,0.5780826833420764,-3.5782782001139606,-3.6839960000031367,-67.11164179451282
244.0,-0.9394407486699276,0.011300147624219905,-1.5695492607123611,0.5723073157760328,-3.5938162694823093,-3.695921527494308,-67.28822359842731
245.0,-0.9375521362766593,0.011265441632114839,-1.5698367753997888,0.5670448984635192,-3.6057703232477665,-3.711836216438299,-67.46407847867954
246.0,-0.9306419061000925,0.011287819765449467,-1.5699762500946624,0.5683278054498695,-3.6183612805809386,-3.729499307539688,-67.63844117500248
247.0,-0.9254083742757421,0.011228748579800173,-1.570145739537697,0.5751555567353057,-3.634600748648547,-3.7466792800427613,-67.81142381279783
248.0,-0.9247150405454766,0.011202539089525287,-1.5702765509459005,0.5719890108275358,-3.652401241850218,-3.7648476541454894,-67.98358338009244
249.0,-0.9260277263099146,0.011181467108635641,-1.5703323539618608,0.5737476689708604,-3.663994310872494,-3.773555042526555,-68.15538244204777
250.0,-0.9293112104049508,0.011205344948733818,-1.5703735619773058,0.5633290851419049,-3.6764726014613154,-3.778998977216714,-68.32715451899033
251.0,-0.9336815620258702,0.01119631534967279,-1.570387492842416,0.5555829948970128,-3.692662630307002,-3.7884751890020603,-68.49893184855785
252.0,-0.934520334892894,0.011258734861535337,-1.5703533595506545,0.5420973942514956,-3.7060719194487115,-3.8034132062437704,-68.67051235118868
253.0,-0.9299100077270752,0.01129264169745062,-1.5703180650954718,0.5315600423305676,-3.7212607759143257,-3.813720124022251,-68.84119311360736
254.0,-0.923666993054437,0.011266773034730518,-1.5703354041550874,0.527004139017601,-3.738606408998606,-3.8211368421630834,-69.01071949800371
255.0,-0.9159909273548607,0.01127513813251267,-1.5703417610805048,0.5199181187420845,-3.7568637022708944,-3.830227264146797,-69.17915927900732
256.0,-0.9109976384894429,0.01123048165073317,-1.5703881023902664,0.5115446430719917,-3.768182877333573,-3.8427230819378626,-69.34719472880721
257.0,-0.906658082186197,0.011219513877016678,-1.5703921416505449,0.5064910144797966,-3.7838597336736477,-3.8563351182248273,-69.51474186245915
258.0,-0.9056532893177562,0.01116644206699097,-1.5704268937217631,0.5100478003205455,-3.7953915131015608,-3.869705903906617,-69.68183880381983
259.0,-0.9109682230925573,0.01115757243773538,-1.5704698451616779,0.5024965205983193,-3.8074563559546486,-3.8861113080878638,-69.84920434344328
260.0,-0.9199970550187934,0.011140337953962172,-1.5704643513520602,0.5014157213140379,-3.8163933404277683,-3.901353521484443,-70.01698254823934
261.0,-0.9322948001323086,0.011181681047415291,-1.570453686220402,0.4898517466229055,-3.83109351960194,-3.910714073674596,-70.18590302304823
262.0,-0.939207573381318,0.011276639116228926,-1.5703632797996299,0.475740955412209,-3.8482535798925306,-3.92310415967696,-70.35572428337501
263.0,-0.9377174991433388,0.011341554334723057,-1.5702924234012792,0.4636048828962162,-3.866435192997562,-3.9229576361924496,-70.52555838711916
264.0,-0.9302964473369357,0.011368235788735047,-1.5702717242023045,0.44904729265379434,-3.8830789984808884,-3.9145427373632655,-70.69516920937552
265.0,-0.9189956744110777,0.011344309210471741,-1.5702744259898158,0.44058966860904236,-3.9010152932874242,-3.915369894125098,-70.86426277195127
266.0,-0.9087863406688266,0.011279821255875427,-1.570325636816972,0.4374586238606538,-3.9154626466692,-3.9223244752992925,-71.03303546628165
267.0,-0.9038535202643949,0.011240546611459904,-1.5703923295960542,0.4250847027419315,-3.9324549478634205,-3.936209354738143,-71.20243972904026
268.0,-0.9038219903655997,0.011193100033802804,-1.5704285745148168,0.4122310371960938,-3.946658841262365,-3.9517751602910005,-71.37272888843155
269.0,-0.9087094615799304,0.011173025037094973,-1.5704494432085305,0.3962822049207893,-3.9635512534404693,-3.9692752229520365,-71.54420132810493
270.0,-0.9181738533737615,0.011151184056805106,-1.5704555538956841,0.38216972827146845,-3.9803207265567067,-3.9758737732241745,-71.71691656323523
271.0,-0.9268370120850746,0.011204882140430217,-1.5704032668175696,0.3681478492534786,-3.998314057336,-3.9799170978317795,-71.89094810483031
272.0,-0.9373845224153325,0.011204993491587113,-1.5704023636844713,0.35398614251527094,-4.016842397564506,-3.9852145092078097,-72.06661372691633
273.0,-0.9448193479745665,0.011260897318535091,-1.5703471521063452,0.3405276797878945,-4.032418726540173,-3.995799927634377,-72.24382024146303
274.0,-0.946898587715976,0.011326493673890978,-1.5702978851275213,0.32393813882125766,-4.049112056276795,-3.9908683072186704,-72.42257182438374
275.0,-0.9421507801362413,0.011375268945790077,-1.5702542918806142,0.30599075449527874,-4.06493853147789,-3.9954289881394955,-72.60270215620045
276.0,-0.935597753934399,0.011327777577461066,-1.5702841292184433,0.29234751783512863,-4.082536892241192,-4.001993627019263,-72.78400224373266
277.0,-0.9301109332585057,0.011279028272517179,-1.5703248227233975,0.28118259361857817,-4.100900575452198,-3.9992271442714626,-72.96646321631705
278.0,-0.9293839628682482,0.011217853486413881,-1.570385472645419,0.2699508434306591,-4.119581571131239,-3.9947672568763295,-73.1502941538476
279.0,-0.9318095996236944,0.01121357799785755,-1.5703987652484401,0.2556852368482212,-4.138389090234131,-3.996905996571427,-73.33583166841996
280.0,-0.9341246725354921,0.011223333454469618,-1.5703805768647077,0.24358813095356177,-4.150500841392025,-4.003896897093774,-73.52282736490314
281.0,-0.9412855753620138,0.011179444170219408,-1.5704207001910484,0.23213121667751122,-4.1599461237057405,-3.9993192475457047,-73.71131990384679
282.0,-0.9491783967254852,0.011227976839471032,-1.5703877928264935,0.2163847523069293,-4.16562621950587,-4.008620574419,-73.90177540390938
283.0,-0.9535037161497185,0.011285190556588883,-1.5703343884603618,0.20018744896101473,-4.177288269251047,-4.017034081561175,-74.09426299472655
284.0,-0.9516031668488895,0.011344545275639417,-1.570279575862279,0.1837398511546628,-4.19230911122172,-4.025323409100106,-74.2886792749292
285.0,-0.9488097551245286,0.011321168077340972,-1.5703037941046603,0.16587858455454157,-4.204266819291129,-4.035237852850663,-74.48531232615402
286.0,-0.9448329159865528,0.011290853020742909,-1.5703142041212999,0.1525629045282857,-4.214420834139612,-4.042507198314342,-74.68369276019787
287.0,-0.9429054974289917,0.011253832002766903,-1.5703528084111467,0.13926867507717852,-4.226516932828418,-4.055533769053665,-74.88390960518205
288.0,-0.9443566089937059,0.011212833920175743,-1.5703877263021335,0.12752999570866835,-4.242552970028854,-4.062484070419654,-75.0858483398242
289.0,-0.9472125063777878,0.011233994282494936,-1.5703806773539244,0.11167328434455794,-4.2431206709771585,-4.0688501335093035,-75.2897629268303
290.0,-0.9512005360163717,0.01123752706490133,-1.5703785355292545,0.09493122059893258,-4.2541355454900325,-4.072444067858152,-75.49593953368529
291.0,-0.9523803463445137,0.011271563343947636,-1.5703394298494882,0.07993844178889288,-4.267922561591217,-4.071372783138507,-75.70418678955271
292.0,-0.9564865400470496,0.011236725898497247,-1.5703773170453668,0.0633591943413663,-4.283950243415549,-4.076064443686506,-75.91481823221017
293.0,-0.9603140658673097,0.011234000923565171,-1.5703644400827035,0.05068045208461714,-4.299389886571955,-4.086343332135996,-76.12731525175519
294.0,-0.9640372754274454,0.011260941833178181,-1.5703542555075838,0.034447140902140114,-4.311867161868115,-4.0954829694605515,-76.34206228353797
295.0,-0.9677938194801485,0.011267318234938001,-1.5703506424964606,0.016644894879694987,-4.323843385042284,-4.109312971045166,-76.55930429817117
296.0,-0.9651869783957875,0.011342468074890873,-1.570280940275066,-0.0017967820367279376,-4.339806025197574,-4.115326066367952,-76.77908843310054
297.0,-0.9641944007800571,0.011269035418971965,-1.5703409092384961,-0.017975463042575895,-4.350830389273224,-4.111014055821745,-77.0012794272827
298.0,-0.9663544019500011,0.011215022455426884,-1.570381879030285,-0.03134679417861135,-4.366378305385538,-4.113553519286537,-77.22551241150428
299.0,-0.9664429848421986,0.011273879060213652,-1.5703409392656165,-0.047880978711630544,-4.383888938954229,-4.111824421178877,-77.4521121048524
300.0,-0.9652628089489668,0.011283810173760091,-1.5703361460914647,-0.06580836188795483,-4.400793400768781,-4.11985535606566,-77.68136599201043
301.0,-0.964203975205824,0.011269861797849882,-1.5703480689537412,-0.08428851895349095,-4.415927488761318,-4.134222900741439,-77.91338383416411
302.0,-0.9653291231877223,0.011235439998885651,-1.5703778025489776,-0.10301475994323682,-4.433223114691753,-4.151248117435328,-78.1481957036955
303.0,-0.9704367206349223,0.01119360684658261,-1.5704130614625027,-0.12184461107081114,-4.451461281825124,-4.165723312842166,-78.38569307854266
304.0,-0.9754116086270911,0.011182335354507033,-1.5704007846865757,-0.13378031305497698,-4.4700845584789475,-4.173248282608154,-78.62490052637787
305.0,-0.9834948873382887,0.01119174537439621,-1.5704123710726854,-0.14969108527695274,-4.488873662234885,-4.183803012185651,-78.86620333979661
306.0,-0.9882137510724847,0.011266103582018669,-1.5703477509022394,-0.16706835794512911,-4.502874379388465,-4.199190614256059,-79.10977757973669
307.0,-0.9892815618989282,0.011301769320985264,-1.5703188377932364,-0.18533497704678648,-4.519668687053532,-4.207039004814096,-79.35587057798053
308.0,-0.987537444140348,0.01124992783586228,-1.5703346413515147,-0.19229667118733632,-4.537699957730527,-4.221334249657092,-79.60314725801781
309.0,-0.9845807420128995,0.011297173008433763,-1.5703243802562925,-0.2062382911626413,-4.55624289924617,-4.238329683763402,-79.85245956876581
310.0,-0.9853573615395153,0.011228598756539834,-1.5703875529039153,-0.2203448677324472,-4.574999694614178,-4.249112565174896,-80.10384729156281
311.0,-0.9864441258212647,0.0112134414630452,-1.5703894295572143,-0.23114286817952578,-4.5899621481281425,-4.264570693044981,-80.35675038341387
312.0,-0.9887823398877214,0.011202357338452032,-1.5704023354226375,-0.2411880300358761,-4.602844896747126,-4.270961310096096,-80.610969728704
313.0,-0.9933089164070728,0.011219853120586293,-1.5704043288036964,-0.25633657641663427,-4.619184730180624,-4.284684823313077,-80.86702285591156
314.0,-1.0004048592286936,0.011171722298308684,-1.5704301895131694,-0.2669516757930537,-4.6363826594390645,-4.289906307298215,-81.12424678314397
315.0,-1.0041519770997442,0.011264036559546081,-1.5703597973997296,-0.2815304059521323,-4.652200057170776,-4.302584411951937,-81.38311095596632
316.0,-1.0119054843642827,0.011194539592674564,-1.5704198935075162,-0.2954130330041191,-4.667925573890581,-4.314435610378413,-81.64354460739513
317.0,-1.0212667344956228,0.011214177866053028,-1.570405944488403,-0.3121798192366605,-4.685478643127894,-4.325568644016368,-81.90573368818673
318.0,-1.0309851974696862,0.011196494968230566,-1.5704062348944616,-0.3249517561363268,-4.703822105426931,-4.341174124065914,-82.16918584213434
319.0,-1.0343131667705785,0.01129063394948345,-1.5703235799684607,-0.3376827775468969,-4.7224880951754376,-4.3513978251419925,-82.43387855655969
320.0,-1.0374184979325622,0.011281017625500623,-1.5703476018332259,-0.3539840074013099,-4.737580564744207,-4.355720337562469,-82.70042352972813
321.0,-1.0403345491966,0.011260359616681603,-1.5703621049401144,-0.37027994668839986,-4.754842944268778,-4.350790866108783,-82.96877726007484
322.0,-1.0419777579225282,0.011266320247202408,-1.5703589271265048,-0.38807805519216865,-4.773065968984511,-4.349836284370323,-83.23907792747397
323.0,-1.041115359499921,0.01127768287816735,-1.5703483926919424,-0.40652493359075487,-4.782062052705272,-4.338881684541802,-83.51163664799293
324.0,-1.0429403022132564,0.011212292533729764,-1.5704074753097166,-0.4252473618272554,-4.79247568981404,-4.343351338795759,-83.78645306290183
325.0,-1.0424319919816596,0.011240155564608894,-1.5703790369445345,-0.4440671551154173,-4.799565557974208,-4.352982465987258,-84.06355772243575
326.0,-1.0436833920857849,0.011169034963947663,-1.5704332387271234,-0.45862967699827367,-4.813534288294555,-4.362430131337765,-84.34230761937586
327.0,-1.0481595352822088,0.011153836829362026,-1.570456908878397,-0.4756592117243065,-4.8303979000460116,-4.375551552319935,-84.62268736254616
328.0,-1.053088681700866,0.010500951666501182,-1.5704103087871646,-0.4932301893499159,-4.848455272111714,-4.392029827238924,-84.90505140185319
329.0,-1.062133906503249,0.010524648884355288,-1.570515231252475,-0.5090819453528477,-4.867009997900805,-4.406982573596306,-85.18862949554605
330.0,-1.069048453190003,0.010785051106326495,-1.5704504341729912,-0.5236194237106359,-4.882034014922542,-4.417050242400768,-85.47310817097139
331.0,-1.0712761331344065,0.010975122887184831,-1.5703950319666036,-0.5364719583510729,-4.893420423401212,-4.421684338822669,-85.75857958233316
332.0,-1.0709669790349567,0.010954120989770427,-1.567298619522527,-0.5528219961913182,-4.909117376335814,-4.434682561554238,-86.04433571169591
333.0,-1.0730035512139287,0.011204273397106125,-1.568226397324633,-0.5706389418816765,-4.926697202774918,-4.449552387760532,-86.33171736298969
334.0,-1.0770518011189782,0.011155054046640817,-1.5688735436557588,-0.5891274732293028,-4.945051013188369,-4.4597839316213514,-86.62083478533806
335.0,-1.0795943084891069,0.011130124570432916,-1.5694002069004467,-0.5999394104064325,-4.963723778058087,-4.472812620767387,-86.91071188468577
336.0,-1.0842534928315168,0.011133755090282227,-1.569767582783909,-0.6154118399511119,-4.982532937516646,-4.487746150757779,-87.20162342080081
337.0,-1.0934393741504336,0.011066047444665049,-1.5700552431334778,-0.6278105004357096,-5.001396126347339,-4.500619685567094,-87.4930095694148
338.0,-1.1045669143942982,0.01110651228640528,-1.5701863214645673,-0.6439260808063403,-5.0202793891996125,-4.514138839861645,-87.78502784574395
339.0,-1.1163908920199972,0.011123288563072634,-1.5702755041743743,-0.6602188696760757,-5.038309123090269,-4.5239943175948305,-88.07772658869304
340.0,-1.124644952933082,0.011195216849341827,-1.570284611543228,-0.6780114608379079,-5.05038425179807,-4.53768342872417,-88.37157232638273
341.0,-1.124437962372471,0.011286522560756247,-1.5702506359888302,-0.6964525477934719,-5.066357908694459,-4.534040024504251,-88.6665586138264
342.0,-1.1176884293820124,0.011300607779762148,-1.570268849373544,-0.7137367662449593,-5.082694322668966,-4.543564579640859,-88.96279653627452
343.0,-1.1101639892575543,0.011249569770394941,-1.5703424624754094,-0.7319578232760487,-5.089080794475634,-4.554773661120911,-89.26109104654259
344.0,-1.1056307970703176,0.011152661406211156,-1.570440968517042,-0.7487003469262377,-5.096075070522983,-4.568019908832892,-89.56124749271429
345.0,-1.1046235332463779,0.011093325228261217,-1.5705042352179537,-0.7653284838920041,-5.105042501417766,-4.579723944977659,-89.86292088305369
346.0,-1.1099085606397059,0.01099943159687312,-1.5705887750241294,-0.7787810303981956,-5.118183452565165,-4.592964390562604,-90.16520433698079
347.0,-1.1199665474552714,0.01098951433977748,-1.5706029381484068,-0.7923270052764486,-5.134676122272528,-4.6059748676582775,-90.4675191600034
348.0,-1.1331202637311186,0.010980277230851909,-1.5706049563603552,-0.8011181576658274,-5.15258114272825,-4.6170536092789,-90.76914322647089
349.0,-1.1483004308179847,0.011055807408487809,-1.5705551977683319,-0.815755971275664,-5.171070272710324,-4.616686298951764,-91.07051329653446
350.0,-1.1535415938404698,0.011233786246777976,-1.5704002012194425,-0.8328817584487412,-5.189796321443584,-4.616611890427604,-91.37206310545473
351.0,-1.15749306657627,0.011183093427721424,-1.5704483317036444,-0.8487625345365093,-5.2019742456383495,-4.615436818597986,-91.67434623161101
352.0,-1.158663981173154,0.011197884047920798,-1.5704366682186193,-0.8658617231340968,-5.206666796685536,-4.6137906022441255,-91.97795827787608
353.0,-1.1535112272363384,0.011243215537376573,-1.5703964165467683,-0.8840086045638849,-5.219699844921696,-4.613120893332101,-92.28263286279956
354.0,-1.1480137135191213,0.011175139698661324,-1.570459394460247,-0.9013038973302447,-5.229458461923774,-4.618855076053125,-92.58867467809311
355.0,-1.1473583929152038,0.011074591375648637,-1.5705522644580188,-0.91953110323078,-5.244178316935602,-4.622250977838886,-92.89568781691369
356.0,-1.149148770158262,0.011044051252779566,-1.5705781537639918,-0.9381500249835735,-5.261344559322075,-4.630354891300709,-93.20329514903126
357.0,-1.1535680965854163,0.01101627107646123,-1.5706036330888449,-0.9569391961050604,-5.278477992624824,-4.638153816861447,-93.5113149327791
358.0,-1.1555106374309296,0.011066659286243855,-1.5705574974872885,-0.9757849770916476,-5.296628889052631,-4.638356719409612,-93.8196710130055
359.0,-1.1621479447704415,0.010984221704793764,-1.570632433337011,-0.9931409673854473,-5.31197579384465,-4.647350155381893,-94.12827194383917
360.0,-1.1730751824414707,0.010968677768958681,-1.5706471373779007,-1.011371962208767,-5.315320400989694,-4.647352586512147,-94.4377445747012
361.0,-1.17957548547832,0.011064193792912163,-1.5705595987771102,-1.0299811630299134,-5.325244944518318,-4.658525057618572,-94.7477646888545
362.0,-1.1814206585356317,0.01110910205840036,-1.5705223110058317,-1.0487703072358152,-5.340394518029603,-4.659201432074309,-95.05817034033072
363.0,-1.1841329755913952,0.011056471985742075,-1.5705716644119576,-1.0669168982225374,-5.355433842291433,-4.66301827790001,-95.36893705611018
364.0,-1.1918547603977376,0.010978789729153948,-1.5706421378951072,-1.0855040507072944,-5.3726996126414175,-4.6704839929284585,-95.67970380782724
365.0,-1.1925144478412033,0.011082755907568843,-1.5705424605943352,-1.1014431389924813,-5.385694844428262,-4.67566195179485,-95.99062480939274
366.0,-1.1949795504675251,0.011023195855597469,-1.570605001565413,-1.1176470894434207,-5.392662571113121,-4.675840165153806,-96.30228691011659
367.0,-1.199587773929423,0.010982521729245808,-1.5706389054953678,-1.132780436202837,-5.406595755850008,-4.669790182382828,-96.6139381611345
368.0,-1.2058819909288374,0.010969021675074592,-1.5706520888208524,-1.1479918268629474,-5.423444413925503,-4.664767869757314,-96.92520536780135
369.0,-1.208096839131353,0.011022620246067153,-1.5706005998927817,-1.1600197280475186,-5.435608637906193,-4.664094198456334,-97.23626685906828
370.0,-1.2077271702793013,0.011063915227395329,-1.5705740306432332,-1.1759947416977663,-5.44928514735157,-4.666703617959598,-97.54741680199653
371.0,-1.2063296280300935,0.011010690579306334,-1.5706144871112921,-1.1848315497048145,-5.457115327566453,-4.674815137221612,-97.85872315455678
372.0,-1.2065465640650226,0.01098355034554806,-1.5706437408524925,-1.1950493412791425,-5.4709588124128805,-4.688050244792089,-98.16970479390389
373.0,-1.2075428406837954,0.01097878168986341,-1.5706501323741187,-1.2060512269935653,-5.487762545219356,-4.695481020942645,-98.48008574677792
374.0,-1.2092971890984523,0.010973549506625732,-1.57065706169818,-1.2178171686254116,-5.505796712151053,-4.709597947935237,-98.78975782805465
375.0,-1.2095285105497056,0.01096723964011353,-1.5706557306513886,-1.2236533509576855,-5.524338825656745,-4.719183713515693,-99.09828937009357
376.0,-1.2085024799302744,0.010970682274930756,-1.570651860198637,-1.225004365676087,-5.531987645784366,-4.72115038631126,-99.40629055630626
377.0,-1.2133218312685998,0.010949630048961736,-1.57068833606841,-1.2366893257382008,-5.536946395457682,-4.733098200338724,-99.71450293634177
378.0,-1.2186399669590724,0.010985303852938775,-1.5706566679651655,-1.2526080864969364,-5.536712259600049,-4.740862141942481,-100.02360326079075
379.0,-1.22159792693325,0.011012382992596149,-1.5706303216982183,-1.2700370555454357,-5.547761738329054,-4.7380135871229285,-100.33288626047884
380.0,-1.2220326315770627,0.010990586252687595,-1.5706423280729946,-1.2816590633658798,-5.560768696370154,-4.742530763875306,-100.64189642286246
381.0,-1.2256356401884816,0.010946500565984028,-1.5706880864121504,-1.2966167065825405,-5.5758508790646975,-4.739503940567474,-100.95053780936463
382.0,-1.2229286229149374,0.011029429826144462,-1.570608292318882,-1.3096678570682276,-5.591266115565223,-4.733122418844797,-101.25880156276989
383.0,-1.2232105340810209,0.01096233677786524,-1.5706780781425231,-1.32611000733822,-5.608693094953139,-4.729218924726794,-101.56676436230352
384.0,-1.222186852249326,0.01097743515839426,-1.5706621869167818,-1.3432100491008783,-5.6269844077911175,-4.724782894313002,-101.8743612854203
385.0,-1.2188467059219537,0.010992444397377213,-1.5706507222235593,-1.3613582329431977,-5.645632725094121,-4.714422042616089,-102.1817776228696
386.0,-1.2180300275831966,0.010931010377941192,-1.5707092740117383,-1.3799670802459492,-5.65606696464919,-4.720272051249673,-102.48967516315388
387.0,-1.2203085497001003,0.010825579060292703,-1.5707925262268752,-1.3868728763390827,-5.671399920854872,-4.726900013621064,-102.7966960813018
388.0,-1.2252357341074578,0.010861669846506924,-1.5707674472798974,-1.4007994090874207,-5.685638765590426,-4.730471854569317,-103.10302521929357
389.0,-1.2260083909383832,0.010921019776257092,-1.5707100725556076,-1.4106115297190152,-5.7020128654572915,-4.736977846345642,-103.40845495048916
390.0,-1.2236918459239277,0.010979766780809311,-1.5706649654739524,-1.425671901803266,-5.719859661642517,-4.73829237903026,-103.71340644839555
391.0,-1.2229196131514821,0.010874860068054333,-1.5707526890503383,-1.429542087294312,-5.738322357909266,-4.745300582430991,-104.01717526000175
392.0,-1.2234631604659887,0.010912782692184073,-1.5707256495272266,-1.44225123072312,-5.757043358318761,-4.7536709928468595,-104.32004481049957
393.0,-1.223744366867369,0.010925086416208096,-1.5707167629210697,-1.4571266703230623,-5.770220917472084,-4.759586212386266,-104.62268679060126
394.0,-1.2240311058965845,0.010920576777739395,-1.5707224294423596,-1.4743474688645757,-5.786658795865592,-4.75965738944785,-104.92501044058325
395.0,-1.2288151647605243,0.010847736416256571,-1.5707889867685831,-1.4925724771263489,-5.803073253598167,-4.761517930508851,-105.22680171922707
396.0,-1.2363898429000737,0.010827824436520608,-1.5708044327614759,-1.5111915263571083,-5.820921577864622,-4.763562250298544,-105.52769622280944
397.0,-1.2396428865515359,0.010897022759762872,-1.570739859998949,-1.5270942423712195,-5.833598024390455,-4.756941686588075,-105.82816579648906
398.0,-1.2391915231068966,0.010845912077203751,-1.5693644021862039,-1.5375212518966352,-5.841684788212003,-4.758570232063467,-106.12813652384084
399.0,-1.2412101675916654,0.010920861929639064,-1.5697844259114133,-1.5528228805956918,-5.856056637857307,-4.766488741288377,-106.42777183186668
400.0,-1.242692246362067,0.010894085888298174,-1.5701166374671458,-1.5660718235471498,-5.873085093198513,-4.762426380123882,-106.72680809235486
401.0,-1.2398349429569138,0.010903832380194333,-1.5697563136960415,-1.5777420466968664,-5.889310697223734,-4.757324185911502,-107.0252266347349
402.0,-1.2368416582064343,0.010924103919230769,-1.5700709273720912,-1.5923327122467212,-5.907072127625966,-4.756105670296903,-107.32335294134805
403.0,-1.233392613080425,0.010910940229614157,-1.5702996560333935,-1.6094420673591767,-5.918346111552611,-4.759023216495932,-107.6219343899074
404.0,-1.2286378662734105,0.010885253815455295,-1.5704667641522565,-1.6242695828305587,-5.934003529548797,-4.759984848733573,-107.92062434741631
405.0,-1.2301440301350228,0.010783020156974854,-1.5706588928361989,-1.6414494852179438,-5.948486412629342,-4.7693961185994445,-108.21919265198595
406.0,-1.23760318122625,0.010726118535742322,-1.5707728180203477,-1.6596401585775884,-5.965509032071462,-4.780606215220478,-108.51692035629969
407.0,-1.2426844977304632,0.010768488275957737,-1.5707743692566019,-1.6691099492904546,-5.9767501819530215,-4.776717045955456,-108.81384068492758
408.0,-1.2444885777669645,0.010821872924380197,-1.570756314640707,-1.67657048610046,-5.988882311994671,-4.774336417832037,-109.11002749129176
409.0,-1.247746090790117,0.010782255709485575,-1.5708117693405546,-1.6798932839141139,-6.004732045181464,-4.770749134717919,-109.4049478303184
410.0,-1.2490047878343455,0.010859030752767796,-1.570755000936092,-1.690925567434247,-6.022370903773328,-4.771380070918509,-109.6989203419525
411.0,-1.2474081460711999,0.010203646053225126,-1.5706967517745465,-1.7065582530494288,-6.040749436384858,-4.760493021535053,-109.99280274608566
412.0,-1.243978380388737,0.010280258166636086,-1.5707768623938694,-1.7219723556665738,-6.056982385552952,-4.747976091781632,-110.28661150925107
413.0,-1.2402519380262735,0.010450975363082054,-1.570806654435544,-1.7340421178797913,-6.065792895079074,-4.741345395814914,-110.58066651326519
414.0,-1.2394105596258616,0.010544125252697788,-1.5708449512116531,-1.749943435733363,-6.080470595858708,-4.740028050460562,-110.87460019800255
415.0,-1.244816634361915,0.010553086290758231,-1.5709164687180408,-1.7676180110137671,-6.0976244634710515,-4.7447862812152755,-111.16788487825572
416.0,-1.2494966085027566,0.010652532658068236,-1.570876835791702,-1.7838789910851747,-6.103983159495084,-4.7462206592369105,-111.46117123884221
417.0,-1.2502734962478557,0.010752310622902939,-1.5708225881122406,-1.8016515703512501,-6.117704833461678,-4.7546180869793115,-111.75434406294379
418.0,-1.247655725329493,0.010803371141901424,-1.5708013884637908,-1.8200953253274923,-6.127555483729686,-4.75483009046532,-112.04802108313945
419.0,-1.249483358014274,0.010719711635631663,-1.5708949010073305,-1.8388334134927302,-6.142622708346691,-4.745697109068732,-112.34168345009167
420.0,-1.2546142901446333,0.010671232787816938,-1.5709477232324243,-1.8511966027365354,-6.159940110389557,-4.747964687897844,-112.63452818547137
421.0,-1.2583899066015263,0.010739877064790125,-1.5708885731232742,-1.8672761934828492,-6.1753702781407895,-4.752472855663427,-112.92687246051888
422.0,-1.2614365090370665,0.010729472812399101,-1.5709056901694705,-1.87650275676973,-6.192786401916476,-4.746592800637698,-113.21839713199545
423.0,-1.2659329663185157,0.010716646499318591,-1.57091817082034,-1.8841939654956985,-6.201120193890436,-4.737044233572631,-113.50951466757061
424.0,-1.2635972526363706,0.009842479644449613,-1.5707491448258837,-1.898362394150182,-6.215624908543616,-4.72456728667479,-113.80103138290234
425.0,-1.255449736666003,0.010017753378513433,-1.5708006932110647,-1.915345074157106,-6.232704816159062,-4.715730381368864,-114.09296081273813
426.0,-1.2528637941690786,0.010184426813440653,-1.570913913534033,-1.9334777716759841,-6.247216838559632,-4.709340229467021,-114.38519731225146
427.0,-1.2525528204638574,0.010344851531211145,-1.5709403421654522,-1.9491752375539115,-6.257536057117292,-4.711617750765525,-114.67765184964142
428.0,-1.2485792373240225,0.010536106838960606,-1.5708789289372307,-1.966690894427273,-6.268210431814867,-4.713578608385587,-114.97063924109652
429.0,-1.2510396463470759,0.0105061984156436,-1.5709838149919253,-1.9850528893294233,-6.277093822699982,-4.706305744476829,-115.2640381819069
430.0,-1.2522759761405335,0.010606389112348307,-1.5709388186847406,-2.003712297629083,-6.280672835997201,-4.701413441795149,-115.55807919424934
431.0,-1.2541317575710889,0.010616571141698821,-1.5709668396531158,-2.01811589383119,-6.28214045159108,-4.70453181510663,-115.85269660467331
432.0,-1.256573311241518,0.010621847786208364,-1.5709850117736281,-2.025356924717122,-6.282743167283716,-4.707747546560964,-116.14749884238685
433.0,-1.261385424848089,0.010628579681113425,-1.5709865391477267,-2.035814881012121,-6.28299042383466,-4.705958807410342,-116.44247518414515
434.0,-1.2634065286568237,0.010685747617884014,-1.5709440539384736,-2.0417291044673407,-6.283094208965956,-4.696857963088659,-116.73755354306367
435.0,-1.2662406341537493,0.010695252254862463,-1.5709353990797061,-2.055241800173069,-6.283134648488272,-4.699588750648845,-117.0331086006285
436.0,-1.2711850871135515,0.010674993968779202,-1.5709572340329585,-2.07193101976664,-6.283150008161533,-4.696839760747124,-117.32919059925047
437.0,-1.2728836040718459,0.010713491502931351,-1.570930705046421,-2.0838300397608407,-6.283158595577087,-4.68467021491357,-117.6257157573597
438.0,-1.2755483461662893,0.010693610480335541,-1.570948662958542,-2.0997419086344804,-6.283159270598108,-4.68004464390632,-117.92285926044686
439.0,-1.2718896245725515,0.010772229584515902,-1.570880769773783,-2.114367307216677,-6.283163054437697,-4.669048744468213,-118.22086352928223
440.0,-1.264410166714696,0.010784813353326449,-1.5708718505846062,-2.1314608482002,-6.283161815705406,-4.672232739684131,-118.52021867831161
441.0,-1.2552051074325632,0.010763648736134328,-1.5708942411089424,-2.149626476593157,-6.283159681266417,-4.668445635777467,-118.82123189755454
442.0,-1.2532354892567987,0.010618094650523206,-1.5710329597253103,-2.1659250772918943,-6.283153868894028,-4.678091329118073,-119.1233763793753
443.0,-1.2582435684837499,0.009884914988509443,-1.5710961722275272,-2.171186354869222,-6.283152749573178,-4.672965235221219,-119.42577564681696
444.0,-1.2621026383055265,0.01005995775227259,-1.5710533168287892,-2.1837493891946886,-6.283157237639075,-4.67622508918531,-119.72829239230344
445.0,-1.2679009252563955,0.01024565116696317,-1.5710477568900718,-2.2000366994941194,-6.283156262741462,-4.6704419614918855,-120.0309327679378
446.0,-1.2761554580873113,0.01036228634158568,-1.5710509107589066,-2.217864836987376,-6.283155427326084,-4.662923955083592,-120.33362317784876
447.0,-1.2779269266967146,0.010546897151192516,-1.570960218359231,-2.2326287452962283,-6.283158827620797,-4.653275258533947,-120.63662601646213
448.0,-1.2727295392605162,0.010643516023407788,-1.5703237399362078,-2.249762834413213,-6.283158775208444,-4.646264019838377,-120.94041189723545
449.0,-1.263025439316636,0.01072635066250261,-1.5704822215928675,-2.267938882942439,-6.283157324309845,-4.647019755741419,-121.24573441293553
450.0,-1.2599497586723665,0.010585657060898085,-1.5707688280966547,-2.283202534001441,-6.283150615059648,-4.651337860603961,-121.55218313034649
451.0,-1.2642781990951757,0.010499525021412433,-1.5709473247592955,-2.2950673898908573,-6.283148885591784,-4.657544462082672,-121.85884364003574
452.0,-1.268997264535606,0.010548660301560228,-1.570961298621705,-2.3092786518562445,-6.283151744242961,-4.6633069417470985,-122.16558087020746
453.0,-1.2740975079714427,0.010556340517416362,-1.5710094051168801,-2.315323984037099,-6.28315175562656,-4.667250350947106,-122.47212499233633
454.0,-1.2834189040399797,0.010535179926342664,-1.571042250271879,-2.3289069072803756,-6.2831511338798505,-4.67185986877674,-122.77843234685656
455.0,-1.290308162462318,0.010607823405777737,-1.5709929001145633,-2.345609207551386,-6.283153232543726,-4.6658918429441,-123.08472295034794
456.0,-1.2890934778341114,0.010707581640460486,-1.570925455989194,-2.3592277245328175,-6.283155066069072,-4.65239181308521,-123.39144108522291
457.0,-1.2883678625924642,0.010654182720232434,-1.5709820668789325,-2.375887794098398,-6.283151303165841,-4.6491099534532445,-123.69880120778703
458.0,-1.2840742234932747,0.010671838649053498,-1.5709866461851643,-2.3825079661557047,-6.283151340958399,-4.645061877571376,-124.00668981067362
459.0,-1.2777247097623805,0.010670324454532509,-1.5709820804920676,-2.392881327196954,-6.283151182390709,-4.641297382237587,-124.31541607801385
460.0,-1.2744381246381664,0.010602606199245032,-1.5710396130430657,-2.4082150540435254,-6.283148468601585,-4.638283653705333,-124.62497756784244
461.0,-1.2781892677319509,0.010508191665592801,-1.5711272651308228,-2.425655401655306,-6.283145689614564,-4.645069024676395,-124.93484670598558
462.0,-1.2823073647530079,0.010539031811053715,-1.5711028138664123,-2.4430897852392377,-6.2831472847137615,-4.656993331085504,-125.24483187053637
463.0,-1.2826561632451776,0.010601692066961144,-1.5710512929610445,-2.460217491248869,-6.283148654520394,-4.666334555093034,-125.5551877301429
464.0,-1.2874032629615442,0.010525572197267154,-1.5711327669428765,-2.4722183449183848,-6.283145630188437,-4.681192635450254,-125.86556420015083
465.0,-1.2926252737566062,0.010541388784402781,-1.5711212253110056,-2.4780676203971064,-6.283146623445635,-4.680495109581321,-126.17566468842723
466.0,-1.295768925285148,0.010585574213440552,-1.5710614309462057,-2.491552400906988,-6.280809441429847,-4.680910475044465,-126.48585032115814
467.0,-1.297718875602034,0.01059388091619237,-1.5710531167302078,-2.5082303786466467,-6.282225018023752,-4.675769210442208,-126.79623867030058
468.0,-1.296866123967182,0.010618589513711411,-1.5710333228986004,-2.526216589612535,-6.282767958722279,-4.671511441134282,-127.10705278472156
469.0,-1.2940020335438045,0.010618555989751305,-1.5710414411778137,-2.5427739827527307,-6.282990318807058,-4.665692446589258,-127.41844342381187
470.0,-1.2937870206780475,0.01055731986893427,-1.5711035125513213,-2.557080921138407,-6.283079909253534,-4.665278321331623,-127.73021988361661
471.0,-1.2906680012930152,0.010597580856043865,-1.5710601558693507,-2.5738837777620405,-6.283118755193321,-4.672766288994334,-128.04253725659564
472.0,-1.2910888711422686,0.010527311635563244,-1.571144957350465,-2.580436684517568,-6.283131596607575,-4.686284727957325,-128.35504248104914
473.0,-1.2975275424900183,0.010464603151332005,-1.5711784924846761,-2.5942308289581453,-6.283137795413195,-4.70004129723224,-128.66733839949185
474.0,-1.308238819112223,0.010279768137773437,-1.5666402884145023,-2.5977188953671626,-6.283138665018796,-4.705086845860018,-128.97747097015872
475.0,-1.311873450199061,0.010721067880527598,-1.5678023237271528,-2.608902802736675,-6.283147709216009,-4.713170462205868,-129.28758414191225
476.0,-1.307796240194991,0.010734814540569435,-1.5688274745401765,-2.6221495666786105,-6.283146811287322,-4.716908774055511,-129.59852692376114
477.0,-1.3057417154128557,0.010617195669476283,-1.5696261771088145,-2.6386875408766417,-6.283143026536542,-4.724071713405087,-129.9102348720195
478.0,-1.3024736098911052,0.01059974332647014,-1.5701142342789556,-2.653361916931547,-6.283142572587418,-4.724608080106234,-130.2225875692664
479.0,-1.2987019935296906,0.00993584074201809,-1.5704211539197979,-2.670461538725653,-6.283141767800092,-4.726856252245858,-130.53589314715444
480.0,-1.2950352326006966,0.010012107773923971,-1.5707162187155483,-2.6766436776607376,-6.283140896624301,-4.734667649479739,-130.849694484513
481.0,-1.2948555015238508,0.010142394830542592,-1.5708780525601123,-2.690296566394232,-6.283140758153275,-4.744431073475754,-131.16369386088843
482.0,-1.2956268637651107,0.010250735260912107,-1.570419581205997,-2.6988415182328676,-6.283140621282332,-4.745851273987313,-131.4775266872725
483.0,-1.2967694493247175,0.01036961596275665,-1.570621186390302,-2.713399541101782,-6.283141401169651,-4.7546947689865915,-131.7914234366184
484.0,-1.3032852261700218,0.010355347733902207,-1.5708505352379434,-2.728773398207791,-6.2831396677222004,-4.755345622084864,-132.1050476304711
485.0,-1.311040361268136,0.010407877261490247,-1.5709423827337412,-2.746183351179726,-6.283140081504593,-4.766443455845652,-132.41822804951738
486.0,-1.31476879470087,0.010501120295212258,-1.5709559407323528,-2.76446841797953,-6.283140854779452,-4.759894565452285,-132.7312130163625
487.0,-1.3138441854031515,0.010564382111789845,-1.5709769774127533,-2.778261883128702,-6.283140705081543,-4.760903523546387,-133.0443165794785
488.0,-1.307073823385204,0.010170463693929257,-1.5709486380247608,-2.7949650256915017,-6.283140734233139,-4.755686821134133,-133.35817238759836
489.0,-1.2979642270891403,0.010228725118249462,-1.5710267680668741,-2.8080741249814825,-6.28313973971807,-4.749976564276771,-133.6728774460075
490.0,-1.2965494899750454,0.010230311139519752,-1.571164870466157,-2.816297824935519,-6.283137400988673,-4.748178484276442,-133.98784162501852
491.0,-1.296783598016107,0.010317279710984973,-1.5711601927964027,-2.825811766534864,-6.283138628773083,-4.7466102886418895,-134.30278441447808
492.0,-1.297359217017719,0.010376387915536285,-1.5711489904119655,-2.8407522049705913,-6.28313889201394,-4.754603631693142,-134.6176944311416
493.0,-1.302106221016025,0.010372098650501772,-1.5711943014413667,-2.856045372719063,-6.283137889925334,-4.749051088762004,-134.9322584822903
494.0,-1.311564000807681,0.010372452441967621,-1.5712201815649913,-2.87115456899982,-6.2831375078177985,-4.75108421733042,-135.24608091407723
495.0,-1.317505439908546,0.010476795493897993,-1.5711458280812864,-2.884682141524344,-6.283138619439307,-4.746047768801912,-135.5593532103929
496.0,-1.3167724888798518,0.010563121812121505,-1.5710721061934665,-2.901296711122261,-6.283139087999337,-4.748803602375809,-135.87257323798335
497.0,-1.3128385319388165,0.0086657949412854,-1.5710081581421493,-2.911603693846167,-6.283137592820735,-4.754280746995872,-136.18683787883782
498.0,-1.306530219535817,0.008954144196498433,-1.5711357302878335,-2.9240370533754194,-6.283138943643849,-4.752738703929867,-136.50157192459918
499.0,-1.2990502726569189,0.009500450269302688,-1.5711216479385937,-2.9402299313034677,-6.283137914245158,-4.763281308949566,-136.8166638397143
500.0,-1.2960620805736651,0.00979897005862724,-1.5711871273613855,-2.9531499738047873,-6.283136590342414,-4.757457766671508,-137.13190100332847
501.0,-1.3001701766649685,0.009975668724203676,-1.5712533694910553,-2.957154271706326,-6.283135863756077,-4.758834029017415,-137.44671512010765
502.0,-1.3041693621244812,0.010160900013633681,-1.571194119948985,-2.9686534158620534,-6.283137667218845,-4.770444228903499,-137.7610044174742
503.0,-1.3120496457686077,0.009558916852036732,-1.5711910579985935,-2.984488100170558,-6.283136912735582,-4.783705696430735,-138.0747929505092
504.0,-1.3216741507717114,0.009745664064475114,-1.571219172800132,-3.0021211729494546,-6.283137184947617,-4.778010103357254,-138.3876636675386
505.0,-1.32575159101823,0.01009771446216736,-1.5711348138730672,-3.0107234175062123,-6.2831369488561615,-4.770591762382483,-138.6999614083471
506.0,-1.330787272610878,0.010211152501503305,-1.5711505742687135,-3.025332844973695,-6.283137115000548,-4.75653098922357,-139.01175588972333
507.0,-1.3310955562539208,0.010369659283359383,-1.571093310624525,-3.042466463389948,-6.283137070755663,-4.740078291821251,-139.32326093286903
508.0,-1.325076196468813,0.010484873539198547,-1.571051921418316,-3.0606406357287574,-6.283136664024563,-4.722197707266145,-139.63490141835558
509.0,-1.3183727847581743,0.010490229467167432,-1.5710913817285657,-3.0792436727494747,-6.283136029704579,-4.713539580256658,-139.9468385335674
510.0,-1.3191235861549928,0.010406584356342187,-1.5712021893835622,-3.0954895012518175,-6.283135554471916,-4.714558939215308,-140.25862321433013
511.0,-1.3198097512120945,0.010446717970766201,-1.5711756711225489,-3.1132456602961156,-6.283135812364934,-4.714054577608101,-140.57008656257884
512.0,-1.3161598071846001,0.0105275649813268,-1.571128424922027,-3.1255854450355045,-6.2831358188865645,-4.710489678647641,-140.88158585515743
513.0,-1.3143652341673844,0.010482932985248314,-1.571165487502987,-3.1404094192781273,-6.2831361208455325,-4.718413144351352,-141.19305097878555
514.0,-1.3116352073895314,0.01052056029738087,-1.5711550547713733,-3.1458207662480517,-6.283135776630416,-4.726408962587006,-141.50462609749303
515.0,-1.3141747765532512,0.010429429106087294,-1.571210996962912,-3.1591523113690116,-6.283136873451244,-4.737178240554804,-141.8158630084338
516.0,-1.3222320468979938,0.010399622255236161,-1.5712414017331233,-3.171879850729063,-6.2831367132483,-4.739306115466905,-142.1262937691119
517.0,-1.3249864464382173,0.010499425999691161,-1.5711428864556911,-3.18816330822331,-6.283136372374312,-4.740530969286603,-142.43613163613938
518.0,-1.3241108844354152,0.010565955546037672,-1.5711225217041702,-3.1897108727404038,-6.28313543596878,-4.740065241400881,-142.74594740064907
519.0,-1.3255121239846077,0.010506207777956638,-1.5711605816018395,-3.192303567942603,-6.283136997195675,-4.7384719119739165,-143.05566261790878
520.0,-1.3282814003396906,0.01046779576736255,-1.5711635908991062,-3.204452885979989,-6.283137627282776,-4.735610881802068,-143.3649798053754
521.0,-1.3261079023453608,0.010546400253163774,-1.5711062913539027,-3.2134691496959853,-6.283136741966586,-4.7417442949482655,-143.67419854000724
522.0,-1.3251167339818952,0.010496640617617972,-1.5711423580394848,-3.227204877651115,-6.283137010811449,-4.74882003359271,-143.9832545567953
523.0,-1.3268682179878373,0.010460731714605882,-1.5711735102578948,-3.243959625410253,-6.283136847724881,-4.748198619581582,-144.2918705136614
524.0,-1.3279905122351507,0.010488273975597717,-1.5711572595527694,-3.2602372806381865,-6.283136347387238,-4.744480588056381,-144.6000287981927
525.0,-1.325617428388048,0.010530495053896773,-1.571120379059595,-3.2780235854601627,-6.28313601486853,-4.737527332987397,-144.90790351093995
526.0,-1.322138009010826,0.010534597467611437,-1.5707099466215109,-3.288756733980909,-6.283135975643737,-4.73173979398295,-145.21563600271878
527.0,-1.3227189401124093,0.010492134044025828,-1.5708861358308388,-3.2997394006900373,-6.283137114774136,-4.738602287714608,-145.52314099982118
528.0,-1.323514625734236,0.010497132465003183,-1.5709703181258023,-3.31097396969653,-6.283137136304974,-4.749336425905801,-145.8303311583699
529.0,-1.3221714796773392,0.010511854568952447,-1.571007467201867,-3.3266334393690236,-6.28313699158095,-4.764805923295059,-146.137217497405
530.0,-1.3178319785366395,0.00989727872920495,-1.5710049048705768,-3.3362792112137347,-6.283136082251916,-4.773583264543209,-146.4443672534796
531.0,-1.3101778715637178,0.010010271328297397,-1.5710535462743493,-3.349350278046696,-6.283137412154052,-4.775904096203357,-146.75176243911966
532.0,-1.30535344783912,0.010139958592889006,-1.5711192183657223,-3.3646712836981885,-6.283137859664075,-4.7785464538499705,-147.0591329849602
533.0,-1.3050912332880997,0.0102149830900304,-1.5711720040428094,-3.382074171395951,-6.28313808512707,-4.790709259508997,-147.36603102198958
534.0,-1.3039195884279482,0.01034087506823764,-1.5711464988795492,-3.3978221087210816,-6.283137279499501,-4.784603872696556,-147.67249132203816
535.0,-1.3086422800787703,0.010328174433641051,-1.5712078122589483,-3.415367605241646,-6.283138379287437,-4.79321161815508,-147.9780526238622
536.0,-1.3170668125454905,0.010367985117699142,-1.5712088506481956,-3.432061540520387,-6.28313821391667,-4.790062073506892,-148.2823954268969
537.0,-1.3221980085771377,0.010483314328156185,-1.571139917157755,-3.4432397852537258,-6.283137059819125,-4.794223052667029,-148.58590335820801
538.0,-1.3244146464004907,0.010513053249011367,-1.571111509003435,-3.458854758103754,-6.283137517175285,-4.799220285093206,-148.88871184262194
539.0,-1.3200105594666383,0.010591702845634078,-1.5710523144301942,-3.474175817327772,-6.2831368236105005,-4.804588367434544,-149.19123485444203
540.0,-1.3148813962194161,0.010590400654379918,-1.5710797481997005,-3.4814161875550935,-6.283137777997932,-4.808477806817472,-149.49388738787465
541.0,-1.3151504448748195,0.010483155218454995,-1.5711557685996047,-3.4954657360293226,-6.283140301322327,-4.81174068711713,-149.79611752878745
542.0,-1.3148951385573733,0.010503357967532195,-1.571134136066073,-3.512375257855863,-6.283139380691339,-4.817329500844453,-150.09773626197656
543.0,-1.3185668546361848,0.010464695347077857,-1.5711735674962732,-3.5304498697317155,-6.283140126840777,-4.822019834765902,-150.3984542359734
544.0,-1.3254122400762416,0.010461411000467965,-1.5711794641619803,-3.5490103968045625,-6.283140063820453,-4.822087879222217,-150.69800742897337
545.0,-1.3315312942999742,0.010504558334201804,-1.5711432583220273,-3.5677726038653734,-6.2831392493742655,-4.833256888416788,-150.99642175689596
546.0,-1.3381174405787597,0.01051560017977824,-1.5711358325645999,-3.5866120646790076,-6.283139560314223,-4.829687742870634,-151.2937233974864
547.0,-1.3370845575239616,0.01061559333833265,-1.5710466598806838,-3.605493433064617,-6.282772995899279,-4.828505936019041,-151.59021702187997
548.0,-1.3318843018412452,0.01063066149661421,-1.5710361356500835,-3.624377336555061,-6.282994871259797,-4.829747925399404,-151.8861944347317
549.0,-1.3222297596471615,0.010655685164176509,-1.5710167316990111,-3.642105252919056,-6.2830800709559735,-4.835961922152153,-152.18196073189856
550.0,-1.3093609154117303,0.010675346742688906,-1.5710122260311572,-3.653578379672449,-6.283115881896539,-4.834655998462502,-152.4780868676117
551.0,-1.3029545269737586,0.010542819905975699,-1.5711162252632995,-3.669302171506835,-6.283134207151409,-4.838947596020186,-152.77412053999143
552.0,-1.304922511989975,0.010489698116997615,-1.5711805639946732,-3.67628412167787,-6.283141140094576,-4.832470907425997,-153.06973332658617
553.0,-1.3078951481871646,0.010492045777425438,-1.5711534398417835,-3.6893295471618384,-6.283142649621403,-4.828569964013234,-153.36451213260764
554.0,-1.314987407116533,0.01046289844325621,-1.5711721802873784,-3.705795484279221,-6.283144193234938,-4.830411825583214,-153.65804658962924
555.0,-1.3260905013077462,0.01049374050814064,-1.5711629388866046,-3.7141082486394237,-6.283143991283397,-4.824001371258243,-153.95047829191722
556.0,-1.3303919643946867,0.0105828129044517,-1.5710618993203358,-3.728604819553955,-6.2831415242943125,-4.827072418690771,-154.2419216632696
557.0,-1.335928121487687,0.010555386042623757,-1.5710885154187848,-3.7441223691458356,-6.283143687827787,-4.8206912794086,-154.53238372828926
558.0,-1.3352331677951927,0.010660754297874215,-1.5710110093686882,-3.7515975827745964,-6.283141308727477,-4.807023910813324,-154.82243029215815
559.0,-1.3320419715879586,0.010626124639528644,-1.571023001461813,-3.765735315998393,-6.28314357285151,-4.804127353055054,-155.111958952235
560.0,-1.323958864504367,0.010659160065797481,-1.5709930394606986,-3.7810815104364006,-6.283143154388717,-4.799561011375586,-155.40110380777577
561.0,-1.315927431415327,0.010642630397102707,-1.5710223226254714,-3.7916285448175184,-6.283145122290995,-4.789035507814854,-155.6901837651158
562.0,-1.3122669415877135,0.010557221562970275,-1.5710863026385178,-3.8069796963952216,-6.283147850172301,-4.7838023888249905,-155.97877097678622
563.0,-1.3091318493683595,0.01056550142572613,-1.5710789968804066,-3.823221981840569,-6.283147056729683,-4.770566324568153,-156.26670343564552
564.0,-1.3047534319337917,0.010584798199282526,-1.5710613687588646,-3.841002932971343,-6.283146528487838,-4.772651407543156,-156.55396488732475
565.0,-1.3072581952498787,0.01051890833591227,-1.571127413624933,-3.8573304122829883,-6.2820508189138495,-4.78435871564069,-156.84016762950856
566.0,-1.3107415561430065,0.010544848166922511,-1.5710994719444251,-3.8751395665665855,-6.282714850415636,-4.792369306297756,-157.12517953882798
567.0,-1.31249076114233,0.010596234444862684,-1.5710590414920482,-3.890618238226296,-6.282969092657811,-4.796001782861422,-157.409195344758
568.0,-1.3138509859585965,0.010621254099656582,-1.5710446904605957,-3.9009930571613802,-6.283074717361272,-4.807149805830392,-157.69252936169934
569.0,-1.3090940935244109,0.010700240195080247,-1.5709762845277522,-3.905856067972162,-6.283116046894743,-4.814228184445634,-157.9757925556289
570.0,-1.3075076228150726,0.010612200711105827,-1.5710419559058908,-3.914253088597313,-6.283138541093566,-4.81254054595063,-158.2587385795797
571.0,-1.302936706783403,0.01062875459885405,-1.5710106531611954,-3.9287491413108895,-6.283144250000848,-4.814434871308336,-158.541120041584
572.0,-1.3035500635452468,0.010556800900085503,-1.5710761306967362,-3.945817963598793,-6.283150499340622,-4.807758311006477,-158.82252039387495
573.0,-1.300373853996322,0.01064276348004372,-1.5710080319262887,-3.959527330080682,-6.2831483930547165,-4.8161924557909535,-159.10323622114973
574.0,-1.2979615011297245,0.010643647951819667,-1.5710199621400638,-3.9666368844766207,-6.283150635012108,-4.808549000952321,-159.38367726518277
575.0,-1.2907331114549072,0.010668927859625017,-1.5709774874620597,-3.9806374727643865,-6.283149817046157,-4.801773413545061,-159.6637508519072
576.0,-1.2881327611087097,0.010591350359118519,-1.5710464214246431,-3.9974991334059227,-6.283154059905943,-4.796902784499583,-159.94304009384834
577.0,-1.2925945201317608,0.010541088003048623,-1.5710932210051165,-4.014692628677938,-6.283155880841321,-4.805173034565478,-160.22096850245316
578.0,-1.2979326309534707,0.010592302679828278,-1.5710535592917114,-4.028512315511616,-6.283153607528382,-4.81395826884117,-160.49762352079966
579.0,-1.3073479329476425,0.010597909547497784,-1.5710587364239017,-4.034564766278239,-6.283154618694947,-4.828307659898167,-160.77333731063325
580.0,-1.311302961191465,0.010679120352730909,-1.570975713842831,-4.041302495285546,-6.28315132424036,-4.8313348827472655,-161.0483627140156
581.0,-1.3077089851504509,0.01071830618952892,-1.5709248104791655,-4.05509111496706,-6.283150475144463,-4.825037130208503,-161.32266244606978
582.0,-1.3047125814338183,0.010672612478092073,-1.5709656217806114,-4.071867220143026,-6.283154162725843,-4.823657601084651,-161.59607096455056
583.0,-1.2993761708240148,0.010695074993077775,-1.5709471271652156,-4.089624390001725,-6.283153742426198,-4.818190583330546,-161.86858983025667
584.0,-1.2953701625612828,0.010686120359475436,-1.5709676314881462,-4.102336577065241,-6.28156812211894,-4.821814607519566,-162.14039413800515
585.0,-1.2941145986442444,0.010642603362593567,-1.570999041165846,-4.118571215762967,-6.282531689694873,-4.819573917596173,-162.4112760577045
586.0,-1.2950799646337456,0.010663066504561931,-1.5709946503640775,-4.125783222582176,-6.282900484081894,-4.818555069902507,-162.68161353453485
587.0,-1.2973437812881097,0.01063411984561929,-1.5710035397324038,-4.13982808263543,-6.283053019501207,-4.823632026540543,-162.9509069580659
588.0,-1.3047297894270151,0.01059330760946725,-1.571035909002968,-4.156720340633027,-6.282172559790384,-4.831703265339357,-163.21866049366977
589.0,-1.3047628088980148,0.010717223158081183,-1.5709259334729277,-4.173421235444176,-6.282764297616628,-4.823818599654075,-163.4852200750644
590.0,-1.3026715316292945,0.010722837050348927,-1.57092373934249,-4.190419706234697,-6.282996519330501,-4.821516313207474,-163.750703359879
591.0,-1.2963891042499405,0.010757669856902099,-1.5708909778448752,-4.20852017410138,-6.2830909075651045,-4.80971954102916,-164.01518176366258
592.0,-1.2882462655375901,0.01076795568903815,-1.5708879527143083,-4.223539387913735,-6.283131706521265,-4.814201655768942,-164.27899728744495
593.0,-1.28214411715322,0.010738885915625032,-1.5709187031530822,-4.234425483534658,-6.283150880197841,-4.815658366094539,-164.5423962199952
594.0,-1.2789806169010869,0.010686681338148197,-1.5709549644121727,-4.249908789467432,-6.283159497224171,-4.816732136070911,-164.80490070314772
595.0,-1.2821220230822241,0.010640351180937719,-1.5709976187292385,-4.264406998813762,-6.283164481411437,-4.819738834513136,-165.0661687769081
596.0,-1.2888810749544128,0.010636191890891386,-1.5709951946086416,-4.281440829449892,-6.28316476548719,-4.8213491789106655,-165.32580496989266
597.0,-1.2945958329408602,0.01068017595755693,-1.5706961177882024,-4.299578005813411,-6.283162780236205,-4.814088465412132,-165.58373305463167
598.0,-1.29724728882649,0.010744723231675258,-1.5707255472663717,-4.318163439585828,-6.283161552690424,-4.806927431132159,-165.84015250497373
599.0,-1.2992556373325737,0.010777825158511025,-1.5707636957704159,-4.327370185976841,-6.283162895332596,-4.80874674986681,-166.09578864843175
600.0,-1.2991483188958086,0.010772821255611863,-1.570794461107287,-4.3418161072068715,-6.283163900565525,-4.800279547576971,-166.35036332531112
601.0,-1.2984846823555551,0.01076054406754411,-1.5707553383681125,-4.358866691842242,-6.2831654766591525,-4.796141757912128,-166.60366787339717
602.0,-1.2952621668454898,0.010797526455388102,-1.5707660375585102,-4.3738920256435065,-6.283165010620173,-4.794354120093261,-166.85590677727845
603.0,-1.2882368844052299,0.010818108725603159,-1.570771719466136,-4.391131468862212,-6.283165208006901,-4.790670718897986,-167.1070552853119
604.0,-1.2858623091339096,0.010747410425636959,-1.5708544398303232,-4.40932305887682,-6.283170659559256,-4.783230542290608,-167.35692040595063
605.0,-1.2859072715010984,0.010740517429850008,-1.5708712020102518,-4.42793646585384,-6.28317082509854,-4.77658501886674,-167.6053194316636
606.0,-1.2877948873681706,0.010747781276893553,-1.5708744104275472,-4.444468553532697,-6.283171122567258,-4.769655644081531,-167.85232994163826
607.0,-1.2872908021760863,0.010788702603813512,-1.5708399998726417,-4.462354174844385,-6.283169371042249,-4.768439260109051,-168.09790710649452
608.0,-1.2874824484556613,0.010775869766878705,-1.5705326324290878,-4.479952690270229,-6.283171496089888,-4.77377646107693,-168.34198795402153
609.0,-1.28761345236039,0.01080100796066586,-1.5706196563970292,-4.498300616371065,-6.283171732135641,-4.777318841217056,-168.5845943225278
610.0,-1.2881676298847549,0.01081231023362736,-1.570684014003274,-4.51256337620669,-6.283172812352927,-4.773201006938257,-168.82602910736713
611.0,-1.282938456429924,0.01088109037108089,-1.570669100652161,-4.524631296068118,-6.283170284755181,-4.767480029294944,-169.06658280734152
612.0,-1.2809746200187953,0.01080932733200846,-1.570763639880411,-4.539771983049609,-6.283176152648063,-4.754541592072701,-169.3060004254972
613.0,-1.2812778729997087,0.010792426541645268,-1.5707967938697205,-4.557111690226206,-6.283176868775818,-4.755033345011017,-169.5439887150434
614.0,-1.2872126281064968,0.010754340570698804,-1.570844803828352,-4.5742802050936575,-6.283179380440424,-4.756536614429239,-169.78043809009327
615.0,-1.2875828002503498,0.010850596050775192,-1.570765047957908,-4.592470148560934,-6.283173644526169,-4.748448900042268,-170.01532849226462
616.0,-1.2814445390436169,0.010911676269266313,-1.5707174143972231,-4.6110683627821585,-6.283172911952123,-4.745234869775226,-170.24873876179961
617.0,-1.2743645315659946,0.010897136403145994,-1.5707357408005593,-4.62982415181801,-6.283176794063749,-4.746745586701698,-170.48073304161196
618.0,-1.2716988595609562,0.010839948149773512,-1.57078975021832,-4.648648762084072,-6.283181534232683,-4.745665672980621,-170.71121774765425
619.0,-1.2687359930222377,0.01086076939601254,-1.5707705967659427,-4.667526744612264,-6.2831803814025875,-4.749274806960708,-170.94014605720085
620.0,-1.2658842484471005,0.010889780694665408,-1.5707498495476226,-4.67414998765172,-6.283180667524699,-4.740716467224336,-171.16853997856202
621.0,-1.2660503852407379,0.01083731391879782,-1.5707933772456628,-4.687962687850965,-6.283184137725158,-4.741384100690447,-171.39576877440507
622.0,-1.2651079756361794,0.007567717270961033,-1.5706634871024607,-4.704481939243369,-6.283180613119056,-4.7400005798432945,-171.62204565666107
623.0,-1.2650951984760932,0.008090555057866829,-1.5708423177915252,-4.715557791140966,-6.283185519805562,-4.737830308751878,-171.84733366694806
624.0,-1.2674267478847427,0.009035202133619332,-1.5708242432025308,-4.731142987428906,-6.283184985027745,-4.732127537816438,-172.07103398201048
625.0,-1.2661360866883686,0.009728877843718644,-1.5707485327476522,-4.748689063572331,-6.283182051452393,-4.730192456630926,-172.29308210610262
626.0,-1.2642341439192817,0.008843290092967979,-1.57069375290194,-4.7670209860198876,-6.283183365323291,-4.724120292215598,-172.5136641512272
627.0,-1.2685229662771818,0.009252099929311933,-1.5708143971953157,-4.7856542498714045,-6.283187538120681,-4.726816489199237,-172.73249081263376
628.0,-1.2720807262424831,0.009859436628708678,-1.5707479786976104,-4.801584154885265,-6.283185363197647,-4.721875476572628,-172.949738913771
629.0,-1.275242228134195,0.010240332667811335,-1.5707225520005557,-4.816500934804079,-6.283186311113039,-4.709942418162862,-173.16559062114874
630.0,-1.273159268400181,0.010530590378178443,-1.5704740084051578,-4.833713926126146,-6.283184445574521,-4.700087396920533,-173.37983481345807
631.0,-1.2690896670566407,0.010703727772460297,-1.570519866104443,-4.846972415195259,-6.2831866582937534,-4.702889689236309,-173.59288844729176
632.0,-1.2642670414923618,0.010791413536942063,-1.5705714959168215,-4.861810240824725,-6.283188867402788,-4.7150645033904155,-173.80466732654162
633.0,-1.2568284687251354,0.01088955964783216,-1.570567416803578,-4.865590745536692,-6.283188331527606,-4.725220449080083,-174.0161768816806
634.0,-1.2534055851546304,0.010849494212570407,-1.5706637745038594,-4.878247581553014,-6.2831908989870495,-4.732112485904812,-174.22669361965322
635.0,-1.254212080648807,0.010845761085194427,-1.5707023718538495,-4.89194459060864,-6.283189828296343,-4.740606774851902,-174.4359629221469
636.0,-1.2574723669942023,0.010861476384997027,-1.570711517954462,-4.9086520880343,-6.283190328702106,-4.732891796377176,-174.64366271764962
637.0,-1.2614842464602773,0.010906066379186542,-1.5706837701923466,-4.91702142541427,-6.283189993641188,-4.735488307634419,-174.85051381760118
638.0,-1.2598591137758939,0.01098622495159791,-1.5706228270509315,-4.926821470658954,-6.28318889077996,-4.727618387579234,-175.05647136176873
639.0,-1.2541752665131247,0.011011461133431256,-1.5706096930047835,-4.9408407863811075,-6.283190316579118,-4.7208607499708,-175.26124167417564
640.0,-1.254528934298837,0.01092862140047859,-1.570689963389541,-4.9576846160471035,-6.283190636281796,-4.72563453624506,-175.46452870394944
641.0,-1.2559222273499075,0.010957373123857741,-1.5706595435795483,-4.964590556237751,-6.283192474714814,-4.7307873631560176,-175.66712596696192
642.0,-1.2552730360367514,0.010980507763742334,-1.570644590796466,-4.978513002279285,-6.283190317898798,-4.7280990265472695,-175.8684871211683
643.0,-1.2489442468512562,0.011042532975593813,-1.5705889798885306,-4.993162910479643,-6.283190328285926,-4.726467456388637,-176.06858194025102
644.0,-1.2460521430755291,0.01098389609075254,-1.570643470912131,-5.007081430802821,-6.283192657134104,-4.714698011655839,-176.26749178804312
645.0,-1.2435009287050212,0.010989507005817899,-1.5706378318536356,-5.023875970344008,-6.28319079642066,-4.705427529521895,-176.46493231626891
646.0,-1.2435868225296276,0.010975668517621932,-1.5706447777731158,-5.031526218089342,-6.283193694175705,-4.706095395001542,-176.66164641577882
647.0,-1.2481502501036492,0.010938822322545288,-1.5706824469329432,-5.045735176759075,-6.283192440817478,-4.717403503476857,-176.85702499289837
648.0,-1.248292949551846,0.011023186501339068,-1.57060078280179,-5.055171710026867,-6.2831906050603115,-4.712683015646876,-177.0514911465012
649.0,-1.2467703631568885,0.01102821062697753,-1.5706023073487685,-5.070062008686201,-6.283191239334384,-4.702953357757028,-177.24464680328907
650.0,-1.2460109630597238,0.011016749120284004,-1.5706120720984984,-5.086956114024529,-6.283191646207921,-4.700544964458407,-177.436297081952
651.0,-1.2460572586290244,0.011021352247783653,-1.5705978519787944,-5.092147152039756,-6.28319290014261,-4.694031577439967,-177.62743472120516
652.0,-1.2469434088904612,0.011012698938235635,-1.570611975120313,-5.102603516797401,-6.283195328987196,-4.680346758952429,-177.81764780886087
653.0,-1.2473822761118072,0.011027068683250619,-1.570597296836471,-5.111726679154352,-6.283193825074957,-4.668473271318379,-178.0070291747632
654.0,-1.2522543667471764,0.010990677893039818,-1.570622223547468,-5.107198105619762,-6.283192170471177,-4.656215456792481,-178.19677942221776
655.0,-1.2561820807290764,0.011019561629334394,-1.5706048031832724,-5.108723099464759,-6.283193961008512,-4.642235351005653,-178.38643654477667
656.0,-1.2546888691931055,0.011080973179554686,-1.5705511874902254,-5.1093843770525895,-6.281164012448335,-4.626163852756064,-178.57582379642298
657.0,-1.2473790358643448,0.010740354756343178,-1.570513177578021,-5.117835841981383,-6.282396805098468,-4.61684954846833,-178.76459813358665
658.0,-1.2441533759068557,0.01071734781255382,-1.570607855305746,-5.127949410175867,-6.282875299202806,-4.617331714607279,-178.95257225627282
659.0,-1.2417632944755348,0.01082746457674742,-1.5706006478913608,-5.138873889365148,-6.283068961584192,-4.621374439329675,-179.13959301941992
660.0,-1.2390898815310238,0.010907477101688145,-1.570589826380955,-5.14978297553954,-6.283148527523778,-4.6146491075612195,-179.32566216590428
661.0,-1.2428164575230252,0.010891896544058617,-1.5706386706619606,-5.1533482399896045,-6.283184541665238,-4.612588360118407,-179.5113689235818
662.0,-1.248300883085688,0.010940220511029948,-1.5706204063967688,-5.154486460643961,-6.283195227091239,-4.6032025025462975,-179.69694253768688
663.0,-1.255092800698778,0.01097018637675554,-1.5706118068847985,-5.152833296614567,-6.283196087266403,-4.588278951830701,-179.88271159474544
664.0,-1.2569520451512897,0.011056042091758918,-1.5705461880548683,-5.14678803180294,-6.283191924598773,-4.586247253216278,-180.06900194982117
665.0,-1.253901098799463,0.011095255572185969,-1.570530379713687,-5.149413642823652,-6.283191597954175,-4.5841084421633145,-180.25503138195293
666.0,-1.2473319089329165,0.011116820087694594,-1.570506538652984,-5.139304729767412,-6.281387381947275,-4.585313374837926,-180.44169693429913
667.0,-1.240079126470288,0.01109352842294915,-1.5705400744387148,-5.132350272787844,-6.282488940329926,-4.579545215087855,-180.629147862269
668.0,-1.2391345158695164,0.011006377529147873,-1.5706238653789757,-5.124966996764902,-6.282914633380478,-4.588375484502054,-180.81736286985438
669.0,-1.2406977017190204,0.011000628610939452,-1.570627811616593,-5.113963146219689,-6.283086231338641,-4.589773097827569,-181.0065517633401
670.0,-1.2475930601946046,0.010954588117521126,-1.5706782412805207,-5.111781424458935,-6.283159007750299,-4.580351818043942,-181.1959208979067
671.0,-1.2586997533481195,0.01095343916881445,-1.5706730348178821,-5.106044112553839,-6.283185970467712,-4.581289174364249,-181.3858467990878
672.0,-1.2654606197589806,0.011037706543792642,-1.5705965855240807,-5.099725239328357,-6.283190719910893,-4.582948755434788,-181.57644428883134
673.0,-1.2639567656714845,0.011030223927475418,-1.567520016713626,-5.086824379130466,-6.283192768847147,-4.575788993164692,-181.76740226765892
674.0,-1.259426429178355,0.011143995800519889,-1.5676177462677647,-5.092434204606637,-6.283194167622338,-4.561797019497327,-181.95780268172948
675.0,-1.2518091470252708,0.011167648737390434,-1.5685513026550564,-5.091940124476759,-6.283190492115193,-4.552901522624069,-182.1483661576423
676.0,-1.2441022558486803,0.011105203088955308,-1.56924533553809,-5.095139723100911,-6.283191696130396,-4.555847534448194,-182.3388781357901
677.0,-1.2396614047654768,0.011035568578048646,-1.5697344108044309,-5.101486956971996,-6.283191638866529,-4.5665660548246105,-182.5290397834362
678.0,-1.2375354135807166,0.011005279614033157,-1.570048903087289,-5.114617345733454,-6.2831940998081235,-4.574900482724278,-182.71816952004357
679.0,-1.239542450323629,0.010974820136363656,-1.5702599403660247,-5.123734833098167,-6.282768159962794,-4.578254981076423,-182.9064456090225
680.0,-1.2432870720602915,0.010984160238355441,-1.5703771679085876,-5.132656012042873,-6.2825424706643895,-4.577698315693708,-183.09387507396983
681.0,-1.2452196877348736,0.01102669860996561,-1.570422961032288,-5.14044270419133,-6.282938649406263,-4.587322497252005,-183.2806285975938
682.0,-1.2469438341428198,0.011032712909381641,-1.5704763675008255,-5.148939540165719,-6.283095091522693,-4.580625905575624,-183.46665308032635
683.0,-1.2455268341710353,0.011077481198680015,-1.5704641421257008,-5.143525390455736,-6.2831569182560125,-4.583397569809707,-183.65310925254047
684.0,-1.2454301051041123,0.01104585357436873,-1.5705284269537243,-5.140127235781922,-6.283186762112103,-4.580879826131382,-183.83990002145956
685.0,-1.2430903985514434,0.01107457625099474,-1.570517700039103,-5.129496578128073,-6.283193120705342,-4.584566606843528,-184.02762453038565
686.0,-1.2430034700140902,0.011030218839837158,-1.570581799204028,-5.126153280386048,-6.28319480596527,-4.5862049266539024,-184.21570046810402
687.0,-1.2451824346411198,0.011011736675473427,-1.5706065302641856,-5.124178585043874,-6.282904747519972,-4.5941934566257405,-184.40392410934606
688.0,-1.2436322360641359,0.01106225485941868,-1.5705663996027979,-5.124458224905982,-6.283083858472639,-4.586298510031281,-184.59213682576132
689.0,-1.2448206508109123,0.0110213136255564,-1.5706044966739552,-5.12015219598101,-6.283156315946289,-4.5812137656541685,-184.7807354658686
690.0,-1.242266172306154,0.011069984034361997,-1.5705640692139038,-5.118038883824336,-6.283182263368817,-4.585006514241101,-184.9695397423577
691.0,-1.2388771139539967,0.01105757333765193,-1.5705825548781625,-5.122795621466179,-6.283191300032427,-4.592026203986332,-185.15799993318402
692.0,-1.241347183638809,0.0109940019601532,-1.570630105026907,-5.1156319140497155,-6.283193154057989,-4.596651833527974,-185.34705355428602
693.0,-1.2477337381738676,0.010970374954024401,-1.5706604506010957,-5.119840385975932,-6.283194476447992,-4.6005647915674865,-185.53571916095325
694.0,-1.2469558776720897,0.0110760409986012,-1.570561728881928,-5.124708238154426,-6.2831915280650215,-4.608491956565893,-185.7239103487603
695.0,-1.2431464164366146,0.01105920560193257,-1.569755813380573,-5.133588313305268,-6.283193716215377,-4.606337227540111,-185.91115207509142
696.0,-1.2459243317384634,0.010288860409522925,-1.5700442707709548,-5.139513211202271,-6.283196152550076,-4.599785569807427,-186.09801392524827
697.0,-1.244651355133085,0.010456256472649526,-1.570211971491633,-5.14783557127425,-6.2831932890150375,-4.597128884520136,-186.28417310424746
698.0,-1.2433116216007791,0.010656750101564031,-1.5703337184767103,-5.1508064750979115,-6.283196684067501,-4.594624259152657,-186.47005764934423
699.0,-1.2405753218090834,0.010807327743115385,-1.5704061256006692,-5.159214903931574,-6.283195568148926,-4.584828920064618,-186.65522758884728
700.0,-1.2403078672954604,0.010865932471063277,-1.5704820667388222,-5.161952634271826,-6.283197252718543,-4.579445720840564,-186.84014976937138
701.0,-1.2419758894655004,0.010916462595949163,-1.5705203153105718,-5.156928797245423,-6.28319421327829,-4.5665784691249405,-187.0254804807265
702.0,-1.2484174273933977,0.010914910355181193,-1.5705870869251304,-5.155171234356648,-6.283195484805473,-4.565131011743725,-187.21097957353143
703.0,-1.2515294184165868,0.011008418870515135,-1.5705375265339319,-5.147298984677327,-6.283191944099382,-4.567495372746398,-187.3971448702772
704.0,-1.2475744644136728,0.011092067637141571,-1.5704946625533023,-5.140734893162518,-6.2831918753160565,-4.567856928271688,-187.58385162225542
705.0,-1.2481364910389412,0.010997431863438522,-1.5701474832585922,-5.14917705668107,-6.283193556978168,-4.578380394385749,-187.76979571418738
706.0,-1.2452124429482168,0.011082028961506125,-1.5702287597753213,-5.153802235591955,-6.283193964087761,-4.5845249428378985,-187.95531449656855
707.0,-1.2413566872353432,0.011077075523618035,-1.5703342318414582,-5.148528389838374,-6.283192191112721,-4.589305003155272,-188.14132171280676
708.0,-1.2439839632805798,0.010992455181219989,-1.5704919435279752,-5.150519514295507,-6.2831936885084545,-4.587765013779294,-188.32721247321382
709.0,-1.2463865168675037,0.011020770510645332,-1.5705163849046373,-5.159591218919584,-6.283196924034246,-4.5864435681698685,-188.51231818018962
710.0,-1.2471003548355883,0.011051083972392047,-1.5705122900055837,-5.161583408573636,-6.283194513950848,-4.593940366041305,-188.69721946902789
711.0,-1.2417909733024914,0.011116726534819266,-1.570470955760084,-5.156863511412879,-6.2831909247893165,-4.59012447622868,-188.8825087362096
712.0,-1.2371473975463378,0.011076041905794672,-1.5705325714577325,-5.157766391625301,-6.283193499865754,-4.593122190195429,-189.06781892510713
713.0,-1.2324275878115192,0.0110707602536604,-1.5705436966211106,-5.155174134136344,-6.28319366489257,-4.593212804843605,-189.25346069944013
714.0,-1.2340218914841632,0.010994746632391156,-1.5706204129954997,-5.1514455432039705,-6.283194895084279,-4.58403242161746,-189.43943768929333
715.0,-1.2415417326586056,0.010958340432135664,-1.5706620699721727,-5.15573746089604,-6.283195413613945,-4.591402085977508,-189.62494328920172
716.0,-1.245211002135072,0.011041961084131002,-1.5705841127332456,-5.158681012211956,-6.283195298421874,-4.60037173128488,-189.810124086128
717.0,-1.2482745286417016,0.011049204624984205,-1.5705755351480384,-5.155077218901702,-6.283193664755696,-4.599011467877308,-189.99560120621217
718.0,-1.2480064293201438,0.01108730862716313,-1.570541779069049,-5.1471599117922135,-6.283190836023093,-4.5945471491501095,-190.18174787453628
719.0,-1.2461236848974884,0.011082928561368756,-1.570555731840223,-5.1450394563600295,-6.283194329937036,-4.5896237933188795,-190.36810520053402
720.0,-1.2417934382261944,0.011092967016597448,-1.5705495127938909,-5.146800063307244,-6.283192486906831,-4.589748204659103,-190.55433892631325
721.0,-1.2387796818056642,0.011060748264742369,-1.5705748616153008,-5.144135942043246,-6.283193485494565,-4.589289769093362,-190.74085004988927
722.0,-1.2343967507286921,0.011076333156161263,-1.5705546507243433,-5.131991836126175,-6.283193203652977,-4.582060877642523,-190.92850957868097
723.0,-1.2284876367604922,0.011074107332647085,-1.5705686138666946,-5.1273214965781495,-6.283194781713748,-4.58161404149856,-191.11681587682176
724.0,-1.2261440364935707,0.011017305639122617,-1.5706261065785168,-5.131062927190891,-6.283192796167904,-4.584556038812587,-191.30493744007708
725.0,-1.2305964717915803,0.010957846200783253,-1.5706753097029136,-5.136379003324307,-6.279848215066975,-4.586890433157662,-191.49214839436007
726.0,-1.2400990416403983,0.010944925473014344,-1.5706859511419007,-5.149604771125439,-6.281882347731108,-4.5828816488284065,-191.67813781919415
727.0,-1.248365797758482,0.011009677095014865,-1.5706147356792473,-5.156637729027996,-6.282658618051609,-4.592434108331832,-191.86347878584175
728.0,-1.2557866426297337,0.011036291708408535,-1.5705896300123579,-5.163293883931022,-6.282979636880315,-4.602988591534116,-192.04834043238634
729.0,-1.2578979835267534,0.011102973837241785,-1.5705240606338082,-5.1635100013364115,-6.28310880372887,-4.6018498616744345,-192.23320075862017
730.0,-1.2581659311465943,0.011099560112332627,-1.5705292394039159,-5.160225094766376,-6.283165111073143,-4.6032516828059435,-192.41834842670434
731.0,-1.258072701722411,0.011082497265198495,-1.570553040622242,-5.163548257614188,-6.283189544395038,-4.592683318461101,-192.60323831658388
732.0,-1.2523490360496123,0.011082025075672991,-1.5688363315262897,-5.163257262976337,-6.283193544653165,-4.584618026474584,-192.7876295370163
733.0,-1.2420540120544323,0.011192954631585032,-1.569319230649382,-5.155952903286505,-6.283192023157367,-4.587492060695969,-192.97267397266637
734.0,-1.2382364881208032,0.011063714056346076,-1.5698143057582588,-5.1473093152013245,-6.2831915187464205,-4.586482058855338,-193.15868779201944
735.0,-1.2360721752826018,0.011044619477182188,-1.5700816079279236,-5.138240162509733,-6.283191802893482,-4.580108008186632,-193.34563483417872
736.0,-1.2402486551539231,0.010977908815122703,-1.5703082928874936,-5.123486775412443,-6.2831913078235555,-4.580176806150953,-193.53389081109293
737.0,-1.2470432123284592,0.010975204572221122,-1.570432049859646,-5.11839698179535,-6.283193999777007,-4.58178505948974,-193.72259726816029
738.0,-1.2500076010411374,0.011044861730867203,-1.5704382866418845,-5.106263892144662,-6.283193610814152,-4.585966671577919,-193.91234541861056
739.0,-1.255281993431283,0.011006542341678896,-1.5705318529757875,-5.101430482871564,-6.283194487184957,-4.593549977562522,-194.10259928119163
740.0,-1.2576147190544655,0.011046481365570663,-1.570530611792132,-5.104299073979629,-6.2831923363239435,-4.591694961908088,-194.29264702987777
741.0,-1.2581574801372657,0.011054897779955823,-1.5705431057594184,-5.109333757403711,-6.283193019112638,-4.586982003105853,-194.48227030157753
742.0,-1.254954102157901,0.011087668759753137,-1.5705224071946544,-5.111018128667712,-6.283193837090308,-4.586043302791718,-194.671684229126
743.0,-1.2489637055560467,0.011091012650353416,-1.5705331179882445,-5.11892490083092,-6.283194178003421,-4.592090339433037,-194.86038784172052
744.0,-1.24333264671947,0.011066319823256116,-1.5705585137241158,-5.126088878098339,-6.283194300443738,-4.5971627698663315,-195.04848583735102
745.0,-1.2411123088034133,0.011022111148484648,-1.5705991872329506,-5.130772367549537,-6.2831959298058315,-4.598291431747637,-195.23620173393738
746.0,-1.2396771045526846,0.011023742584476045,-1.5706004421238717,-5.137168762577442,-6.283194783902655,-4.600964981383796,-195.42336928252155
747.0,-1.2381142281793869,0.011029683999430082,-1.5706018323051392,-5.150819106503433,-6.283194633878356,-4.604159285035826,-195.6093597626857
748.0,-1.23693577159623,0.011036959011846583,-1.5705835383048872,-5.152908702765446,-6.283194029176468,-4.607678412143977,-195.79513850884945
749.0,-1.2373090950954204,0.01102470982321777,-1.570598496514433,-5.155434441404404,-6.28319657427801,-4.612523894615358,-195.98069216113254
750.0,-1.2429682869644432,0.010982034854568648,-1.570635628920662,-5.1538256345935345,-6.283196742479749,-4.621033098052481,-196.16632464766715
751.0,-1.2470024098887469,0.011030491065221786,-1.57059628823553,-5.1560578695041555,-6.283195203584935,-4.621402279377553,-196.35173933975454
752.0,-1.2521639970363547,0.011023589675317686,-1.5706056220137694,-5.161008681175031,-6.283195737071426,-4.62300828710758,-196.5367644381652
753.0,-1.2519428081256885,0.01109240455071092,-1.5705481490983506,-5.174089321056602,-6.28319278707165,-4.617974746532942,-196.72065071891427
754.0,-1.2487994783223253,0.011107970485040204,-1.570520954591874,-5.174586624693271,-6.27812196006318,-4.618976026264618,-196.90398085166294
755.0,-1.2512207620876672,0.011031234890732948,-1.5705853848591078,-5.164738997347633,-6.281203830569818,-4.609863559491621,-197.08843051907382
756.0,-1.248000311266756,0.011109715115161158,-1.5705171186962228,-5.149621555155502,-6.282379635804924,-4.604865830426554,-197.27424922366006
757.0,-1.2447357999727975,0.011077504452920542,-1.5705609682680892,-5.138002185211507,-6.282868004550616,-4.609736810708005,-197.4611776869559
758.0,-1.2408893628696258,0.011070090576278566,-1.5705739022336913,-5.131008439025764,-6.283067131862774,-4.610304317488834,-197.64880788291532
759.0,-1.2404050707420962,0.011019692506205804,-1.5706227769147436,-5.128399301647981,-6.283150821046027,-4.617176498817612,-197.83672707928153
760.0,-1.2436430754885919,0.010988066478537463,-1.5706530569056567,-5.134034992140454,-6.283184587590084,-4.625679049358455,-198.0241465343301
761.0,-1.2501732103789744,0.01098223338536856,-1.570646269358049,-5.131160745324684,-6.275154989139469,-4.633629069220012,-198.21109221546084
762.0,-1.252115707136697,0.011060401193182,-1.5705719701134264,-5.124558938144787,-6.279944882904819,-4.631917108194367,-198.39897070695523
763.0,-1.2539385937726475,0.011043973913648789,-1.57059577391722,-5.12489347200491,-6.281866653615291,-4.632843588324307,-198.58704480544608
764.0,-1.255594752591022,0.011041345291436447,-1.5706012406963905,-5.1334789231730635,-6.282655080850335,-4.622084942609144,-198.7744880086642
765.0,-1.2576307901550485,0.01104294796650009,-1.5705871594363907,-5.131492233567943,-6.282977870995411,-4.618286793324316,-198.96213042152303
766.0,-1.2540908303429907,0.011102035513249798,-1.5705359642933319,-5.131148784686012,-6.283108473766434,-4.615335543348061,-199.14974786574192
767.0,-1.2507978662368786,0.011071570932257073,-1.570563969916453,-5.127443931427854,-6.283165771270912,-4.61570362425618,-199.33766971758553
768.0,-1.248847014093796,0.01104770722258585,-1.5705855591381939,-5.121253193962709,-6.283189291629899,-4.618915302118649,-199.52613959447845
769.0,-1.2481181327027169,0.010186443550271203,-1.5705809326647295,-5.1210025315239855,-6.276502486027787,-4.617748488712927,-199.71420287024765
770.0,-1.2460917197128796,0.010333820996927116,-1.5706055692850078,-5.114258400343562,-6.280527281165342,-4.623080434202144,-199.9031713904936
771.0,-1.2413337418665518,0.010599078177685616,-1.5705917435095373,-5.1187983886895,-6.282104000166099,-4.633548707282034,-200.09192168570155
772.0,-1.232833823675529,0.01078771049541899,-1.5705660180146614,-5.131712141026641,-6.282751001299248,-4.632223237285039,-200.27973912585585
773.0,-1.2321193317941521,0.010797422427497549,-1.5706336923929725,-5.128114422901997,-6.2830219376278125,-4.633973089720239,-200.46790755288583
774.0,-1.2372724210512513,0.010828442989813858,-1.5706709477927723,-5.1313327951233045,-6.283132363203179,-4.623539935949187,-200.6556891794922
775.0,-1.2373068198432848,0.01096336360327404,-1.5705900903481087,-5.139938503403314,-6.283171283574065,-4.622844349641618,-200.8426631853505
776.0,-1.2422600711110854,0.01093573518151058,-1.570636058311309,-5.143570140465509,-6.283193128071919,-4.633102639815408,-201.02924232384973
777.0,-1.2512758265266177,0.010944059957613815,-1.5706419745074922,-5.146644368073893,-6.283195620416054,-4.642441126077352,-201.2155339169387
778.0,-1.2565984884088797,0.011031183329112378,-1.5705686475274991,-5.14198768545599,-6.2831911199400015,-4.649236099893897,-201.40224696950753
779.0,-1.2550528551772313,0.011107102013165405,-1.5705099394459514,-5.1325520427474185,-6.283191561670462,-4.642820061843893,-201.5897232458953
780.0,-1.2527091202783567,0.011083345510651469,-1.5705443353066477,-5.123593447920992,-6.283191414113284,-4.631864361482538,-201.77797612775493
781.0,-1.248915779768791,0.011078196042492041,-1.5705600049443644,-5.123025495591879,-6.283192186635732,-4.62408522595172,-201.9662951817396
782.0,-1.2458097338800476,0.011051221110252604,-1.5705890024965967,-5.128732703646384,-6.28319292467361,-4.623710780746531,-202.15414494263732
783.0,-1.2468866586437455,0.011006150071314726,-1.570622901523375,-5.128875260241079,-6.283195138384363,-4.6156814966365936,-202.34197725330642
784.0,-1.2455461799242376,0.011054038389349121,-1.5705728872701905,-5.11960366218422,-6.283192530693144,-4.61448668922994,-202.53059060672618
785.0,-1.2456999269786437,0.011025219869248917,-1.5706083125936214,-5.113743504100395,-6.283193448313687,-4.615230891630862,-202.71975468269443
786.0,-1.2516858158360216,0.010966699965929751,-1.5706657175633596,-5.114428559174633,-6.2831940859781135,-4.612381801385952,-202.90889242116512
787.0,-1.2564307587786316,0.011008592308592673,-1.570631057875148,-5.12578741212119,-6.283193810185727,-4.600158827697633,-203.0970930267439
788.0,-1.2584209826652832,0.011054664778050283,-1.570574904555925,-5.124040442770446,-6.2831909289493515,-4.587994166606408,-203.28541764442244
789.0,-1.254896458668924,0.011103013630996944,-1.5705366017762554,-5.126947274660698,-6.283191379979105,-4.587987804906648,-203.4734327023094
790.0,-1.2464311042251264,0.011128395526827995,-1.5705137800791626,-5.129564667149185,-6.280645727093443,-4.582354240633444,-203.66094398531695
791.0,-1.236033894604169,0.011119927643700645,-1.570516213537333,-5.123577694130242,-6.282194440784114,-4.584106227236284,-203.84922693801923
792.0,-1.2316333314051553,0.011026140674843908,-1.570605143822288,-5.114792253654576,-6.2827934739869375,-4.59159935968763,-204.03853720582796
793.0,-1.2294483771636153,0.011007732820465979,-1.5706289731519292,-5.114368544989614,-6.28303719294603,-4.591626462454345,-204.22803056020672
794.0,-1.2319811980735136,0.010969491953136689,-1.5706609025780012,-5.111569758467145,-6.283137671741477,-4.591817007478755,-204.41771482296036
795.0,-1.2399246590945001,0.010936991870291488,-1.570696807794019,-5.121566347140946,-6.283179328297488,-4.598945372497271,-204.60634684895388
796.0,-1.2489006818203898,0.010981233447657683,-1.5706399117539496,-5.11818752971816,-6.28319110394167,-4.606911598494827,-204.7951255787384
797.0,-1.2569370130694146,0.011018197738586621,-1.5706071108690256,-5.1113981807267574,-6.2831913139577145,-4.614603843610715,-204.9845280784246
798.0,-1.2569929431783935,0.011109160657273385,-1.5705289564796832,-5.104876787997288,-6.283191510507537,-4.61239654952272,-205.17447804635165
799.0,-1.2545620363934786,0.011093718836009504,-1.5705514157451084,-5.10519666156289,-6.283192292620187,-4.616377326996069,-205.36440357977753
800.0,-1.251353754768475,0.01107243193500496,-1.57057552784426,-5.116045911318524,-6.283193543263346,-4.62194139618222,-205.55339263529868
801.0,-1.2495821952188688,0.01104582394940337,-1.570590563503304,-5.123187154286433,-6.2831944454815325,-4.620658790162949,-205.74173718490553
802.0,-1.2541503770358458,0.01097847638247846,-1.5706487409325631,-5.131201118448217,-6.283195085404829,-4.625083199184838,-205.92942865429848
803.0,-1.2592391666286384,0.01100944195044168,-1.570611297730224,-5.131283326766244,-6.283193110629583,-4.629175383435967,-206.11715632819784
804.0,-1.257113579440187,0.011100691917519456,-1.5705284801500892,-5.125927501637203,-6.28319162151683,-4.6283672834193075,-206.30526572298993
805.0,-1.2507171640894945,0.011114113943763793,-1.5705252260092402,-5.123805124072319,-6.283193834116847,-4.632767487877006,-206.4935011665024
806.0,-1.242065245591721,0.011106256447477533,-1.5705373679421417,-5.126624628718599,-6.2831934347700695,-4.623378924211583,-206.6815358946634
807.0,-1.2414168858049082,0.010993384226060951,-1.5706405620921606,-5.131590387237945,-6.283193827900053,-4.62111794960574,-206.86919185823575
808.0,-1.2433336631041945,0.010993883793342532,-1.5706350398948155,-5.136786712883365,-6.28319491187952,-4.615980791009224,-207.05636083531124
809.0,-1.2466958695231467,0.011002027353512727,-1.5706209303263579,-5.134042149224006,-6.2831935202894655,-4.612724221336465,-207.24372447229015
810.0,-1.2510331980528115,0.008699977489026053,-1.5705500666451806,-5.142435206729429,-6.283194718683141,-4.605905931039424,-207.4307068049778
811.0,-1.2597587228663145,0.009015268025763757,-1.570707157383516,-5.148366059179161,-6.283197172431363,-4.608821663333156,-207.6173093047032
812.0,-1.2608201099832135,0.00982109122066554,-1.5705577521924698,-5.140877663458262,-6.283192423920779,-4.609139611700908,-207.80439108262564
813.0,-1.25489016886986,0.010315677342685643,-1.5705112335171751,-5.135403381483096,-6.283190984476952,-4.6138794810536,-207.99175403405607
814.0,-1.2473756081863472,0.010581686271284139,-1.570529879299776,-5.130081389096428,-6.283191964635253,-4.604632207798965,-208.1795009056633
815.0,-1.2442981339865689,0.010693938657992149,-1.5705966061169976,-5.124322229064451,-6.283194815660379,-4.593248924062297,-208.36777686353756
816.0,-1.2435888836434414,0.010788326021626675,-1.5706284448029815,-5.1319868179621135,-6.283195513090156,-4.591632181166876,-208.5554120592358
817.0,-1.2457538992010544,0.010852145598423317,-1.5706314168772761,-5.134021581779169,-6.283196908132945,-4.602029662885412,-208.7428233965111
818.0,-1.2521370690698355,0.01088088801067687,-1.5706478078413855,-5.133403391355479,-6.283196823542466,-4.6063832301469825,-208.9302889274151
819.0,-1.259405101986874,0.010937554907515398,-1.5706254879473145,-5.132007745745508,-6.283197686272707,-4.6086631382928696,-209.11796466403248
820.0,-1.2595284595926073,0.011056355089907766,-1.5705342028313651,-5.1231820468953595,-6.283191636888658,-4.606446293198468,-209.3063547855861
821.0,-1.258921992613871,0.01104620062064571,-1.5705654028252283,-5.1171539252354465,-6.2831926712609505,-4.605006251256991,-209.49527749015152
822.0,-1.2530228504357785,0.011097467933652603,-1.5705307809841595,-5.115700210336674,-6.2831931180154275,-4.6105864468771,-209.6842510351118
823.0,-1.2459337231870695,0.011078295446627839,-1.5705585840512504,-5.121292336021349,-6.28319305994967,-4.617263890403239,-209.87275105460188
824.0,-1.2364436856261232,0.009685798797279767,-1.5704989960219262,-5.128425334963051,-6.283191514606261,-4.611928478811587,-210.06093680960367
825.0,-1.230400161719318,0.009837586814080073,-1.5706348291423557,-5.133801247255946,-6.283194192480004,-4.6021861238048505,-210.24884101350872
826.0,-1.2293034394744349,0.010210659825174185,-1.5706539441685585,-5.135512281868389,-6.283195636345298,-4.593297237940944,-210.4365682091998
827.0,-1.2346860667046156,0.010443070587049325,-1.5706787144754113,-5.132717572256418,-6.283195359382273,-4.600851074849747,-210.62434108975788
828.0,-1.2447823940146765,0.01061192734884681,-1.570689594802814,-5.141068756952864,-6.283194559295796,-4.61172862427634,-210.81120750372372
829.0,-1.2513939297879808,0.010813887394338115,-1.5706019777227154,-5.147006595904201,-6.283193839062905,-4.61161329482529,-210.99748888862607
830.0,-1.2557824327546903,0.01091947154198453,-1.570569449273254,-5.147651400417991,-6.283194017814928,-4.603122075228617,-211.18372836411154
831.0,-1.261118548783344,0.010956845214636232,-1.570577012470837,-5.142597444063755,-6.283192736879079,-4.593059924191495,-211.37050107993508
832.0,-1.259376335749192,0.011068315697161615,-1.5705051061382034,-5.133072022725331,-6.283191475531657,-4.585998808474493,-211.5580168176289
833.0,-1.2615482876513868,0.011007606888275241,-1.570586140481333,-5.1226047722971435,-6.283192501042859,-4.584615006624365,-211.7465141723983
834.0,-1.2657857582815453,0.01099844703940891,-1.5706142113009565,-5.122042434122011,-6.283194229599262,-4.573941027532836,-211.93522006453745
835.0,-1.2661817335933485,0.011052234753234162,-1.570575646768768,-5.128865099458842,-6.283194026773272,-4.56480419419461,-212.12336619367755
836.0,-1.260351583537887,0.011115260470759015,-1.5705132631509982,-5.1254536017394425,-6.283191967418247,-4.550390819315337,-212.31158708407665
837.0,-1.2538502220904304,0.011085967106502613,-1.5705501950756693,-5.127495802871914,-6.283192539249627,-4.54668303203015,-212.4995454139767
838.0,-1.245514242572587,0.011092240837308894,-1.5705426786049297,-5.12613149161704,-6.281673390040403,-4.5432913274243605,-212.68745472479415
839.0,-1.2379729972735978,0.011066524535105305,-1.570565233119598,-5.1187230263888335,-6.282601327034728,-4.5455576823233725,-212.8761942067227
840.0,-1.2345660060522494,0.011010900129717748,-1.57062180177121,-5.113246093112773,-6.282959438456442,-4.544643146635004,-213.06558826286965
841.0,-1.238292418931364,0.010947875561566931,-1.5706797888323762,-5.107828087244007,-6.283107251037633,-4.550845060896466,-213.25542936054794
842.0,-1.247321726253413,0.010930188270690465,-1.570698096525351,-5.108922154077434,-6.2831663419728265,-4.5550438023951445,-213.44507762867985
843.0,-1.2544963528720314,0.010992982115334463,-1.5706430877871105,-5.118076089465016,-6.283186187361389,-4.562952440917784,-213.63392916033365
844.0,-1.2583767772253325,0.01104576455511256,-1.570588327551923,-5.123490807524511,-6.283192027178131,-4.562402095660058,-213.82232719039703
845.0,-1.260947677782627,0.011056603170550431,-1.57057523665113,-5.125668709432515,-6.283196288950511,-4.566809365849967,-214.0105757043324
846.0,-1.2576134537513768,0.011114002561807064,-1.570522056036171,-5.125837640345094,-6.283193692335268,-4.565727897394292,-214.19871682680926
847.0,-1.2527073134738662,0.011102746120155363,-1.5705281113110199,-5.1147938516030145,-6.283192316304716,-4.569768990021565,-214.38773367241342
848.0,-1.2512998611313297,0.01103653024912359,-1.5705981044027557,-5.10816833740619,-6.283193867814006,-4.564973783139358,-214.57737471746344
849.0,-1.2484239335092957,0.011054130102122781,-1.5705835668151304,-5.102380397108247,-6.283192282610652,-4.5664432843758735,-214.76752966436177
850.0,-1.249855354334901,0.01099401750927672,-1.5705520296827342,-5.095937720561563,-6.283194897287045,-4.568050144148164,-214.95825910037104
851.0,-1.251437643543703,0.011006360449600752,-1.5705777648894836,-5.102451092117046,-6.283196000095019,-4.558037531560021,-215.14845310556072
852.0,-1.2547909926933714,0.010996807358128968,-1.570600109089392,-5.109058549831187,-6.283195094183959,-4.560015472656464,-215.33808530945555
853.0,-1.2555675945987073,0.011040859646949931,-1.5705686412797586,-5.11562636439381,-6.283193790890212,-4.560936607462514,-215.52713254156942
854.0,-1.258512801600451,0.011016887693412466,-1.5705926489272446,-5.114425567464684,-6.283194681131152,-4.557325816442475,-215.71631118857394
855.0,-1.2552563441854288,0.011092406126180086,-1.5705319488681064,-5.115127455315334,-6.283193347393747,-4.552257727152018,-215.90536464347875
856.0,-1.2498738353836965,0.011084596900710725,-1.570547933381111,-5.119609346501108,-6.283193008540973,-4.545497392764218,-216.09400147218201
857.0,-1.2438378406759727,0.01107819724985409,-1.570549515086401,-5.1151295986082514,-6.283191869211417,-4.535834204682774,-216.28303524275572
858.0,-1.2416071193997018,0.011014703495243635,-1.5706199468079518,-5.122303686360895,-6.283193594952847,-4.53740089570318,-216.4715216599934
859.0,-1.2411546034927707,0.011012587865991998,-1.5706132239354251,-5.121893015194242,-6.283193872211535,-4.5372203874342585,-216.6600261007631
860.0,-1.246585853388971,0.010956292500109308,-1.5706731528930498,-5.132269187054947,-6.283193994041513,-4.547003669873224,-216.84761363016983
861.0,-1.248854216648336,0.011033535612591065,-1.5705923383953004,-5.135558990147841,-6.283194729092801,-4.556142441126784,-217.03484877972767
862.0,-1.2443088828549875,0.011108205439253093,-1.5705227523119099,-5.131982615421669,-6.283190916916569,-4.5549785157853035,-217.22235936415498
863.0,-1.2422375573468452,0.011045726649529056,-1.5705908414471148,-5.136563564096917,-6.283193067515476,-4.545167471336348,-217.40953454412175
864.0,-1.2374587021421113,0.01108279205406066,-1.5705477755334185,-5.131469917090083,-6.28319186149116,-4.542320908088341,-217.5971905899893
865.0,-1.2375320326586527,0.011007858265909875,-1.5706254715653865,-5.133109547750681,-6.283193616999228,-4.546128037672132,-217.78475896635914
866.0,-1.2438910705873312,0.010965479678456227,-1.5706551450699189,-5.126268099814195,-6.283195712527106,-4.5488191101393545,-217.97283791493612
867.0,-1.252067147287069,0.010980758321566983,-1.5706466823607386,-5.124992333862943,-6.283196521194463,-4.554546718443754,-218.16102768783512
868.0,-1.2586499684186998,0.011028123946238528,-1.5705983569803517,-5.1154880721128375,-6.2831922302708145,-4.557924004565381,-218.3500850884
869.0,-1.261070312335451,0.011071416056915825,-1.5705674734055357,-5.111157519484563,-6.283193740491559,-4.5641562759699195,-218.53957602302003
870.0,-1.2601834194985855,0.011085123180754107,-1.5705597837079903,-5.112814978207557,-6.283193617315263,-4.563811935975599,-218.72892158686008
871.0,-1.2575864268049421,0.011082658548061048,-1.5705586858905445,-5.112591929640127,-6.283193586305449,-4.556957012279701,-218.91823469954335
872.0,-1.2586150240800837,0.011025419125790185,-1.5706089861550492,-5.1108845804850205,-6.283195048199077,-4.551776869369692,-219.10772786400477
873.0,-1.255625784144774,0.011078205666303815,-1.570557640159845,-5.105255057438588,-6.28319146623973,-4.5487938847482345,-219.29764419035374
874.0,-1.25279197041458,0.011051169110541076,-1.5705881237759451,-5.102900315132174,-6.2820026740104975,-4.546282987999157,-219.4876667954497
875.0,-1.251810846762944,0.010129477079015584,-1.5705817799305601,-5.101217607554583,-6.282730702682636,-4.550997905992696,-219.67802574377615
876.0,-1.2509729204653495,0.01026042451531259,-1.5706413954763896,-5.106752105280899,-6.2815839133295075,-4.545102376340168,-219.8678253091971
877.0,-1.2471700250872155,0.010567254972885938,-1.5705836957974866,-5.10244214483471,-6.2825589890889075,-4.551699947153837,-220.0580024683633
878.0,-1.2406803597555913,0.010750387280480259,-1.5705777700863435,-5.1069709168732444,-6.282938452233027,-4.560701591574459,-220.2478812137849
879.0,-1.239713292218498,0.01078744782392991,-1.5706412710516071,-5.111343436505003,-6.283098102351308,-4.563135192173658,-220.4374147395566
880.0,-1.2387903744951196,0.010877569348108265,-1.5706256190016934,-5.123557841445469,-6.283159813499743,-4.574156245261916,-220.6258743543614
881.0,-1.2421632860566179,0.010891614610719969,-1.5706460725315776,-5.129933307284466,-6.283187448482798,-4.574884128384023,-220.81369465698467
882.0,-1.246887974600873,0.01093571598134046,-1.5706352490017188,-5.141780075190466,-6.283193706137155,-4.5754731570095215,-221.00043282798697
883.0,-1.2495977704463688,0.011001937562420495,-1.5705852045241813,-5.147429658134787,-6.283196211663839,-4.586818713692742,-221.18663121162987
884.0,-1.2499814906676048,0.011041505498280653,-1.5705611701609143,-5.151009921048498,-6.283196104060582,-4.580376276251704,-221.3724972116622
885.0,-1.2502383429584767,0.01104495870503173,-1.5705639843322714,-5.148955668352553,-6.283194887324327,-4.588844745336578,-221.5585276184815
886.0,-1.2489256607884138,0.011062529525662989,-1.5705567159873743,-5.146773632895479,-6.283193687751683,-4.593768206323472,-221.74473826546335
887.0,-1.2455491180945462,0.011075626860620177,-1.5705529398051692,-5.146936927210404,-6.2831946450732055,-4.603161222192012,-221.9309360127157
888.0,-1.242976527184861,0.011057223299231844,-1.570567616641034,-5.138946807254955,-6.283192739537244,-4.602150317522784,-222.1178403416196
889.0,-1.2393038568510866,0.01106121866311153,-1.5705753581407451,-5.139315904277948,-6.283193929331847,-4.602103447613533,-222.3047852280936
890.0,-1.23558536589555,0.011052640651921368,-1.5705850088059934,-5.141949552043218,-6.283193907162901,-4.605356469235859,-222.49157685468955
891.0,-1.236550111642754,0.010999469864062361,-1.5706321076820258,-5.1449295380497775,-6.283195431704079,-4.606339519754907,-222.678107117849
892.0,-1.2434324992024024,0.010963660367012606,-1.5706569446803003,-5.141392727909086,-6.283192720659484,-4.597096805343996,-222.86484811269136
893.0,-1.2470734633287843,0.011033336311496007,-1.5705996350274738,-5.144862083045311,-6.283192160516054,-4.593300167617954,-223.0512585438119
894.0,-1.25384893272418,0.011007460158899593,-1.570614056501926,-5.136070393435757,-6.283194649396228,-4.590267295103368,-223.23844883924943
895.0,-1.2600596132474888,0.011035019581164185,-1.5705922464728577,-5.125695649394163,-6.283192908148111,-4.5891469349194525,-223.42663709450645
896.0,-1.2617646444535344,0.011015667013915674,-1.5684490026815874,-5.121970472691535,-6.283194782316945,-4.590695363091263,-223.61472130905096
897.0,-1.2611115521716998,0.011135082389292759,-1.5690842302330457,-5.120741713264274,-6.283193267073651,-4.582038949731264,-223.80300857347407
898.0,-1.2578415694024065,0.011124241854753164,-1.569558961636681,-5.112191983589248,-6.283192019571352,-4.570335343685118,-223.99207457565348
899.0,-1.2496284840724716,0.011141350707559478,-1.5698589014782998,-5.0989733850716945,-6.283192932403509,-4.569376329311422,-224.1823043987061
900.0,-1.2380722603524728,0.011120908818393112,-1.5701042426233671,-5.102491844139917,-6.283193288325971,-4.565411569722933,-224.37247367289896
901.0,-1.2351013081911364,0.010990314886018822,-1.5703630709781338,-5.109532640255721,-6.2831929650519225,-4.562949992007329,-224.5621928169982
902.0,-1.2356098502325592,0.010979132688621676,-1.5704598027594339,-5.115987531818272,-6.283193833727368,-4.572996784549143,-224.75133861244473
903.0,-1.2361328663141586,0.01100090530226426,-1.5705011171952707,-5.123263477945888,-6.283193811588702,-4.578308801729387,-224.93981852828736
904.0,-1.2402763591906,0.010977536515787178,-1.5705607016325258,-5.127326104369196,-6.283195706183273,-4.58368293471807,-225.1278584532003
905.0,-1.249251196351801,0.010953517501920002,-1.5706151684753926,-5.140069126309944,-6.283194391777622,-4.593783331233357,-225.314745161304
906.0,-1.2545876903329596,0.011041375661511648,-1.5705383315307277,-5.137733679715732,-6.283191340201341,-4.589389457154513,-225.5017972470253
907.0,-1.258208686291666,0.011051183919038737,-1.5705575184511842,-5.147921995357051,-6.28319440534957,-4.5835983472305335,-225.68806986134965
908.0,-1.26055687523357,0.011064867174359325,-1.570548413541093,-5.1563883626846065,-6.283193359112627,-4.570184879006069,-225.87365996418998
909.0,-1.2564355911354528,0.011129607317874813,-1.5704924958243511,-5.1627063722242434,-6.283192487129636,-4.561480023315065,-226.05857760122845
910.0,-1.2540093186831058,0.011067651156592995,-1.5702382696996269,-5.164884955724342,-6.28319560843885,-4.5629510360071475,-226.24319265283037
911.0,-1.2495656023438024,0.011105726525798358,-1.5703052778412228,-5.154681210038887,-6.283193376123241,-4.568242685627965,-226.42861157592756
912.0,-1.243552133730366,0.011097404083758533,-1.5703943094415953,-5.14664507110206,-6.283192680871164,-4.563313254252364,-226.6147709542437
913.0,-1.2375822926976912,0.011076237276958868,-1.5704658940119778,-5.139391680641238,-6.283192712193322,-4.555326684512201,-226.8016805840122
914.0,-1.2371587284951697,0.011000378265468342,-1.57057465421462,-5.141142318144472,-6.2831939417799205,-4.561260928793541,-226.9885185464693
915.0,-1.242939393034789,0.010959061741014877,-1.5706261090532054,-5.140172668009011,-6.283195345634539,-4.562542946860877,-227.17537382280508
916.0,-1.2446529392046128,0.01103707112121186,-1.5705747288839895,-5.149189777925731,-6.283195888683652,-4.571185899027111,-227.36141764978618
917.0,-1.24852606289949,0.011019661314375928,-1.570584266264846,-5.141757352289268,-6.283192154953248,-4.581142873784961,-227.5480662244849
918.0,-1.2515295782999665,0.011041853038444542,-1.5705757012851247,-5.135673878279803,-6.283193489305214,-4.586259288171847,-227.73526613391797
919.0,-1.252602238538495,0.011058742197517757,-1.5705712243196488,-5.135176747251402,-6.28319439162438,-4.589205225152513,-227.92253365392963
920.0,-1.2544467143819005,0.011041382942728578,-1.5705909926684594,-5.137782273396153,-6.283195461564236,-4.589425811413508,-228.10961029510864
921.0,-1.2508523400872664,0.011102598324312051,-1.570533735833327,-5.139378194124469,-6.283194782337348,-4.581796445926574,-228.29648557200133
922.0,-1.2423941517572286,0.011128747711241132,-1.5705109544891263,-5.139617608762999,-6.283193799778511,-4.567830272610615,-228.48333300098597
923.0,-1.2381050064813406,0.011047770409378467,-1.5705888296800674,-5.142708344372446,-6.283195033530013,-4.566304538169878,-228.6700081190838
924.0,-1.2354906931688052,0.011035191002573204,-1.5705965526217769,-5.144333894478639,-6.2831969772034935,-4.566043339959963,-228.85659090259142
925.0,-1.233885690536313,0.011028244915802718,-1.570603751645787,-5.147076387070815,-6.283196583846703,-4.555855241059586,-229.0429728276311
926.0,-1.2358348113769866,0.01099857625224967,-1.5706290732531756,-5.148408847129057,-6.283196958423895,-4.5627934706470885,-229.22919966608296
927.0,-1.239261188250238,0.011006520188765979,-1.570619042603914,-5.146741693377476,-6.283195452032934,-4.5637913851052,-229.4154987289559
928.0,-1.2448543936960061,0.011004956261628092,-1.5706156134066624,-5.1360039652230665,-6.28319280197147,-4.563761042900595,-229.6026671909423
929.0,-1.2463665901298857,0.011064667805788393,-1.5705691872923349,-5.12735457894398,-6.283192036247048,-4.5713675459743595,-229.79058417159783
930.0,-1.2521788197357533,0.010999013515071295,-1.5706415156606595,-5.13244819188283,-6.283193438787007,-4.575985544019327,-229.97813270637909
931.0,-1.2512642244942003,0.011099728679078515,-1.5705355453789793,-5.125966521806239,-6.283192409725403,-4.579867438506432,-230.16616923719928
932.0,-1.247980677359768,0.01109683926483241,-1.5705398769775252,-5.113265195565109,-6.283193590277861,-4.58806196984178,-230.3553104468144
933.0,-1.243706704613421,0.01088668292443528,-1.5644410806256719,-5.112040561981332,-6.283197088244458,-4.590209755649534,-230.54319568041413
934.0,-1.2446047998268628,0.011148287169925447,-1.5663612042550619,-5.121328350294312,-6.28319626232895,-4.5967612434542415,-230.73061849955056
935.0,-1.241006416872877,0.011149448799168994,-1.567717419286348,-5.130289465155346,-6.283192612417385,-4.605751869187798,-230.91761730648395
936.0,-1.2399023577654877,0.01106231443981178,-1.5687132741930814,-5.144712364988796,-6.283194242475399,-4.614370030243508,-231.10363108679138
937.0,-1.2373589235962494,0.011076390636611888,-1.569293152227618,-5.139563899753122,-6.283194069442211,-4.6165411250318265,-231.29023052987407
938.0,-1.2352745202019109,0.011044521890691944,-1.5697517312223257,-5.148411295432662,-6.283195324495328,-4.616358982879659,-231.47625039960283
939.0,-1.2395625733539588,0.010976160817189834,-1.5700855069517714,-5.156525616374399,-6.283195680573407,-4.613767182915945,-231.66156597732433
940.0,-1.2489622091185946,0.010959376403380882,-1.5702799664983862,-5.162491945463783,-6.283196368873334,-4.6089342898354415,-231.84636125738146
941.0,-1.2539124651096374,0.011052379973663344,-1.570310363275346,-5.1559677468173035,-6.28319278005215,-4.603802203315945,-232.03173412765025
942.0,-1.2545843752968258,0.011093612459219653,-1.5703606235481402,-5.1421995123239475,-6.283191948971426,-4.594150558015016,-232.21830538083157
943.0,-1.2529113398847669,0.011094175071302457,-1.5704287854575039,-5.131951454242752,-6.283191246085525,-4.590117622266791,-232.40578709814952
944.0,-1.2458891532968928,0.011127873987411793,-1.5704427089548014,-5.126702777178776,-6.283192518215654,-4.588352085687548,-232.59372987734787
945.0,-1.2398480401401595,0.011075886659103027,-1.5705209961169564,-5.128136893805247,-6.283192250868579,-4.583872711322017,-232.78165788111235
946.0,-1.232074320277622,0.011081501280927322,-1.5705334475453578,-5.136960444040111,-6.283194398283375,-4.579243629889097,-232.96899218656162
947.0,-1.2302423923991275,0.01099969711493921,-1.5706188169577169,-5.151629668577603,-6.282656402172584,-4.581786742053478,-233.1550718269836
948.0,-1.2304384771577752,0.011011757046347185,-1.570591290590051,-5.14658782474818,-6.282987666366809,-4.589533514461399,-233.34155509439913
949.0,-1.2349253382759626,0.010974438755013681,-1.5706461457223966,-5.155595943569009,-6.2831187337212535,-4.600216017161427,-233.52718523007937
950.0,-1.244242797114264,0.010964807411659044,-1.5706432781390303,-5.1525095206919085,-6.283170250667929,-4.608949723445443,-233.71292575024393
951.0,-1.2569045458406187,0.010974434166543234,-1.5706370930506532,-5.147305636552751,-6.283190746764247,-4.605886568735256,-233.89919763173674
952.0,-1.260476545009713,0.011102552659131907,-1.5705321220287807,-5.150612115417673,-6.2831912708444015,-4.608074708483759,-234.0852574887993
953.0,-1.2589476070201244,0.011128533805526948,-1.570507067140993,-5.147997215519287,-6.283192108636044,-4.60754571287602,-234.27148024899904
954.0,-1.2565063463483854,0.011105127687750453,-1.570530146188953,-5.143381984464221,-6.283192827724351,-4.604978098358013,-234.4580546326613
955.0,-1.2491177429451215,0.011136415786341038,-1.5705051047634264,-5.140557625063251,-6.283191954852324,-4.603361513629984,-234.64478906536135
956.0,-1.2377002555232093,0.011141305946582148,-1.5705069649890855,-5.144039069206122,-6.2831917996487805,-4.603963139852029,-234.83130734061896
957.0,-1.2316331497718211,0.01105076279101416,-1.5705821183627362,-5.137871704644072,-6.283193278477084,-4.600940921649362,-235.0185437203346
958.0,-1.2327913759934577,0.010975700711265605,-1.5706540997851182,-5.135300128288127,-6.283194179042859,-4.603912537469427,-235.20603478050654
959.0,-1.240005176903408,0.010945781607888429,-1.570678206669811,-5.131038764460644,-6.283195259899547,-4.604087408855255,-235.39375581099515
960.0,-1.2440028124016467,0.011024935094217356,-1.5706043441474518,-5.122875526894766,-6.283190910277623,-4.606833257954115,-235.58210832068266
961.0,-1.2466687852142457,0.0110352670694343,-1.5706046153131714,-5.1228876190860015,-6.283193129908765,-4.6066487999606975,-235.7704656874632
962.0,-1.2541049269639777,0.010987922215498614,-1.5706440929790682,-5.122016612355361,-6.283194792784375,-4.609307920641286,-235.95893341951603
963.0,-1.2594916458231633,0.011039278159241528,-1.5705921312478772,-5.116821093137127,-6.283192004771459,-4.609460162831925,-236.14790232696723
964.0,-1.2665244480797682,0.011015570738060323,-1.5706208806230046,-5.12040495516028,-6.283194787394485,-4.603460852260419,-236.33678163393037
965.0,-1.2701709868381656,0.011063357846556087,-1.5705757897272048,-5.12769908162257,-6.2831929177290915,-4.595895738815011,-236.52517561378707
966.0,-1.2685480970359002,0.01111056116327916,-1.5705261859301654,-5.128689705844807,-6.283192082262745,-4.584418466240266,-236.71339017661188
967.0,-1.2620163740345893,0.011122222721161763,-1.5700478018400617,-5.122774087022353,-6.2831910317112385,-4.580335242320111,-236.9017687776337
968.0,-1.2520705925074211,0.011141424629140627,-1.5701989617646601,-5.125106460454052,-6.28319117267172,-4.574352342586389,-237.08982472811002
969.0,-1.2457141379002192,0.011064161395046412,-1.5703678632327134,-5.1241439145115,-6.283193029941329,-4.57585713695278,-237.2780026371392
970.0,-1.246132560229027,0.010985829414485285,-1.5705058859475092,-5.123240704981591,-6.283194162604673,-4.5747706568232855,-237.46631010918463
971.0,-1.247097574927704,0.01100113238617035,-1.5705424193348954,-5.1320212272151755,-6.283196204148399,-4.576157472180991,-237.6538704723424
972.0,-1.2455442278138682,0.011044058290176522,-1.5705269534111856,-5.136572841548525,-6.283195556028688,-4.575278961829498,-237.84100420897647
973.0,-1.2467230721733127,0.011010530088474546,-1.5705788179105524,-5.142757166749224,-6.283195221446225,-4.566778213923309,-238.0276090217476
974.0,-1.2468008143990583,0.011041181962205049,-1.5705585531868762,-5.143782573489437,-6.283193929366731,-4.574447536140794,-238.21409563009513
975.0,-1.249578806233409,0.011012679494859057,-1.570594375078374,-5.142874166638624,-6.28319602938562,-4.571432887219193,-238.40067498880245
976.0,-1.2494569643414664,0.01106384215256988,-1.5705487506001419,-5.132507137155015,-6.283193641223102,-4.579145259783125,-238.58811999466926
977.0,-1.2496396372480676,0.011042767840380307,-1.5705864579502826,-5.132180910963678,-6.283193352995406,-4.5865219678778875,-238.77564063511844
978.0,-1.2479093248675732,0.011062287372439042,-1.5705719263047322,-5.134753397173366,-6.283194484590609,-4.585525512486018,-238.9629333762113
979.0,-1.2480940574161339,0.011031339101772696,-1.57060107735647,-5.1383565078722055,-6.283196067989223,-4.578038491972714,-239.1499224877521
980.0,-1.2472147117438586,0.011051681893024705,-1.570578517894988,-5.138124154874754,-6.283193536564563,-4.5788552246745216,-239.33691041411385
981.0,-1.2437085118100248,0.011078235868225882,-1.5705518185707972,-5.130643165246852,-6.283191421563445,-4.589272550675807,-239.52454507655247
982.0,-1.2382607306636766,0.011075196682095846,-1.5705706993844484,-5.138610055174875,-6.283193518589843,-4.596207309408461,-239.71159253636458
983.0,-1.235573974389869,0.011034320794142568,-1.570600589632974,-5.142735184668213,-6.2831960232036606,-4.606033113600239,-239.89832782921835
984.0,-1.2328461638690817,0.011043908276802473,-1.5705867158498488,-5.142591115800021,-6.283193352300281,-4.613994886624842,-240.08512580015247
985.0,-1.2314944375507892,0.011027675813916097,-1.5706041783335343,-5.1439097604859585,-6.283196012405726,-4.617508358917562,-240.27185918565684
986.0,-1.2355695053465436,0.010977114780228277,-1.570651811173683,-5.148876859929181,-6.283195969308218,-4.621303176030038,-240.4580742279243
987.0,-1.2414079445332658,0.010995434118999487,-1.5706265683978806,-5.146713967165552,-6.283193107393861,-4.623450061061767,-240.6443503588405
988.0,-1.2512396491055262,0.01097758780315823,-1.570644264916568,-5.144576456468011,-6.283195380499187,-4.620458511693896,-240.83080189064222
989.0,-1.255037098542445,0.011077266921555513,-1.5705516599251446,-5.1374576754640335,-6.283191399636326,-4.619164349043757,-241.01786768856616
990.0,-1.2560433154045434,0.01108770200971885,-1.5705475871131669,-5.128674018813107,-6.28319209777423,-4.615535459977819,-241.20571142252996
991.0,-1.2546486437115887,0.010032995760086568,-1.5705173015507512,-5.1274019279118965,-6.283194260081841,-4.612644969698476,-241.3938153407733
992.0,-1.2477629779510695,0.010231130983547583,-1.5705399302537888,-5.120848299925848,-6.283191030198146,-4.6132071768166805,-241.5824378847771
993.0,-1.2426741256732179,0.01048916592067119,-1.5705774320385004,-5.108020654133686,-6.283192860175051,-4.61022956720107,-241.77219924038926
994.0,-1.2446881623811958,0.010601938808573031,-1.5706627921936407,-5.103246328923459,-6.283192982095772,-4.613356678170818,-241.96240287990503
995.0,-1.246795620015984,0.010758196650024313,-1.5706375110427684,-5.10305729934077,-6.283194496490545,-4.613336025616075,-242.1525872610552
996.0,-1.2537877266707445,0.010801788444364873,-1.5706733576752476,-5.105898702269202,-6.283194756438814,-4.621998232573557,-242.34252681753867
997.0,-1.2538030681066263,0.010964505187286047,-1.5705729204409584,-5.111837299141709,-6.283191239088757,-4.624688337790503,-242.53190212431187
998.0,-1.2570429612383744,0.010946515107929355,-1.5706195625983175,-5.115771738118988,-6.283194057882629,-4.620227435311394,-242.72097272767147
999.0,-1.2542305100725049,0.011050526408266238,-1.5705416930221123,-5.117570394526501,-6.283193296935364,-4.626355808495335,-242.72097272767147
