time,shoulder link,upper arm link,forearm link,wrist1 link,wrist2 link,wrist3 link,total_reward
0.0,-4.6430058456736056e-07,5.3305647573229285e-05,-1.5477517965514034e-05,-1.0414557077174767e-05,-0.00010180873297439456,-4.193182336150664e-08,-0.9111607981031667
1.0,-0.004817759046360866,0.004305030360022335,-0.0022535338709441855,-0.011105278377853378,-0.009892472912953556,-0.011110020317984911,-1.8208990230039162
2.0,-0.014748454185079527,0.008642080556274334,-0.009442686355729655,-0.023295959211170704,-0.020000060096495687,-0.02679027618301876,-2.7256475432320117
3.0,-0.02558118165531088,0.011101944325087388,-0.01761585733940435,-0.03555445004032969,-0.028122236972504638,-0.03605958756078025,-3.6239044224973003
4.0,-0.03837068265090188,0.01282935903493192,-0.029085050558881005,-0.0516303555116132,-0.04249340330405764,-0.05091464624174238,-4.513736900420211
5.0,-0.05249855988508287,0.013842679912514276,-0.0430654142140079,-0.06937103449492318,-0.05952119402681729,-0.06814089066448362,-5.39352811004524
6.0,-0.06771655142801841,0.014360670466865432,-0.05871238206750671,-0.07220375667908446,-0.07243220688036417,-0.08634901370271364,-6.261787866148318
7.0,-0.08044800433600423,0.01462043432894059,-0.07494625460915091,-0.08170903206997655,-0.08250131631249576,-0.10397869311361432,-7.119817906251497
8.0,-0.09380576802926144,0.01459582302823252,-0.0895323377035269,-0.09667122635858057,-0.09070943332453038,-0.1223368191582735,-7.967737391376181
9.0,-0.10908925603997265,0.014450260375779952,-0.10118383654510928,-0.11107852052395688,-0.10359477882726556,-0.1410124325656588,-8.804627158514693
10.0,-0.12245110435399134,0.014575802427127789,-0.11243113250681826,-0.125634377067999,-0.11492874675233304,-0.15981960807762027,-9.63164302400876
11.0,-0.13593999204146448,0.014770717848139183,-0.12435607749579558,-0.14204056582009358,-0.13061940638591005,-0.178681249045097,-10.4486434903723
12.0,-0.14878776915408903,0.014710248425572952,-0.13481420175088926,-0.15798745969656297,-0.14142108331581407,-0.19756543234071977,-11.256139092133688
13.0,-0.16131447493733636,0.014812091415312242,-0.14544319675223913,-0.1756186225688236,-0.15688194185286777,-0.21288741126661925,-12.054281596801408
14.0,-0.17520248780376727,0.014482600708703657,-0.15175780556451998,-0.189143450079615,-0.17165526254876043,-0.23024729855072681,-12.842772976919631
15.0,-0.19080404638746745,0.014957483260822845,-0.16196685838659766,-0.19438520291466527,-0.18871530664127684,-0.23723519476627541,-13.619982342333309
16.0,-0.20762516048979043,0.015244193337357458,-0.1750548433131929,-0.20506651371993942,-0.2068542343440211,-0.2512060216995941,-14.384589752346388
17.0,-0.22029583510554837,0.015328190799550459,-0.1900528547733501,-0.22054602746530985,-0.2254380003517381,-0.26806831618130084,-15.138444905531093
18.0,-0.2299926000203895,0.015159100808976344,-0.2046379824388568,-0.23802817109477611,-0.24420843765802125,-0.28449540725202616,-15.883408739793918
19.0,-0.24157271699690014,0.015186102845788627,-0.22059869231320403,-0.25538470594656887,-0.2630571643208557,-0.30015513607839717,-16.61829594743076
20.0,-0.25275696686070676,0.015170384115578582,-0.23751972440044758,-0.27110191654943766,-0.2777832643310657,-0.30726354629152147,-17.342997812737142
21.0,-0.26550497615246066,0.01503129107034462,-0.25412738679805763,-0.28427155563014567,-0.28918142519660106,-0.32003519512077583,-18.056688751311373
22.0,-0.28045164470927875,0.014902820224037779,-0.2697568632863751,-0.3007240485271761,-0.3048840268358721,-0.336380216937973,-18.7581011983429
23.0,-0.2964702122288324,0.014952643352172517,-0.28640548334807375,-0.31063460274129645,-0.32246338831714405,-0.33791987528334066,-19.44622165297421
24.0,-0.3133783580378226,0.01501682954707377,-0.3037594576508788,-0.3257315985341032,-0.3393089046607193,-0.34784316490443146,-20.120416962259018
25.0,-0.3310287094388935,0.01502222109101995,-0.32162534376769675,-0.3430625762402277,-0.3573341928781333,-0.36300261880136486,-20.78003797862685
26.0,-0.3491556498107738,0.014997303203819777,-0.33983548216851384,-0.36113199413689157,-0.37587314826065127,-0.3663344584022507,-21.424630285926384
27.0,-0.36755629196782313,0.014746657468588104,-0.3558566240433232,-0.3796890671242508,-0.39229449414663714,-0.3788553637557545,-22.05433795747465
28.0,-0.38614734525981015,0.014845371633470989,-0.37270804891884113,-0.39841937581554,-0.41013235488437333,-0.39511982240026045,-22.66896531184632
29.0,-0.4048655992835621,0.014870518922308439,-0.39023546591961117,-0.41101226825534376,-0.4237843232467648,-0.4065784315249351,-23.268227136616694
30.0,-0.4236263642896299,0.014491675162576871,-0.40347044362293594,-0.42720776415481226,-0.439866264832267,-0.41840663842733783,-23.852735067643003
31.0,-0.44244042628777563,0.014398404105625599,-0.4143251799234721,-0.44497769748403654,-0.45759294622395397,-0.43421012816911797,-24.42308102837951
32.0,-0.46011472704552814,0.01456848855390575,-0.425437907614576,-0.461308148592239,-0.4760104068620872,-0.4518263907784195,-24.979967899428857
33.0,-0.47681284013470343,0.014877964279074103,-0.4390509793944035,-0.4766809716811214,-0.49471249515896615,-0.4551796897029662,-25.523519230266583
34.0,-0.4938850435179836,0.014931991951750335,-0.45341364124816086,-0.49408340633537656,-0.5135297900501916,-0.46772565607535754,-26.053236800653785
35.0,-0.5086083350648062,0.015017687800248834,-0.4692520583857355,-0.5120250294373697,-0.5241751136372863,-0.4808944733839258,-26.570189173371816
36.0,-0.5236056218227753,0.014970436677086675,-0.4860786277341144,-0.5262736147764099,-0.5395914212795384,-0.4973722380101452,-27.07395963561499
37.0,-0.5399594104360427,0.014940096464536253,-0.5035685853125491,-0.5431713282440345,-0.5570528243078091,-0.5152694630286928,-27.56350134533525
38.0,-0.5542795436366197,0.014843858159856532,-0.5215391591309113,-0.5526845128046921,-0.575360669662004,-0.5337548651350315,-28.039710176511868
39.0,-0.5685669007493651,0.014421920749608625,-0.5352126199279355,-0.567643870557878,-0.5921022213611398,-0.5493295421593257,-28.503546162327122
40.0,-0.5843123399810406,0.014487723691220795,-0.5488071114105644,-0.5848704341056227,-0.6022967027663589,-0.5668009589574565,-28.954538428762902
41.0,-0.6012302037797381,0.014459585964189987,-0.5622783372146801,-0.5933977695601071,-0.6175242735257107,-0.5778359154087103,-29.391937384879355
42.0,-0.6157610725382907,0.014706109139674801,-0.5774252808645187,-0.6079429124940117,-0.63491195208653,-0.5933960942714797,-29.81667802653202
43.0,-0.628548281188929,0.01479106498911034,-0.5938588829596269,-0.6250473868329717,-0.6499108463659143,-0.610913144766372,-30.229443935961633
44.0,-0.6425200642807009,0.01471310840484592,-0.6111543546271799,-0.6363262225337681,-0.6651994417042731,-0.6220821580503163,-30.629367268447428
45.0,-0.6581978967260449,0.014594483316156513,-0.6278763602495973,-0.6519741082438454,-0.6761467115078813,-0.6307717003646778,-31.015566414390424
46.0,-0.6750857198762453,0.014572565470437768,-0.645269704733364,-0.6661737782261226,-0.6916617012295403,-0.645369436813482,-31.387161800007778
47.0,-0.6882052252231255,0.014370564539554306,-0.6607123240253123,-0.6808140078190238,-0.7091667977512872,-0.6624886855983076,-31.746453683304207
48.0,-0.6996639924249197,0.014471911554372075,-0.6772210418513364,-0.6978864860038578,-0.7250674573247003,-0.6806525058488923,-32.09441626726366
49.0,-0.7129574586509286,0.014363097314356206,-0.6934106149522942,-0.7136402351177484,-0.7426831206392207,-0.6992482262351906,-32.43003384475982
50.0,-0.7271703539146798,0.014409132736048049,-0.7104280379113296,-0.7311824274473322,-0.7610550059482418,-0.718022383401296,-32.75253892858402
51.0,-0.742699785987425,0.014368571207883625,-0.7280909261627275,-0.7451635148528161,-0.771267337405375,-0.7350306193367283,-33.06122247509647
52.0,-0.7594576872542284,0.013801240179716442,-0.7461068804288568,-0.759451445318608,-0.7865140140211635,-0.7507735857103071,-33.354988705866106
53.0,-0.7745105576122358,0.013543394808099947,-0.7627649540463123,-0.7640400220374965,-0.8039051231753952,-0.7683276168146472,-33.635330939302925
54.0,-0.78760243810161,0.013855124680557848,-0.7799545269124113,-0.7769904133175247,-0.8221841105945653,-0.7864953407928911,-33.903360672904284
55.0,-0.8013478112140799,0.013723239047545015,-0.7943892625390895,-0.793464114128404,-0.8408219767088921,-0.800176143655955,-34.15923393983542
56.0,-0.8155041850132756,0.013940978397284838,-0.8101646405889884,-0.810558439469934,-0.8541499117382002,-0.8165734074807912,-34.40267023198945
57.0,-0.8309078514696165,0.013806051344588876,-0.8240274762234362,-0.8287144059531208,-0.8578968218179607,-0.8338463254089826,-34.63359151849831
58.0,-0.8448127758174637,0.013956272620141366,-0.8394394546969368,-0.8428294099246565,-0.8705722820457372,-0.8468926435119213,-34.852436494364305
59.0,-0.8579425601107388,0.01376178887183844,-0.8529777041673046,-0.8535939177900926,-0.8868982752402309,-0.8560756635818056,-35.0600886330794
60.0,-0.8722282453852871,0.0138782415038765,-0.8673997353538422,-0.8676423707087126,-0.9047348577599862,-0.8708797999908571,-35.255977985559724
61.0,-0.8802144484609438,0.014009931692204415,-0.8832504905443422,-0.8788113626419246,-0.9194592159079295,-0.8865326549152376,-35.4425149495247
62.0,-0.8872675677449499,0.013980691384176526,-0.8999219067932999,-0.8919710243898078,-0.9365571802963362,-0.8999077320814888,-35.6198968482405
63.0,-0.8977873109951438,0.013870211740071602,-0.917372162414312,-0.9027178944958846,-0.9547088225952757,-0.9123548983413585,-35.78639982647667
64.0,-0.911352371661598,0.013773071496443032,-0.9347233636146612,-0.917761755518047,-0.9728509612215175,-0.9250485052775493,-35.94061222485108
65.0,-0.925190103415537,0.013752732690030049,-0.9525361465018979,-0.9350570670938987,-0.9813665532977822,-0.9287135259425094,-36.08246648444509
66.0,-0.9399478394564594,0.013246962196540833,-0.9656418419005521,-0.9474901965743533,-0.9959382847099917,-0.9380768779630821,-36.21317081995023
67.0,-0.951960301669664,0.013478084021408493,-0.9803775228540127,-0.9594255773475656,-1.0130599519251635,-0.9529793529636367,-36.333917628491264
68.0,-0.9630526949879815,0.013497647067435205,-0.9951751955661553,-0.975392798757947,-1.031219407120512,-0.9653466491182695,-36.445011405317054
69.0,-0.9730329822977551,0.013429604903474092,-1.0095749781536913,-0.9913416036681226,-1.0447295713819915,-0.9814626587694765,-36.54713728634728
70.0,-0.9852016001055958,0.013303435406885685,-1.0235572421138268,-1.0050198630994347,-1.0613092718983839,-0.9893609498132612,-36.64034021830557
71.0,-0.9993750457981236,0.013406176641217979,-1.0390727867018068,-1.0216729935305424,-1.0770871425751216,-0.9994136449087636,-36.72439398112844
72.0,-1.014981445361711,0.013367728657670335,-1.0557679780913087,-1.034198329375887,-1.0946598551472444,-1.0145824933419731,-36.79993303966185
73.0,-1.0282439592789139,0.013369742700450805,-1.073161388840685,-1.047600602665707,-1.10725045640625,-1.0209158069734348,-36.86824546674213
74.0,-1.0424982855787694,0.01329743441715188,-1.0911099507235154,-1.064194637221614,-1.1156443140397625,-1.031635069574628,-36.93072675295208
75.0,-1.0566597064202659,0.012898762329177983,-1.104907090531415,-1.0821825097861524,-1.127870569680953,-1.0471021953790356,-36.9912658633645
76.0,-1.0720868279864118,0.012909350448608607,-1.118836326148262,-1.100663753045565,-1.1430130546992732,-1.064581734742284,-37.053365432075154
77.0,-1.0887820075001589,0.012970491977938066,-1.1343876334711516,-1.1145135039006169,-1.1504032205846555,-1.082753331348178,-37.119450114869245
78.0,-1.1050762320689214,0.012849537617913038,-1.1485677218986776,-1.1303873652808167,-1.162090298241575,-1.1013498103067176,-37.19227896705294
79.0,-1.1193285687972125,0.012890510150327963,-1.163410127478639,-1.1463700370406213,-1.1779712787398342,-1.1152307716844891,-37.272555008830764
80.0,-1.1343786322344507,0.012890371953920328,-1.1793069938773018,-1.1640345038694522,-1.1869757060664847,-1.1298545450611475,-37.36119175255584
81.0,-1.1507518106606034,0.012849004721515253,-1.1962254388086209,-1.1824268737358878,-1.2017298676287678,-1.146948376083309,-37.460358436358284
82.0,-1.1606472912878694,0.012845504405782648,-1.2137580623325903,-1.1991163483958318,-1.2189281710513222,-1.1651006351697042,-37.56688306106267
83.0,-1.171843372768917,0.012685878319015067,-1.2318783315672905,-1.2145385672857067,-1.2371093670870674,-1.1836916283481729,-37.68181050834026
84.0,-1.1857426569282559,0.012422301445789234,-1.2479983677064894,-1.2319784847716362,-1.251688206882476,-1.1960005741434623,-37.80727983273491
85.0,-1.1969321641139454,0.012379927075663611,-1.2633953359968808,-1.2502510901314758,-1.2687416145432027,-1.2071811805479646,-37.94220808657261
86.0,-1.2097927226862677,0.012355010012931033,-1.2799873436407359,-1.2664835974501882,-1.2765750579361528,-1.2228037008331736,-38.08680740008745
87.0,-1.2205287489096748,0.012250955605450071,-1.2953758717289707,-1.2842497093086847,-1.2908826694477418,-1.2353332632932659,-38.24063767529557
88.0,-1.231805209937894,0.011909251816435576,-1.3062404033745576,-1.3027229355964687,-1.3050887843614254,-1.251514111539548,-38.403955519144155
89.0,-1.245554249946542,0.012090890631004159,-1.3195289794032485,-1.3213768126021481,-1.3211027334747598,-1.2692877369080096,-38.57836016046187
90.0,-1.261078371314149,0.011886906729608206,-1.3301585731033343,-1.3402427479015842,-1.3380313297794786,-1.2877220782273888,-38.76501914518333
91.0,-1.2743840123742323,0.01210714167872535,-1.343298140355026,-1.3590598121872974,-1.3536829739714886,-1.298418289423969,-38.96257664622799
92.0,-1.2852756819136582,0.01216579822910813,-1.3584121749372824,-1.3779466683094863,-1.371196992126263,-1.3129238667823324,-39.16982407851376
93.0,-1.2963673979540855,0.012031050038416393,-1.3737489963915765,-1.3968806994566472,-1.3881660496934234,-1.3233505642122458,-39.3868301973846
94.0,-1.3068134483527154,0.011932286118083368,-1.3892640649478416,-1.4156800687729099,-1.4062467613602005,-1.332555421564813,-39.61336671313359
95.0,-1.3139145346098384,0.011924624466069886,-1.4058637449796754,-1.4345227060393624,-1.4205172440154155,-1.347350473223126,-39.8474041255254
96.0,-1.3172617135211169,0.011863958414060108,-1.4232723585361202,-1.4534148330368102,-1.437429318757086,-1.3645509581408712,-40.08729239083736
97.0,-1.3182766148958271,0.011600043754596981,-1.4383026896402429,-1.4723689529972888,-1.4555043926157263,-1.3734678711363093,-40.331924216152125
98.0,-1.314762403594677,0.011417678500002198,-1.4544571518418852,-1.491241332339547,-1.4703859273180664,-1.3881949085903451,-40.57913038411064
99.0,-1.3093486569037527,0.011247082068212304,-1.4691414610365552,-1.5101964008880393,-1.4858040441725522,-1.40065052893782,-40.82817096607412
100.0,-1.301014945036163,0.011319055321063882,-1.4851118736967888,-1.5246848251466798,-1.5032368149946838,-1.4162533641729182,-41.07810595781307
101.0,-1.2891542634409665,0.011225733315905078,-1.4992645736805428,-1.5417116082395457,-1.5215298055211823,-1.433778765985497,-41.327979936623144
102.0,-1.2748255553961043,0.011178630844617562,-1.5125900106566208,-1.5598427292300616,-1.5401771851823074,-1.4470579769594831,-41.577367413620635
103.0,-1.2674531949066972,0.010770971735297175,-1.5206494728471882,-1.5784911052453052,-1.549795924242956,-1.463548054821291,-41.827947470512036
104.0,-1.2579705327877573,0.011074570791043516,-1.5318523401803852,-1.5971747403242853,-1.5648221091928598,-1.480257036751475,-42.08015044808206
105.0,-1.2477203320946757,0.011002958994702161,-1.5426319077364634,-1.6143929071916152,-1.578523863385458,-1.4953645995274207,-42.33399791138198
106.0,-1.240196676212189,0.010800740978496478,-1.5511618475881486,-1.62672597902268,-1.5952119879173934,-1.50771167929655,-42.58999817256994
107.0,-1.2315445790973094,0.010786376178865492,-1.557663220691873,-1.6427906461461053,-1.613203239814596,-1.5238170946994116,-42.84791419490695
108.0,-1.2199471605729693,0.010769545615745488,-1.5620233873729812,-1.6605268006355427,-1.6317287648064729,-1.536760267459349,-43.10676671469248
109.0,-1.212961407038207,0.010672622288691888,-1.565028189467834,-1.678292320255757,-1.6504663053514048,-1.5463094531789179,-43.36763472246064
110.0,-1.209539655500262,0.010639998607875503,-1.5670092238264444,-1.6934315583460129,-1.6671325757668225,-1.5612566067212905,-43.6308822061784
111.0,-1.2131325021794441,0.010600313793960314,-1.5683566007963365,-1.7094848887992704,-1.6760566388589018,-1.5785202131618232,-43.89774016660649
112.0,-1.211376218775225,0.010757661446872206,-1.5690909052806257,-1.72715732677272,-1.6787282992815367,-1.5967437308273562,-44.166422308387745
113.0,-1.2101391705805766,0.010760589757849928,-1.5696824446635373,-1.7455774036889338,-1.6909379838886744,-1.6145385225089706,-44.43767381307528
114.0,-1.2091774612966246,0.01077526091160886,-1.5700635089200061,-1.7642810191360194,-1.7070777178817031,-1.632967553640834,-44.711830685209975
115.0,-1.2028422209088887,0.010846652465549153,-1.5702620951280795,-1.780179871815685,-1.724843084529696,-1.6516725188096684,-44.98736181712473
116.0,-1.1921315240618693,0.010894520152626444,-1.570398731749209,-1.7977951926609796,-1.7375070647524864,-1.6704918991114779,-45.26308542658169
117.0,-1.1847538777413391,0.010782219868493466,-1.570620732602026,-1.807542948867168,-1.7519344575696285,-1.6834856200033337,-45.53920223415363
118.0,-1.1792611975602016,0.009812952415204985,-1.5706401503909428,-1.8225784007208625,-1.7689585869940123,-1.6969130199027687,-45.81731073074926
119.0,-1.1811046657554336,0.00983071721542235,-1.570877663685513,-1.8344942737218575,-1.7870794633812603,-1.7134978978047324,-46.09831792145586
120.0,-1.1864451189907714,0.010149942654650563,-1.5708744556483074,-1.85038559827368,-1.8007969812672466,-1.7314394837551894,-46.38289547740534
121.0,-1.195704596190287,0.010332453192404065,-1.570901066275088,-1.8661023912705823,-1.806536975213759,-1.73979173606358,-46.671523312017435
122.0,-1.2011561744474,0.010560464288355846,-1.5708194353349847,-1.8835152571937688,-1.8200003229635584,-1.7456417117190743,-46.96401797992782
123.0,-1.2058233676559318,0.010642059239867028,-1.5708312340135369,-1.9003181363261896,-1.833716000576221,-1.7591051336954278,-47.2602294787349
124.0,-1.2118290659273587,0.010677093286846564,-1.5708537320182496,-1.9183333892754781,-1.8459670919704987,-1.7757566128038842,-47.560508284099356
125.0,-1.2152642604218673,0.010747497016603196,-1.5708254066164056,-1.936865138752007,-1.8620474509705682,-1.79176027864567,-47.86453685365457
126.0,-1.2137367874447496,0.010813011133839682,-1.5707915316502303,-1.955616234395911,-1.875579831395195,-1.8038888382254137,-48.17096998936906
127.0,-1.209855083201785,0.010814812592661063,-1.5708082674202286,-1.9744683355242474,-1.8921872198990144,-1.8119120608571269,-48.479446147668
128.0,-1.204616478264456,0.010797068579696116,-1.5708367006454504,-1.9914905516684644,-1.9041333771641624,-1.8235965577727693,-48.78920516899078
129.0,-1.2005366609131842,0.010761737004694075,-1.5708763418917244,-2.00959028671232,-1.920055463093771,-1.8335945021075715,-49.100848016216375
130.0,-1.1966494613690783,0.01074595142655464,-1.5708961838805655,-2.0270244956921064,-1.9334170906311605,-1.8487128746112358,-49.41421898219124
131.0,-1.1888674001805484,0.010569619620733012,-1.5659172558543033,-2.0429864950604872,-1.949959175606541,-1.866046892893992,-49.72712850729448
132.0,-1.1819260728135668,0.010916797888923692,-1.56734572199824,-2.060567501884672,-1.967878103602951,-1.8800073155001331,-50.04154077355784
133.0,-1.178462789490202,0.010758655795307553,-1.5686196851466598,-2.070022993578042,-1.9795932075125486,-1.8967919364012022,-50.357428152733824
134.0,-1.179873749014449,0.010668684758875373,-1.5694481558690843,-2.0796838768054426,-1.995425872671045,-1.9050798708899621,-50.67579932202239
135.0,-1.1812579577403064,0.01068371553116689,-1.5699349214292044,-2.0903946270354448,-2.0108598832306286,-1.919557261462187,-50.99660460962851
136.0,-1.187829526087742,0.010627206935542146,-1.5703232734606989,-2.1036090881255967,-2.028286227505412,-1.9294800298074444,-51.32119363213045
137.0,-1.1986924465985795,0.01060129257516906,-1.5705730804969518,-2.114379985246244,-2.046579999370663,-1.9443294912285165,-51.650314236146095
138.0,-1.20928385916713,0.010629339700172788,-1.570701590489476,-2.116400671240575,-2.061004172002756,-1.956016496508843,-51.98297517954358
139.0,-1.2157518543908459,0.010735574499443575,-1.5706986633773792,-2.1269486866081158,-2.0721326269453813,-1.95758744531821,-52.31873892026257
140.0,-1.2254988107430793,0.010679212381760492,-1.5708209988770936,-2.137340215272018,-2.0877153067207215,-1.9655283057243822,-52.658703035629394
141.0,-1.238115225075276,0.010670186063625048,-1.5708707968881983,-2.150761221025951,-2.1052465417159794,-1.9668801872215012,-53.00396167895378
142.0,-1.2462840765532293,0.010751343583949016,-1.5708274699156666,-2.167359480614181,-2.1235870159388757,-1.9720756082861757,-53.35378253558166
143.0,-1.2496184013940907,0.010786024175978105,-1.570821703027806,-2.1853209125150665,-2.1422553044211488,-1.9852338866985726,-53.70708391329665
144.0,-1.2496454497774983,0.010775767994641751,-1.5708517439682035,-2.2010815122708176,-2.1610585084018936,-1.990983288154955,-54.062858570098044
145.0,-1.247059297715886,0.010769305598309593,-1.5708675850458667,-2.218639857327505,-2.179918070392256,-1.9929796162622906,-54.420535002507755
146.0,-1.2464774117775246,0.010701019310227659,-1.570938979049697,-2.23700191799179,-2.1987801522910058,-2.004278485017906,-54.780624783813714
147.0,-1.2483619004802682,0.010649773272701354,-1.5709931850898349,-2.253521461897684,-2.217665236365366,-2.020025960591347,-55.14355768459856
148.0,-1.2449855187786338,0.010720647216213845,-1.5709301867343555,-2.2713876961802395,-2.2365642056441994,-2.0368016698847256,-55.50811219947954
149.0,-1.2392778507146394,0.010714152911327168,-1.570942526212758,-2.289422090970566,-2.2554611197779546,-2.0517370763323126,-55.87373040627561
150.0,-1.2363682501572202,0.010647458771558848,-1.5710071016842782,-2.3079697555259835,-2.2696603364816648,-2.0689094350812383,-56.240816707665154
151.0,-1.2396818930103366,0.010565635294730973,-1.5710824247003017,-2.3267326127673833,-2.2865369042461268,-2.0849176724744702,-56.61090862119939
152.0,-1.2424538110379144,0.010600705555636506,-1.5710504397004923,-2.3455669829315413,-2.304605756456608,-2.0993947924348193,-56.98391060861874
153.0,-1.2456205116283658,0.010599224507346253,-1.5710557790475748,-2.363735769524362,-2.320247271369234,-2.1061490993026606,-57.35969712252943
154.0,-1.2535925649245536,0.01054837227831683,-1.5711017614116243,-2.3823305770039567,-2.335250654220306,-2.1198137380100865,-57.739309023686516
155.0,-1.260426501637622,0.010593968023902623,-1.5710594158848352,-2.4010974882282348,-2.3488806147845205,-2.133204792417831,-58.122396301284226
156.0,-1.2702495692232034,0.010563479784854125,-1.571088061466995,-2.419954747954036,-2.3655386160144016,-2.1497701595764003,-58.5097772616481
157.0,-1.2831628409580011,0.01054869823432813,-1.5711047067579298,-2.436395000609559,-2.3729351059857655,-2.1614307819709646,-58.901590567885926
158.0,-1.2916008726921853,0.010149022010922455,-1.5710014488647868,-2.4542237372389386,-2.3863672478867755,-2.1768420382523965,-59.297315859810546
159.0,-1.2962879979133306,0.010243035666061565,-1.571022560632345,-2.4696476929722273,-2.39712645300858,-2.194290209444519,-59.6955732154539
160.0,-1.3041557919166726,0.010319764345161835,-1.5710803623800131,-2.4817434401787803,-2.4093546990553665,-2.2120163132218367,-60.09693754318414
161.0,-1.3106982506380631,0.010440840426179099,-1.57104213315438,-2.49663331093511,-2.4254458697953107,-2.226503519062106,-60.501401410406125
162.0,-1.3181159159669502,0.01048123287727602,-1.5710592725598271,-2.5122243474551533,-2.4431846177939702,-2.241439453084929,-60.90927953308071
163.0,-1.3232243590628054,0.010548510375649892,-1.571031904802388,-2.529728333986597,-2.456457054145972,-2.2538816386912917,-61.31985330885294
164.0,-1.3275774167125258,0.010564235840767404,-1.5710425717639322,-2.548060543232836,-2.472942952138217,-2.270029223583023,-61.73305728684346
165.0,-1.3304491306705086,0.01058318696529513,-1.5710434972805145,-2.5667296020621917,-2.4867424324079055,-2.28381752969284,-62.14837621611462
166.0,-1.336166935656826,0.01053855055615569,-1.5711040781161851,-2.580745491315616,-2.50346324310108,-2.3005364080512076,-62.5664168411629
167.0,-1.3425941759813886,0.010545476049253264,-1.5710951601323369,-2.5975380025749115,-2.521464073812748,-2.313355256226033,-62.987470831976395
168.0,-1.3463231895131258,0.010582024071505873,-1.5710828561609804,-2.605918386304408,-2.5304686521730306,-2.329652752850061,-63.41020185512724
169.0,-1.3484137623669104,0.010591244443128577,-1.5710591256623443,-2.6204343320878225,-2.5439333897875005,-2.3444580351026563,-63.834502390882776
170.0,-1.3521146850092305,0.010556245353983085,-1.5710995918401518,-2.6320985221782918,-2.560038604292542,-2.3616136058817445,-64.26077154673854
171.0,-1.35427218411897,0.0105757877060298,-1.571075256762646,-2.64686701994897,-2.5738880261275403,-2.3797910818558927,-64.68860103978014
172.0,-1.3558060665299316,0.010570252979397395,-1.5710793677161807,-2.6640507113958036,-2.5906346789659085,-2.3983922576610777,-65.11795905119871
173.0,-1.3579619987965417,0.010552035947246227,-1.5710991544608979,-2.6822489122951807,-2.6086450692844765,-2.4171686482933654,-65.54902615459424
174.0,-1.364691908028192,0.010495474416291655,-1.571154164237994,-2.700866447268755,-2.6260500149802266,-2.431176527545654,-65.98287870975871
175.0,-1.3673709307699873,0.010565597181092568,-1.5710938883584904,-2.719643644089236,-2.6356167679144336,-2.447971433118864,-66.41823773431662
176.0,-1.3671804224864004,0.010579840376458009,-1.5710380001427406,-2.7384982703012914,-2.649202859770443,-2.4613699149279014,-66.85443022309398
177.0,-1.3687637996742439,0.01054100976374945,-1.5710963671618305,-2.754896942988803,-2.6630494614656284,-2.4779163976195195,-67.29181129569314
178.0,-1.3691051452802216,0.010553931769421765,-1.5710974437507224,-2.7685239839506224,-2.6798144164460864,-2.49333479515994,-67.7300738120934
179.0,-1.3697770378224448,0.010535489633784596,-1.5711115682098538,-2.7851741869868056,-2.697831690421637,-2.5107525786582103,-68.1693347000871
180.0,-1.375925179919645,0.010467819407460804,-1.571175973954939,-2.8031542545376853,-2.7163666761544607,-2.527568330553077,-68.6109267652776
181.0,-1.3814193393361578,0.010503073294087513,-1.5711467189076962,-2.821672240771049,-2.7351185134966944,-2.537511155696736,-69.05468537604479
182.0,-1.3888241099706757,0.01049335087685277,-1.571174489665527,-2.833374649352622,-2.7539567091132278,-2.5515948425926376,-69.50093034880996
183.0,-1.3984626206356892,0.010485007492295183,-1.57117595618889,-2.8459928110346304,-2.761418586812512,-2.5631750650002747,-69.94997610830652
184.0,-1.409637527954519,0.010494249211403503,-1.5711770086403603,-2.850437867186486,-2.7755864500319474,-2.5681846239707604,-70.40226966843309
185.0,-1.4232826845459157,0.010481428704989595,-1.5711666644465576,-2.8595884548288573,-2.7925314679063415,-2.5758239298184176,-70.85857487418915
186.0,-1.438755890265788,0.010483938923176958,-1.571149056434642,-2.874401993671868,-2.810625141239007,-2.5885692196310988,-71.31947127178904
187.0,-1.4554206116214152,0.010497559877180828,-1.571136696964477,-2.8916220730007045,-2.8280156719512837,-2.602094944220901,-71.78529835307181
188.0,-1.4728632162836017,0.010514250721075667,-1.5711269405689388,-2.9098323352258877,-2.83757874884047,-2.6159777381190525,-72.25616724676414
189.0,-1.4876845091264679,0.01056057055823068,-1.5710900779584211,-2.9284480646428546,-2.8408141968989624,-2.6210131459392696,-72.73131236234913
190.0,-1.5017733101128383,0.010563304397966234,-1.5710960160084229,-2.944030267788187,-2.8532588395657377,-2.6341944293991153,-73.21064327646937
191.0,-1.5142443967489903,0.010581401355140794,-1.5710929750806737,-2.9524542715905375,-2.8694936428136546,-2.650730723654975,-73.69376991383608
192.0,-1.5284942489785245,0.010538644873121285,-1.5711127149790096,-2.9662091964893382,-2.8801281292678187,-2.6686535924825496,-74.18109961112297
193.0,-1.5394767464983368,0.010589382282113004,-1.5710874731228135,-2.969295557714139,-2.89552783757359,-2.687149544524175,-74.67182721578929
194.0,-1.550144785751134,0.010557611144197844,-1.57109295871089,-2.9784513937203423,-2.9113989237317037,-2.7058825953234344,-75.16581482442399
195.0,-1.5633184916922267,0.01052193236193304,-1.5711268382091474,-2.986215209755242,-2.929020957443711,-2.724713498047308,-75.663778424555
196.0,-1.5763654688027977,0.010521795320758736,-1.5711105642698149,-3.0001022745924404,-2.9473933662287743,-2.7371690253446825,-76.1656928041825
197.0,-1.5889240302728536,0.010526558080558697,-1.5711069015596653,-3.0169343459389073,-2.9660762809375387,-2.7532960551434877,-76.67138065521439
198.0,-1.5997097981386368,0.010545742544674473,-1.5710965011572389,-3.034984304590223,-2.9813600228883272,-2.77104673162534,-77.18028661623173
199.0,-1.6120807655169018,0.010519233276761393,-1.5711259098459074,-3.0535357916008445,-2.998705066738932,-2.7810203683516637,-77.69282346802736
200.0,-1.623321492007296,0.01053756487949557,-1.5711138115677126,-3.072292797199453,-3.016129659555368,-2.7961658613859766,-78.20867381512535
201.0,-1.6330391271668048,0.010548054678779811,-1.5711087096073908,-3.091134635249033,-3.033753534488231,-2.812906018214142,-78.72735333348302
202.0,-1.6417087542444322,0.010553277850183847,-1.5711133727454518,-3.1073483763879293,-3.0521149935187086,-2.8238162415063046,-79.24853315585574
203.0,-1.647291329626106,0.010568957380138218,-1.5710945188773746,-3.125089916977054,-3.070792304288558,-2.839322647752932,-79.77126109887823
204.0,-1.6542350818261875,0.010528719286724409,-1.571131587575721,-3.143513621002085,-3.089600284155328,-2.8555507032816494,-80.29584868252515
205.0,-1.6649792281509055,0.010497779733729954,-1.5711728884658946,-3.1566925124073077,-3.1084622460309106,-2.861938038475156,-80.8234632878807
206.0,-1.6761402316122684,0.01050625044798428,-1.5711569524152411,-3.170393971760847,-3.126646436365004,-2.875665706291029,-81.35428163408511
207.0,-1.6896277191127036,0.010488711880432523,-1.5711676723332901,-3.1850111636294316,-3.142392973132143,-2.892427465351554,-81.88900108789514
208.0,-1.70094707592897,0.010528270410934973,-1.5711274000283202,-3.2014886054695544,-3.150791046713519,-2.910443472679402,-82.42708222343714
209.0,-1.714291764352481,0.010514831603444923,-1.5711502208098629,-3.21352358821384,-3.162979048283628,-2.9244419205238983,-82.96910412999598
210.0,-1.7241216100227799,0.010550162581250267,-1.5711021214731729,-3.2294824440355203,-3.1790658215992664,-2.9412381148065116,-83.51399149064328
211.0,-1.731687461162305,0.010556260479432924,-1.5710968178268054,-3.247172129035896,-3.19370540879453,-2.957578816968422,-84.0609859230194
212.0,-1.7424974944128857,0.01050914327210542,-1.5711436200931599,-3.264415208563222,-3.2107923470115804,-2.9753918795851857,-84.61101044619171
213.0,-1.7518890193243923,0.010547062144217445,-1.5711211156646228,-3.2771218911013373,-3.228942657656908,-2.9934356208356374,-85.1637223603384
214.0,-1.7637694543078826,0.010513319157526398,-1.5711483010278313,-3.289293955328002,-3.247532639634756,-3.00904437693429,-85.71984227508577
215.0,-1.777965849099247,0.010494774634911545,-1.5711532180008132,-3.3050072480876693,-3.258946373510661,-3.0265334447525585,-86.2802421651297
216.0,-1.7846530506724452,0.010587164054676242,-1.5710675860923424,-3.3225686081775523,-3.2678910929212743,-3.044848713741996,-86.84270089853406
217.0,-1.7893865797781214,0.01057191003570723,-1.5710835600366415,-3.3409130577501416,-3.2825934192385233,-3.0617656218790565,-87.40635923910854
218.0,-1.789003004869055,0.01060773262595082,-1.5710553316691227,-3.359585872533295,-3.2934341373441134,-3.0703876308022835,-87.9696732903211
219.0,-1.792279201224157,0.01052956294540872,-1.5711286232647896,-3.3783858060619036,-3.3089039992679803,-3.0771768468016236,-88.53359162076936
220.0,-1.795917004996327,0.010529946582760418,-1.5711299315158829,-3.3967641484154174,-3.326385772404122,-3.090557808779256,-89.09827673263585
221.0,-1.8003633676609159,0.010529839533055058,-1.5711393303552184,-3.411776667513722,-3.344699976575763,-3.105068445255478,-89.66396671365405
222.0,-1.8038541051845685,0.01054169165863837,-1.5711260026689393,-3.4270354892655335,-3.355718024102198,-3.114502885389293,-90.2305359011105
223.0,-1.8107743917140788,0.010493325089456516,-1.571160763515686,-3.444392439836279,-3.3712805345142978,-3.123270075737746,-90.79895380742255
224.0,-1.8194142650674874,0.010535787000870668,-1.571153457476338,-3.447355607561928,-3.3872578402563875,-3.1271627972871423,-91.36987051200896
225.0,-1.829413496687532,0.010496252123638397,-1.5711506090579033,-3.4597337325120767,-3.4049219783730376,-3.139861451479076,-91.94369642522207
226.0,-1.8407507951626474,0.010525700297176588,-1.571142013584206,-3.463580650609228,-3.4233122762892707,-3.1561978269217357,-92.52087935901297
227.0,-1.8544879999630568,0.010499967081270573,-1.5711454128712168,-3.4723837899794634,-3.4342744189592964,-3.1710947501419033,-93.10242463356197
228.0,-1.86473853519276,0.010559113663989003,-1.5710909208035688,-3.481068021984679,-3.4417973376764808,-3.1861963787756897,-93.68737921563341
229.0,-1.8770976337391265,0.01053193097462995,-1.5711156636407444,-3.488994225927152,-3.4492587300373647,-3.203489014689549,-94.2763614423717
230.0,-1.8896992476524304,0.010520862712310682,-1.5711063464607151,-3.503284783651497,-3.461990659001563,-3.221723472208537,-94.86942274063547
231.0,-1.9030954764200936,0.01052110997024872,-1.5711063897047473,-3.5202869143472304,-3.4762198233979302,-3.2343623476551357,-95.46682864304762
232.0,-1.918240161590136,0.010522694530530976,-1.571109934546464,-3.538026515614028,-3.49262805555001,-3.2450322461829315,-96.06916834419667
233.0,-1.9346907702486147,0.010533872036669582,-1.5711030556613104,-3.556440335004542,-3.5104890806760407,-3.2604325134420358,-96.67693544302335
234.0,-1.9511422076443041,0.010558014163112752,-1.571084624503948,-3.5751393642115468,-3.528959267961978,-3.2736524013297372,-97.29020631363237
235.0,-1.9682677261679704,0.0105680909794027,-1.5710779844841585,-3.5939535318986375,-3.5476815543268123,-3.2901318716445043,-97.90926391514898
236.0,-1.9830909197267856,0.010605924999439697,-1.571045729288535,-3.6128184758123605,-3.5665068497369825,-3.308029244238562,-98.53341790981669
237.0,-1.998887351617595,0.010595775891943283,-1.5710574019846981,-3.631697392939015,-3.579635826289583,-3.326514679358534,-99.16316513872526
238.0,-2.0136273414743875,0.010612491000586786,-1.5710410421386725,-3.650588015871413,-3.5960514650363553,-3.3452432463611474,-99.7981612247723
239.0,-2.0251405076315168,0.010676050984884255,-1.5710082911681453,-3.657864396515552,-3.6139239172136532,-3.364072320555852,-100.43704150288887
240.0,-2.032981974770904,0.010670941769524411,-1.5709979835486398,-3.6672482954705825,-3.629636188534122,-3.3803306796834596,-101.07857543302286
241.0,-2.041281349086543,0.010623016379626881,-1.5710309164603808,-3.679414958542906,-3.638626844589415,-3.39809395527709,-101.72312352455184
242.0,-2.047087298185018,0.010626174176328194,-1.5710204382376576,-3.6944811639289066,-3.646377281077259,-3.4142439005643306,-102.36999829357457
243.0,-2.0538043629242897,0.010572000231725191,-1.570014512585906,-3.7086790833779952,-3.659093877810967,-3.425640296570423,-103.0193684609246
244.0,-2.0605462953305764,0.010617026205645114,-1.570326361252388,-3.724744502743009,-3.6693949888607,-3.4380053169695537,-103.67134813148675
245.0,-2.070923252171692,0.010580598910323655,-1.5705985580121782,-3.738535344590839,-3.6778778802663603,-3.4502215383126775,-104.32722037602102
246.0,-2.0803920636340836,0.010607425457261194,-1.570731003035244,-3.750296721639868,-3.6892071285017263,-3.459202378865347,-104.98666135834367
247.0,-2.088582324211369,0.01060283791168227,-1.5708283255665436,-3.7661563122055006,-3.6998484509141303,-3.4735034770645146,-105.64935319157934
248.0,-2.097371632718501,0.010599231564822245,-1.5709043998265368,-3.7813315906379175,-3.7152499102165253,-3.490492973705676,-106.31535842625955
249.0,-2.10274252564418,0.010633006694304748,-1.570918018232469,-3.7986521467710648,-3.727140584170497,-3.5070942774748532,-106.98369706749921
250.0,-2.1036340249156518,0.010688410676273657,-1.5709161859784069,-3.808935632972339,-3.741708082270132,-3.5227613416562082,-107.65238789842564
251.0,-2.099773301681095,0.01071237426200991,-1.570917627383345,-3.8161523419049206,-3.7517917339328744,-3.5329000162906774,-108.3196374520341
252.0,-2.1017306379020484,0.010584270523096349,-1.5710276103255332,-3.8301502959553804,-3.766965340817402,-3.548096649378694,-108.98747251030575
253.0,-2.1094905231269343,0.01053676554035344,-1.5710749567032847,-3.847035073781294,-3.78204499625444,-3.5654634004309322,-109.65829848041027
254.0,-2.1204309856597012,0.0105630356904992,-1.5710693620078415,-3.8593243385321063,-3.796738037331812,-3.582610662672757,-110.3332866920861
255.0,-2.1278576374056306,0.010614183986930334,-1.5710173042999769,-3.875393569810286,-3.813851494326824,-3.59998897404068,-111.01132290825613
256.0,-2.1300092871319185,0.010691654251320565,-1.5709658393761237,-3.885350174077346,-3.826590908978501,-3.6170633253877407,-111.69030176095654
257.0,-2.1321007771767335,0.010645733731667077,-1.5709953292559289,-3.900467094997821,-3.8428542453805186,-3.6327251923467467,-112.37014613014688
258.0,-2.1355669248614677,0.010634585925100538,-1.5710105886875392,-3.9142069507251533,-3.8606647050860525,-3.65024385784503,-113.05128622882597
259.0,-2.1360099560272854,0.010659336258859894,-1.5709832692426453,-3.930914804876846,-3.8777903551920674,-3.661535165492637,-113.73279560542676
260.0,-2.1376638852618703,0.010643671141540283,-1.5710035468170034,-3.947782576901929,-3.892843389972597,-3.6769199344805057,-114.41512292123316
261.0,-2.143698308628017,0.010595814751755821,-1.5710409739379854,-3.9625448379493258,-3.905991277808218,-3.6938064199507754,-115.09994004638592
262.0,-2.1493279705222683,0.010632484423075754,-1.571011212157672,-3.9727698628400607,-3.917571978334002,-3.7115611104436823,-115.7870943584911
263.0,-2.1567604633432618,0.010620938959716877,-1.5710195416613817,-3.9822190847285364,-3.9253772426849363,-3.7256291430209636,-116.47734237089429
264.0,-2.167863150384209,0.010607514279625453,-1.5710310619906225,-3.9891376848995024,-3.9348074660795156,-3.7423720628324553,-117.17196843034549
265.0,-2.1739646976741924,0.010681816876104427,-1.5709613319415023,-3.9944053481788746,-3.948843452374312,-3.7540427734056694,-117.86894221663674
266.0,-2.179744759212133,0.010667758887858054,-1.5709725246397277,-3.9982958117655656,-3.965504105252706,-3.7697959572963624,-118.56778555135251
267.0,-2.185982370287269,0.010651268886902996,-1.5709812386045077,-4.002593665435229,-3.983564115107854,-3.7854977960107354,-119.26863910645078
268.0,-2.1926674134075563,0.010638867024606032,-1.5709871437006309,-4.007800808357326,-4.00236166603532,-3.802175865975923,-119.97169541632202
269.0,-2.2005131492308867,0.010622047452715704,-1.5709967206514612,-4.0167272408488035,-4.013083976890154,-3.8200438851249197,-120.67793534358042
270.0,-2.207674189156274,0.01064408106849813,-1.5709796186124942,-4.024743068539398,-4.025831742810623,-3.83855685275395,-121.38704181266591
271.0,-2.2131433747168763,0.010658271481726564,-1.5709654772284505,-4.0332226243756,-4.040148026042827,-3.8573448261660537,-122.09830177529238
272.0,-2.2183290233068496,0.010643146449625756,-1.5709740003707209,-4.043756743863285,-4.056378977688645,-3.8762769236315213,-122.81159299760515
273.0,-2.22075805905083,0.010648304367601452,-1.5709604719736254,-4.0595774562158065,-4.074369939188419,-3.883768818554669,-123.52608817732487
274.0,-2.223161903063525,0.010622871630303255,-1.5709797474817677,-4.080341840883601,-4.093315601837541,-3.8979220986268834,-124.24194794169978
275.0,-2.230091361088528,0.010498335508612438,-1.5710685273661973,-4.11156565779331,-4.112952833692866,-3.9135961946493594,-124.96148106164283
276.0,-2.2372773799639725,0.010572086393839783,-1.5710091518479954,-4.165796930814568,-4.129340507233343,-3.9276969202304532,-125.68672796003071
277.0,-2.2416966305952686,0.010748478018168714,-1.5709059533163177,-4.202062733859662,-4.147135788044269,-3.9445442024168624,-126.41550607681828
278.0,-2.2448656867800736,0.010805173949558775,-1.5708713526459197,-4.225644169469292,-4.165578682663158,-3.962258072192941,-127.14636060597395
279.0,-2.248326484946752,0.010804207523416522,-1.5708701527100721,-4.243241320011875,-4.184256102543789,-3.9704663646351133,-127.8789628032071
280.0,-2.2517705313245107,0.010795515710040117,-1.5708699130378851,-4.2591746284274326,-4.1991887710582025,-3.9819518533598517,-128.6133693653749
281.0,-2.2568567138238413,0.01076415031009245,-1.5708881067450076,-4.276797981678224,-4.216383745016509,-3.990833388315423,-129.35024909502476
282.0,-2.257806208409135,0.010811428993454681,-1.5708407112349556,-4.294314425068937,-4.234096417600869,-4.004133049546836,-130.08794638666907
283.0,-2.261750622538417,0.010763706507539057,-1.5708810416880987,-4.312605397277707,-4.249555770638382,-4.018593123619165,-130.82768177909685
284.0,-2.268852376691862,0.010752734628940717,-1.5708891133682672,-4.329122429822314,-4.263532643699244,-4.025359892315592,-131.5708592574868
285.0,-2.279793479185455,0.010755767184794264,-1.570888812789483,-4.338405189112409,-4.280338908638396,-4.039224627270029,-132.31856784038726
286.0,-2.289690811376842,0.010772896031968536,-1.5708620522223498,-4.353273759564577,-4.2983686284662985,-4.055178565383714,-133.07076406727512
287.0,-2.2984305408217334,0.010791331585387979,-1.5708424888729218,-4.3705092299719634,-4.3144681200370245,-4.072845848234156,-133.82718981134556
288.0,-2.3085997424043607,0.0107915590155396,-1.5708429326179763,-4.386993381190655,-4.317069387690458,-4.091235824817229,-134.58905178836025
289.0,-2.3208621987714886,0.010784264100283847,-1.5708456623620664,-4.404859529621786,-4.329306061568196,-4.101119021723109,-135.3569194701172
290.0,-2.3297795469151508,0.010855244303915759,-1.5707856848989437,-4.416307134202194,-4.3454504117874215,-4.1136507669389255,-136.12885572928369
291.0,-2.329934921502773,0.010935020718603776,-1.5707150944123363,-4.424068308412431,-4.363208960937311,-4.128226427848401,-136.90072967474438
292.0,-2.3275798713560283,0.010900603143526807,-1.5707434134745533,-4.434814642324686,-4.380983899216862,-4.142285094409712,-137.67135556928193
293.0,-2.3289209630070347,0.010846222199664728,-1.5707953435629856,-4.44024507826661,-4.399412183581856,-4.149117522504127,-138.4418393019753
294.0,-2.330543895718858,0.010805490009271345,-1.5702878369592543,-4.453558665761948,-4.418112548825577,-4.156820721980098,-139.21298893460963
295.0,-2.334682808034474,0.01082900299964436,-1.5704538625837636,-4.459388927151968,-4.432357598759104,-4.167560409778121,-139.98552458628203
296.0,-2.34351420282131,0.010769797547258788,-1.5706164550285568,-4.472861091102157,-4.449241906291103,-4.179253990258415,-140.76184261963505
297.0,-2.355438205133695,0.010795996846800836,-1.5706749600692234,-4.477503151550736,-4.465153954957326,-4.192940414003405,-141.54290081568595
298.0,-2.3663632437201296,0.010839078191695262,-1.5706888908919396,-4.478114618962883,-4.471142480884209,-4.205992745104033,-142.32861116410575
299.0,-2.3751507902511975,0.010855399775276846,-1.570706077389585,-4.481169335188369,-4.48470945319486,-4.222119649128165,-143.1177623299402
300.0,-2.380760070276631,0.010709959482020503,-1.5653487868142004,-4.4923470792470885,-4.501385960090524,-4.239085556712741,-143.91022302194168
301.0,-2.383097461410119,0.010998726153147445,-1.5669710084662443,-4.507228717469263,-4.519368612649102,-4.256619934776894,-144.7036430595738
302.0,-2.3885488808892297,0.009762200692961345,-1.5682386318953494,-4.524416150918635,-4.537895764331438,-4.274945540648023,-145.49903301069017
303.0,-2.393785635847733,0.009946711355356767,-1.5691103186670718,-4.532369018363417,-4.555647903905931,-4.285255635054719,-146.29616633220598
304.0,-2.397865103966887,0.010263112680217418,-1.5696543737286168,-4.5435530468378005,-4.574056416797657,-4.300537143468738,-147.09478530714605
305.0,-2.4054919200504945,0.010427336514684898,-1.570058353822034,-4.559201232742731,-4.582094375811018,-4.317939447824323,-147.89730301458926
306.0,-2.4110048522350382,0.010607526021234673,-1.5702628018953753,-4.576773925881208,-4.592073449104487,-4.328766137204669,-148.70302220206673
307.0,-2.4129554463526985,0.010736894835699883,-1.5703921845175253,-4.594440723089168,-4.6072128182453485,-4.341974109540693,-149.51001373908878
308.0,-2.415270313918062,0.010786840338437133,-1.5705112017975609,-4.610288972202932,-4.624563460960785,-4.352251907022551,-150.31802456923972
309.0,-2.415854825835339,0.0108399469233198,-1.5705702088182165,-4.627883675763534,-4.642820763851393,-4.361921271366935,-151.1263718457314
310.0,-2.4157114924061833,0.01086670736682047,-1.570618106152952,-4.645798032593834,-4.6488660987508155,-4.376907540181474,-151.93545854898355
311.0,-2.4133745809861757,0.010902794956593017,-1.5706326841580707,-4.664281963360805,-4.6621909241285024,-4.390064180424875,-152.7439035414447
312.0,-2.417144378607887,0.010850016826122551,-1.5707124401554355,-4.679651677967697,-4.678792939845183,-4.405715305428221,-153.55380437711844
313.0,-2.420297575870867,0.01088721398248494,-1.5706970853665172,-4.69704660303833,-4.687912457307872,-4.423256567310568,-154.3657298618476
314.0,-2.425850802440206,0.010887334895748496,-1.5707107159183564,-4.708934605958849,-4.702720193101629,-4.4415944169012205,-155.17994911911376
315.0,-2.4298559458635447,0.010508904589355952,-1.570679086211757,-4.724833588699378,-4.718453994934715,-4.46014569425131,-155.9959417760447
316.0,-2.427935284071014,0.01065095187855,-1.570636617786247,-4.731859215105925,-4.736017673329933,-4.477117397160596,-156.81046847757852
317.0,-2.431223556851092,0.01067981030835157,-1.570720633385167,-4.745794703922842,-4.754378693515477,-4.492755271669862,-157.6259115870396
318.0,-2.4382758502522606,0.010742898844525806,-1.570731407544838,-4.761573913253989,-4.77057052364028,-4.4982141731108785,-158.4444128302184
319.0,-2.447816152015193,0.010804200633076669,-1.5707198965057696,-4.774988831065485,-4.788307581170777,-4.511573555652413,-159.26690377673853
320.0,-2.460393889790655,0.010843645216456317,-1.5707120950878126,-4.784633665581018,-4.806727147557339,-4.5281835189542665,-160.09447273953722
321.0,-2.473010646588055,0.01089441211142703,-1.5706852128055167,-4.7963582288556745,-4.825425026706933,-4.5438431366656875,-160.92730300786403
322.0,-2.4874562438477934,0.010906723288533295,-1.5706865069144826,-4.812232179102772,-4.844244046565937,-4.559928324894785,-161.76638613534496
323.0,-2.4999219150376697,0.010961746941809233,-1.5706434930509043,-4.829892038871887,-4.861826603904318,-4.577639078362068,-162.61111652750463
324.0,-2.50489919116563,0.011051256055316653,-1.5705666658052146,-4.843717117014093,-4.8801557214996505,-4.578782796410922,-163.45787223046037
325.0,-2.51213243943136,0.011003692231293227,-1.570613059073672,-4.851887079322906,-4.898832519676711,-4.590461936357113,-164.30694909625007
326.0,-2.518502903250346,0.01101490115422221,-1.5706041029315982,-4.857069306105529,-4.9176346414890215,-4.606380108006522,-165.15789160972858
327.0,-2.5243888040352913,0.011004370365121653,-1.57061842748651,-4.866331327356341,-4.935987573900519,-4.619322140187248,-166.0106818459518
328.0,-2.534133606373607,0.010960348988063051,-1.5706594770333226,-4.878345444634947,-4.954657248688282,-4.629441102982417,-166.8671053076929
329.0,-2.5425954463966827,0.01099185438177469,-1.5706310483959867,-4.894142840749627,-4.973455062426039,-4.644611852205167,-167.72695931449434
330.0,-2.5503177177874115,0.00944774093818933,-1.5705689965770717,-4.911757075324945,-4.992314692103883,-4.661967512326832,-168.58956720342243
331.0,-2.554849716070797,0.0097178687590932,-1.570628025176714,-4.930119908304049,-5.007752027903431,-4.675757939671999,-169.45419271877216
332.0,-2.5633331386891163,0.010132084204906447,-1.5706474774643293,-4.944525660639372,-5.024638619551488,-4.692469185419524,-170.3221917980967
333.0,-2.5691877807096675,0.010479812811907591,-1.5705944544723272,-4.959258365527771,-5.042688364450794,-4.703321196953068,-171.19245953838237
334.0,-2.5742908083910354,0.01067468792650123,-1.5705921036528665,-4.976386425047572,-5.056485912459916,-4.711176015323783,-172.06494818115388
335.0,-2.581106497144859,0.010784185868476799,-1.5706038536859779,-4.994549410075303,-5.073198313709453,-4.725443901801549,-172.94018520165875
336.0,-2.5902316624177497,0.010856027000954352,-1.5706095256371218,-5.013141975232619,-5.091194249003646,-4.730025335430266,-173.81910086857604
337.0,-2.5981150593402424,0.010944677830785737,-1.5705710056714204,-5.026648554056974,-5.109716823539046,-4.742768651832373,-174.7009065547913
338.0,-2.608263532103776,0.010958735409007936,-1.5705932734132126,-5.043210703160422,-5.125217891904988,-4.752202343459182,-175.58684967192644
339.0,-2.6188657215586457,0.010997169773924346,-1.5705775984860422,-5.061150998369204,-5.141611151419151,-4.767102028507074,-176.477206046894
340.0,-2.6319448139925807,0.011002729681703887,-1.5705838888900208,-5.079647584861384,-5.15946009942591,-4.784345958728125,-177.37289523050987
341.0,-2.6399001767501162,0.011088545298455705,-1.570512468749889,-5.09750467127532,-5.177917130462537,-4.789726189773889,-178.27173011104702
342.0,-2.6422373000787243,0.011135740443682873,-1.5704745402146696,-5.112808238366164,-5.191843210135423,-4.803065175059881,-179.17133579731916
343.0,-2.6435610444209385,0.011118228096512124,-1.5704981645293583,-5.130150996299814,-5.208258563078659,-4.81966700719887,-180.070972903651
344.0,-2.6500947992458097,0.01105010907325393,-1.570555272844005,-5.142210889780337,-5.2211941072744485,-4.837616919878313,-180.9728596632256
345.0,-2.6609472148692532,0.011028583319888277,-1.5705801162291648,-5.158174816880453,-5.237542568066289,-4.855089709779351,-181.87890031754827
346.0,-2.671481202896945,0.011064568477005715,-1.5705433092627032,-5.1714355666234075,-5.2553827839970095,-4.872977117978532,-182.78883284346537
347.0,-2.6780246282803137,0.011120186759204174,-1.5704992491737524,-5.187787453684482,-5.272923786300113,-4.888724183760995,-183.7010674020691
348.0,-2.687541294965813,0.01107838669602847,-1.570530825247739,-5.19883889580002,-5.284701657305843,-4.900685946940726,-184.61692633703032
349.0,-2.6928371353064993,0.011140233277817707,-1.570481457093947,-5.214403202281898,-5.300547727726614,-4.916620959621835,-185.53464144542752
350.0,-2.699333291634875,0.011108519760308586,-1.570503376859855,-5.224105143695662,-5.315053479291985,-4.934292600552182,-186.45437091378224
351.0,-2.704117373687884,0.011129243275091396,-1.570483815103976,-5.231060746197874,-5.327275705495194,-4.952684680801412,-187.3755489574891
352.0,-2.705859584628349,0.010982819103873517,-1.5704675283975849,-5.244956435971119,-5.343334261394245,-4.970451859847415,-188.29674273047178
353.0,-2.708635218713994,0.010978939239265547,-1.5705059669720658,-5.26137134646539,-5.361064914379803,-4.983832070601761,-189.218263427187
354.0,-2.7163965551052636,0.010976957366549018,-1.5705455377226762,-5.276546539029561,-5.379485218895954,-5.000363686163424,-190.14213377652865
355.0,-2.7233032776132338,0.011048178412669776,-1.5705100873455373,-5.293868919883722,-5.398180220013295,-5.018282289784061,-191.06822370585533
356.0,-2.7260035806785985,0.011113989267568064,-1.570455074601372,-5.301276948111645,-5.414768745363207,-5.031824382816216,-191.99453174632177
357.0,-2.731804065548105,0.01108505616870253,-1.570508589591989,-5.314724983713952,-5.432685087694432,-5.048424668949271,-192.92226244759306
358.0,-2.734299255852252,0.011145568184747743,-1.5704636811935753,-5.331379861101106,-5.451170143741613,-5.061386642240483,-193.8502739373051
359.0,-2.7378504293797814,0.011124476732576249,-1.5704843289219372,-5.3467560198523625,-5.46990536717428,-5.0777465802601,-194.77876693749488
360.0,-2.7433953632347152,0.01111346032538936,-1.5704991572306666,-5.3641515524123005,-5.482460324136467,-5.09459415553307,-195.70918790294527
361.0,-2.749600803335703,0.011120441044327401,-1.5704892704223525,-5.380276753117389,-5.494149476756775,-5.109896673300534,-196.64191397654358
362.0,-2.7544833789162984,0.01047801376240685,-1.5704411582924767,-5.397989620283471,-5.507562129260346,-5.127262308587951,-197.57613423229066
363.0,-2.758865353628294,0.010579357286628087,-1.5704796413412405,-5.416398798487133,-5.523897793332206,-5.145526736609794,-198.51153331200553
364.0,-2.759806817110438,0.010813764823159726,-1.5704333543443272,-5.430515289256952,-5.526565870769095,-5.157781393482467,-199.44770134875228
365.0,-2.7597138633038254,0.010945610206927345,-1.5704354419247135,-5.447347601576936,-5.5388351263933515,-5.173825764123462,-200.38339995649756
366.0,-2.76239373964702,0.010992383109735309,-1.5704684558725515,-5.465388514252628,-5.555001261072436,-5.191542329742927,-201.31941951326155
367.0,-2.76924208956405,0.011014613444450072,-1.5704946617614757,-5.483928122465449,-5.571228272035008,-5.209952995332501,-202.2575590999354
368.0,-2.7788940106921274,0.011041824388356889,-1.5704890843972377,-5.497581833309805,-5.588995909538421,-5.21959436274367,-203.1988476063308
369.0,-2.790857197026285,0.01107634738589452,-1.570482793414742,-5.511766355734557,-5.5997889637620935,-5.234613910885705,-204.14482392074802
370.0,-2.804428902055009,0.011107994866323601,-1.5704664094766063,-5.52508240270472,-5.605122035112074,-5.248303699499486,-205.09658607561886
371.0,-2.813045960628995,0.011204573373096983,-1.5703944993579526,-5.541618399704829,-5.615559534995046,-5.264988203694742,-206.05187145170734
372.0,-2.8210248436718004,0.011204674186575116,-1.5704017174692142,-5.559533965211046,-5.630921327806852,-5.2829706396109675,-207.00984324245405
373.0,-2.8256972819555064,0.01123565969092539,-1.5703707106795008,-5.575658825339542,-5.6474659054246175,-5.301147648936575,-207.96904981522516
374.0,-2.825232809171769,0.011277214185648216,-1.5703407020778928,-5.593366519663393,-5.660540512972579,-5.319742839131962,-208.9275995876012
375.0,-2.8217591848993453,0.011276377261560774,-1.570343635405221,-5.6117694160744,-5.676953545824263,-5.338516632884858,-209.88389689723584
376.0,-2.820115588147122,0.011225280572368303,-1.5703924307331616,-5.630448313803249,-5.6825480566605275,-5.349737718425336,-210.83933155174662
377.0,-2.8209869753555106,0.011184478489675069,-1.57042101500171,-5.646640013928268,-5.691210474024831,-5.365379858909096,-211.79475419641201
378.0,-2.8271758518889767,0.011137882133753378,-1.5704662406022276,-5.664368002414964,-5.705802799506975,-5.382112442070121,-212.75197731333026
379.0,-2.833236719913543,0.011162678903174935,-1.5704313165841988,-5.677224340035486,-5.720059378843703,-5.400102393179414,-213.7110752575475
380.0,-2.8429768475723685,0.011138778416207421,-1.5704553668298737,-5.68875261645281,-5.735995616218105,-5.418625684907988,-214.67332620951987
381.0,-2.8518191841849085,0.011121753674869301,-1.5689645808353194,-5.693685563393267,-5.746492135338378,-5.43736996753526,-215.63921478835394
382.0,-2.8586736139808266,0.011272761294199367,-1.569368211025999,-5.7062587995519225,-5.761833897018508,-5.456205465073957,-216.6071913779839
383.0,-2.865482195310975,0.011259224491310988,-1.5697104780161837,-5.722539743219225,-5.779265383534588,-5.472872025099898,-217.5770369030225
384.0,-2.868708542684523,0.01126396992103677,-1.5698990111339917,-5.73023889343054,-5.797556207699754,-5.49081102358941,-218.54721395882672
385.0,-2.874100067816653,0.011230320859854766,-1.5700930647403613,-5.742936513703856,-5.816042138257305,-5.509312572328094,-219.51853490710687
386.0,-2.8767964484547552,0.011258044244716636,-1.5701590032823873,-5.75404148776163,-5.834208966032871,-5.52804783710318,-220.49009708028885
387.0,-2.8791350426505105,0.011258431332975778,-1.5702384920483152,-5.769623524058441,-5.8442440823196975,-5.546879666011242,-221.46222451295932
388.0,-2.885074569252894,0.011199145286764807,-1.5703242980335694,-5.783158197331115,-5.859420301401823,-5.558872107233656,-222.43601270168406
389.0,-2.8949538275144686,0.011182986652517756,-1.5703738991728318,-5.799769030749267,-5.86807841268737,-5.572635632702708,-223.41355077107931
390.0,-2.9004901723930527,0.011262201456612582,-1.570319291117728,-5.817732868559539,-5.876906939781807,-5.579029521430738,-224.3933151547996
391.0,-2.9052690107217107,0.01124547128880992,-1.5703378793303635,-5.8325547645261935,-5.886235750041639,-5.582346960689174,-225.37472886988203
392.0,-2.914243100692743,0.011200305445298486,-1.5703903745227714,-5.849115599769871,-5.9010926998319215,-5.5948028173262045,-226.3591256669628
393.0,-2.923875270597512,0.011206463115008997,-1.5703785824233927,-5.862324745145854,-5.918319560296239,-5.607464427903621,-227.3467480911918
394.0,-2.934724733257985,0.011221154866224563,-1.5703803614505372,-5.8787854698508735,-5.936530067855647,-5.623677651773447,-228.33805095738734
395.0,-2.94776553154822,0.011218443552250242,-1.5703858058488434,-5.896680207624634,-5.955145486591844,-5.6414645296628985,-229.333900168839
396.0,-2.958369128051258,0.011270769625185039,-1.570339480600526,-5.915164271100608,-5.9677878163503335,-5.659904284456118,-230.33374306078125
397.0,-2.969537124872796,0.011256614853772771,-1.5703497315531556,-5.933195156814114,-5.981091920921908,-5.678284920285547,-231.33763103133387
398.0,-2.983130379603876,0.011236765590047618,-1.5703657736445011,-5.951715702962677,-5.9976301487750066,-5.696964550389033,-232.34634730101902
399.0,-2.9965239158111907,0.011258220900184902,-1.5703443220164226,-5.970458087491682,-6.0155532543661785,-5.708959060870879,-233.3598345397051
400.0,-3.0076514585669645,0.011257176121412242,-1.5703179324655938,-5.9833899411346225,-6.034049673151009,-5.724904153508477,-234.37714399460575
401.0,-3.018755294348712,0.011270778094025108,-1.5703251610071853,-5.999502903866685,-6.048985415858973,-5.737670308776983,-235.39836656451527
402.0,-3.0256739452242334,0.011278629055355621,-1.570291708353358,-6.003224643565475,-6.0661799978936175,-5.7539507035174955,-236.4217911016361
403.0,-3.0324736061259903,0.01130236771200551,-1.5703125025024203,-6.01587332425291,-6.080039487648324,-5.771765321375244,-237.44746577989247
404.0,-3.040358729299679,0.011289720014822043,-1.57033204296865,-6.032201627215909,-6.096781833825619,-5.7887198405136,-238.47575338293035
405.0,-3.0438038103346505,0.011338834260212365,-1.5702867529146474,-6.050043861197145,-6.114788322736092,-5.804565609549865,-239.50512282193512
406.0,-3.050877675619911,0.011262220610976285,-1.5703553408723772,-6.068498623031942,-6.133322126165444,-5.822164259561566,-240.53668829288387
407.0,-3.057643474720112,0.011259965903225975,-1.5703428083278594,-6.08376948801593,-6.152069371045142,-5.840525204117313,-241.57050135586863
408.0,-3.0634064065561035,0.01126613715545351,-1.5703360095327152,-6.0974930309895905,-6.170906985486828,-5.855429661580069,-242.6061846499409
409.0,-3.072952058979398,0.011232989926512586,-1.5703772629482982,-6.114188795865287,-6.18978239137336,-5.872613416729091,-243.6450891380542
410.0,-3.084516295666585,0.01122116949081879,-1.5703771181578483,-6.127679905029468,-6.200829019330527,-5.890802163617866,-244.68819948261483
411.0,-3.0959783838376067,0.011256158997181298,-1.5703526476411407,-6.142664251310152,-6.2051561472044945,-5.90858829763633,-245.7356786177616
412.0,-3.104330433821046,0.01130948758723938,-1.5703086494041527,-6.159921085781787,-6.213491170251049,-5.927013809663614,-246.78637159281593
413.0,-3.1131500332189868,0.011287899831848951,-1.5703269067680936,-6.1781418391062255,-6.227949906934546,-5.945717271323383,-247.8401992117997
414.0,-3.1250832369593784,0.011250007389531084,-1.5703578501959397,-6.1967569223136225,-6.242929533979398,-5.964535975859689,-248.89823587294154
415.0,-3.1339809485332166,0.01128487785014809,-1.5703121359179664,-6.211208773249048,-6.255350910201797,-5.983402288168638,-249.95956805393462
416.0,-3.141139283703608,0.011289304881236674,-1.5703089298656148,-6.223929595426286,-6.269769455100866,-6.002288258941624,-251.02345176073106
417.0,-3.1509848848052684,0.011255847621647344,-1.5703474418584655,-6.236941670231497,-6.275356118716974,-6.02118240502359,-252.09082639457378
418.0,-3.1615349060780633,0.011276802617044808,-1.5703380544726666,-6.253353948033981,-6.280036400602797,-6.040079961269771,-253.1620493131496
419.0,-3.1700419230763863,0.011305317514905924,-1.5703107421648315,-6.270173856031484,-6.2819191277965984,-6.052581355933047,-254.23644598266517
420.0,-3.1805509129625835,0.011227957984900068,-1.5703539843290655,-6.2775971804586135,-6.282692119198841,-6.064914763399088,-255.3144698796162
421.0,-3.1935137725557805,0.011207779957368604,-1.5703690664424452,-6.280628506644402,-6.283010229349891,-6.081031970545652,-256.3969507275926
422.0,-3.206888304086563,0.011235584917824547,-1.570350719519235,-6.28186816636316,-6.283141271815734,-6.098779681908829,-257.4840472236651
423.0,-3.221905043164271,0.011243364043536491,-1.5703519778843102,-6.282375756527761,-6.283194628826029,-6.11720323046872,-258.57621580004684
424.0,-3.238283600589118,0.011259563144126605,-1.5703429523004673,-6.282583457303145,-6.283207604464953,-6.135906216309215,-259.67386789278066
425.0,-3.248924328860282,0.011353015841638702,-1.5702642604719512,-6.28266637233307,-6.2832122894524165,-6.1526927345342175,-260.7752361337269
426.0,-3.255928338222869,0.011370454589518913,-1.5702557440211056,-6.282700795672682,-6.283213768517376,-6.170684261839007,-261.87897447572493
427.0,-3.2557318753717133,0.011426633299472652,-1.570208518717317,-6.282713857665612,-6.283214538084947,-6.17479903489073,-262.9828224411649
428.0,-3.2597855114393925,0.011312743674935727,-1.5703170106158286,-6.282721935199322,-6.283214074345686,-6.185422508503755,-264.08780844041064
429.0,-3.2617882611534514,0.011335596114175499,-1.5702943582364506,-6.2827237003338645,-6.283214429776818,-6.198013206244427,-265.19352577408546
430.0,-3.260733742152312,0.011334339018350808,-1.5702887509919101,-6.278425704400803,-6.280519813191707,-6.196436164676985,-266.298941831655
431.0,-3.255813902575343,0.011387915312656748,-1.5702629821328735,-6.281020851041059,-6.2821636859839005,-6.206405245749885,-267.40284918749705
432.0,-3.252995388124203,0.011311716486619314,-1.5703269596617346,-6.282028155709287,-6.282793328762006,-6.214158063937992,-268.5057260880528
433.0,-3.247580064558976,0.011334125393788499,-1.5703023940813534,-6.282439248983987,-6.283052552542545,-6.225676390500334,-269.60689657943857
434.0,-3.2438519881398284,0.011288223241504792,-1.5703460838128973,-6.282608453262367,-6.283158970014698,-6.241476742506882,-270.7067552292111
435.0,-3.239970465292383,0.011289764024089356,-1.5703438963710452,-6.282677272090582,-6.283199659058575,-6.25474831752776,-271.8053371470544
436.0,-3.2315734133515326,0.011344007893347169,-1.5702950755801497,-6.282704232894355,-6.283209337756069,-6.271247217621538,-272.9012453644136
437.0,-3.2202078607741904,0.011354948654974955,-1.570239583462263,-6.282715592273633,-6.283212572123512,-6.278285977857579,-273.9934008924264
438.0,-3.206441701815075,0.01082609068439722,-1.5697877784953105,-6.282716054863291,-6.283213424469708,-6.281172555149289,-275.0809113127146
439.0,-3.199218203629095,0.010809957208442812,-1.5700726279977006,-6.2827283985442035,-6.2832140488514865,-6.282358555289741,-276.16568583721613
440.0,-3.1982588421991816,0.010902995813325152,-1.5702257650107205,-6.28272724084787,-6.283213851169071,-6.282845772574074,-277.2499986298116
441.0,-3.1958192551350826,0.011061077811295285,-1.57024050150637,-6.282724941437588,-6.283214248975058,-6.283045922206541,-278.33357226764264
442.0,-3.193529632380099,0.01113278561729126,-1.5702834289436136,-6.282724521885089,-6.283214222213043,-6.283128148203367,-279.41635453532393
443.0,-3.19000342372685,0.011200983754597786,-1.5702911795835912,-6.2827241539876875,-6.2832143367747255,-6.283161926792281,-280.49796827521254
444.0,-3.1851671695348514,0.011243671047447968,-1.5702992551096173,-6.282724013009075,-6.283214362417337,-6.283175803500659,-281.5779411492761
445.0,-3.1837660693146943,0.011211510696571687,-1.5703597027451803,-6.282725266123929,-6.283214096105429,-6.283181508181178,-282.65731610882204
446.0,-3.1822880121691406,0.011241602629541126,-1.57035038398168,-6.2827250148170535,-6.283214275023662,-6.28318384899499,-283.7362060406875
447.0,-3.179343956969106,0.011272659886716113,-1.57033599456916,-6.282724508160188,-6.283214373614894,-6.283184809582588,-284.81411558135346
448.0,-3.177978307280682,0.011253419920193661,-1.5703630885489177,-6.282725107786522,-6.283214219396802,-6.283185206712451,-285.89149298589666
449.0,-3.181120525273208,0.011209506797529563,-1.5704075307876475,-6.282726291488111,-6.283214035217043,-6.28318537247755,-286.96984417261103
450.0,-3.185114018007909,0.011231706973913323,-1.5703888740263752,-6.282725933108959,-6.28321422861223,-6.2831854377575,-288.0495965658231
451.0,-3.1889856068810074,0.011252757048131166,-1.5703724090956948,-6.282725565538714,-6.283214313270315,-6.280100930431192,-289.1307085160963
452.0,-3.193844785141649,0.01125252655890982,-1.5703741593915836,-6.282725686378167,-6.283214276755645,-6.280359856995373,-290.21347800713147
453.0,-3.1996105980049214,0.011255766008031078,-1.5703713829032828,-6.282725826581852,-6.283214284966335,-6.282051587161812,-291.2982192586158
454.0,-3.2045111313228003,0.011279490339982677,-1.5703500044756094,-6.2827254526517375,-6.283214391952538,-6.2827189337129825,-292.38467810207754
455.0,-3.203864763492404,0.011349261405303653,-1.5702875959140248,-6.282723954251459,-6.283214681608472,-6.282993832897016,-293.4710770700844
456.0,-3.2071354734568787,0.01126934854735412,-1.57036334895242,-6.282725700220664,-6.282025123693527,-6.283106754936711,-294.55844229441936
457.0,-3.208602623107155,0.011302846391265919,-1.5703294004736983,-6.282725298787966,-6.282756586626629,-6.283153135741552,-295.6463841805133
458.0,-3.206559205555942,0.011335617058661969,-1.570301571248886,-6.282724237600154,-6.283037364892317,-6.283172192060114,-296.733713074209
459.0,-3.2083908477786807,0.011263322730974986,-1.570369062168088,-6.282725782273543,-6.283152699025835,-6.283180025632568,-297.8215231652224
460.0,-3.2120709802529306,0.011253634834681935,-1.5703752696355897,-6.282726051872892,-6.2831977976566815,-6.2831832421927665,-298.9105578219229
461.0,-3.2130496158740613,0.011299547360918198,-1.570333466195166,-6.282724904332345,-6.283208646591288,-6.283184559882554,-300.0000175725606
462.0,-3.2126836960372054,0.01130594996230046,-1.5703295935604171,-6.282724684043648,-6.2828588112072,-6.283185102910116,-301.08937638619193
463.0,-3.2092526067786933,0.011334082149896844,-1.5703040644770714,-6.282724187569143,-6.283085409656862,-6.2831853229029395,-302.1776466938888
464.0,-3.2099151551304215,0.011259401267998403,-1.5703736897809384,-6.282725734361161,-6.283172364545503,-6.283185420263806,-303.26599330997715
465.0,-3.210337700198552,0.011276458178201458,-1.5703555841876016,-6.282725373215235,-6.283202755862519,-6.2831854563866925,-304.3545179491738
466.0,-3.2049051849434558,0.011350726359822448,-1.5702886680204506,-6.2827236241275894,-6.283210461113769,-6.283185466606096,-305.44135907286756
467.0,-3.1986340223708956,0.011329315474677642,-1.5703113626881686,-6.282724021671922,-6.28321287229502,-6.283185474605399,-306.5260316193253
468.0,-3.1938519388017013,0.011293626551088466,-1.5703436206569064,-6.2827248305889905,-6.283213680755179,-6.283185479591525,-307.60900206971496
469.0,-3.1926960753123654,0.01124493841750058,-1.570387329706369,-6.282725793683155,-6.283213873033017,-6.283185483483587,-308.69146838509204
470.0,-3.1952210412890913,0.011216392710553795,-1.570411643133087,-6.282726354623955,-6.283213977307695,-6.283185485396122,-309.7747206708728
471.0,-3.195078166117693,0.01127758676912108,-1.5703548788423394,-6.282724926738719,-6.283214398880605,-6.283185481063371,-310.85803455599773
472.0,-3.193505002295748,0.011292194929082268,-1.5703437215972516,-6.282724573744081,-6.28321439726671,-6.283185480374892,-311.94083416240267
473.0,-3.1916891379427774,0.011289728244869214,-1.5703462723957815,-6.282724753645732,-6.283214347826898,-6.283185480980815,-313.0230069884048
474.0,-3.1904300641706107,0.01127905243851054,-1.5703558527933266,-6.282725047904207,-6.2832142910603395,-6.283185481866205,-314.10472503079626
475.0,-3.192709161034831,0.011236225338293729,-1.5703942973736558,-6.282726029072486,-6.283214105944237,-6.283185484804747,-315.18712803822757
476.0,-3.1924204814215287,0.011289470007511494,-1.5703440893398664,-6.282724862186302,-6.283214442947042,-6.283185480996006,-316.2695360662509
477.0,-3.191098308787619,0.009505527577458454,-1.5702583501397442,-6.282707741413556,-6.283213681349384,-6.283185450373358,-317.35094355815545
478.0,-3.185738081528238,0.009773787882044378,-1.5703625746432648,-6.282742321133481,-6.283213979780806,-6.283185510330887,-318.43057839214094
479.0,-3.1829116994257545,0.010258982542587353,-1.5703902719461784,-6.282136638654586,-6.2832139160501645,-6.283185497509377,-319.50932451987654
480.0,-3.1858495576779617,0.010557529776673494,-1.5704303273850813,-6.282491420894051,-6.283213728768869,-6.283185476319136,-320.5890752013249
481.0,-3.18649498896695,0.01085001087066719,-1.570363400391198,-6.282627601182967,-6.283214276886235,-6.28318548011938,-321.66924894924125
482.0,-3.186268376748714,0.011009004095772735,-1.5703527077924888,-6.282684074281199,-6.283214296767247,-6.283185480057006,-322.7494128985382
483.0,-3.1916618528630845,0.011035942978573092,-1.5704138074359555,-6.282709359890755,-6.283213961077039,-6.283185485530952,-323.83131126733565
484.0,-3.1955773599393806,0.01115169338045422,-1.5703617269551713,-6.282718119373746,-6.283214351748396,-6.283185482004668,-324.91467389023876
485.0,-3.195909239659752,0.011239886784854864,-1.5703199592603574,-6.282721155027769,-6.283214522503003,-6.283185479067425,-325.9982651617011
486.0,-3.196690318661891,0.011244459285071513,-1.5703412336708922,-6.282723515175603,-6.283214329026054,-6.283185481221372,-327.0820983022245
487.0,-3.1991621285270644,0.011237989001233302,-1.5703617081948156,-6.282724940292572,-6.283214237200337,-6.283185483175992,-328.1667394411448
488.0,-3.1994416296386317,0.011283187401147062,-1.5703299621139681,-6.282724513853479,-6.283214445198875,-6.283185480786609,-329.2515563395276
489.0,-3.1993690963533576,0.011283244898429072,-1.5703379933788564,-6.282724765832684,-6.283214359797053,-6.283185481337876,-330.33634392404423
490.0,-3.2027297620761956,0.011240052724256917,-1.5703812660078929,-6.2827259620073495,-6.283214135156238,-6.283185484741898,-331.4221807656513
491.0,-3.204448924890668,0.011280823878455306,-1.5703452721158222,-6.28272516109892,-6.283214403089668,-6.283185481945584,-332.5086811308758
492.0,-3.2063446857992877,0.011276040420908464,-1.5703529311638305,-6.282725254275498,-6.283214323317386,-6.283185482409383,-333.5958134293083
493.0,-3.2031690640216324,0.011342585541528675,-1.570293170874224,-6.282723881665275,-6.283214633617522,-6.283185478117774,-334.6820141266447
494.0,-3.2016035084184944,0.011292813276991527,-1.570342167922185,-6.2827249302069355,-6.283214269825943,-6.2831854817152655,-335.7675897505538
495.0,-3.2029370350974897,0.011255459541468482,-1.570374925669409,-6.282725848268,-6.28321415609648,-6.283185484229741,-336.8535447231245
496.0,-3.2042777396403035,0.011268078284868687,-1.5703626038573877,-6.282725496815232,-6.28321429553436,-6.282730420657767,-337.9399765290034
497.0,-3.201435829732397,0.011324751865725215,-1.5703117736729153,-6.2827241515321015,-6.283214558441804,-6.283006540638727,-339.02556054876675
498.0,-3.1996054678871575,0.011290371955024523,-1.5703456219304215,-6.282724874611358,-6.283214290983819,-6.283111754452609,-340.11045542679705
499.0,-3.1985972412269708,0.011278618249485802,-1.5703552498142024,-6.282725206331801,-6.2832142753197795,-6.283155200039712,-341.1949849382232
500.0,-3.2002031045376547,0.011247276665909814,-1.5703835804573936,-6.282725848005946,-6.283214154703619,-6.28317304368366,-342.2799909923321
501.0,-3.2059745439219967,0.010764326008862837,-1.5703927690037933,-6.282722425395755,-6.283213875671758,-6.283180368193979,-343.36673211357123
502.0,-3.204920686709262,0.010443901497158735,-1.5702991031697162,-6.282724013661317,-6.283214686314275,-6.283183378518639,-344.4531897192027
503.0,-3.2014616760798478,0.010644796736144387,-1.5703339516688335,-6.282730289470964,-6.283214767633239,-6.283184627328609,-345.538530173936
504.0,-3.1976438472766997,0.008974792050834951,-1.5702478115659726,-6.282707848409434,-6.283213686538607,-6.2831850961687365,-346.6220529927436
505.0,-3.1959722072482624,0.009328071749800802,-1.5704315746009183,-6.282744613779698,-6.283214032711932,-6.283185370841818,-347.70495211804086
506.0,-3.19224982066151,0.010039693565013013,-1.5703683935823547,-6.2827291257883155,-6.283214239497336,-6.283185429041595,-348.7868996183946
507.0,-3.188954200442429,0.010470840573479348,-1.5703651923714477,-6.282724077069735,-6.283214123110299,-6.283185455542617,-349.86784714859954
508.0,-3.1855116616384875,0.010761021574278891,-1.5703533536417127,-6.282722813012707,-6.28321418830938,-6.283185467612953,-350.9477169979026
509.0,-3.1786403330327415,0.01098901136713977,-1.5703106041559542,-6.282721979615322,-6.283214412705857,-6.283185470903497,-352.0253659674164
510.0,-3.1761466801168563,0.01103257720488344,-1.5703806799738962,-6.282723982666493,-6.2832140048016205,-6.283185479202299,-353.1020279740299
511.0,-3.1745674263197725,0.011115559405216188,-1.570372432086847,-6.282724346954738,-6.283214181416742,-6.283185480337056,-354.17816909467524
512.0,-3.168881328307366,0.0112263439075128,-1.5703174410767151,-6.282723258968493,-6.283214493198814,-6.28318547703316,-355.25246459857925
513.0,-3.1695437713641312,0.011160064426731741,-1.5704102586872086,-6.282725610296726,-6.2832139355514665,-6.283185484431359,-356.3267829929941
514.0,-3.1690582414042656,0.011227217396723521,-1.5703646279759482,-6.2827249026892895,-6.283214327123221,-6.283185481520121,-357.40102256139045
515.0,-3.172207160871295,0.011197916183752793,-1.5704055257908376,-6.2827258845427645,-6.2832140798870215,-6.283185484663858,-358.4762551304567
516.0,-3.1727827472281622,0.01126612047286045,-1.5703496762772957,-6.282724767005608,-6.283214442166814,-6.28318548085909,-359.5518050343687
517.0,-3.178353337999095,0.011206028940139372,-1.5704112108874135,-6.282726355031009,-6.283214038040837,-6.283185485919209,-360.62914011906355
518.0,-3.1879075266654815,0.011196725790427974,-1.5704191530518732,-6.282727017920915,-6.283214072041223,-6.283185487386075,-361.70972806731584
519.0,-3.1916411353946756,0.011308062906827333,-1.5703195506645775,-6.2827245792653645,-6.283214646064443,-6.283185479840205,-362.7918202212631
520.0,-3.189181721464665,0.011368095015478358,-1.5702699594559744,-6.282723332624339,-6.28321474579696,-6.283185476548522,-363.8732102165017
521.0,-3.184852035581943,0.011353523165868958,-1.5702861995116977,-6.282723848898208,-6.28321451793731,-6.28318547838668,-364.9531088885257
522.0,-3.181464028051188,0.011314029013515376,-1.5703226957568093,-6.2827247702152835,-6.283214309572741,-6.283185481153017,-366.031777809824
523.0,-3.178113614550637,0.011302795387170352,-1.5703325156445462,-6.282724907100227,-6.283214314376373,-6.283185481433193,-367.10927407738416
524.0,-3.18132750806155,0.011212590967315294,-1.5704150127444578,-6.282726746812098,-6.283213920119892,-6.28318548707426,-368.18768697380676
525.0,-3.1883063190356635,0.0112021772693323,-1.5704208961921835,-6.2827270124777455,-6.283214044623757,-6.283185487365667,-369.26846225279286
526.0,-3.192343734779289,0.011273799432997214,-1.57035550497601,-6.282725290678669,-6.283214452868987,-6.283185482072023,-370.3507565499662
527.0,-3.19717863102672,0.0112639644867582,-1.5703665921128194,-6.282725569503235,-6.283214301899791,-6.283185483246768,-371.4346811315977
528.0,-3.202920881153591,0.011263644592194042,-1.570365768906898,-6.282725817358783,-6.28321429840266,-6.283185483841949,-372.5205636611161
529.0,-3.2014566989761213,0.011362493143651693,-1.5702756977781094,-6.282723670060572,-6.283214767121359,-6.283185477252285,-373.6061674349237
530.0,-3.201195810039962,0.01130793802843342,-1.5703292515816978,-6.282724839369298,-6.283214325070185,-6.283185481391258,-374.6915904715246
531.0,-3.1972484382622426,0.011348048492912216,-1.5702906515677864,-6.282724094796946,-6.283214566323749,-6.283185478779958,-375.77577273458417
532.0,-3.196062080561852,0.011283193861355557,-1.570352085617444,-6.282725326728269,-6.283214187006591,-6.283185482884062,-376.85942723049686
533.0,-3.1914972060549434,0.011329656898808908,-1.5703075945845006,-6.282724293227682,-6.2832145053782185,-6.283185479381996,-377.9416242503994
534.0,-3.187466829935487,0.011274456494833648,-1.570344446101309,-6.276281402999331,-6.283204218235379,-6.283185537937206,-379.02232908271174
535.0,-3.1894487450662847,0.01124710071197258,-1.5704025258051584,-6.280141067262545,-6.283209164860569,-6.28318539008174,-380.1035884007424
536.0,-3.190511943933009,0.011268741244196608,-1.5703669257113453,-6.281667760609997,-6.283212759395714,-6.283185489106372,-381.1852863950244
537.0,-3.193427909337307,0.01124296868153035,-1.5703870853819812,-6.282293079732558,-6.2832137088181845,-6.283185498125,-382.26793250391313
538.0,-3.1940488030253142,0.011286967812327756,-1.5703448108928406,-6.2825478437836635,-6.283214304444234,-6.283185491730452,-383.3508824449069
539.0,-3.1925446185979327,0.011306909844713811,-1.5703281789648202,-6.282652013945327,-6.283214426592536,-6.283185486342406,-384.433362600188
540.0,-3.1914610202135374,0.011289391240213326,-1.5703450859537178,-6.282695279842634,-6.283214316691073,-6.283185484926107,-385.51544117656846
541.0,-3.191695462448105,0.011270370270720807,-1.5703620660017508,-6.282713261268383,-6.283214249619152,-6.283185484581577,-386.5975622948774
542.0,-3.1874333623994446,0.011332390931870702,-1.5703050491320827,-6.282719053108488,-6.28321457455527,-6.283185479390075,-387.6783516777546
543.0,-3.179742497956652,0.011351940697522484,-1.5702897407447054,-6.282721507127294,-6.283214543805045,-6.283185477837,-388.7565363821074
544.0,-3.174736552337153,0.011289676600454091,-1.5703480722698673,-6.282724032049645,-6.283214184650505,-6.283185481841038,-389.83286167528667
545.0,-3.1724922208369852,0.011255590026307024,-1.570377441634729,-6.282725233829088,-6.283214125971367,-6.283185483618765,-390.9083299173742
546.0,-3.172749667671784,0.011235816060885853,-1.570394633250356,-6.282725729726969,-6.283214120990901,-6.283185484346177,-391.98382931655317
547.0,-3.1702262923841484,0.011289691187480282,-1.5703448887529483,-6.282724554296181,-6.283214437134104,-6.283185480376398,-393.0585488617479
548.0,-3.1631158328256284,0.011340952065362118,-1.570299884228316,-6.282723469392166,-6.28321458595795,-6.283185477204144,-394.13088759716754
549.0,-3.1569786947266456,0.011291436183690074,-1.5703402081851394,-6.279866415737073,-6.283210792169078,-6.283185509857716,-395.20096997688415
550.0,-3.1551952188357717,0.011254235436628951,-1.5703879160889822,-6.281593193828557,-6.283212501130116,-6.28318543469527,-396.27030998526294
551.0,-3.152410639266659,0.011276976054779023,-1.5703593086063037,-6.282261647088294,-6.283213841323672,-6.2831854845999775,-397.3387198610798
552.0,-3.1558202361033976,0.011196578816272368,-1.5704314996884663,-6.282537058803826,-6.283213789797448,-6.283185492931346,-398.4081464287892
553.0,-3.1578128607642255,0.011253679006301184,-1.5703756721664268,-6.282647889031349,-6.2832143148176,-6.283185487340629,-399.47837668239475
554.0,-3.160454058355136,0.011252222515053836,-1.5703786871170446,-6.282693718108514,-6.283214267728804,-6.283185485761903,-400.54951746557214
555.0,-3.161603242330733,0.011283244822722005,-1.570349880253987,-6.282711952867137,-6.28321441626347,-6.283185482807048,-401.62112301710243
556.0,-3.1628189083342972,0.011279478709948347,-1.570354165100876,-6.282719798340625,-6.283214340018006,-6.283185482728528,-402.69314754198115
557.0,-3.164956047001504,0.011269407394534709,-1.5703628578942175,-6.2827232809854685,-6.283214285154364,-6.283185483323152,-403.76590078467035
558.0,-3.164625840596351,0.011305904908426808,-1.5703291392397802,-6.282723791878222,-6.283214472616433,-6.283185480695491,-404.838619682511
559.0,-3.163981762417707,0.011266365792801611,-1.5695956501892088,-6.282726283055842,-6.283214121943727,-6.283185490100632,-405.9113541529887
560.0,-3.1660980458075385,0.011280516029007256,-1.5698480948306162,-6.282723785135507,-6.283214467339367,-6.283185473906897,-406.9847061308085
561.0,-3.1686698856277973,0.011277214277213222,-1.570015953403157,-6.282725059951274,-6.283214341628076,-6.283185480948891,-408.05889771311973
562.0,-3.1758388694479844,0.01116894957537043,-1.568899188528196,-6.2827298308958,-6.283213624894603,-6.2831855020589344,-409.1358582463887
563.0,-3.1799691447852476,0.011329512230500516,-1.5692829145184122,-6.282722172929401,-6.28321496588351,-6.283185465092354,-410.21429055374716
564.0,-3.1795602052414624,0.01135965501400452,-1.5695944469927108,-6.2827233202925115,-6.283214702251434,-6.283185475249628,-411.29255354918956
565.0,-3.1800348166867374,0.011310549997116098,-1.569865792780589,-6.2827250815107725,-6.28321430350127,-6.283185482568887,-412.37082756222765
566.0,-3.1834241450561485,0.011263169449981396,-1.5700585795606625,-6.282726303229391,-6.28321412423647,-6.283185486450649,-413.4501343623754
567.0,-3.1838388008673273,0.011309030241804957,-1.570117152362146,-6.282725134239358,-6.283214442119184,-6.283185482605368,-414.5296517053896
568.0,-3.1804722095384608,0.011341002701644039,-1.570158711632792,-6.28272412081574,-6.281660984618454,-6.28318548268905,-415.6080692493301
569.0,-3.180605934796459,0.011268925417121224,-1.570271008745641,-6.282725916212421,-6.282612907060174,-6.283185481656914,-416.68637371771655
570.0,-3.1825867261136294,0.011255426849995585,-1.5703119254874882,-6.282725975110915,-6.282978199293764,-6.283185484956634,-417.7653205132268
571.0,-3.1839969303735294,0.01127336426408524,-1.570316132891483,-6.282725391587129,-6.28312848302502,-6.283185483007688,-418.84477778068174
572.0,-3.181909769125224,0.011318792564715442,-1.57028939956205,-6.282724321710526,-6.283190244869397,-6.283185479738294,-419.92360658588944
573.0,-3.179434724363903,0.011305049474792522,-1.5703131109699384,-6.282724607172993,-6.283206442195373,-6.283185480779303,-421.00155509058203
574.0,-3.1784616165121746,0.011261337884860853,-1.5699593513459307,-6.2827261892433395,-6.283211221590537,-6.283185487184579,-422.07924198156394
575.0,-3.179838571263522,0.011263054746736209,-1.5700988242381357,-6.282724850129909,-6.283213260509239,-6.283185478879578,-423.1573229098944
576.0,-3.1813515586901726,0.011269716185647555,-1.5701808711712035,-6.282725228583926,-6.283213931071926,-6.283185481774175,-424.2359064569074
577.0,-3.1837121686092025,0.011260718628926096,-1.5702479344867697,-6.282348804879475,-6.283214132118949,-6.283185487277393,-425.31526150770003
578.0,-3.179896665790014,0.011349052743714822,-1.5702089955548093,-6.282574474594053,-6.283214590961039,-6.283185471403129,-426.3934702461923
579.0,-3.176133698550258,0.0113141323098942,-1.5702704269190946,-6.282663363416576,-6.283214333734605,-6.283185480889155,-427.4703059115715
580.0,-3.1775486533120207,0.01123797324716885,-1.5703564215093169,-6.282701217612474,-6.283214021356412,-6.2829793935354035,-428.54746994360914
581.0,-3.1781987844921757,0.011269553196069938,-1.57033706200895,-6.282715220749482,-6.2832143194719015,-6.28310444422727,-429.62491399499874
582.0,-3.175946636208184,0.011307534045764008,-1.5703119365992124,-6.282720269954723,-6.283214474306467,-6.283152090196372,-430.7016503355523
583.0,-3.1748952515008506,0.011266073279042515,-1.5703486296651132,-6.279449008165311,-6.283209965972812,-6.283171801840131,-431.77793605817203
584.0,-3.1769513199006316,0.01125689009955737,-1.5703764713505883,-6.281427709019571,-6.283211890378337,-6.2831797938459655,-432.8548778535979
585.0,-3.173171663255638,0.011337820525913655,-1.5702971905444798,-6.28219281509576,-6.283213913658157,-6.283183167130936,-433.9306956581069
586.0,-3.171033392692533,0.011285367870542344,-1.570347986846047,-6.282507604858686,-6.28321403101204,-6.283184537912218,-435.0056693489107
587.0,-3.175172400414505,0.011208494668139234,-1.5704162482351078,-6.282637852669676,-6.2832138879997546,-6.283185101763897,-436.0819164948072
588.0,-3.177857435662088,0.011261591821884364,-1.570365784576015,-6.282689173937812,-6.28321433995082,-6.283185325653528,-437.15919283368714
589.0,-3.1776055416327194,0.01130217458789384,-1.570331382667286,-6.28270965890332,-6.283214486971575,-6.283185415947892,-438.2364626618244
590.0,-3.1805551686195743,0.011251461517558957,-1.5703791172996222,-6.282719693410966,-6.283214166980476,-6.283185457899334,-439.3146480298766
591.0,-3.181458832343286,0.011293290282259732,-1.5703392529518467,-6.282722487903491,-6.2832144401972245,-6.28318547063271,-440.39323505942184
592.0,-3.1807979066658167,0.01130475072004136,-1.5703306299118251,-6.282723647792442,-6.283214430853438,-6.283185476255015,-441.471622845605
593.0,-3.1850363072631107,0.011234219719364663,-1.5703950530791966,-6.282725912767455,-6.283214060539223,-6.283185483946816,-442.55132721510597
594.0,-3.1866688863557115,0.011291795817063037,-1.5703400808771686,-6.282724924063151,-6.28321445574389,-6.283185480832306,-443.63171341877234
595.0,-3.1889101488047054,0.010693728756210975,-1.5703297148369904,-6.28271975688773,-6.283214072317682,-6.2831854724884355,-444.7126577895146
596.0,-3.188828345406872,0.010799124050064115,-1.570346490992334,-6.282730700794134,-6.283214723147259,-6.283185490973899,-445.79364028269146
597.0,-3.18667930825336,0.010989249858220201,-1.57032735665245,-6.282726008434795,-6.283214534108439,-6.2831854828077605,-446.8739883731716
598.0,-3.1841699718921106,0.011094526308740728,-1.570333464912319,-6.282724649586153,-6.283214367247254,-6.28318548074862,-447.95350282448544
599.0,-3.1788795190130363,0.011195644393474688,-1.5703071473127208,-6.282723656212339,-6.283214472847753,-6.283185478200683,-449.0312805928903
600.0,-3.1739998883450387,0.011216899383534496,-1.5703324470446565,-6.28272412385967,-6.283214288623872,-6.282791873817942,-450.1073323718701
601.0,-3.1679414012279667,0.011256022683849313,-1.570324230034031,-6.282724004943077,-6.283214361634086,-6.283030706607651,-451.1813038045915
602.0,-3.159758314133739,0.011291212794590137,-1.5703111432703076,-6.282723688138949,-6.283214415475317,-6.283121708058919,-452.252446969652
603.0,-3.1555039665742624,0.011235717644374301,-1.5703752591152866,-6.282725117153452,-6.283214068072325,-6.283159290043744,-453.32194654323274
604.0,-3.1507008546903847,0.011210401455279623,-1.5690476792112258,-6.282727877050845,-6.283213861469118,-6.283174735979598,-454.3902267803378
605.0,-3.1499707050558334,0.011258217178374249,-1.5694781162761073,-6.282722467144367,-6.283214548909157,-6.2831810457865735,-455.45804440713886
606.0,-3.152766990976956,0.011224349734860155,-1.5698027157539765,-6.282725334997344,-6.283214159686497,-6.28318366513574,-456.5266606305905
607.0,-3.1542361204223037,0.011261843494936913,-1.5699652446551722,-6.282725226483311,-6.283214332389233,-6.283184736383067,-457.5957894604996
608.0,-3.1575700259053328,0.011241083455964864,-1.5701180643023869,-6.282725911919276,-6.28321416713453,-6.283185178664241,-458.6659887855581
609.0,-3.1595994253907316,0.011273974737011179,-1.5701760990665756,-6.282725347753229,-6.2832143577028345,-6.283185357309804,-459.7369327343557
610.0,-3.162270261143217,0.010310746703816022,-1.5702001267167793,-6.282716513645317,-6.283213892876147,-6.2831854159417295,-460.80847627782697
611.0,-3.168722618011085,0.010390690812649126,-1.5703520906741586,-6.282736494781035,-6.283214501907488,-6.283185482740353,-461.8821563963221
612.0,-3.1754351639880705,0.010707127379520601,-1.5703391443817665,-6.282728795779695,-6.283214391555633,-6.283185481140001,-462.95831690313844
613.0,-3.1849522448446606,0.010881107886895681,-1.570364515283251,-6.2827266529466215,-6.283214160466173,-6.283185482975671,-464.03778738076625
614.0,-3.1908776908726306,0.011077146283876968,-1.5703054682682056,-6.282724428709527,-6.2832145152252945,-6.283185478971078,-465.1194912890424
615.0,-3.1937589601627336,0.011183810634137942,-1.5702894810279489,-6.282723822969013,-6.283214528859331,-6.283185478340674,-466.2022845600511
616.0,-3.196876563785692,0.011213029514103672,-1.570315040869183,-6.2827246046537,-6.283214356378017,-6.283185480952547,-467.28613970546
617.0,-3.203172502082157,0.011200712549091826,-1.5703586952763318,-6.282725894353498,-6.283214160908376,-6.283185484648949,-468.3720712929449
618.0,-3.209425180890291,0.011237728318951373,-1.5703453091286348,-6.282725662511028,-6.283214322265125,-6.283185483575439,-469.46016987756974
619.0,-3.214426400279443,0.01127094969753067,-1.5703301646201289,-6.282725234906441,-6.283214411924656,-6.283185482263531,-470.5500117905157
620.0,-3.2171457897740807,0.0113031145625037,-1.570311186273586,-6.282724764583228,-6.283214494328191,-6.283185480844826,-471.64083816881816
621.0,-3.219338326329871,0.011299657866059748,-1.5703215765990362,-6.28272500802704,-6.283214402409095,-6.28318548166215,-472.73240508958435
622.0,-3.223967422681336,0.011263712152513384,-1.5703580363370881,-6.282725948926506,-6.283214215702436,-6.283185484446695,-473.82545706440493
623.0,-3.2286573949977506,0.011274783291299561,-1.570349302463644,-6.282725746793771,-6.283214327306942,-6.2831854836048935,-474.9201013195558
624.0,-3.2263176555283484,0.011365621092936602,-1.5702690569421949,-6.28272365993622,-6.283214750547974,-6.283185477290697,-476.01416582801716
625.0,-3.2247758707993968,0.011315412697742704,-1.5703198800322498,-6.28272468484061,-6.283214342748609,-6.283185480958319,-477.1076332973076
626.0,-3.218360629916094,0.011367761194099432,-1.5702711169930796,-6.282723661048579,-6.283214630938758,-6.283185477509778,-478.19908022401654
627.0,-3.2112419260138783,0.011339481358461464,-1.5703003572355068,-6.282724072334317,-6.28321438979762,-6.283185479172197,-479.2880865435777
628.0,-3.203705636516505,0.011326485340977948,-1.5703130040419941,-6.282724113313289,-6.280205317967447,-6.283185485283671,-480.3745376800338
629.0,-3.193236437984608,0.011347686045076914,-1.5702922710407856,-6.2827241088599965,-6.282038938506832,-6.283185472448899,-481.45745713142594
630.0,-3.1844444317948106,0.01126267698345102,-1.5693854844172428,-6.282726721412962,-6.282742206250402,-6.283185491733908,-482.537574087962
631.0,-3.1773421653358627,0.011307777352010417,-1.5696843119460318,-6.282722416123231,-6.283031886997584,-6.283185468374895,-483.6151168616957
632.0,-3.1735113764810396,0.011255910948258093,-1.5699448693157323,-6.282724783915719,-6.283150473977386,-6.283185480277232,-484.6911352018105
633.0,-3.1705894132337282,0.011254382351743846,-1.57008751632035,-6.282725230710425,-6.283197466270055,-6.283185482718185,-485.7660649573818
634.0,-3.16630846861521,0.011279464963011984,-1.5701606211472274,-6.282724727920073,-6.2832084651965365,-6.283185481494927,-486.8395007563116
635.0,-3.1658347991151308,0.01122854546131254,-1.570272416445221,-6.282725837534283,-6.2832119081317765,-6.283185485006076,-487.9126218177594
636.0,-3.1629676897539873,0.011281938724941485,-1.5702647171949924,-6.282724750556786,-6.283213613024648,-6.283185481230001,-488.9848198631783
637.0,-3.165649640780177,0.011207312476783155,-1.5703634162408207,-6.282726357947255,-6.283213683844058,-6.283185486320334,-490.0577689018525
638.0,-3.172443904150921,0.011147166676090524,-1.570404466821634,-6.271611415449909,-6.2832044370562175,-6.283185511623291,-491.13293550162024
639.0,-3.1793767299762803,0.011266194930903887,-1.5703594947100488,-6.2748424328964605,-6.283209801479431,-6.283185364252398,-492.2106143080417
640.0,-3.1863932971941624,0.011279606840899811,-1.570351197239624,-6.279544202708462,-6.283211731898457,-6.283185435013161,-493.2907686980521
641.0,-3.1923058388419103,0.011284131219030134,-1.5703374553599256,-6.281423820276973,-6.283213710413794,-6.28318551050602,-494.3730123605062
642.0,-3.1934848121537707,0.011336279805537126,-1.5702897867020682,-6.28219175084345,-6.283214490675841,-6.283185504893571,-495.4558002277122
643.0,-3.192328372057525,0.011337042602308542,-1.5702929842681963,-6.282506397023437,-6.28321451542275,-6.283185496017316,-496.53822270808536
644.0,-3.190627320354008,0.011320277941749382,-1.570310686323142,-6.282635541275208,-6.2832144192228006,-6.283185489993117,-497.62005124031754
645.0,-3.1928086998364074,0.011256635931436203,-1.570370208265281,-6.282689569290427,-6.283214127305481,-6.28318548966616,-498.70250532932835
646.0,-3.1981119527818485,0.011233293303319694,-1.5703903994570758,-6.282711617934603,-6.283214125628836,-6.283185488440303,-499.78671915144486
647.0,-3.1965689914466515,0.011340665361092128,-1.5702931079877085,-6.282717904555251,-6.283214702274728,-6.283185479386553,-500.8706303643044
648.0,-3.192408911368365,0.011342254561026112,-1.5702965630367016,-6.2827213725344935,-6.2832145252542615,-6.283185478960125,-501.95313576082697
649.0,-3.190139852793449,0.011294295297652798,-1.5703411333887227,-6.28272401623233,-6.283214253010944,-6.28062804339819,-503.0347780838373
650.0,-3.1887672716008204,0.011280637191671333,-1.5703525843730024,-6.28272481669846,-6.283214260697248,-6.282179853659993,-504.11592473932336
651.0,-3.1909731330378146,0.011236563400515945,-1.5703927667754798,-6.282725966693594,-6.283214091179765,-6.282771141055569,-505.19772980315565
652.0,-3.1884256143056082,0.011317216416297746,-1.5703179365528719,-6.282724238574192,-6.283214565167096,-6.283015293743731,-506.2788236571766
653.0,-3.1822016822452155,0.01134374428140765,-1.5702969344628215,-6.282723607859345,-6.283214554256641,-6.283115562135117,-507.35783293267883
654.0,-3.1752326568836216,0.011327983805770207,-1.5703125537482936,-6.282724035453137,-6.283214393262295,-6.28315675679142,-508.4344053373942
655.0,-3.164698398772668,0.011358854986950108,-1.5702837474471323,-6.282723441920055,-6.283214523972108,-6.283173677608998,-509.5073760187933
656.0,-3.156434416419455,0.011300092851243528,-1.5703397274507318,-6.282724520778403,-6.283214179147488,-6.283180633317336,-510.5773206585181
657.0,-3.1484358344490273,0.011295471737908942,-1.570342324815549,-6.282724569999502,-6.283214252689173,-6.2831834892111535,-511.6444222014513
658.0,-3.1454797439717144,0.011224996545688322,-1.5704066218724357,-6.282356495761488,-6.283213979522146,-6.283184670310025,-512.7103056522973
659.0,-3.1388408981928637,0.011301455073895813,-1.5703361648132925,-6.282577868737221,-6.283214425811143,-6.283185136753963,-513.7739639483297
660.0,-3.135185800697961,0.011249803561177784,-1.5703858835026323,-6.282665256648872,-6.283214117486396,-6.283185344819774,-514.8361881814624
661.0,-3.130418915105626,0.011279869760482389,-1.5703560163312316,-6.282700118898988,-6.28321434535544,-6.283185424636535,-515.8967529875526
662.0,-3.1324245640582373,0.011192644293493407,-1.5704365706512264,-6.282716476156877,-6.283213897168999,-6.283185463801182,-516.9578251914579
663.0,-3.1302220225971773,0.01128709837212843,-1.5703467976929546,-6.2827204452274374,-6.283214503572957,-6.283185470769703,-518.0182884700358
664.0,-3.1248981239308664,0.011316984455451137,-1.5703227868558658,-6.282722147626044,-6.2832145004615905,-6.283185474546888,-519.0768914416167
665.0,-3.1195533234496353,0.011301782011773783,-1.5703374676466695,-6.2827236309452,-6.283214341908223,-6.283185478375237,-520.1335324725478
666.0,-3.121430434193057,0.011204050783148279,-1.5704259055702074,-6.282726273445689,-6.283213889446938,-6.283185486029292,-521.190629938362
667.0,-3.1253706743582845,0.011205198134871202,-1.5704134654798558,-6.279764425705365,-6.283210513937822,-6.283185516003953,-522.2491283807055
668.0,-3.123855653250808,0.011317055470225119,-1.5703237445835494,-6.280123116716679,-6.283213054020586,-6.2831854423949105,-523.30727611081
669.0,-3.1241382736303014,0.011278745857581486,-1.5703631955347235,-6.281679295211182,-6.28321364479264,-6.283185460644891,-524.365446379497
670.0,-3.1238401478491307,0.011286072299481533,-1.5703494388520676,-6.282297151422766,-6.283214223300334,-6.28318548951744,-525.423543209786
671.0,-3.12640826114293,0.011245119531524834,-1.570385417997173,-6.282550830725547,-6.283214139378455,-6.283185492270826,-526.4824779574898
672.0,-3.133429085960981,0.011208617947005523,-1.5704159321810298,-6.282655220725695,-6.283214054752069,-6.283185492215859,-527.5438416600458
673.0,-3.1436511886416016,0.011206727095419283,-1.5704150449599361,-6.282697747539386,-6.283214117614158,-6.283185490289975,-528.6088250297439
674.0,-3.1483938694004165,0.011310241374056803,-1.5703208038404952,-6.282712739754624,-6.283214642677641,-6.283185481763524,-529.6757062162034
675.0,-3.1523276500298825,0.011303769723153672,-1.5703300527418829,-6.28272005426313,-6.28321444014591,-6.283185482190966,-530.7439794877959
676.0,-3.1598196233352867,0.011255165005515577,-1.5703730422636522,-6.282724357332986,-6.2832141767319,-6.283185485923651,-531.8148021551915
677.0,-3.168219756759881,0.011263691040444342,-1.5703629166456439,-6.282725484518999,-6.2832142883699635,-6.28318548524125,-532.88858953217
678.0,-3.1702130910582413,0.011353421341366651,-1.5702819386973428,-6.282723857879059,-6.283214723895284,-6.283185478781106,-533.9632791173318
679.0,-3.1675787977161782,0.01137698710181897,-1.5702639562684655,-6.282723490659087,-6.283214674487229,-6.283185477501846,-535.0371336357036
680.0,-3.16248120985026,0.011368970001836738,-1.5702724955104095,-6.282723799605067,-6.283214544108609,-6.283185478318276,-536.1092252563476
681.0,-3.1591226613499814,0.011312736047540052,-1.570324525839738,-6.282724942856653,-6.283214259482101,-6.283185481773601,-537.1800451029923
682.0,-3.1559844954080725,0.01130091542212481,-1.5703341851597294,-6.282725045001986,-6.283214296364297,-6.28318548183764,-538.2497474493879
683.0,-3.153300847511919,0.011287355641748867,-1.5703471061076395,-6.282725093348695,-6.283214272041604,-6.2831854820195145,-539.3184763646124
684.0,-3.1560617868184333,0.011217862543997299,-1.5704106291623765,-6.282726453173103,-6.28227600891311,-6.283185487879482,-540.3880261701794
685.0,-3.1612622364474725,0.011218660873420876,-1.570406669937591,-6.282726634246711,-6.282855456592881,-6.283185484214673,-541.4593839795647
686.0,-3.165013190006289,0.011260905527635472,-1.5703667958336807,-6.282069535615033,-6.283077895948202,-6.283185489649691,-542.5321281911125
687.0,-3.1682360603748134,0.011278371159071435,-1.5703556109930508,-6.28246530845688,-6.283169521988453,-6.283185470822271,-543.6060246940789
688.0,-3.172897423954772,0.011261890979511817,-1.570369102449328,-6.282619391104649,-6.283202244885109,-6.283185484464305,-544.6815160300941
689.0,-3.174762228963855,0.011306676547954433,-1.5703270856937317,-6.282681313544,-6.283210165237878,-6.2831854822492605,-545.7577580897018
690.0,-3.1734367098498386,0.011334510322714054,-1.5703040721844335,-6.282706193510695,-6.279877953173151,-6.283185486079523,-546.8336305714096
691.0,-3.1717813440263174,0.011313254569682959,-1.5703227731161566,-6.282717864722604,-6.2819097181743695,-6.283185475449837,-547.9088947737706
692.0,-3.1699215252959765,0.011304493287708588,-1.5703310911639898,-6.282721870807953,-6.282689272587788,-6.283185481874992,-548.9834999820267
693.0,-3.162989143705738,0.011360592932418648,-1.5702799768878837,-6.282722301885867,-6.283009977943925,-6.283185477519481,-550.0558097636421
694.0,-3.1624914250573988,0.011244300603699886,-1.5703892130411756,-6.282725394611078,-6.283141434010118,-6.2831854850502875,-551.1277030348323
695.0,-3.165141299016953,0.011228284955562396,-1.5703995569996516,-6.282726132557311,-6.2831947926133465,-6.283185485661394,-552.2004803697173
696.0,-3.162517694297089,0.011316261276946247,-1.5703191691951397,-6.2827241317308635,-6.283208007427455,-6.283185479080515,-553.2725142136053
697.0,-3.1655343267752825,0.01121997601075115,-1.570406610002967,-6.28129102814655,-6.283211663167939,-6.283185500413626,-554.3453946123926
698.0,-3.169336922721773,0.01125236086347951,-1.5703807091203503,-6.2821572263669685,-6.283213265302936,-6.283185459322626,-555.4196469521795
699.0,-3.1719808714563573,0.011275534757736634,-1.5703573492192509,-6.282492588973895,-6.283214059265871,-6.282947376381654,-556.4948702778156
700.0,-3.173318367629496,0.011291940208739,-1.5703420324091426,-6.282629737258751,-6.283214320235171,-6.283091856506022,-557.5705989995183
701.0,-3.170539743732655,0.011337873786286432,-1.5703003304339362,-6.282685047844182,-6.283214563093751,-6.283146903825969,-558.6454698297096
702.0,-3.168490226773638,0.011302406709299802,-1.570334551246946,-6.282708835526569,-6.283214314759572,-6.2831696376280215,-559.7195651177249
703.0,-3.1686542055874987,0.011268405781092415,-1.5703644190663546,-6.28271904383222,-6.283214199432569,-6.2831789747466305,-560.7936522478923
704.0,-3.1705573448285866,0.011253872045976937,-1.5703766142696647,-6.2827231522583045,-6.283214200122484,-6.283182810261829,-561.8683680863758
705.0,-3.174565187721118,0.011240311515772986,-1.5703883122418847,-6.282724991945218,-6.283214179429145,-6.2831843863702055,-562.9444398268525
706.0,-3.1763340153966033,0.011288827111109425,-1.5703450554957152,-6.282724198938618,-6.277348994280901,-6.28318503895083,-564.0212517843643
707.0,-3.179281342444048,0.01126471224229776,-1.5703653566139297,-6.282726155362915,-6.280909744094692,-6.283185287677469,-565.0990232851525
708.0,-3.187185502934638,0.009478677856119304,-1.57032927959722,-6.282710314199683,-6.282279797098285,-6.283185382011825,-566.1788611351722
709.0,-3.1888303181020867,0.009806568148148793,-1.570368022897015,-6.282742196707319,-6.2828394868382,-6.2830205480220185,-567.259462705446
710.0,-3.1915406115851024,0.01029820792551076,-1.5703793530598438,-6.282729927253027,-6.2830717539519805,-6.283120624629605,-568.3411253737439
711.0,-3.1932875730783774,0.010662867273752569,-1.5703476570951909,-6.282724963030345,-6.283167083703777,-6.283158755053157,-569.4235630457601
712.0,-3.194869308658896,0.010882761203372946,-1.5703449442545487,-6.282723809515028,-6.283201884100082,-6.283174502227816,-570.5066252134702
713.0,-3.195106883774199,0.011041145520469997,-1.570328950114887,-6.2827234832799554,-6.283209898626878,-6.283180968984958,-571.5898610943253
714.0,-3.19153971336335,0.011172114417886521,-1.5702940252802449,-6.282722910404586,-6.283212891536088,-6.28318362404684,-572.6720018655396
715.0,-3.1942245301230012,0.006036518454188077,-1.5701546894870522,-6.282677486133771,-6.283211334179054,-6.283184636984864,-573.7532840785881
716.0,-3.1916074901834146,0.0042058184731619585,-1.5703622391782537,-6.282751910282711,-6.283212101948851,-6.28318521345099,-574.8329767756493
717.0,-3.1905096661342798,0.006061952149408228,-1.5705384651965915,-6.282765896328705,-6.283212222823392,-6.2831854262750095,-575.9127562647537
718.0,-3.19144146449682,0.007877282600382096,-1.5704646088194405,-6.282732588814909,-6.283213099415758,-6.283185443900623,-576.9935091294917
719.0,-3.188140178253114,0.0091407658622446,-1.570352792242021,-6.282720030268884,-6.283213870573916,-6.283185450287157,-578.0737149021
720.0,-3.1889469797767873,0.009841764955635176,-1.570394096303915,-6.282719533082742,-6.283213677312623,-6.283185464371857,-579.154335257081
721.0,-3.1912336462455477,0.01034096914360111,-1.5703782102252355,-6.282720417985817,-6.283213945430923,-6.283185470930416,-580.235919448679
722.0,-3.188420780743338,0.010739805776185194,-1.570303223888836,-6.282719972964919,-6.283214424404022,-6.283185470060832,-581.3168129550116
723.0,-3.1851757633691316,0.010929677604232444,-1.570321184207841,-6.282721543168898,-6.283214265184509,-6.283185474578685,-582.3966335276767
724.0,-3.181502413396797,0.011057981879685205,-1.5703250906329276,-6.2822203151377325,-6.283214304627339,-6.283185482227356,-583.4752297721672
725.0,-3.1762913055672164,0.011159095607136757,-1.570315767005568,-6.282523978896163,-6.28321431989045,-6.283185468770652,-584.5520807005018
726.0,-3.1720585309283122,0.011186982748462427,-1.570342531670148,-6.28264253100529,-6.2832142279323975,-6.283185480421812,-585.6274243426274
727.0,-3.17297063557833,0.01115657232304273,-1.5704033499303387,-6.2826923633680725,-6.283213981483011,-6.283185485714654,-586.7029485260914
728.0,-3.1767755171518908,0.011172108715403641,-1.5704087474104307,-6.282712419246396,-6.283214086459206,-6.283185485951616,-587.7797641304659
729.0,-3.1790119723707444,0.011234464325151954,-1.570366099111121,-6.282719489128674,-6.2832143651924035,-6.283185482397295,-588.8574401990975
730.0,-3.1755914562565484,0.011298465378880589,-1.569781673287577,-6.2827224917305955,-6.2832144849051925,-6.283185483646696,-589.9342672500525
731.0,-3.172324757796037,0.01131285945307951,-1.5699626888086884,-6.282722078648763,-6.283214561666225,-6.283185473009773,-591.0098788293866
732.0,-3.173908494983354,0.011240234433790458,-1.5701476382692234,-6.2827252706495385,-6.283214090420434,-6.28318548333253,-592.0858486882265
733.0,-3.1700391406214714,0.011328449162414584,-1.5701447284156418,-6.282723893001526,-6.283214595917822,-6.283185478675087,-593.1606274939492
734.0,-3.163619319057894,0.011334569050301418,-1.5701965063183831,-6.282723788474736,-6.283214469715354,-6.283185478757354,-594.2331606353313
735.0,-3.162937069794662,0.011240324590939455,-1.5703192218253115,-6.282725933320149,-6.28321398759969,-6.2831854852436715,-595.3052437696347
736.0,-3.1688305743688927,0.011181803750611789,-1.5703927641176696,-6.282727359154717,-6.283213874975796,-6.282426289473278,-596.3792349814858
737.0,-3.174275192296856,0.011216884545352353,-1.5703643203221895,-6.278486762693008,-6.2832077002465185,-6.282886998532915,-597.4551651536854
738.0,-3.1723315132257697,0.011360296189534345,-1.570268320877158,-6.281043790793217,-6.2832095506741386,-6.283062402117166,-598.5306697310766
739.0,-3.1729205881039766,0.011283379267728448,-1.5703409372134272,-6.282037854884179,-6.283212452029638,-6.283134965779217,-599.6062515727474
740.0,-3.179422081718012,0.01121265539015301,-1.5704037076505777,-6.28244576568349,-6.2832133904605305,-6.283164741569299,-600.6839473600438
741.0,-3.1897929176833735,0.011201615150312306,-1.5704125568551315,-6.282612268699631,-6.2832138640831525,-6.283176968598967,-601.7651774550226
742.0,-3.1949456509799345,0.01130410287726282,-1.5703211284432717,-6.282677852791369,-6.283214546574693,-6.283181982130865,-602.8483804579481
743.0,-3.201348707524274,0.01127550086590498,-1.5703517420201518,-6.2827063900322955,-6.283214290513349,-6.283184046714437,-603.9337169353491
744.0,-3.2117024237235596,0.01108442155732309,-1.5666797879839693,-6.282728050914219,-6.283212925337301,-6.28318494057269,-605.0237566570722
745.0,-3.2168459028716465,0.011446099133195274,-1.5676759043799418,-6.282712444342029,-6.283215930285786,-6.283185187235606,-606.1155200084281
746.0,-3.220338956335731,0.011390250561974484,-1.5685603248087905,-6.282720954967301,-6.283214721164961,-6.28318536915611,-607.2081169580782
747.0,-3.2171378271879223,0.011423940292405713,-1.5690839872212277,-6.2827229172332855,-6.283214722601636,-6.283185436423923,-608.2995765037225
748.0,-3.2163341117197937,0.01132558978293469,-1.5695497526649953,-6.282725507781274,-6.283214138736709,-6.28318546932395,-609.390475692133
749.0,-3.21428105741932,0.011324730869004712,-1.569798722922223,-6.282725475080539,-6.283214299179545,-6.283185478302172,-610.4806200574196
750.0,-3.211720460315161,0.011308995971415176,-1.569982767367417,-6.282725361092887,-6.2832142691235315,-6.283185481663448,-611.5698213154674
751.0,-3.2115357241832316,0.011266148833898062,-1.5701352528523482,-6.2827259827580315,-6.283214121053298,-6.283185484781679,-612.6588355544932
752.0,-3.2120541679060657,0.011264230547987624,-1.570211946733642,-6.282725799940378,-6.2832142146101155,-6.28318548436298,-613.7479897163705
753.0,-3.2112057476440046,0.011286591107529867,-1.5702429317592592,-6.282725103394086,-6.283214355313764,-6.283185482278237,-614.8368805981739
754.0,-3.204830841180143,0.011352198216505014,-1.5702181309795429,-6.282723610465804,-6.28321462878319,-6.283185477734674,-615.9237396060184
755.0,-3.1963295930786093,0.011347742091667803,-1.57024785158462,-6.28272366545128,-6.283214465495103,-6.283185478192369,-617.0076947235192
756.0,-3.1908108244291964,0.011285094575366052,-1.5703210883520888,-6.282724985098005,-6.283214146924539,-6.283185482200176,-618.0896287078976
757.0,-3.185836257410039,0.0112809129081574,-1.5703334942712113,-6.282724991905769,-6.283214237328006,-6.283185481878137,-619.1698334022379
758.0,-3.1790514088762682,0.011304254730813196,-1.5703194196906216,-6.28272431389803,-6.2832143745218705,-6.283185479801463,-620.2477297466459
759.0,-3.1702723419833596,0.011320506191079082,-1.5703102958620077,-6.282723893948821,-6.283214407595274,-6.283185478631438,-621.322599448528
760.0,-3.1639559626624694,0.011274126766454902,-1.5703570359647534,-6.282724825268976,-6.283214152983704,-6.283185481607773,-622.3951532056257
761.0,-3.165461400387058,0.011181890386239879,-1.5704417663713657,-6.2827268487148045,-6.283213808055899,-6.283185487547412,-623.4680144966575
762.0,-3.173070055270527,0.01115412798493241,-1.5704640314333527,-6.282727578791791,-6.2832138681813,-6.283185489190507,-624.5434275208595
763.0,-3.179348269474747,0.011227330259215296,-1.5703966951645332,-6.282725933868724,-6.283214322064586,-6.283185483973339,-625.6211338736064
764.0,-3.17887300550819,0.011330174471139433,-1.5703059321885702,-6.282723665501214,-6.282425359510371,-6.283185478884815,-626.6988863033846
765.0,-3.1775315193471902,0.011293988061249108,-1.5703293324861824,-6.277567661672463,-6.282914100383247,-6.283185532383922,-627.77611132617
766.0,-3.175024428194098,0.010587809379042048,-1.5702797427021047,-6.280673950323703,-6.283103624113784,-6.283185377617179,-628.8522911038729
767.0,-3.173531262410998,0.010637381367240214,-1.5703709979898592,-6.2818968112479485,-6.283178592185481,-6.283185501045834,-629.9278882090381
768.0,-3.1739394235327256,0.010835320004774716,-1.5703830548924964,-6.282385674354433,-6.2832041708282755,-6.283185498574998,-631.003661291624
769.0,-3.176625600408947,0.010965960866859872,-1.57039285804475,-6.28258603823831,-6.283210511166844,-6.283185493028161,-632.0803760740464
770.0,-3.182170412201192,0.011046274206636422,-1.5704037064152947,-6.282668572944041,-6.283212785244316,-6.283185489725914,-633.1589965927719
771.0,-3.1872877230686845,0.01114119320775316,-1.5703719935773655,-6.282701713108678,-6.283213828116722,-6.283185485195803,-634.2394596316128
772.0,-3.1903277618303556,0.011217448177374866,-1.5703398584595518,-6.282714925715703,-6.283214267703611,-6.283185481919737,-635.3210562092087
773.0,-3.1911925713476377,0.011265194970707012,-1.5703212007177065,-6.28272034767904,-6.2832144153491605,-6.283185480447398,-636.4030152219622
774.0,-3.1895467731659046,0.011299618805551918,-1.5703060925269863,-6.282722469321096,-6.283214482445953,-6.283185479444867,-637.4844695536073
775.0,-3.1854473469717197,0.011314426647160206,-1.5702996750943428,-6.281148908278568,-6.283213555737928,-6.283185495259459,-638.5645457898996
776.0,-3.18398926527347,0.0112765455263967,-1.570349980119864,-6.282101043335121,-6.283213701192586,-6.2831854554449516,-639.644024749836
777.0,-3.1831965882109223,0.011270861146954683,-1.5703545843666615,-6.2824699442127745,-6.283214131424472,-6.2831854843080075,-640.7232232104111
778.0,-3.1815092149472126,0.011284299998500079,-1.5703442791552782,-6.282620429797967,-6.283214323439385,-6.283185484794961,-641.8018636037328
779.0,-3.1830792483044816,0.011240360292897073,-1.5703865171180886,-6.282683108717993,-6.283214122938973,-6.283185486937192,-642.8809464178004
780.0,-3.1809160364223965,0.011306370689769158,-1.5703259288381695,-6.28270695821134,-6.283214516910496,-6.283185481321148,-643.9594147690646
781.0,-3.1801233423232578,0.011273653907936167,-1.5703592828800814,-6.282717934121149,-6.283214256533078,-6.283185482959758,-645.0375377887625
782.0,-3.1793430237601954,0.011278708972867235,-1.5703539409249805,-6.282722167205955,-6.283214319432077,-6.283185482342193,-646.1154000364484
783.0,-3.177702767494436,0.011289455415025894,-1.5703448485074272,-6.282723628395051,-6.283214364966729,-6.28318548134547,-647.1927141812309
784.0,-3.177731597494937,0.011264029722185386,-1.57036872846547,-6.28272489463728,-6.283214224967467,-6.283185483005039,-648.2699817666629
785.0,-3.180358825133825,0.011240350413285877,-1.5703893118663088,-6.28272576447949,-6.283214156245039,-6.2831854845639254,-649.3481008312754
786.0,-3.1830122352862626,0.011254515797133168,-1.5703728540297481,-6.281675427306512,-6.283214336994629,-6.283185494112054,-650.427156880755
787.0,-3.1856197112283877,0.011272110862578677,-1.5703627264903475,-6.282309246745363,-6.283214244551885,-6.283185464520384,-651.5071324120923
788.0,-3.188830053316184,0.011267230142726407,-1.5703649734915681,-6.282555267866074,-6.283214301744737,-6.283185484207237,-652.5882072962379
789.0,-3.187894821581699,0.011324707677895758,-1.570311610710328,-6.2826546358990765,-6.283214591736452,-6.283185481546227,-653.6690895605199
790.0,-3.1897839885742942,0.01126756695138329,-1.5703655533688274,-6.2826970570572245,-6.283214209054461,-6.283185485186594,-654.750510241338
791.0,-3.185986018777241,0.011348993862775842,-1.570289056050274,-6.282712213464001,-6.283214664630749,-6.283185478997043,-655.8308063354929
792.0,-3.1810865580937566,0.011329924577573007,-1.5703099811694965,-6.282719369117616,-6.283214425202757,-6.2831854798592035,-656.9093851136553
793.0,-3.1821276496214335,0.011237523709752433,-1.5703938801292399,-6.2827242543138535,-6.283213992622045,-6.28318548582716,-657.9881351381084
794.0,-3.1829560719857253,0.01126395463366305,-1.5703666647105237,-6.282724781010409,-6.283214287423864,-6.283185483295061,-659.0672191700352
795.0,-3.1829239904721423,0.011279059134813625,-1.5703542064089355,-6.2827247360855285,-6.283185423019015,-6.283185481845241,-660.1463161302509
796.0,-3.1881612636328915,0.011214292705673945,-1.5704132120533003,-6.2827264565116145,-6.2832030590315,-6.2831854864808925,-661.2270715948616
797.0,-3.1884767499396767,0.011308638290442987,-1.5703248581412828,-6.282724498925379,-6.283210566233338,-6.283185479885546,-662.3081273313184
798.0,-3.1877160063894423,0.011304092267768497,-1.570332517204957,-6.282724548141297,-6.28321294679159,-6.283185480457043,-663.3889166566241
799.0,-3.184650421334498,0.011324590645309421,-1.5703134384183954,-6.282724265006672,-6.28321395064596,-6.283185479460597,-664.4687055702233
800.0,-3.1805958304616606,0.011318090788758239,-1.570320371771067,-6.282724392996453,-6.283214205622549,-6.283185479973657,-665.5470916980138
801.0,-3.17825847195476,0.011281953189886437,-1.5703535001321542,-6.282725145606983,-6.283214156015748,-6.28318548227656,-666.6245985159293
802.0,-3.1790897929084077,0.011243946435501582,-1.5703870802016515,-6.28272592863616,-6.283214087890401,-6.283185484508796,-667.7023081193081
803.0,-3.18144022013959,0.01124244855379145,-1.5703870746667798,-6.282725901453156,-6.283214184678566,-6.283185484235679,-668.7808144348978
804.0,-3.17763435353445,0.011335481802751748,-1.5703021688408976,-6.2827238017459806,-6.283214653805115,-6.283185477797526,-669.8581939109711
805.0,-3.1764467007135853,0.01127409662218808,-1.5703618213609138,-6.282725094015436,-6.283214202523269,-6.283185482281728,-670.9350351148137
806.0,-3.1785368886402114,0.011240624029220273,-1.5703897323841556,-6.282726020519125,-6.283214124927563,-6.28318548471679,-672.0125273834788
807.0,-3.183398703754604,0.011225551141763376,-1.5704018747683044,-6.282726360831921,-6.283214127757962,-6.283185485568198,-673.0916539982397
808.0,-3.1865069388940186,0.011272349745733726,-1.570358461221013,-6.28272530874836,-6.283214401418063,-6.283185482255742,-674.1719391803346
809.0,-3.187952430425648,0.011294098982673218,-1.5703400756314803,-6.2827248463062855,-6.283214437463413,-6.283185481064024,-675.2527678530225
810.0,-3.1943963633436,0.01122747464301063,-1.5704005697745016,-6.2827265379595545,-6.283214063645681,-6.283185486256166,-676.335667163957
811.0,-3.1974044829717627,0.01129930979262819,-1.57033252751487,-6.28272503264384,-6.283214516240116,-6.283185481264772,-677.4197454548332
812.0,-3.1971288381656002,0.011328395487814733,-1.5703086751681474,-6.282724303939398,-6.28321454875734,-6.283185479444084,-678.5038019291787
813.0,-3.1928830126820547,0.011358021608773732,-1.5702825694733196,-6.2827237503610105,-6.2832146073992945,-6.283185477867701,-679.5864902429972
814.0,-3.187498891317943,0.01134016718326941,-1.5703003185603315,-6.2827241278779,-6.283214435215646,-6.283185479222985,-680.6673145385712
815.0,-3.189234074968987,0.011228721933805965,-1.5704018422127237,-6.2827265208475955,-6.283213919003221,-6.283185486519049,-681.7485088333823
816.0,-3.1870512719239414,0.011306622623836209,-1.570327140223367,-6.282724718591809,-6.2832144941689485,-6.283185480443614,-682.8291119715682
817.0,-3.188359972569007,0.011246339956623098,-1.5703855083278573,-6.282725782769752,-6.2832141133376265,-6.283185484219071,-683.9100323685001
818.0,-3.189333260356424,0.011269268711741097,-1.5703622784516036,-6.282725371187323,-6.283214321784697,-6.283185482584984,-684.9913297891254
819.0,-3.190325542712455,0.011272023562911078,-1.5703608392995805,-6.28272520700077,-6.282662029322529,-6.283185483272404,-686.0729707972829
820.0,-3.195038467922051,0.01122991926749478,-1.5703984603135164,-6.282726357564074,-6.283007689945048,-6.283185484454415,-687.1561302441576
821.0,-3.1986013887679836,0.011269693428246411,-1.57036052312956,-6.282725467902816,-6.283140492069897,-6.283185482791445,-688.2405814561728
822.0,-3.2006226844513592,0.01129164014494281,-1.570341836047604,-6.282724957485189,-6.283194499923855,-6.2831854814152095,-689.3257675819985
823.0,-3.1998346399128335,0.011321645611449669,-1.570315093900103,-6.282724383694196,-6.283207721984143,-6.283185479719309,-690.4107586180097
824.0,-3.199314395444177,0.011299894865515398,-1.570336048529037,-6.282724903422114,-6.283211862708435,-6.2831854814519295,-691.495540282245
825.0,-3.1983247049022863,0.01129969344010166,-1.570335536885312,-6.2827249387711515,-6.2832134570798726,-6.283185481437969,-692.5799943502833
826.0,-3.1954888533378547,0.011315074155998108,-1.5703217981666564,-6.282724525258842,-6.283214103498698,-6.283185480207537,-693.663519905823
827.0,-3.1919997357109833,0.011201513966453214,-1.5677488425289983,-6.282730856964548,-6.283213401461202,-6.283185510970513,-694.7467237668701
828.0,-3.1920052873665226,0.011231193336292324,-1.566038372182132,-6.282725348134727,-6.283214260913086,-6.283185478215228,-695.83052622233
829.0,-3.1966768119941196,0.011335212122561063,-1.5674183669076946,-6.282718565500631,-6.2832151878984,-6.28318544357383,-696.9154347458293
830.0,-3.2012849719235743,0.01130908108575761,-1.5683888463104265,-6.282724126588763,-6.283214442697752,-6.2831854761457935,-698.001559523081
831.0,-3.20375212203744,0.01131346000948317,-1.56902102715,-6.282725444075669,-6.283214333138698,-6.283185484617504,-699.0883299780328
832.0,-3.202382185794361,0.011304654581302774,-1.5694355730581202,-6.274294897288979,-6.283204130977809,-6.28318552742,-700.1744901266195
833.0,-3.1969494028718426,0.011397494010470546,-1.5696856981974607,-6.27928109077321,-6.279373372877306,-6.283185392346888,-701.2588468063946
834.0,-3.187298853588928,0.011271447606014336,-1.5670902548361438,-6.281322470494851,-6.281709709473124,-6.283185513117953,-702.3408182712722
835.0,-3.181805189018556,0.011372080432935337,-1.5681193646988747,-6.282142237485895,-6.282607653262556,-6.2831854655410675,-703.4205018081393
836.0,-3.1751198995632954,0.011348960560968412,-1.5688454829323337,-6.282487093028333,-6.282976250623293,-6.283185487131396,-704.4976061567376
837.0,-3.1692310243753066,0.011301855622886244,-1.5693642373777863,-6.282628416059657,-6.283127608151474,-6.283185491385856,-705.5724052474219
838.0,-3.163774496952691,0.011283917913422892,-1.5696993075505483,-6.282685906094954,-6.283189786214206,-6.283185489620652,-706.6451427966995
839.0,-3.157512526888615,0.011288453133101995,-1.5699093037955527,-6.282278917030115,-6.2811924323199495,-6.283185494326186,-707.7156140779798
840.0,-3.1518412826556377,0.01125677852767916,-1.5700720278737557,-6.277551278219339,-6.282427730797601,-6.2831855262266885,-708.7839471191012
841.0,-3.1520602729041047,0.011199005989806166,-1.5702313532258532,-6.27435061686496,-6.282902468359059,-6.283185468187089,-709.8521281584906
842.0,-3.1574915082101533,0.01120623763142531,-1.5703091554692776,-6.2793497796680535,-6.283097971881533,-6.283185400704255,-710.922149143443
843.0,-3.1629606907045495,0.01122658329028601,-1.5703159207805657,-6.2813444108088285,-6.2831771140394785,-6.2831855032724775,-711.9941365470771
844.0,-3.1704722308706716,0.01121693631035031,-1.570348592539689,-6.282161057983321,-6.283203747598317,-6.283185508395896,-713.0687116605333
845.0,-3.1743676732257002,0.01128839997729443,-1.570301045632957,-6.282493645941611,-6.28321078255448,-6.283185496865936,-714.144783757119
846.0,-3.177946534646628,0.011284524614282736,-1.5703197996622127,-6.282630521884884,-6.283213032259653,-6.283185491181683,-715.2220917932073
847.0,-3.1787925074207553,0.011318257566574796,-1.5702977458590668,-6.282685880546047,-6.283214035332943,-6.283185485098274,-716.2997755305773
848.0,-3.174006168132286,0.011371943967941752,-1.5702562225932388,-6.282707624030098,-6.283214519967182,-6.283185479391738,-717.3759313100355
849.0,-3.164373691327577,0.011395988208136129,-1.570240622793454,-6.282716464412936,-6.2823397483738335,-6.283185478636599,-718.4488070483943
850.0,-3.159128083178499,0.011294527377062994,-1.570337847852198,-6.282722532402365,-6.282880631371827,-6.283185481318066,-719.5196445832654
851.0,-3.1586312054514947,0.011236397765601052,-1.5703900564160034,-6.282725154757003,-6.283088191857378,-6.283185485824921,-720.5901803551561
852.0,-3.1587757592556334,0.01124926622170576,-1.5703782129725694,-6.282725250394608,-6.283173625540785,-6.283185483791907,-721.6607761906289
853.0,-3.161693586985285,0.011226277347765955,-1.5704006232767684,-6.282725891014743,-6.283203319023058,-6.283185484976031,-722.7323275121892
854.0,-3.168756714379081,0.011200973268630501,-1.570422507389584,-6.282726717717998,-6.2832101381322465,-6.283185486900293,-723.8062725184953
855.0,-3.1757487960468103,0.011240231837677188,-1.5703854918449456,-6.282726010572647,-6.2832128689602476,-6.2831854843653305,-724.8827129414532
856.0,-3.1787332302554545,0.011306617039770204,-1.5703263575502917,-6.282724651988298,-6.283214046810929,-6.279027033858772,-725.960325430624
857.0,-3.1752737023035595,0.011373743578336542,-1.5702673055987482,-6.282723210504412,-6.2832145679684475,-6.281550303656315,-727.0368990253747
858.0,-3.174546091541501,0.01129798946824745,-1.5703390595140838,-6.282725041604713,-6.283214171784623,-6.282511750329324,-728.1130843627277
859.0,-3.178426285320461,0.011239898891426578,-1.5703890262587845,-6.282726477124561,-6.283214037711555,-6.282908760926094,-729.1905014192499
860.0,-3.1807764940332803,0.011280337135981798,-1.5703503940771815,-6.28272544355776,-6.283214370080067,-6.283071798537767,-730.2688141765568
861.0,-3.1837599749948082,0.011010566006745357,-1.5703488948781943,-6.282723068610785,-6.283214184811236,-6.283138775728634,-731.3480555185154
862.0,-3.185983868512101,0.01105851826263322,-1.5703553762267204,-6.282727930918198,-6.283214489713568,-6.2831663006012315,-732.428095618986
863.0,-3.181839539032696,0.011205756283850163,-1.5702839431376852,-6.28027050265408,-6.283211530650984,-6.283177621901549,-733.50689295213
864.0,-3.1755188543538573,0.011268413734608827,-1.5702879812168486,-6.281751374211576,-6.283213100165885,-6.28318219755763,-734.5835383453073
865.0,-3.1722011350121546,0.011229284040436511,-1.5703485467571137,-6.282327139462707,-6.283213727316861,-6.283184154452847,-735.6589203929055
866.0,-3.172054980321291,0.011209681477087806,-1.5703819970726969,-6.282562963554216,-6.283213968984133,-6.283184942960492,-736.7341765789946
867.0,-3.1722261218767396,0.011233654642251989,-1.5703712304280646,-6.282658767873209,-6.283214214282874,-6.283185262341529,-737.8095087372798
868.0,-3.1694205879959236,0.011287296593966756,-1.5703310906519516,-6.282697064686324,-6.283214459646948,-6.283185389812482,-738.8839540954863
869.0,-3.1640039127770887,0.011313943383489174,-1.570313920673238,-6.282712740618516,-6.283214480665235,-6.283185441939655,-739.956553991136
870.0,-3.1638215089506216,0.011140048204535876,-1.5681308309569453,-6.282726595269182,-6.281568419538761,-6.283185498976238,-741.0296881530684
871.0,-3.1645175879838345,0.011317577269873655,-1.5687765918959828,-6.282718347159995,-6.282577072833541,-6.283185443381496,-742.1029463740887
872.0,-3.1692052626264107,0.011248888535836141,-1.5693476726785418,-6.2827240542481615,-6.2829633908717835,-6.283185476110705,-743.1775227207083
873.0,-3.1747011440134782,0.011247886837710079,-1.569683302327156,-6.281677038664325,-6.2831222392808845,-6.283185494909102,-744.2538884623689
874.0,-3.1838723233307538,0.01122202117145872,-1.5699398138954133,-6.282311461622748,-6.2831876581638735,-6.283185470499894,-745.3332716245895
875.0,-3.191600940889774,0.011267776632707555,-1.5700475725429868,-6.282556100440868,-6.28320644647459,-6.283185486837691,-746.415354258424
876.0,-3.1947751945834493,0.011326783355621031,-1.5700976687871073,-6.282655187153377,-6.283211711636692,-6.283185483768742,-747.4986235728553
877.0,-3.1951689249196353,0.011338429771951769,-1.5701579618591706,-6.282696051400173,-6.283213483269763,-6.28318548252521,-748.5820532863796
878.0,-3.2007732093591974,0.011250422226634148,-1.570284454961108,-6.282714916450201,-6.283213678521214,-6.283185487924963,-749.667213606889
879.0,-3.202183249284321,0.011322519156812426,-1.5702470592585194,-6.28272014313402,-6.28321441281937,-6.283185481787489,-750.753005308669
880.0,-3.1990445343139355,0.011357821643586709,-1.570239246685711,-6.282721867799294,-6.281973479587304,-6.2831854809805305,-751.837819266018
881.0,-3.1957253793415625,0.011326262369350228,-1.570283181066284,-6.282723911777864,-6.282736227524714,-6.2831854784860575,-752.9214501412785
882.0,-3.191965525565805,0.011315907088876503,-1.5703018017809163,-6.282724374216001,-6.28302894807125,-6.283185481098691,-754.0037823988021
883.0,-3.18796155514172,0.01130544222814099,-1.5703181854468682,-6.2827246009154365,-6.2831493372837555,-6.283185481133309,-755.0847220310458
884.0,-3.1868407589605807,0.011259653902598886,-1.5703645883838901,-6.282725530682058,-6.283197005751524,-6.283185483714399,-756.1651772181204
885.0,-3.189359689381351,0.011225699874183093,-1.5703969200146637,-6.2827262639254515,-6.283208060629292,-6.283185485579751,-757.2464140569715
886.0,-3.1942305300907683,0.011222047622898317,-1.5704006962771144,-6.282726337601261,-6.283211942881829,-6.28318548553622,-758.3292928173242
887.0,-3.200786538777858,0.011227979165025236,-1.5703957864040154,-6.282726272625179,-6.283213395244819,-6.283185485224247,-759.4144022975032
888.0,-3.19998721282268,0.011342813781134659,-1.570292116337826,-6.282723771651061,-6.283214456848416,-6.283185477549592,-760.4994773774306
889.0,-3.1928419570310735,0.011391279894749515,-1.5702522116410351,-6.282722807207764,-6.2832146521518855,-6.283185475142601,-761.5822316866099
890.0,-3.18946457661673,0.011297696303317152,-1.5703402631224057,-6.282724938473378,-6.283214135297627,-6.283185481952765,-762.6636542619569
891.0,-3.1872082612809662,0.011283382494492077,-1.5703504544638145,-6.282725300449461,-6.283214227702352,-6.2831854825707305,-763.7442791797323
892.0,-3.1828324649591972,0.011309386255384307,-1.5703269549000434,-6.28272451347701,-6.283214406271724,-6.283185480177883,-764.8234488487071
893.0,-3.1805428871163586,0.011269604733548617,-1.570364909312044,-6.282725224947351,-6.283214188343013,-6.283185482566454,-765.9017406406053
894.0,-3.1804354886323445,0.011249209080485063,-1.5703823030167559,-6.282725666585438,-6.283214164883723,-6.283185483706777,-766.9799435895342
895.0,-3.1825915394071567,0.01122905157536238,-1.5702565712643644,-6.28272627586779,-6.283214107686352,-6.283185486079418,-768.0588926864685
896.0,-3.185577680853253,0.011215973387516752,-1.5694914807141125,-6.282727321805772,-6.283214038614363,-6.283185491225128,-769.1391395866392
897.0,-3.1884537801411246,0.011288292308639692,-1.5697411873791696,-6.282723349535995,-6.283214642997259,-6.283185471409257,-770.2203414012071
898.0,-3.1894090563704385,0.011307274592458866,-1.569923033265099,-6.282724293590786,-6.283214505528268,-6.280131244158755,-771.3018504946937
899.0,-3.191694649447017,0.011276452045164117,-1.570084799937486,-6.282725389904588,-6.28321425960983,-6.281984505741852,-772.3840420443469
900.0,-3.1916204641613874,0.01130845041043926,-1.5701439251989102,-6.282724890727721,-6.283214442487009,-6.282690649087665,-773.4662522487293
901.0,-3.1898016479640305,0.01131543902422594,-1.5701989811310477,-6.282724689160538,-6.283214421821741,-6.280638036396922,-774.5478421160251
902.0,-3.1918653081675257,0.01125187333786294,-1.5702975420985683,-6.282726009261643,-6.283214099440422,-6.282180208599079,-775.6299984300065
903.0,-3.189913689143957,0.01131798260145738,-1.5702621543163013,-6.282724558728005,-6.283214524341914,-6.282771382446826,-776.7116165129856
904.0,-3.1878824844708196,0.011298500767646137,-1.570300956822081,-6.282724798147122,-6.283214334196266,-6.283015394245478,-777.7924941614955
905.0,-3.183855863139172,0.011317983447454435,-1.5702947260850117,-6.282724409172142,-6.28321444032225,-6.283115604967407,-778.8720286876246
906.0,-3.177492396395062,0.011331608600103706,-1.5702914944342405,-6.282724035504085,-6.283214458980152,-6.283156773326379,-779.9493944009947
907.0,-3.168630082366453,0.011344166417888464,-1.5702862239997442,-6.282723736188984,-6.283214467659318,-6.283173685429615,-781.023707981485
908.0,-3.165863880465331,0.01124202141619049,-1.5703847089660878,-6.282725800094614,-6.2832139566301635,-6.283180639999637,-782.0968356250279
909.0,-3.163999402422414,0.011252871111488316,-1.5703738260868279,-6.282725532888026,-6.2832141981642655,-6.283183493002372,-783.1693182132411
910.0,-3.1592797738555105,0.011298465600323247,-1.5703346027712641,-6.282724346325499,-6.2832144335294595,-6.283184662091094,-784.2402248206732
911.0,-3.1535704809024545,0.011301225837089477,-1.5703349871429257,-6.282724253764448,-6.283214368869615,-6.283185143773998,-785.3091181519267
912.0,-3.1518677806611866,0.011242557872502165,-1.5703895746649135,-6.282725575798523,-6.2832140757479324,-6.283185345731681,-786.3772754953391
913.0,-3.1551272899315825,0.011199985256926122,-1.5704263472341053,-6.282726604580853,-6.283213982281292,-6.28306280309864,-787.4464701108311
914.0,-3.1541065156184525,0.011289045994701201,-1.5703438272573214,-6.282724596805098,-6.283214511206375,-6.283137237910602,-788.5154736341804
915.0,-3.1508437419523085,0.011307361919012974,-1.57033040786618,-6.282724160896053,-6.283214461255208,-6.283165602292527,-789.5833580880152
916.0,-3.146142076616321,0.011314245337413192,-1.5703245705537174,-6.282724186307594,-6.283214428155678,-6.283177315199114,-790.6495958937453
917.0,-3.146919789576285,0.011231567691881104,-1.5704003536838314,-6.282726049621177,-6.283214007711275,-6.283182131112623,-791.7159295811847
918.0,-3.149391523457671,0.011236255304206978,-1.570392787370585,-6.282726017116351,-6.283214177368931,-6.283184106666824,-792.7831343055742
919.0,-3.1530272024670594,0.011239827155730882,-1.5703894312791653,-6.282725873607948,-6.283214220571631,-6.283184918078561,-793.8516138641191
920.0,-3.1559782251372708,0.01126594690042138,-1.5703652925509333,-6.28272535948554,-6.28321435304309,-6.28318524998188,-794.9211792487135
921.0,-3.1564499198515,0.011301806305889459,-1.5703332251344937,-6.282724637545074,-6.283214481633516,-6.283185384879768,-795.990987528327
922.0,-3.159647486018747,0.0112576707195455,-1.570374248743981,-6.2827257339245435,-6.283214196998813,-6.2831854446616235,-797.0618301652438
923.0,-3.1600186764770917,0.011306391420103982,-1.5703280092977185,-6.28272475905425,-6.283214491652041,-6.283185464528089,-798.1329116859818
924.0,-3.1605199575925362,0.011290983126055979,-1.5703438712364943,-6.282725038189663,-6.283214340274096,-6.2831854751708205,-799.20414383301
925.0,-3.156896795151053,0.011340312579288987,-1.5702982063926276,-6.282724021273997,-6.283214580658201,-6.283185475849777,-800.2742194106418
926.0,-3.1573439602405515,0.01126180392068635,-1.5703719992037835,-6.282725660518341,-6.283214115460356,-6.283185482798533,-801.3442938480201
927.0,-3.158473278257897,0.011266774970557619,-1.5703645853420707,-6.282725608401579,-6.283214264302967,-6.283185482859975,-802.4147760450953
928.0,-3.15903688787071,0.011278769689210162,-1.5703541012442728,-6.282725201040447,-6.283214337929046,-6.2831854819649156,-803.4854777572685
929.0,-3.158785453648377,0.011288987823681582,-1.5703452740290786,-6.2827249493462345,-6.283214372473554,-6.283185481370763,-804.5561130771728
930.0,-3.157158087874086,0.011302175153949523,-1.5703336803078305,-6.282724667494001,-6.283214412330648,-6.283185480604129,-805.6262078998094
931.0,-3.161442977815298,0.011219538180946408,-1.5704091914469671,-6.282726551492495,-6.283213988737845,-6.2831854864380565,-806.6976293001279
932.0,-3.1691072058398415,0.01121169776000341,-1.5704124410866642,-6.28272688832232,-6.283214091493033,-6.283185486952039,-807.7716983985906
933.0,-3.1789613568784683,0.011219379038201475,-1.570404090143801,-6.28272678439619,-6.283214169088166,-6.283185486533111,-808.8491868030674
934.0,-3.1898474168224484,0.011240265373682133,-1.570383974039272,-6.282726516093651,-6.2832142681031184,-6.283185485633936,-809.9304588015427
935.0,-3.2031985690489533,0.011237519549934889,-1.570385169014903,-6.282726923327174,-6.283214212095905,-6.283185486807327,-811.0162783000991
936.0,-3.21385136005646,0.011301282710296866,-1.5703262720290512,-6.282725679201383,-6.283214523060732,-6.283185482907887,-812.1058429742336
937.0,-3.2173325767253225,0.011384034794750102,-1.5702533764769782,-6.282723840586931,-6.283214824686382,-6.2831854776192175,-813.1967842866721
938.0,-3.215883283832918,0.011400459332062251,-1.57024151739628,-6.282723541757778,-6.2832147332305555,-6.283185477135864,-814.2873235507728
939.0,-3.21529789868608,0.01128959950561046,-1.569047522512035,-6.282727872742001,-6.283213964030095,-6.283185496034875,-815.3780177893804
940.0,-3.2155181080400324,0.011350807925604755,-1.56943740428662,-6.282722262315098,-6.28321480018542,-6.283185465546574,-816.4686838338488
941.0,-3.217225214877539,0.011304095110359859,-1.5697596420523743,-6.282724876735559,-6.283214336665472,-6.283185479674506,-817.5597581343344
942.0,-3.217916219814813,0.011306922084203907,-1.5699436671368368,-6.28272522322713,-6.283214360941391,-6.283185482359274,-818.6510222847427
943.0,-3.220822335033413,0.01126610157208828,-1.570107493985344,-6.282726077240441,-6.283214161790015,-6.283185485539639,-819.7431411866103
944.0,-3.224758196324682,0.011261629174187132,-1.570194858680791,-6.282726117847437,-6.283214221261796,-6.2831854854603275,-820.8365396106155
945.0,-3.2286614384147647,0.011270379738378036,-1.5702436757284997,-6.282725801225479,-6.283214296105251,-6.283185484360857,-821.9312375898627
946.0,-3.231224958000346,0.01129128966836866,-1.570263157303766,-6.2827252737597385,-6.283214396261074,-6.283185482651747,-823.0268222767683
947.0,-3.2317135406342947,0.011311741608320228,-1.5702709936639747,-6.282724790891366,-6.2832144600887565,-6.283185481166323,-824.1226127809697
948.0,-3.231758040610167,0.011303363713567036,-1.5702967201310318,-6.282724963219944,-6.283214375485954,-6.283185481721465,-825.2184078978886
949.0,-3.2366108609118833,0.01123591985050521,-1.5703691662473864,-6.2827265055981165,-6.283214056525356,-6.283185486315969,-826.3156742369631
950.0,-3.246232379108991,0.011204608232488164,-1.5704019198567971,-6.282727344976697,-6.283214020131002,-6.283185488398185,-827.4160342222855
951.0,-3.250562267181704,0.011307964947907947,-1.5703122204185915,-6.282724906897065,-6.283214606087897,-6.283185480791179,-828.5180174429292
952.0,-3.2493704156926504,0.01136011916722919,-1.5702719823289073,-6.282723690123133,-6.283214698164484,-6.28318547759562,-829.6197326056525
953.0,-3.247460873924995,0.01133439643036551,-1.5702997181150846,-6.282724378793994,-6.283214445048115,-6.28318547993744,-830.7207961108546
954.0,-3.243317489205294,0.011343260439201766,-1.5702925431199664,-6.28272423776962,-6.283214490392376,-6.283185479368559,-831.8205387220693
955.0,-3.2405436007031216,0.011300200491439984,-1.570334052753959,-6.2827250139012625,-6.283214260871392,-6.28318548189368,-832.9192931433884
956.0,-3.2360413212728956,0.011257433243965423,-1.570315371019656,-6.282723970794728,-6.283214385895321,-6.283185479240036,-834.0165826848705
957.0,-3.234824581646065,0.011207265393980075,-1.5703747826690744,-6.282726206906404,-6.283214146018474,-6.283185484742656,-835.1133492430016
958.0,-3.2355587117408913,0.011213398152369278,-1.5703833943514665,-6.282725981457425,-6.283214178104822,-6.283185484370199,-836.210332689989
959.0,-3.2319887512830183,0.011293424572876805,-1.5703208831038669,-6.282724210882052,-6.283214537013237,-6.28318547912093,-837.3062679649049
960.0,-3.225199558884077,0.01132404693297338,-1.5703024743628018,-6.282723626120587,-6.283214520554198,-6.283185477753126,-838.3999928547826
961.0,-3.2213219747442903,0.011268729154385267,-1.5703588143652376,-6.282724961927445,-6.283214167478011,-6.28318548199054,-839.4923009621616
962.0,-3.2143933433833327,0.011316747889321646,-1.5703157135070436,-6.28272405756326,-6.283214465188047,-6.283185478861714,-840.5823721043047
963.0,-3.207217906188661,0.011303240627547678,-1.5703322319638713,-6.282724235394099,-6.28321431828576,-6.283185479718718,-841.6699821757867
964.0,-3.201177589556413,0.011282175306549973,-1.5703525585894103,-6.282724708946835,-6.283214228705373,-6.283185481096494,-842.7554880871342
965.0,-3.191470429775123,0.011331800906820835,-1.5703071328709297,-6.282723660470167,-6.283214488821593,-6.283185477743899,-843.8377686808335
966.0,-3.1870103902917517,0.0112430927678608,-1.5703915374992121,-6.282725401990854,-6.283213992104514,-6.2831854834554015,-844.9183173442408
967.0,-3.1790485913841255,0.011310077795637164,-1.5703271249012258,-6.282724070663311,-6.283214454849314,-6.283185478825893,-845.9962415056195
968.0,-3.174623591621126,0.011249344303449387,-1.5703860894720116,-6.282725161265839,-6.283214079495707,-6.283185482636355,-847.0724839076679
969.0,-3.174978925136781,0.011206134663274341,-1.5704232140469436,-6.282726218561721,-6.2832139854972775,-6.283185485489522,-848.1487347724229
970.0,-3.1724090221282912,0.011275068989410919,-1.5703586828624039,-6.282724684918604,-6.283214418372186,-6.283185480549728,-849.2242118809164
971.0,-3.1672104145585567,0.011305531311259696,-1.570333201155048,-6.28272399955791,-6.28321445932838,-6.283185478800085,-850.2979268000618
972.0,-3.1664550936712286,0.01123787880950672,-1.5703958713068877,-6.2827256044485225,-6.283214068504259,-6.283185483834754,-851.371225221659
973.0,-3.1680927357611477,0.011229843618691938,-1.570400204576188,-6.282725940144568,-6.283214142005512,-6.283185484432136,-852.4450616111819
974.0,-3.170897106304716,0.011236366033896845,-1.5703935218389407,-6.282725794500543,-6.283214213839373,-6.283185483926448,-853.5198689932436
975.0,-3.1739836723798023,0.011251204376916072,-1.570379580349592,-6.282725547003785,-6.283214288966837,-6.283185483145689,-854.5957665168561
976.0,-3.1802744633981126,0.011224667970946192,-1.5704031409205501,-6.282726325592141,-6.28321413771591,-6.283185485503253,-855.6737758474613
977.0,-3.184822868024696,0.011274025896198985,-1.5703565240839483,-6.282725377024446,-6.283214420334496,-6.283185482388921,-856.753452107675
978.0,-3.182132176459875,0.011365192405263423,-1.5702748733625882,-6.282723402542564,-6.283214774638726,-6.283185476576643,-857.8324019529251
979.0,-3.180403035247673,0.011313329172590458,-1.5703254642732067,-6.282724599480719,-6.283214342343684,-6.2831854807275045,-858.9106666928693
980.0,-3.1786100215320015,0.011298339987106493,-1.5703329473770877,-6.28100211261412,-6.283213250848064,-6.283185499304584,-859.988297184711
981.0,-3.175671968054024,0.011317179222263067,-1.5703248547324964,-6.282041993504893,-6.283213829038137,-6.283185450893456,-861.0649397283399
982.0,-3.171222451570383,0.011315165845321827,-1.5701885776511735,-6.282445128145349,-6.278742209092535,-6.283185491280003,-862.1401274511347
983.0,-3.1653977594277745,0.011322187199853747,-1.57022618778884,-6.282610323876068,-6.28146184226609,-6.283185473558758,-863.2132700791101
984.0,-3.161298978429776,0.01128383519913203,-1.5702919799426165,-6.282678106931824,-6.282505187080779,-6.283185484431781,-864.2848799682181
985.0,-3.1638327536039834,0.011201888187859214,-1.5703855122840942,-6.282707495670536,-6.282934171218958,-6.283185488622739,-865.3571815556223
986.0,-3.1666922675162104,0.011235515194302645,-1.5703652192564659,-6.2827180582996025,-6.283110379105408,-6.28318548520759,-866.4305258819436
987.0,-3.1700985433333524,0.011244949745696772,-1.5703665811237357,-6.282722431124594,-6.283182726409195,-6.283185484093575,-867.5050560851565
988.0,-3.1777978540402216,0.01120874901143131,-1.5704046047420999,-6.282725383092972,-6.283205063103454,-6.283185486944495,-868.5821662571628
989.0,-3.1884296288057845,0.010371552456688185,-1.5703642578615644,-6.282718449119777,-6.283210522396941,-6.283185472949538,-869.6626682255363
990.0,-3.198521386488296,0.010519599410915802,-1.5703947230901305,-6.282734627291206,-6.283213514044213,-6.283185499772663,-870.7466876092537
991.0,-3.2061301440779437,0.010821792365952699,-1.5703423632932072,-6.282727521751665,-6.283214165623822,-6.283185486370385,-871.833492995546
992.0,-3.2167759360324375,0.010951146546913553,-1.5703717805619923,-6.282726440979869,-6.2832140549037465,-6.2831854858473015,-872.9238863261128
993.0,-3.2240791320478825,0.011121601807588933,-1.5703109393859176,-6.282724609817908,-6.283214479751142,-6.283185480699624,-874.0169143739921
994.0,-3.2239027259690007,0.011268293851577158,-1.5702425535711713,-6.282722808864489,-6.283214786766682,-6.283185475557119,-875.1101024388537
995.0,-3.2241195813349304,0.011258078035742664,-1.5702958820446091,-6.282724165589112,-6.283214380243871,-6.2831854799572975,-876.2033077464863
996.0,-3.224665060027248,0.011263903512011252,-1.5703157204813576,-6.2827248473719415,-6.283214336662451,-6.283185481579971,-877.2966900165277
997.0,-3.2240549896409516,0.011284136120548714,-1.5703147636380637,-6.282724712582468,-6.283214394104992,-6.283185480998726,-878.3898983459757
998.0,-3.219327535029579,0.01133314389474185,-1.570282248341098,-6.282723801437243,-6.283214570677926,-6.283185478180642,-879.4816218736573
999.0,-3.2106800788536023,0.01136013875215258,-1.5702669915236647,-6.282723322437932,-6.283214575608091,-6.283185476888566,-879.4816218736573
