time,shoulder link,upper arm link,forearm link,wrist1 link,wrist2 link,wrist3 link,total_reward
0.0,0.000509138160252048,2.0979166891921746e-06,-1.663948334995935e-05,-0.0002917791632475695,-1.0126801052243563e-05,1.2725018829238984e-05,-0.9111607981031667
1.0,-0.002227966584321623,0.004289407551476302,-0.005130145037158665,-0.006458509902740102,-0.011126274244331527,-0.00698878012761754,-1.8217831705487808
2.0,-0.01292432489674175,0.00855562348445107,-0.014280286924803239,-0.017693523241030545,-0.026803977225070066,-0.017076996670820112,-2.7264163617230537
3.0,-0.026904102317999265,0.011236930997015367,-0.0267225754233758,-0.02896574718079034,-0.030601338693537206,-0.029213224531146484,-3.622358668832452
4.0,-0.04276809342524757,0.012819783859009,-0.04137762689234118,-0.0446430496453155,-0.04330538096446829,-0.03845317441706673,-4.507504707413
5.0,-0.05978852529176537,0.013732235719320845,-0.057491113380001166,-0.062214988684369275,-0.059414361073653076,-0.053273262568894905,-5.380518335036389
6.0,-0.07754036134576657,0.014229713754327087,-0.07454513532680528,-0.07016103530885658,-0.07715778826799673,-0.06648023749055804,-6.240203623164333
7.0,-0.09543904763683958,0.01452096808286441,-0.09220088289246953,-0.0763711854015068,-0.09558150766784865,-0.08295819316510218,-7.086097322914407
8.0,-0.11192849818386484,0.014704425179320992,-0.11025446298290284,-0.08996870239890249,-0.11428512593029154,-0.10085510301521851,-7.918969304157555
9.0,-0.12646927429609933,0.014801548705985941,-0.12858952675325372,-0.10667795656219596,-0.13310440696298423,-0.1152430701613279,-8.739886772719089
10.0,-0.1395690450826973,0.014851317613120923,-0.1471108043034366,-0.12466496568523312,-0.15197231937268307,-0.13220784000934455,-9.549629618534139
11.0,-0.15384753829267314,0.014875986834304473,-0.16575647146087424,-0.14263483215124403,-0.16877911896591621,-0.15030596660164103,-10.34754848088251
12.0,-0.16340908022939796,0.014844704742573352,-0.18401470466202588,-0.16115277258856162,-0.18049947097526436,-0.16887442516066944,-11.136302818206296
13.0,-0.17132942721624186,0.014621831824019152,-0.1996595364010124,-0.1792476090878225,-0.19632987200230492,-0.1876374184344588,-11.917319475511885
14.0,-0.17935855276166113,0.014793295884768352,-0.2162463061932154,-0.19778252210213332,-0.2123682534751632,-0.20648073360247818,-12.690497517277333
15.0,-0.19016843626825164,0.01489454059392476,-0.23358091869502579,-0.21518853443846012,-0.23006042727118034,-0.2253573158506859,-13.453986749732307
16.0,-0.19989909765259617,0.014905902681406517,-0.25143769365196517,-0.22247370729638122,-0.23737857871380605,-0.24424762620884746,-14.208105877409665
17.0,-0.20917348321038304,0.014694916298150488,-0.2667797041724485,-0.23654320181236144,-0.2457823829215342,-0.26314355897140546,-14.953656705761427
18.0,-0.2209881939929257,0.014308486011103719,-0.27690889070343644,-0.25345152253771286,-0.2602485837576242,-0.2799570571915129,-15.689920166593087
19.0,-0.23512103239284718,0.014678010858253617,-0.2894245814876243,-0.2623958626118257,-0.2768132082855748,-0.2979587952842533,-16.415107865583668
20.0,-0.25090629958376226,0.01456925099524753,-0.29939668580144135,-0.275216129674378,-0.28690183208854353,-0.31503361868760976,-17.128626163864254
21.0,-0.2678484633869938,0.014098469550949167,-0.30237799292969086,-0.2914338340497298,-0.30086547476955167,-0.3232293170945018,-17.830846459787843
22.0,-0.28554306267201246,0.014392473326532259,-0.3052945145564571,-0.3091940222600466,-0.31615161989352636,-0.33767257091003755,-18.52167264354849
23.0,-0.30370749190592433,0.014987905438383622,-0.3124644366776757,-0.32759724253328415,-0.3264107618150804,-0.3516314671973026,-19.200251997730206
24.0,-0.3210831770624036,0.014631730737758005,-0.3158476036398769,-0.33776116080119967,-0.3416511576426675,-0.368435999031527,-19.867075671249072
25.0,-0.3385516716826832,0.01470368706182902,-0.31850477254602727,-0.3529523652386221,-0.359041713463375,-0.3864682314111893,-20.522534602391122
26.0,-0.3545128282584621,0.015222781546769657,-0.3261978817564483,-0.3630224499234432,-0.37732058076079894,-0.4034269575519049,-21.16659291030024
27.0,-0.369907842433755,0.015218816057881038,-0.33437703204060265,-0.37819097875413765,-0.3862126945026409,-0.4186927593704357,-21.799547524376607
28.0,-0.3850872758916344,0.015427827027950508,-0.34601839005491714,-0.3955411132375867,-0.4009392450525126,-0.4267933849383563,-22.42079264871915
29.0,-0.401121540440613,0.014929357693631112,-0.3539652849388713,-0.413827896414766,-0.4181126754771068,-0.44118747930816776,-23.030203322372607
30.0,-0.4181965079306594,0.01485891678677507,-0.3613424191495515,-0.4324542841063787,-0.43630150633146053,-0.45740397237349906,-23.627462628545754
31.0,-0.43562320102938423,0.015129817155488794,-0.3719197254693239,-0.44585141944769563,-0.45453402687492905,-0.4751805283692695,-24.21177689495216
32.0,-0.45343581058023624,0.014572431278265525,-0.3774636153524231,-0.4498318670900036,-0.46483732227494673,-0.48371405467153367,-24.78368340070271
33.0,-0.4716431324933411,0.01470988006113372,-0.38314973009456943,-0.4570723396484891,-0.4752109969188099,-0.4982943014666432,-25.343362518910986
34.0,-0.4901230910784996,0.01422103802636815,-0.3914349766515046,-0.46779341220546417,-0.4905061847063646,-0.5154076239347302,-25.889798958711264
35.0,-0.508258282237796,0.013811504423042308,-0.39565532772836476,-0.4833215665146585,-0.5079115162120221,-0.5335691789417787,-26.424053903430824
36.0,-0.5264784612616407,0.014054398825978021,-0.39819016431978616,-0.5007983676866358,-0.5261965305127148,-0.5460062024434325,-26.946969780239407
37.0,-0.5449638503352402,0.014829110503002273,-0.4058910579704045,-0.5180944181409753,-0.5448457688586542,-0.5621291385433667,-27.457563186444567
38.0,-0.5622770061866921,0.015161934016944026,-0.4166188928176502,-0.5363175617041528,-0.5575572488815602,-0.5733464487055877,-27.95558414489222
39.0,-0.5794575724581721,0.015312774848615799,-0.43008262016762583,-0.5549274639463335,-0.5611646806685469,-0.5870272799661829,-28.440510948305114
40.0,-0.5971687781250731,0.015278580777565392,-0.4454017550552881,-0.5706148538144422,-0.5737750894714737,-0.5960658300444265,-28.91135175130767
41.0,-0.6153102930249097,0.015070487002286786,-0.4602559494696119,-0.5881381979733796,-0.5900779634870195,-0.61081711084091,-29.36782596310201
42.0,-0.6304657843696709,0.015086215447059853,-0.47638036041591897,-0.6064509775235716,-0.6009060006622144,-0.6280000841601151,-29.81130847000202
43.0,-0.6455913669699661,0.014679732299951922,-0.48945902258667134,-0.6236428024035667,-0.6146508414728558,-0.6461903195662319,-30.242496640728728
44.0,-0.6620347627170298,0.014822530361853993,-0.5042942713873266,-0.6397824260103194,-0.630351646515373,-0.662094355468457,-30.660562775889225
45.0,-0.679403278547709,0.014874628355729894,-0.5204946814864118,-0.652730344986412,-0.64791244608629,-0.6797096266720947,-31.06461711863796
46.0,-0.6973485116294458,0.014900149144509489,-0.5375691862007953,-0.6687805637898698,-0.6662596744207785,-0.698077273724123,-31.45409825116049
47.0,-0.7156624324751442,0.014843626669773253,-0.555264806384475,-0.6823312800451934,-0.6780519877876562,-0.7167571655615445,-31.82871994587331
48.0,-0.7329164439880982,0.01481698122271459,-0.573341913115367,-0.6986909323818824,-0.683916928294341,-0.7355661330134622,-32.18893633703596
49.0,-0.7460913854416072,0.014749142337767605,-0.5917051824447728,-0.7132633908871346,-0.6974120663960729,-0.7544284830158678,-32.53659805251253
50.0,-0.7596415536700863,0.014600531686739646,-0.6103133446201667,-0.7185172923438099,-0.7140741102951157,-0.7715048310645897,-32.87174049536915
51.0,-0.7750377305170518,0.014584167708081368,-0.6289813186337722,-0.7294940444194978,-0.7304990494153891,-0.7896199423950215,-33.193465166485424
52.0,-0.7907037121099243,0.014567200090116306,-0.6477280175328057,-0.7450873549617721,-0.7483513078903634,-0.7986513356707995,-33.501534341847126
53.0,-0.8070264012695454,0.014486020835254102,-0.6665650713365356,-0.7586232932082856,-0.7654066371165864,-0.8134295285642339,-33.795726897676495
54.0,-0.8204221903869167,0.014096078920793039,-0.6809673231231702,-0.7752633119788611,-0.783522954245411,-0.8306244592339463,-34.07842142557548
55.0,-0.834398574451077,0.014191696574540754,-0.696732578679751,-0.7812810875336563,-0.7979220575254211,-0.8413119126209307,-34.349814516249985
56.0,-0.849818928569866,0.014204618295918573,-0.7121017173426322,-0.7897739063796911,-0.8148918135700676,-0.8561406110047671,-34.60942095610093
57.0,-0.8645252472672686,0.014370318557441615,-0.7285677720908229,-0.8042779328560539,-0.8283782689588475,-0.8673952308254379,-34.8572511520269
58.0,-0.8800438665910796,0.01438841560558791,-0.7457943135209685,-0.8213687595594579,-0.8405887371248265,-0.88303275339081,-35.09278095263541
59.0,-0.8967078472611504,0.014272112547443762,-0.7627052475757141,-0.8395251239650471,-0.8566491024942963,-0.8968101084257719,-35.31578656582275
60.0,-0.9141769515578289,0.014068866418386903,-0.7781598380872163,-0.8553042112886258,-0.8670534556965692,-0.9135279043006499,-35.52682262049953
61.0,-0.9321902601480182,0.014052698222337233,-0.7947075249877364,-0.8581421833425478,-0.8823603904091082,-0.9247349691617359,-35.72640276365077
62.0,-0.9490833958359893,0.013818124303163298,-0.8073489954157081,-0.8704705847604162,-0.89977697734253,-0.9396809901281402,-35.916359987003375
63.0,-0.9605903320909283,0.014056474211076316,-0.8211678976699467,-0.8866289915584866,-0.9180711575089219,-0.9569322172503755,-36.09821054437062
64.0,-0.9727328210951273,0.014112386563585044,-0.8361551193952388,-0.9043401298757542,-0.9307626348443325,-0.9680191934765842,-36.27150755837845
65.0,-0.9872249970666117,0.013875705040012367,-0.8493084536372167,-0.9227756362767175,-0.9461031898090885,-0.9835984389239792,-36.4367781149326
66.0,-1.0021314957335248,0.012344935484547412,-0.8641004490705687,-0.9332548956405861,-0.9614448909662836,-1.000854592457661,-36.593490954338876
67.0,-1.0179988636017527,0.012072263489066818,-0.8773073159563219,-0.9346786922760335,-0.9788315483787132,-1.0143529116937673,-36.74409736577774
68.0,-1.0326628841630487,0.012736761222077243,-0.8920401084067092,-0.9254263571734227,-0.9971143932646465,-1.0291313662273034,-36.890205557584906
69.0,-1.0455520101098734,0.01306058103419212,-0.9055219210510012,-0.9189147261202142,-1.011392836978852,-1.0409762679113181,-37.03259025537474
70.0,-1.0578313408585263,0.013256599255943111,-0.9185527710026471,-0.9100878512676644,-1.0283061441338648,-1.056868037892529,-37.17222762976669
71.0,-1.06871736709644,0.012940176924727554,-0.9254258303632391,-0.8984444223100971,-1.0463840930362038,-1.0745220306910186,-37.31186973429362
72.0,-1.074582291180639,0.012977218973507999,-0.928871686915052,-0.8825620652038022,-1.0649504860868684,-1.0888578080659712,-37.452851679198815
73.0,-1.0734607125890405,0.013331270716023066,-0.9324841998741095,-0.8659927295214621,-1.0837144456454122,-1.1024383497214112,-37.59390186713132
74.0,-1.0660906467238322,0.012990672243748787,-0.9289298219042755,-0.8481241647321313,-1.1025524556418833,-1.1190800799553182,-37.73592941365336
75.0,-1.0545295227365994,0.012940081063058386,-0.9202162350796002,-0.8312162698290315,-1.1214240532631408,-1.1370449748675726,-37.88062530011056
76.0,-1.045161338616942,0.013241044654437806,-0.9111511086903763,-0.8155601666118171,-1.1307574928782667,-1.1527853954526146,-38.02872994350051
77.0,-1.0339422305193038,0.01357230329960838,-0.901788750820952,-0.8101223467603257,-1.1456690821950313,-1.1703317677486866,-38.180359923635834
78.0,-1.0207818555243335,0.014523272791588287,-0.9013062724435084,-0.8189261297756791,-1.15029593709546,-1.1856338430596396,-38.331865352400335
79.0,-1.0128607946671129,0.014768724808201116,-0.907456534637327,-0.8301196029831563,-1.1539801021696323,-1.2029947641133667,-38.48041047387733
80.0,-1.0109935388091231,0.014549915453750702,-0.917371747497643,-0.8287423189406654,-1.1665698978332446,-1.21441266373146,-38.62496994993328
81.0,-1.013834747101137,0.014151234593360562,-0.9254982982662742,-0.8393875584895182,-1.1793702195850178,-1.2166964020894606,-38.765775724359436
82.0,-1.021904642812917,0.01409606805249456,-0.9360195760099158,-0.8492856591064963,-1.1931397823478,-1.2287814032121722,-38.902601391590174
83.0,-1.033867945871045,0.013567794366363042,-0.9422408667151663,-0.858910038295653,-1.2093493133532083,-1.24486564024413,-39.037708481837065
84.0,-1.0449073482043632,0.013250885033036843,-0.9436054895922227,-0.8698053869810708,-1.2271359001001578,-1.262601619745308,-39.173962118518126
85.0,-1.0474275194616394,0.01317309622373087,-0.9414406817253983,-0.8736505482475281,-1.2438178455595532,-1.279340231363696,-39.312102496740415
86.0,-1.0476200955737853,0.012885390614128616,-0.9339243540877601,-0.8660345812712249,-1.2617559956868418,-1.2973181914976555,-39.45405865537514
87.0,-1.0435313488032747,0.013451080344335275,-0.9292037684521234,-0.8548449703043349,-1.2665858366204674,-1.3081718322311269,-39.59828037560765
88.0,-1.034362517623683,0.0138115133806535,-0.927171431205604,-0.8391836262108876,-1.279709489210652,-1.3236644080037687,-39.74303546202732
89.0,-1.021601209742691,0.013664421154115878,-0.9227386984420585,-0.8219547270223232,-1.2962203489171866,-1.3387407182078297,-39.888735366450604
90.0,-1.0066255148629013,0.01402700952352111,-0.9203875408811488,-0.8198120821761362,-1.3141327374165728,-1.3504876335485676,-40.03473182493194
91.0,-0.9943078315399179,0.014310118351597253,-0.921983669425666,-0.8277390691339929,-1.3306600044548118,-1.363204262017406,-40.17959913156673
92.0,-0.9859903419694922,0.014320130616010375,-0.9265614144857055,-0.8371513413565781,-1.3485456952600758,-1.3703203295186275,-40.32220287633579
93.0,-0.9841161177716156,0.014293264831052768,-0.9339714446416612,-0.852053486908162,-1.3670227887564024,-1.3843106596160502,-40.46122545298141
94.0,-0.9851646115490214,0.014155445956523176,-0.9434869549516817,-0.8616024468502302,-1.385232338257589,-1.4003555865317223,-40.59589448664888
95.0,-0.9876344450737735,0.013788675687729337,-0.9507572822221457,-0.8735313920866319,-1.4004191565901654,-1.4180612252569242,-40.72682859466782
96.0,-0.9947647605525369,0.013062188656457491,-0.9496201755514211,-0.8895426695300812,-1.4165518863052557,-1.4351614151823644,-40.85740371689041
97.0,-0.9999112219980554,0.013383941169339822,-0.9509084461666358,-0.8922305390394215,-1.4288016571555227,-1.453294921962583,-40.98826899768466
98.0,-0.9976964282443314,0.013451522738869032,-0.9510134720487023,-0.8917881800953268,-1.4448630929238155,-1.4718774268839816,-41.119144258752904
99.0,-0.991594061227479,0.013752984528395676,-0.9527936054475499,-0.8998730976823011,-1.462581519393359,-1.4906462599954273,-41.24876064142362
100.0,-0.9814974788968118,0.01376979019442178,-0.9548727600773229,-0.9059185486022151,-1.4809943329582325,-1.5062065063098387,-41.37654794044142
101.0,-0.970376489051216,0.013915065266398744,-0.9598860799918205,-0.9067203200728305,-1.4948162830064775,-1.523669810444372,-41.501825265588764
102.0,-0.9652099142375588,0.01398127652724892,-0.9678415129095365,-0.9108287656601923,-1.5115242792281014,-1.5375841148559002,-41.623473791266136
103.0,-0.965624931431325,0.013531678659989775,-0.971677833930694,-0.9236013381663525,-1.525999557336903,-1.5543479730890677,-41.74236992787151
104.0,-0.9720632333683098,0.013661208326406219,-0.9783097351208881,-0.9344532722691861,-1.5430105417506956,-1.5710879157255289,-41.85819319294945
105.0,-0.9748366813293803,0.013889782126359471,-0.987561973486603,-0.949924997192855,-1.5611237861017377,-1.5890729664062786,-41.96970128772893
106.0,-0.9719007106653423,0.013735187634070676,-0.9973702966885036,-0.9538322480107692,-1.5796954415166335,-1.6075941981881132,-42.07639277972801
107.0,-0.9635672437014093,0.013356637007994733,-1.0023365104549875,-0.9634297395012515,-1.598458004185324,-1.6263376390205488,-42.17943956002545
108.0,-0.9585866694931733,0.012876721261197602,-1.0018511017567509,-0.966158225087148,-1.6137247887183932,-1.645173087059006,-42.28168521427665
109.0,-0.9508929159149525,0.013251517058997648,-1.0025862608280889,-0.9726800644044492,-1.6219823474181159,-1.6605238448366997,-42.383346317498884
110.0,-0.9471814953345888,0.013476563743600237,-1.005592523861384,-0.9830870050409076,-1.6281378676194787,-1.6701217362082739,-42.48333386559278
111.0,-0.9508074086735041,0.013486041152274574,-1.0095587104403332,-0.9970072157917942,-1.639492332236286,-1.6746471645556096,-42.5807285924452
112.0,-0.9520952923165092,0.013160981522042538,-1.0086341575296751,-1.0138619764320773,-1.647620516525668,-1.687599342254503,-42.677250922941845
113.0,-0.9496007217271822,0.01347494913141704,-1.0102178027842772,-1.0305967478472486,-1.661996955354165,-1.6973449789086323,-42.772270618200345
114.0,-0.9474216024829453,0.013811802752001891,-1.0166663189198344,-1.0485557627821092,-1.6790211045726282,-1.7115489533286372,-42.86361851947637
115.0,-0.9467120520890994,0.013853254505622158,-1.0262341917208064,-1.0662403811457115,-1.6971463754416798,-1.728491199813677,-42.94969889333434
116.0,-0.9418211871283898,0.0136313281641919,-1.0355611738339312,-1.078138794111845,-1.7157356702378697,-1.7419303176822836,-43.03051621293987
117.0,-0.9337519567124427,0.013333416189228195,-1.0418992390609738,-1.0939684088186499,-1.7345019421729289,-1.7584934036272908,-43.10720985460741
118.0,-0.9297813413377278,0.013335347675346448,-1.0507127727989034,-1.0988508091915774,-1.753335307430926,-1.7764253267649435,-43.17952374770289
119.0,-0.9331441840033498,0.013371428761414733,-1.062568389007996,-1.0968216629378735,-1.7701741136437703,-1.7821723307639772,-43.24628215943357
120.0,-0.9387997440806143,0.01347844957560101,-1.076688149413027,-1.1011719832916376,-1.7881971238559655,-1.7950481210088243,-43.30653330801638
121.0,-0.9427097094574912,0.012953681426239002,-1.0846777655417703,-1.1107279933703387,-1.8067394714182996,-1.8114479647580257,-43.362517210572676
122.0,-0.9464623526148185,0.012872915178676782,-1.092013133994386,-1.1111316047926438,-1.8187030498858219,-1.829314208892689,-43.41564011347569
123.0,-0.9479429431367777,0.013220626971220837,-1.1025187109311338,-1.1158303461389643,-1.8346400102042733,-1.8477868958875612,-43.46474590998155
124.0,-0.9471963443294931,0.01279421068414473,-1.1075906487219058,-1.122393462119853,-1.8523148671583824,-1.8623652725443116,-43.511131060484935
125.0,-0.9418602510692874,0.013013179583223056,-1.1150889795991032,-1.117787516784954,-1.8707109002917137,-1.8683879315780254,-43.553600378308175
126.0,-0.9332883814575594,0.013101987611798212,-1.1240707546107582,-1.108135182491745,-1.888762271714542,-1.877960806439394,-43.59108399780275
127.0,-0.9232868821152471,0.012930119242424933,-1.1301025396131896,-1.1082419590602794,-1.9044742548540006,-1.892936691734323,-43.62494697027665
128.0,-0.9169644245342004,0.01300850926235758,-1.139043976069557,-1.0983407842360884,-1.9220007562984764,-1.9102127354035099,-43.65511432660438
129.0,-0.9185034816020262,0.01313075106632392,-1.1512651875970588,-1.0937730607100435,-1.9365729504987403,-1.9284414439516766,-33.68049582286843
130.0,-0.922060626722422,0.012650293066734769,-1.1578748401934844,-1.0931613677682772,-1.9484407861606143,-1.947063816822097,-23.703249658338343
131.0,-0.9225746237263126,0.012318787223288448,-1.1585800936645791,-1.0874612226394926,-1.9642822260588384,-1.9436290245868884,-13.725237056394782
132.0,-0.9212001570465419,0.012353596911143258,-1.157438989938953,-1.0740605589797947,-1.974199298996577,-1.931120938453155,-3.746844761987415
133.0,-0.9146409323646173,0.01224094996270081,-1.150475791574399,-1.0616059761590697,-1.9893157605261005,-1.920564452301814,6.230408401316108
134.0,-0.9052956491474209,0.012241672878830535,-1.1395302103924991,-1.0454261965790066,-2.006646131074756,-1.9095550711299347,6.204005114174468
135.0,-0.89381148791612,0.012372749408008973,-1.1258725657608963,-1.0276273166424361,-2.0198567879039366,-1.9007304627176058,6.1708097940139535
136.0,-0.8863299408048285,0.013306245802614587,-1.1206439473185503,-1.0265087959213788,-2.030773171111241,-1.9083010646873666,6.133682440718749
137.0,-0.8870591830762471,0.0137658495108069,-1.12349981413734,-1.0345486279463296,-2.044816728116806,-1.9225211588211881,6.098600748410968
138.0,-0.8942956076732029,0.013763995819117839,-1.1318023260573071,-1.0385334305616865,-2.0450120340428106,-1.9394865406941897,6.068426476390605
139.0,-0.9057256755778982,0.013626597223093409,-1.1429878774461282,-1.0439242089422245,-2.0521328729310384,-1.9575867967020104,16.044458486992497
140.0,-0.9198488472536195,0.013433570500086927,-1.1549985870616701,-1.0565199318715326,-2.0661003764174573,-1.9713632676265458,16.02287252465087
141.0,-0.9269405706774319,0.012895308550211784,-1.1630960779242216,-1.0506298602081998,-2.0824030033767653,-1.9715847523223375,16.000029729387926
142.0,-0.9271683383566042,0.01285610286727236,-1.1685266113842971,-1.0592740700440098,-2.1002130984809386,-1.9805478978219615,15.976720794233174
143.0,-0.9228025612085312,0.010694592615130493,-1.1727364042204622,-1.0622811045673135,-2.118658159733371,-1.9953033114665,25.95464981351312
144.0,-0.9195219579910853,0.011041597793150395,-1.1820501977793954,-1.0592412326917962,-2.134378024478852,-2.006736945030515,35.933520927778616
145.0,-0.9137000723299836,0.011004543803432706,-1.1822552512618154,-1.0469849315958328,-2.1519205337981107,-2.000469277793055,45.914885620547736
146.0,-0.9070177293776407,0.011403859342781136,-1.1789099930901263,-1.0315714562249658,-2.167562056311064,-1.9867915917750052,55.89996936954584
147.0,-0.8968820158272659,0.011948609788700113,-1.1751805675192077,-1.0151915614626803,-2.1821532125462375,-1.972790851677712,65.88954053283989
148.0,-0.887919497063977,0.01207469779649613,-1.1686415720294503,-0.9973753728577605,-2.1992161140389483,-1.9559630289549383,75.88061640874588
149.0,-0.8830048845022171,0.012075291705058099,-1.1580563186492208,-0.980343376155942,-2.2139370552633304,-1.9379208935470507,85.86960527826206
150.0,-0.8825606002483214,0.012652768351985375,-1.1517398875931917,-0.9632793031877577,-2.2310486257685205,-1.9216206114258991,95.85698687539609
151.0,-0.8868352567054679,0.012465316838098737,-1.1415597650597293,-0.9452172309979237,-2.2492127215409154,-1.9169075403181697,105.8409925759734
152.0,-0.8887550866333732,0.012552048907579496,-1.1288847038703607,-0.9266338094893108,-2.267815991969679,-1.9087306982533543,115.81921262724609
153.0,-0.8899556655840742,0.012625416070721547,-1.1141533484121324,-0.9078605041725384,-2.286310425705887,-1.8943462516144662,125.79058259207302
154.0,-0.8856031950374664,0.012850525664167644,-1.0980411538474384,-0.8943332114308989,-2.2990810179743963,-1.8774531749685048,125.75519226004947
155.0,-0.8779149447764069,0.012975107401373991,-1.0810285676116658,-0.8806790309782323,-2.315340707902624,-1.8594769757029292,125.71291633196032
156.0,-0.8668380775863183,0.014095234553065496,-1.075366807217646,-0.8861171169013857,-2.333143496274319,-1.8631806001454299,125.66836996035589
157.0,-0.8584266075611529,0.014394506814960555,-1.0780930990576436,-0.8956607757069405,-2.3515862589848555,-1.8753884982788243,125.62561039928117
158.0,-0.8573694161727468,0.014305679646240733,-1.0863274914538483,-0.910668929195305,-2.370297034586831,-1.8885299541154403,125.5884224838239
159.0,-0.8622712358586071,0.014071674354783478,-1.098165051872262,-0.9279776628318983,-2.3881054859761095,-1.9028108401941972,125.55943709126248
160.0,-0.8656522912873552,0.013276742679285468,-1.1043484353450173,-0.9402336062009552,-2.404031004281209,-1.9163263356421194,135.53585174288358
161.0,-0.8685664750151814,0.013202723285310568,-1.1106328464237045,-0.9545495614051094,-2.42165153539031,-1.932920955079801,145.51657291993442
162.0,-0.8678545037752966,0.01268011504453903,-1.110560049577227,-0.9614547105406208,-2.4400298288794944,-1.9286459105415108,155.49877863433645
163.0,-0.8652815582992932,0.012354564312260277,-1.1042585094715895,-0.9623915642285461,-2.4571956575379748,-1.9157904232901615,165.47981145063196
164.0,-0.8591421380828478,0.012389919094031787,-1.0936425121148574,-0.9651549610395019,-2.471008139305171,-1.902356590076485,175.45751661806466
165.0,-0.8515807545841018,0.012510855918194714,-1.0802442128629794,-0.9686844020874354,-2.4877268855745602,-1.8944894653143594,175.43025914359018
166.0,-0.8467477537332162,0.012653943155582298,-1.0650041366888034,-0.9761721569326122,-2.5057210301733144,-1.880199636086867,175.39757460404948
167.0,-0.843999311329973,0.01344580405872596,-1.059498092798799,-0.9777597740355893,-2.5238821100078415,-1.885061662497379,175.3629424500325
168.0,-0.8427128968078264,0.013503840988439162,-1.0549543226076374,-0.9895928492457572,-2.53968232491554,-1.8859427663987793,175.32773249554594
169.0,-0.8429435584956542,0.013986268420047377,-1.0579391626959644,-1.0055380520137998,-2.5547941398472047,-1.8877530208066182,175.2947962573214
170.0,-0.8463424946140409,0.014061056189982808,-1.0663242746030377,-1.021084254629292,-2.5720876811609137,-1.8995793687724356,175.26664682719547
171.0,-0.8527820566719333,0.013963693064730876,-1.0782587115141076,-1.038569124780049,-2.5903263506501832,-1.915298560708633,185.2434181008709
172.0,-0.8569033471349862,0.013403876296947241,-1.0924912585574487,-1.0533385631870242,-2.6089586348814096,-1.9272870204752814,195.22222876483914
173.0,-0.8567108025949757,0.0123734812054931,-1.0963347062592943,-1.0625001501567317,-2.6115357962189805,-1.9242995680891894,205.20035500314557
174.0,-0.8506536586268932,0.0122571565637255,-1.0935822098106471,-1.0772352156501033,-2.616558407680414,-1.912030024630637,215.17751671970643
175.0,-0.8425817768552069,0.012237805952141974,-1.0861849942715864,-1.0894171201634897,-2.6296547682578666,-1.8958723941756046,225.1528579128184
176.0,-0.8317563232387722,0.01229164738520978,-1.0749294220845893,-1.0945128501979395,-2.6461578617738555,-1.8781060817735813,225.12496317424308
177.0,-0.8253287203563918,0.012685570950506249,-1.0649783887909834,-1.100703726567092,-2.663025376781471,-1.8669702568260809,225.09401539756766
178.0,-0.8268705440329192,0.013542823083872968,-1.0642747428233286,-1.114216202912768,-2.681062617885613,-1.8735883977715295,225.06325307361467
179.0,-0.8340770274199629,0.013824510473085005,-1.0694556825232835,-1.130929855587725,-2.699612924451479,-1.8874147198808449,225.03390287837445
180.0,-0.8402880244777473,0.013373146257955633,-1.071421170467743,-1.1480804596246283,-2.717528486536672,-1.9042172750278579,225.00381848883907
181.0,-0.8392014087793089,0.013746456847390374,-1.0786178879269932,-1.1661472491820832,-2.731957992931807,-1.9222503301824414,224.97135917427107
182.0,-0.8348852011251662,0.01355500621976511,-1.0869686798722689,-1.1788370293297252,-2.7348930813247723,-1.9390983053892152,224.93578993796856
183.0,-0.8322864037488478,0.013541902738544684,-1.0985260248708741,-1.1885084141714284,-2.747245907382774,-1.954479586853123,224.89582206731555
184.0,-0.8322040371017522,0.013395353712222334,-1.1109040134735275,-1.203516816654854,-2.7634451516333325,-1.971879017559269,224.84988458573648
185.0,-0.8378511330181841,0.013258784443358186,-1.124842261684218,-1.2208177661327957,-2.7812291108062284,-1.990157428515339,224.7968174870681
186.0,-0.8459664039421881,0.012444959748856623,-1.1296016593926048,-1.2391450372109694,-2.793716827935524,-2.0088002118366712,224.73851491456614
187.0,-0.8521314386661857,0.012791345248001832,-1.1376919565539279,-1.2496375009255254,-2.8098581450761495,-2.0270339341241788,224.67488486528202
188.0,-0.8589736350519059,0.013020594770164295,-1.1488807924014657,-1.264993304211609,-2.811136717007467,-2.045109332223523,224.60504480220328
189.0,-0.8600442988110046,0.013167084448016836,-1.1624340916853237,-1.2824222641707441,-2.8228592144459483,-2.063658822005369,224.52727417952167
190.0,-0.8570502339420542,0.013072932807332342,-1.1774924217609983,-1.2953130913194653,-2.8387961475721903,-2.0747833037877603,224.44101150185304
191.0,-0.8528120287240817,0.012660140981816089,-1.1887051991709012,-1.3116815477302015,-2.853448314836054,-2.0845997695080225,224.34704969136237
192.0,-0.8460805105309447,0.012803264904452737,-1.2022269515207482,-1.3294756161716943,-2.8705384147563096,-2.0996435868846395,224.2444868295409
193.0,-0.843075285813257,0.012523217506365352,-1.214919979215027,-1.3421582779034633,-2.8886910678921156,-2.1151892111011787,224.13338321067246
194.0,-0.8471327576431544,0.012441898593965656,-1.2281390912375139,-1.3583783487486432,-2.8935663572126074,-2.132672428302562,224.01443990430485
195.0,-0.8558060650914909,0.012240809484994184,-1.2403723959450372,-1.366107665830925,-2.9063121019642355,-2.1504441369746092,223.88788393345084
196.0,-0.8616631704983386,0.012422252935968402,-1.253687218755427,-1.380317152230326,-2.9226645114804874,-2.166547187745574,223.7525800938452
197.0,-0.8638026947903864,0.012405683545695139,-1.2670755868909842,-1.3972198896346673,-2.9375735558048235,-2.1842508888330805,223.60830025993198
198.0,-0.865096929618355,0.01199650118874502,-1.2756336803477428,-1.4109207620797304,-2.954777546718621,-2.202655195829517,223.45685816564577
199.0,-0.8643712595817943,0.01209113496362773,-1.2840081293247392,-1.4275497147052716,-2.9729731606985292,-2.2142172948111045,223.29858086343538
200.0,-0.8592497975593021,0.012177547153305657,-1.2929039899212829,-1.4431730947643002,-2.9915832646552394,-2.225647788943132,223.133473158162
201.0,-0.8593910841445977,0.012116175256233567,-1.3027814127242632,-1.4593764360410457,-3.010360966128005,-2.2413832054117044,222.96072204118838
202.0,-0.8589591298990393,0.011888544781895192,-1.3090037498690272,-1.4771612883063694,-3.0292167853735177,-2.258972814702782,222.78155411835422
203.0,-0.8593654159312831,0.010620506562160832,-1.3105431511108923,-1.4956031982927114,-3.0476346084722787,-2.2773310137918448,222.5972686005937
204.0,-0.8580641974704235,0.010995798222539958,-1.3146268971680335,-1.513097530424603,-3.058818149456997,-2.296007031021518,222.4087944441958
205.0,-0.8550382220961926,0.011590980821336356,-1.3225403845290462,-1.5300685621518728,-3.074442384597453,-2.3148144479167714,222.214443843145
206.0,-0.8570148352534748,0.011791119088024266,-1.3331018797990084,-1.5481823507975108,-3.0916829574591893,-2.333676095512302,222.0123899237593
207.0,-0.8630435323150881,0.0118501597836925,-1.3452981786796967,-1.565915123407556,-3.1098951436716864,-2.3525601605465685,221.80165346143173
208.0,-0.8720190170955319,0.011371327315541807,-1.3501728806402205,-1.5843886401706788,-3.1285182141828636,-2.3692056490867355,221.58463999907977
209.0,-0.8826879337083662,0.008525540102564264,-1.3564207111588946,-1.5967391348621147,-3.145774175100187,-2.38693530250957,221.35994898664262
210.0,-0.8886660257856623,0.008892946017277751,-1.362241719490156,-1.612921527138312,-3.163771758464619,-2.405346849549279,221.12946264068836
211.0,-0.8866938107049788,0.009796428523430985,-1.3642660981185315,-1.630665096595452,-3.182292222050977,-2.4180686730242846,220.89564288560106
212.0,-0.8788144486534252,0.010748265869066059,-1.3695561464926398,-1.6490425435415665,-3.2007085773712354,-2.419698400983848,220.65752160974367
213.0,-0.8717443364036722,0.010791130098918954,-1.3702119127682897,-1.6655156358944683,-3.219409455621006,-2.4201994321370845,220.41631557021606
214.0,-0.8677223466277039,0.010968147051579509,-1.3696593418415353,-1.6712976024321997,-3.2348925484108495,-2.420683902686146,220.17371500901393
215.0,-0.863589448774598,0.011171698449827124,-1.366891626394401,-1.684769114256575,-3.252322824771776,-2.4319874948843614,219.92995300726446
216.0,-0.865973651536958,0.011436046236887579,-1.3664625852538574,-1.7014255854211622,-3.270613146034338,-2.447747609635187,219.68371846379208
217.0,-0.8682052165257874,0.011712892302189349,-1.3688002175971263,-1.7193889533280735,-3.285205457817,-2.4653495491297,219.43403272038458
218.0,-0.865997766937366,0.011616968062301175,-1.3690580462604514,-1.7324290469399442,-3.297962840632399,-2.475048121066179,219.18205920367757
219.0,-0.8677878499756051,0.011224532332130594,-1.3632175950009586,-1.7410961444443782,-3.3043275738360536,-2.4900846358558297,218.93098639432932
220.0,-0.8692820793389301,0.011222150408319491,-1.352850759736839,-1.755652150276338,-3.3158524584967406,-2.507385924316232,218.68231794498425
221.0,-0.8670115785924198,0.011669355341598698,-1.3453373148347323,-1.7727072109732684,-3.3316645871937527,-2.525624965674739,218.43482404193273
222.0,-0.8610963435281803,0.011548333678253607,-1.3343289443231188,-1.7850556188537205,-3.3443197420620856,-2.542491913934244,218.1901019225523
223.0,-0.8570187588659457,0.011884539720806052,-1.327027925826179,-1.8010996471799074,-3.3605487559115508,-2.559475236850128,217.94647794995458
224.0,-0.853878105657614,0.012125923828310554,-1.323816208360768,-1.818830217642086,-3.3783462589182767,-2.5730827032420716,217.70183786946527
225.0,-0.854935855536587,0.012304194002122229,-1.3263926953270144,-1.8354627004220945,-3.3967915690629877,-2.5862177802583166,217.45369776643443
226.0,-0.8616812035091624,0.012109120068477485,-1.3299774814953738,-1.8510952475069324,-3.405803448621822,-2.6026726232701973,217.20208606741565
227.0,-0.8695860407561354,0.011900974139434032,-1.3316729458251357,-1.8686130688460925,-3.4205783589909937,-2.613670073345521,216.94722688936105
228.0,-0.8753747883760833,0.011063522930718698,-1.3273226922494974,-1.8869634624549396,-3.4377767594562774,-2.619818267907351,216.69104387894237
229.0,-0.8791826642520302,0.011441272592685039,-1.3268320702162744,-1.9035043167081318,-3.449584770042235,-2.6279038763663034,216.4333839630085
230.0,-0.8762746079411502,0.011756805343844165,-1.3280862282811772,-1.9189809578960142,-3.465450228900455,-2.6382212998564936,216.1733631475931
231.0,-0.8721103874561104,0.011617161275807694,-1.326895826067912,-1.9300969448156964,-3.4808393680937724,-2.6490593226892734,215.91194339088057
232.0,-0.8655518115576017,0.011890131078117178,-1.3283229089041773,-1.9456346942665133,-3.4915851564644274,-2.65583302633965,215.64844778996974
233.0,-0.8601055778364584,0.01156732499341949,-1.325307441804309,-1.9573248175183418,-3.507026122934257,-2.66057061705671,215.3840996720373
234.0,-0.8551667424120566,0.011592884699639393,-1.3207094760219804,-1.9731105294614661,-3.524493685018771,-2.66540704097524,215.1195046128829
235.0,-0.8528266171019131,0.011676711403155677,-1.3164693789686492,-1.9907265942330146,-3.540201516500838,-2.6758245044218825,214.85464702663336
236.0,-0.8560081775566989,0.01177728707005173,-1.3142521064538637,-2.006104339547729,-3.5577381498606924,-2.6911718431339415,214.58885355154513
237.0,-0.8645231322214628,0.011873612174715387,-1.3142656166239226,-2.023497568066838,-3.5634630090578736,-2.7013769363407047,214.3219849539724
238.0,-0.8750536806012852,0.0119926008917541,-1.3170682668663045,-2.0384285304660383,-3.57693779107878,-2.7161459253793856,214.0524776953855
239.0,-0.8825693255212488,0.011805034732760098,-1.3167982796861728,-2.0556628312951037,-3.5920630406108134,-2.7237278121525117,213.78106195632637
240.0,-0.8836416455392223,0.01204850446508743,-1.31941391304821,-2.0737416894252156,-3.605807592109999,-2.7277600923445493,213.5069945610794
241.0,-0.8842022603697872,0.012051425551607061,-1.3241898145725757,-2.0923360069412857,-3.6143485125052184,-2.7329428731197947,213.22951932048622
242.0,-0.8849446007701882,0.011802736555648053,-1.3266596950136769,-2.1111428528162173,-3.6289088704829853,-2.73935261620561,212.94905609385188
243.0,-0.8833313748897568,0.011626115005274187,-1.3258259443055302,-2.130005960184621,-3.646016189198686,-2.7480404857718628,212.66692013857357
244.0,-0.8791246680865473,0.011684766199770493,-1.3248826750612022,-2.147167509558516,-3.6537863360181118,-2.7538194657141104,212.38398869335836
245.0,-0.8777652485408998,0.011719976355216244,-1.3253076848729426,-2.1589664567155724,-3.668063798463263,-2.76725784804422,212.09958299357686
246.0,-0.8780478697366741,0.01179592188501946,-1.327175276220568,-2.1748250731316854,-3.685053944142401,-2.7783921883865226,211.81286325757117
247.0,-0.8837007656321473,0.011957507219984361,-1.334069026202024,-2.192471800928739,-3.695879795268798,-2.7837875380148245,211.5222399292538
248.0,-0.8880129915152756,0.011542917140363729,-1.3353782177257552,-2.1998232241495694,-3.711361170266475,-2.7960425097688777,211.22961350909
249.0,-0.8936018003718543,0.011235980644605612,-1.3300108535467556,-2.2139370844782182,-3.7250063571336547,-2.7998716200069236,210.93775582553877
250.0,-0.8989144271641005,0.011386382115473468,-1.3237733265309355,-2.230444663431134,-3.7403359750677008,-2.8077168487565722,210.64727775386325
251.0,-0.9055150513709295,0.011660735790695115,-1.3207236417692374,-2.242648105013267,-3.7524080063963456,-2.81773157981095,210.35730333790502
252.0,-0.907630250484857,0.011736219137266437,-1.3171720731101353,-2.258691283899565,-3.761713985495217,-2.831946613850183,210.0678960300134
253.0,-0.9092562669888147,0.011611014157240137,-1.3111371840747872,-2.2764406397276655,-3.776564135822202,-2.840267272786587,209.77964559611794
254.0,-0.9075306700909016,0.011563829435846936,-1.3022356606463126,-2.291773351388481,-3.7893720378654545,-2.8482122922576045,209.4939572264687
255.0,-0.9019845758148065,0.01156833066055832,-1.290597462933534,-2.3091411105829787,-3.8056789982912522,-2.8624980867137633,209.2117791933654
256.0,-0.8929212670764277,0.011958711103083384,-1.2830647261616834,-2.3273783408885187,-3.823505063237742,-2.8794883276293963,208.93158042828273
257.0,-0.8859696929698809,0.012041531431599372,-1.2780690770158374,-2.346037417367251,-3.8374510944041225,-2.891172209567746,208.6522203986498
258.0,-0.8847122653129595,0.011879579697880189,-1.2723187417134534,-2.364864323781605,-3.8542291034506255,-2.90642226805859,208.37382881233123
259.0,-0.8849793277486281,0.011918530208476481,-1.2672766542087466,-2.3792574482661593,-3.87156514029698,-2.920166107418778,208.09641018026974
260.0,-0.8901866698141654,0.012276268057539005,-1.269967512971712,-2.3905996707915107,-3.8868542763882785,-2.926457274856901,207.81747385118408
261.0,-0.899985379427309,0.011917543736254203,-1.2695367796369998,-2.405075579283298,-3.9042151898501385,-2.9401306051496228,207.5377106967412
262.0,-0.9092411323588907,0.011607196546490867,-1.263015814661038,-2.4221288177209566,-3.9224777222074616,-2.949304424939757,207.25948168820108
263.0,-0.9154863634085633,0.01060042283076686,-1.2580078297676494,-2.435079007546828,-3.94111078501209,-2.957327699426779,206.98201255426775
264.0,-0.9139535559393971,0.010968140365743832,-1.2555666639838736,-2.4430241235538985,-3.951888861496454,-2.9716501418681123,206.70514174619507
265.0,-0.9082387742662948,0.011495877171578885,-1.2555217409958674,-2.4573489344699313,-3.9646080708299265,-2.988655672259008,206.42778633900897
266.0,-0.9019346224907119,0.01161085104951517,-1.2547505688869633,-2.471401766330238,-3.9765275089447103,-2.991639089421906,206.14990847553813
267.0,-0.8960015104441296,0.011749957000669725,-1.2545943971455682,-2.480306522649579,-3.9917717055552475,-2.9975476100281964,205.87119103670688
268.0,-0.8967059812788102,0.01162665118499896,-1.2524781036240236,-2.4945469457223495,-4.009152172935755,-3.0060164509731004,205.5923822788729
269.0,-0.9032333701193684,0.011537351187883703,-1.247640826626675,-2.5115171234047535,-4.0274235130178155,-3.015530025561688,205.31485335802614
270.0,-0.911384297620495,0.011521750222310454,-1.2396566806948424,-2.52961551955097,-4.046061836346387,-3.024136643480603,205.03997172616775
271.0,-0.9203599809371106,0.011694523199138843,-1.2316117261030661,-2.543360884282469,-4.0648526007549926,-3.0341096732270025,204.76797233282977
272.0,-0.926193066336399,0.011975674844504486,-1.2254465062241977,-2.5570332921692316,-4.0805225770706635,-3.049238582556313,204.49819528257822
273.0,-0.9242913652913515,0.01190729374192255,-1.215703868166731,-2.5687508947589435,-4.094339233145463,-3.060843466715276,204.2315738328926
274.0,-0.9182757517509028,0.012085510425251833,-1.206943271246198,-2.583679338389411,-4.110472161656518,-3.069123373715062,203.96764866391985
275.0,-0.910852682263457,0.012277681048058065,-1.2010596598882601,-2.5902460277973836,-4.128219486709519,-3.0824407968216816,203.70515364178328
276.0,-0.9046870911310883,0.012068815709016393,-1.1923716818939345,-2.6040583068730623,-4.146645131418308,-3.0894266237402555,203.44477792756757
277.0,-0.9022838302319449,0.01233860183530747,-1.188439294555353,-2.6208422411603323,-4.157945154484604,-3.1033694744246576,203.1854862345933
278.0,-0.9040495248787102,0.011991912475451507,-1.1801011969986372,-2.638909480229408,-4.168391168137239,-3.1164119124253,202.92885496316126
279.0,-0.9065812055115673,0.012363060792791133,-1.1767826441318066,-2.6574261735800153,-4.182859681550756,-3.1328253377454005,202.67344296271733
280.0,-0.9037084143301775,0.012685442859902982,-1.1790225503625316,-2.668297650219111,-4.199911516545495,-3.150695577608981,202.4166457802862
281.0,-0.901200038127478,0.012432074764951836,-1.180374520861963,-2.6818091576551195,-4.211022203122191,-3.169169855580864,202.15858821621515
282.0,-0.9021589917104589,0.01224697212639358,-1.180877153935016,-2.6968034806424335,-4.224339228666976,-3.1868206496734874,201.89989406837083
283.0,-0.9052569210328334,0.012514153549215827,-1.1872444921478442,-2.7084150448585262,-4.238377908502468,-3.193685649184023,201.63891042142197
284.0,-0.9131043522191773,0.01239234309019562,-1.1953217706539832,-2.7215307150551986,-4.246062915094933,-3.2076104030342734,201.37539185273107
285.0,-0.9248454803675124,0.012158022849044771,-1.202087839247983,-2.738005471668157,-4.248867174717045,-3.221405902256039,201.11019079494932
286.0,-0.9318899369848933,0.011806911425105152,-1.201826054825107,-2.7559125520676107,-4.261125738960312,-3.2381434902217165,200.84519590351135
287.0,-0.939727537978072,0.011937024097109046,-1.2025514731029254,-2.7743921420332396,-4.277286619049661,-3.256148247649757,200.58035932577565
288.0,-0.9426634176169599,0.011741710088269986,-1.1973469101436305,-2.7797700355767057,-4.295052302845708,-3.264209000168078,200.3171489699304
289.0,-0.9385538546755501,0.01198886097323806,-1.1927267537339543,-2.793085642644575,-4.313481865459751,-3.278605439737524,200.05526021670318
290.0,-0.939601517128475,0.011848159294456186,-1.186061680875791,-2.8097175166805886,-4.32637452635888,-3.2897836246674697,199.79565733283496
291.0,-0.9419937097213833,0.012213374306333265,-1.1841474424509384,-2.8276582902907967,-4.342687115214022,-3.3053912275944204,199.53707155581705
292.0,-0.9411272559900425,0.012455324839107737,-1.1865718051911671,-2.8452265687729925,-4.36051582146521,-3.3092078987562528,199.27766672500732
293.0,-0.9413171504357957,0.012199453506710886,-1.1868599313616062,-2.8511167394667574,-4.378977237750323,-3.3212995899205047,199.0178067044714
294.0,-0.9417243029264671,0.012406906341249586,-1.1918160345705628,-2.8631846964253076,-4.394984307429559,-3.3315575085965916,198.7563298450993
295.0,-0.9404609744690238,0.01214113620546039,-1.1938454181809117,-2.876416231802535,-4.405420464703651,-3.3434544641851605,198.4939392282377
296.0,-0.9388102939193361,0.012156084284844503,-1.1967833710675755,-2.892920785736267,-4.420738236470753,-3.3551952799213973,198.23045775892547
297.0,-0.9416181546599407,0.012000205679553956,-1.1985077137543028,-2.902233407782962,-4.438160961549753,-3.3710622741432763,197.96648616665135
298.0,-0.9478624790695792,0.01164067376177767,-1.1935311041680454,-2.9098602392601385,-4.455141971416602,-3.3887064264253106,197.70451398435736
299.0,-0.9524480716410545,0.012037072700003953,-1.1925404433073379,-2.924007195039756,-4.4677173649067,-3.4009715424561096,197.44369452701142
300.0,-0.9568638226846868,0.012095974413016616,-1.1925533303341318,-2.940967348828199,-4.483911618031383,-3.4107270064694917,197.18353269713316
301.0,-0.9654596485166678,0.011772599890995755,-1.1874196839791846,-2.959084503359201,-4.500103208188751,-3.4208220762402406,196.9259479836204
302.0,-0.9747560171251408,0.011840178496283804,-1.1809749799674847,-2.9776485060520668,-4.51785323313698,-3.426342061247663,196.6716433325855
303.0,-0.976975390716741,0.011906232543053138,-1.1715591881353955,-2.9870561466687953,-4.536273366650165,-3.4396881740135843,196.4207893870914
304.0,-0.9720919316219847,0.012491084852706596,-1.169855424093821,-2.9974063573491314,-4.550358186894052,-3.456291689349263,196.17059251053934
305.0,-0.9629760679531074,0.012434512173418597,-1.1686937248990066,-3.0127169190859497,-4.567191868625196,-3.472284965814992,195.9201302132896
306.0,-0.9551934212174297,0.01238854107992943,-1.169016275723512,-3.030146301996004,-4.576258438613934,-3.4842337300860597,195.66902430149895
307.0,-0.952835345358995,0.012330085754527804,-1.171045545815417,-3.0445811793953252,-4.5910444216689905,-3.500161543276884,195.41720211594753
308.0,-0.9537755795824207,0.01208410982958421,-1.1704146153414487,-3.061569594574511,-4.6055541694259245,-3.5178301282215205,195.16590773367284
309.0,-0.9586756731499139,0.012308379280351778,-1.1743974324296675,-3.0725605949274537,-4.622594347598313,-3.5362209757237166,194.9143085770948
310.0,-0.966987854902521,0.011870633084765417,-1.1720887485781817,-3.088117615086951,-4.632287336146453,-3.5549104308204544,194.66463524210286
311.0,-0.972187385019504,0.011971738658379758,-1.1685091684139794,-3.0957577088651442,-4.6459501146105255,-3.5699774700214464,194.41693525958124
312.0,-0.9727824606023778,0.011902346671059622,-1.1612904968968065,-3.1058281065989295,-4.662663078508307,-3.5872289045054866,194.17174449815772
313.0,-0.9672473004267119,0.012418545868126555,-1.1608232992055496,-3.1210040891331987,-4.678130310456187,-3.6024629353063404,193.92667258253505
314.0,-0.9579024065178265,0.012446682765243985,-1.1620264628777726,-3.1383842046015284,-4.695571062052897,-3.619796432070986,193.680414586008
315.0,-0.9562629667109426,0.01220515676102587,-1.1625661742081987,-3.156669659812722,-4.713875282521307,-3.62879908245338,193.43406721822927
316.0,-0.9619165528600626,0.012208313728252061,-1.1649553262929,-3.175313187706129,-4.722546273386862,-3.6435605812645235,193.1884375086669
317.0,-0.971930203162333,0.01216631406129425,-1.1678046268446112,-3.194108465191995,-4.737181799992545,-3.6607484214621713,192.94404447339707
318.0,-0.9810700699988735,0.012046174238565514,-1.1681081793187855,-3.2129649747527806,-4.753999551289522,-3.6651169905495253,192.70148388357117
319.0,-0.9819494107841329,0.012487173119960657,-1.174266148346709,-3.2237724856981362,-4.77202918785834,-3.6767189798690967,192.45797587615778
320.0,-0.9866812299205191,0.01224285141609874,-1.179826621801056,-3.2324895548228216,-4.7905797879021765,-3.686535895784146,192.21381873061605
321.0,-0.9912184727775544,0.011960039717981432,-1.180555361850821,-3.237736053709573,-4.809329515472994,-3.700487822267095,191.97026327069688
322.0,-0.994413801428944,0.011679493443658005,-1.1748260619215076,-3.2509674250161633,-4.825019182564466,-3.7108886482928756,191.7292392856349
323.0,-0.9911244709704524,0.011919206711189513,-1.1691648570712305,-3.267533379159832,-4.835967739337923,-3.722450099411852,191.49015453279017
324.0,-0.9848364818742201,0.012047325206408235,-1.1639021026267973,-3.285476889363436,-4.8365100592121815,-3.7344022175488094,191.25233608644874
325.0,-0.9797731882525231,0.012388075643724029,-1.1644477815663243,-3.2950285803899098,-4.842197991051941,-3.7493174875092925,191.0140998745254
326.0,-0.9788102648152767,0.012259110319801057,-1.1651944291098943,-3.3048455742519613,-4.854658515465392,-3.7665505480456902,190.77585567062224
327.0,-0.9837654781586452,0.012138977951141303,-1.1658446302351384,-3.3167577215726025,-4.86943137061864,-3.7847608887604474,190.5387035599441
328.0,-0.9895577924124564,0.012057997649592032,-1.1646184496013625,-3.32524896436516,-4.8865967444050575,-3.796496971387124,190.30321629409056
329.0,-0.9936907109099397,0.011858129820016794,-1.1585800217581028,-3.339777891423895,-4.899559272147075,-3.811345614793228,190.07058254697617
330.0,-0.9922735369487804,0.01201807556352763,-1.151676885638937,-3.350464502140235,-4.915913401784725,-3.8226293350676834,189.84013630075466
331.0,-0.9850166842457466,0.012396048122440688,-1.149577926228374,-3.3602681696467793,-4.933761668010967,-3.830559228903996,189.6096238103686
332.0,-0.9744478354961067,0.01243720217380684,-1.1493561730804502,-3.375312683650887,-4.952229370654378,-3.837961701383208,189.37784165864684
333.0,-0.9702868850971359,0.012195763828539865,-1.1477000843127634,-3.3918877904750726,-4.967736736090853,-3.8520321361623377,189.14615271688578
334.0,-0.9721531240555182,0.012163607621748574,-1.1464701489727092,-3.4095294947631944,-4.985176436148434,-3.8689334876233774,188.9158285485465
335.0,-0.9796560203264849,0.012105777051928642,-1.1447772267164444,-3.427333611959707,-5.003471860352104,-3.8870071676131515,188.68819257132745
336.0,-0.9906161198810006,0.01188381871767498,-1.1381428439857348,-3.4457666903996684,-5.021787935962537,-3.9020025237727793,188.4651287642061
337.0,-0.9959449561418203,0.012351891411608798,-1.1365313329141051,-3.46448501300579,-5.039667860055093,-3.9191079569849236,188.24457743709746
338.0,-0.9948933841404413,0.0124554712689946,-1.1354565132599965,-3.4691953971592784,-5.0577809800438445,-3.927977050663845,188.0244732668536
339.0,-0.994486250524834,0.012156540426751957,-1.1307212553163521,-3.4822641735902713,-5.076355801298059,-3.9426847382018346,187.80593446428668
340.0,-0.9898636073880717,0.012420125714640295,-1.1294956139976633,-3.498774639953168,-5.086565554119646,-3.954703826018264,187.5875448200085
341.0,-0.9825855313135519,0.012601767896176489,-1.1325881635006592,-3.5158537446852276,-5.101812297096928,-3.963634500830808,187.36764506305133
342.0,-0.9768416425918556,0.012574077275345019,-1.1375778728603259,-3.5238540462622043,-5.1155499750988085,-3.9783326759485615,187.1455918588576
343.0,-0.9757616828954688,0.01225467173174378,-1.1402825444363232,-3.5378826322536145,-5.124728953560373,-3.995493632938418,186.92314305576616
344.0,-0.97656977771895,0.012319673310975028,-1.1439172761725807,-3.5377284642505633,-5.13519902979174,-4.012885947670747,186.70007987735946
345.0,-0.9827259616657323,0.012172399385663845,-1.1476732296363605,-3.548852824275697,-5.139075059024787,-4.031149154206152,186.47808825134717
346.0,-0.9930889050512297,0.012181020834094902,-1.1518739865023397,-3.554617531603335,-5.151214293268941,-4.038851203698307,186.25786916543314
347.0,-1.0026068684952896,0.012157740666321366,-1.1559368447456428,-3.5680686722253294,-5.1662252848220875,-4.053108418403101,186.0396042619276
348.0,-1.004471129996346,0.012118890285424047,-1.1570769762603408,-3.577792778194263,-5.182076700633519,-4.0652129875808996,185.82212605099718
349.0,-1.002716331582236,0.012006707281430657,-1.1553824130790653,-3.5928162369432197,-5.196019414073279,-4.081220513736884,185.60541682651476
350.0,-1.0020257537767254,0.011972899454201585,-1.1521240107097694,-3.6101215519555936,-5.205054809648194,-4.0989225882590965,185.3901205894056
351.0,-0.9987387179185675,0.012170693546900584,-1.1504717048620283,-3.6277068830842976,-5.219802700542103,-4.1173271983494555,185.17539461017583
352.0,-0.9983030093078544,0.012244012762442047,-1.1506897896494606,-3.6425737878115796,-5.229424480163223,-4.13602245046287,184.96125507318916
353.0,-0.9993537103385873,0.012194997091945905,-1.1506178491796444,-3.659740937549114,-5.2416290280090765,-4.151812017374993,184.7482570953969
354.0,-1.0025895669414948,0.011999069226838075,-1.146841083552765,-3.6779203601138915,-5.257715833403417,-4.169374484143477,184.53772080392966
355.0,-1.0018296442358148,0.012097380858803177,-1.1422317363195826,-3.6965333501512614,-5.266390301409631,-4.179850832632964,184.32896370899834
356.0,-1.0002378024625058,0.01218192621130616,-1.137749891331455,-3.7118645864380952,-5.281018387772079,-4.190299456614646,184.12149242969446
357.0,-0.9936937741342816,0.012338923095891447,-1.1347639991838976,-3.7292315509599705,-5.292866580042596,-4.20178165207309,183.91383457132105
358.0,-0.9890083558786982,0.012210559955712274,-1.1301318913513487,-3.747487149628745,-5.308769667822939,-4.21738797935904,183.7065622994765
359.0,-0.9871050454008505,0.01200220226022777,-1.1208310240494845,-3.7661151334914846,-5.326430204579271,-4.231264146180069,183.50123401304168
360.0,-0.9888463413757251,0.01208030118756134,-1.1110740061897189,-3.784911963546406,-5.344817742604401,-4.246315094961498,183.29892635110477
361.0,-0.9858990565682738,0.0123536802271515,-1.1032136735576688,-3.8037822254889067,-5.358227010900119,-4.259452468848291,183.09801669836835
362.0,-0.9817807170045423,0.012499109448942898,-1.0976911501450242,-3.8226648073927216,-5.3616881671285155,-4.275898695755829,182.89758601072054
363.0,-0.9786246494319594,0.01283241548075498,-1.099618641499648,-3.841567720802497,-5.37322065250512,-4.291918865106654,182.69664767900602
364.0,-0.9788430264647862,0.012452374398657094,-1.0975953896367918,-3.860434633584,-5.389064908350086,-4.308721574724607,182.49674791959842
365.0,-0.9758789233013175,0.012593731604864274,-1.097759802380729,-3.8793434991740146,-5.406694744820064,-4.321325446767423,182.29665607110059
366.0,-0.9781209233734841,0.012450264984316572,-1.097295050924717,-3.8943350042522322,-5.415495440647574,-4.337529831459775,182.0978523182388
367.0,-0.9799470787721355,0.012543889406894985,-1.0988000874100579,-3.9115629467428445,-5.429966104062968,-4.355312802162736,181.90013457338782
368.0,-0.982703255565852,0.012429692424284173,-1.0991470461181003,-3.928344255205974,-5.447036296399103,-4.363645609671768,181.70387480760886
369.0,-0.9829637334194333,0.012592228068462635,-1.1022683733407679,-3.9442016302561025,-5.465175755305315,-4.367834224575186,181.50788822368955
370.0,-0.9879945833394964,0.012221515804088137,-1.1004915964663315,-3.9617717815793982,-5.483770860464781,-4.377673130421386,181.31436590262487
371.0,-0.9966806577859115,0.012401325356134241,-1.101257288467019,-3.9773434801448144,-5.4984372406740825,-4.392776218496239,181.12417408135815
372.0,-0.9978439975850011,0.012400928811481507,-1.100244662411902,-3.994816127796892,-5.507401675145077,-4.399830128083792,180.9354064171772
373.0,-0.9975777862810999,0.012449364260204559,-1.1000383425849534,-4.0131235481964875,-5.522137453648175,-4.4066590663319625,180.74731850044114
374.0,-0.9948472050151045,0.012623247326252987,-1.103068173480976,-4.031787251896435,-5.538488668951059,-4.420497828145618,180.55869981925076
375.0,-0.9948971743476854,0.012580137068903116,-1.107050997808807,-4.044641210910195,-5.555407628567268,-4.433987688537817,180.36993683765826
376.0,-0.9924047697530253,0.012678858188127579,-1.1142253007779481,-4.059193663208897,-5.566767393448889,-4.434271286513482,180.17998155670657
377.0,-0.9913989735874006,0.012239813304275359,-1.115227534937886,-4.075132148076862,-5.582460622755875,-4.444463341527029,179.99005322083997
378.0,-0.9920593725209237,0.012316955287629178,-1.1160938145516344,-4.080426560549854,-5.600031375089271,-4.4597472728242,179.80022645065
379.0,-0.9968279293187529,0.012177159126811528,-1.1150828370021084,-4.0915996459283495,-5.6137919057460035,-4.47577332379833,179.61248633909238
380.0,-1.0019160652508674,0.012455600651490208,-1.118716139540823,-4.107305362371705,-5.630482659993101,-4.493461578073029,179.42659418439274
381.0,-1.0036024626514826,0.012366145985589074,-1.1204244226125541,-4.123288502341897,-5.647727395495253,-4.511067279507311,179.2416681742639
382.0,-0.9988653171501931,0.012445724508525014,-1.1219787011349733,-4.134566618490319,-5.6659284312019444,-4.5294185541766065,179.05523426093384
383.0,-0.9890597326579625,0.012327356838534595,-1.121190675095449,-4.150203776322027,-5.670160333705507,-4.535315566131535,178.86607532343461
384.0,-0.9782709610883149,0.01231449702253055,-1.1192785677077968,-4.1645978532131025,-5.68103238311485,-4.548864945471657,178.6735189094109
385.0,-0.9729986475016509,0.012209001581444664,-1.115889714241481,-4.181566232582302,-5.69658802463214,-4.562995618580837,178.47964338340424
386.0,-0.9713725816805386,0.012247654031003388,-1.1123861841845148,-4.199680496043931,-5.70849024035563,-4.568170164277942,178.2860924036026
387.0,-0.9748075192729366,0.012405715803197073,-1.1118748008531527,-4.218261707922421,-5.7162275884611615,-4.581407731362608,178.09462813203524
388.0,-0.9781363418294322,0.01258565474601005,-1.1147182643458495,-4.237038135031625,-5.7304502869211085,-4.597967186322175,177.90478998988715
389.0,-0.9811536090013038,0.012371993323401765,-1.1142572120834642,-4.255857444021612,-5.747421892486495,-4.603261922651332,177.71674599799778
390.0,-0.9877555570361226,0.01251073588213882,-1.1170818591063385,-4.274737849735019,-5.765526271537537,-4.615021655441238,177.53142471353308
391.0,-0.9893133347981724,0.01262711112942376,-1.1213082510334877,-4.287381195962139,-5.778993376601078,-4.630944163734778,177.3466438825936
392.0,-0.9877585679736576,0.01254016116888833,-1.1254933665767648,-4.303568151815161,-5.792307573082291,-4.632980544969661,177.16122026694902
393.0,-0.9859612956710612,0.012421231585066236,-1.128585519694722,-4.321340596221101,-5.804924140731082,-4.643004537109371,176.9752288478912
394.0,-0.9900677104464389,0.012015890169726616,-1.12458281517409,-4.339743298053283,-5.818954423355909,-4.648078252825418,176.7918055570001
395.0,-0.9954051376705574,0.012502843258664322,-1.1277668176787854,-4.35747985228649,-5.833478209574332,-4.661248087948964,176.6106594989582
396.0,-0.9975393114470583,0.012420412911154652,-1.1285817120135202,-4.368020250328054,-5.850532042467883,-4.666206550627657,176.4303759938528
397.0,-0.9949408860161094,0.012195831837311839,-1.1241384950573454,-4.383004566018912,-5.86867074555543,-4.6781194770304255,176.2498768246567
398.0,-0.9897924388880824,0.012374453581023443,-1.1213678808236633,-4.400305548683232,-5.884915254382852,-4.692856174352563,176.06797223111505
399.0,-0.980373766018585,0.012281014142738219,-1.1150699920845715,-4.418530743548889,-5.8949087886351705,-4.703555323893665,175.883460250153
400.0,-0.9723163879321066,0.012698738092906578,-1.1164606687458782,-4.437177488225091,-5.903004029504428,-4.712495617805231,175.6958349865619
401.0,-0.9722662512839616,0.012578852322550583,-1.1187721002858337,-4.455928270844203,-5.917368563253692,-4.7209009435629525,175.50814725028633
402.0,-0.9783602671247752,0.012454903696436004,-1.1203331670260903,-4.473962783356991,-5.934392132159892,-4.728867790110705,175.32316140531202
403.0,-0.9834775803860526,0.012521088722289294,-1.122935701102145,-4.4925082939840015,-5.948155071694674,-4.743163034552085,175.14061606043768
404.0,-0.9893453040517634,0.012583519769061836,-1.1272000307935166,-4.505986774700709,-5.964860802934333,-4.753812551923259,174.9601642924922
405.0,-0.9897123685075004,0.012595223995503798,-1.132024322302718,-4.522554993927616,-5.978520200880963,-4.761823655541766,174.77977017073718
406.0,-0.9881524558343062,0.012508450204588444,-1.1363472894847944,-4.540474173559861,-5.995186147859673,-4.772081955808315,174.5984501655085
407.0,-0.9923277860656691,0.01234492669378778,-1.1393258337003418,-4.558948093048156,-6.013168789691303,-4.778256625301993,174.41864311089876
408.0,-0.9929829169994133,0.012220915991051165,-1.1379924768301781,-4.577235420163301,-6.031681852337248,-4.778630318756155,174.23957727163554
409.0,-0.9944417915573585,0.012222416416218868,-1.1350591880231056,-4.591849705991149,-6.0453576584533355,-4.785123691720345,174.06162627569847
410.0,-0.9955355872098276,0.012621095482030532,-1.138905662543624,-4.6083864195889355,-6.06200697889065,-4.791944778936501,173.88384196629008
411.0,-0.9969558567533306,0.012194787075734684,-1.1475672225226186,-4.62555982938412,-6.076150799989556,-4.8057772884240375,173.7058878813458
412.0,-0.992565248299982,0.011960465997496584,-1.1514888184077166,-4.6395972651711,-6.093021035948588,-4.813109675583681,173.52560664215846
413.0,-0.9830397515256354,0.012028116779776237,-1.152922255732318,-4.65642292311507,-6.106463547156471,-4.82502595432149,173.34122010682668
414.0,-0.9740299818698085,0.012219080175517063,-1.1559306562888585,-4.674466926956764,-6.123032168778591,-4.835489411086962,173.15241986792316
415.0,-0.9632521414376026,0.01232456465568204,-1.1594275106888543,-4.693013155753763,-6.140966861145659,-4.850806584688937,172.95823996387443
416.0,-0.9566279856967231,0.012465753587798962,-1.1667117612934823,-4.711754451933951,-6.159472773087146,-4.868222856215806,172.75984076416992
417.0,-0.9566641062109591,0.012386261693374898,-1.1738226510798877,-4.716978877139898,-6.170139731683421,-4.880283217880699,172.56001886849887
418.0,-0.9605521318506739,0.012025015265131488,-1.1744826842319858,-4.725375310526196,-6.185565181307381,-4.882813135819375,172.3614608180365
419.0,-0.9657787733895008,0.012058369184570438,-1.1731161557754235,-4.727716397149943,-6.201216439414096,-4.890857647889105,172.16479884683554
420.0,-0.9750261074793855,0.012009596496021794,-1.169433912768102,-4.733979716275776,-6.217756606120289,-4.902782976713063,171.972282331654
421.0,-0.9847951981581048,0.012259078900211455,-1.1682113807840484,-4.741681962802365,-6.235658884414497,-4.918756432891392,171.78387035406385
422.0,-0.9927342927616455,0.012378853890932446,-1.1682128171760127,-4.749172421030562,-6.249748993376664,-4.936445459884365,171.5986887487088
423.0,-0.9976861703516681,0.01242932613106938,-1.169090091839226,-4.761904389951467,-6.266586511888953,-4.951426297004113,171.41539301093334
424.0,-0.9953514077371577,0.012444391387309229,-1.1694687444661411,-4.778238962506002,-6.276402190467158,-4.954680854981126,171.23156091239616
425.0,-0.9871194761310368,0.012342944635700112,-1.1664456842504072,-4.787205225433286,-6.28038823147696,-4.9645919697663246,171.04492178980163
426.0,-0.9811172338625129,0.01217349746960947,-1.1602762520734855,-4.801921823766539,-6.282031107567586,-4.97091775221253,170.85708000181543
427.0,-0.9724354273280694,0.012574936121965667,-1.1598177171682307,-4.817175898138629,-6.282696977092169,-4.977251210274604,170.66623123499775
428.0,-0.963971340538667,0.012826114176299856,-1.1657925407868306,-4.828195936138494,-6.282974191704272,-4.990384673478291,170.47117846596447
429.0,-0.9634303072181086,0.012462608107300212,-1.1687483099520066,-4.83251236119652,-6.283096892877288,-5.0068905316074686,170.27546628723638
430.0,-0.9698487859802097,0.012549349899391493,-1.176176941905266,-4.845414832653214,-6.283142946988907,-5.024800354794695,170.0823678276717
431.0,-0.978901767088785,0.012330277843045783,-1.1809990273051048,-4.861827592380609,-6.283161895245814,-5.036739031065036,169.8937430283277
432.0,-0.9881912165787456,0.012154689177056225,-1.1812883792125803,-4.872223203466979,-6.280475279823922,-5.049767381418334,169.7101378217525
433.0,-0.9949543983606409,0.012446664588713999,-1.1859430320635094,-4.887556974362045,-6.282105103677358,-5.06349514862362,169.5298721215329
434.0,-0.9969059644416034,0.01143963392068536,-1.1885194761494582,-4.9049683587248785,-6.28273192044237,-5.066168390418741,169.35133707601412
435.0,-0.9921794815720115,0.011667529087842797,-1.193023907642948,-4.923252068296587,-6.282989477176529,-5.078421416204433,169.171402560999
436.0,-0.9831751816796738,0.012118493897739918,-1.2012299917245777,-4.936061144954742,-6.283096402299108,-5.085827788464338,168.98715000999138
437.0,-0.9719950760446054,0.012320038674790975,-1.2125009770334936,-4.9523200993682766,-6.283143326193861,-5.089585332355309,168.7971990055318
438.0,-0.9679399059294463,0.011776600200563698,-1.2141626161524848,-4.970060683553146,-6.2831740996648495,-5.0990034581424135,168.60600156477574
439.0,-0.9695097843931761,0.012160411746661772,-1.2211465325331494,-4.984275225404462,-6.283177564306065,-5.113393713291488,168.41545222789733
440.0,-0.9721557710522712,0.012113303288636067,-1.2265008390009202,-4.996537567324373,-6.283180196536979,-5.1284371325411175,168.22622518852856
441.0,-0.9793922421987711,0.012104651725988678,-1.231240325607607,-4.996944510169597,-6.283183182533689,-5.14021670178029,168.03961996768749
442.0,-0.9907564645347658,0.012266029632008449,-1.2396066684160216,-4.998432459949551,-6.283183105232506,-5.149796049745779,167.8569935175819
443.0,-1.0034159671697243,0.01182263724143494,-1.2392169263846582,-5.010096115646761,-6.2831824711355795,-5.153707149845065,167.6808452134246
444.0,-1.009577928551002,0.01176757471569727,-1.2327094172459414,-5.026049906725053,-6.282424421028574,-5.145091433134926,167.5098065393778
445.0,-1.009840943744198,0.012055451344994302,-1.2273582260998088,-5.0437502587974485,-6.276106260253635,-5.133140779810023,167.3416273321303
446.0,-1.0038822305061414,0.012411701100253775,-1.2263226496879271,-5.057875205375947,-6.279739772769289,-5.117159789863843,167.17197684703217
447.0,-0.9932843320802959,0.012471621524230758,-1.2267004301065674,-5.074700893603743,-6.281776767615194,-5.099467791660524,166.9986908223251
448.0,-0.9796939094998368,0.012255718674276118,-1.2225431063122103,-5.082486500210702,-6.282606766957164,-5.099803249805969,166.82019895092108
449.0,-0.973555752957494,0.012393182224898056,-1.2221935035980438,-5.079354853236806,-6.282951742215782,-5.102512605352087,166.63836574370623
450.0,-0.9740084876040442,0.012031703926344057,-1.2160540995166327,-5.08264308813288,-6.28309588402897,-5.11468905317148,166.45759442122488
451.0,-0.9770003565782183,0.012126329858125288,-1.2095570816349372,-5.0814979999112495,-6.283148444510814,-5.123779639359062,166.27898078803437
452.0,-0.9782512597927716,0.012367373455855542,-1.2061013722888032,-5.087284884029371,-6.283167480153542,-5.131810610328849,166.10185829475256
453.0,-0.9772725276738149,0.01249402361306435,-1.2048537240181985,-5.093998351095376,-6.283175634879147,-5.12858541422341,165.92494432786185
454.0,-0.9711707712302852,0.012725381994440496,-1.20856537585929,-5.104503704203264,-6.283176664129339,-5.134216033958315,165.74549888885187
455.0,-0.9639069240110745,0.012401287332862143,-1.2079431487589187,-5.111485432408151,-6.283184033996572,-5.137727495631465,165.5630270300435
456.0,-0.9603062435297847,0.01262563898430768,-1.2135910695881922,-5.12542056833245,-6.283186403061565,-5.134381353228655,165.37893765493817
457.0,-0.9624834282148473,0.012252267749785014,-1.2147456466446054,-5.142236899874413,-6.2831885608409905,-5.142398567860847,165.19680832870665
458.0,-0.9648123416140519,0.012390387164644471,-1.2177379343052734,-5.154583034469176,-6.2831859883760455,-5.155174003389281,165.01641815434402
459.0,-0.9687824117211452,0.012427890851869818,-1.2225484397373194,-5.170648197205695,-6.283188073628387,-5.171514061022214,164.8385284811353
460.0,-0.9773287753984905,0.012268170721519485,-1.225675970210692,-5.1872687211762445,-6.283187778245067,-5.175774453851797,164.66558347547465
461.0,-0.9895391757659586,0.012109029057877134,-1.2253948891550008,-5.204273812924922,-6.283187071582885,-5.177167510006032,164.4998028052324
462.0,-0.9974548590709575,0.012279997869189527,-1.2256870773613635,-5.222402181880842,-6.283184325934162,-5.176329271801712,164.3392943270876
463.0,-0.9968774188099392,0.012557019787034714,-1.229488298766266,-5.2357998960344565,-6.2831818951382195,-5.171549311735127,164.1793297475441
464.0,-0.9957401657879374,0.01240714550773047,-1.2321651877486095,-5.252287991762583,-6.283189755873879,-5.161339908922911,164.01973982000163
465.0,-0.9901757498967597,0.012406426856708697,-1.2343685064397885,-5.270208494391495,-6.283189038460147,-5.157777424173519,163.8587286804035
466.0,-0.9800154037746649,0.012539672454191443,-1.239119694582228,-5.2887025420170835,-6.283189479139519,-5.161456795046423,163.69366690181417
467.0,-0.9676945209071305,0.012431969640257293,-1.2428390528768554,-5.303967725903366,-6.283191145703956,-5.15749611771052,163.5231036262547
468.0,-0.9598819989453368,0.012332189565374099,-1.246520861260074,-5.321283468198431,-6.283190920644658,-5.165443539769486,163.34916537063827
469.0,-0.9548420516975379,0.012114567355961645,-1.2461614680671,-5.334777777429504,-6.283193299149546,-5.171021964940099,163.1735389485899
470.0,-0.957047622188434,0.012368958990123698,-1.251310874891357,-5.344427664986641,-6.283190873786977,-5.184375806319846,162.99899027575754
471.0,-0.9595326527930743,0.01225535356937652,-1.2545515701144787,-5.35389639038523,-6.283190793015179,-5.187211302221479,162.82610477053413
472.0,-0.9665397147830206,0.012148302386596066,-1.2564428459207904,-5.368789735118825,-6.283192682847265,-5.189462403102586,162.65762908473798
473.0,-0.97410670044801,0.012425955556732104,-1.2631501416665176,-5.384905566010961,-6.283190628048045,-5.198127521707707,162.4935406935176
474.0,-0.9836384827944631,0.01252402388945231,-1.2739480284375928,-5.402619753263667,-6.283189935749733,-5.196832703679684,162.3342866117063
475.0,-0.9852307786151242,0.012103000189263786,-1.2762167556350297,-5.421021356982096,-6.283191516267854,-5.192530491515488,162.17722410975713
476.0,-0.9846645317112416,0.011876342838005177,-1.2723747936673004,-5.433224220824208,-6.283193761687312,-5.191361338497572,162.02136430661332
477.0,-0.9788613721826374,0.012344180871689196,-1.2742331469196924,-5.44347262537227,-6.283191059584011,-5.188995137068596,161.86325544769508
478.0,-0.9772873274585758,0.012386664493341448,-1.2790524075701202,-5.458657375052848,-6.283191644404874,-5.186776725909541,161.70467980235964
479.0,-0.9736453580840165,0.010859094937661408,-1.2825335473567099,-5.47603747387219,-6.283191561668617,-5.187211630795225,161.54516865462736
480.0,-0.9681396794890447,0.010940810348403851,-1.2853378637802002,-5.490633160722247,-6.283194836662402,-5.189375924842404,161.3834731017116
481.0,-0.9687345767509643,0.010995181926831034,-1.2810706943470267,-5.507653433102401,-6.283194240706176,-5.188982964479679,161.22369298948195
482.0,-0.9673796885737553,0.011618463617576616,-1.2795044797174178,-5.525821810889133,-6.283195276529468,-5.19495693237635,161.0648686036997
483.0,-0.9701477076754117,0.012022482610628733,-1.2826723130006255,-5.544397388221887,-6.283194813564312,-5.1996706053994,160.90837999046676
484.0,-0.9767643394130443,0.011838430704117844,-1.280898555254097,-5.563138811799825,-6.283195819003155,-5.2098331611667845,160.7570213493899
485.0,-0.9822027218775541,0.01197742606057727,-1.278190586546181,-5.5819991662603226,-6.283195574793409,-5.208042590973393,160.6104673191651
486.0,-0.9826609569527425,0.012311792334055705,-1.2790085785987864,-5.5959773827395844,-6.283195727853176,-5.199208749935138,160.46530028664844
487.0,-0.985964988669034,0.01244916779891466,-1.2837654394071434,-5.612474544508857,-6.283195890464417,-5.184521989120304,160.32242820107518
488.0,-0.9857540886950812,0.012510028259362153,-1.2905341041307297,-5.62147733420076,-6.283194488746775,-5.173913571616865,160.1793700654674
489.0,-0.9793388633753025,0.012081179004237885,-1.2890627336108385,-5.636208539594729,-6.2831938833104575,-5.166501913347052,160.03417412305984
490.0,-0.9689410149979835,0.012258858374619654,-1.289033003794692,-5.650247849189319,-6.283198939281319,-5.154212461282345,159.88426177163927
491.0,-0.9603263507879548,0.012115701213792258,-1.2864940153156936,-5.660754266696342,-6.283199484384328,-5.159806242604608,159.73038114186122
492.0,-0.9549425724695841,0.012201640915503582,-1.2850024916906435,-5.671576884512172,-6.283202694444717,-5.1702411333831675,159.57420343735845
493.0,-0.9503877283747837,0.012451564932059846,-1.2879243134623328,-5.686749206080627,-6.283198984504162,-5.174292418852787,159.41598539958352
494.0,-0.9508072690411621,0.012584358515730322,-1.2961682511728607,-5.704094608827545,-6.283196160454429,-5.178277399036497,159.25789035338374
495.0,-0.9572919527653668,0.012211456454336288,-1.300966067735017,-5.714506965300755,-6.283196772112536,-5.182356836729981,159.1034077930296
496.0,-0.9662015756043667,0.012318636703649294,-1.308131160594527,-5.729818980971063,-6.283197062975884,-5.186402270496919,158.95403403145167
497.0,-0.9781111046158664,0.01187827593980306,-1.3079559433955392,-5.736892709627294,-6.283197300751201,-5.196107794347731,158.81187204135426
498.0,-0.9830261978886923,0.012382679283294193,-1.313550517455549,-5.7508884767167405,-6.283195106837287,-5.211154065980177,158.67290227996634
499.0,-0.982105207115159,0.012322416098450636,-1.3187154961748238,-5.757944931693519,-6.28319720259204,-5.206239848938303,158.533185449469
500.0,-0.9799964646947297,0.012465423622858622,-1.3280921680581108,-5.766346158810686,-6.2831945722900056,-5.197504196478554,158.3912737443255
501.0,-0.974260033194809,0.012029242713712446,-1.3299272060563065,-5.780813743443012,-6.283195766712849,-5.188050725841372,158.24668127916274
502.0,-0.9719650375511926,0.011791340345282368,-1.326958788945188,-5.793347921618484,-6.283200995107288,-5.184031741469615,158.10184434137
503.0,-0.9739786472040037,0.012024207696871224,-1.3267886652943002,-5.805615838757945,-6.283206742605687,-5.174637544855081,157.95887745958842
504.0,-0.9768659947609742,0.011880208058049336,-1.3226633358039623,-5.815686310263639,-6.283204251786005,-5.17585599497938,157.81886544454773
505.0,-0.9748406106314295,0.012200163715892332,-1.3211987938454426,-5.8308386875155795,-6.283202837776907,-5.1651598337958955,157.67904831149906
506.0,-0.9697639964365535,0.012354762109762354,-1.3222389379845016,-5.8481868101270456,-6.283201704470463,-5.157857131885523,157.53715804426517
507.0,-0.9641606932683067,0.012547587075023568,-1.3284094501055204,-5.866440391041947,-6.283199058314797,-5.155134038617252,157.39193889219513
508.0,-0.9641831705976617,0.01213142835889535,-1.3305450049929282,-5.882936679879845,-6.28320033258231,-5.159356242606527,157.24693538666182
509.0,-0.9689776586163723,0.011917341444643195,-1.3291235531269383,-5.896168847857288,-6.283202940689426,-5.1715117814978875,157.1055677075322
510.0,-0.9762599528195526,0.012069063408860535,-1.3293108936002307,-5.906996254467914,-6.283205064127275,-5.173992872965235,156.9690639150949
511.0,-0.9810917460006059,0.012214724128598697,-1.3306474255207845,-5.922464505977668,-6.283204967172986,-5.1701440079672905,156.83611586703975
512.0,-0.9841683864058347,0.012178036091738977,-1.3310912312849361,-5.9399479122032535,-6.283205703582852,-5.157636345653121,156.70582352897512
513.0,-0.98355178109572,0.01226784493488897,-1.3324376674829874,-5.958263418029571,-6.283204366808688,-5.147897228151444,156.57594428894632
514.0,-0.9771385659776068,0.012558047173533865,-1.339114758734647,-5.976916985788799,-6.283200669607639,-5.14419639585381,156.44204187391514
515.0,-0.9677246500561175,0.012313408797482528,-1.3441241251694456,-5.986360735627791,-6.283203265936787,-5.1365623037341335,156.30187642019652
516.0,-0.9588400678042062,0.012117914252352053,-1.347173901013921,-5.989460342775258,-6.283206221189873,-5.122404510653674,156.15574286686444
517.0,-0.958121989224837,0.012002849611830754,-1.3492776776229523,-6.001821034670993,-6.283206476307634,-5.1079197005134365,156.00887538403563
518.0,-0.9637251093288612,0.012045411742766757,-1.3523846336980005,-6.0180328090783854,-6.283208090856753,-5.097856957603783,155.86522422976216
519.0,-0.9738799493849797,0.01188485942317555,-1.3530211744668699,-6.029242989082175,-6.283208217266597,-5.104918107318512,155.72780507947738
520.0,-0.9801508402008127,0.011743838227139189,-1.3475655373354458,-6.044864123068079,-6.283206948953143,-5.104676806343375,155.5959773397897
521.0,-0.9806431951538797,0.01209206127234797,-1.3451841240581714,-6.054201049061792,-6.283207207717625,-5.099846849858625,155.46558904343746
522.0,-0.975612247649111,0.012329685128857714,-1.3454880691533369,-6.069065099335842,-6.2832070411503285,-5.0960750968219966,155.33280631194674
523.0,-0.9740739894652437,0.012227640819077134,-1.3459443286067345,-6.086297797448013,-6.28320912416721,-5.089407460811643,155.1993178413917
524.0,-0.969805892162928,0.012260875355773354,-1.3475831189837997,-6.092167815864625,-6.283207501735696,-5.08695589348507,155.0632003259025
525.0,-0.9645642103386949,0.009491729217009366,-1.352057578086579,-6.104137269847212,-6.283210699877328,-5.090587326441658,154.9226903407871
526.0,-0.9602375589754465,0.007794347370351727,-1.3535407360510459,-6.120207772731522,-6.283208874139634,-5.088876441368949,154.77905648184714
527.0,-0.96211674417092,0.008566388261139276,-1.3507839018425396,-6.132714495688366,-6.283209334237284,-5.086228659573605,154.6373289787586
528.0,-0.9640756660564298,0.010004821524556212,-1.3505863262870517,-6.148847581091823,-6.2832097669526545,-5.086860946642254,154.49760655359873
529.0,-0.9673785017511274,0.011071018622775996,-1.356658221502787,-6.166600364782656,-6.283208696819122,-5.08165478818502,154.35913655836384
530.0,-0.9711779919756779,0.011223670539487125,-1.3586790225024163,-6.1845062986169905,-6.283208769651096,-5.089552349029176,154.2227806299188
531.0,-0.9709539243985448,0.011855023882579691,-1.365970211963038,-6.202968440688385,-6.283207053415446,-5.094047595156775,154.08516463228352
532.0,-0.9722619201295745,0.011651208054722051,-1.3688984343117336,-6.21781285128296,-6.283208304565599,-5.098584552769366,153.94754684139068
533.0,-0.9763387954501377,0.010898749330848532,-1.3757300122340448,-6.2346339350685,-6.28321054399662,-5.0931806507013055,153.81051112124368
534.0,-0.9826407307593756,0.011096196715430965,-1.3849221886191512,-6.25270209560341,-6.2832082523801285,-5.086034609287046,153.6747740837365
535.0,-0.9861594993787308,0.011273747784361972,-1.391367198712493,-6.26529548367209,-6.2832082987544196,-5.072082161344257,153.5394032358652
536.0,-0.9830410864809773,0.01093567204631483,-1.3959404530058164,-6.275651196780499,-6.283208446672587,-5.0612698809230805,153.4009858483035
537.0,-0.9766843309770539,0.011023854993162278,-1.397974687536353,-6.279850347223141,-6.283211388038926,-5.053785920925831,153.25835490583225
538.0,-0.9677159728077765,0.011640269055362378,-1.4053073941329932,-6.2815389553928584,-6.283211903429303,-5.047445880771061,153.1088421659548
539.0,-0.9619789296997727,0.011696196645339343,-1.413036529480447,-6.282242974519073,-6.283212183075635,-5.053976784094784,152.95371608159354
540.0,-0.9639740554831021,0.01161465851381756,-1.4198258550435607,-6.282534768152618,-6.283211588218023,-5.057424353739546,152.79750381071514
541.0,-0.9698762819149244,0.01166768756560909,-1.4267353925145452,-6.282652293311986,-6.283212385792729,-5.0629461755403415,152.64255218556133
542.0,-0.9758732950494265,0.011659997561405377,-1.432263760047952,-6.282704392132225,-6.283212352055368,-5.055871943918416,152.4892726473041
543.0,-0.9829085753488781,0.011646117904065837,-1.4366450174804952,-6.2827241738277015,-6.28321243742262,-5.053334262972932,152.3384366028146
544.0,-0.993511625889084,0.011372758278774365,-1.4349138593544064,-6.282744620637457,-6.283210500584977,-5.046466494475696,152.19351744901147
545.0,-1.0014484518681852,0.011366822236705805,-1.4284223396887574,-6.282748475954485,-6.283211559178983,-5.032630346972318,152.05492243792796
546.0,-1.0031256418960335,0.011634391769577038,-1.421865439777648,-6.282736980630167,-6.283214223097404,-5.023276875433807,151.9196243130824
547.0,-1.000760798843869,0.011588070561318175,-1.411364252356144,-6.282742672893486,-6.283213257605105,-5.009234278311695,151.78639126925924
548.0,-0.9932342461789576,0.011932386346234438,-1.4035689843414303,-6.282727327753001,-6.283216044099889,-4.992358557483472,151.65175363237304
549.0,-0.9834629171925419,0.012200180218398624,-1.400101837429792,-6.282716668396001,-6.27686156045126,-4.983626095607323,151.51281368774693
550.0,-0.9744221349401255,0.012310573821435722,-1.4005984829379938,-6.282715660675399,-6.2807006749666145,-4.973987426054975,151.36861840831034
551.0,-0.9735941539404561,0.012087132002579272,-1.4011318596790716,-6.2827239065487515,-6.282192981613367,-4.969326251573105,151.22342445161476
552.0,-0.9755994174689451,0.01181103101560754,-1.3972819041969216,-6.28274072872743,-6.28280473358022,-4.971720436182192,151.08027520827466
553.0,-0.9775288277012757,0.011893322346322044,-1.3934863227731578,-6.282735357551216,-6.283056767980255,-4.983598841480049,150.9393659309944
554.0,-0.9803234852973333,0.011841494957480098,-1.3878973999804485,-6.282738253104296,-6.283159934772262,-4.979722964632092,150.8015766821568
555.0,-0.9797192857562678,0.01193695282210751,-1.3816779244029864,-6.282737087924859,-6.283199544790771,-4.977074246941156,150.66532488148266
556.0,-0.9795309209657048,0.011841693174377098,-1.3727382487212485,-6.282741263448846,-6.283207946640831,-4.97285543208477,150.5312851004596
557.0,-0.9741880907056305,0.012150645831177063,-1.366330715140741,-6.282730725206202,-6.283213980844515,-4.967031540935424,150.39608024169453
558.0,-0.9649570668895769,0.012112429772735165,-1.358355002636477,-6.282737037369899,-6.283213809439377,-4.96967333901557,150.25732554596294
559.0,-0.9572289709912399,0.012321309799266782,-1.3542555727774541,-6.282723789169238,-6.283215687083067,-4.971219541974119,150.11480100419604
560.0,-0.95498236331266,0.012217393210002371,-1.3503398651298293,-6.282728616169778,-6.283214152963207,-4.982813155971029,149.97155770065837
561.0,-0.9573897700438464,0.012245718599258068,-1.3479857019852637,-6.2827284095670235,-6.283214427972166,-4.998614140098604,149.83025927395343
562.0,-0.9651083075825898,0.012167634001653346,-1.3455183460436944,-6.282733579846855,-6.283213565837438,-5.016231663276079,149.6941783549558
563.0,-0.9708979830380615,0.0123215411328256,-1.3449528956432195,-6.282733038278509,-6.28321494188801,-5.029634963354114,149.56204249803503
564.0,-0.9746204574994058,0.012226875511773982,-1.3429439367869775,-6.282740634683967,-6.276904933277622,-5.03438981874545,149.43274405413746
565.0,-0.9762135511910366,0.012400975898099482,-1.3439372537344123,-6.282733141633143,-6.2807181728702135,-5.037386727873936,149.30435204844113
566.0,-0.9718692271725439,0.012427399414005582,-1.345485877532431,-6.2827367115147945,-6.28219833916345,-5.0367592017136245,149.17310365356687
567.0,-0.9660946866745668,0.012580379017520673,-1.351577590073361,-6.282725952356267,-6.282808560217219,-5.045602839481398,149.0369016008268
568.0,-0.9566130189201123,0.012144719215658274,-1.3514455834671992,-6.282751394670912,-6.2830562968352295,-5.048901758977265,148.89474145030314
569.0,-0.9548350823263855,0.012253977307736795,-1.355280867730195,-6.282729309785836,-6.283161903520131,-5.04954861367193,148.75031822411373
570.0,-0.9587744033195005,0.012284232309010174,-1.3616996478612264,-6.282727766318908,-6.283199493358696,-5.058711060708612,148.60669051143475
571.0,-0.9663138305958944,0.012335100950315902,-1.371295636076145,-6.282727346021175,-6.283208539097041,-5.0735484821058,148.4652370674798
572.0,-0.974467222457222,0.012023761508803072,-1.3769800132581678,-6.282746331749182,-6.283209380903115,-5.073011380881736,148.32704545866713
573.0,-0.9797355596038859,0.011897608649195304,-1.3793203068844155,-6.2827508652338615,-6.283210750597572,-5.070179246849423,148.19137209967096
574.0,-0.9795231892188125,0.011884818902275296,-1.3790710022778165,-6.282749443557283,-6.283211996011089,-5.057953018635121,148.05578301453306
575.0,-0.979763480023101,0.012031267573087439,-1.380790448864444,-6.282734574419563,-6.283213787136242,-5.056999434764992,147.91989087187324
576.0,-0.9786183031126482,0.01204169603658309,-1.3822478634012796,-6.282735963493923,-6.283213659582667,-5.046664175981042,147.78298300894352
577.0,-0.9729628886794025,0.011808750012094726,-1.3779956521423833,-6.282750703131922,-6.283211728362859,-5.035406229151452,147.64386814552088
578.0,-0.9682146011902139,0.012004159190102118,-1.3759344529487978,-6.282733020113658,-6.283214125651621,-5.036757195530359,147.5024910259608
579.0,-0.959616339593809,0.012071864578951515,-1.3735183089277316,-6.282735203873367,-6.283214257765942,-5.039053445130098,147.35671235814118
580.0,-0.9557326457020818,0.01200332856331884,-1.3708992112651868,-6.282732829508359,-6.28321339479123,-5.0510748901121,147.20898268873015
581.0,-0.9593431277160004,0.01204887370344488,-1.370037842397016,-6.282727779752994,-6.283213897875264,-5.0595543958823574,147.063471966301
582.0,-0.9671097198833779,0.012135036238760784,-1.3711934559167607,-6.282727321108432,-6.283214388465652,-5.069523776928565,146.92234330721786
583.0,-0.9758848248865781,0.012100719750704626,-1.3720566671536993,-6.282734426066444,-6.283213709583486,-5.0780262490467285,146.78625274036332
584.0,-0.9815428603997703,0.01242861461385617,-1.3786760870244574,-6.282722591287261,-6.283213704245439,-5.073212551646646,146.65206635758778
585.0,-0.9794721239905133,0.012183437592602896,-1.3815970811125127,-6.282743135833233,-6.2832122891764,-5.077109340475257,146.5159716933417
586.0,-0.9767492000940016,0.012059910029102233,-1.3832871467894616,-6.282741411851267,-6.283212443936572,-5.073682127478154,146.37771734594364
587.0,-0.97141012941325,0.011776110377626155,-1.3787959921057067,-6.282753867146555,-6.2832109724220295,-5.0717270859155965,146.23742789088394
588.0,-0.9688228389141927,0.01165719818139368,-1.3704922387981835,-6.282750092471274,-6.283211299365895,-5.06545762689822,146.09755793928954
589.0,-0.965476343446986,0.01181487504607236,-1.361458426401384,-6.282741850770569,-6.283213423404374,-5.057641122764697,145.95804974157767
590.0,-0.9603004862879155,0.011891525474836464,-1.3508986400867642,-6.282741103021052,-6.283213789641307,-5.054175160785601,145.81797282708112
591.0,-0.9518469903185773,0.0123561604554541,-1.346052308925183,-6.282722225021502,-6.283215946763454,-5.063870339695934,145.67403110924852
592.0,-0.9495186768391494,0.01249617760884361,-1.3464491947371504,-6.282714121771627,-6.2832160834735,-5.075014477228147,145.5283526910806
593.0,-0.9529475608542188,0.012507768401668609,-1.3503209778837606,-6.282718689487411,-6.278801622201616,-5.0906407705254475,145.38384232835978
594.0,-0.961543861448562,0.012475603672771627,-1.3572095964837902,-6.282724527885121,-6.281485353696902,-5.09845354012985,145.2429337674025
595.0,-0.9710754560042592,0.012495550476754578,-1.3671473018783273,-6.282728078082112,-6.282514290937209,-5.10919670623268,145.10545020299753
596.0,-0.9748865087064931,0.01253479271651304,-1.3797808296931506,-6.282732282315961,-6.282936793779889,-5.113132588043367,144.96720459913584
597.0,-0.9734975162149069,0.01209765418016897,-1.3868245251441769,-6.282753039887761,-6.283108994913077,-5.1108555033059675,144.8261357375798
598.0,-0.9695826336055757,0.011787551541660593,-1.3880219546711239,-6.282758373898202,-6.2831801758837615,-5.104865588891847,144.68230171553014
599.0,-0.9678635067706415,0.01188200171600745,-1.390086417894827,-6.282740404843136,-6.283203978327652,-5.106238737518339,144.53684481925544
600.0,-0.966379969023901,0.012165174717527085,-1.3969898128536626,-6.2827246136390915,-6.283210058832284,-5.103615094323601,144.3888057319075
601.0,-0.9681563809018614,0.011685774347210081,-1.3967677108502192,-6.282748987273052,-6.283208620075643,-5.098820752790338,144.2414658444971
602.0,-0.9723558657579431,0.011830647295892944,-1.3976469325245808,-6.2827363032199335,-6.283212411621155,-5.088609270447448,144.09634329768028
603.0,-0.9800603844355872,0.011761402131141784,-1.3968170852937916,-6.282738806080012,-6.283212258498287,-5.084321859264421,143.95575015598823
604.0,-0.9865209809703235,0.011682990015730544,-1.392139425434117,-6.282746188464636,-6.28321210053602,-5.0739149330118964,143.8202031162577
605.0,-0.9893772950393463,0.012160250688258576,-1.393554867867988,-6.282722593299103,-6.283214516336386,-5.0644299504461685,143.6862756230903
606.0,-0.9853780206705314,0.012285423714913427,-1.398791478776747,-6.282720256908696,-6.283213991931956,-5.057065198435457,143.5488633291052
607.0,-0.9773690185547741,0.01191652162612674,-1.3987148102598097,-6.282744169110024,-6.28321153779183,-5.04611512072152,143.40675022212713
608.0,-0.9699145902852201,0.011752662768761142,-1.3950176654219604,-6.282745578499596,-6.283211532834192,-5.039837765317408,143.26119829458003
609.0,-0.9649289451166255,0.012051288835858922,-1.3959321453318654,-6.282724144902904,-6.28321484545072,-5.035321787618807,143.11256384709677
610.0,-0.9623716444620471,0.012184454192957585,-1.4006002560959072,-6.282719532833246,-6.283215296036675,-5.038787621587771,142.96117287789096
611.0,-0.9663018601331955,0.011975122098020052,-1.4044420245097244,-6.282730096427913,-6.283212990157617,-5.044580134149328,142.81069900093155
612.0,-0.9755118469021095,0.011772021634808035,-1.4054668769104213,-6.28274012464331,-6.283211818944741,-5.044434707447352,142.66498879642256
613.0,-0.9882037663655298,0.011865729810314234,-1.4076063095373437,-6.2827338250197595,-6.28321333555283,-5.052034092839671,142.52581330887162
614.0,-0.9974546530882353,0.011613805486583967,-1.4029409045464263,-6.282752818312249,-6.283211290708899,-5.043984841526636,142.39314026826202
615.0,-1.005041858686588,0.011530638347484384,-1.4027390379464888,-6.282724082090219,-6.28321516961392,-5.043099015554529,142.26480703765822
616.0,-1.0046839346695318,0.011452384862734156,-1.3982784393560705,-6.282748842724657,-6.28321358411242,-5.031586755707353,142.13780374839124
617.0,-0.997789446523578,0.011526139636421365,-1.3898554126554092,-6.282748672373848,-6.283213064306539,-5.02059728331506,142.0096526003758
618.0,-0.988936881273629,0.01184050163145447,-1.3834145252183796,-6.282731715898181,-6.283215069625164,-5.008571428593782,141.87849841668063
619.0,-0.9830503327117391,0.01200334955070621,-1.3792274971151954,-6.282724180410972,-6.283215237461295,-5.003726029072391,141.7450584493299
620.0,-0.9756482045558089,0.012267325368423718,-1.379105677286191,-6.282719031418487,-6.283215814898902,-4.991967710292944,141.6075058202057
621.0,-0.9645368431285705,0.01228969848288591,-1.379964964840649,-6.282726046754286,-6.283215089101979,-4.987524657324028,141.4632239804798
622.0,-0.95998839017836,0.012208281373648749,-1.3827064245099592,-6.28272399055808,-6.283214093136833,-4.9918147934135115,141.3152141866364
623.0,-0.9607416551475243,0.01192911421026889,-1.3828357558848479,-6.275494092754215,-6.283204374776355,-4.998892089084882,141.16735823656518
624.0,-0.9669619574806968,0.012139175142995234,-1.3864786508026117,-6.279796018420242,-6.283209969240714,-5.007457357805819,141.02220155122978
625.0,-0.9764842182181508,0.01184425823860421,-1.3859773737806604,-6.281544460254394,-6.28321037032666,-5.0219824351140465,140.88255793020872
626.0,-0.9853773283311567,0.01177293907744785,-1.3823398112833363,-6.282256832496974,-6.283211692386723,-5.024272327034684,140.74911253547478
627.0,-0.9911186611727614,0.011907735198806833,-1.3784256551079768,-6.282540212178024,-6.2832136392545355,-5.0165363578499935,140.62027513570445
628.0,-0.9892462304630125,0.011915945835256405,-1.3715647775174082,-6.28266391915709,-6.283213582012711,-5.008688170927003,140.49247958008908
629.0,-0.9814505695905128,0.01244816123142449,-1.3723724191980333,-6.282685292912035,-6.2832140121051525,-4.996224524051618,140.3603073279768
630.0,-0.9728122162647501,0.012532279690188376,-1.3774399828249875,-6.282703797973806,-6.283214123378326,-4.994976516516564,140.2216958142167
631.0,-0.9708993315449298,0.01219612966536668,-1.3813664252475781,-6.2801879807729595,-6.2832108130633975,-4.999901095394556,140.0805098030802
632.0,-0.9760838100884427,0.011997926570490805,-1.3837170812180934,-6.281729747625495,-6.28321097873545,-5.011480601836328,139.94145899653338
633.0,-0.9772958745549463,0.011836738845192627,-1.3814326835099897,-6.282337573215025,-6.2832114082785,-5.008918687295981,139.80381771849125
634.0,-0.9769572888911602,0.010779049420986118,-1.3772393230823554,-6.282565414267728,-6.283212156144835,-5.014655757482569,139.66678080936023
635.0,-0.9769570836387066,0.010923423044437103,-1.3723973960370988,-6.282681866369182,-6.283213692839967,-5.019454363745374,139.53104004892725
636.0,-0.9726231397818876,0.011427237590215725,-1.3679529104093624,-6.2827105722425864,-6.283214762431935,-5.02336113905601,139.39421546418015
637.0,-0.9729954871798406,0.011863200063206248,-1.3684747438165845,-6.282708357900519,-6.283215774960865,-5.033993597283476,139.25747648020715
638.0,-0.972341738823761,0.011812885404482219,-1.365860684099506,-6.282733091808415,-6.283213284627381,-5.04126760360538,139.12104034369693
639.0,-0.9661101776971609,0.011945318318840785,-1.362240077026339,-6.282737549297536,-6.28321391277971,-5.048158609937223,138.98195322324887
640.0,-0.962932620589465,0.012268788115350088,-1.3644733717031294,-6.282718718403007,-6.2832155991255085,-5.0498336282142775,138.84037759321387
641.0,-0.961721267852004,0.01223298284980408,-1.3675378416329802,-6.282727192884192,-6.28321429000168,-5.061648730243017,138.69724587628843
642.0,-0.9646664081822376,0.012087184789990681,-1.369790177039669,-6.282734401196761,-6.283212906529381,-5.071728341322518,138.5551343708576
643.0,-0.9728568434519158,0.01200555911030545,-1.37154865787658,-6.2827367762701885,-6.2832126203040115,-5.086672425876618,138.41732863369458
644.0,-0.978975610653359,0.012082465040507799,-1.3735107111070295,-6.282737727854049,-6.283213631492944,-5.086229276269282,138.28281572192725
645.0,-0.9822503620564154,0.012103167412735791,-1.3753690430222592,-6.282737961398217,-6.283213713231888,-5.081331521788217,138.14983610926149
646.0,-0.9824139116985754,0.012213829854697687,-1.3790285004525071,-6.282732914449977,-6.283214567657092,-5.073105917162382,138.01611321765586
647.0,-0.9766521058226325,0.012396848418926437,-1.3862609083667867,-6.282727254811227,-6.283213078683886,-5.065997352560488,137.87731618211654
648.0,-0.9710819322169973,0.012006024281810548,-1.3889998730275774,-6.2827042570203675,-6.2832108515512655,-5.0591934306283655,137.7342293351315
649.0,-0.9686313482316079,0.011902437632808476,-1.390405058225853,-6.282725043066665,-6.283211771028392,-5.0613553023617355,137.58915576085167
650.0,-0.9660013704935584,0.012108800224838564,-1.3950660057092896,-6.282722129782136,-6.283213733279358,-5.056984883862099,137.44140792286152
651.0,-0.9664605977667662,0.011872456230372894,-1.396902324874886,-6.282736231653095,-6.2832118762771065,-5.06355579389385,137.29317693824797
652.0,-0.9677635511111333,0.012042651416967969,-1.4014929727349639,-6.282727870172179,-6.283214128061757,-5.070022342629438,137.1445332417978
653.0,-0.9700270151711056,0.011862140852957257,-1.4034634496111147,-6.282738640407731,-6.283212403459237,-5.083615564768159,136.99650865803716
654.0,-0.9727131082106274,0.01189520171711847,-1.405478319919357,-6.282735253556993,-6.278958849175235,-5.078098387820656,136.84944823156502
655.0,-0.9736928500552765,0.011824992799711683,-1.4053301381580028,-6.282740571823915,-6.281546106140915,-5.067938723052714,136.70300904485742
656.0,-0.9792794723779671,0.011829479455036412,-1.4055338316144994,-6.28273375074685,-6.2825398932663,-5.057138199324848,136.55954414211283
657.0,-0.9823894861358777,0.011709429934516914,-1.4014703537100974,-6.28274484344022,-6.282946765617781,-5.044822508398487,136.41905125316583
658.0,-0.9841353873352247,0.011923991529422534,-1.399634302684758,-6.27974448943291,-6.283115351663178,-5.042227006670566,136.28024640129368
659.0,-0.9838021657450645,0.011740076974406393,-1.3926835816067626,-6.281562086087629,-6.283183538715462,-5.035765556091601,136.14317312755406
660.0,-0.9781761300025569,0.012189620736032207,-1.3912439660262501,-6.282239019933644,-6.283205354680237,-5.028440814069159,136.00367835141284
661.0,-0.9717903825363021,0.012000338045334782,-1.387294077345989,-6.282536929193071,-6.283209657139842,-5.022636650146824,135.86141384682662
662.0,-0.9700727057917744,0.012150856256764075,-1.387128152819236,-6.282641209851467,-6.2832137121101255,-5.030732694736752,135.71811855203705
663.0,-0.9692718147799696,0.012001705073280893,-1.384912653064469,-6.282701589904166,-6.283212922741734,-5.045157327180134,135.57486442366
664.0,-0.9672454106518916,0.012183029298109525,-1.385616902488666,-6.282713072083121,-6.2832150013692,-5.062206907746341,135.43036905850192
665.0,-0.9684124391859558,0.011993650429498043,-1.3845426147337156,-6.28272973565965,-6.283213035732215,-5.058122151002219,135.2866332031951
666.0,-0.9720330382896486,0.012155660318851375,-1.387321371082404,-6.276047566668502,-6.283202317597897,-5.055854707697992,135.14435423513055
667.0,-0.9802385479648512,0.011879599022680322,-1.3859563335361367,-6.277465649762295,-6.2832066222929965,-5.059076781418594,135.00695799464054
668.0,-0.9852549381056362,0.011970076939591913,-1.3839558635362221,-6.280615700132843,-6.283211026948465,-5.055672924186909,134.873224512476
669.0,-0.9856561687468518,0.011768244048909608,-1.3765118195750106,-6.281882426591933,-6.283211288451256,-5.049961423822247,134.74178963305832
670.0,-0.9799639266201132,0.01200155540401184,-1.3698094169520243,-6.282383683914933,-6.283214451420027,-5.046608702886791,134.60909898085214
671.0,-0.9766121589733263,0.012182355115740328,-1.366508119557931,-6.282579641346596,-6.283215488634417,-5.05083913564479,134.4752436312393
672.0,-0.9717116586310109,0.012212153090052576,-1.3635975110350915,-6.282670971473811,-6.283214959768426,-5.050438479082363,134.33926899955253
673.0,-0.9623774857334503,0.012065004676671992,-1.3572219933501513,-6.2827189365466,-6.283213317330105,-5.04262810672048,134.1992147473975
674.0,-0.9546672063623971,0.012190196216329878,-1.3528809587376687,-6.282721105043279,-6.283214613798542,-5.050591213850168,134.05536746639498
675.0,-0.9536640913883236,0.012501602928703705,-1.3561201934879872,-6.282707927677004,-6.2832158460685745,-5.053712095229905,133.9100716491047
676.0,-0.954295755012437,0.01246663076650574,-1.361495656441795,-6.282721243453254,-6.283214863380124,-5.066101336338012,133.76389084348392
677.0,-0.9602547568535358,0.012329703652613981,-1.3681736877021689,-6.282728068721485,-6.28321356501208,-5.082310176161497,133.6195211652462
678.0,-0.9695340237774551,0.012255138726943036,-1.375890364189429,-6.2827331658251335,-6.283213266939094,-5.089662513907,133.47871927484334
679.0,-0.9813603388311352,0.01197871379709048,-1.3802291040166315,-6.2827463564291905,-6.283211350212323,-5.082408689081425,133.343576836793
680.0,-0.9852255809087305,0.011835578060200658,-1.379147537871532,-6.282757009015993,-6.283211356569712,-5.068336026688191,133.2111928651754
681.0,-0.9842806623828322,0.012063744210369107,-1.3800499416350098,-6.282738565420677,-6.28321415161916,-5.054156028949991,133.07823076802057
682.0,-0.9776363802204809,0.009104416717104906,-1.3787910538635633,-6.282713185404707,-6.283212485902897,-5.037522686958106,132.94091211502635
683.0,-0.96655507971628,0.009260671018777603,-1.374687320893924,-6.2791151943396475,-6.283203781192323,-5.030184810156439,132.7981525148807
684.0,-0.9584544020664898,0.010357085268153307,-1.3725725736624743,-6.2812881739293,-6.2832086512833065,-5.023111788192446,132.65129824554103
685.0,-0.9551778073031143,0.011017655845210559,-1.372363745802072,-6.28213268289176,-6.283212297974498,-5.018615360078284,132.50257710702516
686.0,-0.9548672257483168,0.011680254359612594,-1.3783397082273916,-6.282470188035622,-6.283213721927278,-5.025576955461398,132.3523706872634
687.0,-0.9591288941790018,0.011506431534986995,-1.3795861876624733,-6.282638442910027,-6.283210760052891,-5.03879129189099,132.20414024780683
688.0,-0.9683232345870437,0.011495753604823992,-1.3776920184420571,-6.282702841467894,-6.28321102173566,-5.051597927293708,132.06174203936598
689.0,-0.9754210039649434,0.011627191723820969,-1.373415567388273,-6.282728520138245,-6.283212370798734,-5.061130906433822,131.92485665730862
690.0,-0.9824446642936291,0.011898531424431284,-1.3710674642733918,-6.2827265987643,-6.283214353249541,-5.066647618405728,131.7928995120014
691.0,-0.9878755231139331,0.011803536167283505,-1.3648864428295346,-6.282742502224334,-6.283212750398349,-5.066776773759913,131.66582792923566
692.0,-0.9860533972374366,0.011924304432375608,-1.3567829898511972,-6.282744669528771,-6.283213870130184,-5.062913878016187,131.54010113781405
693.0,-0.9794730000724102,0.012053878141355745,-1.3483339108128287,-6.28273999031477,-6.283214536242571,-5.050288142468695,131.41268573583469
694.0,-0.9731702075327052,0.012237728990738828,-1.3423058833236774,-6.282729668276152,-6.283215454265638,-5.039684073696473,131.2828796949659
695.0,-0.9636881633908919,0.01252894570570631,-1.3408968696109371,-6.282722260133002,-6.283215528577671,-5.040309640244417,131.1477214468774
696.0,-0.9529730435316756,0.012504783203514676,-1.3408877844799987,-6.282727724790511,-6.283195751067688,-5.037859655278532,131.00580339642534
697.0,-0.9465669513567841,0.012448025041956582,-1.3428361538431053,-6.282726962124792,-6.283205552288302,-5.048012909154809,130.85920786462407
698.0,-0.9464715295840042,0.012568507609526882,-1.3503097780427662,-6.282718653094885,-6.283211180564819,-5.05399469977823,130.71077204313548
699.0,-0.9502847637652475,0.012346681374706263,-1.357418442524894,-6.282733106876036,-6.283211518736622,-5.064491988384465,130.56292127284357
700.0,-0.9548913582975738,0.012170318865339688,-1.3629386454813472,-6.282742249544836,-6.283211625049036,-5.0791133317307695,130.41654569159672
701.0,-0.962538425189699,0.012094066709068456,-1.3684119170073392,-6.281190942129456,-6.283211429525567,-5.091403201534879,130.2733855249917
702.0,-0.9738918145520156,0.0119402359460231,-1.3715002588473286,-6.282131686401224,-6.280712422018197,-5.104139270391477,130.1361194003829
703.0,-0.9782929529493941,0.012329107444139868,-1.3794967032367653,-6.282480243268895,-6.282237974327603,-5.105941187515997,129.99983546076638
704.0,-0.9803729199342296,0.012249415384736376,-1.38813972363142,-6.282631831806682,-6.282823387581997,-5.096144220526056,129.8623915229929
705.0,-0.9821180903573236,0.011822089765586418,-1.390263544181339,-6.2827112793044435,-6.283062780679536,-5.084406938651291,129.72511859968645
706.0,-0.9782973064458361,0.011896357392850353,-1.3911058979139126,-6.282728876481926,-6.283161841485139,-5.069340578883461,129.5856028690867
707.0,-0.9735096041434907,0.01185849177963523,-1.3904863051168237,-6.281442407363886,-6.2831990163357565,-5.064926863732376,129.44342406560997
708.0,-0.9677227970789781,0.012031980297362379,-1.39171128456463,-6.282216611816141,-6.283208348227334,-5.058176069540836,129.29763195767453
709.0,-0.966017291282909,0.011876324221372735,-1.3911946162908102,-6.282525285695551,-6.283210547162994,-5.057309410538427,129.15073088895934
710.0,-0.963226281544775,0.012018170232623932,-1.3920989131193895,-6.282017664637668,-6.283212930829814,-5.058351022071914,129.0020807663891
711.0,-0.9652190313281845,0.012022640749149044,-1.3944809617072145,-6.282443956251807,-6.283213368955073,-5.068338292774934,128.85378882306847
712.0,-0.9728397515193641,0.011701474479913966,-1.391876213835781,-6.282628303871261,-6.2832110731748925,-5.078014552327155,128.71033431756143
713.0,-0.9799198626087131,0.01200432126039491,-1.3925280556436943,-6.282682550864672,-6.283214662118215,-5.070786617386018,128.57104399119086
714.0,-0.9862749152056653,0.011813459650206767,-1.3891979433863093,-6.28272388881297,-6.283212490790803,-5.063580674989255,128.4362624790286
715.0,-0.9852863878859297,0.01182239940329412,-1.3824453326032142,-6.282739508430161,-6.281274406603278,-5.058095843025143,128.30304112306675
716.0,-0.9779799815144913,0.011845402375937671,-1.37291372533714,-6.282743453386893,-6.2820184057101,-5.044783088103993,128.16828160363727
717.0,-0.9681621741235455,0.012257627224154298,-1.3688172272757373,-6.282721834775746,-6.282741908660405,-5.037472688059446,128.02896283269695
718.0,-0.9663415124662742,0.01226457005113573,-1.3678457269682458,-6.282718155079076,-6.283032620324783,-5.027230282797438,127.88850544434617
719.0,-0.9642303453704067,0.012265502050321475,-1.3675250222780337,-6.282727559237226,-6.283150039376489,-5.027037946066466,127.7469282234195
720.0,-0.9650076615109863,0.012354821411864022,-1.370901594770043,-6.282722117365406,-6.2831977655994145,-5.036596269390839,127.60491750432006
721.0,-0.9660925815925164,0.01218132175657367,-1.3728398128800592,-6.282735307193453,-6.283207286365788,-5.046160239694428,127.4630035463788
722.0,-0.9692250857683595,0.012197642565079788,-1.376431930893374,-6.282464419585192,-6.2832117016087325,-5.047340104640645,127.32199346378239
723.0,-0.9722801548170782,0.01212076833676433,-1.3794420352709091,-6.282630867211521,-6.283212482909701,-5.046944410423989,127.18199842561187
724.0,-0.9731179829541272,0.012111985328906878,-1.3823400221145927,-6.282694062016852,-6.283213246231763,-5.041132604347863,127.04179724181891
725.0,-0.9746692564406415,0.01171685485669362,-1.3782622145313586,-6.28273638931287,-6.283210429955647,-5.033094274790645,126.90333852500389
726.0,-0.9762134812148368,0.01178346762560953,-1.3727230896472564,-6.282738248532966,-6.283212486479253,-5.026545196310094,126.76730481290429
727.0,-0.9762758614155524,0.012319896472773312,-1.374990130046864,-6.282715181612375,-6.283214185804785,-5.022245320947638,126.63105125464696
728.0,-0.9813434551388636,0.012078219418534507,-1.3756796232845012,-6.282730759220969,-6.283212331556343,-5.023640788636999,126.49731684720413
729.0,-0.9845367013391529,0.011983595759001348,-1.3737627677016473,-6.282741543698251,-6.2807557603044994,-5.018881500370057,126.36604029265106
730.0,-0.9896925912781682,0.01196753493055229,-1.3713412068699595,-6.282738675317665,-6.282255417725595,-5.0254840804016405,126.23837305957005
731.0,-0.9883339054046419,0.012080856411831077,-1.3683509862656735,-6.282739755271332,-6.28282973638939,-5.024915339711777,126.11102079916877
732.0,-0.9853170546575017,0.012040241872696313,-1.3641366356675142,-6.282739478850579,-6.28306671293596,-5.023298874472097,125.98298361857637
733.0,-0.977713780023561,0.012173131081653726,-1.3605499149308424,-6.282735952900634,-6.283163868853714,-5.016516154065065,125.851526762296
734.0,-0.9702406447707838,0.01225048010651306,-1.3587428908974435,-6.282729655153042,-6.283201107265589,-5.015418142514791,125.71596925501598
735.0,-0.9632725431898312,0.012323096255075583,-1.3590636451580462,-6.282727306551838,-6.283210079540448,-5.0200668712792496,125.57607905910378
736.0,-0.9604929188172975,0.012502357509992082,-1.3652616540326206,-6.282716624708729,-6.283212976500144,-5.0137466153603025,125.43291820421845
737.0,-0.9613042391746278,0.01191343274145077,-1.3637129712822682,-6.282749292515001,-6.283209372057298,-5.007113487129884,125.29024308217286
738.0,-0.9679271805165318,0.012129761910713199,-1.3661024075672703,-6.282729912379905,-6.283213485693536,-5.008245213761873,125.15095148134888
739.0,-0.9788557448438006,0.012018909640899342,-1.3672969966234703,-6.28273786874969,-6.283212547838254,-5.003718036481719,125.01779637563556
740.0,-0.9820864819543641,0.012437667852712875,-1.3740240775001522,-6.282726056501374,-6.283212165591892,-5.000151223896393,124.88531587765807
741.0,-0.9840955628507115,0.011883822296386605,-1.3727887786210606,-6.28275369432971,-6.283209149867487,-5.002370679790895,124.75403043379902
742.0,-0.9803036437654669,0.012194380745452356,-1.3746234928678671,-6.282735995033186,-6.283212469788032,-4.996673152045581,124.62037581305137
743.0,-0.9720412811282778,0.0122139752893205,-1.3768827986390404,-6.2827349685542195,-6.2832134634893935,-5.000355665415863,124.48131361340728
744.0,-0.9649981264332556,0.012016602447109776,-1.3767806796734088,-6.282740280190666,-6.283212235224353,-5.00696372153414,124.33787557825384
745.0,-0.9630696468595374,0.012080698264499421,-1.3787727092180992,-6.282730037140648,-6.283213587562366,-5.008508266920505,124.19262915370959
746.0,-0.9655223373599684,0.011763132405709949,-1.3756171315531993,-6.282745878239386,-6.283211093238225,-5.015964284911606,124.04937480065774
747.0,-0.9707595888429666,0.011798243484419062,-1.3712648741780913,-6.282741667491046,-6.2832124921473165,-5.024167831253226,123.91033658539072
748.0,-0.9693488966141293,0.011929594283848443,-1.3654116892223007,-6.282743009638816,-6.283213803359443,-5.034793046107808,123.77224974673865
749.0,-0.9663823454566487,0.012088022781777528,-1.3609774565504988,-6.282733404582256,-6.283214759505617,-5.044535039583356,123.63354209462149
750.0,-0.9672651110804436,0.012083321053072733,-1.3568868205061264,-6.282732261465058,-6.283214118138538,-5.059550470943854,123.49624475816466
751.0,-0.9687793333190897,0.012319266423763398,-1.3567015704701741,-6.282724492082331,-6.28321579824128,-5.064861590984716,123.36006006146926
752.0,-0.9689397871355222,0.012026809182657628,-1.351692217640269,-6.282745228231493,-6.283212529206613,-5.071830164408586,123.2251004243778
753.0,-0.9661997944658742,0.012263115236986425,-1.349318544726327,-6.282733497458541,-6.283215096526597,-5.068189526895222,123.08922428981852
754.0,-0.9629925206282381,0.012159543606058627,-1.34542005082734,-6.282739199884562,-6.283213603147642,-5.061935673705769,122.95220751355156
755.0,-0.9579529951963063,0.012583150057606435,-1.348780380034477,-6.282719165147613,-6.283213647797061,-5.065764300925964,122.81153042091817
756.0,-0.9546431746704437,0.012222531826310288,-1.3486759867537734,-6.282739164193555,-6.283211460216074,-5.067953166278403,122.66855800818766
757.0,-0.954537794152151,0.011854264747483889,-1.3424196308212832,-6.282753596012874,-6.2832100865417475,-5.078043703595813,122.52666105732634
758.0,-0.9565817890110713,0.012295304967511399,-1.3422793833773945,-6.282726803348886,-6.283214538209152,-5.081813667760144,122.38622927410907
759.0,-0.9561882048423672,0.012390173545672237,-1.3439367065381678,-6.282730333467745,-6.2832148230354345,-5.077946779709395,122.24532685813932
760.0,-0.9569343077341672,0.012103395336022888,-1.3418717365928905,-6.282744533553871,-6.283212112529904,-5.082225336391808,122.10516905909441
761.0,-0.9553989030435439,0.01232267936627363,-1.3425358622830492,-6.282734353160311,-6.283214481253679,-5.091719159518934,121.96409296457901
762.0,-0.957274777941004,0.012213324782786729,-1.3429090021375312,-6.282736367769263,-6.283213193712012,-5.09705291767781,121.82392283404705
763.0,-0.9569691904175951,0.012287477453937894,-1.344072263743585,-6.282736996782107,-6.28321408648831,-5.101815864098445,121.68344840626193
764.0,-0.9616981538341086,0.012311185132450586,-1.3477302986315085,-6.282730040816138,-6.2832140190492805,-5.1148320090326385,121.54491591326162
765.0,-0.964577751526868,0.01222873631891887,-1.3501445571583188,-6.282740777406557,-6.2832132460507255,-5.116885759746533,121.40769534599173
766.0,-0.9626394452297857,0.01225070980239049,-1.3524184810098883,-6.28274120780747,-6.283213665492221,-5.119406680762289,121.26889281395597
767.0,-0.9620709690078122,0.012225810987723872,-1.3554559656514802,-6.282736533581086,-6.2832134682610015,-5.124057032418992,121.1289193477488
768.0,-0.9635465779384972,0.012237747079768171,-1.359817744702387,-6.282734015003078,-6.2832136723277126,-5.126053057937515,120.9887565509717
769.0,-0.9646243906750744,0.012097639015235934,-1.362221772295416,-6.282742135153286,-6.283212557662328,-5.137978812606234,120.84862103972398
770.0,-0.9642232601500119,0.012011789677599319,-1.3625129015536912,-6.282745091189585,-6.283212382303499,-5.1415069039846735,120.70816458614003
771.0,-0.9624353984553403,0.012078980939019492,-1.363033556340761,-6.282739334021296,-6.28321341074952,-5.13186292747005,120.5665480092702
772.0,-0.9587101421288927,0.01237004820621313,-1.3685543466624834,-6.282724931619049,-6.283213501208363,-5.139008646864227,120.4214947722441
773.0,-0.957755399801331,0.012089764733449632,-1.3715709901732482,-6.2827382927915885,-6.283211667306828,-5.133972756186141,120.27485493386769
774.0,-0.9610101036352323,0.011816929491055941,-1.3702485226249355,-6.282747655458624,-6.2832106857631285,-5.140635924273762,120.13025611639878
775.0,-0.9688757782516378,0.012189701493478998,-1.375168797850851,-6.282723901358855,-6.283214170546096,-5.136337784888495,119.98922553392191
776.0,-0.979161308674554,0.012130505388581085,-1.380353224475135,-6.282732288809621,-6.2832133003991455,-5.134615352671176,119.85286762334611
777.0,-0.9849849792508149,0.012061835423630332,-1.3836813259837892,-6.282741892415074,-6.283212957803663,-5.122799333926145,119.71913676604424
778.0,-0.9873624929441032,0.0119352523786505,-1.3840966796066114,-6.282746335496654,-6.2832123273671545,-5.106827350298593,119.58667454802767
779.0,-0.9832731490565403,0.0122689946935767,-1.3888791587650462,-6.282729177680156,-6.283212872324068,-5.089137686816242,119.4508886053664
780.0,-0.9769984886321852,0.01227925208462865,-1.3956727237961224,-6.282727978546668,-6.2832135267152225,-5.071094923836929,119.30960082304438
781.0,-0.9718957864687009,0.011802875278953729,-1.395628827433663,-6.28274951764322,-6.2832102497294215,-5.056394385696712,119.16502949820234
782.0,-0.9697745453148265,0.011951504324030563,-1.397859062681339,-6.282732685859399,-6.283213302451419,-5.051536057333205,119.01859331849842
783.0,-0.9731163315985041,0.011693442537247266,-1.3960653104643441,-6.28274277194894,-6.283211340388873,-5.050927866268225,118.87426957636137
784.0,-0.9794545679918,0.011963034349123198,-1.3979173759494412,-6.2827273311964325,-6.283214455842337,-5.043346231257198,118.73317947473815
785.0,-0.9868671579487044,0.01198845329690222,-1.4003671461216203,-6.282730312437696,-6.283214037085171,-5.029188987602391,118.59561320450862
786.0,-0.99585708047472,0.011879885030413628,-1.4010976571218439,-6.282737435303742,-6.2832129352174935,-5.034471209154362,118.4627769765684
787.0,-1.001821528641082,0.011746956902549835,-1.3975351170783434,-6.282747311035981,-6.283212202332918,-5.031210739159668,118.33434214893141
788.0,-1.002754792811199,0.011979144326371406,-1.3955178783432625,-6.282734817914724,-6.283214687586591,-5.01885688797372,118.20731484658947
789.0,-0.9976420929973087,0.011860348057173134,-1.3895182644112003,-6.28274455399392,-6.283213175359779,-5.010574564764977,118.07929327372311
790.0,-0.9878306106354804,0.012206099850258521,-1.3879002282163013,-6.282725412407709,-6.283215026769631,-5.00814079102009,117.94646707014583
791.0,-0.9807133732723963,0.01209294445577372,-1.3860644202263794,-6.282729104623631,-6.283213758677078,-5.009448503753941,117.80985048806113
792.0,-0.9748578996091903,0.012390741252658767,-1.3906762487901336,-6.282714784343451,-6.283214091771273,-5.010774722044819,117.66870523027625
793.0,-0.9748154920519426,0.012048249191972955,-1.3929123601312194,-6.282732249964129,-6.283211843600495,-5.006329938128947,117.52653823604226
794.0,-0.9771936276444152,0.011807843163109163,-1.3910669613335738,-6.282744015760629,-6.283211293464996,-5.0136313334578695,117.38608548309729
795.0,-0.9822421292237479,0.012083173877961833,-1.3937612461521334,-6.2827256180106295,-6.283214710137953,-5.016057871020725,117.24788535997835
796.0,-0.9859252891973685,0.011729204368417628,-1.3896007201441787,-6.282749573530169,-6.283211340840657,-5.016432915881796,117.1128305858747
797.0,-0.9830361235866427,0.012077784667964312,-1.3884388795383862,-6.282732563729678,-6.283214415341772,-5.010563185863916,116.97684029163555
798.0,-0.9778392108939649,0.01193320407639153,-1.3844109357473813,-6.2827400948527155,-6.283212941851892,-5.016795777763685,116.83887853321781
799.0,-0.9757883460779103,0.011984068376330018,-1.381253323345932,-6.2827322290668715,-6.28321385114984,-5.020675872072534,116.70048219202378
800.0,-0.9711982159115244,0.01197203053100835,-1.376408980450584,-6.28273797940915,-6.283213697604948,-5.020864993420661,116.56074663784212
801.0,-0.9621021534637983,0.012218177320829289,-1.374400428529917,-6.282728087696202,-6.283215438873061,-5.031076252515149,116.41632094542854
802.0,-0.9600601837342349,0.01217957377173791,-1.374475462891765,-6.282723821795594,-6.283214414006935,-5.043746126583068,116.27034816707044
803.0,-0.9647168888546485,0.0118833720098256,-1.3707461712884637,-6.282740000620403,-6.283211934155503,-5.043680375416482,116.12781507469603
804.0,-0.9717735943827283,0.011867229479014639,-1.3653070059184815,-6.282741610502852,-6.283212693944435,-5.0407191381190035,115.99089013439733
805.0,-0.9822607603031206,0.012045512922741662,-1.3619913337284826,-6.282731997596684,-6.283214381402252,-5.036186094376788,115.86115166568639
806.0,-0.9867374668370684,0.012146519921615005,-1.3581711885092782,-6.282738096633585,-6.283214722912785,-5.039984007282596,115.73540392923859
807.0,-0.9833788951786687,0.012087740382622596,-1.3514790772231817,-6.281214792475638,-6.283213887762289,-5.03822725897866,115.60953810007605
808.0,-0.9797151948857693,0.011962393498978135,-1.341466515549619,-6.282141214636534,-6.283212611298439,-5.030261446475767,115.4837937415629
809.0,-0.9720502000726605,0.01248506251257637,-1.3382564305736708,-6.282475446855592,-6.283214604557125,-5.027373367837992,115.3544337808758
810.0,-0.9603590486968128,0.012441949451334068,-1.3349468806249931,-6.282631130904412,-6.276783291695202,-5.020652530317878,115.21856268836507
811.0,-0.9533576694135657,0.012454452104558911,-1.3344076548481647,-6.28268518095089,-6.280667120545218,-5.026254367963695,115.07814298969556
812.0,-0.947844492001429,0.012661595813560331,-1.3394147259066655,-6.28270228644285,-6.282179314860334,-5.037024868868847,114.93320706023225
813.0,-0.9458077443236018,0.012564210599362786,-1.346781602297743,-6.282718226915659,-6.282800613521555,-5.041840056146991,114.78521399265122
814.0,-0.9503362152200064,0.01225645984201985,-1.3526951543999743,-6.282734536455275,-6.283055005637317,-5.0507520152577605,114.63840608146602
815.0,-0.959978721199605,0.012103267513339382,-1.3575013555795787,-6.282740892631305,-6.283159151278767,-5.060888070515028,114.49628135061162
816.0,-0.9729398510948547,0.012112982784638043,-1.3629131309972629,-6.2827394406348125,-6.283199321458003,-5.066027091295275,114.3607075537659
817.0,-0.9824156440299954,0.011907013519939004,-1.3633350739736119,-6.282754357056227,-6.283206536720197,-5.0570041944077735,114.2307882222772
818.0,-0.9830860223444904,0.011923000774348831,-1.3604572473463783,-6.2827545450562825,-6.283210644759316,-5.063854587788998,114.1022987747189
819.0,-0.9770080754815588,0.012159342561612262,-1.3591846752956231,-6.282739892358327,-6.283213976180033,-5.05719955905248,113.97074624590888
820.0,-0.9709138961301091,0.012147853598767954,-1.3579536967189354,-6.28273634574989,-6.283213662672139,-5.054584180065286,113.83573019258583
821.0,-0.9664185920432751,0.012031078911337272,-1.3547373284118935,-6.282740479456655,-6.283212769862336,-5.059569705478785,113.6986225547336
822.0,-0.9612533544451299,0.012396415895751526,-1.3573333294396712,-6.282722610215975,-6.2832139670053415,-5.058794798796509,113.55790863836637
823.0,-0.9569566820426759,0.012506464782412791,-1.3642894992789298,-6.282720234398668,-6.283213867856117,-5.052417718831193,113.41288651454121
824.0,-0.9551432561819558,0.012267436032492023,-1.3702962219963641,-6.282733561866504,-6.283212417981191,-5.042505673160174,113.26509321382697
825.0,-0.9596505634369803,0.011880288955550967,-1.3716840863429636,-6.28274682938566,-6.283210302738602,-5.043932708728903,113.11930160873835
826.0,-0.9693487443030206,0.012081596686558432,-1.3765482220080005,-6.28273140970576,-6.280684631998026,-5.042729417056218,112.97809432541725
827.0,-0.9822966364190172,0.012073972240681973,-1.3821183706570388,-6.282734735960736,-6.282227283379269,-5.0383923571742715,112.84299569502207
828.0,-0.9917688950067403,0.011765467480704176,-1.3808271135658123,-6.2827555860103566,-6.282816938706882,-5.040334546645961,112.71372687474059
829.0,-0.9956672575473744,0.011643780428027158,-1.3736599659192865,-6.282600107333445,-6.283059799782591,-5.035629488378543,112.58881308683516
830.0,-0.9973519473697695,0.012137965428876466,-1.3723623021466502,-6.282665110063234,-6.283162620262151,-5.027568633894167,112.46556796506434
831.0,-0.9927577912078827,0.011918357496583824,-1.3655270093277785,-6.282722400962054,-6.283199175388322,-5.024828583459919,112.34159318198013
832.0,-0.9834971703806035,0.011849839770224378,-1.3546585165236005,-6.282740358354723,-6.2832077620474305,-5.022678206239214,112.21501947500583
833.0,-0.9742796709104562,0.011842677942034975,-1.3411237511130658,-6.2827429941842095,-6.283211114534561,-5.018233011058996,112.08607539730968
834.0,-0.9658504674837065,0.01222527191746025,-1.3318564310576484,-6.28272582207631,-6.283215431761098,-5.01615570563924,111.95410455305955
835.0,-0.9544824068113874,0.012431504242780467,-1.3250848405457714,-6.28272650401892,-6.283216147978793,-5.026419357892311,111.81651688377723
836.0,-0.9418975336498594,0.012486352935548718,-1.3197721591384752,-6.282729280649385,-6.283215485301357,-5.0372086927782815,111.67188523662055
837.0,-0.9354055173037356,0.012775415323184386,-1.3223660073609886,-6.282711226596861,-6.283215792819107,-5.050168379072923,111.52239922576238
838.0,-0.932809290501031,0.01273549481854328,-1.3283931536555496,-6.282720052767119,-6.282628532870433,-5.063764716772548,111.36996163853397
839.0,-0.9367985154615723,0.012489371745728424,-1.3348231447370367,-6.28273136972905,-6.282994421511643,-5.080423118660663,111.21850547048709
840.0,-0.9425954150006934,0.01255367125279099,-1.344779612243313,-6.282730441401268,-6.2831346110489985,-5.098395058627024,111.06869685922221
841.0,-0.9521434274628633,0.012069247567443037,-1.3492427094138428,-6.282752330605954,-6.283190776762144,-5.102483627725784,110.92359582431185
842.0,-0.9645161390366749,0.012183757664574179,-1.355736958160896,-6.282740838980951,-6.283205443262966,-5.111812273908989,110.78468632570561
843.0,-0.9734610856386098,0.011995668562058385,-1.3580523846139483,-6.2827536085239135,-6.2832087741268365,-5.104477437249108,110.65075555411495
844.0,-0.9756092846438859,0.011994321139850037,-1.35782046019918,-6.28275270261201,-6.282831268991484,-5.094698768277028,110.51840012589324
845.0,-0.9707616920756315,0.012264662748139421,-1.3602922307946221,-6.2827373999354785,-6.283073674293923,-5.094883729188299,110.3827964108327
846.0,-0.9697330034174113,0.012015068627802059,-1.3601508968365819,-6.282742148607121,-6.2831670617460365,-5.0844272049348085,110.24628454909536
847.0,-0.9666964308660069,0.011861929664844967,-1.3554178021280248,-6.2827515287201,-6.283200594009605,-5.0757918899849255,110.10909347015775
848.0,-0.9623009689681024,0.01195199018491152,-1.349927322167814,-6.282743368353168,-6.283209133082105,-5.0633439999075796,109.9705466059208
849.0,-0.9585727625869815,0.012273924023109206,-1.3490146396258782,-6.282725720234724,-6.283214158936672,-5.061738111558546,109.83000037654729
850.0,-0.9600621976353776,0.01231350273476843,-1.3507520155778798,-6.2827241081772,-6.283182810104886,-5.060613290831974,109.68982052711054
851.0,-0.9612007695235133,0.012328922459708801,-1.3535569407260943,-6.2827307818511455,-6.283203107566522,-5.061246477483168,109.54975977615084
852.0,-0.961280908038698,0.012218505377305984,-1.3553386421288496,-6.282738384003729,-6.283209165900159,-5.062744695822979,109.40930437504954
853.0,-0.9637106916356449,0.01181766958695767,-1.3504729894189367,-6.2827547921916915,-6.283208886553068,-5.062521423434797,109.27122556303303
854.0,-0.9698076864231142,0.012064000277022112,-1.3483655369733327,-6.282735758489558,-6.283213263214505,-5.058292372078564,109.13744355865218
855.0,-0.9702732956641518,0.012159698867384196,-1.345636195521184,-6.282740519745503,-6.283214035621699,-5.06438558130831,109.00487518778553
856.0,-0.9724362397484936,0.01232981863565593,-1.3465857179045184,-6.281620521099711,-6.283213960696741,-5.061877042051129,108.87340221091189
857.0,-0.9707491702933468,0.012258500789253494,-1.3459531326360596,-6.282301307367939,-6.283213304659849,-5.058936910206183,108.74116526637825
858.0,-0.9673285537990806,0.01239699349494617,-1.348202230238458,-6.282551634660101,-6.280979227279284,-5.0513156969997715,108.60637188328118
859.0,-0.9606109415340435,0.012232954837641585,-1.3481291387113434,-6.282669290115786,-6.282342398267661,-5.052312627991833,108.46743276552544
860.0,-0.9601068272282088,0.011858606762513605,-1.342821671524327,-6.282720553169828,-6.282866185479487,-5.049176166791969,108.3289624749308
861.0,-0.9663883902986163,0.011996459110359842,-1.3388108699128136,-6.282725116768775,-6.283082638489043,-5.052341495157762,108.19522670754016
862.0,-0.9742462162289761,0.012132124161337271,-1.3357262324721146,-6.282730861466663,-6.283170620320765,-5.058071211538569,108.06719525570105
863.0,-0.9745094568360831,0.012409132330649683,-1.3351835398289933,-6.28273179447941,-6.283201583889416,-5.065597349599067,107.93987523445097
864.0,-0.9682578797457269,0.012623101788829829,-1.338647721996589,-6.282727480496158,-6.283208761636359,-5.062275835654139,107.80810894982473
865.0,-0.9575287155812174,0.012595724244655802,-1.3435989984309937,-6.28273229557125,-6.283211333104014,-5.063188621542862,107.6685728763456
866.0,-0.9543683407614901,0.012244822523534744,-1.3467786726659237,-6.2827382095179924,-6.283210594443606,-5.066719868482977,107.52586080400346
867.0,-0.9589302507514594,0.01032753915648437,-1.3450311260359882,-6.281920599482806,-6.283209212674994,-5.070467327955824,107.38562574549304
868.0,-0.9641285217878469,0.01086852972452339,-1.3488492675010615,-6.28242358718256,-6.283211407291812,-5.076155589439039,107.24796181145564
869.0,-0.9656696166928748,0.01161474880998612,-1.3575227449499108,-6.28259707634836,-6.283211750394769,-5.080884319030963,107.1095748213025
870.0,-0.9668479873270182,0.011948520396401461,-1.3696913224485736,-6.282672307811131,-6.283211763947013,-5.086971175983935,106.9689852367265
871.0,-0.9719887948800288,0.011646768962826511,-1.3765594089103805,-6.282725450400643,-6.282407232400005,-5.08392886306803,106.82937891223818
872.0,-0.9745025561425235,0.0117566115283565,-1.3821007094842197,-6.2827368907736565,-6.282905813880144,-5.079552017689672,106.68993453742533
873.0,-0.9770307033747292,0.011648624746693205,-1.3838602968050393,-6.282745572339559,-6.283097280768456,-5.077651151350608,106.55138194878606
874.0,-0.9761440787639091,0.011626149293927345,-1.3815096411541967,-6.282749986454676,-6.283175566713038,-5.068151868908408,106.41301855405138
875.0,-0.9697525770368033,0.011813769130820521,-1.3784357988148335,-6.28274211604091,-6.283203115736896,-5.058545373103122,106.27191745491281
876.0,-0.963079988223331,0.012255143279648363,-1.3823115508036719,-6.282717698283431,-6.283210069321812,-5.06064564580597,106.12601358519827
877.0,-0.963812213558465,0.011973045556300785,-1.3845247489002837,-6.278477693917221,-6.283206305518999,-5.0637685145969735,105.9795723736761
878.0,-0.9685257168246806,0.01214384152055993,-1.3898752476754022,-6.2810402578053415,-6.283207480099558,-5.070587487577973,105.83450977263041
879.0,-0.9776142590396913,0.011679778647379582,-1.3881980362669706,-6.282060622410804,-6.283207916491669,-5.069004444604843,105.69483877486381
880.0,-0.9896927894870807,0.01180313156048855,-1.3868238844085587,-6.282457974317321,-6.283211967163112,-5.057320330126175,105.562553776118
881.0,-0.9931283876230578,0.011990026728008772,-1.3850997939117904,-6.282624147588107,-6.283214105334663,-5.0453327603578035,105.43313898769517
882.0,-0.9952063578931305,0.011982583619704966,-1.3828553173970097,-6.2826897801543184,-6.283213757690597,-5.04102425281076,105.30553932686995
883.0,-0.9947594312836568,0.012021400576277649,-1.38013324344246,-6.2827175187516024,-6.283214070092585,-5.039761533650121,105.17857156392206
884.0,-0.9885557099764267,0.012059376010425962,-1.3763755918618963,-6.28273055035968,-6.280929930781488,-5.028126675769841,105.04924390831314
885.0,-0.9791524196633703,0.01199969706010296,-1.3705296509227953,-6.282738008164822,-6.282323501233127,-5.020994793092317,104.91597693768162
886.0,-0.9682611507465061,0.012046643625014945,-1.3642344597074183,-6.2827358190854525,-6.282858689755365,-5.0078328158416054,104.77782075893587
887.0,-0.9620659898285401,0.012338805509764112,-1.363998571402485,-6.282716304919564,-6.283080936841306,-5.0081901871249945,104.63591264787708
888.0,-0.9563406759836767,0.012340767307791838,-1.3652349251153608,-6.282724308446098,-6.28317032943933,-5.0192703246128225,104.49021177016331
889.0,-0.9513803084985804,0.012092011040550037,-1.3634405996142935,-6.282738901581696,-6.283201587049184,-5.027710834638898,104.34172853282513
890.0,-0.9535310574355743,0.012253915785489806,-1.3662405167767753,-6.282723053128288,-6.283210647331439,-5.042209252051177,104.19373952471287
891.0,-0.9615511071815365,0.012035488528823328,-1.3670261188500064,-6.282736624068645,-6.283211013500061,-5.054905091941045,104.0502204368393
892.0,-0.9676283234169044,0.012084952155954523,-1.367518849715568,-6.282738941235654,-6.28321294645743,-5.0675593122506095,103.91041525260925
893.0,-0.9731800415446602,0.011994573081345695,-1.3660352293904976,-6.282742824435413,-6.2817730488331955,-5.079089999324863,103.77430586193526
894.0,-0.9753285510468193,0.012021536048151264,-1.3632870410408966,-6.282743409772777,-6.282655724676894,-5.078573028733963,103.64033591144683
895.0,-0.9708372130877788,0.011996891654781513,-1.3576618193211438,-6.282747503012422,-6.2829938541368024,-5.083177818583958,103.50523701961654
896.0,-0.9627764239307377,0.01221278784916069,-1.3542149357326254,-6.282734225853991,-6.283134596980085,-5.086825503818454,103.3661936380682
897.0,-0.9511979851893729,0.01234479843650382,-1.3526451385564693,-6.282730702331811,-6.283192213587475,-5.085073064237975,103.22046793626473
898.0,-0.9413105318685416,0.012436291353389745,-1.3544827333953742,-6.282598562053019,-6.283205430020997,-5.080853588288128,103.06807279604375
899.0,-0.9400959247363843,0.012509683836558516,-1.361874419481276,-6.282665733856614,-6.283211730899335,-5.089564608952267,102.91298982001331
900.0,-0.9458971134329844,0.011964811961429801,-1.3630733848351624,-6.28272492627891,-6.283209199857992,-5.096645991038255,102.76080285887753
901.0,-0.9562914826669614,0.011957374128076643,-1.3638098822946219,-6.282733424966294,-6.283211587600994,-5.11059490467284,102.61474956135469
902.0,-0.9697326242736513,0.012188459683751702,-1.3683554024421207,-6.282726738193787,-6.283214176744933,-5.124800799187039,102.47583020331281
903.0,-0.976632029566397,0.01247281167759321,-1.377541452297292,-6.282725205959073,-6.283212714642199,-5.127696219035876,102.33907296220053
904.0,-0.9786208645856337,0.012130011277517894,-1.3824143437050607,-6.2827459448562575,-6.283211076372673,-5.131743771130646,102.20211136960201
905.0,-0.9771190412164033,0.01187525257277709,-1.382285841204014,-6.28275374683361,-6.283210758857362,-5.122241956459919,102.06424287351516
906.0,-0.9787072580958598,0.011991601183147514,-1.384128782495141,-6.282735879171848,-6.283213175600457,-5.107224616048203,101.9267400188854
907.0,-0.9756935343612224,0.012119472383859249,-1.3869415686673345,-6.282733971559368,-6.283214322956349,-5.101396977905253,101.78694439398163
908.0,-0.9762249930675478,0.011991846598513514,-1.389173235244094,-6.282734815020166,-6.283212976678854,-5.095449728345298,101.64661479909762
909.0,-0.9744048084190527,0.011920842128984052,-1.3890640392307083,-6.282741386367678,-6.283212780829296,-5.092491128552585,101.50531162362103
910.0,-0.9712753762680704,0.012064743838168766,-1.3909173272761597,-6.282731404760228,-6.283214301409942,-5.089022523565513,101.36176331872375
911.0,-0.9691171505912891,0.012071985821950121,-1.3936973225730096,-6.282730318493974,-6.283214028713382,-5.080601096574861,101.21615481275666
912.0,-0.9686644100078468,0.01199587740811898,-1.3960081679821603,-6.282733635628299,-6.2832133212225445,-5.072388904483545,101.06955409511518
913.0,-0.9704206204955985,0.011985751396686062,-1.3987691231339618,-6.282732393587923,-6.28321347067187,-5.077190970569942,100.92314520599483
914.0,-0.9762798200143052,0.01191949294235787,-1.401322046064673,-6.282733855263939,-6.283213040695538,-5.0765028831630055,100.77924613014848
915.0,-0.9793618063871686,0.011737918114365791,-1.3990083801334317,-6.2827473369449365,-6.283211858524434,-5.076203272146095,100.63777049814045
916.0,-0.9792967027400377,0.011844387714923995,-1.3962545461177587,-6.282739484704465,-6.2832134827431165,-5.079656154856727,100.49717054413003
917.0,-0.9748476203838807,0.012007717964964493,-1.3945398895383974,-6.2827327942242865,-6.283214719959213,-5.078400526957602,100.35469361688465
918.0,-0.9743760084787881,0.012143483166495984,-1.3967614360883112,-6.2827212130498955,-6.283215305779734,-5.083637592715121,100.21125028533297
919.0,-0.9754993392541211,0.01191801959824331,-1.3958829588252648,-6.282737087950054,-6.28321286752766,-5.085523883314692,100.06855294180936
920.0,-0.9770762870223335,0.012109468947060392,-1.3983379684430006,-6.28272616223955,-6.283214931103007,-5.080475918317314,99.92618600115446
921.0,-0.9826298935621813,0.011991739339199219,-1.4004795451626342,-6.282731537359999,-6.28321346422031,-5.073032407519033,99.78620260557143
922.0,-0.9874288915972774,0.01202013470770803,-1.4030023088936283,-6.282732819370323,-6.283213916107702,-5.058965316938445,99.64828261980271
923.0,-0.9906142164215973,0.012111249379513496,-1.407562304738958,-6.282728800901876,-6.283214608861691,-5.042065816162018,99.51090517887813
924.0,-0.99162496745802,0.012192240213556247,-1.4147747192389217,-6.28272617827058,-6.283214399216452,-5.026692049447267,99.37203943426265
925.0,-0.9944665099790555,0.01178668167340077,-1.41667202425939,-6.282744815365875,-6.283211169271796,-5.011654875788058,99.23382052241848
926.0,-0.9915966338996086,0.011801981397722455,-1.4163800167233673,-6.282743482143258,-6.2832126797729755,-5.005595800401797,99.09430604426448
927.0,-0.9840265148044454,0.011869266153432425,-1.4156294597293708,-6.282737029329693,-6.283213634720315,-5.010812793911595,98.95097008558984
928.0,-0.9739536884650379,0.012059002627205174,-1.417818276861334,-6.282725597188011,-6.283214782610724,-5.0104572253613995,98.80151680311444
929.0,-0.9700131850912228,0.011843852892597049,-1.4185518701021997,-6.282731695133528,-6.283212749845658,-5.0192272591823475,98.64928109023703
930.0,-0.9710067560486738,0.012091983778628735,-1.4250517546950927,-6.28271688231991,-6.283214203816075,-5.032755696156804,98.49575906267211
931.0,-0.9776002015074354,0.011558613679179253,-1.4238014882816596,-6.28274694393154,-6.2832099788971245,-5.031907845701539,98.34578951766011
932.0,-0.9854088302296493,0.0116124683265999,-1.4211087124231667,-6.2827412389216395,-6.283212282307112,-5.042165807751644,98.20096161072453
933.0,-0.9920314698239545,0.011578935595572543,-1.4151090556919488,-6.282743951618123,-6.283212455277944,-5.035266496504564,98.06159458249459
934.0,-0.9931479308133146,0.011863283216800056,-1.4106863213457992,-6.282731982288532,-6.283215096567511,-5.022560492235019,97.92452371357092
935.0,-0.9876537153037389,0.012145748945120341,-1.4097754532362494,-6.282722459606113,-6.283215995545418,-5.01301733336837,97.78503411687751
936.0,-0.9795789481767648,0.012004776859387379,-1.407005058016067,-6.282732480401918,-6.2832140106477805,-4.998118580890236,97.64177835987569
937.0,-0.9743427801842455,0.01169797660464696,-1.3990351307617759,-6.28274423529225,-6.28321179155757,-4.9891533389406755,97.49751151563318
938.0,-0.9699018374698357,0.011922466370682701,-1.3931552188704714,-6.282729717573926,-6.2818016203088645,-4.9911251419139395,97.35241059014413
939.0,-0.9722707522498644,0.012218587781290393,-1.3941382314732134,-6.282711738099782,-6.2826701783898065,-4.994729027994577,97.20838278098257
940.0,-0.9722713622171635,0.011885702362145648,-1.3891583514806254,-6.282741660606601,-6.282999512454862,-5.006916809659721,97.06566087223271
941.0,-0.9758721920798695,0.01181521761128858,-1.3825843353510505,-6.2827393818738475,-6.283136818606671,-5.019574077090716,96.92666130211211
942.0,-0.9737342061271242,0.012352263897722334,-1.3830280316073504,-6.282718637326525,-6.283193651758653,-5.023184190572975,96.78681462970482
943.0,-0.9701455402403899,0.01195422945273918,-1.3777390578230477,-6.282742869553302,-6.283204607579552,-5.030755137546579,96.64602708703644
944.0,-0.966414775404313,0.011970051639372674,-1.3716159748140955,-6.282739049822603,-6.283210638701079,-5.034648737810826,96.50460092168598
945.0,-0.9692426815227875,0.012231114795459058,-1.3711391192886173,-6.282719144362793,-6.283214696030231,-5.0376432525222175,96.3649222222828
946.0,-0.9712030030330003,0.011953824834765106,-1.3660079594353984,-6.278339248729215,-6.2832087714893925,-5.045154539512252,96.22768250366234
947.0,-0.9710988888921337,0.011946153810792202,-1.3583051041799499,-6.281000305371454,-6.283211103186856,-5.05098203979963,96.09236799813377
948.0,-0.9696480861310153,0.012281403446226524,-1.3552416238626535,-6.282012881766384,-6.283215417938926,-5.056744123902589,95.9571330448242
949.0,-0.9651567212977413,0.01234235819745176,-1.3534500852877251,-6.282437776875908,-6.2832152911866315,-5.060606037502957,95.81969807971427
950.0,-0.9576647820291254,0.012449190754171103,-1.3542589644185352,-6.282608192670894,-6.283215478308036,-5.060420584822297,95.6775642426318
951.0,-0.947779949826055,0.01266155142106565,-1.360754221552163,-6.282670539178237,-6.283213415291987,-5.058945431870257,95.52793428117297
952.0,-0.9457375851690883,0.012332175798153143,-1.3669673583813717,-6.282709508170022,-6.283211835025532,-5.068047342827668,95.37513263266038
953.0,-0.9475433665694618,0.012050267560156966,-1.3729380525730877,-6.282726185743679,-6.283212181505059,-5.073209428075777,95.22184140222011
954.0,-0.9546386366006466,0.012022479931947763,-1.3804544158475551,-6.2827312307946555,-6.283212827968845,-5.072750241939452,95.07083083095833
955.0,-0.96539384274717,0.011558892700716597,-1.3795052288038547,-6.282757345597689,-6.283209160916389,-5.080285385772376,94.92618566746924
956.0,-0.971188083418058,0.011561336586801401,-1.3734508119181639,-6.282758753380927,-6.283210919226749,-5.0820419147503255,94.78676110940681
957.0,-0.9780451637316191,0.011958980370190966,-1.3716692161217607,-6.282731832432216,-6.283214774394945,-5.077282676770162,94.65203769203886
958.0,-0.9851365334596577,0.012055579961246378,-1.3706719391671316,-6.282732361289787,-6.283214532401512,-5.071081544964547,94.5218645976258
959.0,-0.9855568787658422,0.01235690997262768,-1.3735858241927261,-6.282726033884828,-6.283214413393506,-5.0786694415895255,94.39155579119057
960.0,-0.9792566764787107,0.012207556790607161,-1.3742388921546183,-6.28273942262821,-6.283213229499063,-5.076229209993734,94.25743816889668
961.0,-0.9684440116257285,0.011890883775623485,-1.3685492268738797,-6.282753859967521,-6.2832112403285825,-5.065347711326873,94.11825497508245
962.0,-0.9564871962601882,0.01207202969384573,-1.3643182053748955,-6.282736934756619,-6.2832139303338055,-5.063134813814082,93.97291917371321
963.0,-0.9528914797246796,0.012063473750513004,-1.36146826326993,-6.282728483253218,-6.283213684218298,-5.052034840167088,93.82573221640206
964.0,-0.9559726637557058,0.011921086338130172,-1.3593360726951411,-6.282727943710413,-6.283213664295284,-5.052816836132257,93.6807487679726
965.0,-0.9644694091006978,0.012257400653871391,-1.363998404962602,-6.282717254353815,-6.2832153037433915,-5.048115893263958,93.53988705096127
966.0,-0.9766335358028294,0.01230904834432136,-1.3715170677492432,-6.2827237906400875,-6.283214607277072,-5.042595489904641,93.40442924247357
967.0,-0.9878633194086712,0.01197367539974396,-1.3738163009915811,-6.282748227257413,-6.283211458486253,-5.050653246821219,93.27490343170962
968.0,-0.9902383236213957,0.012240226995970691,-1.3784757759656667,-6.282737907160019,-6.283212689731273,-5.046296486228038,93.14592339100226
969.0,-0.9880597382196427,0.012131303967841987,-1.381742361725304,-6.28274131331438,-6.283212577652494,-5.042659885968965,93.01478759600194
970.0,-0.9821031316759798,0.012013955624513992,-1.3825488914527482,-6.2827446838072705,-6.283212406656286,-5.030092170540379,92.87998304329777
971.0,-0.9785996312476579,0.011667335976254084,-1.377015993699052,-6.282753682557915,-6.283210342471164,-5.018650250896246,92.74430521959636
972.0,-0.9712355906182069,0.01195266692390502,-1.3727941389345866,-6.282738200846573,-6.283214074917757,-5.0204115958059035,92.60564832646094
973.0,-0.9682877985152474,0.011983181220790657,-1.3693430806679312,-6.28273121591271,-6.283213839599963,-5.020857903671544,92.4659223207276
974.0,-0.9666307400832348,0.012003787774503545,-1.3653886921206424,-6.282734191704358,-6.283213826782858,-5.02767109560999,92.32619170332728
975.0,-0.9687746852127727,0.011959603417783628,-1.3605260947184166,-6.282735830123058,-6.283057109526917,-5.0414985740586795,92.18882833259737
976.0,-0.9657800096198188,0.012408899514948607,-1.3614984288965686,-6.28272196137925,-6.2831633738546095,-5.055560203938039,92.04983416774465
977.0,-0.9632747096263462,0.012286267415977357,-1.3625008026583072,-6.282730110593063,-6.2832003896068365,-5.057918461966246,91.90893845751437
978.0,-0.9653877857597605,0.012209836987409127,-1.364252585777853,-6.282731184560193,-6.283208701471992,-5.0700500642199,91.76872550205805
979.0,-0.9646573395108198,0.012159125595123964,-1.3648333988488701,-6.282739115116326,-6.283211655365673,-5.073834210218221,91.62803212284945
980.0,-0.96649988288108,0.012166791780741877,-1.3666988129731503,-6.282733169262764,-6.283213060500411,-5.083658341216315,91.48788515157717
981.0,-0.9645580337517922,0.012265887267703697,-1.369922175580314,-6.282733362635807,-6.283214191696433,-5.086194210451865,91.34595777945768
982.0,-0.9679065948584875,0.012181195872414351,-1.3744034634061868,-6.282730803253562,-6.283213392608694,-5.088763934347924,91.20465557599235
983.0,-0.9696906375026171,0.012288807896157689,-1.3813355306902515,-6.282729922610382,-6.283213636560311,-5.088699961819585,91.06277688641886
984.0,-0.9722600732873301,0.012297146738404364,-1.3909372034622747,-6.282728332480835,-6.28321373584199,-5.081183756568635,90.91980558073722
985.0,-0.9789651451422339,0.011831288604789587,-1.394745961716759,-6.282748922746964,-6.283210255484891,-5.070918150764303,90.77928551099447
986.0,-0.9855732939005305,0.011883596301493807,-1.3982914805763713,-6.282742010855976,-6.283212380032695,-5.065403013561448,90.64160071539605
987.0,-0.9881388683653671,0.011596147395517478,-1.3945869169552134,-6.281077088010815,-6.283210628749245,-5.056188875953404,90.50638433892374
988.0,-0.9839771998001939,0.011824520999128707,-1.3904953590611446,-6.282077910481806,-6.28321339204284,-5.053088613734137,90.37025550437396
989.0,-0.9746319332700115,0.012107380426158642,-1.3894155103502286,-6.282456525697106,-6.2832151619816345,-5.056261253570808,90.22927961516736
990.0,-0.9676304484929963,0.012096996453292973,-1.3894832179659076,-6.282615663763207,-6.283214396753715,-5.048638885281955,90.08405406080884
991.0,-0.9676700104162792,0.01191998481178149,-1.3882522694607378,-6.282687175630522,-6.283212838632591,-5.034436707847436,89.93886636133382
992.0,-0.9662379102358674,0.011781273507824973,-1.3827595583933188,-6.282726144838388,-6.2832122204556535,-5.031926633908313,89.79429884195835
993.0,-0.9662556108562567,0.01209422536153296,-1.3817655949453003,-6.282716867773497,-6.2785883936409235,-5.026986910871184,89.65009503757437
994.0,-0.9686249176281455,0.012377302396122987,-1.3873098723916648,-6.28271111157685,-6.281402142504802,-5.020606623032736,89.50593722828084
995.0,-0.972900282463146,0.012172643039940523,-1.391993743433168,-6.282728585862206,-6.282479869935062,-5.02499594389754,89.36287774992407
996.0,-0.9806635676069898,0.012107693069137433,-1.3975734856966993,-6.282731056817298,-6.282923631343496,-5.020457806788885,89.2226365438039
997.0,-0.9841873300893335,0.012031892140275741,-1.4015167207501278,-6.282739516513553,-6.283104525587281,-5.0297945287012915,89.08339569891233
998.0,-0.9871755011731022,0.011703638961183203,-1.3995113563603896,-6.282751842062866,-6.28317855279259,-5.025250013889277,88.94620862092144
999.0,-0.9853149681194571,0.011721681685118116,-1.3944237973615434,-6.2827487628542835,-6.283203774722726,-5.02096108977239,88.94620862092144
