time,shoulder link,upper arm link,forearm link,wrist1 link,wrist2 link,wrist3 link,total_reward
0.0,1.3705817262528919e-05,5.940708036004975e-05,-5.172046198965452e-06,-0.00014197476136637176,-3.7727005703778034e-06,3.712293796391454e-07,-0.9111607981031667
1.0,-0.0022405238036702834,0.004569438278116507,-0.00504023774225701,-0.006224213789131618,-0.011114438295933544,-0.011087338010690319,-1.8217648173469267
2.0,-0.009521440401540427,0.00863673107291919,-0.012772768283008048,-0.019733766543384913,-0.02679962563001783,-0.02575877893049871,-2.7285796612388085
3.0,-0.014457683369714917,0.011307842691826593,-0.024227053711510488,-0.032595681998609106,-0.040091364660655146,-0.03848833204152571,-3.631586614429643
4.0,-0.02175524349721073,0.012458491465600215,-0.03297106203200564,-0.04891963107468396,-0.05660663226700024,-0.04911155524468729,-4.529525600051187
5.0,-0.029819897997550807,0.012390694692688232,-0.04394847099984624,-0.06198402767327721,-0.07451927868753602,-0.06449133987103711,-5.420865323940548
6.0,-0.040480305966910324,0.01309974284890002,-0.057819247770471094,-0.07601674258564405,-0.08906954408856221,-0.0819335000653344,-6.304082850143491
7.0,-0.049001327350159246,0.013510011194254132,-0.06882953732864777,-0.08995073547058419,-0.10358405724268019,-0.1002308278410473,-7.1804767478544225
8.0,-0.05415903738274604,0.014217897474546921,-0.0822826867157817,-0.10069616920517532,-0.12063136042540054,-0.1130385848570386,-8.051588918412753
9.0,-0.05691892357317938,0.014428984168015663,-0.09492521316518246,-0.11611842416262035,-0.13876690308858478,-0.1269310304463015,-8.918850918434568
10.0,-0.06241136661905135,0.01478408088146553,-0.10955477168620052,-0.13148237769554483,-0.15735483722640056,-0.1437174630913236,-9.780575254741205
11.0,-0.07236309665022087,0.014677341726798108,-0.12213091928669026,-0.14889208465108691,-0.17612540337190544,-0.1617426364098426,-10.634283301147041
12.0,-0.08027470068843713,0.014934232235238766,-0.1366717182204908,-0.16718016272381692,-0.1855061137547755,-0.16870256142117215,-11.48103322015279
13.0,-0.08898207697730334,0.01473072534622776,-0.1493623251099798,-0.16972092249317364,-0.19943015394489824,-0.18266714122534966,-12.320059433584394
14.0,-0.1008533078826493,0.01454187322569642,-0.15876435620042798,-0.1819245897296323,-0.21625987462464163,-0.19573015458725243,-13.15017770942596
15.0,-0.11534264994414718,0.014927417000467687,-0.1711144808883213,-0.19196918170821084,-0.23430574394431508,-0.21215227237917372,-13.96941964536022
16.0,-0.13056233147859458,0.015151592060502731,-0.18563870740661395,-0.20710671606013986,-0.2528530531184685,-0.23002621432573123,-14.776896629871144
17.0,-0.14639583244022247,0.014872583899399421,-0.19767239111215082,-0.22446673598361438,-0.27160624986666976,-0.2485021384305875,-15.572455104827851
18.0,-0.16121949484049705,0.014927829964855999,-0.21048777604218977,-0.23514122950543892,-0.2904466898797162,-0.2672267781272757,-16.35641819888041
19.0,-0.1766728953524109,0.015118746058890383,-0.22525225155083062,-0.2505345037527759,-0.3087218561017443,-0.2848224836643597,-17.12829285732629
20.0,-0.19137276766505584,0.01518344440898159,-0.24140783393315504,-0.2679939718348161,-0.32735298143852787,-0.3013965329666499,-17.888107891040526
21.0,-0.20629369862441563,0.014811311679335937,-0.25442497942160597,-0.283932561489263,-0.3357536495316625,-0.31930432227841,-18.636379683324257
22.0,-0.221503847606732,0.014903608064638819,-0.26816059598771375,-0.3015465837016326,-0.3493531762047524,-0.3360857933265625,-19.37281956982851
23.0,-0.23767907159820936,0.015057083304593426,-0.2835695448948073,-0.3198995351929739,-0.36604874753086064,-0.3540808313165173,-20.09645034450648
24.0,-0.2537197304535773,0.014882824735853738,-0.297536616180787,-0.3385871841319092,-0.3840378814386434,-0.3726059931247991,-20.80730717451299
25.0,-0.26918151607732627,0.014984901724560198,-0.3130525851433954,-0.350872373325564,-0.4025635055647621,-0.38964850936282885,-21.50539628329403
26.0,-0.2834778118422968,0.014687220945199971,-0.32528300407680605,-0.3669376542753966,-0.4213086257970868,-0.4077515592319786,-22.191847178202714
27.0,-0.2974273137987788,0.014910657038933744,-0.33955799789951707,-0.3791176622071181,-0.42939006544292424,-0.414443963512714,-22.866957385465465
28.0,-0.3126322758492136,0.015015364972027588,-0.3553836411857238,-0.38705099792591613,-0.4343461121075784,-0.4283039131717319,-23.529625795039195
29.0,-0.32915827143076026,0.014739719500777942,-0.36836346538400283,-0.40136429364975346,-0.44745697460505973,-0.43856862933640567,-24.179223423030816
30.0,-0.34659459446609525,0.014939522747106209,-0.3831501898481954,-0.4183506682224794,-0.4621819290015015,-0.4538020754666088,-24.814987569810658
31.0,-0.3645912686398038,0.014800755630142505,-0.3969923226167083,-0.43015052079433463,-0.4689877347180838,-0.47118378021241053,-25.436668091798673
32.0,-0.3829406909586012,0.01489770002903264,-0.4124336127509334,-0.4342426206834326,-0.4828712218554224,-0.4872010246932532,-26.043558480851026
33.0,-0.4014762370914336,0.01489328244440106,-0.4290404760352457,-0.42480881204085913,-0.49723589011095587,-0.5048707443762731,-26.635088973305095
34.0,-0.4201093513694092,0.014795583605476618,-0.4445723887496659,-0.4227091755502671,-0.5142210318899733,-0.5232610011594003,-27.211355328643332
35.0,-0.4388527793567858,0.014724886249406885,-0.45976388039986665,-0.4161284970325905,-0.5323292926642009,-0.5418561948898494,-27.772315512592993
36.0,-0.4560046380606351,0.014828591335682642,-0.47611923548963925,-0.40875464908996473,-0.5501584186168047,-0.560628518902234,-28.31871766786963
37.0,-0.4711745811504706,0.014889520700268107,-0.4932988793128203,-0.4062197657306685,-0.5686034365701528,-0.5794756392408481,-28.851602750297705
38.0,-0.48019327108839477,0.014631426798800728,-0.5087384387089787,-0.3940873426659402,-0.5845038005171406,-0.5983537898094602,-29.37474744923205
39.0,-0.490023816312477,0.014701158870435327,-0.5252506024280386,-0.3819394595739003,-0.602112939106979,-0.6118911294608114,-29.887926213105352
40.0,-0.5030359746718455,0.014701454440621625,-0.5425495075485058,-0.36631401085244764,-0.6204793816081655,-0.6284827312596529,-30.38893309335759
41.0,-0.5182518497060277,0.014668314947388994,-0.5602567000845089,-0.34877461098786366,-0.6389604968753981,-0.6413320061492089,-30.876282070307717
42.0,-0.5347963001856686,0.014057900720314789,-0.5702512838458197,-0.34750218753976503,-0.6576823783559339,-0.6543312426195674,-31.35056735975355
43.0,-0.5522823011225628,0.01444481497053424,-0.582870021856649,-0.34781830449134826,-0.6702313792623362,-0.6682636267937906,-31.811414770592574
44.0,-0.5649501868035847,0.014427819921799733,-0.5951678929979611,-0.33684467239826565,-0.6864019574005025,-0.6850662925700765,-32.26122488940635
45.0,-0.5777668790237471,0.014556145822697496,-0.6090393313500913,-0.32291800674525717,-0.7041698021073173,-0.7030980786630688,-32.699905762789946
46.0,-0.5926905106537649,0.01447024374123612,-0.622525421467087,-0.30611001833072715,-0.7193157605786131,-0.7142371830872353,-33.12625967332888
47.0,-0.608213394355968,0.014322150582605489,-0.6339198932368083,-0.2962944079272195,-0.7366091521130747,-0.7298421184535472,-33.5403025385003
48.0,-0.6239048585747453,0.014555444605411569,-0.6476649812920193,-0.288637927793729,-0.7454435661198486,-0.7447036934031106,-33.94195472464856
49.0,-0.6404662568394699,0.014603520606604787,-0.6631671655615385,-0.27616012928589007,-0.7601389405529004,-0.7618885033802926,-34.330152279145146
50.0,-0.6569614944415231,0.014085888588786582,-0.6797669711088203,-0.25993629348002684,-0.7738859962701352,-0.7752966625365821,-34.70448546548061
51.0,-0.6731127415910456,0.013932782073291784,-0.6960909727647644,-0.2421563868260753,-0.7905972073522062,-0.7918446236210157,-35.06534379745532
52.0,-0.6893459299179746,0.014123600357324007,-0.7131461665544095,-0.23143087721817382,-0.8085933637901291,-0.8097700968176603,-35.4127879374183
53.0,-0.7063346800518293,0.014183792343561019,-0.7308291780289224,-0.21899258934873245,-0.825290901371822,-0.8255671320173104,-35.74636298679904
54.0,-0.7240179053087767,0.01419970428408876,-0.7489195174954303,-0.2077426531286377,-0.8415182503345608,-0.8405723035088289,-36.06570684174866
55.0,-0.7421552418811005,0.014117454520162128,-0.7668371949495241,-0.1920922508199376,-0.8583752489176455,-0.843257664345411,-36.370719745783994
56.0,-0.7598442299008729,0.014119300658282817,-0.785044862726903,-0.1773704411502377,-0.8706901691603018,-0.8555240541799808,-36.66190667940241
57.0,-0.7759184146290311,0.014008301548679181,-0.8022638686488488,-0.1645252701546784,-0.8852099280911816,-0.8700927348238912,-36.94036142104645
58.0,-0.7923797311718872,0.014027314880746395,-0.8199863157864891,-0.15542414474286614,-0.9022708853226349,-0.8857729207979972,-37.20602422925392
59.0,-0.8096876054130548,0.013811512182404683,-0.835505856659997,-0.14792793567156484,-0.9204105022089228,-0.9033172183074831,-37.458974643412226
60.0,-0.8245793030036807,0.01388513727579544,-0.8520435054092392,-0.13380240677622282,-0.9389999397067864,-0.9154475186416489,-37.700599963387695
61.0,-0.839520634702557,0.013774039407594857,-0.8676671493400964,-0.11757805334018773,-0.9473272018494215,-0.9210900127804562,-37.931597900214896
62.0,-0.8519603226221014,0.013854617303798134,-0.8843016651472329,-0.10097183576166885,-0.9568674854793171,-0.9298779972245835,-38.15316903423685
63.0,-0.865448650366287,0.013886848851897829,-0.9017125625419881,-0.09753034412628583,-0.9700316861261363,-0.9445185653773203,-38.364654827513505
64.0,-0.8770182874993409,0.013639942671576859,-0.9172618550525271,-0.08498438131103545,-0.9865340071183176,-0.9616556766023956,-38.56740559714595
65.0,-0.8899656727075118,0.0134357721808941,-0.9302907310788436,-0.07490308995744588,-1.002107049001787,-0.9769528890697693,-38.76177463793716
66.0,-0.9009700151698211,0.013644858113615713,-0.9450967569925445,-0.0703362915890061,-1.0174850894129799,-0.9943142981387203,-38.948445838773615
67.0,-0.9134973881059189,0.013463964609262264,-0.9584968275322204,-0.061516572104712564,-1.0312200940294636,-1.0125770907942655,-39.12743774211898
68.0,-0.9283174192224293,0.013580433412270377,-0.9736157234026838,-0.057054198034835975,-1.0479244606552347,-1.0248512183398886,-39.29794551718314
69.0,-0.9408798452112686,0.01363195292909337,-0.9899842434610222,-0.05321819004127202,-1.0642385224268578,-1.037860009994205,-39.460786696509125
70.0,-0.9545533377214379,0.013571267753030908,-1.0070061923889086,-0.05386281987643494,-1.0752947841122318,-1.054269778383491,-39.615748068713955
71.0,-0.9700908576681073,0.013480513899195926,-1.0246526225838264,-0.051320319690310263,-1.0908585943418905,-1.0721389189268404,-39.7628908886938
72.0,-0.9868550269405897,0.01340995317161022,-1.042714186094557,-0.049782436253646,-1.1083806283192645,-1.08838771446363,-39.9026653268093
73.0,-1.0016081442679237,0.013154825182184368,-1.0582747746538437,-0.041791519660208984,-1.126714063797997,-1.101831897566077,-40.03720987562514
74.0,-1.0133941643709952,0.013240804284528198,-1.0748402494500582,-0.03615794863655539,-1.1368340114957471,-1.1184015900348678,-40.167580467543026
75.0,-1.0266300403960755,0.013243210406366617,-1.0922323717287794,-0.04052111107078062,-1.1511164460176455,-1.128803000939087,-40.29361675040416
76.0,-1.0418890735747797,0.013192212466608691,-1.1101321850928287,-0.0508636182151408,-1.1680933572576653,-1.144108546122995,-40.41566657572496
77.0,-1.0552899936592197,0.013071936539045693,-1.12837194317412,-0.04547536380749915,-1.1862023624598161,-1.1615204691119032,-40.53602462891403
78.0,-1.0644858803154618,0.01303011529212418,-1.146636296004784,-0.03998746066058105,-1.204776967732972,-1.1798052165657604,-40.65559398620712
79.0,-1.0720220554212407,0.012963999844446553,-1.1649397859258082,-0.038507832799458325,-1.2191868223365823,-1.194793050463568,-40.77434393931017
80.0,-1.078654184375009,0.012911286931182245,-1.183447401470595,-0.042682934086182504,-1.227784204846976,-1.201745545983725,-40.89185672894521
81.0,-1.0861120976033876,0.012831906014155655,-1.201951142453954,-0.05541740179275284,-1.242365991460103,-1.215687126345571,-41.00826965689965
82.0,-1.0870661364777605,0.012779071811039327,-1.2205394418546995,-0.060816996671283034,-1.2594894572574369,-1.2325367931297184,-41.12378753134066
83.0,-1.0837495472341347,0.012317065380293668,-1.2326435106876712,-0.06156931328006113,-1.2773984170442139,-1.246804697358791,-41.23868351407514
84.0,-1.0826031325555494,0.012493285522905156,-1.2467933650865202,-0.06885274352348683,-1.294132723739479,-1.263725190708784,-41.35291497766386
85.0,-1.0768749984387969,0.01247305631968027,-1.2601540693913786,-0.07271923946446192,-1.3121152848578326,-1.2818050724070185,-41.466310270136496
86.0,-1.0690870601222864,0.012574493741537143,-1.2753242720959346,-0.08084326185758223,-1.3306308586503124,-1.2893720108978464,-41.57835012114644
87.0,-1.0588937409578143,0.012450741390736332,-1.2890025310663256,-0.09346081487887271,-1.349372421732337,-1.294887434894916,-41.68849833311442
88.0,-1.0458148538723764,0.01217120842803988,-1.298437886624764,-0.1001940472323189,-1.3556278610187122,-1.3036628104032617,-41.797031877128674
89.0,-1.0306836068893128,0.012204126910876776,-1.307352532097825,-0.10464275276595998,-1.3693179182081465,-1.3182985463446968,-41.90531470467404
90.0,-1.0142381314408468,0.012430892967077617,-1.3194739889928708,-0.11162474786057312,-1.383747466245645,-1.3329356582823395,-42.01419769102944
91.0,-0.9978891932936329,0.01231272607590874,-1.3310624211025972,-0.1164692214065132,-1.4007587678382336,-1.3500307403670082,-42.12493169823968
92.0,-0.9814384807731025,0.012361852304434996,-1.3449987412059572,-0.11531434512896624,-1.4188786985023167,-1.3681364660372124,-42.23953905039546
93.0,-0.9642338719872001,0.01237983285401004,-1.3606010575754306,-0.1179744914607126,-1.4374566095266612,-1.3829009001944408,-42.35878467814407
94.0,-0.9494359213193125,0.012137458336410039,-1.3745571353063941,-0.12128960244206591,-1.4541907134379013,-1.3917936652240355,-42.482695505781955
95.0,-0.9387637476700956,0.011857419716974753,-1.3854479192857363,-0.12017500854662357,-1.4649346440989754,-1.4063596935164575,-42.61098454297396
96.0,-0.9263303161359128,0.012018809531534138,-1.3987697939237034,-0.1134329817876585,-1.4803838927497082,-1.423464022925549,-42.74534992497524
97.0,-0.9167051873736208,0.01203784887797378,-1.4135486566779547,-0.11594880713403596,-1.4903526619390783,-1.4396343368700617,-42.88455898633903
98.0,-0.9089575921511057,0.011940407225207549,-1.4297230265292793,-0.10579493333707898,-1.5042045836416893,-1.45737193064385,-43.029823938377625
99.0,-0.8981247841131903,0.01188195828263643,-1.4456288238416353,-0.09351247804021134,-1.5210009836602827,-1.4715316467265378,-43.182419579086904
100.0,-0.8844494001876841,0.01191533473130487,-1.4625083459182613,-0.08885459294241725,-1.5379197982759023,-1.473372176636955,-43.34278027578636
101.0,-0.8710290666412137,0.011833017402805086,-1.4801303014122529,-0.08628193956499618,-1.5559787730221522,-1.485301595744998,-43.5109232651214
102.0,-0.8560599246372741,0.011606734441254556,-1.4935189464962575,-0.0963494132311305,-1.5745330801713056,-1.5013222410059768,-43.68536716138239
103.0,-0.8397556389813926,0.011574375434280262,-1.5074215001730373,-0.09928902468249448,-1.590149159162126,-1.5190320450756503,-43.867759145868675
104.0,-0.8225393163788135,0.011608640121231898,-1.522963114973648,-0.10250734880561954,-1.6076373677232962,-1.5297987255048806,-44.05890959706367
105.0,-0.804702667307522,0.011450057401739546,-1.537449783017839,-0.0979096264841503,-1.6220081913781597,-1.5403056106636295,-44.260000828030726
106.0,-0.7868301181604149,0.01130032830314616,-1.548389679587364,-0.10305868937661518,-1.6380097972845984,-1.5556492378419984,-44.46951784052497
107.0,-0.768672438533479,0.011120821151139297,-1.5557379009029682,-0.09851088766672503,-1.6528284941331597,-1.5712727166591816,-44.68786991970139
108.0,-0.7510236367608456,0.01106570184932654,-1.5606303529503305,-0.08857528029391176,-1.6699918032025964,-1.5739088235419647,-44.9147614990139
109.0,-0.7330923653358499,0.011168315385150798,-1.5638475381241967,-0.09449236843088266,-1.6881746942582259,-1.5861600097935016,-45.148631375177665
110.0,-0.7148328165000082,0.011204244612193767,-1.566002650239989,-0.10557294261746288,-1.7009421815630639,-1.5991359162061523,-45.38949326542017
111.0,-0.6963469746699404,0.011158437311247821,-1.5674615754222163,-0.10297182757822802,-1.7172076845658442,-1.615532711814179,-45.638296562660265
112.0,-0.6792411508979724,0.011159929044084966,-1.568439871584834,-0.09534391868843736,-1.7312849406568889,-1.6275352544846178,-45.89497271828485
113.0,-0.6618944821288223,0.011244676191022604,-1.5690540151994306,-0.09553130151874417,-1.7409210165806295,-1.638479822979233,-46.159369782783315
114.0,-0.6485366584576147,0.011258666112278607,-1.5695138607264707,-0.1066626069050872,-1.7534077716784562,-1.6540029859109466,-46.42878928223642
115.0,-0.6370345608320864,0.011220833628879151,-1.5698129313256268,-0.1123761143588813,-1.7696182768953568,-1.6715046195512648,-46.702320707548814
116.0,-0.624639563002604,0.01128376908949542,-1.5699691378821303,-0.12503938452101365,-1.7874088201563356,-1.6898264907589435,-46.97981144509396
117.0,-0.6113688695771956,0.011253217604498308,-1.5700970548206283,-0.1293477066156745,-1.8018750567846522,-1.708487505809475,-47.262534034682346
118.0,-0.6034858834806306,0.011194938152479536,-1.5702437834831384,-0.13372400750662733,-1.8135324844642695,-1.7234285008563757,-47.548237419918784
119.0,-0.5930527656320395,0.011287628864054494,-1.569996584126652,-0.14563103384868878,-1.8277481436921348,-1.7406257892984836,-47.83729327780336
120.0,-0.5820008521302502,0.011290646570070105,-1.570105916371163,-0.15574351932434222,-1.8446811182640306,-1.7535048727352067,-48.130106874597246
121.0,-0.5743668103660203,0.01123731014296644,-1.5702286467886264,-0.16536541506992147,-1.8524988607916728,-1.7698250571279495,-48.425827275111295
122.0,-0.5647512555067221,0.011253483548105958,-1.5702496103416332,-0.1695096604047961,-1.863500272136405,-1.7876560682029268,-48.725353972783026
123.0,-0.5546999723894087,0.011238380929667693,-1.5702907320804218,-0.16767223111146534,-1.8663837686878597,-1.798650341465853,-49.02996355746935
124.0,-0.542024593977985,0.011265015952254398,-1.5702859886224918,-0.15960198927429534,-1.8750504801684984,-1.8141970850480555,-49.340810549021974
125.0,-0.5280655993260116,0.011306060035858677,-1.5702882389614852,-0.1536947180354918,-1.8896592415920912,-1.8277935651114439,-49.65804399703814
126.0,-0.5125392814963103,0.011360172763197115,-1.570275787979723,-0.15502427095688281,-1.9067866111084137,-1.8444342000902627,-49.9819378280376
127.0,-0.5001949669328642,0.011254926473042206,-1.5703491366832056,-0.14603692494268167,-1.9247874094962565,-1.8494796269917537,-50.31134483579028
128.0,-0.4863585289973829,0.011337063797900693,-1.570309868339913,-0.14594840561892794,-1.9433174120947196,-1.8585469734624802,-50.646456306068046
129.0,-0.4707500529443934,0.011337485618107953,-1.5703033393996368,-0.14350538565169044,-1.9598828455045443,-1.8723351693840051,-50.98850868210065
130.0,-0.4565934880156566,0.011107161843474768,-1.5703117757402212,-0.14853383546176166,-1.9777774628232194,-1.8891035264312894,-51.33648716050037
131.0,-0.4450007259713701,0.01111661776172748,-1.570356013785432,-0.1594334258044115,-1.9962617967647913,-1.9071218321822332,-51.688800245694836
132.0,-0.4338718324732975,0.01117180634733481,-1.5703535870469292,-0.17107804733248835,-2.0116945164196762,-1.925657302769878,-52.04539026811028
133.0,-0.42086324484023896,0.011174533919553028,-1.5703473837364106,-0.16965559019182158,-2.022616475009713,-1.941679246396274,-52.40803360847836
134.0,-0.4058652022487362,0.011195602368370782,-1.5703375232428927,-0.15803830907360591,-2.0305479020938995,-1.9560095008566367,-52.778393899330176
135.0,-0.39330640892057983,0.011231864523118628,-1.5703587923595297,-0.15114473785632163,-2.0448416736218373,-1.972962316468947,-53.154649133751654
136.0,-0.38193714071745555,0.011250274174708117,-1.570360409376023,-0.14433817721244593,-2.0596765725600514,-1.9910557662084551,-53.53601061086839
137.0,-0.3684331476480577,0.011341961307817977,-1.5703136306238408,-0.1478795433187494,-2.0705641245821145,-2.0096222608287175,-53.92357642902282
138.0,-0.35727395185113514,0.011281271340036165,-1.5703580798097379,-0.14814575833414573,-2.08568165147235,-2.0238698493403944,-54.3160124348552
139.0,-0.3441793623824682,0.011291852666329783,-1.5703328762663273,-0.14305583010547282,-2.1030161832654475,-2.0407692886455524,-54.714135779969226
140.0,-0.32905261894213306,0.011285468555346468,-1.5703242976603853,-0.12993202098988535,-2.121267930673614,-2.0588402020554946,-55.11918151739162
141.0,-0.31730332190555266,0.011258341734837893,-1.5703673546467072,-0.11712567591685898,-2.137431404152171,-2.068612076722263,-55.52964800976837
142.0,-0.30391142565425566,0.011343355571426631,-1.5703202872525721,-0.11321347751339443,-2.15259278939883,-2.0836805202019413,-55.94610504208283
143.0,-0.2933859497343555,0.010933159425176012,-1.570359345328035,-0.10048551811804177,-2.1688906962318013,-2.088631562789454,-56.367290539814995
144.0,-0.2881884744904586,0.01094783391190675,-1.5704253983811203,-0.0916115788139461,-2.1787998352242863,-2.0940063152476305,-56.79079116216273
145.0,-0.28128565827409024,0.011143493017208251,-1.570358321617424,-0.09364187799174852,-2.1939159533172194,-2.1035961090550344,-57.21666364933186
146.0,-0.27903328155487755,0.011136686064696458,-1.5704103569752483,-0.09612143253315211,-2.2112474808203917,-2.1136444588722907,-57.64247337903542
147.0,-0.2808203854831904,0.01109091190993481,-1.5704412662202307,-0.08599519711276306,-2.224407070232283,-2.1176631994722417,-58.06654393183135
148.0,-0.27817046995384076,0.01127846800569641,-1.570338978037166,-0.08979792178624188,-2.236088025402576,-2.1285649805688096,-58.49086932686717
149.0,-0.2765152772995989,0.011284728575368587,-1.5703557753133086,-0.09912393633356052,-2.251918398831197,-2.140476032919364,-58.91475029035894
150.0,-0.2763963223419353,0.011242852952086579,-1.5703752463038567,-0.10383083421684158,-2.269550911185466,-2.156423521642011,-59.33729585798828
151.0,-0.2802274427051824,0.011244530444650718,-1.570396587451476,-0.11683454851483638,-2.2846652067569218,-2.174101285306912,-59.75653237749953
152.0,-0.27817274476807335,0.011315315195149054,-1.5703148292257658,-0.12795614800831745,-2.2975173894456873,-2.186189961246876,-60.17551562417207
153.0,-0.27049272250578327,0.01133789794847983,-1.5702831662868626,-0.13521886581579443,-2.3088153418901616,-2.2021664455226135,-60.597558747467346
154.0,-0.2690771829361878,0.011237364541366344,-1.5703833877792874,-0.1434933392096656,-2.3244794941153217,-2.2198551139332205,-61.01937793329656
155.0,-0.26986838338715774,0.011229348730956877,-1.5703868833888979,-0.1516135146442101,-2.3417997375532322,-2.238254163700018,-61.43947771283088
156.0,-0.27174547955303524,0.011245128163103161,-1.570381468975553,-0.16278583956028736,-2.360042847792997,-2.2534340659718315,-61.85720412497457
157.0,-0.2685564415494962,0.011333189883126584,-1.5703093864576638,-0.17843973691587026,-2.377136056166423,-2.2707360160884367,-62.275163352806516
158.0,-0.26162629384217634,0.011316642641352508,-1.570302969154688,-0.1885591793724794,-2.395261144699515,-2.2867827496741215,-62.69551168640934
159.0,-0.25196838379117725,0.011297605077901576,-1.570305402786911,-0.19268403318351918,-2.4055691115060323,-2.3044657263476265,-63.12031293029184
160.0,-0.24382706760033385,0.011230679246839828,-1.5703555750145963,-0.18796511128452015,-2.4196846925180564,-2.320158466395069,-63.54874647584264
161.0,-0.23718457843821678,0.011253078440950273,-1.5703623396802004,-0.1876753695096015,-2.431030132874006,-2.3317725869310486,-63.9801065191077
162.0,-0.2313024535785922,0.011259080778526973,-1.570365438378632,-0.18808000560331958,-2.443032098838259,-2.3403309901686784,-64.41393445295041
163.0,-0.2321058584858401,0.01118521097374346,-1.5704353947652727,-0.18845667562075014,-2.452125818486782,-2.3541211348726407,-64.84699160746028
164.0,-0.23027460233222546,0.011247517573954868,-1.57037177988265,-0.18592901329389389,-2.4668943151555527,-2.36787504994333,-65.28005607735345
165.0,-0.2311342033065767,0.011223555675726903,-1.5704012225455555,-0.18347206856966333,-2.483564333774375,-2.384595756430099,-65.71181550587112
166.0,-0.2297789351907137,0.011307571091328466,-1.5703445271018148,-0.1888486565043172,-2.495177592022539,-2.402593408983399,-66.14351673686274
167.0,-0.23009011250431094,0.011275665007228056,-1.5703704872854178,-0.19531428234437767,-2.508270803675135,-2.4153869454978993,-66.57437982665347
168.0,-0.23257930089096238,0.011221079608406242,-1.570395485893874,-0.19588743273360587,-2.5151879801564982,-2.4316644778191465,-67.00357167669989
169.0,-0.2330531166560023,0.011300142762800024,-1.570345350977625,-0.20383061721875145,-2.5228824195296684,-2.4470483920854726,-67.43199328453379
170.0,-0.2298692632250831,0.011337519004523056,-1.570310970460558,-0.2137355079671796,-2.5321865761526303,-2.464453199714672,-67.86152232486215
171.0,-0.2286069423765815,0.011205367192712215,-1.5703816119396452,-0.20663897509976886,-2.546844437419534,-2.477046736228355,-68.29110122612
172.0,-0.22690303349411603,0.011242580927333126,-1.5703631083321858,-0.1995438400160672,-2.561105689556318,-2.493242486882132,-68.72086591771765
173.0,-0.22914543624810577,0.01124388000480821,-1.5703927199062004,-0.19958388653594042,-2.578036912147776,-2.5086829725468407,-69.14874462182102
174.0,-0.22565581657183184,0.011341908834227163,-1.5703062165839201,-0.20213069247539006,-2.5961288444105377,-2.5261126433172723,-69.57744121189764
175.0,-0.22370088686038392,0.01132380001074801,-1.5703408360690254,-0.21186945134108962,-2.6146901890352816,-2.5410715505887334,-70.00646162722568
176.0,-0.21793689412947143,0.011319035654245498,-1.570312711160582,-0.21493661914776999,-2.6334543871272404,-2.558285168058551,-70.43765531496713
177.0,-0.2100052917813528,0.01134316101543963,-1.5703045377776255,-0.2228084567615939,-2.651266312908833,-2.572330519408427,-70.87236515840475
178.0,-0.20494001031493525,0.007726090328836709,-1.5701910749078882,-0.22980033503078273,-2.6633180877792277,-2.58222511952853,-71.30971117222447
179.0,-0.19914264274394092,0.008181982897111837,-1.5704731177124736,-0.24029046354560346,-2.67226345308595,-2.584563539649009,-71.74984379450513
180.0,-0.1943166081786439,0.009218921492060828,-1.5704433329704295,-0.24579868079179149,-2.6869614121194667,-2.5966595695949666,-72.19202744160012
181.0,-0.19482687599131898,0.009900157923780894,-1.5704533846163065,-0.2553249292765936,-2.704123275350435,-2.6121330086957655,-72.6335249189801
182.0,-0.1954817805087921,0.010318247787297731,-1.5688926352383519,-0.26465188781085386,-2.720446449403275,-2.6230144356734955,-73.07407697544593
183.0,-0.19591603844454128,0.010768070695701178,-1.5693007842416038,-0.2789116004745381,-2.7345749006458893,-2.6385009843596694,-73.51404981747882
184.0,-0.19614689900066282,0.0109329822045619,-1.5696537200802037,-0.29366932034647214,-2.7407104413939942,-2.652685837116762,-73.95384023813725
185.0,-0.19594163649183927,0.011011423166254284,-1.5698999001887681,-0.3016519453666244,-2.7543237187533514,-2.6676938128630385,-74.39345448993244
186.0,-0.1940641580250994,0.011078023807966167,-1.5700514812915967,-0.3025643687987907,-2.768099170387627,-2.6764003035016,-74.83369150409368
187.0,-0.19679898232694765,0.011123791179654948,-1.5701945553309693,-0.31147412149628734,-2.7848284007501487,-2.6910302763947236,-75.27233707272484
188.0,-0.2018634682699893,0.011131481547596196,-1.5702741233640725,-0.3177775888602272,-2.7966954817981526,-2.706883986233655,-75.70815472394887
189.0,-0.20881590331304742,0.011190720078892172,-1.5703065387258786,-0.33140881825616914,-2.8018382415913448,-2.7245027385320695,-76.14037276358756
190.0,-0.21951190938109788,0.011148431799887535,-1.5703682521975564,-0.34067948190560005,-2.8062038065081905,-2.7379147742670717,-76.56706728280479
191.0,-0.2290048693303062,0.011215073998255647,-1.5703396047658968,-0.350369990335538,-2.8190640038831503,-2.7544613469091375,-76.98858744509224
192.0,-0.23520624907885396,0.011278837693955218,-1.5703082821599026,-0.36280124551977205,-2.826829389049429,-2.772386114254412,-77.40678430274906
193.0,-0.23534403742886556,0.011357173212027331,-1.570260127424138,-0.37898601235117196,-2.8402463160271427,-2.7908828010219406,-77.8248020560236
194.0,-0.23162202904835752,0.011315461031163999,-1.570283808021344,-0.38891863538478677,-2.8521353816803314,-2.809616021297546,-78.24474079210508
195.0,-0.22623452163511587,0.011289461730528944,-1.5703106650385057,-0.395971367577893,-2.8680563700494663,-2.828447116591579,-78.6674713649915
196.0,-0.21951386862156755,0.011308929928802816,-1.5703141004015388,-0.4074284764167356,-2.8829176048979206,-2.8473186027134187,-79.09379274314283
197.0,-0.21365660680017723,0.011280470700271822,-1.5703477537791828,-0.4208255964725934,-2.900100851380808,-2.8662067275285046,-79.52338908757031
198.0,-0.21437471733550675,0.01115532325667485,-1.5704472197047434,-0.4295011722781623,-2.9182907572104035,-2.8851017726086137,-79.95296629143981
199.0,-0.21566306054969284,0.011164227730525878,-1.5704316339940034,-0.4346433149804094,-2.93689897875113,-2.902979850730575,-80.38196193387321
200.0,-0.21637544722938315,0.01118085767432939,-1.5704177131201413,-0.4382079940953824,-2.9428797385635104,-2.919330574588181,-80.81065506268153
201.0,-0.21854086260117928,0.011197965348901412,-1.5704183560527902,-0.4450633891120506,-2.9452835604618914,-2.922891559485022,-81.23841606028572
202.0,-0.22529971326478454,0.011202686427829043,-1.570436588695904,-0.45889649420356676,-2.9573764007540744,-2.935510666779057,-81.6631530265595
203.0,-0.23030465413508777,0.011179561892901452,-1.5704184414448477,-0.4615377429444019,-2.9692293490203463,-2.9464406056296517,-82.08537436262088
204.0,-0.2365807324210854,0.011196073375549483,-1.5704186183228963,-0.4668126376685228,-2.9832818346282153,-2.9619541700266083,-82.50465320957531
205.0,-0.24070235360048534,0.011249225514489961,-1.570376524617966,-0.47372605375948446,-3.0001477818150484,-2.976304274423508,-82.9220774026845
206.0,-0.23768830263766927,0.011360291469694833,-1.570292372338691,-0.48757518684253404,-3.0095145278699755,-2.991204178569803,-83.34127147804861
207.0,-0.2349140649110251,0.011269238140964985,-1.570358316498835,-0.4962786316456528,-3.0244155994678072,-3.0047476728826803,-83.76239104121757
208.0,-0.23723623948516936,0.011219671284911912,-1.57041690880256,-0.5108914292604108,-3.0361873092817135,-3.0213696822853717,-84.18307150210855
209.0,-0.2371361486940321,0.011266280993005284,-1.5703732991301973,-0.5280189020854414,-3.052050470162399,-3.0393261512482397,-84.60445068777848
210.0,-0.2407185501354967,0.011149650958138474,-1.570454652981402,-0.5377297569963452,-3.068009374499589,-3.0578360203349417,-85.02481023250805
211.0,-0.24696777644386747,0.011134258947479162,-1.5704655667746426,-0.5456460578079524,-3.0856650624434514,-3.0765747981720195,-85.44275676377028
212.0,-0.25347755831746677,0.011191811289302415,-1.5704307800673716,-0.5587015963825276,-3.103228736593917,-3.0954080977727956,-85.85830770439033
213.0,-0.2581933752752798,0.011217143712072147,-1.5704053188226594,-0.5716519306860238,-3.1214835943078842,-3.1090116244853503,-86.27242110385244
214.0,-0.25826043279404187,0.011252548570971127,-1.570367464311191,-0.5830263356232005,-3.1367386678718514,-3.113144084877531,-86.68723395030794
215.0,-0.25750738286692965,0.011207443279339936,-1.5703998277271043,-0.589200079680531,-3.1540745088938795,-3.119177577788161,-87.10323618065205
216.0,-0.2592514480067821,0.011214537916943408,-1.570418405938667,-0.6027986881969363,-3.172327180678281,-3.132683873467155,-87.51959086526026
217.0,-0.2578676835427976,0.011258155975739056,-1.5702723593790064,-0.6195124659582466,-3.1909612185134617,-3.149352046117227,-87.9378006535175
218.0,-0.25677065833031193,0.011215573967893352,-1.570340546845734,-0.6350843196956704,-3.205550919363806,-3.167329314214397,-88.35775897935544
219.0,-0.25611768802148843,0.011201988201453027,-1.5703775350518787,-0.6525678893192368,-3.215631099895248,-3.185847814402798,-88.77912967071772
220.0,-0.26130590937211523,0.01112164350365384,-1.5704661037210474,-0.6706071043857913,-3.2307986398547786,-3.2045900297043515,-89.19958568533622
221.0,-0.27020495571915265,0.011103535385001216,-1.5704887081005547,-0.6891453473325254,-3.2481568809029917,-3.223424757543735,-89.61748475917457
222.0,-0.2783696860156892,0.011132451115063233,-1.5704639919477308,-0.7066320638502404,-3.266420570679658,-3.2422977404078037,-90.03317335209698
223.0,-0.28956738479779937,0.011066570462346539,-1.5705126950423705,-0.7173382734666771,-3.2850582500363332,-3.256149900174556,-90.44528713610629
224.0,-0.3030366666100937,0.011113657427288275,-1.5704888802180201,-0.7327536033618273,-3.3038490468457957,-3.2728770831844987,-90.853047603353
225.0,-0.3114994022838098,0.011210132769300841,-1.5704084075066702,-0.7502120225112687,-3.322704482476331,-3.2908764513080686,-91.25876059013503
226.0,-0.31240882033996037,0.011260741374418806,-1.5703602483431605,-0.7659319936700151,-3.3384342926143025,-3.308744434602554,-91.66561101156262
227.0,-0.3178349455802824,0.011160219223305727,-1.570460630422674,-0.7834966711901244,-3.3531593343994945,-3.3272064548309266,-92.07207774016092
228.0,-0.32112281567887696,0.011186497760524508,-1.5704347149112696,-0.8015402610691538,-3.370082094450999,-3.3459250520233716,-92.47903596185442
229.0,-0.3246022808442779,0.011078492388063738,-1.5687321990846403,-0.8201032212072809,-3.3881632794671934,-3.3645350087091095,-92.88641192139092
230.0,-0.3237884428431108,0.011258620090150521,-1.5691870636947094,-0.8388281605759166,-3.4067226364170398,-3.3770063146032596,-93.29629141302316
231.0,-0.32745649946729666,0.011134878309538446,-1.5696931869695563,-0.8577022643545007,-3.425485253432757,-3.3931407614252747,-93.70724125875269
232.0,-0.3363071595047926,0.011029756214294362,-1.570035142763048,-0.8715231146208988,-3.4443288579795612,-3.4108946098055193,-94.11687236480326
233.0,-0.33892023053738674,0.01115313499038636,-1.57010706986738,-0.88820980765797,-3.4590131000871667,-3.4293207492982694,-94.52725643276194
234.0,-0.3426014601807643,0.011115177072317123,-1.5702685553674176,-0.9062216020605355,-3.4761014648993114,-3.4475394121601837,-94.93855690654352
235.0,-0.3445845362842992,0.011128197731286305,-1.5703349193966247,-0.9247529984375739,-3.491373533570457,-3.4610977719733134,-95.3512641158136
236.0,-0.34170201062570893,0.011154741628040362,-1.570360739028849,-0.9410534302170286,-3.508725406944111,-3.476303538086352,-95.76731836942061
237.0,-0.3421295006374428,0.011084062719292955,-1.5704685693803426,-0.95885631010631,-3.5269873313842917,-3.4936500649764057,-96.18583193131855
238.0,-0.34050544501987334,0.011110218503145778,-1.5704679309693907,-0.9772747091504493,-3.5456232276396746,-3.5119071290406363,-96.6074801302212
239.0,-0.3389585437677986,0.011085986582364859,-1.5705086523436471,-0.9959878729283795,-3.5644153659001843,-3.5305412621233576,-97.0323809052134
240.0,-0.3366056662991582,0.011067646799060004,-1.5705315909651347,-1.0124056831621737,-3.581561639206767,-3.5493313286957666,-97.46056068959322
241.0,-0.3333423342196581,0.011077778507722956,-1.5705353818310703,-1.0302394947604896,-3.5997078340944513,-3.56818584988799,-97.8925029198384
242.0,-0.3325724368021107,0.010958886406685957,-1.5706280007876896,-1.0357206519825561,-3.611481199842474,-3.5844036699257726,-98.32624176903451
243.0,-0.334542730600494,0.010970120381427735,-1.5706319212207973,-1.0428838054531393,-3.627079077307193,-3.6019484105784962,-98.761025930888
244.0,-0.33484915793475234,0.011042175297748672,-1.5701489801880293,-1.0568368660979224,-3.641046046499932,-3.618662140374116,-99.19749432547506
245.0,-0.33293180737686767,0.011077300718205667,-1.570263581409856,-1.067842150939282,-3.6578476421125496,-3.632848106800222,-99.63673918539698
246.0,-0.3301016644289816,0.011094250338175465,-1.5703532928984498,-1.0831386432468597,-3.6758811855051725,-3.644754025418452,-100.07946823011589
247.0,-0.32647944911937743,0.011043344019405245,-1.5704523053250414,-1.0925260857494223,-3.694424527520626,-3.66067578364522,-100.52576497724158
248.0,-0.32058233572657296,0.011095438565923132,-1.5704590849610258,-1.1074133069047738,-3.713176371112409,-3.6779215574327644,-100.97665146866568
249.0,-0.31179301323189257,0.01110228643259056,-1.570225418621201,-1.1246686034425026,-3.730034796803791,-3.681337547509982,-101.43309668379092
250.0,-0.3070622551833333,0.011010364491507321,-1.5704129606410548,-1.1394027825976112,-3.744222030749085,-3.6939055274949864,-101.89350477406005
251.0,-0.3056569720813118,0.010980912415708095,-1.5705114362006212,-1.1565191432893824,-3.761108332526154,-3.7049519099010078,-102.35689506238815
252.0,-0.3051248303683579,0.010978418615078925,-1.5705598434341221,-1.1746852621104016,-3.776127626184319,-3.7124988240492356,-102.8227707234859
253.0,-0.30512637622586686,0.010952117602898468,-1.5706096748285754,-1.189233986228706,-3.7933725940032397,-3.7266471497479117,-103.29097861842041
254.0,-0.30793274895113953,0.010936851802746514,-1.5706489105208377,-1.2062700701742766,-3.80556800977313,-3.7373723712424844,-103.76021318841222
255.0,-0.31301006155731986,0.010884643736613369,-1.5706995436462168,-1.215965407957754,-3.815492360242361,-3.7527885069259677,-104.22913034812271
256.0,-0.3210178156808855,0.01089427030150138,-1.5707047473013973,-1.226844634592558,-3.8305824263492037,-3.7628633610443005,-104.69720739267748
257.0,-0.32687036773161593,0.010983253931717929,-1.57063746266874,-1.2423522027538723,-3.84707592228393,-3.7758670910345136,-105.16543970882461
258.0,-0.3322482662776805,0.010991051368935283,-1.5706382219893227,-1.259868646464014,-3.8649694949357416,-3.7781655460392716,-105.63435930211726
259.0,-0.3344847802781398,0.010989722721705081,-1.5706345496255454,-1.2723889144155516,-3.8792213119286307,-3.790266448035272,-106.10444505776323
260.0,-0.3377670078156508,0.010949556244544837,-1.5706738503885231,-1.2832402597362733,-3.8926671812369493,-3.8006969832301407,-106.57529593688237
261.0,-0.3440931844930598,0.010938438559722628,-1.570691405321201,-1.2987260969180074,-3.906847323835684,-3.8159990192697255,-107.04617970860826
262.0,-0.35065124357295546,0.010921046388537818,-1.5707022566174134,-1.3100255174808217,-3.9237555728300624,-3.833409016959391,-107.51706451556745
263.0,-0.3573254823523911,0.01095152922239804,-1.5706814026011284,-1.3256762939669908,-3.9418325942808727,-3.8496352818388218,-107.98822501008254
264.0,-0.35872013442401507,0.011022486645431963,-1.5706194045532083,-1.3432329369071023,-3.9603918747192624,-3.8673947309461405,-108.46141296278464
265.0,-0.3590811212465791,0.010340282231398596,-1.5706371659199037,-1.3559156884152506,-3.9791532495405066,-3.8858222580602964,-108.93717885139614
266.0,-0.3598317961838463,0.01040275901845831,-1.570709808669563,-1.370549141121462,-3.9969571758445928,-3.9045268793799597,-109.41513431116579
267.0,-0.3580877367821771,0.010409404131498127,-1.5706903269594152,-1.3807412230258749,-4.0146605298349485,-3.9200590918241485,-109.89578273707474
268.0,-0.3590459638032067,0.008360929583745971,-1.5706216097503076,-1.3959448481345975,-4.033054181593587,-3.937510664831431,-110.37940333740706
269.0,-0.35437418752843663,0.007190355732436889,-1.5706523114693178,-1.4133448593647608,-4.051744942432739,-3.9456548750974405,-110.86747370940084
270.0,-0.35036609161147847,0.008092042470437603,-1.5708138795832642,-1.431659886551456,-4.068006628994997,-3.9600801977222746,-111.3589291821445
271.0,-0.3494666082949928,0.00902780783632374,-1.570818299811455,-1.4495835894623952,-4.084626662661761,-3.977129645623724,-111.85267976888663
272.0,-0.3484714431506892,0.009686675258784572,-1.5707828141851965,-1.4680649547399947,-4.099040106271646,-3.9952645924733927,-112.34858993103462
273.0,-0.3490794994319945,0.010049945451101472,-1.5708179587380575,-1.4798968167391007,-4.1125083183211855,-4.013848299956306,-112.84597622257533
274.0,-0.3522534006536737,0.010327391099100136,-1.5708091851698203,-1.4957758131926873,-4.129103191128291,-4.032617530033532,-113.34448107852623
275.0,-0.35666372208691083,0.010509370213252378,-1.5708016875655921,-1.5134351973478957,-4.141917361895782,-4.051463387774267,-113.8434577052079
276.0,-0.354193597319021,0.010725074081352858,-1.5707089382149646,-1.5318115290540177,-4.158212657958532,-4.0703409577245,-114.34517727813147
277.0,-0.3480590413607448,0.010790888470949363,-1.5707188450441156,-1.5476254652806523,-4.167248175532904,-4.087615566458698,-114.85018031075923
278.0,-0.3452581696632927,0.010746946408840745,-1.5708038538343931,-1.5608354807449867,-4.178614165341745,-4.10581599701425,-115.35769134629258
279.0,-0.34640384424384163,0.010691336723056786,-1.5708779894718177,-1.564180529363589,-4.194343139047718,-4.124425998446325,-115.86655665303792
280.0,-0.35193295051373225,0.010731074099535083,-1.5708626814713067,-1.5766769059090386,-4.211189294807908,-4.141088628089962,-116.37576064869965
281.0,-0.3529203446923218,0.010846563635619078,-1.5707709534731231,-1.5925795459080283,-4.229225708896181,-4.156231818639547,-116.88670716711445
282.0,-0.3534805925712953,0.010841622842537793,-1.570787821765522,-1.6102595743179067,-4.247771485969428,-4.173529967282026,-117.39979136377482
283.0,-0.357632883208105,0.010783880286246078,-1.5708460362154526,-1.6286709118399731,-4.259369271752597,-4.188107362433663,-117.91338649709827
284.0,-0.36045887177945457,0.010813443464285042,-1.5708218119272055,-1.6473612321641338,-4.273022040958197,-4.196813292843119,-118.42789277015117
285.0,-0.3600380560462267,0.01084259559048858,-1.570799689969663,-1.6651544444474866,-4.289717123267866,-4.211316550410335,-118.94450285097086
286.0,-0.3650752576433775,0.010741849554202189,-1.5708951045914983,-1.6816928654007306,-4.30733305264342,-4.2283952672514085,-119.46184326954392
287.0,-0.3702053928753604,0.010764740339425307,-1.5708728812441775,-1.698335301149047,-4.325693730720771,-4.246542226318997,-119.97973550015605
288.0,-0.37193440021174445,0.010817725674831549,-1.5708270207646693,-1.71628094746159,-4.344370322805117,-4.262365484032853,-120.49917459964749
289.0,-0.3778060008423755,0.010731523646221089,-1.5709087362100373,-1.7316561245743405,-4.357970011309327,-4.279946290663448,-121.01863234956629
290.0,-0.3836620478195333,0.010759345944829656,-1.5708812789429119,-1.7490320744935623,-4.372005559343264,-4.298299629291453,-121.53799416740901
291.0,-0.3820010304969102,0.010860395900558137,-1.5707911863601123,-1.7672956019887234,-4.388849113589348,-4.314613614180501,-122.05956155316056
292.0,-0.37746137406833363,0.010849078539050904,-1.5708064146927043,-1.785954421672024,-4.406901845445372,-4.332404206959952,-122.58444932196419
293.0,-0.37734615025922674,0.01074803918069396,-1.5709006875777394,-1.8047760691886463,-4.425454077661915,-4.350198486819091,-123.11152888783676
294.0,-0.3774090239433913,0.010744228480636447,-1.570903197834453,-1.8236360015624515,-4.436066162222505,-4.368630263381332,-123.63990425467078
295.0,-0.38026536366978814,0.010700051147788546,-1.5709453594445546,-1.8425317394067902,-4.451470354832897,-4.387336371792745,-124.16917461961849
296.0,-0.3847902676888509,0.010654239107636479,-1.5709910160367813,-1.849454818191682,-4.462236226998586,-4.398772362623561,-124.69822424157262
297.0,-0.38833677581895476,0.009597529256217985,-1.570902980127052,-1.8536919644710974,-4.474096197637167,-4.4144984096896085,-125.22761662010423
298.0,-0.3900470722911343,0.009806193822489876,-1.5709311689760674,-1.8665300333170411,-4.486459341293095,-4.42837180099027,-125.75768958061643
299.0,-0.39339902654263664,0.010111151263421731,-1.5709368215445707,-1.8829378276851327,-4.501361220053877,-4.445130292422472,-126.28819273957834
300.0,-0.3902638330501675,0.01040019523114985,-1.570864157997819,-1.895992754931249,-4.506641475158053,-4.463143230930262,-126.82004994552123
301.0,-0.39085729443806566,0.010459707511367163,-1.5709340538856194,-1.9124206808943516,-4.519927869403658,-4.481676491422022,-127.35312001868364
302.0,-0.39241023867925684,0.010540928238248261,-1.570939006318694,-1.9302982057727673,-4.535961280079595,-4.500227983682518,-127.88725091584574
303.0,-0.3903143174973603,0.010642921112112399,-1.5709005016893063,-1.948774126089147,-4.553666873081842,-4.518980482353801,-128.4235483734842
304.0,-0.3913478880712563,0.010610339287172841,-1.5709684743335435,-1.9675212029246263,-4.569133317130275,-4.5325714950978515,-128.96109503062283
305.0,-0.38958908763839406,0.010672230485339291,-1.5709352169759792,-1.9853339300267794,-4.586561865709197,-4.5480245162640935,-129.50063689209898
306.0,-0.389184038542341,0.010650084830143847,-1.5709725102432766,-2.0037820533494113,-4.604855181613182,-4.559129753938321,-130.0419564585435
307.0,-0.3858404030869837,0.010696144941559139,-1.5709403836242866,-2.0224900445959824,-4.6235029371981735,-4.569733796641421,-130.58579819887441
308.0,-0.38658666237916073,0.010623793038389949,-1.5710157501646127,-2.041332142472662,-4.632941920104373,-4.585116606921645,-131.13042923748682
309.0,-0.3865768984885937,0.010646102061061195,-1.571000078437882,-2.0586012040601616,-4.647882335693404,-4.602560197926971,-131.67625957595294
310.0,-0.3854599371530279,0.010649308631832995,-1.5710052049120717,-2.071177897166855,-4.665146866437137,-4.620858037812568,-132.22378480509738
311.0,-0.3865073427291679,0.010619348888666811,-1.57103169490484,-2.0837357276781385,-4.682701179956419,-4.636095512278731,-132.77243076914448
312.0,-0.3848383803130891,0.010669797240716341,-1.5709827265092235,-2.0977097807248746,-4.701031984090368,-4.6534230266743695,-133.32291546828284
313.0,-0.3816865481955986,0.01067530161097452,-1.5709793520891935,-2.1123443954504566,-4.719697242743341,-4.671671380150441,-133.87576098937598
314.0,-0.382718901322473,0.010581795800430071,-1.5710778181875202,-2.113884025989523,-4.733300454776304,-4.690301951992724,-134.42945130932884
315.0,-0.38616263139041945,0.0105966518495596,-1.5710436906513958,-2.1256759390116495,-4.749921415614843,-4.709090497241514,-134.98332641128277
316.0,-0.39051823845821904,0.010595932058800033,-1.57104962793482,-2.133922341915782,-4.763498911083017,-4.723899645718616,-135.53687526497936
317.0,-0.39595974380319354,0.010609217929311804,-1.5710290796957775,-2.148355156375505,-4.78012454286256,-4.736936618921398,-136.08993810604218
318.0,-0.4024225895331602,0.008532229919622762,-1.5709496746578393,-2.1600142293083917,-4.798084198817133,-4.749508083572383,-136.64287286847176
319.0,-0.4126871639234564,0.007056467614698509,-1.57105490344191,-2.175845918563588,-4.8003544290304765,-4.762149255233562,-137.19341817549335
320.0,-0.4167150481725408,0.008023075833408342,-1.5710706124546068,-2.1903172410258485,-4.809222413466099,-4.778398869131413,-137.74289790794626
321.0,-0.4198414601206916,0.008937273447919412,-1.5710396272473912,-2.206607465947585,-4.8137568861442865,-4.796201551405568,-138.29138178996303
322.0,-0.4237457377588856,0.009519834219758605,-1.5710359229534385,-2.2244244166621283,-4.826706886527548,-4.814647849663243,-138.83926617003385
323.0,-0.42245861843930693,0.009971170896004432,-1.57097116236753,-2.2428726578107137,-4.8431480413520696,-4.833360197706255,-139.38827940739174
324.0,-0.41977387976871317,0.010197714849300276,-1.5709997215875833,-2.257765788360992,-4.859335347422945,-4.842803074163281,-139.9390284085824
325.0,-0.4184005428615971,0.010304169380420593,-1.571064856402577,-2.259140494237824,-4.876763892007153,-4.85656037484923,-140.49133818856635
326.0,-0.423115163875139,0.010344271411715063,-1.5710984227767153,-2.2708824421259823,-4.889669202059439,-4.8733128716577525,-141.0430466877563
327.0,-0.42314209031731853,0.010506312933166442,-1.5710077323094587,-2.286821838941274,-4.90599649243379,-4.886659801890299,-141.59548819862692
328.0,-0.4227425330334188,0.010534273074178395,-1.5710285454330524,-2.304518398865042,-4.923834351119456,-4.899938326640014,-142.1490394227492
329.0,-0.4180811638514034,0.010605527592726595,-1.57099644447929,-2.321223924093873,-4.942294179281307,-4.916456750477655,-142.70496357781755
330.0,-0.4159060687232072,0.010556319439259559,-1.5710647732753507,-2.3370113411661424,-4.961013851491736,-4.934370711830507,-143.26268263470442
331.0,-0.41224278396758524,0.010587143493561537,-1.571044735562963,-2.3545809855234032,-4.974254261226564,-4.951191630959105,-143.8221744089918
332.0,-0.41282060715859686,0.010520578604141703,-1.5711229166949696,-2.3683872681610603,-4.989906182299555,-4.969203608129848,-144.38240430265557
333.0,-0.4142452889167487,0.010532077187612445,-1.571115846215828,-2.3807903227624574,-5.007448249533273,-4.987735631485125,-144.94308447857628
334.0,-0.41642945701646017,0.010535195190472376,-1.5711149004951914,-2.3925651608800473,-5.025787057359272,-5.002884046108449,-145.5040169921101
335.0,-0.41724863049297306,0.010561897846066464,-1.5710981429667505,-2.398844705490455,-5.044099444720234,-5.020171591564661,-146.06563862495324
336.0,-0.4214630296099499,0.010522625422494745,-1.5711173167919146,-2.4125081485167197,-5.062657656022338,-5.029281650766073,-146.62686285554057
337.0,-0.42474750799837124,0.010553976801208481,-1.5710929607427186,-2.4253071665740964,-5.081412831617848,-5.04167011141992,-147.1878538703309
338.0,-0.4325786900934135,0.010496003804934687,-1.5711589472049083,-2.430353728735975,-5.100253834512157,-5.052185381807829,-147.74735184750435
339.0,-0.4413857315417264,0.010521327856971569,-1.5711153891281688,-2.4426338066472293,-5.119128200838361,-5.067412786824785,-148.3047618234439
340.0,-0.44494035775381025,0.010603241058688189,-1.5710507424747444,-2.4510147188360705,-5.138015692761118,-5.084790015943425,-148.86171475797417
341.0,-0.44643623424498025,0.010608135543909537,-1.5710356192177213,-2.465510740562179,-5.152692066870713,-5.099913458326331,-149.4186932669305
342.0,-0.447863267925087,0.01058750270744124,-1.571055800309406,-2.4826042254454865,-5.167989475122894,-5.117198475677787,-149.97572473002873
343.0,-0.44643457192201014,0.010608987518757985,-1.571046652902172,-2.4975044554562107,-5.1853688343375515,-5.135429340501056,-150.5338095775702
344.0,-0.45083079529701814,0.010508744568649307,-1.5711366331089274,-2.5147064240106243,-5.203642006762092,-5.154052733741223,-151.0912025281483
345.0,-0.4508874205345774,0.010584444936821815,-1.5710753718493258,-2.528711871427913,-5.222280087264553,-5.17283821804977,-151.6491062128076
346.0,-0.44905276385444487,0.010585089542687344,-1.5710709975159716,-2.5455213169873963,-5.24107251342727,-5.1916908744618535,-152.2082326707252
347.0,-0.4522844275076596,0.010501776170180591,-1.5711477583504114,-2.5635707506281653,-5.2599285118954135,-5.205310785738952,-152.76696688110525
348.0,-0.4563387734152495,0.010511423722520223,-1.5711455671649905,-2.5788355167709227,-5.278808559252692,-5.221938017185957,-153.32489194184203
349.0,-0.455485263289827,0.010582379407482443,-1.5710874379326705,-2.5903438269766896,-5.297000319641572,-5.2398959363106945,-153.88359887008312
350.0,-0.45519858797632445,0.010548521432320199,-1.5711071132307888,-2.606093814948757,-5.3155966190461,-5.258406448355664,-154.44299143386604
351.0,-0.4528057710945196,0.010568204892313164,-1.5710869973168102,-2.62369640334825,-5.334369517784165,-5.275210993153144,-155.0036696471016
352.0,-0.4533835881909893,0.010511194267714213,-1.5711414191100819,-2.642070328550027,-5.349391375600703,-5.2932117108611045,-155.56454767284512
353.0,-0.45360879905036605,0.010523530779928531,-1.5711318705946404,-2.6607518594759574,-5.364368294855558,-5.3117389791980685,-156.12559917595203
354.0,-0.45593308585976855,0.010494960067697593,-1.5711610310698356,-2.6795665813979994,-5.3806736325259,-5.330484860993235,-156.68619396619545
355.0,-0.45506807524687815,0.010549882093524225,-1.5711234303219284,-2.6931121919070784,-5.398483929752245,-5.3441014229563875,-157.24747446978375
356.0,-0.4538222773281301,0.01053592493628269,-1.5711273303831566,-2.708415168289893,-5.4068498514845516,-5.35600270155699,-157.80925130581633
357.0,-0.45867080454974707,0.010452140624571732,-1.571199441756024,-2.7257251294658498,-5.421364794152637,-5.371926369639162,-158.3696664885299
358.0,-0.46016671507253026,0.010525405448173944,-1.57113395924613,-2.742186564342819,-5.433195142733054,-5.389593599932451,-158.9295401008457
359.0,-0.4590419593786351,0.010546470388365588,-1.5711144934535248,-2.7600513840489227,-5.449084469241889,-5.402826438878649,-159.49001506092839
360.0,-0.4576180525339149,0.010533543109831298,-1.5711275001300944,-2.7785282098534765,-5.4658719643819715,-5.419295526047181,-160.05127926897856
361.0,-0.4539941774918784,0.010552732798611394,-1.571114359395342,-2.7957166000165516,-5.481019580557888,-5.437188172662171,-160.61403988680047
362.0,-0.44706418247311464,0.010573621368917848,-1.5710934528506868,-2.813882552461117,-5.495370322096157,-5.455671626874507,-161.17944610760657
363.0,-0.44150158763711467,0.01053233866284896,-1.571140949281022,-2.8286689177788342,-5.508433777101421,-5.470982276805248,-161.74716208993044
364.0,-0.4400981976894548,0.010471198099719753,-1.571190844385195,-2.844041438727285,-5.518122104461983,-5.488340008353336,-162.31554454457788
365.0,-0.4375747557412064,0.010499972359735432,-1.5711609952227923,-2.860209755230115,-5.529612510675568,-5.504272199517603,-162.88489660706006
366.0,-0.4355718725408924,0.010489710607759639,-1.5711684370128427,-2.87796289854033,-5.544137503208427,-5.5219054890877235,-163.4551805797805
367.0,-0.4377120654823306,0.0104492013666532,-1.5712150061249792,-2.8923712749235633,-5.5612085820326405,-5.539124018177145,-164.0251092090741
368.0,-0.44035680888511536,0.01046347933027562,-1.5711913978354648,-2.9093407803283933,-5.579352001981566,-5.55730900869738,-164.5943443724142
369.0,-0.4478965891713103,0.010419672917176031,-1.5712315154842147,-2.9257632176120194,-5.588017361215084,-5.574028275587432,-165.16078702469073
370.0,-0.453466199973393,0.010480561804099998,-1.5711726281604828,-2.9436090428557584,-5.600353119644758,-5.587790270717187,-165.72504399887842
371.0,-0.4520354450255818,0.010571817542333382,-1.5710949943762722,-2.960835609509565,-5.616500951910102,-5.604493479617285,-166.28983853261914
372.0,-0.4472655887994896,0.010582266685013409,-1.5710934878394414,-2.975451063662254,-5.632150871677587,-5.6222304794720435,-166.856634410748
373.0,-0.44019297866832524,0.010572384773410177,-1.5710929951773,-2.9925168348659588,-5.6444124978587435,-5.640645283537464,-167.4261446339439
374.0,-0.43396041620695397,0.007882469014872601,-1.571036467219711,-3.007178295923882,-5.660478592125083,-5.650733041783987,-167.9988485086557
375.0,-0.43461366713160504,0.00819256743839863,-1.571292245887452,-3.0242392324522793,-5.678210735676584,-5.646323462226745,-168.5717420148451
376.0,-0.43809700120194833,0.008975733414042023,-1.5712605416000134,-3.039051639853777,-5.696624940788875,-5.655675181856904,-169.14347821238522
377.0,-0.44152529029488863,0.009508587324105337,-1.5712124071017015,-3.0562019898510546,-5.707830636721474,-5.663501884448386,-169.71373137413153
378.0,-0.4426376434650921,0.00988424757746782,-1.5711648466935204,-3.073562916022642,-5.71877011742275,-5.677327935519936,-170.28335491165387
379.0,-0.44818449519919434,0.01004608899061469,-1.5712108021627897,-3.091163200173887,-5.734301747052573,-5.682085328303627,-170.85099840677393
380.0,-0.4496654274640888,0.01025943251106848,-1.571138503250883,-3.1095153773582913,-5.746164296261579,-5.69515668010269,-171.41783536865518
381.0,-0.45224207038440967,0.010325494981071293,-1.5711636171419492,-3.1281895495460645,-5.762061395957471,-5.711647700988826,-171.9837654518611
382.0,-0.4534324353396029,0.010415446221057691,-1.5711453829790563,-3.1429962282924477,-5.779719224840222,-5.7295517836915675,-172.54941206089092
383.0,-0.4548857254269189,0.010433525883313421,-1.5711532221540028,-3.1601305066393,-5.794361868065856,-5.7480400293850735,-173.11456474400515
384.0,-0.4566808665994414,0.01046504531322516,-1.571159004460718,-3.172645869450801,-5.809665332758294,-5.765714189534423,-173.67921850804117
385.0,-0.4540977153229479,0.010528085545033133,-1.5711096034391843,-3.185677243658106,-5.827047732650294,-5.778016423569082,-174.24505106556023
386.0,-0.45364527303198227,0.010478291474629108,-1.5711546485135406,-3.2020969617474386,-5.845322344868475,-5.791722599902251,-174.81136329599954
387.0,-0.45142657384570545,0.010523752684327538,-1.571134063361895,-3.2130317849875416,-5.86396214727104,-5.80582825280173,-175.3788691041625
388.0,-0.4515927105907247,0.010486410623201678,-1.571170331216518,-3.2220674560598255,-5.878065174929438,-5.822700560721293,-175.94665107183977
389.0,-0.45674609712708725,0.010423189376681284,-1.5712103768347532,-3.23680692003956,-5.894902923805038,-5.8328368860712985,-176.51268765474748
390.0,-0.4615724463444131,0.010458058355227534,-1.5711770563960976,-3.2539969069486974,-5.912948129789273,-5.84653668279262,-177.07690171152365
391.0,-0.46462889315062766,0.010503026230193427,-1.5711496703422956,-3.2685422226553,-5.931494634234675,-5.85771939993246,-177.64006622154182
392.0,-0.4667510548848462,0.010506988833046457,-1.5711408661755417,-3.2855756847821818,-5.950249100522837,-5.87333366772196,-178.20252672477812
393.0,-0.4680425631317849,0.01051510068373005,-1.5711357316662047,-3.3032322297478145,-5.969088567207425,-5.8908728063439275,-178.76459370087926
394.0,-0.46801822482631866,0.010544163777800783,-1.571127672691706,-3.3140852895126773,-5.984494833360219,-5.90921010181866,-179.32684877105984
395.0,-0.46628740325638135,0.010536730231176426,-1.5711176572627015,-3.3295795480262704,-6.001892351572765,-5.927877390874343,-179.889924108783
396.0,-0.46829521001366586,0.010476706814809226,-1.57116961196025,-3.3470740969775967,-6.020172103820457,-5.94668122998703,-180.45242310160393
397.0,-0.4694520330009653,0.010515826089358872,-1.5711458688064994,-3.360227037264457,-6.034339521887222,-5.963155065598656,-181.01450424901446
398.0,-0.47135242995421417,0.010522765122841882,-1.5711534433237389,-3.366143639367179,-6.0508947737352985,-5.981011268970399,-181.57619576640784
399.0,-0.47224012765497286,0.010508244477660234,-1.5711365987762482,-3.379664847471784,-6.063712572676267,-5.99537226644884,-182.13754927961946
400.0,-0.47281707194653166,0.010425916600555776,-1.5683365094442132,-3.3941030483859107,-6.080011630412563,-6.012325718958926,-182.698249606994
401.0,-0.47521624490592934,0.010551868847263788,-1.5691832013148537,-3.409953886351788,-6.085360951973975,-6.0241116550278475,-183.25786781691158
402.0,-0.4735339362890649,0.010587361964075292,-1.5697903738998316,-3.425092312861012,-6.098677420093832,-6.039963227385363,-183.81818569657426
403.0,-0.46775004198896974,0.010601537715321543,-1.5702035857386825,-3.439837404128123,-6.114666581426608,-6.057600094722089,-184.3809679492062
404.0,-0.4625444555085644,0.010587291302244764,-1.5705251641042033,-3.4429426161987178,-6.128272551154447,-6.075977865504236,-184.94630645203952
405.0,-0.45982177526076995,0.010504558016417332,-1.5707557574739117,-3.45536097692823,-6.14491698036541,-6.0894317719726025,-185.51306014420453
406.0,-0.4578651099127247,0.01049095049004005,-1.5708879675387253,-3.471594993554714,-6.16190079403406,-6.105991035837377,-186.08073499105885
407.0,-0.45736131035942934,0.010497053593054546,-1.5709830143766712,-3.4840881003894824,-6.179992311276221,-6.12392094953417,-186.64886098057187
408.0,-0.45615895958959773,0.01052000698570949,-1.5710217951954775,-3.4949080378082367,-6.198558160970716,-6.142419753569741,-187.21770517504478
409.0,-0.4561614288707325,0.010491276479877045,-1.571072387387796,-3.510372643304013,-6.217320973603276,-6.156752629013352,-187.78672399314857
410.0,-0.45543573118098035,0.010518131922849564,-1.571080025958047,-3.5246545662399096,-6.236163201161667,-6.166515835796871,-188.35615763996194
411.0,-0.4555940538835278,0.010505812773481686,-1.571105654163563,-3.5399838654514713,-6.249851589582682,-6.18155629445009,-188.92553908958985
412.0,-0.45675083191121174,0.010500640725870753,-1.5711197773348475,-3.5573817830105607,-6.266509014554822,-6.192540330730256,-189.49446222035235
413.0,-0.4564829552890757,0.010560279496607492,-1.571098845337838,-3.5639042286287896,-6.276359213926074,-6.197968243112562,-190.06352411778948
414.0,-0.4522894338648674,0.010575172815054856,-1.5710687750682852,-3.575515455282006,-6.28035576641776,-6.205648606626601,-190.63402870418628
415.0,-0.4449970751404832,0.010593319691469035,-1.5710575022667201,-3.5866757920705936,-6.28199707647547,-6.219813791053048,-191.2072233096846
416.0,-0.44002237162307156,0.010531638072785074,-1.571107217698528,-3.601711791823491,-6.282672495676818,-6.234393649060115,-191.78219056870915
417.0,-0.4361582321804027,0.01056420540446348,-1.571110795528847,-3.60357545004002,-6.282948362715944,-6.2514673997528405,-192.35870649868096
418.0,-0.43625730340494867,0.010481005411764258,-1.5711553939749974,-3.6146860512085137,-6.28306436434977,-6.269611158067871,-192.93502618458356
419.0,-0.43728475358356844,0.010509877399705434,-1.571140532168333,-3.621600599766281,-6.283109898548379,-6.277619039123683,-193.51073732217046
420.0,-0.44113595500667674,0.010468884276469357,-1.571159230336708,-3.635500482710056,-6.283129931917763,-6.280898486784274,-194.08457591564982
421.0,-0.4391027469406979,0.010578704785358712,-1.5710606618596243,-3.646087287412766,-6.283135056881933,-6.282246007659281,-194.65876956448773
422.0,-0.4366884034181521,0.01058938545250132,-1.5710748197137878,-3.647810248810531,-6.283139173884906,-6.282799654673832,-195.23391930627176
423.0,-0.4329355791280228,0.010556376217650295,-1.571075552126375,-3.6596616744723285,-6.28314181785239,-6.283026965331888,-195.81028177041185
424.0,-0.43326431142776145,0.010507391705652812,-1.5711273968701487,-3.6715607265368084,-6.283143827196496,-6.283120411318558,-196.38630315674914
425.0,-0.4371569528969703,0.010484594720298526,-1.5711463802453713,-3.685489415751753,-6.283144191775763,-6.2831588302569195,-196.9604001633192
426.0,-0.4454481116336778,0.01048345842548522,-1.5711599796333084,-3.695332109680789,-6.283144410016834,-6.283174603558604,-197.53086568958474
427.0,-0.4528366858708096,0.010530607754414494,-1.5710788768000923,-3.704795334929581,-6.283143188412026,-6.283181048335239,-198.09791974801675
428.0,-0.4521410636409028,0.010635334965048147,-1.5709974590883544,-3.7132579263168317,-6.283140886212479,-6.283183697896066,-198.66477948876013
429.0,-0.45451619285002237,0.009800468487018371,-1.5710444335018898,-3.720665837988654,-6.283143756026212,-6.283184779647112,-199.2306876060816
430.0,-0.4610258065246773,0.009893689423818242,-1.5711228588155535,-3.7246461549035828,-6.283145939434369,-6.283185274860182,-199.79385559968003
431.0,-0.4644670911243056,0.010140696953295222,-1.571073695590371,-3.736696576629399,-6.283144162531274,-6.283185406804318,-200.35507837996838
432.0,-0.46355200965670407,0.010322798270514378,-1.57103707327867,-3.7527621902923265,-6.283143070815606,-6.283185529692763,-200.91604429217995
433.0,-0.4640326108515931,0.010445131317839668,-1.5710557408382577,-3.751190342661032,-6.283143745286766,-6.283185661868628,-201.47686496170184
434.0,-0.4647822456451497,0.010466204912995741,-1.5709681794316708,-3.7544622130132184,-6.283145574506815,-6.283185494366999,-202.0372539262909
435.0,-0.4622532036474464,0.010514821876884699,-1.5709736957033287,-3.765689927657101,-6.283144929361327,-6.283185497553063,-202.59826122590587
436.0,-0.4649331343998993,0.010508801202632097,-1.5710550827963177,-3.765042886536609,-6.283146564755513,-6.283185631902783,-203.15830997839413
437.0,-0.4632328910541391,0.01058815587661911,-1.5710078016823765,-3.762373849155581,-6.2831445094651945,-6.283185542281867,-203.71900028123434
438.0,-0.4612966482742709,0.010554367689315941,-1.5710410670390735,-3.765598793118583,-6.28314653543793,-6.283185435110542,-204.28043123789828
439.0,-0.46015455858649323,0.010532576008483448,-1.5710642232781598,-3.774111841490801,-6.283146992850794,-6.283185457941347,-204.84209947343962
440.0,-0.4637308845458497,0.01051193829763654,-1.5711081415688344,-3.777179415028973,-6.283147669671909,-6.283185556709377,-205.40228887602345
441.0,-0.46445446742483354,0.010569882082530282,-1.571059369051539,-3.7800937804693704,-6.283145599897293,-6.283185515743285,-205.96197163711068
442.0,-0.46704335894523336,0.01053683222355651,-1.5710881332841724,-3.7855155070364637,-6.283147239942257,-6.283185482500082,-206.5204648063618
443.0,-0.4648592630041859,0.010626793353433235,-1.571024520057789,-3.7832877261510625,-6.283144352416962,-6.283185579038855,-207.07978122242938
444.0,-0.46355403325137273,0.010555580201640656,-1.5710654852010077,-3.7913959523411505,-6.283147385841875,-6.2831854548050945,-207.63945425073877
445.0,-0.45783950757568836,0.010597656295077123,-1.5710236277991005,-3.804648140905996,-6.283145471748309,-6.28318551681075,-208.20096549130557
446.0,-0.4546952531222133,0.010616969408514797,-1.5710556975014172,-3.798975679726431,-6.283146597615298,-6.283185617274106,-208.76404370503525
447.0,-0.4583278514936376,0.010481795551966863,-1.5711352137912482,-3.807724680955567,-6.2831504924973665,-6.283185480024029,-209.32552173414558
448.0,-0.46163253373173524,0.010511231670286895,-1.5711013145064894,-3.822459946663443,-6.283147881102741,-6.283185536442834,-209.88507836746015
449.0,-0.46460124013016535,0.010567940617915298,-1.5710762505201685,-3.8294363228098875,-6.283146612928203,-6.283185602143722,-210.4431161721758
450.0,-0.4653632968307181,0.010581929253555694,-1.5710518479676272,-3.841809299569487,-6.283146542145519,-6.283185562386265,-211.00035251894067
451.0,-0.4664929143942569,0.010609644557862329,-1.5710501674497457,-3.8443776300438595,-6.283146794969518,-6.2831856370108845,-211.5570206348971
452.0,-0.4668843551794938,0.010615463678666353,-1.5710417800594654,-3.844867197496488,-6.283147359277429,-6.2831855621506945,-212.11347997944026
453.0,-0.4722549844695004,0.010556620238095182,-1.5710932894540524,-3.8424923254446957,-6.283149840024209,-6.2831855469451705,-212.66789774996428
454.0,-0.4787007743861715,0.010542810197000619,-1.571085500696831,-3.846319166214937,-6.283149518487524,-6.283185434673828,-213.2194756677278
455.0,-0.48247269338607957,0.010585461995305936,-1.571045773764106,-3.8513775283854166,-6.2831475982542155,-6.283185471112252,-213.76919774424246
456.0,-0.4867386651177159,0.010574356962449152,-1.571055615050877,-3.858026924767362,-6.283148442883004,-6.283185481918314,-214.31690558839483
457.0,-0.48524699348713085,0.010667956384637802,-1.5709877379082382,-3.856792013413505,-6.283145478114537,-6.283185584167731,-214.86509993485592
458.0,-0.4806568674377368,0.010632348326254641,-1.570996891082197,-3.8657032325454446,-6.283147622916005,-6.283185467404932,-215.414882326096
459.0,-0.4787992004647528,0.010628736734146441,-1.571033584178636,-3.8605295221375893,-6.28314889969971,-6.283185585218481,-215.965701130088
460.0,-0.4760127088706982,0.010597328351917259,-1.5710355637067943,-3.8640950686856526,-6.283149613525217,-6.283185419679249,-216.51755577043053
461.0,-0.47931390697635634,0.01055059597197526,-1.5710958167402482,-3.8590190669823343,-6.283151229221224,-6.283185556586226,-217.06836059815612
462.0,-0.4784738393815741,0.010600240780613147,-1.5710348884549301,-3.8581761022200824,-6.283148457986258,-6.283185443233777,-217.6194092817903
463.0,-0.4716417873871773,0.01063172554414489,-1.5709942501174436,-3.864353554050923,-6.283147521577193,-6.283185406311279,-218.1729944656689
464.0,-0.46061440879161375,0.010664503678819319,-1.5709754117054149,-3.8687071768018333,-6.28314730719538,-6.283185492467724,-218.73099995226394
465.0,-0.45595432718837164,0.010600065114263693,-1.5710606882100535,-3.8611770497860003,-6.2831510778681094,-6.28318555624223,-219.291425854736
466.0,-0.45213250777102965,0.01060009554808884,-1.571056557673123,-3.8497802249032977,-6.283150411515076,-6.283185477063983,-219.8538514902178
467.0,-0.4510691204750048,0.010562253032138444,-1.5710857771147095,-3.8360385039203764,-6.283151369616994,-6.2831854078803255,-220.41727202587384
468.0,-0.45184715984595697,0.009656870882905953,-1.5710694471500355,-3.82492010877112,-6.283150366599157,-6.283185378519246,-220.98092370922487
469.0,-0.4551135000784254,0.009753416764003375,-1.5711372366266017,-3.823365585523187,-6.283152137988332,-6.2831853334064665,-221.54333050425382
470.0,-0.46240740185119134,0.009993905505841234,-1.5711433743038703,-3.823602961879718,-6.283150922636338,-6.283185411424118,-222.10270739030938
471.0,-0.4661248946406416,0.010209625115055453,-1.5710784115909866,-3.8348133367849866,-6.283147736758318,-6.283185436951486,-222.65999366950464
472.0,-0.4679844835933982,0.010350530053288483,-1.5710572782423593,-3.8490594912805114,-6.283147012694232,-6.283185523971578,-223.21594266587087
473.0,-0.47254594619337376,0.010399761147532653,-1.5710828356324793,-3.866005243699385,-6.283148371334558,-6.283185603647552,-223.76943462269608
474.0,-0.4707205440279746,0.010570289081114714,-1.5709935870580576,-3.875871193606185,-6.283144879150207,-6.28318561990777,-224.32311744480717
475.0,-0.47021368984638184,0.010578873184690753,-1.5710275015059665,-3.878579259579368,-6.283147859984652,-6.283185637862572,-224.87697144447984
476.0,-0.47173875172252927,0.010576068906859155,-1.5710471040993974,-3.87715963856341,-6.28314928061345,-6.28318558919567,-225.43027029793438
477.0,-0.46729250901917607,0.010657625728549591,-1.570982560403542,-3.8718880662266737,-6.283146861467236,-6.283185550238768,-225.9854554864553
478.0,-0.46908612399126765,0.010538936968410427,-1.5710816887681232,-3.8712816287531675,-6.283152206665785,-6.282105813225932,-226.54012817300918
479.0,-0.4743200903384369,0.010531892824875015,-1.571091417121858,-3.8691331397571047,-6.283151273410138,-6.282760959839782,-227.09272005935236
480.0,-0.4757074727144659,0.010569413358304502,-1.5710419080559523,-3.875713574584873,-6.283148991115696,-6.283010495107345,-227.6443776495156
481.0,-0.47638282311387087,0.010572775012342647,-1.5710438962444162,-3.884994352299082,-6.28243767565749,-6.2831136266613585,-228.19538772121547
482.0,-0.4722196722841215,0.010623099483632596,-1.5709989335892889,-3.8983974988695107,-6.282866798258319,-6.283156020868599,-228.74755817297148
483.0,-0.4638989025017304,0.010704216590480542,-1.570963262425111,-3.8968959209510357,-6.283031205761265,-6.283173530454187,-229.30319976292247
484.0,-0.45956163857258053,0.010621851309841826,-1.571035297806858,-3.8932602914433345,-6.2831037764112745,-6.2831805780363466,-229.860957562064
485.0,-0.45851648814175944,0.010560595877185188,-1.5703908275751093,-3.8889504541975652,-6.283132764125697,-6.283183467944005,-230.41927768351798
486.0,-0.4594692578594925,0.010576092727050065,-1.5706033092270493,-3.8847934712609535,-6.2830699411814885,-6.283184626345744,-230.9774067804561
487.0,-0.4643351274142098,0.010525923459278984,-1.570789717160044,-3.8843953412092675,-6.2831201929333735,-6.283185081908866,-231.53362688060434
488.0,-0.47377034600145873,0.010494700845216018,-1.570911905432857,-3.8879129078910672,-6.283139255495942,-6.283185286417808,-232.08584872333702
489.0,-0.4827683474262076,0.010568006441386201,-1.5709308751593716,-3.8835686490207637,-6.283143786546229,-6.283185496231109,-232.6343630593476
490.0,-0.4864122145638179,0.010635275940273222,-1.57091380227024,-3.8782712784405384,-6.283145012876221,-6.283185469760682,-233.18137974599742
491.0,-0.4831559828665578,0.010697923716951763,-1.570893971377031,-3.8684390632584074,-6.283145377437196,-6.2831854525532185,-233.72996116587595
492.0,-0.47541796090652066,0.010682294539220072,-1.570915834845415,-3.8622588800471482,-6.2831474152948275,-6.2831854074750915,-234.28196623999466
493.0,-0.4676178185102138,0.010636570195114497,-1.570969145365266,-3.8570060884926844,-6.283149565373014,-6.2831854245741425,-234.8374911664628
494.0,-0.46321489529490295,0.01054645836814878,-1.571042014951477,-3.8618705497466066,-6.283152031207147,-6.283185357888286,-235.3948359820763
495.0,-0.45894320196466865,0.01059549500781499,-1.5710335366446813,-3.8559006112960854,-6.283149595303423,-6.283185522543939,-235.95416277524131
496.0,-0.45438097216617,0.010596450798093564,-1.5710385036016423,-3.8473747062920913,-6.283149634133593,-6.283185486995366,-236.5157051757158
497.0,-0.4517912663666714,0.010550740651829562,-1.5710707085390048,-3.842740243947663,-6.283150897728754,-6.283185418704066,-237.0785698002493
498.0,-0.4528688402539322,0.010072687176037709,-1.571088024099083,-3.8384717922751803,-6.283150883311229,-6.283185436534758,-237.64129033943522
499.0,-0.4551018409498046,0.010139085807890316,-1.5711089300221608,-3.8396584286726396,-6.283150843595863,-6.283185404331765,-238.20305059647376
500.0,-0.45383393865154115,0.010326687874935892,-1.5710551535378807,-3.84242469279979,-6.283148053758987,-6.283185442270012,-238.76512027131963
501.0,-0.4582501219529514,0.010338415055129646,-1.571118100238176,-3.8491081333296937,-6.28315099574022,-6.2831854411899055,-239.3252648189783
502.0,-0.45801707248126955,0.010517862978760527,-1.5710300861162891,-3.8449389507580936,-6.283146251227303,-6.283185578940208,-239.88544857745683
503.0,-0.4573782217473021,0.01052390330853545,-1.57104627060596,-3.8441363420875425,-6.283148440854056,-6.283185465822926,-240.4459472848386
504.0,-0.46108645977008395,0.010496948295564211,-1.5710911574908772,-3.8427604234270354,-6.2831502251115445,-6.2831854862398275,-241.00504603084875
505.0,-0.46270049767052795,0.01056592994617636,-1.57104816551589,-3.837074547712062,-6.283147793238115,-6.283185520136621,-241.5635642413194
506.0,-0.4650049711532732,0.01057084675652942,-1.5710585872400433,-3.826543241650778,-6.2831486692399565,-6.283185464560054,-242.12149284739377
507.0,-0.4663830935281255,0.010541558413370674,-1.5710590935311293,-3.8282526692010017,-6.283149262914983,-6.28318532930759,-242.6787770285699
508.0,-0.4685973707806549,0.010552754671010843,-1.5710658406501012,-3.8264350884957206,-6.283148572290642,-6.28318547879308,-243.2352093321765
509.0,-0.46651402815990567,0.010597085469137365,-1.5710226327081973,-3.8282474309384606,-6.28314700566814,-6.283185429213434,-243.7923355238288
510.0,-0.4647355598036646,0.0105588670616591,-1.5710511545140717,-3.836989017693106,-6.283148579698123,-6.283185443769109,-244.3499575851026
511.0,-0.46187503663797597,0.010590842411458242,-1.5710384838669418,-3.842823953687279,-6.283147614885576,-6.283185518541242,-244.90854330238116
512.0,-0.4609140407266433,0.010575735910824087,-1.5710629956991489,-3.8454145645870916,-6.283148736380902,-6.283185547888326,-245.46750066761345
513.0,-0.4586274545514112,0.010592359102554847,-1.5710455073899847,-3.8488584624684092,-6.2831481843526005,-6.283185504120859,-246.02725968704806
514.0,-0.46154199252482875,0.010567620979073744,-1.5710924086069769,-3.8400643146057303,-6.283149974854895,-6.283185548354408,-246.5862223351572
515.0,-0.46342840237447797,0.010578211193058091,-1.5710651465021275,-3.833257032875048,-6.283148797524544,-6.28318547438419,-247.14457284072645
516.0,-0.46404524325984425,0.010570584243220622,-1.5710576991050333,-3.831291471749721,-6.283148809300728,-6.283185407325595,-247.70271209443973
517.0,-0.4648213886894426,0.010562862552892979,-1.5710629055642917,-3.8308326289648096,-6.2831488338661705,-6.283185436015707,-248.26055174540676
518.0,-0.46794714195791437,0.010531690525121774,-1.5710867127454433,-3.8337954096863354,-6.28314963732416,-6.28318543066418,-248.81704312206992
519.0,-0.4738920290645822,0.01052939014495068,-1.5710967680415717,-3.834433263089049,-6.283149294889824,-6.283185502140801,-249.37106522272808
520.0,-0.4754163217240467,0.010592186268565328,-1.571036076381562,-3.8374813246228845,-6.283146845792372,-6.2831854619410885,-249.92419817556103
521.0,-0.474356041089824,0.010625778010724134,-1.5710198533612663,-3.83509043887041,-6.283146558116944,-6.283185541552064,-250.47779872607774
522.0,-0.4703566654470885,0.010597943266652999,-1.5710178230804794,-3.845275888367155,-6.28314758740898,-6.283185455199921,-251.03268812654696
523.0,-0.4650218883525068,0.010594645764468258,-1.571024252037565,-3.85948420797323,-6.283147833598189,-6.283185528199483,-251.58931877195195
524.0,-0.46082388027286,0.01059663536767952,-1.571042069695229,-3.8696367307042925,-6.28314861746802,-6.283185564710698,-252.1473990838918
525.0,-0.4556638355049475,0.010631473964667602,-1.5710266230645837,-3.8723781034806644,-6.283147965288526,-6.281919049914715,-252.7075227225476
526.0,-0.4570654101653389,0.010547462628350037,-1.5711006572581054,-3.873690161877851,-6.283151678012903,-6.282687519886422,-253.26720128748602
527.0,-0.45573559171681655,0.010592538051037097,-1.5710484455457707,-3.8775696593753373,-6.283149076182221,-6.282980283901468,-253.82719972936405
528.0,-0.46009862290819925,0.010535665439912629,-1.5711057311841277,-3.878153994939557,-6.283151583897644,-6.283101254983955,-254.38549905861467
529.0,-0.46388631990778817,0.0105570028419002,-1.5710728761912698,-3.8832633316409497,-6.283149974551241,-6.283150831130104,-254.94196737434376
530.0,-0.46645197055814913,0.010585354611908585,-1.5710507259904842,-3.887545938607166,-6.283149053974591,-6.283171279386168,-255.4971569921348
531.0,-0.47383190182951557,0.010550724609822698,-1.5710895411331878,-3.8875669382807696,-6.283150913062757,-6.283179708540915,-256.04934349872474
532.0,-0.4821288668409716,0.010600430762396178,-1.5710603883546947,-3.8765089277372295,-6.283149452279937,-6.283183114339082,-256.59838618431274
533.0,-0.48657146149742564,0.010626446993311018,-1.57101845241729,-3.867845738658107,-6.283148215045617,-6.283184470628606,-257.1457572598964
534.0,-0.4902770295098062,0.010618981064607848,-1.571024793044104,-3.8566899067265137,-6.2831490160816665,-6.283185016258294,-257.69196205915813
535.0,-0.4890337360994535,0.010606598160898761,-1.570999761646835,-3.861081988784765,-6.2831485291156985,-6.28318515478724,-258.23842986722815
536.0,-0.49259456195930545,0.010535558619007995,-1.5710724434849745,-3.8675520963056225,-6.283151161340864,-6.2831853475829265,-258.783322351014
537.0,-0.4927029640455666,0.010623853571655718,-1.5710144223944422,-3.8662174470514192,-6.283147368482815,-6.283185529684159,-259.3280720413108
538.0,-0.49101331323768704,0.01060382807353157,-1.571020972160824,-3.8715391121614053,-6.283148817755898,-6.28318541706739,-259.873326650841
539.0,-0.4874812975035149,0.010636184947787735,-1.5710086132119665,-3.870476890721261,-6.283148003231569,-6.283185547370085,-260.4200568895854
540.0,-0.4793154905170842,0.010630578411937078,-1.5709893291994739,-3.8812012798359494,-6.2831481324998775,-6.283185468528746,-260.96976119365524
541.0,-0.47319720279878397,0.010611917654560979,-1.571029490090365,-3.8857409687393485,-6.283149881849376,-6.283185555724923,-261.5219659265756
542.0,-0.47012189608328725,0.010579271683882164,-1.5710614725852003,-3.8891004788080843,-6.2831511269063,-6.283185533627693,-262.0754312217383
543.0,-0.4631641534422899,0.010662683140321984,-1.5710041070443563,-3.8818535909585705,-6.283148281142615,-6.2831855621096615,-262.6319640647355
544.0,-0.4584095777614344,0.010584200820166685,-1.5710550404488473,-3.880600024357952,-6.283151621612632,-6.283185437230062,-263.1906633565881
545.0,-0.4593217145683917,0.010504745625231508,-1.5711120821086115,-3.8862779306045625,-6.283153474203608,-6.283185407532256,-263.74893919138134
546.0,-0.46139295947538916,0.010568362766746778,-1.571081508458415,-3.8796504198538675,-6.283150476168906,-6.279613934137873,-264.3065463430978
547.0,-0.46788855413537994,0.010496967859735484,-1.5711197564621469,-3.8828771674198874,-6.283152704436093,-6.280667044842765,-264.86142481826363
548.0,-0.47257341464028796,0.010578771722376317,-1.5710608071039622,-3.8789759500384644,-6.28314891169848,-6.282168870597752,-265.41435804696795
549.0,-0.474893077719141,0.010603423579172088,-1.5710353559377987,-3.875119189991649,-6.283148632462811,-6.282767333209402,-265.96638759823287
550.0,-0.47505304025596745,0.010613071296032122,-1.5710223860846662,-3.8722813282357125,-6.283148698363377,-6.283013688515575,-266.51840235369355
551.0,-0.47681702410825,0.01061101079166186,-1.5710423510566989,-3.860037580589611,-6.28314974058652,-6.283114888882975,-267.0701473087744
552.0,-0.4742454311691342,0.010608707365800196,-1.5710119498544701,-3.859371235719311,-6.283148966887108,-6.283156347442029,-267.6229005511711
553.0,-0.4739403943587684,0.010577736078117139,-1.5710529356419283,-3.8547501731340366,-6.283150117104588,-6.2831735683111996,-268.17602898906216
554.0,-0.4725958863944121,0.010602262723159544,-1.5710370518195356,-3.84632155130425,-6.283148984210405,-6.283180577647838,-268.7299737063314
555.0,-0.46701755964622077,0.010614789144219603,-1.5710102882763795,-3.8442147040840884,-6.283148360512724,-6.283183375082376,-269.28625041790133
556.0,-0.4601987328826774,0.010570586114384606,-1.5710310429824526,-3.8544457728443864,-6.283149415457254,-6.283184585976394,-269.84506730119847
557.0,-0.45930936250740756,0.010533504031106403,-1.571093107330354,-3.8578036450857978,-6.2831509808286,-6.2831852020814605,-270.4043024590232
558.0,-0.45594356997306945,0.01059825720427021,-1.5710432400094774,-3.8572508241183336,-6.2831482317856615,-6.283185407123763,-270.9648708345751
559.0,-0.45123784138699724,0.01058777623201702,-1.5710431703783954,-3.8616132466901143,-6.283149133590971,-6.283185392693789,-271.52726833111393
560.0,-0.4501839931218131,0.010538306728335051,-1.5710867676582836,-3.8686249998992532,-6.283150965519583,-6.283185443215431,-272.089984687274
561.0,-0.4553790214274809,0.009420771007881787,-1.5710977133301705,-3.877835637328651,-6.283151279400644,-6.2831854764002175,-272.65050310052305
562.0,-0.4623285321517519,0.009645261667336282,-1.5711258969441648,-3.8802052979963535,-6.28315072408965,-6.283185604773519,-273.20798616358627
563.0,-0.4674474674629488,0.010002728400313859,-1.5710711530243806,-3.881470321823932,-6.2831486988970875,-6.28318553891861,-273.76312732546495
564.0,-0.47188928657037665,0.010219201802207332,-1.5710524038841833,-3.881140507149414,-6.280707895864749,-6.283185526866882,-274.31625661734046
565.0,-0.47773952959777816,0.010349501358827054,-1.571055789184625,-3.8760474383113044,-6.280745285895426,-6.283185542287951,-274.86709423704264
566.0,-0.47878776907184734,0.010464059907405855,-1.5710076271884577,-3.878460792544662,-6.2821839722259,-6.283185400231359,-275.4173048969693
567.0,-0.47907273739575224,0.010506759228390276,-1.5710203627265829,-3.8817110470680416,-6.282752959682787,-6.283185459523058,-275.967293451891
568.0,-0.4797224814894949,0.010552400077003025,-1.5710262774552102,-3.8780112721779214,-6.282986389609724,-6.283185556081541,-276.51714276667224
569.0,-0.47545732213262476,0.010619044767050221,-1.5709840452525512,-3.8734240266720317,-6.283080895508973,-6.283185494848135,-277.068825030617
570.0,-0.46822466741899055,0.010629583375498578,-1.570985104282612,-3.869183469864273,-6.283121127419076,-6.283185463867275,-277.6236698424662
571.0,-0.46434003846713023,0.01056865384331467,-1.5710469282408748,-3.8655756306906897,-6.283139999998927,-6.283185455340534,-278.18040484231926
572.0,-0.4644524876594111,0.010510728187024919,-1.5710906444200547,-3.869166515537025,-6.2831478154891585,-6.2831853884890405,-278.73708026939255
573.0,-0.4653759145369607,0.010568839925571883,-1.5710696417001033,-3.861059150626898,-6.2831480477462245,-6.283185513175516,-279.29362727927827
574.0,-0.46826680742649374,0.010523879741567698,-1.57109043156774,-3.8611652177741815,-6.2831504197203145,-6.283185397018587,-279.8490188276001
575.0,-0.4718376886835298,0.01050590939510601,-1.5710894926643888,-3.8722795226561844,-6.283150189806235,-6.2831854441260955,-280.4025305698739
576.0,-0.4755839465445204,0.010562735991926505,-1.5710663216261267,-3.8758451991558527,-6.283148653352714,-6.283185558728059,-280.95430252009373
577.0,-0.47792970909312255,0.010593577497794052,-1.5710428432495254,-3.878134950116469,-6.283148295777625,-6.283185528117732,-281.5049493067199
578.0,-0.47891431139647,0.010621793244783245,-1.5710273773451164,-3.8748856917560874,-6.283148093171746,-6.283185563056285,-282.0552519942765
579.0,-0.4806843954377849,0.010589104375762395,-1.5710465855546387,-3.8745605151000913,-6.283149782933627,-6.283185467083666,-282.6048540100317
580.0,-0.4786424589660363,0.010618050056492884,-1.5710115787529502,-3.878429858631559,-6.283148440888579,-6.283185433870457,-283.1550757156237
581.0,-0.4742596282616083,0.010630419629177401,-1.5710058112761767,-3.8817769107597173,-6.283148521819379,-6.283185485427107,-283.70698724066585
582.0,-0.47644346895858325,0.010549487524830037,-1.5710855497927851,-3.882813571171507,-6.283151977558924,-6.283185522536386,-284.25813202747
583.0,-0.4757400969752658,0.01057125151116192,-1.5710431930807676,-3.894371036950956,-6.283149537899856,-6.28318548758768,-284.8090582682543
584.0,-0.47427002683794867,0.010612000106654296,-1.5710322550306197,-3.8978147144351265,-6.283148945756507,-6.283185582164439,-285.3604565424821
585.0,-0.4729054455021998,0.010645674374833707,-1.571025469996298,-3.888136941463271,-6.283149200078966,-6.283185556401804,-285.91276559496157
586.0,-0.4673460039507165,0.010654354126894023,-1.5709962884484532,-3.8821822927711507,-6.283148868394428,-6.283185460463677,-286.46754427608954
587.0,-0.46716336167332206,0.01056536780815733,-1.5710747692878724,-3.875027404807241,-6.283152387987435,-6.283185472635706,-287.0228364014683
588.0,-0.4644085952665168,0.01059766467781561,-1.5710355543718686,-3.8699207438024548,-6.283149941769659,-6.283185428087361,-287.5793809940223
589.0,-0.46275217900954474,0.010529390759832488,-1.5710707605133116,-3.878972325869555,-6.283151557934038,-6.283185394123988,-288.13638608089406
590.0,-0.4590345569816664,0.010606270241556434,-1.5710311318183063,-3.8786944042569784,-6.28314866325459,-6.283185552898163,-288.6948861192414
591.0,-0.45814675657887394,0.010577844617206953,-1.5710658284189876,-3.8739710074012526,-6.283150554115699,-6.283185543973383,-289.25401461837237
592.0,-0.45892251607047624,0.010568672335755178,-1.5710720320814864,-3.867429600015299,-6.283150625686181,-6.2831855040877915,-289.8130741594022
593.0,-0.4611000433745862,0.010543790637777141,-1.5710813969638442,-3.865310075059209,-6.28315101431946,-6.2831854213880405,-290.3713283445589
594.0,-0.46305795548642875,0.010572369856489561,-1.5710635689241108,-3.8590605932190623,-6.283149530379656,-6.283185495968226,-290.9289483852726
595.0,-0.4599349555468375,0.010611525963277765,-1.5710152534137947,-3.8582520557802495,-6.283148068434272,-6.283185401385319,-291.48778447639756
596.0,-0.46047109531390873,0.010564421806629873,-1.5710695333399967,-3.853403971725485,-6.283150337416874,-6.283185497215839,-292.0466857104489
597.0,-0.46116470467892967,0.010558664479031329,-1.5710639248133,-3.8528273573165284,-6.283149902648896,-6.283185421935438,-292.6053068989211
598.0,-0.45993482269353153,0.010555662361607413,-1.5710509605470049,-3.8620642737687203,-6.283149205617312,-6.283185426798275,-293.16409224382585
599.0,-0.45803358337041944,0.010612986296004623,-1.571035524893674,-3.8584119307620233,-6.283147941570822,-6.283185578463778,-293.723768535929
600.0,-0.459405726622254,0.010572466990888253,-1.5710733323670205,-3.8515809782032275,-6.283150018846358,-6.283185535141438,-294.28319494305055
601.0,-0.466021183663678,0.010474155316512962,-1.571125389223741,-3.8599728071239827,-6.28315226558829,-6.2831854171469,-294.83969689824215
602.0,-0.4728471700836658,0.010532095777640273,-1.5710872703716787,-3.8659017076841713,-6.2831492987297475,-6.283185494718365,-295.3930641174427
603.0,-0.4825405473455553,0.010542544603328435,-1.5710913189730122,-3.866697509379076,-6.283149367045307,-6.2831855598181106,-295.94236325841354
604.0,-0.4870714963277896,0.010630300123016889,-1.5710148231087142,-3.8645539845477153,-6.283146400286725,-6.283185536410263,-296.4896468327863
605.0,-0.48752846499780206,0.010619708628262356,-1.5710025547773905,-3.872664563278764,-6.2831474363470114,-6.283185442062348,-297.0363737952889
606.0,-0.4875641315155998,0.010630011636633043,-1.5710121757690494,-3.8747271164292276,-6.283147966267306,-6.283185547631787,-297.58300223731584
607.0,-0.4852877045901072,0.010621665070445251,-1.5710070433099816,-3.88314199646958,-6.283148436914707,-6.28318547544257,-298.1302376442153
608.0,-0.4814570759483056,0.009026750782670989,-1.570961658312407,-3.894456128116964,-6.28314751858239,-6.283185493811774,-298.67890811131076
609.0,-0.4784583302210038,0.009310892228169937,-1.5710576186368554,-3.892053718877857,-6.2831503364747165,-6.283185669560585,-299.2289394217916
610.0,-0.4738484027854197,0.009803948670965054,-1.5710237743352677,-3.8800490994643644,-6.283149350210811,-6.283185526643518,-299.7812126801369
611.0,-0.4726277689749883,0.010019246529458811,-1.5710719870169365,-3.8716340743342004,-6.283151995729203,-6.2831854501951385,-300.33437566045217
612.0,-0.468289187559765,0.010219958726036288,-1.5710368214300647,-3.873810838050764,-6.283150339790005,-6.283185331714185,-300.8891794910333
613.0,-0.47056130026145415,0.010266356883929312,-1.5711119478578603,-3.877616773324771,-6.283152938867693,-6.2831854294788885,-301.4430707137929
614.0,-0.47361848032774323,0.010387990571488252,-1.571083168080555,-3.8793747437927966,-6.283150393512109,-6.283185496550116,-301.9955644252943
615.0,-0.473818549354482,0.010512044470296224,-1.5710351853703572,-3.873658310825361,-6.283148185521975,-6.283185546800287,-302.54806714758945
616.0,-0.4758622959827664,0.010507607833156194,-1.5710635225139717,-3.8690488765405613,-6.283150293548431,-6.283185474946905,-303.0999345488707
617.0,-0.47792149608355694,0.01056017650726613,-1.5710488713660353,-3.8564409794782795,-6.283149495902777,-6.283185444562391,-303.6513502636064
618.0,-0.4802058640598694,0.010527206087123318,-1.571062882978411,-3.8539502384001305,-6.283150538261663,-6.28318534940935,-304.2019196382711
619.0,-0.47614582946267736,0.010606231180956497,-1.570998348908913,-3.8540155217797842,-6.28314739264613,-6.2831854020340865,-304.75402033077097
620.0,-0.46920007928050683,0.01060280329538516,-1.571002810606334,-3.8601243943511414,-6.283148383133841,-6.28318539468426,-305.30880451734924
621.0,-0.4619069480030844,0.01063971627633075,-1.571007805453607,-3.8530097895954434,-6.283148235757545,-6.283185536468346,-305.8668987179204
622.0,-0.4619717051406767,0.010520044968214542,-1.5711038954040575,-3.8501831471178196,-6.283152560128009,-6.2831854506001905,-306.42529401187176
623.0,-0.46276734958805166,0.010557380496705952,-1.571080264232546,-3.841626112896325,-6.283150028126796,-6.283185484382283,-306.9836207719442
624.0,-0.45982378278133407,0.010552597642994122,-1.5710502754279663,-3.848628137620705,-6.283149133933341,-6.283185377958481,-307.5428746209196
625.0,-0.4564822574214244,0.010598917610852458,-1.5710436986348006,-3.8440992424736997,-6.283148189879982,-6.283185538644806,-308.1036744305603
626.0,-0.45328483322268204,0.01057192528728224,-1.5710555155890689,-3.84472200200162,-6.283149409267334,-6.28234133856788,-308.66582149268476
627.0,-0.4538856761271362,0.010545435883474638,-1.5710907768999205,-3.8405764730496412,-6.283150217364886,-6.282853609756767,-309.2279551445825
628.0,-0.45411541905145225,0.01054806742439671,-1.571075272168995,-3.841606113763775,-6.283149507700159,-6.283048667871705,-309.7899369166271
629.0,-0.45695027685969963,0.010520164137989979,-1.5706845755217378,-3.84170541539663,-6.283149984144635,-6.283129314460324,-310.35072085372013
630.0,-0.45988129737747585,0.010574129037234087,-1.5707863486202547,-3.8369976869274005,-6.2831483794847145,-6.283162447915381,-310.91041724322343
631.0,-0.46248446586655667,0.010557548230134243,-1.5708785151534972,-3.838436010976198,-6.2831489381436825,-6.283175934377196,-311.4689874371504
632.0,-0.465327732580824,0.010571525856233133,-1.5709369504990496,-3.8363954788067667,-6.283148327901438,-6.283181609851161,-312.0264385531303
633.0,-0.46897122145890696,0.01055311002282405,-1.5709866271065231,-3.838196836568454,-6.283148970905701,-6.283183841308705,-312.58232651622984
634.0,-0.4761805741515008,0.010512095970780585,-1.5710442818705947,-3.845001694656478,-6.2831500497369115,-6.283184779309082,-313.1350438515921
635.0,-0.4821623128259381,0.010572567341283486,-1.5710217546402752,-3.84750955425626,-6.2831475188561425,-6.283185265132541,-313.6850804692584
636.0,-0.48776734377776526,0.010603849375678428,-1.5710212305462083,-3.842220146599054,-6.2831472575241225,-6.283185460013549,-314.23291966125896
637.0,-0.48960499430003773,0.010632628181718078,-1.5709952700681336,-3.837399992644951,-6.2831466897473005,-6.283185442684545,-314.78005279670924
638.0,-0.4883882129640239,0.010606953194620563,-1.5710005713298867,-3.843198697860662,-6.283147747307329,-6.283185371570234,-315.32745049864116
639.0,-0.48158259048243196,0.01065561558715804,-1.570966805791817,-3.849823818270442,-6.283146273713157,-6.283185447114578,-315.8773403647185
640.0,-0.47341927560077424,0.01064265310763187,-1.5709895330897832,-3.85591408990007,-6.283147728292015,-6.283185496499262,-316.43045648337267
641.0,-0.4718451958564646,0.01058695747211328,-1.5710688470520346,-3.849725213353375,-6.283150542226202,-6.283185583468099,-316.9846318796162
642.0,-0.4710971932301367,0.009581451613713071,-1.5710360800072203,-3.8452792320053524,-6.28314922099765,-6.283185473878795,-317.5394400570336
643.0,-0.47036752263156745,0.009714345088883719,-1.5710963610883306,-3.849718190222788,-6.2831511323066485,-6.283185403197427,-318.0944172660269
644.0,-0.4711265034112649,0.009999289052674342,-1.5710941580015187,-3.854737409007043,-6.283150121094292,-6.283185468492417,-318.64888113904055
645.0,-0.4709606079164804,0.010212112837025212,-1.571067733733306,-3.8616722321311925,-6.283148866430135,-6.283185472941118,-319.2030994255731
646.0,-0.4729793711791384,0.010345404885906568,-1.5710758475296593,-3.8599212025829304,-6.2831489820104185,-6.283185594165103,-319.75654983565244
647.0,-0.4732825749402856,0.010472275519096914,-1.5710403983698733,-3.850793584173659,-6.283147931525419,-6.283185525108952,-320.31010372181674
648.0,-0.471743204637611,0.010515421232264162,-1.5710332205142115,-3.8436091753322197,-6.283148487935297,-6.283185459056516,-320.8645165671393
649.0,-0.4682234367444019,0.010540977417811133,-1.5710283321696883,-3.8401961016748367,-6.283148707979696,-6.283185409453871,-321.4204908491405
650.0,-0.4609269628536621,0.01058270745136475,-1.571005796622264,-3.8394885921551434,-6.283147931760851,-6.283185414639281,-321.97947485005307
651.0,-0.461146283275009,0.010495906594955086,-1.5711041623345932,-3.8373630078394565,-6.283151690840681,-6.283185474614385,-322.5386721831504
652.0,-0.4647542354325545,0.010435236182547634,-1.5702913015161306,-3.847642180046036,-6.283151496091376,-6.28318544947126,-323.09592806958216
653.0,-0.4643347074828844,0.010605653275622339,-1.5704620846219912,-3.846724088917514,-6.283146493550061,-6.283185579944595,-323.6532582964347
654.0,-0.46166139039688725,0.010607929947430832,-1.5706461117244899,-3.8475073465229452,-6.283147612716403,-6.283185486353476,-324.21168976621084
655.0,-0.4576305847525069,0.010619041962769856,-1.5707697345512965,-3.844627855298381,-6.283147810291516,-6.281954114041081,-324.7719133483025
656.0,-0.4555121436713252,0.010581899194030435,-1.570887423145146,-3.8405788465770447,-6.283149487968362,-6.282701285987714,-325.3332501611064
657.0,-0.45630264097971257,0.010568278680122759,-1.5709662541679006,-3.8297631235932874,-6.283150000645661,-6.282985964134524,-325.89469346178186
658.0,-0.45722173912847486,0.0105806145676746,-1.570993406910129,-3.814234479187537,-6.283149325873095,-6.283103451354483,-326.4562617192219
659.0,-0.45983828079117256,0.010510542720671059,-1.5710461337368282,-3.8115044911379714,-6.283150627579633,-6.283151637519192,-327.0169034536896
660.0,-0.4667861916738133,0.01046835100400101,-1.5710942761761357,-3.8148651221543046,-6.283150764254174,-6.283171527795163,-327.5746338571547
661.0,-0.47116006017520373,0.010542964270731378,-1.5710478690565832,-3.8178341471177424,-6.283147265996129,-6.2831797721437574,-328.1303192679638
662.0,-0.47072589830683353,0.010621474261546948,-1.5710032488865524,-3.8146669872011896,-6.2831452942240675,-6.283183205160321,-328.6861563874553
663.0,-0.46644884016488636,0.010606603905169215,-1.5710005411982289,-3.822154117307431,-6.2831465619628855,-6.283184466862284,-329.2434768877558
664.0,-0.46107088752969805,0.010593342514030345,-1.5710182668610095,-3.833199671732501,-6.277962666735935,-6.283185102706489,-329.8025114887776
665.0,-0.4584303065635039,0.01054927547673086,-1.5710636278699288,-3.8487987566271786,-6.281104070728166,-6.283185399461818,-330.36231615812216
666.0,-0.4530156756202517,0.01060640526558524,-1.5710263343591646,-3.8628611244694593,-6.28230661307498,-6.28318552944052,-330.9238706147534
667.0,-0.4492205591251209,0.009227119923811042,-1.571003767537649,-3.8666584570812548,-6.282802096008444,-6.281054082348887,-331.4871734850662
668.0,-0.44843543573642924,0.009421372447211222,-1.571107066000491,-3.867541802137607,-6.283009463200212,-6.281638267739919,-332.05085660140406
669.0,-0.4486132293704356,0.009798634429923122,-1.571095673817769,-3.8753253929858076,-6.283092480555157,-6.282561285194669,-332.61415204240257
670.0,-0.45407364300805214,0.010028615576498348,-1.570948655896656,-3.879603936855716,-6.283127508561536,-6.2829288068997355,-333.1750427740004
671.0,-0.4611463822693448,0.010244210504802025,-1.5709712696019447,-3.8778699980162186,-6.283139790043168,-6.2830801127494835,-333.7329710633233
672.0,-0.46820838084678246,0.010391435628889206,-1.5709826334823118,-3.8686649919312774,-6.283144831290314,-6.28314219702868,-334.288194611851
673.0,-0.4697909145709498,0.010502165120389715,-1.5709530819073978,-3.863632331276136,-6.2831457510610775,-6.283080166642331,-334.84277105870115
674.0,-0.47026344757674876,0.008923519412449801,-1.5709399791448977,-3.865682376275379,-6.283147245350011,-6.2831436466842545,-335.3973342930383
675.0,-0.46755926461454256,0.00925549598900206,-1.5710128769740066,-3.862662807691833,-6.283148739648913,-6.283168357332639,-335.9530443331789
676.0,-0.4670181186868059,0.009681275992953868,-1.5710500208912759,-3.8617231546019686,-6.283150404418379,-6.283178406365215,-336.50901486632307
677.0,-0.47197980023867175,0.009911121864560895,-1.5711047917291177,-3.8703623208558016,-6.2831521530073084,-6.283182536635416,-337.0626872521415
678.0,-0.4772901835748811,0.010149331816636539,-1.5703100408335482,-3.8745214080276527,-6.283149476733831,-6.283184344756567,-337.61375516902854
679.0,-0.4807009709525808,0.010333993230325057,-1.5705138870292337,-3.8858713375389953,-6.279233378746222,-6.283185014480527,-338.1627823984031
680.0,-0.4805159455775442,0.010492641937458955,-1.570646122756763,-3.888774099408664,-6.281602687656601,-6.283185385588372,-338.71176191179785
681.0,-0.47852200447781973,0.010544822269328272,-1.5707646706561067,-3.890584336943461,-6.282513569468662,-6.28318545466087,-339.2615368117897
682.0,-0.47647882194908003,0.010596048007720968,-1.570849198106764,-3.8802140819860105,-6.282888390683688,-6.28318549754394,-339.8125660313273
683.0,-0.4747363063201702,0.010574152593734405,-1.5709237086365788,-3.872232692147718,-6.283043367661982,-6.283185452602524,-340.36465896688225
684.0,-0.47236379909734594,0.010574661379916046,-1.570962786258782,-3.865710302793729,-6.283106333603242,-6.283185429369717,-340.9179864478777
685.0,-0.4686497027033973,0.010584323676274899,-1.5709827854290117,-3.8598983580649646,-6.283131773047885,-6.283185430853449,-341.4730663540239
686.0,-0.4673800709727367,0.010536224125755087,-1.571038617682035,-3.858958811047733,-6.283143962263045,-6.283185393312106,-342.02880907842416
687.0,-0.46425697979430053,0.010587506101788467,-1.5710183766173142,-3.8533454567599734,-6.283145930983734,-6.283185494915908,-342.5859948024317
688.0,-0.46087690948460414,0.010549464555793838,-1.5710419162135645,-3.8584353469335184,-6.283149045130563,-6.2831853750833515,-343.1444611076538
689.0,-0.459435160853847,0.010108313506491233,-1.5710513054997903,-3.8629204287983634,-6.283149447761994,-6.2831854621683,-343.7035015475745
690.0,-0.45765648534527115,0.010230530854024648,-1.571056584230042,-3.8573539102449703,-6.283148890972994,-6.283185567818608,-344.2634458649337
691.0,-0.45371192146071493,0.010327937697267864,-1.571047605212867,-3.866233576686704,-6.28314939579324,-6.283185439574441,-344.8247012032546
692.0,-0.4538486612486947,0.010385170724355594,-1.571087648366364,-3.8715733942659694,-6.283150708111597,-6.283185516380699,-345.385814116509
693.0,-0.4550463293595214,0.00737204266203891,-1.5709911424344463,-3.884868341921595,-6.283147831167478,-6.283185482568285,-345.94643472856876
694.0,-0.45508785469553437,0.006999752068281163,-1.5711007095214151,-3.896701159864059,-6.283150887162399,-6.283185590858644,-346.5066995679121
695.0,-0.4607173757465641,0.008042504901208015,-1.5711595745136837,-3.9007082761634653,-6.283152521422026,-6.281157027657937,-347.06440470277676
696.0,-0.4650737108317442,0.008950905179762839,-1.571088035084788,-3.9081915916444587,-6.283149805623593,-6.282387824402467,-347.6197630933119
697.0,-0.46366804779105336,0.00963944473438349,-1.5709943847431982,-3.9000795389267093,-6.283146465955718,-6.282856908087274,-348.1757182363383
698.0,-0.46130265388874864,0.009946810269192028,-1.5710142252622128,-3.9002663219245344,-6.28314976059018,-6.283050426278066,-348.73263178596767
699.0,-0.45924765507110005,0.010146723018288197,-1.5710314828438523,-3.9076007794734893,-6.283150828718374,-6.28312996355062,-349.29014127904566
700.0,-0.4585225460668283,0.010284421128116384,-1.571047149443464,-3.9176423239097224,-6.283151169537755,-6.283162699711353,-349.84760985836647
701.0,-0.4602822822887758,0.010400594700509252,-1.571055168901339,-3.9186833553860154,-6.2831509120170805,-6.283176242695995,-350.4043162654794
702.0,-0.4669730358689051,0.010432695109951961,-1.5710870036326448,-3.916188487837212,-6.283152411832516,-6.283181716577801,-350.958372347742
703.0,-0.47197651662336443,0.010484507632929355,-1.5710529534861863,-3.9241810836193145,-6.283150907473525,-6.283183869454751,-351.5099379719764
704.0,-0.47655365719648907,0.010563544187832924,-1.571031668094071,-3.921686668798491,-6.283149619812158,-6.28318494585774,-352.05960889018866
705.0,-0.4806890523181706,0.010600503465236413,-1.5710208975107418,-3.9129509994258638,-6.283149900841103,-6.2831852564720565,-352.6078163333955
706.0,-0.47783330856522216,0.010664883268537876,-1.5709607927718328,-3.905761731373792,-6.283147972363714,-6.283185348050236,-353.15731406192344
707.0,-0.4761026760349112,0.010635708675223291,-1.5710050881208972,-3.8917643816590344,-6.28315086610595,-6.28318536448878,-353.70812245947803
708.0,-0.47358855186808085,0.010572609606567878,-1.5710257264771939,-3.8940764096213236,-6.283151878827617,-6.2831852841274,-354.2599264498842
709.0,-0.4732925370705307,0.010554517892376882,-1.5710553613422946,-3.8959138085977263,-6.283151905977439,-6.283185424802511,-354.81185656259476
710.0,-0.47354416021737,0.009096594507088388,-1.571008348933703,-3.897880178061791,-6.283149880382721,-6.283185440336961,-355.36383934024946
711.0,-0.4742114209450112,0.009246096130933542,-1.5710824918472495,-3.89606798090946,-6.2831516937635286,-6.28318554340057,-355.9156194819271
712.0,-0.46905612425430654,0.00978969738880851,-1.57100235608463,-3.884291064998649,-6.283148190774554,-6.283185486270612,-356.46974541077924
713.0,-0.4658119977664379,0.009934205790026749,-1.567883676385338,-3.8755609404501965,-6.283152048349208,-6.283185472460373,-357.02505731589196
714.0,-0.46449456198003075,0.010269856695163587,-1.5688454631563566,-3.8660387165361296,-6.283150497169727,-6.283185384703262,-357.581379248855
715.0,-0.45991141843268474,0.010374029294674738,-1.5695563418595757,-3.8665247980752455,-6.2831498801070085,-6.283185316017302,-358.13967407415544
716.0,-0.4547514919727672,0.010438968667033848,-1.570055549383321,-3.868111652236749,-6.283149963722488,-6.283185421260925,-358.70018505967266
717.0,-0.45287151208782134,0.010471089018000243,-1.5704151759856513,-3.862302399918835,-6.2831507024568705,-6.283185525495483,-359.2618292084541
718.0,-0.4498394534368755,0.010526307453158617,-1.570611632475247,-3.854212354107916,-6.280982363110784,-6.283185491845057,-359.8249475423436
719.0,-0.4521425118248405,0.010487903281118295,-1.5708138140318848,-3.8433688678198115,-6.282297143548244,-6.283185440401223,-360.3876829180503
720.0,-0.45430747146711303,0.010511245694264494,-1.5708890026372873,-3.835564754117499,-6.282798904570632,-6.2831854125020845,-360.94977739701983
721.0,-0.45548900140534504,0.010510254029187828,-1.570945152748698,-3.8373322755501773,-6.283005648031367,-6.283185332409387,-361.5113231273751
722.0,-0.45907354682381973,0.01051215451022233,-1.5710048492351245,-3.837081056902388,-6.283090471676587,-6.283185462816353,-362.07143840748694
723.0,-0.4571012714082944,0.01062510925258018,-1.570955872019778,-3.8281556985884557,-6.283121867026834,-6.283185491304615,-362.632501246004
724.0,-0.4567899529062545,0.010553580826204154,-1.5710241495197235,-3.826502660118988,-6.283139481126665,-6.283185395353262,-363.1938512692583
725.0,-0.45911808797674336,0.01052217533819982,-1.571062088541659,-3.82862819085879,-6.283145805045865,-6.283185414375989,-363.7542219413869
726.0,-0.46204422077410023,0.010576179072721414,-1.5710527179263685,-3.81836435670918,-6.2831464920849935,-6.28318549105284,-364.3136846633172
727.0,-0.46605457043816484,0.010512013550924659,-1.5710784893657028,-3.8231781568183876,-6.281052085088932,-6.283185376767669,-364.87128942450624
728.0,-0.4663897601423567,0.01058337652384065,-1.5710311231701768,-3.8265753189363183,-6.282319501190617,-6.283185462591622,-365.42855582581586
729.0,-0.4701087913912768,0.010537995990473973,-1.5710793994597412,-3.8306915985119465,-6.282809026636788,-6.283185481162351,-365.98424735524253
730.0,-0.4700119998179466,0.010614754442527647,-1.5710237153397815,-3.829783045855209,-6.28279867012526,-6.283185546069908,-366.53987001526946
731.0,-0.4735546971477651,0.010535920201801387,-1.5710830806370122,-3.834957553343366,-6.277701684365645,-6.283185447937491,-367.0937881190514
732.0,-0.47080714938780927,0.010623840273779198,-1.5710052552224234,-3.842411684082532,-6.2809951093238645,-6.283185454904173,-367.64850942916826
733.0,-0.4699903625197788,0.010590868337186948,-1.5710489758516595,-3.8460789454965028,-6.28226438859276,-6.283185544440479,-368.20357776375766
734.0,-0.468344611281921,0.010614474832485279,-1.571035302393209,-3.8449527566319555,-6.282784783495589,-6.283185563253018,-368.75935495717573
735.0,-0.4628926867696944,0.010637124438159043,-1.5710080475498183,-3.845166957365541,-6.282998301234273,-6.283185488316156,-369.3173386782853
736.0,-0.4572946887598289,0.010600495769146599,-1.5710327666400847,-3.849628133970442,-6.283087839118391,-6.283185443871563,-369.8775646740839
737.0,-0.4501910535489096,0.010615935888458706,-1.5710239079433608,-3.8527800828274112,-6.28312327213846,-6.283185499907489,-370.4406430035273
738.0,-0.4478652449250661,0.010553259730174,-1.5710846888649639,-3.8546874291824023,-6.283140562494631,-6.283185514077633,-371.0047866092698
739.0,-0.44715042929292403,0.010560867302474372,-1.5710814834435478,-3.8534803876574086,-6.283145698620322,-6.283185532661184,-371.56928945469184
740.0,-0.4519705515879141,0.010492196747237127,-1.5711295326695143,-3.8579403669720134,-6.283150252727151,-6.283185440568157,-372.13176372087366
741.0,-0.45926455189719545,0.010489900070165818,-1.571120633191223,-3.8686130463640462,-6.283149942066316,-6.283185487425822,-372.69082716718015
742.0,-0.46197208532783235,0.01060880241687608,-1.571036805159281,-3.870791873579832,-6.283146267242158,-6.283185589625165,-373.24849622057786
743.0,-0.46902297997168124,0.01054296657869799,-1.571089219019773,-3.875882894113545,-6.283150197601831,-6.283185496265624,-373.80314726352736
744.0,-0.4773393759198989,0.010584888380512332,-1.5710659923398125,-3.871919156307508,-6.283148667390316,-6.283185596257876,-374.3544031411871
745.0,-0.480939690201792,0.0106364289003364,-1.571010404884348,-3.8685052856646487,-6.283147120413568,-6.283185496779,-374.90411802583105
746.0,-0.48127853765463946,0.010605629165909807,-1.5710095734757923,-3.8782458254350054,-6.283148250702793,-6.283185435510452,-375.45329578343916
747.0,-0.481444869394434,0.01061004647517038,-1.5710204659045464,-3.8857093197506902,-6.283148721339854,-6.2831855008912125,-376.00213173829326
748.0,-0.4827623486617264,0.0106046629043001,-1.5710356593092456,-3.889652573136454,-6.283149352975825,-6.283185550216424,-376.55028993505874
749.0,-0.48471351195915835,0.010601942133965887,-1.5710404683554213,-3.8917491733869953,-6.28314964078121,-6.2831855386543145,-377.0975522474086
750.0,-0.4865282172361593,0.010639595719631361,-1.571027657972362,-3.881500935680572,-6.2831490994462635,-6.283185533581401,-377.64439093679107
751.0,-0.4855435729772707,0.010624972861560084,-1.5710147042734108,-3.8780114505007246,-6.283149341987867,-6.28318542094413,-378.1917173118554
752.0,-0.4835826844843006,0.010616321979337347,-1.5710213945434632,-3.8741546154501134,-6.283149604101726,-6.283185456838541,-378.7400046451011
753.0,-0.4814883177527769,0.010590428168913178,-1.571035521792083,-3.874666073989384,-6.283150302167862,-6.283185412734422,-379.2891735131765
754.0,-0.4771209818539289,0.010630142265121233,-1.5710133949344447,-3.869221643999644,-6.283148728743448,-6.283185516017847,-379.8403140343434
755.0,-0.47323837788804085,0.010558238997190656,-1.5710488349859446,-3.878173789244267,-6.283150896266577,-6.283185416283024,-380.3928386272977
756.0,-0.47195075555908705,0.010526251509768155,-1.57107834691225,-3.8929771622212073,-6.283151216435211,-6.2831855145262505,-380.9454537271123
757.0,-0.46618970694877965,0.010646928128462232,-1.5710050213155673,-3.8952253559961507,-6.283147282626335,-6.279424227891549,-381.5002606412566
758.0,-0.46326470357678384,0.010628138083183946,-1.5710436350119024,-3.88554471711764,-6.283150261049519,-6.281706514948276,-382.05674213741025
759.0,-0.4619796261315387,0.010018900800824689,-1.5699254743505833,-3.877511676341226,-6.283151094007815,-6.281131148904951,-382.6139881910791
760.0,-0.4639982604198934,0.010083668144040377,-1.570329433454615,-3.8823772013377718,-6.2831530852346855,-6.280206478821095,-383.17035818607405
761.0,-0.46396035586756507,0.010294181998820633,-1.570538321153324,-3.884276279417384,-6.283149610653405,-6.281999043124603,-383.726611677396
762.0,-0.4652435964474102,0.010404746071911357,-1.5707153777592628,-3.8774183183660162,-6.283149892432818,-6.282697119755097,-384.2826101216076
763.0,-0.4698677948078957,0.01039415357826551,-1.5708661635991217,-3.8825829568148587,-6.2831520439175135,-6.282984777516291,-384.8365864447156
764.0,-0.47289309420519055,0.010501130327291747,-1.5708980553836203,-3.8827357792676525,-6.283149042070523,-6.283103100636309,-385.38920114562893
765.0,-0.4792378227293619,0.010475397386130923,-1.5709852544318645,-3.8894878440196803,-6.283151287721407,-6.283151583981308,-385.9389975874242
766.0,-0.4816789210110336,0.00968214096929047,-1.570927150608573,-3.893265463417975,-6.283147210377922,-6.28317159717073,-386.4876190410128
767.0,-0.4851821602765868,0.009842913236958172,-1.5710132926849163,-3.888493020713266,-6.283149909574845,-6.28219601053487,-387.0349639216751
768.0,-0.49035139628050617,0.010094657612525322,-1.5710308523998833,-3.8808372726736393,-6.283150270307289,-6.28279630114479,-387.5803891741822
769.0,-0.4884210271877712,0.010128684651478788,-1.5709543079724162,-3.8718510208940264,-6.283146950518689,-6.283025093928793,-388.1267553059383
770.0,-0.48324201775562187,0.01022847769621601,-1.5709863695474038,-3.8761633748220587,-6.2831494298660235,-6.283119476792903,-388.67511430118316
771.0,-0.48094751384655104,0.010319171599706786,-1.5710384731080755,-3.8807283621208897,-6.2831509630764275,-6.283158384529601,-389.22435252962055
772.0,-0.4746814655578013,0.010441073937761326,-1.5710022878653878,-3.8922937246101945,-6.2831487613560295,-6.282817919744696,-389.7756969465688
773.0,-0.4684642514675263,0.010548346075778021,-1.5710053741028978,-3.8859266185867525,-6.283148809615469,-6.283040860820754,-390.3298866832438
774.0,-0.4653546795066936,0.010545366566449567,-1.5710462364388742,-3.872968479747616,-6.2831511678567775,-6.283125865520509,-390.8859351609522
775.0,-0.46111930605090895,0.010578531650040288,-1.5710325871628472,-3.8565395094246977,-6.283150470865814,-6.28316089900128,-391.4443039948206
776.0,-0.46222226132392163,0.010483527412531163,-1.5711061487909694,-3.8481160113058457,-6.283153301092474,-6.283175287506003,-392.0026813299681
777.0,-0.46437071631189725,0.01048265944702316,-1.5710991330031625,-3.8482314381967946,-6.2831516700811685,-6.283181188537062,-392.5601621332848
778.0,-0.4715978495075886,0.010474018388526202,-1.571127849767183,-3.844609948850366,-6.283151402698125,-6.283183771947797,-393.1148435763028
779.0,-0.47149117149568553,0.010579809576948625,-1.5710264898423663,-3.8470042248294685,-6.283147012824631,-6.283184694951415,-393.6692535903182
780.0,-0.4737713276964201,0.010562552924317011,-1.571065800064126,-3.84290198240381,-6.283148866909994,-6.283185243401297,-394.22293587702757
781.0,-0.47546098894641275,0.010571841619073907,-1.5710530936304472,-3.840657651599082,-6.283148567937504,-6.283185341000378,-394.77595388910873
782.0,-0.4733394728176146,0.010574188106706017,-1.5710289624885168,-3.8508676891840343,-6.283147919049104,-6.283185384468536,-395.3294302053356
783.0,-0.46634278496158676,0.01065756979046909,-1.5709849903592625,-3.8520805359639136,-6.283145966084565,-6.283185544597487,-395.8856773722147
784.0,-0.45877432745439933,0.010628129677637085,-1.5710107790618555,-3.854774494376943,-6.283148348328993,-6.283185483720829,-396.4450464994356
785.0,-0.4480912197293919,0.010641207893849498,-1.5709951426288498,-3.8601034006204564,-6.28314810809999,-6.283185465053722,-397.0086740331011
786.0,-0.44148317919175795,0.010577016700485976,-1.5710599315977047,-3.864564797921829,-6.2831508611880675,-6.2831855084186845,-397.5750834512917
787.0,-0.4382260709780102,0.010573025138765168,-1.571078760203667,-3.860943197869617,-6.283150560492106,-6.283185591163891,-398.14305558878925
788.0,-0.43852376115763014,0.010518715123050039,-1.57110863956711,-3.8641063451190947,-6.283151924575739,-6.283185435808486,-398.71089732290795
789.0,-0.4426779597543233,0.01051561626366393,-1.5711185275986592,-3.8636980192470385,-6.283151200458351,-6.283185522911577,-399.277075331757
790.0,-0.44846393588528355,0.010528014214097768,-1.571104024787364,-3.863362696874812,-6.283150279695812,-6.283185492695184,-399.8408374133612
791.0,-0.4547372226647525,0.010550719908560382,-1.5710841350908484,-3.861531222248753,-6.283149358283763,-6.283185501268926,-400.40200406082056
792.0,-0.4620121172779957,0.010528911752757483,-1.5710850698183678,-3.868251774689865,-6.283149933975874,-6.2831854242968355,-400.9598939193584
793.0,-0.4729059575935584,0.010542986845136182,-1.5710913755714002,-3.8673146734432624,-6.283149568458015,-6.283185563707613,-401.51327638771704
794.0,-0.48284511387714724,0.010586226202299608,-1.571052164029672,-3.8642046826644303,-6.283148086286904,-6.28318552362451,-402.0625067152623
795.0,-0.4932441036200816,0.010563484323848972,-1.57105550145644,-3.8682420481361355,-6.2831491625701,-6.28318541401953,-402.6072196946947
796.0,-0.4985680287740189,0.010625800654994907,-1.5709983522722277,-3.874860710807934,-6.283146711681206,-6.2831854497173945,-403.14928394910606
797.0,-0.4989996188215835,0.01065355813112393,-1.5709741719173882,-3.884529212171823,-6.283146462655272,-6.283185489300398,-403.6906940157957
798.0,-0.49860892919886796,0.010605192874157105,-1.5699351312590244,-3.8956298897926103,-6.283148354110718,-6.28318554206736,-404.23166351119175
799.0,-0.49559135706946494,0.01072099492225522,-1.570228265052759,-3.8921490127402665,-6.283146672851517,-6.283185623740485,-404.77398031189387
800.0,-0.49345809746810304,0.010659252000640067,-1.5705148726872296,-3.8877727557377124,-6.283149681421827,-6.283185535791082,-405.31746770129706
801.0,-0.48641649886565586,0.010683209429215626,-1.5706431598736268,-3.884144243701911,-6.283148367271434,-6.283185477838515,-405.86397360727057
802.0,-0.4819176438978286,0.01062402517117671,-1.570809606820305,-3.8761906276734335,-6.283151038937295,-6.283185492227754,-406.41280060431944
803.0,-0.48291494329955686,0.010517516883812071,-1.570950947131555,-3.8788588534967787,-6.283153676714292,-6.283185357457625,-406.96129468926176
804.0,-0.4865649712439424,0.010531725487482829,-1.5709972966699908,-3.8775128865088555,-6.2831515592430645,-6.283185498357835,-407.5083389932265
805.0,-0.48728250231196,0.010572594542316618,-1.5709849618630891,-3.880462609956069,-6.283149459348019,-6.2831854325906145,-408.0548860506551
806.0,-0.4870737597433346,0.010621369169122725,-1.5709902288439905,-3.871380211191199,-6.2831487397294055,-6.2831855141000466,-408.6018190081326
807.0,-0.4843436533124848,0.010624183736553714,-1.5709897397025188,-3.8639004829022556,-6.283148829694531,-6.2831854631388095,-409.150122165416
808.0,-0.47647336875213125,0.010632977580226593,-1.5709712459239342,-3.865284367822502,-6.283148541156326,-6.2831853559009785,-409.701595463568
809.0,-0.473481699079006,0.01054027552756802,-1.5710597193166445,-3.871738661374245,-6.283152009366411,-6.283185403137294,-410.25428490253097
810.0,-0.4724716426575675,0.010545005326531895,-1.5710677028339302,-3.8777882509528125,-6.283150849349067,-6.283185483064589,-410.8072133640924
811.0,-0.4675961326156492,0.010605791307035446,-1.571020433729247,-3.884096081810708,-6.283148476962004,-6.283185497623961,-411.3618627784651
812.0,-0.4642225041256703,0.010611399356792107,-1.5710413508727217,-3.8799510071757854,-6.283149509369279,-6.283185599490929,-411.9181338874879
813.0,-0.46476531147776456,0.01057811130783001,-1.5710761994694897,-3.869942921332944,-6.2831512717587525,-6.283185513448118,-412.47462531803694
814.0,-0.4684313268057027,0.010509322258020527,-1.5711044481217353,-3.87224955467975,-6.283152550176481,-6.283185355310502,-413.0295806495199
815.0,-0.4732014259816802,0.010534502177583203,-1.5710887121535293,-3.8728297571969508,-6.283150547291757,-6.283185472348264,-413.5825010245181
816.0,-0.4780528480388912,0.010535026757928674,-1.5710776799407926,-3.880118804437175,-6.28315012716072,-6.283185432717367,-414.13310709958847
817.0,-0.48458346837604405,0.010542900411360174,-1.571078272265163,-3.8871786190794912,-6.2831499655067145,-6.2831854917049705,-414.68072310327386
818.0,-0.4844047770066724,0.009779228042225828,-1.5709697726570448,-3.8953573473630096,-6.283146010577645,-6.283185481695151,-415.22804148496203
819.0,-0.4858368508971206,0.00991774942764074,-1.5710461018051896,-3.8908919028136584,-6.283149521046125,-6.283185626377635,-415.7749701546683
820.0,-0.4863022675900215,0.009652724611858414,-1.5710194403469626,-3.8914766682311877,-6.2831494172230995,-6.283185460899244,-416.32168760745986
821.0,-0.4825833513324952,0.009928684595733284,-1.5710094943105768,-3.8930511023191214,-6.2831489033586205,-6.283185479712437,-416.869783232926
822.0,-0.4756204306991761,0.010206276038861775,-1.57098745247381,-3.889288417517323,-6.283148350600518,-6.2831855374508425,-417.4208462934562
823.0,-0.47082664953199593,0.010295601336388408,-1.571037173385869,-3.890740365640462,-6.283151439299797,-6.283185430292369,-417.973957907514
824.0,-0.4702017563711221,0.010352515218365181,-1.5710784189032405,-3.89333137268456,-6.283152453810256,-6.283185463424487,-418.52733490132533
825.0,-0.4734173553967293,0.010422164796440762,-1.5710912779086366,-3.8884928610597527,-6.283151757524498,-6.28318555554252,-419.0795837798175
826.0,-0.4782131098698484,0.010446912249160577,-1.5710904229492573,-3.8906009334211027,-6.2831517614155254,-6.28318541754285,-419.6297513750377
827.0,-0.4786968047495213,0.01053659198143599,-1.5710316170146734,-3.896349953401226,-6.283148931635149,-6.283185432787731,-420.1793668685971
828.0,-0.4784346211582232,0.01055457717163212,-1.5710351352007317,-3.904304226575854,-6.283149676577559,-6.283185466254185,-420.72879773158695
829.0,-0.4787180674631526,0.01057132284968452,-1.5710396024690567,-3.910527688125166,-6.283150006367462,-6.2831855239483065,-421.277885309506
830.0,-0.4762002163860917,0.010607107161510889,-1.5710121190413742,-3.9191417534331987,-6.283149227287667,-6.2831855028811034,-421.82764289538085
831.0,-0.4787174432786902,0.010569739406225362,-1.5710666201988572,-3.9209776520067567,-6.283151844471461,-6.283185592905675,-422.3764027492367
832.0,-0.4814473502868845,0.010581081628279846,-1.571050692684231,-3.92473865358531,-6.2831511162154206,-6.283185505212526,-422.9238386179811
833.0,-0.48590370102130953,0.0106060915235052,-1.571049929080213,-3.9170404172910676,-6.283150935577361,-6.283185559423066,-423.4696901945963
834.0,-0.49305464462941007,0.010567133263160472,-1.5710694486078967,-3.911853554697393,-6.283152161324162,-6.283185474403228,-424.0127697424918
835.0,-0.49390529719377313,0.010633005659831779,-1.5709964317855656,-3.911568496771728,-6.283148876242464,-6.283185409968532,-424.5553115192126
836.0,-0.49504413414915677,0.010619535130515249,-1.5710193658362661,-3.9071261153406267,-6.2831502600467655,-6.283185501106332,-425.0975715456837
837.0,-0.4932379881132048,0.01065740694716423,-1.5709918935509009,-3.897610173616783,-6.283149214582892,-6.283185471332805,-425.64086215681493
838.0,-0.4915629922543509,0.010592097063673603,-1.570719787152406,-3.8954873012811544,-6.283151388148998,-6.283185384036455,-426.18493335117114
839.0,-0.48807428554030735,0.010636279926117077,-1.5707957459314825,-3.8885531274085605,-6.283149764190101,-6.283185473012689,-426.7306932971703
840.0,-0.4816475338981223,0.010606510770274647,-1.5700457450860617,-3.8868658917067793,-6.283150135911394,-6.2831854061017065,-427.27905639124015
841.0,-0.478731665395679,0.010619257126316548,-1.5703837910026968,-3.8753142320934604,-6.2831513830631724,-6.2831854403682295,-427.8292139822099
842.0,-0.4806001205880431,0.010506858101287275,-1.570663169310969,-3.878258365351421,-6.283153709476094,-6.283185335452917,-428.37867416093405
843.0,-0.47908284521921934,0.010607446502416585,-1.570742213640675,-3.870912828839825,-6.2831489549332895,-6.28318549000112,-428.9289262522382
844.0,-0.47225213283302,0.010610390438106843,-1.5708096657248993,-3.875924953492557,-6.283148814428618,-6.283185373072379,-429.4818063765774
845.0,-0.4612875914384061,0.010642701930383662,-1.57085352881753,-3.881689468432789,-6.283148290428257,-6.283185447569064,-430.0390504740472
846.0,-0.4554842349252126,0.010574463820725842,-1.5709728672143128,-3.8841558784966157,-6.28315166205816,-6.283185525901165,-430.5988434671382
847.0,-0.4543888257984021,0.01052228943248204,-1.5710411771674673,-3.891053397264128,-6.283152766027391,-6.283185465819972,-431.15898232881625
848.0,-0.45187375391182977,0.010613710575425588,-1.5710090955038332,-3.8833380055423206,-6.283149364042471,-6.28318556452256,-431.720369505282
849.0,-0.45271525682654024,0.010557145744152839,-1.5710612339053969,-3.8764854955323687,-6.283151713989043,-6.277743900620998,-432.2817529225666
850.0,-0.4581592371447571,0.010541770073037578,-1.5710903272783985,-3.8626426998079633,-6.283152134682563,-6.281045701440618,-432.84141161822373
851.0,-0.45867633266170726,0.010569976230502652,-1.5710343018791275,-3.8615248886422004,-6.283149536572062,-6.282303692148078,-433.40075454979575
852.0,-0.46330749241587343,0.010492957271490725,-1.5710957976323379,-3.8698727833649156,-6.283151828410693,-6.28282327567926,-433.95800454278515
853.0,-0.4706747750888264,0.010547860457754616,-1.5710832606372442,-3.8654607325866825,-6.283149664944353,-6.2830367944484,-434.51230916865995
854.0,-0.4719406250280437,0.010649525823076602,-1.5710017853973142,-3.854528923551686,-6.283146568021008,-6.28312437132978,-435.0662628071698
855.0,-0.47184371332178215,0.010607225544876229,-1.5710220038055807,-3.8495963119035013,-6.2831487946267695,-6.28316029683182,-435.6204418198193
856.0,-0.4698743712800927,0.010600592833245584,-1.5710201197273737,-3.8488553782896635,-6.281152414121271,-6.2808969156897465,-436.1753731073358
857.0,-0.4697359434001717,0.010537816022110083,-1.5710624338997057,-3.85870815402262,-6.2823629935141945,-6.282285366459607,-436.7301410296838
858.0,-0.4645541590803695,0.010622419092788842,-1.5710026188884496,-3.866663262271499,-6.282823520470519,-6.282814651913782,-437.2866753557917
859.0,-0.4660394184327483,0.010516682172077924,-1.5710973010009956,-3.879452094797753,-6.281276546073289,-6.283033228338107,-437.84230315917347
860.0,-0.472696344929805,0.008014589634263752,-1.5710205282321434,-3.873620462101867,-6.282406675717572,-6.283123009678028,-438.3958239390341
861.0,-0.4759534257526612,0.008451719619146484,-1.5711104499162278,-3.876544101040764,-6.282846398813732,-6.283159779325676,-438.9477692963117
862.0,-0.47297936003817403,0.00928039192208344,-1.5710183792754473,-3.872277849224841,-6.283021810056257,-6.283175008067539,-439.5008156380375
863.0,-0.46928819240178854,0.009719869920229815,-1.5710302637415015,-3.8733316796402364,-6.28309788310869,-6.283181094202833,-440.0553245155872
864.0,-0.4658008005006994,0.010010760676549808,-1.5710386115965969,-3.8777038276194955,-6.283128766663893,-6.283183654094201,-440.6111149149153
865.0,-0.46434568896210454,0.01022836387288789,-1.5710494465080285,-3.869966164999581,-6.283141165371191,-6.283184802380294,-441.16779452754946
866.0,-0.4586049980409619,0.010400700041882104,-1.5710039171416423,-3.8611913754721616,-6.283144655192773,-6.283185183342235,-441.7270600906809
867.0,-0.45774879705937915,0.010389852179529969,-1.5710803115324086,-3.8553833327405056,-6.283150483007946,-6.283185302614743,-442.2870498069306
868.0,-0.4549708988227288,0.010481673372332693,-1.5710452174923462,-3.8491891856197125,-6.283148846820976,-6.283185393485128,-442.84833598746735
869.0,-0.4529807442428188,0.010472616965495863,-1.57106950527884,-3.85216440250447,-6.28315052322096,-6.28318532981578,-443.41041003787194
870.0,-0.4574163977928876,0.010417014412949423,-1.5711324364585768,-3.8634668261349447,-6.283152272681972,-6.283185443982306,-443.97040531810023
871.0,-0.45895086110885946,0.010543871303083319,-1.571057483968384,-3.867632389877506,-6.2831477541248,-6.283185554989948,-444.52946200226637
872.0,-0.4585232963995963,0.010597273196500683,-1.5710343557644,-3.864860772488438,-6.28314749109402,-6.283185585986104,-445.0887389266006
873.0,-0.4637630513063003,0.010527613123218007,-1.5710973575492038,-3.862389629658119,-6.283151060231168,-6.283185506401657,-445.646054994068
874.0,-0.4667645855798418,0.010579383476547402,-1.5710494447240795,-3.8597806857170043,-6.283148576363077,-6.283185483878135,-446.2020956186903
875.0,-0.46785957580105014,0.010606277281901754,-1.5710327765366334,-3.853565912280123,-6.283148110971216,-6.283185508703723,-446.7578426264556
876.0,-0.46709774222312606,0.010611740802755827,-1.5710248730918468,-3.8473703241280997,-6.283148311306705,-6.283185464380328,-447.31408530283704
877.0,-0.4652967584918456,0.010568448469683578,-1.571039115083021,-3.853475300584391,-6.283149496384689,-6.283185373402684,-447.8708839580178
878.0,-0.4633488108849035,0.01057277274627406,-1.5710444630369564,-3.860610405288218,-6.283149158135392,-6.283185446931527,-448.42825735987657
879.0,-0.4652328655323284,0.010494272583460577,-1.569395774042293,-3.8664067290177595,-6.283150767751322,-6.283185529038865,-448.9844436837064
880.0,-0.470764261233941,0.010608756864233947,-1.5699042470864801,-3.8576436627501036,-6.283149284262686,-6.283185541630122,-449.538703635377
881.0,-0.47194911099296544,0.010633108966664404,-1.57024287205153,-3.851858513036986,-6.283147688313553,-6.2831854664284705,-450.09261366768743
882.0,-0.47427832218773136,0.010588090550829711,-1.5705329071760563,-3.84639407614169,-6.283149438953023,-6.28318545922131,-450.6458430829297
883.0,-0.47188513121212144,0.0106251963245186,-1.5706608084161107,-3.8437397874021584,-6.283147566675722,-6.283185423479876,-451.200074609555
884.0,-0.4656437215469232,0.0106314961721426,-1.5707653184179113,-3.8443541998392208,-6.2831476800814645,-6.283185417512161,-451.7568684197059
885.0,-0.45913857767506766,0.010601312469316655,-1.5708681418904333,-3.8481003234166993,-6.283149010362227,-6.283185430593496,-452.31631667393026
886.0,-0.45692187806974405,0.010544662089929468,-1.5709753119632321,-3.852547237646411,-6.283150811709939,-6.2831854745067615,-452.8766866423043
887.0,-0.4580718097340408,0.010505284110996785,-1.5710351565305554,-3.8639617533505852,-6.283150985907548,-6.283185500216977,-453.43627015374324
888.0,-0.46304060834352456,0.010512125639963432,-1.571067519417526,-3.8721104520715706,-6.283150527162563,-6.283185546149724,-453.99354691039593
889.0,-0.47257369407888145,0.010510195078154438,-1.5710911257429117,-3.877553606302255,-6.283150605762748,-6.283185564304491,-454.54668949224384
890.0,-0.4811689489281849,0.010576188864837004,-1.571048610177321,-3.8780605862785276,-6.283148229413515,-6.283185581600256,-455.0961026459643
891.0,-0.4840284206530759,0.01066554293866937,-1.5709837903842125,-3.8712461120049637,-6.283146041126097,-6.2831855587920895,-455.6443752285957
892.0,-0.4840295398332683,0.01063025592180899,-1.5709939464710603,-3.8738356630637205,-6.283148294346604,-6.283185394475439,-456.19252395589916
893.0,-0.4868279802808128,0.01057949999421236,-1.571043003416464,-3.877376837886406,-6.283150254707561,-6.2831854613415965,-456.7394543910569
894.0,-0.4875525464670754,0.010634815025343443,-1.571011459216417,-3.872653937632775,-6.2831480429674595,-6.283185558698662,-457.28615976836625
895.0,-0.4866454583936862,0.010646590862645813,-1.5710079870430789,-3.8623329961868045,-6.283148510414246,-6.283185486546083,-457.8335842078674
896.0,-0.48017533190127143,0.010667607593243547,-1.5709740560916339,-3.85516759829261,-6.283147696999982,-6.283185427628022,-458.38386467780566
897.0,-0.4738492236695396,0.010584214859424906,-1.5710237068318698,-3.8612547164675046,-6.283150486507597,-6.283185356228859,-458.93667142912716
898.0,-0.4735660079824434,0.010535347484408004,-1.5710886740749834,-3.862294820626825,-6.283151748035043,-6.283185504097075,-459.4897223155982
899.0,-0.4747724239992231,0.010511095170331216,-1.5710919085366934,-3.8738593395757084,-6.283150989951466,-6.283185478924861,-460.0418828226979
900.0,-0.47540646553518967,0.01057802888189958,-1.571060538963153,-3.8763499112677517,-6.283148729016145,-6.283185588571241,-460.59363610462566
901.0,-0.47681162651884634,0.010612278060753268,-1.5710534005299688,-3.866294361775029,-6.283148946500238,-6.2831855482835,-461.1451527320226
902.0,-0.47710916019606125,0.010621908765823002,-1.5710391372056443,-3.8523163391368054,-6.283149073662508,-6.2831854489530405,-461.6970029188089
903.0,-0.4714788415678836,0.010630392557755879,-1.570998387471736,-3.8489971485348518,-6.283148258882308,-6.283185336522899,-462.2512134016074
904.0,-0.4629940639417643,0.010662958311052058,-1.5709906683797201,-3.8365086318678525,-6.283148052225818,-6.2831854095126705,-462.80937218679725
905.0,-0.4596349249217498,0.010553569995430183,-1.571075614528444,-3.8275771813370913,-6.283151623082077,-6.2831854049310305,-463.36943032260876
906.0,-0.45590770187747276,0.010550734936708453,-1.571065915377022,-3.823629089134911,-6.283150157079415,-6.283185371810786,-463.93116915547387
907.0,-0.45578120078457734,0.010521594729944416,-1.5711021622677748,-3.81690291000796,-6.283150516566145,-6.283185459716676,-464.49328926876905
908.0,-0.4594725987030152,0.010487026676035915,-1.5711250181008827,-3.8141650947299266,-6.28315077350821,-6.283185406979923,-465.0540435441089
909.0,-0.46418599709549546,0.010472174199045699,-1.5711174948561595,-3.8236179650377475,-6.283149761689708,-6.283185408332544,-465.61252454724416
910.0,-0.4698580647669915,0.01049919268408111,-1.571104036587274,-3.8351841524366668,-6.283148477956381,-6.283185488336642,-466.1682333523819
911.0,-0.4756919462083286,0.010552443786570779,-1.5710784541819074,-3.8409069779605245,-6.283147199133874,-6.283185572025553,-466.7212580158011
912.0,-0.4740754377078109,0.010663978417935713,-1.5709900167494295,-3.840932165090395,-6.28314428359055,-6.283185584136656,-467.27473288845147
913.0,-0.47674682891544606,0.01056940808813366,-1.5710681072093275,-3.8436526924346617,-6.2831492800664535,-6.283185492259987,-467.8271550646535
914.0,-0.4754992425999262,0.01062493577776652,-1.5710163388023815,-3.8459194950888587,-6.2831468493207305,-6.283185501956031,-468.37988541431406
915.0,-0.4751992855997006,0.01057516118829952,-1.5710511160139522,-3.8540580854500877,-6.283149023815192,-6.283185466563432,-468.9325198814654
916.0,-0.47571930153418723,0.010594620692664772,-1.5710510907094446,-3.8552002215330052,-6.283148376996729,-6.2831855732328155,-469.4848946206771
917.0,-0.4735169747731047,0.010624242408549912,-1.5710232602814422,-3.8551948067875603,-6.2831476190210385,-6.283185523476761,-470.0381186302661
918.0,-0.47191829294770365,0.010573274184309504,-1.5710515527197724,-3.863377295884217,-6.2831495507952955,-6.283185458207103,-470.59178022048974
919.0,-0.4736230712258252,0.010564146407126227,-1.5710766492313935,-3.865362667139009,-6.283149896866673,-6.283185560403355,-471.14472529935045
920.0,-0.4772803519892136,0.010579584661434643,-1.571074619406086,-3.859355094316106,-6.28314944224799,-6.283185570284489,-471.6963598031768
921.0,-0.47603436599966154,0.01062310543427688,-1.5710195460316423,-3.8567124341041388,-6.283147695354161,-6.2831854585291556,-472.2484741043046
922.0,-0.4802213147118997,0.010570953181835395,-1.5710839988318257,-3.844522313835875,-6.283150722593736,-6.283185463133017,-472.7994152331426
923.0,-0.47995365453123523,0.010595258560227045,-1.5710305346508409,-3.841766923252051,-6.283148482340703,-6.283185361961941,-473.3504318560954
924.0,-0.4832480215006508,0.010530161653040462,-1.5710854536746512,-3.8427428099847227,-6.283150661622198,-6.283185400637251,-473.9001598727291
925.0,-0.48738040192974363,0.010524121342919584,-1.5710813314878973,-3.850653042399144,-6.283149721736438,-6.283185419695243,-474.4478743252907
926.0,-0.4864886120211127,0.010622502541843283,-1.5710145310025425,-3.852125501854561,-6.283146282529133,-6.283185543005833,-474.9957455572941
927.0,-0.4858623553716525,0.010152327380664825,-1.571029833462636,-3.859468487083041,-6.283148415022499,-6.283185455341298,-475.5437331908899
928.0,-0.4809925907790864,0.010287795354375679,-1.5710081156267177,-3.861947214314621,-6.283147079074301,-6.283185554647982,-476.0935520971928
929.0,-0.4828111145872516,0.010311577130544808,-1.5710951450501391,-3.8647132976349154,-6.283151413613819,-6.283185514449109,-476.64269774574103
930.0,-0.4814247408720336,0.010447866993138388,-1.5710378346033746,-3.8691559007540004,-6.283148390365453,-6.283185485659693,-477.192127720424
931.0,-0.4743647004380701,0.010569013749034076,-1.5709860884865725,-3.8687606624433473,-6.283146649217806,-6.283185546055009,-477.74439795682326
932.0,-0.4668131630362421,0.010594436357792262,-1.5710048289338039,-3.861346950824048,-6.283148524616605,-6.28318553562167,-478.3001263349791
933.0,-0.46212004057409084,0.010539959877403736,-1.571056135567953,-3.858689700801842,-6.283151208698511,-6.283185434955793,-478.85803174937536
934.0,-0.46104309710394425,0.010511777278832802,-1.5710901246431455,-3.8572895349407155,-6.283151704520067,-6.28318544908062,-479.4165348362859
935.0,-0.46633516992946217,0.010486739119451121,-1.5711307752960513,-3.8504168486384804,-6.283152133606374,-6.283185507186661,-479.9731913633908
936.0,-0.4682816207661331,0.01051476233370688,-1.5710755189058572,-3.8587908584854076,-6.2831494849113545,-6.283185401614026,-480.5286308677904
937.0,-0.46783741456956834,0.010562899331471082,-1.5710483584779593,-3.867644826158116,-6.283148283704813,-6.283185456230413,-481.08388680103405
938.0,-0.4719943639757493,0.010560398095078175,-1.571084160759965,-3.8639310467458095,-6.283149594581592,-6.283185607253659,-481.6376255960692
939.0,-0.473058206281244,0.01060499453184561,-1.571035604571146,-3.861023632534914,-6.283147975134541,-6.283185503593498,-482.1909060854428
940.0,-0.4741096592990062,0.01057939279741708,-1.5710498871511422,-3.861910362169046,-6.283149362348671,-6.2831854434789856,-482.7437364827497
941.0,-0.47576876246260585,0.010589292007058014,-1.5710513039412184,-3.857751495431241,-6.2831490162018575,-6.283185526480772,-483.29601770001904
942.0,-0.4740500854196211,0.010602224318045432,-1.5710236865355163,-3.8603675754148594,-6.283148458716197,-6.283185407239422,-483.84884833791284
943.0,-0.4727105699576646,0.010571352860999087,-1.5710469161473324,-3.8681644859001962,-6.2831496104781905,-6.283185437854624,-484.40200730983395
944.0,-0.4772893921755363,0.010563861505568432,-1.5710900767939873,-3.8605837768253735,-6.283150582001023,-6.283185560085072,-484.95363113543806
945.0,-0.4803366634480437,0.008290570276131295,-1.5709976147749247,-3.8685894574289716,-6.28314802354829,-6.283185399416072,-485.5040018003746
946.0,-0.4764653265093614,0.008750400752386022,-1.5710480529686612,-3.8760307216847703,-6.283148621946543,-6.2831855147381015,-486.0555372782749
947.0,-0.46896634398806886,0.009424781761745556,-1.571013448776614,-3.8837752103372516,-6.283147943297579,-6.283185509858087,-486.60977484752533
948.0,-0.4691311624510647,0.009762727045372926,-1.5710956258135598,-3.8865894144139475,-6.283151875060072,-6.283185572344493,-487.1639909615818
949.0,-0.469818173514044,0.010097770417550988,-1.5710575108028888,-3.8766576349685495,-6.28314960391286,-6.283185547565139,-487.7181715027557
950.0,-0.4721121096577782,0.010246956325451934,-1.5710703760170635,-3.865924222839487,-6.2831506623966344,-6.283185475194966,-488.2717829339717
951.0,-0.47715183246896964,0.010298484425725396,-1.5710964768621238,-3.8667193965824236,-6.283152023607846,-6.2831853358521546,-488.8233060112904
952.0,-0.4784688693780612,0.010435896603874074,-1.571039869928672,-3.8699916684976516,-6.283148686773548,-6.283185412579449,-489.3740180649655
953.0,-0.4797114480513337,0.009803391118859651,-1.5710311911389956,-3.878793672719197,-6.2831489941803165,-6.2831854349095915,-489.9240074015603
954.0,-0.4803144527288508,0.010011329752397071,-1.571043929781206,-3.872401717845725,-6.283148635961596,-6.283185580910326,-490.47390969497707
955.0,-0.4816512810103732,0.010190948636464364,-1.571055113593995,-3.8684688763235675,-6.283149887912545,-6.283185483749948,-491.0233832228241
956.0,-0.47911963445725386,0.010360337411278746,-1.5710155619251178,-3.867648104350174,-6.283148410828143,-6.2831854364789095,-491.5738244093265
957.0,-0.48261370504670126,0.010365859375458124,-1.5710921044013486,-3.86718088840492,-6.2831517796180325,-6.283185464580489,-492.1229830062882
958.0,-0.4808514705275709,0.010501341260423533,-1.5710170747922343,-3.869093987160864,-6.283147949228591,-6.283185445236552,-492.6726261314744
959.0,-0.48056815188528795,0.010501126603058169,-1.571053269487225,-3.8728383970995752,-6.283150015159786,-6.283185459098351,-493.22232322802785
960.0,-0.47989633100071666,0.010545417762260189,-1.571042393345157,-3.8741694808016613,-6.280253042785148,-6.2831855172341635,-493.7721225559858
961.0,-0.47892753267434385,0.01055962517731007,-1.5710433958889836,-3.8769341488024707,-6.28200729834477,-6.283185475868154,-494.3222847077273
962.0,-0.4749366302461556,0.010572716773573606,-1.57102403103738,-3.8891484887463688,-6.282679433852306,-6.2831854937969505,-494.8736538664246
963.0,-0.47358669367319406,0.010607928043428605,-1.5710441698006148,-3.883075343585798,-6.282956840217248,-6.283185595746226,-495.4258756774303
964.0,-0.4720123067172177,0.010626879799935634,-1.5710341290477043,-3.869460132067101,-6.283070521380852,-6.283185488631533,-495.9792277171828
965.0,-0.4651378089929344,0.010657482606859113,-1.5709918776854097,-3.8569599041574176,-6.283115965144996,-6.28318541729978,-496.5357948221775
966.0,-0.4642937478361076,0.010544798502143711,-1.571085994241304,-3.845929333875511,-6.283139264906464,-6.28318539718296,-497.09331516690014
967.0,-0.46312516881092186,0.01051790651671858,-1.571077577471794,-3.8496167907864356,-6.283145898659693,-6.283185302064862,-497.65119168860286
968.0,-0.4654464706152228,0.010497102382696197,-1.5711069527101478,-3.85464980007112,-6.2831490658744125,-6.2831854163099825,-498.2080139619234
969.0,-0.4691173201138341,0.010508453344421118,-1.5710979755956904,-3.8635197081270265,-6.282684740237665,-6.283185460330589,-498.76297580598873
970.0,-0.476953349098337,0.01052987821994667,-1.571107313634681,-3.861760368968072,-6.2829661515505135,-6.283185610697642,-499.31477622212594
971.0,-0.4800490661276314,0.010569965860583017,-1.571043377578529,-3.872240331035333,-6.283072239319313,-6.283185481910508,-499.8647561867455
972.0,-0.4813078965768115,0.010639871635609614,-1.5710189304040918,-3.867870981203255,-6.283115931497459,-6.283185595264477,-500.4142973727777
973.0,-0.4769555233639725,0.010663910563722302,-1.570980048177212,-3.868306984058651,-6.2831341571731745,-6.283185461227194,-500.96552613715534
974.0,-0.4707303849590664,0.010668206212283657,-1.5709884508782133,-3.862179132530133,-6.283142631884336,-6.2831855311621005,-501.51957615173745
975.0,-0.4623524240332417,0.010664355308380767,-1.570989819890723,-3.8536851044384557,-6.283146376181637,-6.283185483165056,-502.077419235158
976.0,-0.4543825066607189,0.010632810859222604,-1.5710187533518998,-3.842154758694978,-6.283149088624969,-6.2831854305898736,-502.6390540631317
977.0,-0.4521658225838232,0.008402876808581344,-1.5710432393263973,-3.84856594665026,-6.283151385685828,-6.283185315146207,-503.20194156459746
978.0,-0.45175210544309213,0.008754155400262304,-1.5711530648654857,-3.8580065495759106,-6.283152820217378,-6.283185467521338,-503.76469734801975
979.0,-0.457315395965853,0.00938373175879313,-1.5711532155804309,-3.8507339150116437,-6.283151211039801,-6.283185576086618,-504.3253624990276
980.0,-0.46748502508273904,0.00971460130641161,-1.5711596870616766,-3.858833105379599,-6.2831518379896805,-6.283185445520718,-504.88150250678535
981.0,-0.4747822158822365,0.010087208137780567,-1.5710719540596947,-3.85945245337797,-6.283147261311735,-6.283185551800467,-505.4343522479603
982.0,-0.4764575371336719,0.010323696142291236,-1.5710087059252273,-3.8589353136367,-6.283145915075174,-6.283185508883076,-505.98632713819245
983.0,-0.4741435954191361,0.010433840657173796,-1.5709945807951906,-3.864279227547812,-6.283147036969108,-6.283185426825788,-506.53899489575474
984.0,-0.46648721283861805,0.010537150216558277,-1.5709650302013514,-3.8718276175769732,-6.283146604872816,-6.282324214409553,-507.09449413231454
985.0,-0.46320510841810325,0.010524495869101607,-1.571038045507542,-3.8718980300863834,-6.283149915785978,-6.2828469244719,-507.65151571066605
986.0,-0.46061914309129603,0.010542512644797917,-1.571042995694212,-3.872486156585387,-6.283149956267921,-6.283045972172288,-508.20960978437375
987.0,-0.4587231262442413,0.010584616091674368,-1.5710431403137572,-3.8616205504676078,-6.283149642338313,-6.2831281965843795,-508.76888233814674
988.0,-0.46315304122979595,0.010490072806230644,-1.5711148620910818,-3.8571685465860557,-6.283152814615156,-6.283161874839441,-509.32663080035206
989.0,-0.4650718868305123,0.010554963191626729,-1.5710595743187665,-3.8528753791918393,-6.283149217563784,-6.283175773285005,-509.8836095800925
990.0,-0.4705466780186656,0.010497991768691832,-1.5711022279801152,-3.8560514664859658,-6.283151315721796,-6.283181405257931,-510.4382914336929
991.0,-0.47557687516372704,0.010532180000395526,-1.5710740254754167,-3.8622871976222135,-6.283149309098225,-6.283183798039272,-510.99058923486945
992.0,-0.47329084521833226,0.01065735415499753,-1.5709860143215477,-3.8599694560935753,-6.283145339477759,-6.283184898331624,-511.54370672166726
993.0,-0.467980956947708,0.010638988644096077,-1.5709936084579739,-3.8627210101926854,-6.283147658154675,-6.283185168253062,-512.0989375813509
994.0,-0.46393166802394226,0.010592736661910544,-1.5710327400720236,-3.8690756704457443,-6.2831497299262,-6.283185334405017,-512.655718422425
995.0,-0.4647753892238148,0.01057831933367888,-1.5710745667278856,-3.8628622220268354,-6.283150552355447,-6.283185523592348,-513.2124706262342
996.0,-0.4670998679912679,0.010528196363101166,-1.5710864143827648,-3.8693277314744496,-6.283151129784293,-6.283185408078105,-513.7680585651889
997.0,-0.4713661702076182,0.010557074648395413,-1.5710821427937092,-3.86733953359142,-6.283149782415536,-6.283185557910103,-514.3219370846105
998.0,-0.46884022411925463,0.010636984235574205,-1.571002470275031,-3.867439194926535,-6.283146927945466,-6.28318546829047,-514.8766788175799
999.0,-0.4683309008519754,0.010580256573546507,-1.5710515115908872,-3.8696354097312473,-6.283149992428916,-6.28318546001438,-514.8766788175799
