time,shoulder link,upper arm link,forearm link,wrist1 link,wrist2 link,wrist3 link,total_reward
0.0,-2.1327286355544772e-07,6.124552361369349e-05,-1.2200380886800624e-05,-6.22011602284548e-06,4.515704405334104e-07,-4.1124450581549544e-08,-0.9111607981031667
1.0,-0.00420572290121481,0.004581787424431219,-0.005034560406268007,-0.011098557515950971,-0.00767405893233138,-0.0037634410770945297,-1.820994967644518
2.0,-0.013494151547063897,0.008613345674573647,-0.012423989793157609,-0.026774823177575166,-0.017661513683113014,-0.009479704401170146,-2.7261677796906785
3.0,-0.02335476572066007,0.011308481566117651,-0.023625357006531487,-0.04198781141757516,-0.03133608362571603,-0.022859831729925607,-3.6249309280760285
4.0,-0.03530445507112994,0.012584183057093065,-0.03362593636867603,-0.059320881247045334,-0.048054112374686465,-0.030856033861150295,-4.5157434328686055
5.0,-0.04690645703030109,0.01312784947591279,-0.04641197751297831,-0.07756997954296434,-0.06092615827640192,-0.045195736438515544,-5.398085761667578
6.0,-0.05670111646610721,0.013604345602911891,-0.05998002773385273,-0.08555081845775815,-0.07724702547720516,-0.061897575161788586,-6.272317956163404
7.0,-0.0613830303979039,0.01410669066631697,-0.0742211915234241,-0.0842306824629522,-0.08421691716463889,-0.07988345137460567,-7.141178194845373
8.0,-0.06819571719188967,0.014213131629898092,-0.08597095737110047,-0.09049709261860465,-0.09163594044593956,-0.09840530593469847,-8.004201972542624
9.0,-0.07874619784845692,0.014022905423164941,-0.09289755394891085,-0.0819079732648023,-0.10181467571866003,-0.11714910948383396,-8.859270297729534
10.0,-0.09215593839554814,0.014502002248925101,-0.10147979734440125,-0.08014573264926098,-0.11704748430789506,-0.12793372437173434,-9.704714281606794
11.0,-0.10098099606915133,0.01495190908206901,-0.11342875887852634,-0.07805512006455188,-0.1344278546646974,-0.14340441786034538,-10.542246454028128
12.0,-0.110679582335082,0.014006780091437502,-0.12759900071615887,-0.07149130189864703,-0.1527054986793316,-0.15295213028043406,-11.370614704465543
13.0,-0.12358485551368292,0.013954875170754518,-0.14277547152206632,-0.06762829477237417,-0.17056995380696113,-0.16463972338635338,-12.188026129813538
14.0,-0.13873474111684858,0.014377332814111665,-0.15900913338143993,-0.06892312522839374,-0.18229406203636628,-0.17102804232081387,-12.993468291009947
15.0,-0.15511351849382743,0.014617916277986651,-0.1761176131877487,-0.06138995079950041,-0.19796551089781586,-0.18188007524114125,-13.785523934812936
16.0,-0.17235639052608878,0.0146944460868505,-0.19329198440799883,-0.04723003967710992,-0.21552907903763655,-0.19037580255076772,-14.56326803611361
17.0,-0.19020329386475177,0.014807803368625791,-0.21098312026222518,-0.03956581898237776,-0.23387819373314866,-0.20164725084981314,-15.32635532107871
18.0,-0.20845773902671363,0.014677077110288345,-0.2271467867644196,-0.029856656627262328,-0.2525496594161824,-0.2152086866734975,-16.074579163800728
19.0,-0.2264279472708483,0.014395393333539744,-0.2395355778996576,-0.014833044425166503,-0.27135517712528084,-0.2318638566005977,-16.808481903942646
20.0,-0.24451589962149856,0.014659011092254402,-0.25388478667345243,0.00038593484424658973,-0.2902180297161022,-0.2498347239991829,-17.52788871346081
21.0,-0.2628918222312061,0.013029810829234536,-0.26957916398367504,0.014280259982005968,-0.3065009685513622,-0.26518778477305005,-18.23178304191407
22.0,-0.27981452464734075,0.013072848481317043,-0.28674916889954877,0.021132753855349816,-0.3230753743060298,-0.28237224578087355,-18.92139749788636
23.0,-0.29211984497684046,0.013559016406684825,-0.3026392101300766,0.030009853631208106,-0.338739946354375,-0.2979430636208111,-19.59980941812457
24.0,-0.29786764680897243,0.013619699207475744,-0.3139873677585377,0.04425205706674678,-0.3562646261451813,-0.31396602178778915,-20.27131944778471
25.0,-0.30536980880679465,0.013853341294576035,-0.323011971895842,0.04737693096255501,-0.3745990535029881,-0.3316504780524167,-20.93603706679314
26.0,-0.3145832797818039,0.014277540026478129,-0.3333361460487358,0.059668099067966975,-0.38413830673397753,-0.3500473507335221,-21.59274567976594
27.0,-0.3264073259633611,0.014405030465324105,-0.3428724746207954,0.06690878250659449,-0.38621685509426046,-0.36397799649054907,-22.24040822014868
28.0,-0.33991997796516166,0.014760373800710996,-0.35540314388833183,0.08034256190602077,-0.39820561937602084,-0.38074233629798154,-22.87695803072461
29.0,-0.35109711373018854,0.014929497388320084,-0.37006310302361156,0.09534052357677629,-0.414252639886585,-0.398757249691136,-23.5029465655237
30.0,-0.36346125249609745,0.014955046757726614,-0.38617070193086095,0.1096082006226752,-0.4275790150242198,-0.4165317733912899,-24.11765134521046
31.0,-0.3738502529543747,0.014924803670237172,-0.4031929069347509,0.12218757618839021,-0.4441008133457863,-0.4336883953426114,-24.721790881957254
32.0,-0.38560605978692214,0.014201971541562995,-0.4127609314350661,0.13840623002498117,-0.4620171283024356,-0.4518458382124712,-25.315594857984685
33.0,-0.3996752347888367,0.014140441812762625,-0.4198172483544304,0.15071827677488628,-0.4805115975503876,-0.47043819560574657,-25.89849056305649
34.0,-0.4148192097762048,0.01454392811248892,-0.4296295655414706,0.16018968941864936,-0.49924408504108564,-0.4866099872977475,-26.46961487207588
35.0,-0.4292251935876004,0.014675931185903766,-0.4404192873452459,0.16235631552332083,-0.5180750900521153,-0.49780631812825477,-27.029269909456335
36.0,-0.44250431556873215,0.014627323701853453,-0.45090674383461365,0.1683984106713811,-0.5369458683515962,-0.5081883601137096,-27.57800335232418
37.0,-0.45699358385029154,0.014743691116125456,-0.4631357530714722,0.1728403104704383,-0.5506116293923758,-0.5234749113182079,-28.115241931098996
38.0,-0.4719235786804939,0.014837276762180152,-0.47756392562123684,0.185728130578722,-0.5626599731698072,-0.5374389978642463,-28.640107253594113
39.0,-0.487850137030848,0.014444369863638491,-0.493464249439844,0.1948073311521974,-0.577201602305868,-0.5542396317606959,-29.151615656241255
40.0,-0.5048663491808858,0.014374158755897794,-0.5104560079573325,0.2095640945430101,-0.5921326020221189,-0.5722702331605158,-29.64887648471581
41.0,-0.5225770197823505,0.014264957464713499,-0.5259105340718981,0.2267584268547021,-0.6033703881080124,-0.5796243547442778,-30.131860373020604
42.0,-0.5386462233315752,0.013876624623944653,-0.535510828633783,0.24494816844041523,-0.6190024462494557,-0.5937435405804674,-30.602191049961082
43.0,-0.5549613523353901,0.01424857957817945,-0.5474419228506003,0.2523705405554612,-0.6365515768221739,-0.6007662250582824,-31.06006359251954
44.0,-0.5721927201369444,0.014256741137633857,-0.5587239346262717,0.2636825345311324,-0.6548927043520466,-0.6143545475068753,-31.504810719458085
45.0,-0.5900447280604193,0.014488527777900146,-0.5724428716835371,0.2672370563212719,-0.6735625984548917,-0.6310515365743506,-31.936011234248383
46.0,-0.6083149707897844,0.011795371840175825,-0.5876554731959515,0.27014804040057194,-0.6923677021897982,-0.6490406656692463,-32.352070892280786
47.0,-0.6267820806969705,0.011527490307790197,-0.6012936544712145,0.2784764606537397,-0.711227156689322,-0.6675642851827248,-32.75392204568982
48.0,-0.6400964567682312,0.012436425879310107,-0.6138322052776479,0.2870151375857281,-0.7301141160643583,-0.6863085478761806,-33.145187257272404
49.0,-0.649671306764841,0.01215776522327753,-0.6283149574054541,0.3015532870151187,-0.74900755574486,-0.7051440986904205,-33.527220998597926
50.0,-0.6610872589709906,0.012617435889665496,-0.6445469873970759,0.30305875656780085,-0.7648430447049251,-0.7240174207546022,-33.89959232831806
51.0,-0.6688297554613873,0.01325823386139924,-0.6615090781513855,0.2926147492250036,-0.7764501429281669,-0.7424592393684605,-34.26454170621636
52.0,-0.6731718169808517,0.013618073926808366,-0.6791297500860165,0.2942397335152963,-0.7922316504751893,-0.7610663603166284,-34.62346424312482
53.0,-0.6768771048042489,0.013758826998184225,-0.696590492879454,0.29717618638395676,-0.8098427110951759,-0.7744665332929974,-34.97667434654151
54.0,-0.6846437704703088,0.013842688518310503,-0.7145263013152056,0.3094654360363885,-0.8276078424557981,-0.7903814878814514,-35.32190438637226
55.0,-0.6964042743163364,0.013486545165404446,-0.7270876523852594,0.31950340308039293,-0.8346672654279845,-0.8080344244277152,-35.65807183627166
56.0,-0.7039074802804759,0.013532039439360155,-0.7372661627111788,0.3195733564333133,-0.8485274419699571,-0.8251915674595139,-35.98775601017785
57.0,-0.7131556737300552,0.013873668175844641,-0.7502441626864617,0.31137889724639833,-0.8647079195198103,-0.8433501392666667,-36.310098670020544
58.0,-0.7156930234724389,0.013472102192568048,-0.7590508366844945,0.30646177056810003,-0.8824802434931557,-0.8619431135384088,-36.628554866108
59.0,-0.7162700211741115,0.013796025576303564,-0.7710895025590123,0.29593354528320126,-0.9002144356802091,-0.8807161342847629,-36.944403327136904
60.0,-0.7202540194811322,0.013945730701651421,-0.7851354099270651,0.284220152471529,-0.9186189472843376,-0.8995636907567474,-37.25550483682656
61.0,-0.7233326610701325,0.014028980011716876,-0.8007753110038482,0.27196108358647125,-0.93731807275381,-0.9184419694599026,-37.56187746740904
62.0,-0.7245815536919913,0.014025213331800934,-0.8175271148160596,0.25984810031978034,-0.9561347371809745,-0.9373329887114128,-37.864337287960744
63.0,-0.7245198741560834,0.013947371115123964,-0.835003761602407,0.26254122332272783,-0.974999669162984,-0.9562293120277394,-38.16352498166227
64.0,-0.7204394880995281,0.013901004106097238,-0.852936899194297,0.26775674209931893,-0.9938877230602622,-0.9689822334037732,-38.46161286875554
65.0,-0.718866732797873,0.013795758996067092,-0.8712572258202391,0.27046309554701087,-1.0127772869764415,-0.9852360727314513,-38.757555467472976
66.0,-0.716385124994544,0.013157164142416898,-0.8811254533575138,0.27527659762589857,-1.029079192793417,-0.9939158375505559,-39.052635068398885
67.0,-0.7172664686265066,0.013354671027123241,-0.8920919438528706,0.2743115970265508,-1.0468570148099756,-1.0085433546272957,-39.34538284725101
68.0,-0.7209124071818983,0.013554592436472133,-0.9050848089134759,0.26991295855490477,-1.0652950954436329,-1.0213090676855472,-39.63392454139102
69.0,-0.7255804375489128,0.013681597920350579,-0.9200362230527607,0.25722372161046303,-1.0750608311730916,-1.0353916279528992,-39.91770482486547
70.0,-0.7295607172546538,0.0136144454454231,-0.9349319072760891,0.24088304925250345,-1.0888751665931038,-1.0522604902381896,-40.19673969547844
71.0,-0.7313319154279224,0.01362876564886292,-0.9511236049842653,0.23048088693404378,-1.1056535769334968,-1.0667608561744246,-40.47207887446744
72.0,-0.7276654578319213,0.013411058309593401,-0.9645038427570157,0.21518458004729338,-1.1236796392272228,-1.0772559754102136,-40.746625031481194
73.0,-0.7290788204812314,0.012938773961043393,-0.9721753913379136,0.2103631894654378,-1.142207989928838,-1.0925347373097543,-41.01865969858226
74.0,-0.7299862624919732,0.013225404618377198,-0.9813775304493303,0.19726809278416782,-1.1590200537337512,-1.1099341200863215,-41.28814666644134
75.0,-0.7249531025515055,0.013504743186306145,-0.9937312616839108,0.19111286771679387,-1.1754601878802726,-1.12821370256056,-41.558169769385394
76.0,-0.7201284365801025,0.013574458856709224,-1.0083513376839455,0.1776135789896276,-1.1916195864019758,-1.1468573202887202,-41.828425818323105
77.0,-0.7121900601683596,0.01341213806270193,-1.0221684154641006,0.17042063021536374,-1.2093624198167723,-1.1656513326373268,-42.1005848363776
78.0,-0.7055824383418867,0.013427608977478031,-1.0376577214914078,0.1564291677012405,-1.2277787708488261,-1.1845075843869897,-42.37383787177594
79.0,-0.6977634630701643,0.013217064009816435,-1.0511092892703318,0.1395411426151012,-1.246482560035444,-1.2024307622974408,-42.64866905378213
80.0,-0.6950569066133676,0.013206128151894451,-1.0663448290939184,0.1269618963468646,-1.2652942791892228,-1.2150078978836811,-42.92256709223782
81.0,-0.6994999850994547,0.012978068882212208,-1.0797451467315737,0.11077136536332433,-1.2841581674044282,-1.231192774335068,-43.19134938646809
82.0,-0.7040104132626565,0.013059301350825163,-1.094817416626822,0.10581039044824454,-1.299654920939295,-1.2473065423261878,-43.455417025134864
83.0,-0.7020355799025882,0.013125078019200523,-1.1105206045741878,0.0982409548138461,-1.3170947704502085,-1.2650262001636208,-43.71809061004585
84.0,-0.6988445352797071,0.013077021885980901,-1.1266349221934433,0.08561536089652445,-1.3353836481038444,-1.2834376285133255,-43.97998867973215
85.0,-0.6914897073850144,0.013045824189529005,-1.1427820963165345,0.06932337701750503,-1.353352172037933,-1.3017252706562041,-44.24318335485102
86.0,-0.6813667661339863,0.013020390140465214,-1.1598598531202386,0.053616250353062486,-1.3645255804040968,-1.3189457872188588,-44.5099043265569
87.0,-0.6696037642825894,0.012783318302227613,-1.1754039095733717,0.05157308664671874,-1.3788369158257756,-1.3300211608904007,-44.78177264816084
88.0,-0.6564732211643425,0.012852904311205567,-1.1919767890383324,0.039594369140491935,-1.3907602211012857,-1.3455958270044026,-45.05941227920036
89.0,-0.6443556816659378,0.012813099706916955,-1.2093779316696938,0.02354719568687879,-1.4066880438234926,-1.3565809131123323,-45.34187105972967
90.0,-0.6363246937250111,0.01266412850163353,-1.2273346362296786,0.01518435895410386,-1.4243571209369006,-1.367750411169212,-45.62716739455905
91.0,-0.6275685151111858,0.012488369013267145,-1.2427789369190325,0.0010564423362767134,-1.4362215503315803,-1.381248071121184,-45.91576920407325
92.0,-0.6181592053050878,0.012523619126463187,-1.2591052152558253,-0.014699828500759574,-1.452109602520469,-1.3978763802897622,-46.20782146943553
93.0,-0.6061430482081307,0.012523201382333182,-1.2762873009091908,-0.026517587215209977,-1.4697664936004111,-1.410262380179602,-46.50492451989767
94.0,-0.5980956690851467,0.012316061739286479,-1.292425032674343,-0.0357227924626596,-1.4847048784527879,-1.4246996270453862,-46.80539444256439
95.0,-0.5933292694514384,0.012200828484117899,-1.3070717390434266,-0.05051561902662949,-1.5019119285358349,-1.4330427772038816,-47.106759049328595
96.0,-0.5913802809250521,0.01214132008686528,-1.3217381483166248,-0.05992126820376011,-1.5193922381867324,-1.4448766354897211,-47.40764833211442
97.0,-0.5940581723675656,0.012088344024375324,-1.3359600271964998,-0.07480852127855116,-1.5344634684691294,-1.4608089144742582,-47.705360694744925
98.0,-0.6009199399649786,0.012021158092154314,-1.3494906137526135,-0.0920583013141423,-1.5505768325551286,-1.4784808405968068,-47.99721027020614
99.0,-0.607463004699694,0.012108068027461644,-1.3647060194555032,-0.10578186386141858,-1.5683101523334886,-1.4968730794152725,-48.283448579672125
100.0,-0.6136082597944977,0.012065955846567066,-1.381200954775082,-0.10696665858833444,-1.5848919080760528,-1.5155632097360816,-48.565381518794034
101.0,-0.6166898960838016,0.012020751321843564,-1.3964830714065204,-0.11708708646966982,-1.5996558403965173,-1.529633695720403,-48.8444553861339
102.0,-0.6198720336927889,0.011993554643028459,-1.4122173076844204,-0.13233874863051887,-1.615644667290661,-1.5454194953117768,-49.12048786631133
103.0,-0.6175714394531563,0.012022582927477928,-1.4288563356689796,-0.14750360596075596,-1.6333278906892459,-1.5630121403239616,-49.396461257245114
104.0,-0.6151479301194134,0.011661851910500664,-1.4413829544175638,-0.1561329611427476,-1.6471841585313056,-1.581371292150301,-49.67318161346643
105.0,-0.6144970693676037,0.011724244074688773,-1.4548253258294728,-0.1706992930901471,-1.6639218072680624,-1.6000477316627608,-49.949239882234934
106.0,-0.6123292036059794,0.011740303042861463,-1.46947156619711,-0.18107902713390847,-1.6790590580230282,-1.61064104682073,-50.22596070036994
107.0,-0.613207621633928,0.011712847808135508,-1.4854585861350347,-0.19635207365620438,-1.6862362246192524,-1.6260362323738127,-50.5025193096056
108.0,-0.6157262368894458,0.011662831940947135,-1.502419800600036,-0.21376266779317663,-1.6981716121846564,-1.6434854462255823,-50.777714768992894
109.0,-0.6185723243317091,0.01155395126749105,-1.520061991616248,-0.22460291879035707,-1.7141597606417807,-1.6590149184794118,-51.05164281682755
110.0,-0.6178917313341085,0.011439937100793603,-1.5366617401192542,-0.230948475875843,-1.7231555627037032,-1.6749967240918355,-51.326994909900506
111.0,-0.6155394434328029,0.01114197240591001,-1.5479385647269024,-0.2342917150711101,-1.729727657098068,-1.6860193041857015,-51.604541080972254
112.0,-0.6153709299439216,0.011044164478215508,-1.555457172178147,-0.24673404568526014,-1.7420334083774511,-1.69306658406397,-51.8817996363622
113.0,-0.615190293868512,0.011024908122959117,-1.5604403867162349,-0.26043494797865324,-1.7581875295854281,-1.7052975693311643,-52.15794359437461
114.0,-0.6109820331968445,0.011088665575236042,-1.5637161248658942,-0.27475114281296326,-1.7691309417234364,-1.7214099436414374,-52.435142791102955
115.0,-0.6072652317851527,0.011102432418316266,-1.565949879086029,-0.2917183065729831,-1.775914820181285,-1.7355547658969754,-52.71342214755751
116.0,-0.6053710385916369,0.011051216859780283,-1.5674659017545822,-0.29831019482764354,-1.7897620643222054,-1.7516595471298972,-52.991615660212
117.0,-0.6098511068582935,0.011011776095759032,-1.5685091990377769,-0.30117691968204774,-1.8065710208331967,-1.7693893494591701,-53.26632345493964
118.0,-0.6129813263366309,0.011136701678529322,-1.5690922431483603,-0.308673485446729,-1.8150372899517493,-1.7878051173414713,-53.53837925708766
119.0,-0.6177907702650721,0.011176232395532573,-1.5695280711344037,-0.3211748656463747,-1.8280897756039698,-1.8065050086989003,-53.80653292042322
120.0,-0.6192291424885568,0.011262401094574786,-1.5697578931634655,-0.33740666178048756,-1.8445541975147703,-1.825322210356688,-54.071961499074355
121.0,-0.6228723930470287,0.011226508420410062,-1.569990718013367,-0.35481872962430244,-1.8624414804831233,-1.837737930724528,-54.33363857519958
122.0,-0.6256258900158115,0.011239184272515284,-1.5701039676217623,-0.3714379973941944,-1.877491204461183,-1.8517099613999333,-54.592163677890404
123.0,-0.629498789260089,0.010523340063347191,-1.5701706068268269,-0.38935801842973833,-1.8947381743563216,-1.866475629175499,-54.84704204978324
124.0,-0.6308208550054484,0.01063383669955851,-1.5702604035583734,-0.4056776134534574,-1.9129591668551993,-1.8808035072919684,-55.09939994696005
125.0,-0.632597013194199,0.010840775574548912,-1.570303839507511,-0.4234624201597945,-1.931574203737649,-1.8977642311419034,-55.34909461671683
126.0,-0.6289207207546207,0.011050816536830238,-1.5702623192705718,-0.4418953237347255,-1.9503620801693344,-1.9158611666727305,-55.59878373758971
127.0,-0.6274742710923243,0.011075658607071937,-1.5703393363138645,-0.4604550920409474,-1.9640042684018586,-1.9344292857552727,-55.84806671923315
128.0,-0.6252746382388417,0.011141789219755971,-1.5703415141558306,-0.47920298624530994,-1.9806467502233214,-1.952850157660385,-56.097071583703475
129.0,-0.6211329463538682,0.011166223725372295,-1.5703494540103864,-0.49357329029986524,-1.998613421291818,-1.9715462770838013,-56.34684708202723
130.0,-0.6161178744727951,0.011208182022541867,-1.5703519733115514,-0.5105210099030629,-2.012392465298841,-1.9903618841126691,-56.598170824822745
131.0,-0.6151081421940388,0.011164053733824984,-1.5704140183295474,-0.5286262736668575,-2.01977931053945,-2.009226975436445,-56.8495946567285
132.0,-0.6155314229681818,0.011132902910278346,-1.570434858716962,-0.5406526730857035,-2.0287821296814683,-2.0216999910695286,-57.100255938708656
133.0,-0.6155540314379454,0.011192819703101159,-1.5704070656491125,-0.5565916681071615,-2.0435065988563084,-2.036517986991249,-57.3500041919271
134.0,-0.6176205558291333,0.011167809173615087,-1.5704332337193774,-0.5716535248793603,-2.0606792155062217,-2.0537050642413854,-57.59783802274114
135.0,-0.624946957926923,0.011068771570033411,-1.5705009067964604,-0.5768890537560544,-2.0788639376371725,-2.071896243393955,-57.84119375960606
136.0,-0.630346805083104,0.011202042662319629,-1.5704124399115575,-0.5901199532012927,-2.0974746939765003,-2.0905031203584072,-58.080838954999585
137.0,-0.6359556097797745,0.011220218375438996,-1.5704069223933939,-0.6066958161941155,-2.116252001283603,-2.1008351537505656,-58.31699047658917
138.0,-0.6378306870887022,0.011054066106341326,-1.5703637764871143,-0.6200065607911837,-2.13510495685905,-2.1142849314742844,-58.55150111490498
139.0,-0.6373589592199859,0.011101661890722866,-1.5703682288431573,-0.6365236442384288,-2.1455721284998,-2.1308985906600864,-58.78599841162916
140.0,-0.6420896000162337,0.01106128821070581,-1.570450898723774,-0.6521898179247648,-2.1609136122525774,-2.1440003478014495,-59.0181244162475
141.0,-0.6446004070336583,0.011137447380695784,-1.5704082431210893,-0.6667886741603195,-2.178351061709752,-2.1470926225225644,-59.248645922970155
142.0,-0.649809917325901,0.011133015588162185,-1.5704431788271536,-0.6838718312196369,-2.1966412911297875,-2.157096566337375,-59.47668881899675
143.0,-0.6522620971371779,0.011136760887359138,-1.5704265992243611,-0.6914932442272888,-2.2152953288354746,-2.172279032240265,-59.703226694030974
144.0,-0.6547889072273234,0.01118844019585917,-1.5704161185398213,-0.7056958866437638,-2.233025814901225,-2.1896412291056944,-59.92862087769597
145.0,-0.6564288344212031,0.011197028058086058,-1.570412930150808,-0.7198202008107614,-2.2514259686255222,-2.2033672511646363,-60.15336451117151
146.0,-0.6618342918025304,0.011136287652667932,-1.5704697327255468,-0.7331195452294039,-2.2701153864444628,-2.216306269306265,-60.37606907701007
147.0,-0.665175164859296,0.011201326455944372,-1.5704199713107616,-0.7496331585520716,-2.2889336528768647,-2.2326758542162626,-60.59766608547743
148.0,-0.6727769428890333,0.011072475950845746,-1.5705116529745786,-0.7553379510189397,-2.30779456822016,-2.2505280000444343,-60.81640048414887
149.0,-0.6815200021067959,0.011125783088442861,-1.5704782665862989,-0.7644415853296846,-2.32668098049445,-2.2689947988310206,-61.03191427615891
150.0,-0.6928661839853374,0.011136335443762147,-1.5704795397240505,-0.7765088198992133,-2.3455737916224835,-2.280587218154269,-61.243694067542236
151.0,-0.7015540677678023,0.011191479812721077,-1.5704279959621745,-0.7886452206855338,-2.364475159323884,-2.2942857428361836,-61.45293137185998
152.0,-0.7085454544870732,0.011214705988588055,-1.570413352087921,-0.8028741286253905,-2.3831483277444163,-2.3094489729007437,-61.66070521484991
153.0,-0.7091267989062555,0.011289112106849034,-1.5703502391196487,-0.8198105251952343,-2.400395919791231,-2.3267766334566353,-61.86944621908692
154.0,-0.7143151102527733,0.011116754589220705,-1.5704843826843797,-0.8276343287031217,-2.41397864013907,-2.3450259123096537,-62.07752577208303
155.0,-0.7243058203367515,0.011114346784270075,-1.5705018549975636,-0.8419073363561925,-2.416018573818952,-2.3596050277110225,-62.283421574963825
156.0,-0.7343854060869461,0.011155064899295021,-1.5704699018312416,-0.858897187853375,-2.425016192566638,-2.3766494221168877,-62.48759869837878
157.0,-0.7388319471289333,0.011214388088649434,-1.5704108669499492,-0.8744063591657361,-2.437255499613251,-2.394780394531073,-62.69187402929919
158.0,-0.739432748653929,0.011191278605794336,-1.570420821845222,-0.8840143964775706,-2.4487271559140895,-2.4133624415028403,-62.89712484266054
159.0,-0.7417700266047781,0.011175560303129549,-1.57045358416368,-0.8989992268113017,-2.458520155415215,-2.432131008115931,-63.10331851373684
160.0,-0.7446859815673559,0.011168142396112274,-1.5704639373317086,-0.9162886208836469,-2.4735571668125167,-2.4449314698816984,-63.310749619738
161.0,-0.7489664202505014,0.01112167642168905,-1.5704994115656634,-0.9321801851484618,-2.485613961833621,-2.4556105400078834,-63.51901400447256
162.0,-0.7545864092094564,0.011102787740789663,-1.5705154308117821,-0.9476603790967673,-2.501597023543448,-2.46629927863885,-63.72803945765682
163.0,-0.7622973308601649,0.011069230179562826,-1.5705410770895838,-0.9609055701431393,-2.5192913795976444,-2.481721574342886,-63.93747528886939
164.0,-0.7712269720325844,0.01106926334615516,-1.570540580863006,-0.9732610945030377,-2.537694162455902,-2.4970964939503983,-64.14723485396222
165.0,-0.7824349225168132,0.011083696903388948,-1.5705372228569348,-0.9893891406248688,-2.5563881683350447,-2.5128329942456498,-64.357552429953
166.0,-0.7912626065948893,0.011087017681653788,-1.5705180242839782,-0.9995224450805684,-2.5634855622273816,-2.5277850132009285,-64.56783490063145
167.0,-0.8004289028667578,0.011121496954339293,-1.5705042926713304,-1.0147153005908873,-2.577504358584826,-2.5450075483741625,-64.77913478256096
168.0,-0.8090596898798635,0.011133745459338734,-1.570495607472406,-1.0320927496204084,-2.5893919914491197,-2.563212760175644,-64.99186348978029
169.0,-0.8171960116233017,0.011129877037172942,-1.5704995390117926,-1.0503716100408713,-2.605309485232556,-2.5818254492141426,-65.20670597150368
170.0,-0.8173552203274028,0.01121006506977841,-1.5704248915746353,-1.068540279769535,-2.6224276750934483,-2.5981802975880757,-65.42458456553538
171.0,-0.81897387640458,0.011066800546490342,-1.570539192541399,-1.0760038989661571,-2.6405766806925874,-2.6136157483148734,-65.64474343396385
172.0,-0.8229106859451667,0.011030637674779705,-1.5705733853432025,-1.0813751206180329,-2.6591661446345523,-2.6253616454463975,-65.86670611320713
173.0,-0.8303783049689547,0.01103728189017304,-1.5705833105268263,-1.0922480902599496,-2.6779369938147988,-2.637896451783914,-66.09080833211348
174.0,-0.841412878499774,0.01103717902285286,-1.5705902809443164,-1.1077994387082106,-2.693041249210662,-2.6532361969827902,-66.31720088287435
175.0,-0.8502423157975805,0.011093171593793423,-1.570539682224263,-1.1253135841319937,-2.710312151216938,-2.6629335977686144,-66.54652316204822
176.0,-0.8562761519620282,0.011074906154091017,-1.5705444713568724,-1.1366222869164162,-2.728538895369803,-2.677914082988684,-66.77856708046384
177.0,-0.8636532275993325,0.011031475981086383,-1.570582512833089,-1.1452263725263814,-2.7464908996459525,-2.6951911382244904,-67.01313625996183
178.0,-0.8746475437583687,0.01088294144220283,-1.5679844991996141,-1.1550382212008028,-2.764988498479431,-2.705121248343195,-67.24951722569702
179.0,-0.885963927440184,0.01113096218121162,-1.5686984768703782,-1.1669924423999218,-2.778490193716548,-2.719278229447394,-67.4887312755264
180.0,-0.894183739203977,0.011154416797923433,-1.5692786359394408,-1.1830003183410507,-2.788438041058108,-2.736199017750551,-67.73109036359597
181.0,-0.9024570261722585,0.01107564078589526,-1.5697397566849431,-1.194842239324151,-2.80189257058535,-2.7505027775901114,-67.97662578662197
182.0,-0.9061815607721591,0.0111161185682537,-1.5699714344194737,-1.2076004672206357,-2.8139998735551117,-2.7674381483487758,-68.224947937809
183.0,-0.9138697920792386,0.01102558435527857,-1.5702367753899016,-1.2213624633380413,-2.823747045831217,-2.783924195550391,-68.47628024340305
184.0,-0.9212734066328148,0.011049375818240809,-1.5703380970265093,-1.238086088550255,-2.8387700653332786,-2.8017988184316396,-68.73132288905023
185.0,-0.9303533771520928,0.011016612777379253,-1.5704494355570247,-1.256102666073141,-2.8524432769975125,-2.820049666541202,-68.99033684042459
186.0,-0.9425851918254357,0.010968342199937118,-1.570542778026617,-1.2734427096162333,-2.859549559405329,-2.837585131946468,-69.25303791200136
187.0,-0.9505072030587625,0.01103310914443221,-1.5705183825631375,-1.2891742796718448,-2.873544838968316,-2.855902252371474,-69.51946560946492
188.0,-0.9608674905381698,0.010962420952280208,-1.5706055532865133,-1.301738041809052,-2.8835475183910373,-2.8745607843809715,-69.78939736377214
189.0,-0.9704003414137506,0.010476607718415585,-1.570555597342403,-1.3179150163894549,-2.8986820013151764,-2.8933609159472637,-70.06380331150336
190.0,-0.9799761517711107,0.010538532112836434,-1.5706214968102175,-1.3357202058176287,-2.9160278829798054,-2.9122195047839714,-70.34286954011455
191.0,-0.9881851198596112,0.01070995590942958,-1.5706129944255156,-1.3541620758789432,-2.934286318101221,-2.931102336603042,-70.62647094169755
192.0,-0.997840169554115,0.010779984193371804,-1.5706476183895,-1.3728866442843246,-2.9529210160684896,-2.9499951837080314,-70.9149557856949
193.0,-1.009492400707937,0.010818235344552217,-1.5706750034074972,-1.3917198520421448,-2.9659005758700805,-2.9654159127491133,-71.20820320678297
194.0,-1.0162335305337722,0.010930829822340891,-1.570615406593661,-1.410581717321935,-2.982256740644873,-2.9828181559707856,-71.50568360927743
195.0,-1.0259907144028366,0.010864568214697811,-1.5707016932461448,-1.4248678170914417,-3.0001034214020064,-2.9994809101222217,-71.80772991225999
196.0,-1.0376250447341706,0.010888173183894153,-1.5707003320644162,-1.441772509502488,-3.0185689977012102,-3.0174283632238534,-72.11488694257396
197.0,-1.0514483782721586,0.010862793261878535,-1.5707316006859458,-1.455209514876769,-3.031832321232923,-3.035933781742906,-72.42694081173704
198.0,-1.0613637166576175,0.010954412821789607,-1.5706597743745236,-1.4712990371532062,-3.040345461227964,-3.054670619834677,-72.74294922226939
199.0,-1.0734670400686108,0.01092234649694061,-1.5706989514409107,-1.4890551774355572,-3.054887497400041,-3.073503073571211,-73.06400001599924
200.0,-1.0840285947143622,0.010908625751401634,-1.5707076564379627,-1.4994172357981441,-3.066721228493735,-3.0920110248848136,-73.38908718747965
201.0,-1.0968545793399749,0.010860342124787732,-1.570751767477142,-1.5044444234703922,-3.0781082281267707,-3.108083736955422,-73.7182550528161
202.0,-1.101947101439982,0.01099804353092837,-1.570632213920798,-1.5125371960617964,-3.0874570337392524,-3.120836913505539,-74.04985951732579
203.0,-1.1048345994443214,0.010993480444817861,-1.5706453913458684,-1.5226600101301566,-3.102241094410539,-3.137110278861601,-74.38396076468311
204.0,-1.1113526704962517,0.01093485469780122,-1.5707038435304612,-1.5378785121802097,-3.1194391146403477,-3.154922047025793,-74.72187127200651
205.0,-1.1165531181203372,0.010912076919070734,-1.5707193600285545,-1.5473293992683759,-3.1376383959385374,-3.1733720430471983,-75.06298698955905
206.0,-1.123732641563831,0.010897623192105315,-1.5707378290031482,-1.5622589484345035,-3.1518514338467223,-3.192086000911651,-75.40774100656775
207.0,-1.1320189180260207,0.010890658790264782,-1.5707454646231334,-1.5795262987411864,-3.1687407411479236,-3.210908974164361,-75.75668958911689
208.0,-1.1435617965324665,0.010819558796243174,-1.5708068594252695,-1.5910945036241309,-3.1868101714099275,-3.2297771129822044,-76.11028143326199
209.0,-1.1526122415762619,0.010895118769069305,-1.5707400623517513,-1.6068479352113751,-3.2053673250095684,-3.2402838192599424,-76.46813870209881
210.0,-1.1571483859328384,0.010904531612785035,-1.5698676151015925,-1.6244636988541437,-3.2241272366816593,-3.255646117237387,-76.82907438096689
211.0,-1.165592155350411,0.007508116085959426,-1.5700166064259373,-1.6424828496281039,-3.239493662129459,-3.273081854840496,-77.19553310960242
212.0,-1.176007079078201,0.007787573623366837,-1.5705466570390945,-1.6556941293313145,-3.254370147933698,-3.286547490337585,-77.56621621562802
213.0,-1.1862632451879527,0.008837950392449235,-1.570612180529877,-1.669428536112186,-3.2698198310659965,-3.2980906755607173,-77.94045733489598
214.0,-1.1988435139447424,0.009514815832993103,-1.5706867952110928,-1.6832426231613207,-3.275587217456022,-3.313861218494731,-78.31846987433613
215.0,-1.2109667398321666,0.0099783038218279,-1.570715903763713,-1.6918774417093,-3.2890657727963477,-3.3286345900960854,-78.70038512841236
216.0,-1.225040104101762,0.010286763639683462,-1.570733044071397,-1.7064759101671254,-3.3049059452003355,-3.3457802167199464,-79.08711417187867
217.0,-1.2400549108433396,0.010467026687329486,-1.5707626901700833,-1.71860120630412,-3.3225293443533066,-3.3585957291767565,-79.4789331516849
218.0,-1.253558474409289,0.010601058216682628,-1.5707673275092588,-1.725330785020899,-3.34090219573105,-3.3716562573159177,-79.87526390912917
219.0,-1.2685113750461194,0.010693175337287333,-1.5707677325513547,-1.7391679274144065,-3.3556242281020303,-3.3880845340312242,-80.27658940849288
220.0,-1.282534170354128,0.010765807126664171,-1.570757172825398,-1.7559837255621527,-3.363011396634628,-3.405961070009543,-80.68257890805901
221.0,-1.2951238630643387,0.010806925235871158,-1.570757904403114,-1.7740314453985344,-3.3763177723502187,-3.421149916646656,-81.09306479490702
222.0,-1.3048054898630466,0.010821937379193044,-1.5707705392281899,-1.787691673161993,-3.3877377559101554,-3.43845953851806,-81.50704946078604
223.0,-1.315691031957965,0.010804753316246658,-1.570802714803644,-1.804350537176776,-3.4013933605758933,-3.449979974336054,-81.92491328044122
224.0,-1.3267665697497415,0.010797751149011207,-1.5708199786070038,-1.8223307570589613,-3.3991387579004404,-3.465729663640125,-82.34637436698992
225.0,-1.3401811849747893,0.010766601526805152,-1.5708558646923174,-1.8408600816397769,-3.3991303544181792,-3.483324618738621,-82.77211254833122
226.0,-1.3554981624262685,0.010730411622180806,-1.5708944383958454,-1.850992723492533,-3.410223856851788,-3.5016850306036136,-83.20265344767076
227.0,-1.3720802715429485,0.010760729269724597,-1.5708663154599538,-1.8662016927204845,-3.4258996096107177,-3.5163809144937135,-83.63850984620228
228.0,-1.3870474588497141,0.01080046446968097,-1.5708331174935581,-1.883583240326047,-3.443469106456432,-3.526491670695096,-84.0792881243171
229.0,-1.4013091190621505,0.010800343397645887,-1.5708370646827254,-1.9018679087667854,-3.4618204089211484,-3.541670902583689,-84.52473054244307
230.0,-1.4169043509415329,0.010741807239732523,-1.5708960554119586,-1.9101304289166505,-3.478477852063791,-3.5590303797592306,-84.97493595856983
231.0,-1.4336671530063452,0.010759787129349344,-1.5708744182004113,-1.9240413707908581,-3.493516519253813,-3.5667754351037635,-85.43025297468212
232.0,-1.4488985023771446,0.010782612917837735,-1.5708554709612186,-1.9372596599121392,-3.510771786968914,-3.581043464210145,-85.89021763350812
233.0,-1.463792933488181,0.01078204073988206,-1.5708566547668328,-1.9526320629100047,-3.5242409455485135,-3.5980280649528282,-86.3546968626809
234.0,-1.475126881186175,0.010798559095066296,-1.5708464917446765,-1.9626381885786728,-3.5408158555570513,-3.6161361963968477,-86.82256179169175
235.0,-1.4856075734305971,0.01079579119382019,-1.570846794324783,-1.9777907478369898,-3.558754774523622,-3.634708840504704,-87.29348806137621
236.0,-1.4985681599274916,0.010715009557481284,-1.5709272340139402,-1.9830645793511965,-3.5772592844285107,-3.6534733879144,-87.76802160109092
237.0,-1.5136152768357127,0.010723250611805641,-1.570910261210805,-1.9963367539920687,-3.5959945770129793,-3.672317448372645,-88.2467406290056
238.0,-1.53000181550674,0.01072387790605439,-1.5709092477155302,-2.0129242842792414,-3.6148273653612524,-3.691194205308114,-88.72999247530842
239.0,-1.547258261256355,0.010712092677547278,-1.5709248565650056,-2.0268250476250476,-3.6294052477693954,-3.7024802794338183,-89.21804998325786
240.0,-1.5627957976414022,0.010748703023631517,-1.5708902618825873,-2.0432929719565713,-3.646445171602515,-3.718148601108492,-89.71032057432878
241.0,-1.5791339041641936,0.010715131408199586,-1.5709277577350051,-2.054517039850004,-3.664577258905199,-3.7357103626445096,-90.20690856533074
242.0,-1.5936444034201058,0.010717143597712657,-1.5709314522854647,-2.055345096008636,-3.6713087650371117,-3.7540570148305368,-90.70762516101996
243.0,-1.606997894421673,0.010755200927149197,-1.570882409346005,-2.0668440597410767,-3.6851824776094295,-3.7727283222732817,-91.21185263527086
244.0,-1.6219164933336787,0.010728609680211167,-1.5709055021068736,-2.082709536460197,-3.7020085539257117,-3.7915336686270247,-91.71985951665394
245.0,-1.6381991065987067,0.010653317927322258,-1.569934880147679,-2.094189665045132,-3.7096388757193326,-3.810394480355,-92.23229298573382
246.0,-1.6554309844175408,0.010734513152796136,-1.5702086685644667,-2.1099036316069526,-3.7238570845348202,-3.824909322942723,-92.74923653919782
247.0,-1.673139202419458,0.0107137855800866,-1.5704615878863155,-2.1239078097599497,-3.7361980523362273,-3.841921757756151,-93.2708955599974
248.0,-1.6912520491869942,0.010706080421077636,-1.5706215069224736,-2.1385248480201122,-3.748898275687804,-3.8600394216093363,-93.7973275300188
249.0,-1.7096412286301736,0.010706000969197852,-1.5707226766837863,-2.15562176504756,-3.762926737495758,-3.878615889817898,-94.3284837648218
250.0,-1.727270790589452,0.010708540629095395,-1.570793841464201,-2.1711503923520867,-3.779775464548404,-3.8958068320956345,-94.86396607653813
251.0,-1.7451998620070173,0.010700239199216017,-1.5708466245578727,-2.188616599894726,-3.7978282094109646,-3.9139733636110785,-95.40369225807257
252.0,-1.7620467044387529,0.01070275190852395,-1.5708809633221883,-2.203560401554624,-3.8163782973918257,-3.9325693744586347,-95.94729195279005
253.0,-1.779391427008885,0.010688192591230838,-1.5709132818138516,-2.2201750630439507,-3.834344735545056,-3.951343664735429,-96.49483882111645
254.0,-1.7965374668930172,0.010681913869347132,-1.5709373284403738,-2.2343455329425463,-3.852845428528601,-3.9692689760929363,-97.04623149638562
255.0,-1.8141838961979817,0.01067445477324129,-1.5709495959938045,-2.2512282044190433,-3.8671565481211387,-3.9877503746587917,-97.60178690773712
256.0,-1.8319095752432981,0.010671532063548043,-1.5709596062924827,-2.2684138649572385,-3.8840847140298504,-4.000120839812864,-98.1613344849699
257.0,-1.84998806316514,0.010663184863349046,-1.570973555818946,-2.285444643312078,-3.898777457222285,-4.016212895183411,-98.72508316951388
258.0,-1.8683424945864533,0.010644559420114944,-1.5710105669940626,-2.288826811444137,-3.9158812007598103,-4.031000102716611,-99.29313102945322
259.0,-1.8869045873308166,0.010660278062627326,-1.5709755820437776,-2.3013671030136207,-3.9340373959839705,-4.0481035958798,-99.8652956237489
260.0,-1.9001502432620576,0.010722473582791669,-1.57091885730217,-2.3176474001111957,-3.942783532544294,-4.066258663369865,-100.44064896703881
261.0,-1.914523535062891,0.01066922392618995,-1.5709712833825396,-2.3354367651604115,-3.9574530620269517,-4.0836757607481164,-101.01895858170064
262.0,-1.9296701590085226,0.010641915933878941,-1.571007884656112,-2.347873506534228,-3.9746054154876207,-4.101942624494584,-101.60033641964958
263.0,-1.9457355783512522,0.010629894980397632,-1.5710112689553917,-2.363996028732075,-3.9927834246187364,-4.120580331037347,-102.18489351888827
264.0,-1.962743372410624,0.010620073831171065,-1.5710205938312012,-2.381756703343887,-4.009193521475399,-4.139371796083977,-102.7730079464099
265.0,-1.977203368808323,0.010651607361164087,-1.5709951521090277,-2.400186863094557,-4.023974884245916,-4.152304352104313,-103.36408070686723
266.0,-1.9927138724034381,0.010620495387479452,-1.5710277554910879,-2.4189033339050843,-4.031228684728533,-4.164824326726845,-103.9589738640782
267.0,-2.009397935300676,0.010601607650285233,-1.5710592345356331,-2.4290069088049546,-4.043980078728858,-4.181018968659717,-104.5577438502057
268.0,-2.0268544109377244,0.010597035146648412,-1.571065522550943,-2.4326839346830607,-4.054625569520796,-4.191867349382886,-105.16087339469844
269.0,-2.0386737003053677,0.010673071719677626,-1.5709723911382116,-2.4452964124124157,-4.067945410786878,-4.205962185676483,-105.76642952939282
270.0,-2.0497498082872556,0.009881242034020845,-1.5709820238411434,-2.452832744798875,-4.081522507260997,-4.2217679136373,-106.37406857903011
271.0,-2.063178806760483,0.009944922166929224,-1.571074613576389,-2.461618836760009,-4.098172269184836,-4.224220675918472,-106.9842010039792
272.0,-2.0785223895082785,0.010152140409926938,-1.5710773204926045,-2.471611211784781,-4.107253507436672,-4.236400948138531,-107.59807310079864
273.0,-2.0918441491468447,0.009877124869602589,-1.5710114549050185,-2.4867495563281694,-4.122041332589983,-4.24908572544238,-108.2146047410791
274.0,-2.1065892919627207,0.010012955723821562,-1.5710695902861678,-2.5041113796282874,-4.139244307510312,-4.265357633153129,-108.83392381477043
275.0,-2.12278386246869,0.010199919711646965,-1.5710764490199232,-2.5223164766392325,-4.152073881437156,-4.277631649012255,-109.45688829932578
276.0,-2.1385954760670174,0.01034335390196602,-1.5710634112090385,-2.5409297584023203,-4.168372929516451,-4.289002105978311,-110.08314529607945
277.0,-2.1552719336518957,0.010419489460808297,-1.5710897311255005,-2.55030198596164,-4.176214583877404,-4.304706632902132,-110.71373168784748
278.0,-2.172731611271033,0.01047203289064296,-1.5710721000647538,-2.5647936092036683,-4.190513186786101,-4.322283433267164,-111.34835133821058
279.0,-2.1893299411631433,0.010523786078108872,-1.5710533042999704,-2.581869908066848,-4.202861104367732,-4.340259137095653,-111.98693974467784
280.0,-2.2053110201235127,0.009193903201377505,-1.5710110454934505,-2.5914548024156296,-4.218974622492166,-4.355708567733227,-112.62887704532703
281.0,-2.217502853974707,0.009443897058643555,-1.571062876040061,-2.6062187556761796,-4.235236759044651,-4.371101147991695,-113.27315737159708
282.0,-2.229127585102542,0.009835939125289428,-1.571081427969875,-2.612692947802832,-4.249407814438927,-4.377580300921706,-113.91976030064859
283.0,-2.2429462237018436,0.01006530828744864,-1.571105343087688,-2.6157610198335015,-4.263778815464751,-4.385184363030301,-114.56929256600715
284.0,-2.258531202591285,0.01022541286451219,-1.5711109610881973,-2.614012179198493,-4.280763363661441,-4.396385626760985,-115.22205479706598
285.0,-2.2732994533702042,0.010357382027787718,-1.5710775461252289,-2.6135763671361096,-4.29754058160224,-4.412050336775771,-115.87785273305326
286.0,-2.289208492624082,0.010413973257042606,-1.5710685647246851,-2.6226331799066265,-4.315541220935015,-4.429611483697638,-116.5369314757825
287.0,-2.306147710502723,0.010464141553242382,-1.5710898074845505,-2.621601025051343,-4.33384773397307,-4.447957866706856,-117.19952751219813
288.0,-2.323135467240202,0.010500355625149442,-1.5710583290518745,-2.6313187507272207,-4.351974525902775,-4.466292808759747,-117.86578023339936
289.0,-2.3406824251799168,0.010523751000508855,-1.5710731144935925,-2.6358324464562624,-4.364962970016252,-4.471009581745567,-118.53627907942465
290.0,-2.357772406203553,0.010544896621839465,-1.5710486112559738,-2.6487813190947653,-4.377491460133129,-4.476352439707991,-119.2110697689768
291.0,-2.3753471767529795,0.010548714429933714,-1.571059241029492,-2.6633501472484653,-4.393693104521856,-4.486242928503751,-119.89000990173868
292.0,-2.392714532996077,0.010560516875949765,-1.5710592587876009,-2.6790828656081023,-4.411477510098882,-4.488478865512265,-120.57296790866141
293.0,-2.4105114377662407,0.010562648302551604,-1.571075420700302,-2.6910877951176597,-4.429916709138641,-4.50053430644509,-121.25998683298833
294.0,-2.4286947378469503,0.010559981261190239,-1.5710713126291462,-2.7070397909257093,-4.448625760746774,-4.508505969810865,-121.95128628258601
295.0,-2.4471234133738142,0.010567722141868331,-1.5710825591392545,-2.717236443732866,-4.4660360653401705,-4.5228270055392485,-122.64699108392001
296.0,-2.4657196587840127,0.010564244830955912,-1.5710722587054513,-2.732463416795532,-4.479203403180645,-4.538642166865338,-123.34767082805341
297.0,-2.4819113822822407,0.010591285782020534,-1.5710481061962582,-2.749852811116832,-4.494734650032607,-4.554081420312355,-124.0525634571945
298.0,-2.498658887268986,0.010582483201536774,-1.5710876701315624,-2.754535017636919,-4.512227820909269,-4.570378474962645,-124.76129650576928
299.0,-2.510991747119422,0.01061474339997095,-1.5710305047467212,-2.7675897081049197,-4.530351549761154,-4.5881819559091115,-125.47282219119171
300.0,-2.524821561211916,0.010561266209150757,-1.5710762400714215,-2.7840915177424583,-4.546425990189374,-4.60662815186829,-126.18778026199881
301.0,-2.5397654628073143,0.010549592089173866,-1.5710995884366492,-2.7973999333588173,-4.551156577555177,-4.625340472666633,-126.90741864854047
302.0,-2.5559904898826984,0.01054380518533177,-1.5711180790791768,-2.8036945543016976,-4.5589973047823475,-4.639964733630638,-127.63169155885606
303.0,-2.5718804236069888,0.010542815602151985,-1.5710943300675813,-2.817365045840421,-4.571618398968618,-4.657025364082373,-128.3604307471948
304.0,-2.5858494224675295,0.010569576444493899,-1.571082011359935,-2.8277744112145142,-4.585391026675853,-4.675162991444667,-129.0928884577986
305.0,-2.5968423256028523,0.010586113374049326,-1.5710622647984065,-2.8400945194833254,-4.597662480439034,-4.68980334906557,-129.82837073488636
306.0,-2.609937275758024,0.010533014829698047,-1.5711038623297062,-2.856230860637924,-4.613748988500925,-4.704802935026573,-130.56733599407104
307.0,-2.622812048876661,0.010536836227848852,-1.5711021220127543,-2.873993808058115,-4.631484575537235,-4.722053215842187,-131.3098054404876
308.0,-2.6374425084038755,0.010515113033988848,-1.571126518592916,-2.8924279576053036,-4.644263182194288,-4.740020352931312,-132.05673299777564
309.0,-2.6531156314059854,0.010460687620303666,-1.5694778037470696,-2.9106403903696725,-4.6597998055045196,-4.750961646495213,-132.8086725356051
310.0,-2.669883198313984,0.010549531610807144,-1.569665020529191,-2.929240882083561,-4.670283204197707,-4.761725229200651,-133.56607979031818
311.0,-2.68737812389573,0.010557302476981414,-1.5701407464391985,-2.9456917199047146,-4.685615332919777,-4.7771780160344175,-134.32870911940284
312.0,-2.705227427248011,0.01055978826011373,-1.5704678032556452,-2.9557382880328062,-4.700081480930807,-4.793416427466113,-135.0964252060984
313.0,-2.7217169338593807,0.01055978132647685,-1.5706590610769027,-2.9709075711695268,-4.709194404867187,-4.811194933224796,-135.8695405214448
314.0,-2.737826114413504,0.010551677157778359,-1.5708048366684226,-2.988273814975475,-4.722385726803107,-4.8290245924626785,-136.64786025008755
315.0,-2.749785463203779,0.010593969602286903,-1.5708685495742043,-3.0046368678413238,-4.738147027951395,-4.847471651704093,-137.43002153380644
316.0,-2.7634045384825106,0.010561412594075639,-1.5709821906900616,-3.0127690555502578,-4.755740193485382,-4.8602768093027615,-138.21577293959365
317.0,-2.778856917830872,0.010523357727638336,-1.5710365129300576,-3.026075664743319,-4.7706956780504015,-4.876556214026596,-139.00622693287193
318.0,-2.791171472785687,0.010557636726257752,-1.571027062094695,-3.0426530001587975,-4.787190587968175,-4.894370061396721,-139.80073053377453
319.0,-2.80511942978557,0.01053030277399299,-1.571081837698134,-3.0570267760771905,-4.805086574194019,-4.912821023680483,-140.59947703698472
320.0,-2.8187858896590985,0.010531849143683943,-1.57108622599046,-3.0739924938620016,-4.821001890132106,-4.9200783230020635,-141.40279310662578
321.0,-2.8339709285255545,0.010514401182996158,-1.571111618002929,-3.0920249777368833,-4.838625170061941,-4.934162345926009,-142.21114909436204
322.0,-2.8485116396277776,0.010546788271303339,-1.5711053423008512,-3.104188112546598,-4.856995575790428,-4.942115028114937,-143.02396424447997
323.0,-2.862470824282472,0.0065379732503335715,-1.5709614400911487,-3.119794476177502,-4.875676264371494,-4.952897398477498,-143.8403846707441
324.0,-2.8766287722128725,0.007160390851376104,-1.5712167984294465,-3.1372835489524737,-4.893625438140155,-4.9677978699859775,-144.66164366568051
325.0,-2.892329150334513,0.008320288553930801,-1.5711813795065948,-3.1556352351312977,-4.909458510654131,-4.985032855069395,-145.48874653080162
326.0,-2.9091399627186605,0.009092043861510744,-1.5711524207783583,-3.1743086753734047,-4.907265585993814,-5.0032441970463415,-146.32296414216455
327.0,-2.9266833879364937,0.00960965815476462,-1.5711322512637682,-3.189534085782699,-4.9123740421367454,-5.0174285041772055,-147.16382466566392
328.0,-2.944695758352282,0.009942762893866986,-1.5711162215812469,-3.2034699506969604,-4.915990077458484,-5.034021249127684,-148.0113599403945
329.0,-2.963007286455851,0.01012921105676039,-1.5700231891038086,-3.2158074588241234,-4.928553783360506,-5.051960545358728,-148.86527425157666
330.0,-2.978891598406208,0.010356084689878902,-1.5703091138230565,-3.227814241746331,-4.944835358888302,-5.070463123614278,-149.72436496342144
331.0,-2.9954065946525406,0.010420709768919886,-1.570579636267061,-3.236269741608672,-4.962655651996363,-5.085176660366259,-150.58829446567918
332.0,-3.0127462680440833,0.010441983571716815,-1.5707537550259303,-3.2507861779813103,-4.979051198285847,-5.102277209400606,-151.45795819489013
333.0,-3.0300700130248455,0.010477403263273533,-1.5708623199448934,-3.267883031788935,-4.993956877485007,-5.112892364854302,-152.33374297621435
334.0,-3.0478590592031627,0.010514967406397738,-1.5709399126677877,-3.2805576827400627,-5.005448552326527,-5.128285320441957,-153.21552953387024
335.0,-3.0591610286582327,0.010621614691427738,-1.570926464021886,-3.283882193351883,-5.018175459360963,-5.1457332076519755,-154.10057703372289
336.0,-3.0720560430725037,0.010558668149368339,-1.571011322854334,-3.288738418012958,-5.02502695209475,-5.164032922461712,-154.98948827631128
337.0,-3.0870369271888563,0.01051288208190714,-1.5710562637167769,-3.3011815708622514,-5.038911901866895,-5.182684705245187,-155.88335852151974
338.0,-3.1032476225870593,0.010530786176617827,-1.5710757528955601,-3.3083366191735992,-5.05573937959257,-5.201482058220044,-156.7819396793857
339.0,-3.117811036387754,0.010543149137189324,-1.5710617467932606,-3.320873137998402,-5.0737818220055155,-5.216574635573599,-157.6852739392292
340.0,-3.133495591717386,0.010538944543591113,-1.5709812618585757,-3.330203066466629,-5.092328847956223,-5.233836341669729,-158.59331275737367
341.0,-3.1502963288866854,0.010525237244237715,-1.5710193583671832,-3.345068101764497,-5.111082380470985,-5.252057295672643,-159.50689273930453
342.0,-3.162879218449734,0.010578018341727979,-1.5709998916370675,-3.3623112723215764,-5.129918171727922,-5.270676454841324,-160.4252034710103
343.0,-3.1769068582513653,0.010546615730887273,-1.5710520858749608,-3.38052306532259,-5.1487950167577905,-5.284287267750153,-161.34861936772444
344.0,-3.192309635822851,0.01054071914071267,-1.5710732909262373,-3.3991159265539377,-5.167684135403371,-5.297814008005586,-162.27760658983607
345.0,-3.2069753682325866,0.010566350740331461,-1.5710661693380303,-3.4159956758625896,-5.186577887178833,-5.314437347463733,-163.21182346175897
346.0,-3.222820567711171,0.010550843658209956,-1.5710823846009203,-3.4340225047153883,-5.199633277886633,-5.329806885179107,-164.15188374947985
347.0,-3.2381749315462582,0.01057996920219122,-1.5710703146304017,-3.4483442788268754,-5.216016273328104,-5.3472030794730205,-165.09717328591123
348.0,-3.254528128936164,0.010598694028851748,-1.5710756889809343,-3.4514756026917817,-5.233876435809658,-5.360176227995783,-166.0466137776579
349.0,-3.271756594176991,0.010555068645682602,-1.5710798079948687,-3.4639020047551803,-5.252347082813761,-5.369465141001164,-167.0013364523925
350.0,-3.2895690765364867,0.010550282184676974,-1.5710767259151237,-3.4801385655350994,-5.271068720130812,-5.3797513454207895,-167.96192721916958
351.0,-3.303082785721474,0.010589197621956993,-1.570488342981565,-3.497945709846501,-5.289891621675499,-5.395010299088255,-168.92762441321517
352.0,-3.3177688331718524,0.01058957456892141,-1.5706795665944566,-3.5163881916608006,-5.308763286305951,-5.412403013412072,-169.8984931642353
353.0,-3.33390841070737,0.010573400911768935,-1.5708175551950927,-3.535098077890865,-5.317873515018886,-5.430679818877988,-170.87531821837064
354.0,-3.351014692743501,0.010580768912057075,-1.5709001450466173,-3.552056258067405,-5.332250570654855,-5.439987756464153,-171.85796197591398
355.0,-3.365080025633569,0.010639879236241144,-1.570915892093579,-3.5626509915434474,-5.349272181509211,-5.451179587691846,-172.84486287745304
356.0,-3.3775296517884086,0.010643968361599811,-1.5709506867859266,-3.5691802487661457,-5.367398045039574,-5.4668286357950295,-173.83499378530442
357.0,-3.391795684509201,0.010580247601432528,-1.571009162744404,-3.58198380122897,-5.38572709324018,-5.484382970415808,-174.82937947455963
358.0,-3.407680693271175,0.010596490340097882,-1.5710290234782793,-3.585440050726609,-5.398584777541316,-5.502726646087414,-175.8276561992624
359.0,-3.4242804721570583,0.010570763868722636,-1.5710405545655879,-3.5952527991578194,-5.414888558316233,-5.520779955757977,-176.83048868953628
360.0,-3.4416332228494113,0.010575576850674315,-1.5710438869477712,-3.6050031853008284,-5.4311261570018345,-5.5393193707823105,-177.83803898311982
361.0,-3.459524346772266,0.010587815919783175,-1.5710409555791536,-3.612521185914921,-5.442314364532757,-5.5580699752703016,-178.85034666542936
362.0,-3.4770116844632755,0.010597969375864304,-1.5710313135532783,-3.6211717535096097,-5.457927354139086,-5.573574000079222,-179.86721371054273
363.0,-3.494628096640563,0.010582118841226828,-1.571034427129392,-3.6356935205269427,-5.475469247585392,-5.591013136259651,-180.88914559766195
364.0,-3.5126552340138963,0.010584382464364219,-1.571034249654696,-3.6527894193737755,-5.493569883270256,-5.609307707581755,-181.9164545337547
365.0,-3.5301237779455525,0.010606346682888833,-1.5710219538613046,-3.6695015448805774,-5.505987624908469,-5.627957342420047,-182.94916695066522
366.0,-3.5459704389874127,0.010626779116515647,-1.5710067892224047,-3.6874710591357274,-5.522103156625874,-5.646753793505891,-183.98684972678342
367.0,-3.558669517140493,0.01065448721016367,-1.5709861788967863,-3.705986474032394,-5.539851329934361,-5.664892113443762,-185.02874474129138
368.0,-3.568625206821747,0.010664427183020677,-1.5709813239578323,-3.724723448343326,-5.558276263254507,-5.681951110004548,-186.07416458320154
369.0,-3.5810261529390224,0.010616416115789312,-1.5710259580180894,-3.7435454514084303,-5.571180056495626,-5.692475177953057,-187.1237665121029
370.0,-3.5921595330333655,0.01065594687863901,-1.5710043412285035,-3.756149406690754,-5.583150600368619,-5.701456288341033,-188.1767189764618
371.0,-3.6054426066949152,0.010608513304859025,-1.5710357064381202,-3.7713285715220897,-5.591510193089116,-5.710329181649721,-189.23377536894992
372.0,-3.620681665346161,0.010594907273518233,-1.5710424149399977,-3.788677488305303,-5.603572773421844,-5.7249840385564505,-190.2954128015292
373.0,-3.6361518973977995,0.010611637625519121,-1.5710269701704074,-3.8069393083718603,-5.619605260664079,-5.742126420569145,-191.3615619796779
374.0,-3.6483158455852145,0.010657959533096643,-1.5709865679428547,-3.8255781743226707,-5.637318544568604,-5.759047592220975,-192.4314786298347
375.0,-3.6599771950976403,0.010658979715148637,-1.57099055124849,-3.8425434251497106,-5.654204517603672,-5.771635638394633,-193.5047954101471
376.0,-3.6711405447116348,0.01065520382929811,-1.5709906420093456,-3.860608126628069,-5.6722461083266955,-5.782142782889294,-194.58141229385208
377.0,-3.682592988038483,0.010650111542239592,-1.5709958169380658,-3.8784391979497914,-5.6907918583266595,-5.7881374999927075,-195.66126837097096
378.0,-3.6954384175275945,0.01063618535935065,-1.5710063315013072,-3.89688007791899,-5.709546211460381,-5.801673001465765,-196.74461250069643
379.0,-3.7071917521595528,0.010656980802443074,-1.5709864709556978,-3.915592623816253,-5.726031253726897,-5.817077951319781,-197.83137092042597
380.0,-3.717408317425669,0.010673638660839509,-1.570972316437787,-3.9344117591023613,-5.743893219793471,-5.834036524193318,-198.92112363840266
381.0,-3.729138443391428,0.01065624620349248,-1.5709891616795466,-3.9526099325464608,-5.762366413278698,-5.847814140282422,-200.01394448468037
382.0,-3.7410054975212503,0.009461416573672676,-1.5709442940354044,-3.970586826196281,-5.781088034113578,-5.862231392057317,-201.10945986811137
383.0,-3.7549453348171182,0.009650647278718859,-1.5710181452020142,-3.9858304774944378,-5.799918078426563,-5.879237107059815,-202.20800277571453
384.0,-3.770635801855012,0.009038527086396226,-1.5709767315654992,-4.0031805455885445,-5.818786694957664,-5.897352822983777,-203.30986554993837
385.0,-3.7874212332458406,0.00943192887316708,-1.5710094785318107,-4.021424183611325,-5.837674833544356,-5.9159285943949556,-204.4154942736513
386.0,-3.804958482362875,0.009876305717629298,-1.5709792199753412,-4.039272524408298,-5.856568518595062,-5.934694494961521,-205.52494425379967
387.0,-3.822973966593838,0.010186320399517085,-1.5709499348486862,-4.051521680394395,-5.868728871934242,-5.953538961895727,-206.63803379338046
388.0,-3.841291368122441,0.010361736063042453,-1.57093978282583,-4.067562438980671,-5.884742619438787,-5.972415934459709,-207.7547867887396
389.0,-3.8577089372573137,0.010505520994547836,-1.5709109818363447,-4.085285992843348,-5.900379073482481,-5.991306418686693,-208.87500559264896
390.0,-3.874291152400683,0.01060187815595196,-1.570903308832933,-4.096604215600076,-5.917178853211061,-6.006370472929864,-209.99788074031565
391.0,-3.891606809878897,0.010624507938739987,-1.570914545298965,-4.112275405141103,-5.930198872998263,-6.0236191373238634,-211.12405843967844
392.0,-3.9081217878310235,0.01067279658536022,-1.570899446283497,-4.127891361325159,-5.936819121362708,-6.041834725361079,-212.2538257518404
393.0,-3.925256913752953,0.010691359629113741,-1.5709021259573197,-4.1441950154354465,-5.950616702633691,-6.06045171089898,-213.38674218207686
394.0,-3.9426857419553136,0.010707590841417355,-1.5708977214217086,-4.161999630564517,-5.967409261711267,-6.079234686988247,-214.52267270557456
395.0,-3.9605916417956646,0.010761198271725494,-1.5708760419800405,-4.166629938315365,-5.985438582095239,-6.098086314132857,-215.66024160488098
396.0,-3.976609073503145,0.010746331291405904,-1.5708735282910078,-4.179666450889696,-5.994891812649247,-6.116966119095764,-216.8004650743887
397.0,-3.9932906724699446,0.010733870610444554,-1.5708858932768268,-4.195413211976164,-6.009836482883029,-6.135857794115819,-217.9432334894199
398.0,-4.007661078215558,0.010761756485028523,-1.5708622449158196,-4.2130037480342075,-6.02435670278341,-6.1547543237000575,-219.08841758868616
399.0,-4.021651847787505,0.010760654922398895,-1.5708669911978257,-4.231355036755044,-6.041402433157575,-6.17365287179395,-220.2357497691755
400.0,-4.03586197719476,0.010761635629648275,-1.5708690155846257,-4.248647992410261,-6.0522931301419245,-6.188283734233278,-221.3855413546415
401.0,-4.051507224955686,0.010751036687016328,-1.5708786319485564,-4.266853490407108,-6.067796267080524,-6.197218364913008,-222.53761272265075
402.0,-4.066918859965083,0.010804230961747185,-1.5708468653197056,-4.271123211302597,-6.07809057449302,-6.211935622817784,-223.6910044736827
403.0,-4.080919677776141,0.010783083560721605,-1.5708503343640308,-4.283387299362842,-6.093349628202247,-6.229104629567164,-224.84578817888595
404.0,-4.096252370463072,0.010764640407155817,-1.5708656463924842,-4.296354548789313,-6.110746746968554,-6.247289015747784,-226.00191612182098
405.0,-4.110181515721459,0.010776683773548262,-1.570850056646071,-4.3127529221897305,-6.127794968640206,-6.259992383205071,-227.15954068679855
406.0,-4.12290032134602,0.01079072106628426,-1.5708399604654455,-4.3279253440774275,-6.134854872645097,-6.273669277809266,-228.3191764844186
407.0,-4.135718256751257,0.010783616735927041,-1.5708456540039883,-4.345231664047521,-6.148851963573497,-6.279275886777174,-229.4804202188547
408.0,-4.149410164555946,0.010775261387348474,-1.5708520280672567,-4.363469617592225,-6.155526040965015,-6.281579491712641,-230.6439459072262
409.0,-4.1599439180016935,0.010827495970693598,-1.5708099013955774,-4.379276038845406,-6.169348061423886,-6.2825258206576295,-231.80871527892575
410.0,-4.172557650848654,0.010786770978081017,-1.5708440977071112,-4.39682714506574,-6.180901205670783,-6.2829145996243385,-232.97507602698863
411.0,-4.187355085891,0.010778432142996593,-1.5708499089751655,-4.415171588698854,-6.196675251980424,-6.283074329977724,-234.1428871749104
412.0,-4.2030337885284395,0.010800084113460402,-1.5708326392530496,-4.429606746437024,-6.20783903751176,-6.283139905279003,-235.3121821355424
413.0,-4.2197535905045775,0.010826290155441672,-1.5708145908761473,-4.434518168404911,-6.215669580267481,-6.283166886973407,-236.48239207958417
414.0,-4.234709755381259,0.010824643391638827,-1.5708039547778907,-4.447647044014174,-6.226051935101463,-6.283177862250432,-237.65381494648244
415.0,-4.2498935455103695,0.010816629929192979,-1.5708085356240722,-4.464163092294114,-6.241367748252605,-6.28318244783013,-238.82627540207454
416.0,-4.2622326842878,0.009255817137189202,-1.5707240620551466,-4.478260876389083,-6.250852072719903,-6.283184287034857,-239.99945472015852
417.0,-4.275935259160741,0.009481104839676355,-1.5708369147964354,-4.494071915932302,-6.261167222865172,-6.283185131457317,-241.17382491269768
418.0,-4.287861225165949,0.009973242099441528,-1.5707973841971592,-4.511701298988459,-6.274139259203308,-6.283185449198704,-242.3493456739334
419.0,-4.2995713708198116,0.01028039009258152,-1.570788837711944,-4.528393030415614,-6.279463545782449,-6.283185578495394,-243.52646544924693
420.0,-4.313449287226389,0.010459761630322561,-1.5708005086916335,-4.5454898326073865,-6.281651057818468,-6.283185640140556,-244.7055011043593
421.0,-4.328865158790843,0.010589964539018568,-1.5707951352967175,-4.5636295703692165,-6.282548772916725,-6.283185672758931,-245.88664708245247
422.0,-4.345479306008413,0.00931876889286133,-1.5707418570266167,-4.582220126592721,-6.282916647810981,-6.281788182952568,-247.06960137540656
423.0,-4.360655148521767,0.009624493940525503,-1.5707838730638035,-4.600975566382456,-6.283068712893143,-6.282636208383866,-248.2546376331651
424.0,-4.3767890936436595,0.010058525332552014,-1.5707693464986376,-4.619815965945955,-6.283131992456969,-6.282959300225379,-249.44178991730158
425.0,-4.392166086572379,0.01036906655724312,-1.5707372213602016,-4.637764402403692,-6.2831571731015,-6.283092706804017,-250.63086066756202
426.0,-4.407982432102838,0.010555353695247793,-1.5707305787044963,-4.655702278949468,-6.283169081097806,-6.283147495520937,-251.82172562027748
427.0,-4.421271674553077,0.010707783077653625,-1.5706982295376986,-4.674197091557684,-6.283172667251824,-6.283170005395015,-253.01433767255935
428.0,-4.433131304785217,0.01079156176784039,-1.570692028791895,-4.6929198139085475,-6.283175885574431,-6.283179256351983,-254.20862828128838
429.0,-4.446980859131331,0.01081647238707079,-1.5707136987590433,-4.711734262920668,-6.283179598910344,-6.283183061225981,-255.40451877967683
430.0,-4.462386242331215,0.010852474453012406,-1.5707094290866732,-4.7276645712171055,-6.283180754139197,-6.283184600335864,-256.60169350727597
431.0,-4.476990847411092,0.01091076588229587,-1.5706769802329537,-4.734459649656521,-6.283180056125439,-6.283185242359758,-257.7993259915544
432.0,-4.4876433482006375,0.010950256940170012,-1.570653336179024,-4.744147047098006,-6.2831797721459255,-6.283185392529718,-258.9976206390743
433.0,-4.497643524480076,0.010932596657609215,-1.570676936067884,-4.759158409948503,-6.283182318725957,-6.283185526979125,-260.1969733079074
434.0,-4.510305610543386,0.01090461887010005,-1.5707061364235637,-4.775808172962897,-6.283184311666265,-6.283185603970848,-261.3974291861949
435.0,-4.522496086508026,0.010927073083521317,-1.5706879219605192,-4.7937739374801405,-6.283183706077555,-6.281335676790171,-262.5990748480242
436.0,-4.535262962814928,0.010826367360368142,-1.5671026911956896,-4.81227054410148,-6.283183896475334,-6.282458281782712,-263.80268787387826
437.0,-4.545475024012041,0.0110582514190838,-1.5681448548029893,-4.826738642894688,-6.283181236838963,-6.282885886839874,-265.0070180311582
438.0,-4.556092413928866,0.01100277190391504,-1.5689962680375544,-4.843695587568271,-6.283185596165069,-6.283062556865747,-266.2121037097178
439.0,-4.563687215920867,0.011021653457003773,-1.5695140734450643,-4.855950421690326,-6.28318515552888,-6.283135058546325,-267.41776325251163
440.0,-4.574280107489797,0.010963529490700907,-1.5699266329338681,-4.866734408296737,-6.283186218110297,-6.283164838077956,-268.62372243525067
441.0,-4.584732631560841,0.010962445606251002,-1.5701682775040862,-4.882197120106228,-6.283186936071641,-6.283177096310092,-269.8303565274508
442.0,-4.597127066977358,0.010944887687766655,-1.570345310747665,-4.899672682416686,-6.2831883513027735,-6.283182149926674,-271.0377065981753
443.0,-4.6117094167158585,0.010943183123378261,-1.5704531166706437,-4.917983833634479,-6.2831886305856015,-6.283184241641471,-272.24567181406024
444.0,-4.625103083786569,0.010980960599026956,-1.5704901646927054,-4.9366445300014545,-6.283186761725677,-6.283185104620146,-273.45428994978715
445.0,-4.639978255824317,0.01099107615472407,-1.5705250691926518,-4.942681207454745,-6.283188813786794,-6.283185479612755,-274.6624339775537
446.0,-4.656246713705827,0.010991439944142334,-1.5705575258141766,-4.946283922946488,-6.283188444360244,-6.283185513169431,-275.8697051155953
447.0,-4.6734384027725975,0.011000530174863243,-1.570571033468274,-4.944817862238053,-6.283188945735357,-6.283185559248575,-277.0755682058314
448.0,-4.691201153064471,0.010963926703144897,-1.5696129905413956,-4.953338430016717,-6.283187518837097,-6.281785987924063,-278.28082157389923
449.0,-4.7046978359915075,0.011067773726159353,-1.569873743232191,-4.9657043936948115,-6.283187576816921,-6.282635202850475,-279.48580269834025
450.0,-4.717997064309635,0.011046277805692156,-1.5701182878813589,-4.977098113229912,-6.283187869705652,-6.282958813376885,-280.69038261135836
451.0,-4.731053230199476,0.011035705445472638,-1.5702792133633865,-4.992213903731785,-6.28318950792287,-6.2830924742835315,-281.89480262748236
452.0,-4.7449109061012695,0.011022911365084272,-1.5703910667846572,-5.009538232923841,-6.283191276435709,-6.283147384000364,-283.0990995269562
453.0,-4.7567687527575,0.011048770572030575,-1.5704341728389586,-5.027791595708319,-6.283188628837965,-6.283169955179538,-284.30348652521815
454.0,-4.77047315566463,0.010825795511175023,-1.5704931270159705,-5.046411181506799,-6.2831921581490855,-6.283179234121588,-285.5076889634958
455.0,-4.785989225425415,0.010853986922978183,-1.5705326251681846,-5.062758792866396,-6.283189534643678,-6.283183037444218,-286.71131753397333
456.0,-4.800301432771825,0.01094508015795932,-1.5705184753389576,-5.075240405673358,-6.283189502330902,-6.283184561199313,-287.91416715450936
457.0,-4.815798970435043,0.010972384768292025,-1.570544060126791,-5.090507499895831,-6.283192450847919,-6.28318520410467,-289.11618291436326
458.0,-4.832492656643755,0.010437404498894631,-1.5705305642595089,-5.107322981851865,-6.283189687785485,-6.283185467132916,-290.3171063130601
459.0,-4.846153945332888,0.010582842964066867,-1.5705290964143435,-5.125355415504946,-6.283191088130689,-6.283185609949659,-291.51743150992655
460.0,-4.861001242475781,0.010741661865447843,-1.5705421747100876,-5.14388374193604,-6.2831906558363855,-6.283185664598014,-292.71699574389487
461.0,-4.8759183192386075,0.010871320329940462,-1.5705180099686165,-5.151933528663583,-6.28319334672221,-6.283185685413851,-293.9150216445908
462.0,-4.891986824982564,0.010045306914899405,-1.5705051506582903,-5.1663090546647465,-6.28319191412745,-6.282192304996983,-295.1114277821688
463.0,-4.909031567993726,0.010229953817971123,-1.570551708601117,-5.178012301503665,-6.283193340370409,-6.2827950328831985,-296.3060068457984
464.0,-4.926731003351445,0.01053319402469105,-1.5705387570686131,-5.193842731447961,-6.283192393449721,-6.280864874731076,-297.4988480192058
465.0,-4.944853993083372,0.01073876547079752,-1.5705215715094998,-5.211476409707873,-6.283191943394228,-6.282270274496255,-298.6898547034689
466.0,-4.963257432328139,0.010876724187102805,-1.5704984033943925,-5.223073729511615,-6.283193700847031,-6.282808556197271,-299.878488829118
467.0,-4.981560917047042,0.010970038442462615,-1.5704880332070488,-5.2349990327025555,-6.283194513153396,-6.283030734880066,-301.0646371906523
468.0,-4.999500953390385,0.011033822318538883,-1.5704804311827711,-5.24915798211001,-6.283194727012664,-6.283121991198612,-302.2483656348906
469.0,-5.012296878683736,0.01112201436485832,-1.5704347391230173,-5.266074952375409,-6.283193219747074,-6.283159501653222,-303.430648851525
470.0,-5.026285522010328,0.011104550440378705,-1.5704708113363026,-5.284139455386158,-6.283195132003814,-6.283174931616802,-304.61128974931364
471.0,-5.041988089540187,0.011101986885948868,-1.5704826893584882,-5.302693911089234,-6.283195857902196,-6.283181279611546,-305.7898927523111
472.0,-5.058817002824334,0.011108246527483032,-1.5704756109327043,-5.315778163004382,-6.28319770094512,-6.283183848641235,-306.96584384692204
473.0,-5.075899609027516,0.01112440884637186,-1.5704667119585705,-5.327530714156662,-6.283198816261439,-6.2831848886046515,-308.13890075646674
474.0,-5.093538032762742,0.011131967170054595,-1.5704617700554562,-5.336328276510789,-6.2831998792667685,-6.283185300334244,-309.30869397758084
475.0,-5.111610051169916,0.01114424592600966,-1.5704625643624326,-5.350257946633481,-6.283199105461613,-6.2831854786184556,-310.47526873258334
476.0,-5.129110972498407,0.011163483137991806,-1.5704486334755183,-5.367097086387881,-6.2831987892655965,-6.283185581029866,-311.6387776814904
477.0,-5.145943653646439,0.011174472756548218,-1.570436070335406,-5.38368335322629,-6.283199521563948,-6.28318563278992,-312.79925020567674
478.0,-5.163329738043287,0.011163604719689135,-1.570430488764414,-5.389860816308106,-6.283202162879215,-6.283185676601172,-313.95597942306665
479.0,-5.175619013933465,0.011223182957192721,-1.570388084909598,-5.399022453190754,-6.283201911498965,-6.2831855642317445,-315.1101541441781
480.0,-5.188650876310606,0.01119022465482962,-1.5704287667432713,-5.41293774619437,-6.28320239699546,-6.283185587381854,-316.26181646319407
481.0,-5.200107136019163,0.011196735745484328,-1.5704134390792512,-5.422305538182796,-6.282192855308671,-6.283185593167134,-317.4111139267946
482.0,-5.212055425707158,0.0111822061746139,-1.5704373557303772,-5.437171127580086,-6.282811376603142,-6.283185605631545,-318.5580598945096
483.0,-5.226174654270553,0.011159827258519606,-1.570457078311548,-5.4544066201879735,-6.283049072307442,-6.28318564055046,-319.7021794949664
484.0,-5.240024928167415,0.011173838035701116,-1.5704386466226798,-5.471167245489546,-6.2831457000684985,-6.283185660283037,-320.84342642862134
485.0,-5.255296367990842,0.01116556037204229,-1.5704454996293062,-5.489150800691024,-6.283186668048052,-6.2831856817868585,-321.9814187348796
486.0,-5.271100885355259,0.011175539170423026,-1.5704334540253682,-5.507670010014324,-6.283199998180464,-6.2831856922727765,-323.11592909535767
487.0,-5.287861356109396,0.011174827893880128,-1.570426470569807,-5.5236443893180285,-6.283203304009052,-6.283185684008585,-324.2465071487987
488.0,-5.303178343318241,0.011202786094101498,-1.5703980797888393,-5.5376795457687065,-6.283205809393464,-6.2831856617102835,-325.3733476961512
489.0,-5.319360068281962,0.011188934016559463,-1.5704042859761242,-5.546713602672443,-6.2832070601377925,-6.283185638356082,-326.4959693981677
490.0,-5.335344714470174,0.011211853512527466,-1.570398620180517,-5.561454097059106,-6.283206827393465,-6.283185621345117,-327.6145192180259
491.0,-5.352149597522433,0.011210825016456009,-1.570401699195303,-5.578638106148993,-6.283206575388484,-6.283185644237761,-328.7287687413988
492.0,-5.369688895073675,0.011213718926887847,-1.5703963459183476,-5.596828280698476,-6.283206592801759,-6.283185672037755,-329.8384250776785
493.0,-5.381449105483806,0.011273401726995974,-1.5703305892511177,-5.61009997058669,-6.283206481179265,-6.283185649711478,-330.9448872994554
494.0,-5.392013676270897,0.011259203260834546,-1.5703520414819911,-5.625037119760661,-6.283208116623062,-6.283185650516617,-332.04858883824977
495.0,-5.404160932815985,0.011217645968595261,-1.570380512938975,-5.6356170079874826,-6.2832077830214255,-6.2831856219087525,-333.1488884888223
496.0,-5.415662550835544,0.010285791175327004,-1.570338165274193,-5.646078098986261,-6.283208594152329,-6.283185581147278,-334.24575032373144
497.0,-5.425339601797103,0.010420687572083356,-1.570392529948358,-5.650948616803574,-6.283210294780948,-6.28318563115892,-335.3396780794825
498.0,-5.437550966972982,0.010684706712553825,-1.570420440530459,-5.664012305259625,-6.283208655354007,-6.283185573748605,-336.43018326250035
499.0,-5.452108808517067,0.010859163485640878,-1.570420772635917,-5.678531722361354,-6.2832090106545575,-6.2831855968673285,-337.51646898875697
500.0,-5.4680212663525385,0.01098845506206441,-1.5704088635405369,-5.6955889512501,-6.283209448208408,-6.283185638185712,-338.59806017714345
501.0,-5.483763075675659,0.011087061503514652,-1.5703844431402123,-5.713728099103871,-6.283209345710309,-6.2831856662530825,-339.67492147521085
502.0,-5.500396886475802,0.011137562676462232,-1.570379156533589,-5.732305731419973,-6.2832101219309004,-6.283185684990095,-340.74668512636276
503.0,-5.517810351396449,0.0111756380036494,-1.570369368311169,-5.751069214916049,-6.283210644719094,-6.283185696458603,-341.81297923266555
504.0,-5.535743148803009,0.011205000815436883,-1.570358275064257,-5.76990980027969,-6.283211074023222,-6.28318570253601,-342.8735116718279
505.0,-5.554017413522721,0.011219024759785983,-1.5703475588762064,-5.785359536654712,-6.283211660928184,-6.283185688042173,-343.92797195603805
506.0,-5.572508325056896,0.011244900228287663,-1.5703384798756719,-5.8027685028511256,-6.283211236116107,-6.283185688218056,-344.97621150527897
507.0,-5.5911436272878445,0.011260759964600648,-1.5703299704924751,-5.8210479826245045,-6.283211465216517,-6.283185688961774,-346.0180811756646
508.0,-5.608093983994278,0.011289297568171383,-1.5703068964076907,-5.839689256248397,-6.283211287149676,-6.27721074161217,-347.05406126296134
509.0,-5.62435726205239,0.0112822231601271,-1.570307108685866,-5.8551262217833475,-6.2832123936903965,-6.280825888025906,-348.084275245375
510.0,-5.641239779425613,0.011280619223380162,-1.5703171017090076,-5.872530762879972,-6.283211921600066,-6.282213684323426,-349.1084593482042
511.0,-5.658812037357259,0.011262716968659745,-1.5703215176311067,-5.885212017739687,-6.283212742028504,-6.2827864101009565,-350.1261778130323
512.0,-5.672922753930406,0.011302834581453605,-1.5702852101058284,-5.895052751535199,-6.283209871907196,-6.283021598316868,-351.1385523310867
513.0,-5.6878109002910655,0.01129175745439657,-1.5703125226845431,-5.908407784895198,-6.283211326771134,-6.283118231491074,-352.1453729316097
514.0,-5.704068747763471,0.011286124803393624,-1.570324494582513,-5.924991696152942,-6.283211997060255,-6.283157954248859,-353.14607745188437
515.0,-5.717618911327492,0.011322095267567318,-1.5702917074488678,-5.942938730433941,-6.283211155756912,-6.283174289159786,-354.14160130226173
516.0,-5.729756261334657,0.011318801115161273,-1.57029376861186,-5.96143674965709,-6.283211691550586,-6.283181008171296,-355.1324977431879
517.0,-5.743779263977421,0.01128106970176451,-1.5703249573497187,-5.98016452563155,-6.283212765637233,-6.283183774751374,-356.1180173322049
518.0,-5.759511860141063,0.011254875081005884,-1.5703361949454795,-5.99562269861488,-6.283213558109984,-6.2831848968961825,-357.0973450668589
519.0,-5.776355554157843,0.011266336348941832,-1.5703323822476778,-6.013037248464784,-6.283212971329771,-6.283185363530773,-358.06996519674874
520.0,-5.791625931143088,0.011280576961510292,-1.5703065784382568,-6.025753342911343,-6.2832135599668115,-6.283185518630854,-359.036341588892
521.0,-5.807744754303178,0.011283103904269204,-1.57031594551918,-6.040639258748092,-6.283213620213681,-6.283185595637791,-359.9961406699184
522.0,-5.824836907591298,0.011289917301071314,-1.5703153157431213,-6.0578597562680985,-6.283213147385846,-6.2831856388899805,-360.9488929754156
523.0,-5.84256462170357,0.011294388016088728,-1.5703103962454894,-6.0760630577230925,-6.28321329160585,-6.277260195491971,-361.89424866919813
524.0,-5.860704386166744,0.011298832350477957,-1.5703038152129343,-6.094670768211392,-6.283213634212498,-6.280847192593324,-362.8319435493487
525.0,-5.87787670179487,0.00955923059402533,-1.5702076536990757,-6.113428111562729,-6.283213647380141,-6.282222385193115,-363.76214712266164
526.0,-5.895370771187202,0.009775899658754738,-1.5703502972300991,-6.132316294797056,-6.283211563368806,-6.282790080155533,-364.68481299566406
527.0,-5.912687477890755,0.010289929670895565,-1.5703235937229993,-6.1449703380291965,-6.283212155532192,-6.283023134151417,-365.5999246074503
528.0,-5.930432106526189,0.010653223938078214,-1.5703075420426476,-6.158548514350853,-6.283213571054191,-6.2824983095808795,-366.5072277983
529.0,-5.948581231308949,0.010894232871368759,-1.5702950547850543,-6.174006280975399,-6.283214149764188,-6.282914195301742,-367.40646174083207
530.0,-5.9669941537373585,0.011027942259692381,-1.570291880375416,-6.18565201210829,-6.2832137816543785,-6.283073810781766,-368.2973906725222
531.0,-5.985577609210571,0.011150581959241335,-1.5702809156170496,-6.2014492639409955,-6.283213661905208,-6.283139712997728,-369.17988317842384
532.0,-6.004272518773166,0.011191886777912384,-1.5702828774312454,-6.212551176774785,-6.283212242684978,-6.283166747608487,-370.0537736187984
533.0,-6.023039165279156,0.011260143131837564,-1.570273687785938,-6.228113778711752,-6.28321311120917,-6.283177882953497,-370.9189810774036
534.0,-6.04185274767994,0.011268625290365904,-1.5702766204123195,-6.240188118096432,-6.283214201946682,-6.283182432686057,-371.775383520187
535.0,-6.0596100534286546,0.011273063664525818,-1.570272319918733,-6.244846792035856,-6.2832150428345965,-6.283184339420055,-372.62333609992294
536.0,-6.077567575266349,0.011304341232431426,-1.57027400025042,-6.25290604351526,-6.283214569903349,-6.283185004611027,-373.46274059158105
537.0,-6.093509099217499,0.011364715332029403,-1.5702467987154134,-6.267245415613674,-6.283214154544646,-6.283185353105211,-374.29447810413706
538.0,-6.107247870319573,0.011285303195480038,-1.568806630314258,-6.276437529766113,-6.283214125539048,-6.283185515992889,-375.1196173091854
539.0,-6.122314110551371,0.01133632341849823,-1.5692686497721569,-6.280149092460388,-6.283215433988449,-6.283185555562685,-375.93744677738005
540.0,-6.133417966370143,0.01136444592816849,-1.5695720608863164,-6.281671434515157,-6.283215146333858,-6.283185542857293,-376.74969239957363
541.0,-6.144119395473837,0.008950271877553973,-1.5697160768126073,-6.282272489940754,-6.28321371254007,-6.283185482262982,-377.55662715395954
542.0,-6.157214340416877,0.009204799819440751,-1.5700996840265196,-6.28257556928752,-6.283213667670114,-6.283185552022424,-378.3571419937378
543.0,-6.1723843877221585,0.009919257385960417,-1.5701752193414418,-6.282662038626881,-6.283213915414636,-6.28318551193123,-379.15016571032305
544.0,-6.187764817032698,0.010418040292803446,-1.5702046449754945,-6.28269749153021,-6.28321412414501,-6.283185492697426,-379.9354953232664
545.0,-6.204176893881429,0.010729573397115716,-1.570237923100086,-6.282713219576621,-6.283214172703465,-6.283185486839063,-380.7125972641717
546.0,-6.221460828246423,0.010936602355334852,-1.5702561219570101,-6.2827202908742885,-6.283214243784303,-6.283185485206383,-381.4809685155242
547.0,-6.238210973367828,0.011087667230503386,-1.570254548836776,-6.282723130914191,-6.28230977581128,-6.283185485244687,-382.24079293242954
548.0,-6.253363005335166,0.011192957436470955,-1.5702480543615833,-6.282724464067884,-6.282868826948309,-6.283185481400799,-382.9928072937537
549.0,-6.263837761986604,0.01129238801008729,-1.5702180437655298,-6.282724012287365,-6.2830834668128315,-6.283185480219358,-383.73929375981817
550.0,-6.270637381943212,0.011333749729458834,-1.5702215982600867,-6.282724138467639,-6.283171726019119,-6.2831854798192195,-384.48218054855215
551.0,-6.275047201873256,0.011343368220858695,-1.5702396134463477,-6.28272450853413,-6.283202586747957,-6.283185480520777,-385.22272867942746
552.0,-6.277907139530118,0.011338995100590464,-1.5702612573938937,-6.282724821739585,-6.283210149957042,-6.28318548122922,-385.9617584785919
553.0,-6.279761961327045,0.0113295974326897,-1.5702816721633819,-6.282725019429287,-6.283212851052698,-6.283185481711711,-386.69980289812474
554.0,-6.2809649418674764,0.011319403132876096,-1.5702990356001842,-6.282725126180114,-6.2832138196216905,-6.283185481985408,-387.4372079741687
555.0,-6.280417001293041,0.011326738406554846,-1.5702979620307334,-6.2827248046047535,-6.283214239153898,-6.283185480984668,-388.17484472733366
556.0,-6.281143144695734,0.011291816546006514,-1.5703343272976706,-6.282725412631248,-6.283214195590199,-6.283185482942271,-388.91215472088686
557.0,-6.281858407347706,0.011290164648918985,-1.570337513356581,-6.2827253475355835,-6.2832142974249345,-6.283185482590202,-389.64908499082327
558.0,-6.282324726695798,0.011289526564243297,-1.5703402189638422,-6.2827252154270745,-6.283214327687804,-6.283185482228992,-390.3857672834089
559.0,-6.282627197586253,0.011288156351531181,-1.570342931070233,-6.28272516782822,-6.283214333779475,-6.2831854821042,-391.12228871593254
560.0,-6.2828233724562645,0.011286618747624858,-1.570345333907407,-6.282725152583149,-6.2832143328751675,-6.283185482067065,-391.85870581805034
561.0,-6.282950608712935,0.011285206963744604,-1.5703473158177197,-6.282725147468214,-6.283214330519125,-6.283185482056552,-392.5950552542758
562.0,-6.283033105918723,0.011283093328466977,-1.5703491443957487,-6.282486532874272,-6.2832143370662,-6.283185484533301,-393.3313592954479
563.0,-6.28308667793951,0.011284112645289343,-1.5703498023655942,-6.282630588510123,-6.2832143087380095,-6.2831854779194165,-394.0676356875897
564.0,-6.283121392210791,0.011282655083121831,-1.5703508970114182,-6.282686456949104,-6.283214326172794,-6.283185482299,-394.8038940264228
565.0,-6.28314390296119,0.0112818459689636,-1.570351635654721,-6.282709314457592,-6.283214328080213,-6.283185482561003,-395.5401405624747
566.0,-6.283158507898895,0.011281384760149492,-1.570352138006902,-6.2827186640591695,-6.283214326731201,-6.283185482431368,-396.2763794006639
567.0,-6.283185535312532,0.009912678308241583,-1.5702894008634405,-6.2827095342833585,-6.283213782275535,-6.283185459063313,-397.0126300800385
568.0,-6.283162663861372,0.010083330539857268,-1.5704005211846332,-6.282738224119165,-6.283214856545302,-6.283185506858612,-397.7488907920965
569.0,-6.283171200278163,0.010500434352448306,-1.5703794014085146,-6.282728515909703,-6.283214453039662,-6.28318548919134,-398.48513874754747
570.0,-6.283177902172775,0.010777185873143256,-1.5703654014710187,-6.2827249103035765,-6.28321430945968,-6.283185482064297,-399.2213775205559
571.0,-6.283181684583978,0.01095584320395488,-1.5703579130379823,-6.282723998926933,-6.283214277991632,-6.283185480198223,-399.9576106666514
572.0,-6.283183753274136,0.011071901275956511,-1.5703539460424623,-6.282723841268275,-6.280982516677202,-6.283185483892101,-400.6938546049289
573.0,-6.283184797290896,0.011144456497907905,-1.5703526513948838,-6.2827245570821875,-6.282345417491271,-6.283185476533054,-401.4300884119821
574.0,-6.283163421222961,0.01110604977181666,-1.5682442391166294,-6.2827295798997245,-6.282867920541938,-6.283185505932128,-402.16634874618677
575.0,-6.283200963063619,0.011290322619307703,-1.5688587014581659,-6.28271938162266,-6.283083832177955,-6.28318545232939,-402.9025794153003
576.0,-6.283193845605717,0.011280919831084004,-1.5693576318221052,-6.282723315047737,-6.283171808593984,-6.282333376024288,-403.6388087010613
577.0,-6.282191374496453,0.011286768225006072,-1.5696795380128492,-6.282724598970282,-6.2832024469161585,-6.282850421400671,-404.37552342348425
578.0,-6.282354062737562,0.011264052063476684,-1.569920457942696,-6.282725528677198,-6.283209873216297,-6.283047431711588,-405.1121940623168
579.0,-6.281328308809982,0.011283739488616967,-1.5700492859370911,-6.282725192918707,-6.28321274247563,-6.283128780258601,-405.849350129424
580.0,-6.281736092925507,0.011260595093420967,-1.5701702268203033,-6.282725636128155,-6.283213614317265,-6.2831621898693735,-406.58634703105747
581.0,-6.282242734772409,0.01126762216818392,-1.5702293248500754,-6.282725476291364,-6.283214061485781,-6.283175913921298,-407.3230743724936
582.0,-6.282573820077295,0.011273407955481917,-1.5702688668208165,-6.282725289068652,-6.28321422589864,-6.283181551573719,-408.059625160301
583.0,-6.282788642072282,0.011276729711947075,-1.570295854267991,-6.282725209033469,-6.283214286270166,-6.283183867521873,-408.7960613786966
584.0,-6.2829280094668505,0.011278575974521834,-1.5703142616013985,-6.282725175006088,-6.283214308680212,-6.283184818893904,-409.5324232649642
585.0,-6.283018427287362,0.01127957992566461,-1.570326799474169,-6.2827251592161435,-6.283214317148323,-6.283185209693029,-410.26873692416484
586.0,-6.283077089606125,0.011280110335134466,-1.5703353285116393,-6.282725150834168,-6.283214320458624,-6.283185370211531,-411.00501929259417
587.0,-6.2831151502996905,0.011280379131206412,-1.570341123676427,-6.282725145702545,-6.283214321832517,-6.283185436135377,-411.741281358307
588.0,-6.2831398451491225,0.011280506686918032,-1.570345057021177,-6.2827251422068855,-6.283214322457752,-6.283185463204122,-412.4775302503947
589.0,-6.2831558683122894,0.011280560383351628,-1.5703477240313668,-6.282725139683958,-6.283214322777501,-6.28318547431474,-413.2137705943692
590.0,-6.2831662647346285,0.011280568700524499,-1.5703495373568233,-6.282725150494562,-6.2832143228191955,-6.281964928572831,-413.9500053917596
591.0,-6.283173011823146,0.01128058614906629,-1.5703507458642818,-6.282725115354215,-6.283214323383131,-6.282705539342462,-414.6862365890657
592.0,-6.28317738939795,0.011280572737479504,-1.570351578727197,-6.282725136731985,-6.283214323137754,-6.282987733731482,-415.4224654506334
593.0,-6.283180230047525,0.011280561442296255,-1.5703521395926892,-6.282725137353725,-6.28321432315096,-6.2831042599198845,-416.15869279641254
594.0,-6.283182073501028,0.01128055257236396,-1.5703525175474429,-6.282725136179125,-6.283214323203535,-6.283152114401072,-416.89491915840586
595.0,-6.283183269843319,0.011280545677144191,-1.5703527722935713,-6.282725134989572,-6.283214323247894,-6.283171774141779,-417.6311448818895
596.0,-6.283184046248009,0.01128054043139799,-1.5703529439825097,-6.282725134166932,-6.283214323278254,-6.283179850631843,-418.36737019095057
597.0,-6.28318455013314,0.011280536531558055,-1.5703530596652526,-6.282725133660427,-6.283214323297823,-6.2831831685692805,-419.10359523102477
598.0,-6.283184877162328,0.011280533692844643,-1.5703531375847255,-6.282725133361469,-6.283214323310311,-6.283184531625086,-419.8398200965037
599.0,-6.283185089415239,0.011280531664159692,-1.5703531900479575,-6.282725133186461,-6.283214323318356,-6.283185091587678,-420.5760448486515
600.0,-6.283185227178493,0.011280530237126647,-1.5703532253571986,-6.2827251330829705,-6.283214323323621,-6.283185321628168,-421.31226952723284
601.0,-6.283185316596719,0.011280529246967005,-1.5703532491116945,-6.282725133020559,-6.2832143233271225,-6.283185416131986,-422.0484941580581
602.0,-6.283185374637315,0.011280528568133824,-1.5703532650863368,-6.282725132982052,-6.283214323329477,-6.283185454955438,-422.78471875788114
603.0,-6.283185412312124,0.011280528107693588,-1.570353275825002,-6.282725132957768,-6.283214323331077,-6.2831854709046215,-423.5209433375774
604.0,-6.2831854367234365,0.011280526935032972,-1.5703532837116454,-6.282725134224164,-6.283214323317778,-6.283061993210973,-424.25716790423763
605.0,-6.283185452674132,0.01128052851146443,-1.5703532871078671,-6.282725130798015,-6.283214323363877,-6.283136924016385,-424.99339246235576
606.0,-6.283185462966217,0.011280527720677802,-1.570353290954374,-6.282725133056403,-6.283214323331734,-6.283165474922147,-425.72961701498036
607.0,-6.28318546964323,0.011280527367863932,-1.570353293338649,-6.282725133189308,-6.28321432332801,-6.283177264411236,-426.46584156404106
608.0,-6.283185473982826,0.011280527241362017,-1.5703532948572319,-6.282725133121168,-6.2832143233297755,-6.283182106068853,-427.2020661107822
609.0,-6.283185476802294,0.011280527201111999,-1.5703532958427175,-6.282725133037163,-6.2832143233317534,-6.283184095135201,-427.93829065601517
610.0,-6.2831854786336025,0.011280527192005394,-1.5703532964903741,-6.28272513297975,-6.283214323333048,-6.2831849122709,-428.67451520026805
611.0,-6.283185479822879,0.011280527193069056,-1.5703532969193956,-6.282725132946698,-6.283214323333773,-6.283185247961958,-429.4107397438842
612.0,-6.283185480595138,0.011280527196674247,-1.5703532972049714,-6.282725132929186,-6.283214323334154,-6.283185385868643,-430.1469642870869
613.0,-6.283185481096586,0.011280527200277467,-1.5703532973956165,-6.28272513292034,-6.283214323334347,-6.283185442522682,-430.883188830021
614.0,-6.283185481422184,0.011280527203197365,-1.5703532975231025,-6.282725132916001,-6.283214323334445,-6.28318546579697,-431.61941337278074
615.0,-6.2831854810499035,0.011280515905551994,-1.570353306382799,-6.282725149692647,-6.283214323146142,-6.281569318123248,-432.35563791583
616.0,-6.28318548216992,0.011280539233999137,-1.57035328744556,-6.2827251049834185,-6.2832143237397045,-6.28254997842858,-433.0918624580413
617.0,-6.2831992231272515,0.009207108627536265,-1.5702576604538525,-6.282705507624194,-6.283213499352449,-6.282923603576115,-433.8281195853625
618.0,-6.283159192167534,0.009465796904434779,-1.5704257354254767,-6.282746622258606,-6.283213696093545,-6.283077971315939,-434.5643948794788
619.0,-6.283169221350497,0.010098037906957206,-1.5703934449637007,-6.282730936622298,-6.283213989159363,-6.283141309903129,-435.3006521878825
620.0,-6.28317749303196,0.010517540397288107,-1.5703720367148672,-6.282725072816313,-6.283214108107922,-6.28316733108886,-436.0368964965466
621.0,-6.283181999203417,0.0107883527311516,-1.5703605596968722,-6.282723527766628,-6.283214183555559,-6.2831780225627964,-436.7731328941427
622.0,-6.283184309639818,0.010963006626669039,-1.570354775862302,-6.282723458662441,-6.283214232497949,-6.2831824157985245,-437.5093645210985
623.0,-6.283185415625747,0.011075656213973686,-1.5703521212046336,-6.282723793091029,-6.28321426425283,-6.28318422124904,-438.2455932779464
624.0,-6.283185882246921,0.011148323315340694,-1.5703511232961551,-6.2827241633358,-6.283214284869049,-6.283184963363209,-438.98182031330606
625.0,-6.283186024744181,0.011195204799100288,-1.5703509541527652,-6.282724465025891,-6.283214298268275,-6.2831852684943295,-439.718046320226
626.0,-6.2831880398923765,0.011067122678665704,-1.5703438713940059,-6.282723184307946,-6.28321424425511,-6.283185391326926,-440.4542736299935
627.0,-6.283184619560013,0.011106409881912398,-1.570357041194132,-6.282726476008162,-6.283214380577273,-6.283185448540104,-441.19050211082595
628.0,-6.28318505547717,0.01116728328953564,-1.5703549360139373,-6.282725381544289,-6.283214333664223,-6.283185467797377,-441.9267291722315
629.0,-6.283185446690955,0.011207446090743164,-1.5703536255293618,-6.282725002054617,-6.283214318008967,-6.283185475767569,-442.66295521722293
630.0,-6.283185618405296,0.011233373654484053,-1.5703530192145392,-6.282724928675865,-6.283214315413313,-6.283185479192509,-443.39918064765925
631.0,-6.283185672409798,0.011250098962243075,-1.5703527923621439,-6.282724952353198,-6.28321431654706,-6.283185480695274,-444.13540571106444
632.0,-6.283194727987585,0.01028239650689132,-1.5703076716968603,-6.282715725786408,-6.283213930123253,-6.2831854647693826,-444.87164435574226
633.0,-6.283175046266566,0.010411471579251479,-1.570387018234912,-6.282735169411116,-6.283214739125795,-6.283185499354533,-445.6078918265028
634.0,-6.283179108167864,0.010714319808530591,-1.5703718589423683,-6.282727804910101,-6.283214427651791,-6.282856481441332,-446.34413120991024
635.0,-6.283182568457833,0.010915187809330956,-1.5703618309604928,-6.282725052852146,-6.283214316990057,-6.283056111306389,-447.08036469330057
636.0,-6.283184403270826,0.011044854665221019,-1.5703564862578743,-6.2827243459829605,-6.283214291698414,-6.283132176739174,-447.8165945841586
637.0,-6.28318530135917,0.011128482186632474,-1.5703538153683998,-6.282724324342136,-6.283214292704883,-6.28316358684021,-448.55282231093344
638.0,-6.283185696491363,0.011182422259846244,-1.5703526089358568,-6.2827244888450435,-6.283214299724263,-6.283176486516865,-449.2890487386134
639.0,-6.283185830480079,0.01121716660998555,-1.5703522124487737,-6.282724715653337,-6.283214305770393,-6.276128114150467,-450.02527439158376
640.0,-6.283185846756686,0.011239721948673186,-1.5703520759886138,-6.282724713173515,-6.283214313729912,-6.280359757910933,-450.7614995786818
641.0,-6.283185804904882,0.011254168556120357,-1.5703522269180488,-6.28272492495905,-6.283214315634543,-6.282022644642481,-451.4977244935325
642.0,-6.283185746202313,0.011263501076938331,-1.5703524148402346,-6.282725006843483,-6.283214317968577,-6.2827078255284015,-452.23394924866744
643.0,-6.283192210772607,0.010730030201207707,-1.5703277503052415,-6.282719940013209,-6.283214105904497,-6.282989243243302,-452.9701806645812
644.0,-6.283180857414124,0.010801271505409011,-1.5703716235573402,-6.282730664654733,-6.283214552335006,-6.283104877828525,-453.7064171987521
645.0,-6.283182699125656,0.010968280784598227,-1.5703633564308372,-6.282726604024836,-6.283214380732242,-6.283152367441843,-454.4426495148622
646.0,-6.283184348803944,0.011079048451074321,-1.5703578896462753,-6.282725092052349,-6.283214319710185,-6.283171876918228,-455.1788787277471
647.0,-6.283185193648916,0.011150556239094158,-1.5703549810965096,-6.282724698990259,-6.283214305845311,-6.283179892115388,-455.9151060534792
648.0,-6.283185580907848,0.011196674999017312,-1.5703535338166483,-6.28272468679739,-6.28321430642458,-6.283183185143039,-456.6513322452851
649.0,-6.283185728894188,0.011226422052509092,-1.5703528853857847,-6.282724777545913,-6.283214310303596,-6.283184538136247,-457.3875577586541
650.0,-6.283185758908426,0.011245611717792823,-1.570352656470287,-6.28272487628534,-6.283214314105306,-6.283185094073074,-458.1237828680552
651.0,-6.28318573620918,0.011257992449207376,-1.5703526346031693,-6.28272495633113,-6.283214317046859,-6.2831853225284044,-458.8600077383129
652.0,-6.283185694537159,0.011265981213428804,-1.5703527040949155,-6.282725014595375,-6.283214319133546,-6.283185416424754,-459.5962324679902
653.0,-6.283185650105274,0.011271133140295786,-1.570352807229946,-6.28272506009392,-6.283214320497229,-6.28268065600332,-460.3324571158508
654.0,-6.283185610709553,0.01127446785851141,-1.5703529030018635,-6.282725073167564,-6.283214321633221,-6.282986975233037,-461.0686817162017
655.0,-6.28318557787373,0.011276613044774288,-1.5703529955912772,-6.282725100290161,-6.28321432212841,-6.283103692291386,-461.8049062896928
656.0,-6.283185552070076,0.01127799859582593,-1.5703530709097593,-6.282725112537008,-6.283214322525284,-6.283151888120391,-462.54113084815464
657.0,-6.283185532488402,0.011278893621599619,-1.5703531300502789,-6.282725119868582,-6.283214322802757,-6.283171680984777,-463.27735539836
658.0,-6.283185517967682,0.011279471761225148,-1.5703531752982607,-6.282725124455083,-6.283214322987822,-6.283179812360001,-464.01357994416446
659.0,-6.283185507386103,0.011279845219605612,-1.570353209241623,-6.282725127406586,-6.283214323108948,-6.283183152842203,-464.7498044877236
660.0,-6.283185499779953,0.011280086478416248,-1.570353234314941,-6.28272512932772,-6.283214323187703,-6.283184525161386,-465.48602903021435
661.0,-6.283185494372576,0.011280242350529924,-1.5703532526089516,-6.282725130581942,-6.283214323238847,-6.283185088930489,-466.2222535722587
662.0,-6.283185304574997,0.011274119441975415,-1.570355025279262,-6.281133337170614,-6.283213600331828,-6.283185337085401,-466.95846806325653
663.0,-6.283185598582194,0.01128720467292628,-1.5703514416788527,-6.282094353545895,-6.283213914639154,-6.283185388136084,-467.6946879838572
664.0,-6.28318556541658,0.011282283408156882,-1.5703527603267635,-6.2824670671326786,-6.283214221823346,-6.283185456462609,-468.4309106261397
665.0,-6.28318550097509,0.011280455638393815,-1.5703532773911644,-6.282619562376369,-6.283214306698926,-6.283185474293583,-469.16713441307405
666.0,-6.283185480610663,0.01127998507582211,-1.5703534184054069,-6.282681944267594,-6.283214325599169,-6.283185480049047,-469.9033586605125
667.0,-6.2831854768210205,0.011279975242122873,-1.5703534294781387,-6.28270746343035,-6.283214327546755,-6.283185481700192,-470.6395830906787
668.0,-6.283185477772962,0.011280088897812183,-1.570353404193984,-6.28271790319251,-6.2832143262392615,-6.2831854820894435,-471.3758075921548
669.0,-6.2831854794731345,0.011280211128573608,-1.570353374817848,-6.282722174304543,-6.283214324942079,-6.283185482131561,-472.1120321207419
670.0,-6.283185480817042,0.011280309872650702,-1.5703533506552796,-6.2827239218663316,-6.283214324137233,-6.283185482101006,-472.8482566591953
671.0,-6.283185481657635,0.011280381636860943,-1.570353333023117,-6.282724637002798,-6.283214323710649,-6.283185482069085,-473.58448120096307
672.0,-6.2831854821067745,0.011280431184465345,-1.570353320869374,-6.282724929719265,-6.283214323502431,-6.2831854820481805,-474.32070574366526
673.0,-6.283185482305231,0.011280464448765902,-1.5703533127478513,-6.2827250495768,-6.28321432340614,-6.283185482036495,-475.0569302865063
674.0,-6.283185482361549,0.0112804864212494,-1.570353307418368,-6.282725098682796,-6.28321432336347,-6.283185482030481,-475.79315482926563
675.0,-6.283185482346356,0.011280500794088037,-1.570353303959633,-6.282725118819906,-6.283214323345325,-6.283185482027549,-476.529379371914
676.0,-6.283185482301139,0.011280510139742081,-1.5703533017306268,-6.28272512708933,-6.283214323337974,-6.283185482026178,-477.26560391447464
677.0,-6.283185482248222,0.011280516194102091,-1.570353300300634,-6.282725130492734,-6.283214323335208,-6.283185482025561,-478.0018284569771
678.0,-6.283197516748695,0.009489822255241583,-1.570270731775848,-6.282708176367893,-6.283213611976497,-6.283185451633196,-478.7380809410211
679.0,-6.2831629200645045,0.009713247360556058,-1.5704158795456797,-6.282743685435775,-6.283214161167521,-6.2831855143551385,-479.47434912417117
680.0,-6.283171528720237,0.010259280021242708,-1.5703879868609791,-6.282730140978409,-6.28321417505485,-6.283185491314654,-480.21060186817056
681.0,-6.283178639118029,0.0106215804118327,-1.5703694934165398,-6.282725078624003,-6.283214188791787,-6.283185482030849,-480.94684343126625
682.0,-6.283182510181686,0.0108554652530103,-1.57035957789583,-6.28272374539916,-6.28321422139512,-6.283185479611206,-481.6830781847929
683.0,-6.283184492598418,0.011006303537583329,-1.5703545801529983,-6.282723686341783,-6.283214251754832,-6.283185479502358,-482.4193088299657
684.0,-6.283185439536743,0.0111035923131901,-1.5703522856424437,-6.282723975487761,-6.2832142748230755,-6.283185480015963,-483.1555370027933
685.0,-6.283185837260755,0.011166350571405439,-1.570351422528002,-6.282724295403902,-6.283214291034191,-6.283185480580434,-483.89176369251373
686.0,-6.2831859569395245,0.011206839320078092,-1.5703512755699613,-6.2827245560314715,-6.283214302023091,-6.283185481036881,-484.6279894961828
687.0,-6.283185946212518,0.011232964066282679,-1.5703514530700038,-6.282724746150996,-6.2832143093393675,-6.28318548136736,-485.36421477316475
688.0,-6.283185882809257,0.011249822757168208,-1.5703517485505574,-6.282724877661815,-6.2832143141656855,-6.28318548159426,-486.10043973897893
689.0,-6.283185805627926,0.01126070328668469,-1.57035205947095,-6.282724966042617,-6.283214317334347,-6.283185481745612,-486.836664522302
690.0,-6.283185732538118,0.011267726427690776,-1.5703523400360646,-6.2827250244535415,-6.283214319409718,-6.283185481844893,-487.57288919954834
691.0,-6.283185670426281,0.01127226029627789,-1.5703525742223454,-6.282725062672021,-6.283214320767482,-6.283185481909362,-488.30911381580535
692.0,-6.283185620752631,0.011275187573371632,-1.57035276067506,-6.2827250875252965,-6.283214321655361,-6.283185481950961,-489.0453383974718
693.0,-6.283185582542976,0.011277077815372624,-1.5703529044895619,-6.282725103625797,-6.283214322235918,-6.283185481977696,-489.7815629598606
694.0,-6.283185553937771,0.011278298577478212,-1.570353012920761,-6.282725114031307,-6.283214322615566,-6.283185481994835,-490.5177875117527
695.0,-6.283185532946593,0.011279087085613591,-1.5703530932868095,-6.282725120746262,-6.283214322863886,-6.2831854820058,-491.2540120581116
696.0,-6.283185517777492,0.011279596468473879,-1.570353152062775,-6.282725125075597,-6.283214323026348,-6.283185482012807,-491.9902366016911
697.0,-6.283185506948321,0.01127992558298439,-1.5703531945922897,-6.2827251278652545,-6.283214323132668,-6.283185482017282,-492.7264611439816
698.0,-6.283185499293552,0.011280138257702136,-1.5703532250984498,-6.282725129662179,-6.28321432320227,-6.283185482020138,-493.4626856857619
699.0,-6.2831854939269025,0.011280275710137887,-1.5703532468217265,-6.282725130819406,-6.28321432324785,-6.283185482021958,-494.1989102274178
700.0,-6.283185490190389,0.011280364560334374,-1.5703532621959426,-6.282725131564576,-6.283214323277707,-6.283185482023117,-494.9351347691237
701.0,-6.283185487604226,0.011280422003105686,-1.5703532730196417,-6.282725132044386,-6.283214323297271,-6.283185482023855,-495.6713593109448
702.0,-6.283185485823421,0.011280459146800361,-1.5703532806051075,-6.282725132353325,-6.2832143233100926,-6.283185482024326,-496.4075838528929
703.0,-6.283185482546022,0.011280443179904264,-1.570353316855001,-6.282725189933308,-6.283214322653379,-6.27748978485766,-497.14380839639284
704.0,-6.283185485174958,0.0112805410979615,-1.570353253561823,-6.282725034245178,-6.283214324752582,-6.28094579785235,-497.8800329372778
705.0,-6.283185483965873,0.011280520942729308,-1.5703532833888043,-6.282725138799646,-6.283214323249457,-6.282262677607507,-498.6162574789203
706.0,-6.283185482954266,0.01128051527477934,-1.570353294334364,-6.282725145193865,-6.283214323063663,-6.282806454088881,-499.35248202120647
707.0,-6.283185482507453,0.011280516311691725,-1.5703532979520307,-6.282725142223722,-6.283214323135435,-6.2830297699462125,-500.0887065636661
708.0,-6.28318548230493,0.01128051889369843,-1.5703532988611588,-6.282725138462765,-6.283214323219961,-6.283121513330254,-500.8249311061503
709.0,-6.283185393054093,0.011277558197317867,-1.570354137760514,-6.281967627843419,-6.283214350926443,-6.283159210644889,-501.56115086065205
710.0,-6.283185533615836,0.011283728867806292,-1.570352448503158,-6.282425001819776,-6.283214265736159,-6.2789084638360935,-502.2973732031604
711.0,-6.283185520943543,0.011281428776080871,-1.5703530231376737,-6.282602251065722,-6.283214326334036,-6.281503500799927,-503.033596840143
712.0,-6.283185490330207,0.011280524129313867,-1.5703532872642076,-6.282674898754492,-6.283214333728492,-6.282492470682983,-503.76982102265157
713.0,-6.283185480576317,0.011280283321763094,-1.5703533594992742,-6.282704589730339,-6.283214330930401,-6.282900838562088,-504.5060454247967
714.0,-6.283185478917266,0.011280271280323616,-1.5703533653312978,-6.282716731481759,-6.283214327649486,-6.2830685451662776,-505.24226991398956
715.0,-6.283185479544019,0.011280322043073861,-1.5703533524919164,-6.282721696683363,-6.283214325531818,-6.283137442825815,-505.9784944370937
716.0,-6.283185480497014,0.011280378635618442,-1.5703533374911656,-6.282723727258031,-6.283214324385419,-6.2831657468721325,-506.71471897305514
717.0,-6.28318548124168,0.011280424835523616,-1.5703533251141482,-6.282724557761517,-6.283214323816202,-6.283177374557413,-507.4509435136736
718.0,-6.283185114678043,0.011268016171836577,-1.5703568240148031,-6.279539597113255,-6.283210092900647,-6.283182184485975,-508.18714798126155
719.0,-6.283185215617056,0.011277542994832685,-1.5703543104953703,-6.277227436316872,-6.283212631200608,-6.283184102647295,-508.92333662747984
720.0,-6.283185923283735,0.011302212827793187,-1.5703474078600153,-6.280530347720044,-6.283211658383169,-6.283184850028912,-509.6595451119366
721.0,-6.283185725741016,0.011285339847398731,-1.5703518960387766,-6.281827217598019,-6.283213508408228,-6.283185262540685,-510.3957630961119
722.0,-6.283185520334152,0.011279439834847211,-1.5703535296204933,-6.282357807681766,-6.283214096579347,-6.283185401630022,-511.13198504059767
723.0,-6.283185461789215,0.011278102631488473,-1.570353912729513,-6.282574859145132,-6.283214269432845,-6.283185453165685,-511.8682085744712
724.0,-6.28318545558082,0.011278260841286844,-1.570353882125242,-6.282663651184364,-6.283214315376363,-6.283185471860812,-512.6044327367787
725.0,-6.283185462829309,0.011278779864679334,-1.5703537495542743,-6.282699976006941,-6.2832143251562576,-6.283185478536075,-513.3406571428848
726.0,-6.283185470935656,0.011279284560326171,-1.5703536185341065,-6.282714837487088,-6.2832143258878075,-6.283185480869107,-514.0768816407616
727.0,-6.283185476802385,0.01127967916736373,-1.5703535158433546,-6.282720918367552,-6.283214325008953,-6.2831854816614,-514.8131061714497
728.0,-6.283185487002784,0.011280247801875566,-1.5703533715493612,-6.282723353556972,-6.282452657351248,-6.283185483211787,-515.5493355965154
729.0,-6.283185478969649,0.011279837959472178,-1.5703534650365043,-6.282724535539535,-6.2829251977245795,-6.283185480634376,-516.2855621973692
730.0,-6.283185479867266,0.011280200688904778,-1.5703533800883511,-6.282724836023752,-6.283106591751891,-6.283185482081243,-517.0217875118661
731.0,-6.283189918245721,0.010933677006633087,-1.5703373727503658,-6.282721708339348,-6.283181507365205,-6.283185476140122,-517.7580164902245
732.0,-6.283182584558512,0.010977043173062898,-1.5703654401502927,-6.282728655804594,-6.283204505901946,-6.283185488283763,-518.4942486595686
733.0,-6.283183732924868,0.011082781728203142,-1.5703600339847315,-6.282726071907238,-6.283210728921044,-6.2831854838225825,-519.2304781341103
734.0,-6.283184773274502,0.011152934799333313,-1.5703564491577653,-6.282725109041027,-6.283212993607404,-6.2831854820259885,-519.9667056341308
735.0,-6.283185305560687,0.011198221658230497,-1.5703545255969136,-6.282724858488176,-6.28321382695226,-6.2831854815577435,-520.7029319367575
736.0,-6.283185548916126,0.011227428243184071,-1.5703535548695746,-6.282724850345252,-6.2832141352078335,-6.2831854815367105,-521.4391575212242
737.0,-6.283185641321362,0.011246266224594405,-1.570353108217053,-6.2827249077476885,-6.283214250226844,-6.283185481636145,-522.17538267654
738.0,-6.280223203580781,0.01129569291163777,-1.5703189577428558,-6.282724151482737,-6.2832144668070065,-6.283185479236092,-522.9130496992531
739.0,-6.278576193173071,0.011269333866463904,-1.570351730191828,-6.282724909766586,-6.28321425064814,-6.283185481720039,-523.6516276645372
740.0,-6.279793693686593,0.011239814947091201,-1.5703819989450574,-6.282725761151715,-6.2832141420365595,-6.283185484079977,-524.3896550557073
741.0,-6.28098184168158,0.011258564364395096,-1.570366707767655,-6.282725404684455,-6.283214292350874,-6.2831854827833045,-525.1270516917464
742.0,-6.281756332567225,0.011271254703492389,-1.5703576642603387,-6.2827251360338074,-6.283214335336604,-6.283185482029127,-525.8640364324712
743.0,-6.282258640261994,0.011277750534972755,-1.5703532655534953,-6.282725072435699,-6.283214342733873,-6.283185481851398,-526.6007539862568
744.0,-6.28258438866665,0.011280792923055309,-1.5703513968358982,-6.282725076263952,-6.283214340175917,-6.283185481861337,-527.3372982582221
745.0,-6.282795641227069,0.011282018430764228,-1.5703508299192577,-6.28272509432289,-6.283214335820468,-6.283185481911524,-528.0737301535639
746.0,-6.282932644390697,0.011282336314802792,-1.5703508853034904,-6.282725110507567,-6.2832143320040394,-6.283185481957097,-528.8100891712174
747.0,-6.28302149660886,0.011282238073435823,-1.5703511990089165,-6.282725121619858,-6.283214329163937,-6.2831854819888875,-529.5464009266384
748.0,-6.283079122153536,0.011281979995996273,-1.5703515850220198,-6.282725128302143,-6.283214327187886,-6.283185482008439,-530.2826820315084
749.0,-6.2831164953172225,0.01128167010667458,-1.5703519697139452,-6.282725159237548,-6.283214325551977,-6.28055458156095,-531.0189432592076
750.0,-6.2831407370967645,0.011281439770689626,-1.570352258022713,-6.28272508819673,-6.283214325636667,-6.2821509666562765,-531.7551915940476
751.0,-6.283156458874372,0.011281201196704504,-1.5703525296645668,-6.282725137128609,-6.283214324363721,-6.282759236008635,-532.4914315682717
752.0,-6.2831666560656325,0.011281017588201507,-1.5703527361602045,-6.282725140173874,-6.283214323901014,-6.283010407946046,-533.2276661201215
753.0,-6.283173270296108,0.01128088006909073,-1.5703528910090627,-6.2827251386480825,-6.283214323689464,-6.283113558175591,-533.9638971549914
754.0,-6.283177560568172,0.011280778608078664,-1.5703530056243051,-6.282725136669504,-6.2832143235699895,-6.28315593470556,-534.7001259087103
755.0,-6.283180343467106,0.01128070476671511,-1.5703530894810227,-6.282725135231794,-6.283214323492957,-6.283173343564191,-535.4363531828294
756.0,-6.283182148635915,0.01128065166554696,-1.5703531502159136,-6.282725134328663,-6.283214323440746,-6.283180495372653,-536.1725794972332
757.0,-6.283180159919356,0.011268088153792762,-1.5700492444626022,-6.282725865674136,-6.283214224271812,-6.283183437020176,-536.9088096915942
758.0,-6.2831828056070345,0.01127625429185289,-1.5698018601672026,-6.282725182546556,-6.283214332708797,-6.283184640224779,-537.6450405346548
759.0,-6.283188206211354,0.011296376623178386,-1.569971814268443,-6.282724077260179,-6.283214479330422,-6.283185130661678,-538.3812667248883
760.0,-6.283186674100053,0.011288866043175286,-1.57009938687798,-6.282724891004701,-6.283214347035993,-6.28318533892176,-539.1174927145013
761.0,-6.283185744924448,0.011284239864434416,-1.570184431905663,-6.2827251824154065,-6.283214310276237,-6.283185424059447,-539.853718537887
762.0,-6.2831853133674205,0.011281804639272232,-1.5702409822240697,-6.2827252488079095,-6.283214303990648,-6.283185458753371,-540.5899441392158
763.0,-6.283184499490737,0.011258099199702335,-1.5702849057604304,-6.276953167609359,-6.283204383105472,-6.283185532829743,-541.3261332150995
764.0,-6.283185183401696,0.011293783673837213,-1.5703000632093604,-6.277646794835694,-6.283209980651213,-6.283185407620327,-542.0623241405708
765.0,-6.283185622586213,0.011298450222163931,-1.5703151397597832,-6.280683375972894,-6.283212320908224,-6.283185438568396,-542.798534205909
766.0,-6.2831854026916645,0.01128305183005705,-1.570330340639359,-6.281889856876291,-6.283213744887296,-6.283185497122483,-543.5347530395962
767.0,-6.28318527839465,0.011278105315610753,-1.570339097383342,-6.282383440343634,-6.283214176063707,-6.283185497502897,-544.2709754482861
768.0,-6.283185282727449,0.011277266592220454,-1.570344269315425,-6.282585350157651,-6.283214295086798,-6.2831854922975205,-545.0071992537281
769.0,-6.283185323729871,0.01127770723019499,-1.5703474472443864,-6.282667946315983,-6.283214323009425,-6.283185487845155,-545.7434235846627
770.0,-6.283185366465303,0.011278400533348653,-1.570349459120832,-6.282701735337026,-6.2832143269964496,-6.283185485072149,-546.4796481001104
771.0,-6.283185401079878,0.011279019884043564,-1.5703507592258201,-6.282715558673049,-6.283214326013539,-6.283185483546344,-547.2158726709091
772.0,-6.283185426559378,0.011279493006736897,-1.5703516107754363,-6.282721214344121,-6.283214324725152,-6.283185482761072,-547.9520972510471
773.0,-6.28318544447359,0.011279830444157491,-1.570352173330589,-6.282723528588205,-6.2832143239201,-6.283185482373431,-548.6883218262077
774.0,-6.283185456767807,0.011280062731978775,-1.5703525469557544,-6.2827244757387515,-6.283214323519699,-6.283185482187415,-549.4245463935091
775.0,-6.283185465094423,0.01128021950995552,-1.5703527959112913,-6.2827248634984905,-6.283214323350218,-6.283185482099934,-550.1607709537383
776.0,-6.283185470693482,0.011280324120636492,-1.5703529621210406,-6.282725022322985,-6.283214323292289,-6.283185482059386,-550.8969955085172
777.0,-6.283185474444398,0.01128039345341316,-1.5703530732148188,-6.2827250874265514,-6.283214323281719,-6.283185482040786,-551.6332200593697
778.0,-6.283185476952874,0.011280439222398289,-1.5703531475177968,-6.2827251141452445,-6.283214323288145,-6.283185482032308,-552.3694446074894
779.0,-6.2831854786295445,0.011280469366003111,-1.5703531972313283,-6.282725125131422,-6.283214323298659,-6.283185482028455,-553.1056691537425
780.0,-6.2831950098727365,0.010249938822453324,-1.5703057446391793,-6.282715366320491,-6.2832139144246435,-6.283185464539572,-553.8419082389509
781.0,-6.283174309170979,0.010378561162624384,-1.5703892843988168,-6.282735803414702,-6.2832147648824535,-6.283185500630159,-554.5781567572076
782.0,-6.283178623299222,0.010692800589899533,-1.57037324868491,-6.282728011627461,-6.283214435701995,-6.28318548737118,-555.3143968319952
783.0,-6.283182300930672,0.010901301864236561,-1.570362614050355,-6.282725099985812,-6.283214318204009,-6.283185482028594,-556.0506307363994
784.0,-6.283184261523998,0.011035901548260903,-1.570356911367384,-6.28272433359816,-6.283214291102273,-6.283185480636098,-556.7868608821162
785.0,-6.283185229785208,0.01112270882796738,-1.5703540366518434,-6.282724300038127,-6.283214291803215,-6.2831854805734055,-557.5230887627545
786.0,-6.2831856630797525,0.0111786987791206,-1.5703527166203335,-6.282724466642579,-6.283214298947028,-6.283185480868937,-558.2593152830317
787.0,-6.283185819665963,0.011214816564838631,-1.5703522199051458,-6.282724650846834,-6.283214306034952,-6.2831854811937555,-558.9955409895066
788.0,-6.283185841697367,0.011238118260134947,-1.5703521351613792,-6.282724800880049,-6.283214311539956,-6.283185481456419,-559.7317662114957
789.0,-6.283185805163287,0.011253153424744988,-1.5703522370954828,-6.282724910312881,-6.283214315451367,-6.283185481646597,-560.4679911467381
790.0,-6.283185748991954,0.011262855907851808,-1.5703524069361294,-6.282724986006079,-6.283214318119832,-6.2831854817771715,-561.2042159134589
791.0,-6.283185691811542,0.011269117892620337,-1.5703525856924572,-6.282725036873354,-6.28321431990371,-6.283185481864273,-561.9404405819789
792.0,-6.283185641471938,0.011273159892286132,-1.5703527470141065,-6.282725070490907,-6.2832143210837055,-6.283185481921408,-562.6766651938672
793.0,-6.283194769701581,0.010284641655903964,-1.5703071109860802,-6.282715633011208,-6.282288460060152,-6.283185466699936,-563.4129097418809
794.0,-6.283190703120631,0.006443961855098883,-1.5702046314592737,-6.2826980260620005,-6.2828626946423904,-6.2831854309032105,-564.1492312529252
795.0,-6.283152530697728,0.004845755216244557,-1.5704002672588282,-6.282746298024625,-6.283077789273699,-6.283185518169565,-564.8856102798126
796.0,-6.2831263522986385,0.006555499538695218,-1.5705224217383407,-6.282761014532294,-6.283166752762993,-6.283185545853389,-565.62196717779
797.0,-6.283153902623813,0.008218457833116984,-1.5704386736185754,-6.282730952044922,-6.2832020374873805,-6.283185493115853,-566.3582728298867
798.0,-6.283171797016813,0.009305030673398735,-1.570389281463084,-6.282721194695296,-6.2832096668973465,-6.283185475281025,-567.0945456239679
799.0,-6.283181010012341,0.010006103309020811,-1.570363757767982,-6.282719437379905,-6.283212461833667,-6.283185472090466,-567.8307988014507
800.0,-6.283185389554849,0.01045827534755054,-1.5703515776799324,-6.2827201732536135,-6.283213539121382,-6.283185473397044,-568.5670402894931
801.0,-6.283187210300234,0.010749894716343552,-1.5703466027551984,-6.282721458905597,-6.283213968272898,-6.276085643616679,-569.3032748169261
802.0,-6.2831775348846834,0.010897633396364782,-1.5693625872804144,-6.282724796171283,-6.283213830626733,-6.280341421451584,-570.0395197363608
803.0,-6.2831983292645335,0.010811817219453533,-1.5696367073281026,-6.282718277523851,-6.2832145055627535,-6.282015112069241,-570.7757528805096
804.0,-6.283188796087264,0.01091117946658508,-1.5698929198879128,-6.282726160399053,-6.283214468908582,-6.282704738956765,-571.5119871844859
805.0,-6.283187102952366,0.011037570547547318,-1.5700450905485008,-6.282725139842336,-6.283214311377744,-6.282987984869486,-572.2482185336651
806.0,-6.283186443297031,0.011121675895663164,-1.57014662444871,-6.282724800723079,-6.283214271919522,-6.283104347504447,-572.9844476226625
807.0,-6.2831860451061585,0.011176657689871975,-1.5702147273107374,-6.282724778383566,-6.283214273267696,-6.283152150883253,-573.720675201723
808.0,-6.283163266896918,0.011123058429549375,-1.5680922566066413,-6.282730101331701,-6.283213575254676,-6.283171814734899,-574.4569342156433
809.0,-6.283201487343485,0.011304055520206571,-1.568755153044617,-6.282719520420829,-6.2832151454893745,-6.283179827087148,-575.1931643561651
810.0,-6.28319398863876,0.011289143434047482,-1.5692888078981129,-6.282723458206455,-6.283214478344547,-6.283183163934052,-575.929393717021
811.0,-6.283188929617693,0.01127910721723712,-1.5696451648628404,-6.282725014907609,-6.283214286509458,-6.283184533075189,-576.6656227635684
812.0,-6.283186332772916,0.011274910278173107,-1.5698821963903995,-6.282725451277739,-6.283214247308226,-6.283185094396213,-577.4018511566057
813.0,-6.283185121850268,0.011273780781938329,-1.5700398523029275,-6.282725497346174,-6.283214253543099,-6.283185324232626,-578.1380788111646
814.0,-6.283184648257289,0.011274100409465354,-1.5701447254725387,-6.28272543151765,-6.283214269635396,-6.283185418154491,-578.8743057781861
815.0,-6.283184546146119,0.011275002435252665,-1.5702144955110415,-6.282725350518864,-6.283214284794473,-6.283185456412494,-579.6105321614235
816.0,-6.2831846148197785,0.011276046495857114,-1.5702609173153153,-6.282725282857431,-6.28321429656296,-6.283185471915178,-580.3467580749601
817.0,-6.283184748143798,0.011277027124631345,-1.5702918075866454,-6.2827252331327195,-6.2832143050435025,-6.283185478143118,-581.0829836237122
818.0,-6.2831848930684275,0.011277863867605637,-1.5703123649024413,-6.282725198716533,-6.283214310946699,-6.283185480609049,-581.8192088961522
819.0,-6.2831850255615525,0.011278539381580575,-1.5703260470574814,-6.282725175653377,-6.283214314984582,-6.283185481561152,-582.55543396315
820.0,-6.2831851368575835,0.011279065421248614,-1.5703351542505934,-6.282725160485254,-6.2832143177211845,-6.283185481912162,-583.2916588795758
821.0,-6.28318522575784,0.011279464809437012,-1.5703412167974988,-6.282725150622311,-6.2832143195666,-6.2831854820299275,-584.0278836868978
822.0,-6.283185294436904,0.01127976239625988,-1.5703452529247532,-6.282725144254458,-6.283214320807594,-6.283185482060885,-584.7641084158943
823.0,-6.283185346248221,0.011279980944105367,-1.5703479402018752,-6.28272514016186,-6.283214321640804,-6.283185482062117,-585.5003330890921
824.0,-6.283185384646166,0.011280139612568426,-1.5703497295574878,-6.282725137539439,-6.2832143221997026,-6.283185482055048,-586.236557722796
825.0,-6.283185412713865,0.011280253737719322,-1.5703509211183821,-6.282725135862483,-6.28321432257438,-6.283185482047145,-586.9727823287
826.0,-6.283185433006207,0.01128033519233578,-1.570351714660557,-6.282725134791664,-6.283214322825459,-6.283185482040601,-587.7090069151286
827.0,-6.283185447546189,0.01128039295228825,-1.5703522431749577,-6.282725134108618,-6.283214322993669,-6.283185482035736,-588.44523148797
828.0,-6.283185457887162,0.011280433683917953,-1.5703525952016208,-6.282725133673289,-6.283214323106334,-6.283185482032298,-589.1814560513664
829.0,-6.283185465195723,0.011280462270546819,-1.5703528296920575,-6.282725133396035,-6.283214323181784,-6.283185482029936,-589.9176806082182
830.0,-6.28318547033348,0.01128048225026914,-1.5703529859005003,-6.282725133219565,-6.283214323232302,-6.2831854820283395,-590.6539051605483
831.0,-6.283185473928525,0.011280496163638451,-1.5703530899674065,-6.28272513310731,-6.283214323266123,-6.283185482027268,-591.390129709762
832.0,-6.283185476433966,0.011280505821372504,-1.5703531593017768,-6.282725133035947,-6.283214323288763,-6.2831854820265525,-592.1263542568331
833.0,-6.283185478173866,0.01128051250592869,-1.5703532054985179,-6.2827251329906035,-6.283214323303917,-6.283185482026079,-592.8625788024339
834.0,-6.280276654897589,0.011317107033913592,-1.5703198781900407,-6.282724329077259,-6.283214493227981,-6.28318547956164,-593.6002193893967
835.0,-6.280758687754159,0.011257290590577862,-1.570375960979528,-6.282725611191747,-6.283214141608272,-6.283185483708788,-594.3377333657749
836.0,-6.28160628819987,0.011266561604072172,-1.5703652367268224,-6.2827254734242794,-6.283214282113791,-6.2831854829412315,-595.0747978918548
837.0,-6.282161276045236,0.01127496597184835,-1.570358021791435,-6.282725201646228,-6.2832143254752975,-6.283185482188713,-595.8115672347944
838.0,-6.282521257025009,0.011279241402307709,-1.570354347123739,-6.282725118390599,-6.283214335105951,-6.283185481965316,-596.5481450874947
839.0,-6.282754706502625,0.011281177345006908,-1.5703526551669265,-6.282725105038197,-6.283214334775246,-6.283185481933285,-597.2845987557876
840.0,-6.282906101726014,0.01128189659185492,-1.570352011707647,-6.28272511105017,-6.283214332153021,-6.283185481953507,-598.0209718903932
841.0,-6.283003868152318,0.011280367323997814,-1.5703117623987897,-6.282725216143242,-6.283214316484181,-6.283185482452925,-598.7572933943635
842.0,-6.283068254860398,0.01128313888098166,-1.5703235830947735,-6.282725025818217,-6.2832143432656204,-6.283185481449351,-599.4935805086179
843.0,-6.283100221047952,0.011245889226367607,-1.5694490493129885,-6.282727235221862,-6.283214040756137,-6.283185492301796,-600.229858813757
844.0,-6.2831425634456926,0.011309442627597444,-1.5697134669260913,-6.282722923614196,-6.283214671012388,-6.283185469887173,-600.966111391778
845.0,-6.283156864498464,0.011296699690520478,-1.569927144228848,-6.282724514138572,-6.283214394348568,-6.283185479120318,-601.702354617291
846.0,-6.283182328148961,0.010020225368151435,-1.5700113471655714,-6.282713128619822,-6.283213810099096,-6.283185460709605,-602.4386073461536
847.0,-6.283161696852626,0.01017389307780891,-1.5702090242992799,-6.28273842913685,-6.283214838782343,-6.283185505906963,-603.1748683422385
848.0,-6.28317015858839,0.010558195482044688,-1.570252407000371,-6.2827288475971725,-6.283214435189123,-6.283185489608474,-603.9111167557982
849.0,-6.283176856225668,0.010813637620185166,-1.570281300353585,-6.282725229740222,-6.283214296463423,-6.283185482835322,-604.647356070007
850.0,-6.283180761845728,0.010978812100488764,-1.5703022082899203,-6.282724248306508,-6.283214268833249,-6.283185480905301,-605.3835897259161
851.0,-6.283182977163994,0.011085518467966257,-1.5703172489790485,-6.282724175905243,-6.283214274192297,-6.283185480650774,-606.1198198873834
852.0,-6.283184210941779,0.011154463383632036,-1.570327985556186,-6.282724358326133,-6.28321428624342,-6.283185480883466,-606.8560478916428
853.0,-6.283184882094169,0.011199018145825823,-1.5703355994833594,-6.282724569438277,-6.283214297243104,-6.283185481191167,-607.592274564832
854.0,-6.283185235387706,0.011227816290869367,-1.5703409688960739,-6.282724743654186,-6.283214305578909,-6.283185481451464,-608.3285004173065
855.0,-6.283185412433825,0.011246433415074544,-1.570344737330389,-6.2827248714740875,-6.283214311452262,-6.283185481643099,-609.0647257642124
856.0,-6.283185494182392,0.011258470975901191,-1.5703473711446119,-6.28272496016626,-6.283214315451813,-6.283185481775472,-609.8009508000182
857.0,-6.2831855262066405,0.01126625569499795,-1.5703492052446633,-6.2827250198832365,-6.2832143181289,-6.283185481863855,-610.5371756446172
858.0,-6.283185533657941,0.011271291015120664,-1.5703504783366282,-6.282725059399012,-6.283214319904832,-6.283185481921714,-611.2734003718483
859.0,-6.283185530047185,0.011274548574277551,-1.570351359488049,-6.282725085277049,-6.283214321077455,-6.28318548195914,-612.0096250271338
860.0,-6.283185522356351,0.011276656426639102,-1.570351967800452,-6.2827251021167445,-6.283214321849868,-6.283185481983165,-612.7458496383798
861.0,-6.283185513982258,0.011278020608907768,-1.570352386787278,-6.282725113031939,-6.283214322358066,-6.283185481998512,-613.4820742227083
862.0,-6.283185506409407,0.011278903669907208,-1.570352674771227,-6.282725120089714,-6.283214322692263,-6.283185482008281,-614.2182987906095
863.0,-6.2831854062566235,0.011276353824408896,-1.5703537560282301,-6.281927086776107,-6.2832143520416235,-6.283185490311633,-614.9545183044222
864.0,-6.283185551056814,0.011283254199236323,-1.570352087654255,-6.282408889998866,-6.283214262928035,-6.283185468207537,-615.6907405374772
865.0,-6.283185531299615,0.011281004626092755,-1.5703528385968175,-6.2825957498496585,-6.283214325198503,-6.283185482869388,-616.4269641326791
866.0,-6.283161920851116,0.011186564276386287,-1.5680847028587643,-6.282677702064531,-6.283213592065594,-6.283185510496149,-617.1632222554977
867.0,-6.283202050175106,0.01135121190807473,-1.5687463325286866,-6.282697826753293,-6.283215221051714,-6.283185452190153,-617.8994510971315
868.0,-6.283194291830888,0.011319596260255424,-1.569283220673475,-6.282714673178573,-6.283214510453066,-6.283185475244448,-618.635679674935
869.0,-6.283189049723991,0.011298681376375356,-1.5696416651293525,-6.282721486415129,-6.28321430092867,-6.2831854828197296,-619.371908269673
870.0,-6.283186360840647,0.01128749976329705,-1.5698800060455755,-6.282724049976693,-6.283214254156865,-6.2831854846861255,-620.1081364029519
871.0,-6.281681570568041,0.01130070490327534,-1.5700213500369773,-6.282724535001541,-6.28321434510978,-6.283185483359143,-620.8450961032016
872.0,-6.281930156773203,0.011267198303701013,-1.5701557107644124,-6.282725473041723,-6.283214177496527,-6.283185484963936,-621.5819897276835
873.0,-6.282368201492578,0.011271059206192957,-1.5702202289189777,-6.282725453712001,-6.2832142645173255,-6.283185483998611,-622.3186503538681
874.0,-6.2826551603792415,0.01127527607643607,-1.570263095329266,-6.282725295751253,-6.283214298286836,-6.2831854831523035,-623.0551578931123
875.0,-6.282841379399292,0.01127771582294638,-1.570292190907188,-6.282725220913135,-6.283214311507448,-6.2831854827026214,-623.7915660734126
876.0,-6.282962246020259,0.01128170727768317,-1.5703112842865163,-6.28272478906958,-6.2763746386092745,-6.283185489126774,-624.5279519639776
877.0,-6.283014156045423,0.011172001466985704,-1.5677851095075734,-6.282732259825776,-6.2804899200216155,-6.283185504130477,-625.2643109584877
878.0,-6.283109986106159,0.011359114824450595,-1.5685346646599208,-6.282718776020957,-6.282106916019205,-6.283185447709863,-626.0005985383223
879.0,-6.283134334165499,0.011324610061180842,-1.569141943578983,-6.28272318686063,-6.282770731675258,-6.283185473654955,-626.7368633988832
880.0,-6.283149889050979,0.01130137140414855,-1.5695475284855822,-6.282724989892808,-6.283043248771562,-6.283185482515214,-627.4731148632635
881.0,-6.283160776329022,0.01128879913420466,-1.5698172957156042,-6.282725511761974,-6.28315514839487,-6.283185484817459,-628.209357578608
882.0,-6.283168390829799,0.01128240806335171,-1.5699967107337078,-6.282725570472167,-6.283198780836222,-6.283185484873349,-628.9455944560069
883.0,-6.283173694819541,0.011279433281003913,-1.570116045999995,-6.282725498000766,-6.283208795052946,-6.283185484309773,-629.6818274364315
884.0,-6.28317737471891,0.011278281193830448,-1.5701954294473361,-6.282725402460483,-6.283212281799809,-6.283185483697038,-630.4180577519467
885.0,-6.28317991936986,0.011278053006032664,-1.570248240892235,-6.282725320279654,-6.2832135628898325,-6.283185483194222,-631.1542862403751
886.0,-6.283181673733794,0.011278248817511797,-1.5702833784746493,-6.282725258934311,-6.283214035899266,-6.283185482822729,-631.8905134764993
887.0,-6.283182879996791,0.011278603404989167,-1.5703067593720914,-6.282725216052519,-6.28321421193437,-6.283185482561699,-632.6267398552068
888.0,-6.28318370739564,0.011278984033080199,-1.57032231884331,-6.282725187117882,-6.283214278372525,-6.283185482383152,-633.3629656476899
889.0,-6.283184273690014,0.011279330633661386,-1.5703326743555568,-6.282725167991261,-6.283214304057228,-6.283185482262868,-634.0991910399692
890.0,-6.283184660514719,0.011279621468769938,-1.5703395670675007,-6.2827251555051244,-6.2832143143832,-6.283185482182556,-634.8354161594464
891.0,-6.283184924275084,0.011279853833415098,-1.5703441553394273,-6.282725147417617,-6.283214318785893,-6.283185482129208,-635.5716410932321
892.0,-6.283185103830034,0.011280033511570687,-1.5703472098901974,-6.2827251422054236,-6.283214320816312,-6.283185482093879,-636.3078659007921
893.0,-6.283185225880306,0.011280169242791994,-1.570349243574117,-6.282725138857312,-6.28321432184076,-6.283185482070525,-637.0440906226569
894.0,-6.283185308729389,0.011280269996731597,-1.5703505976912304,-6.282725136711347,-6.283214322404419,-6.283185482055102,-637.780315286411
895.0,-6.283185364897835,0.01128034377636434,-1.5703514993961825,-6.282725135337985,-6.283214322737247,-6.283185482044923,-638.5165399108026
896.0,-6.283185402933929,0.011280397219322466,-1.5703520998878189,-6.282725134460025,-6.283214322943869,-6.283185482038203,-639.2527645085581
897.0,-6.283185428663759,0.011280435589025733,-1.5703524998165534,-6.28272513389923,-6.28321432307632,-6.283185482033767,-639.9889890883061
898.0,-6.283185446051782,0.011280462934106944,-1.570352766189603,-6.282725133541258,-6.283214323162868,-6.2831854820308415,-640.7252136558906
899.0,-6.283185457791761,0.011280482301106155,-1.5703529436203616,-6.282725133312886,-6.283214323220047,-6.283185482028908,-641.4614382152656
900.0,-6.28215080025856,0.011293427467480556,-1.5703412977276916,-6.282724845131198,-6.2832143837211145,-6.283185481146884,-642.1981665831831
901.0,-6.282322265175566,0.011272140715641872,-1.5703613129242944,-6.282725304310532,-6.283214258669542,-6.283185482628742,-642.9348499070157
902.0,-6.282623759050338,0.011275468287445939,-1.570357523879992,-6.28272525457542,-6.283214308652058,-6.283185482353316,-643.671373287839
903.0,-6.282821169890401,0.011278484187585425,-1.570354968609454,-6.282725157531745,-6.283214324079956,-6.283185482084353,-644.4077916398364
904.0,-6.2829492160068385,0.011280025462880686,-1.570353666298682,-6.28272512774133,-6.283214327509913,-6.283185482004226,-645.144141865171
905.0,-6.283032254480399,0.011280728762343654,-1.5703530666055152,-6.2827251229282846,-6.283214327395794,-6.283185481992539,-645.8804479123171
906.0,-6.28308610604994,0.011280994685421607,-1.570352838753294,-6.282725125056883,-6.283214326465673,-6.28318548199962,-646.6167253111157
907.0,-6.283121030235938,0.011281045573522544,-1.5703527967810587,-6.2827251281090675,-6.283214325547656,-6.283185482008988,-647.3529841319631
908.0,-6.283143679977378,0.011281000873884912,-1.570352839088937,-6.282725130466077,-6.283214324836371,-6.283185482016237,-648.089230905114
909.0,-6.283158369552351,0.011280922223296977,-1.570352912242597,-6.282725131952511,-6.283214324332386,-6.28318548202092,-648.825469865244
910.0,-6.283167896729145,0.011280839479508859,-1.5703529897569841,-6.282725132773009,-6.28321432398986,-6.283185482023626,-649.5617037584638
911.0,-6.28317407587174,0.01128076553969418,-1.5703530598169015,-6.282725133165323,-6.283214323762028,-6.283185482025039,-650.2979343656117
912.0,-6.283178083627036,0.011280704633696532,-1.5703531182806383,-6.282725133310458,-6.2832143236122695,-6.283185482025682,-651.0341628415772
913.0,-6.283180683087102,0.01128065686133802,-1.570353164775602,-6.282725133326397,-6.2832143235145,-6.283185482025902,-651.7703899353321
914.0,-6.283182369151149,0.01128062059741566,-1.5703532005809593,-6.282725133283235,-6.283214323450932,-6.283185482025906,-652.506616132613
915.0,-6.283183462790029,0.011280593707679535,-1.5703532275264536,-6.282725133219535,-6.2832143234097115,-6.283185482025816,-653.2428417484451
916.0,-6.283184172176279,0.011280574117600852,-1.5703532474567519,-6.282725133154733,-6.283214323383035,-6.283185482025696,-653.9790669871436
917.0,-6.283184632327452,0.011280560040637416,-1.5703532620012548,-6.282725133097388,-6.283214323365793,-6.283185482025579,-654.7152919812237
918.0,-6.283184930815708,0.011280550036351623,-1.5703532725018123,-6.282725133050264,-6.2832143233546605,-6.283185482025477,-655.4515168166344
919.0,-6.283185124441365,0.011280542990600061,-1.5703532800164473,-6.282725133013281,-6.283214323347483,-6.283185482025393,-656.1877415491231
920.0,-6.283185250046533,0.01128053806592048,-1.5703532853550437,-6.282725132985154,-6.283214323342859,-6.283185482025328,-656.9239662148494
921.0,-6.283185331528417,0.011280534645853569,-1.570353289124375,-6.282725132964243,-6.283214323339882,-6.283185482025278,-657.6601908372678
922.0,-6.28318538438798,0.011280532283812887,-1.570353291771709,-6.282725132948967,-6.28321432333797,-6.2831854820252415,-658.3964154315922
923.0,-6.283185418680156,0.011280530660327654,-1.5703532936225622,-6.282725132937955,-6.283214323336741,-6.283185482025212,-659.1326400076916
924.0,-6.283185440927362,0.011280529549182225,-1.5703532949114278,-6.282725132930104,-6.283214323335953,-6.283185482025196,-659.868864571968
925.0,-6.283189105085956,0.010995224374870166,-1.5703401588819128,-6.282722429058235,-6.2832142102690005,-6.283185477186706,-660.6050925779568
926.0,-6.283183079653691,0.011030842368641354,-1.5703632738159747,-6.2827280858962675,-6.283214445692983,-6.283185487175086,-661.3413233431543
927.0,-6.283176459335835,0.011087798915514804,-1.569630506009211,-6.282727686733186,-6.2832141167428786,-6.2831854920893635,-662.0775627137717
928.0,-6.283190209942658,0.011198360584408772,-1.5698399522482946,-6.282723304269673,-6.283214607094992,-6.283185472026509,-662.81379103504
929.0,-6.283188157838983,0.011225439565500785,-1.570010758790597,-6.282724435508801,-6.283214372492235,-6.279290008607557,-663.5500183065878
930.0,-6.283187985829309,0.011140649498021753,-1.5701202930237619,-6.2827238584446095,-6.283214267189732,-6.281653713882527,-664.2862462267419
931.0,-6.283185039665274,0.011165260587427167,-1.5702047456257477,-6.282726137568369,-6.283214337788394,-6.28255435865631,-665.0224746405706
932.0,-6.283184989521898,0.011204546539957151,-1.5702539234951391,-6.282725463972332,-6.283214307687796,-6.279575318455306,-665.7587018702062
933.0,-6.28318512904382,0.011230868148905141,-1.5702866436331298,-6.282725095449585,-6.2832143035702055,-6.281761340628019,-666.4949281999769
934.0,-6.28318523013146,0.011248035045561674,-1.5703086261070998,-6.282725078396838,-6.283214305777104,-6.282598829389596,-667.2311539318432
935.0,-6.283185301451598,0.011259261780654761,-1.570323361672844,-6.282725073231923,-6.283214310165135,-6.282944519905546,-667.9673792671072
936.0,-6.283185352319324,0.011266605937574671,-1.5703332389709064,-6.2827250830085015,-6.2832143140789665,-6.283086490191921,-668.7036043386748
937.0,-6.283185388773562,0.011271411160994022,-1.5703398590979958,-6.282725095378784,-6.283214317019095,-6.283144814809579,-669.4398292346731
938.0,-6.2831854149800614,0.011274555950892655,-1.5703442955984699,-6.2827251062323874,-6.283214319085906,-6.283168775360413,-670.1760540136218
939.0,-6.283185433853586,0.01127661464101342,-1.5703472683231505,-6.282725114570547,-6.2832143204959205,-6.28317861869545,-670.9122787144362
940.0,-6.283185447455292,0.011277962737287662,-1.570349259942341,-6.28272512056402,-6.283214321444204,-6.283182662476196,-671.6485033630311
941.0,-6.28318545725555,0.01127884579101735,-1.57035059406266,-6.282725124710762,-6.283214322077582,-6.283184323717688,-672.3847279766869
942.0,-6.283185464310322,0.011279424410564148,-1.570351487618379,-6.2827251275131895,-6.283214322499251,-6.2831850061783925,-673.1209525669416
943.0,-6.28318498302327,0.011263173217800748,-1.570356766245015,-6.27846464724667,-6.283207725668809,-6.283185330838807,-673.8571503139124
944.0,-6.283185596870919,0.01129268369358312,-1.5703491634195015,-6.279620291455318,-6.283211421537685,-6.283185342725975,-674.5933536108711
945.0,-6.283185783711021,0.011291161173024878,-1.5703497325312574,-6.281473081423633,-6.283213264036569,-6.283185429054375,-675.3295689817397
946.0,-6.28066413013227,0.011313565724497843,-1.5703235841656906,-6.282212226932267,-6.283214181784535,-6.283185477116193,-676.0670173679335
947.0,-6.281081864015771,0.011258821472678053,-1.5703731181125071,-6.28251600424204,-6.283214100465867,-6.283185488025444,-676.8043582409733
948.0,-6.281816565837134,0.011266423302801256,-1.5703640254478843,-6.282639701635193,-6.283214280162655,-6.283185487056239,-677.5413103753581
949.0,-6.282297648036832,0.011274014073080272,-1.5703577428438196,-6.282690117935895,-6.2832143291208205,-6.283185484870493,-678.2780069721354
950.0,-6.281273607506643,0.011294837671642716,-1.570339303724196,-6.282710395787492,-6.283214415731779,-6.283185482336615,-679.0151881512269
951.0,-6.28169738541573,0.011269399177309417,-1.5703634923868517,-6.282719456076298,-6.283214252365794,-6.283185483497986,-679.7522036136223
952.0,-6.282217945432621,0.011274609946070815,-1.5703579004061545,-6.282722865913513,-6.2832143134061305,-6.283185482766155,-680.4889428059043
953.0,-6.282557975174831,0.011278809822133416,-1.5703544053411969,-6.282724167814692,-6.283214330372425,-6.283185482242344,-681.2255011319787
954.0,-6.282778520088976,0.011280811310021158,-1.5703527666776194,-6.282724716398736,-6.283214332700031,-6.283185482059686,-681.9619421380964
955.0,-6.282921546861256,0.011281606423449799,-1.5703521317083824,-6.282724951922856,-6.283214331148622,-6.283185482010319,-682.6983070611186
956.0,-6.283014303346531,0.011281799220307033,-1.5703520012019165,-6.282725054277146,-6.2832143290327975,-6.283185482005031,-683.434622644066
957.0,-6.283074459505594,0.01128171775427565,-1.570352101392509,-6.282725099227749,-6.283214327257167,-6.283185482011103,-684.1709062296691
958.0,-6.283113473903037,0.011281532894083,-1.570352287876627,-6.282725119089151,-6.283214325959059,-6.2831854820178625,-684.9071690645387
959.0,-6.283138777293318,0.011281328615516699,-1.570352488736334,-6.282725127833021,-6.283214325064155,-6.283185482022653,-685.6434184420414
960.0,-6.283155188538312,0.011281142205719442,-1.5703526715880294,-6.282725131595473,-6.283214324464788,-6.283185482025422,-686.3796590919408
961.0,-6.283178302120403,0.0103079154045776,-1.5703079850920498,-6.282715917876357,-6.283213938095837,-6.283185465524789,-687.1159059827143
962.0,-6.283164590251645,0.010429272889599332,-1.5703869472423642,-6.282735209011404,-6.283214740913201,-6.2831854995913,-687.852158644902
963.0,-6.283172298083402,0.010725865152276623,-1.570371897841854,-6.282727851884691,-6.283214429792216,-6.283185487073775,-688.5884014113698
964.0,-6.28317812667608,0.010922649864840536,-1.5703619246632956,-6.282725102645816,-6.283214318697028,-6.283185482029866,-689.3246371032784
965.0,-6.280808146928071,0.010168774908541298,-1.5702898787751751,-6.280760313847957,-6.283214063944247,-6.283185483697335,-690.062027428378
966.0,-6.281186842740278,0.010330277163833515,-1.5704019020824544,-6.281959429049451,-6.283213563756822,-6.283185464515102,-690.7993266754489
967.0,-6.281885552167382,0.010660062405863526,-1.5703794155415214,-6.282410375424851,-6.283214065853611,-6.283185488449634,-691.5362525586611
968.0,-6.2823436436890265,0.010881518768946939,-1.5703643329392019,-6.282595054321784,-6.283214220009751,-6.283185485633658,-692.2729318904467
969.0,-6.282640370035685,0.011024397325470458,-1.5703564042687068,-6.282671067169465,-6.283214273047024,-6.283185483444298,-693.0094511526745
970.0,-6.282832503266834,0.011116238272802958,-1.570352598935333,-6.282702470145138,-6.2832142942795866,-6.283185482241909,-693.7458666273642
971.0,-6.282956910115173,0.011175193015286423,-1.570351037597523,-6.282715513588083,-6.2832143047173705,-6.2831854817513895,-694.4822148433948
972.0,-6.2830374652041465,0.011213007726685674,-1.5703506325989494,-6.282720975396988,-6.283214310879074,-6.283185481629918,-695.2185194865956
973.0,-6.283089626732132,0.011237245966525972,-1.5703507790986562,-6.282723298589914,-6.2832143148164326,-6.282376831358565,-695.9547959068454
974.0,-6.283123404614352,0.01125279698445797,-1.5703511304658955,-6.282724274541262,-6.283214317850443,-6.2828675065151165,-696.6910540476608
975.0,-6.283145277842785,0.011262751561005743,-1.5703515464001543,-6.282724730563641,-6.283214319505731,-6.283054468131205,-697.4273003504426
976.0,-6.28315944285298,0.011269132054227282,-1.5703519327515778,-6.282724932871884,-6.28321432074818,-6.283131669999453,-698.1635389866091
977.0,-6.283168616464023,0.011273221801941801,-1.5703522607279454,-6.282725028188437,-6.283214321613027,-6.283163374957193,-698.8997726575716
978.0,-6.28317455775448,0.011275843252129854,-1.5703525247419787,-6.282725075334286,-6.283214322196645,-6.2831764001098485,-699.6360031127998
979.0,-6.283178293413262,0.011273782857621706,-1.5703537886413796,-6.281768653215366,-6.283214357492446,-6.283181760973614,-700.3722254404067
980.0,-6.283180749004097,0.011275450573357947,-1.5703538291995998,-6.280495146455553,-6.283214318356873,-6.283183951959447,-701.1084379999916
981.0,-6.283182687897753,0.011288293476321399,-1.5703505577759287,-6.281836583887769,-6.283214185871493,-6.283184821328807,-701.8446576340025
982.0,-6.283183660256875,0.011281852813546534,-1.5703524740733195,-6.282361611710204,-6.283214341040256,-6.283185227388551,-702.5808805542257
983.0,-6.283184252661031,0.011279686939546622,-1.5703532138237075,-6.282576420067929,-6.2832143585856475,-6.283185381356819,-703.3171047157048
984.0,-6.2831846669125,0.011279288763934785,-1.5703534234153744,-6.282664293339369,-6.283214347928547,-6.283185442356019,-704.0533292850118
985.0,-6.283184948295306,0.011279444832309587,-1.5703534489824913,-6.282700241049756,-6.283214337059473,-6.283185466412723,-704.7895539557496
986.0,-6.283185135236746,0.011279714007892907,-1.5703534217288007,-6.282714947429355,-6.2832143302525605,-6.283185475888943,-705.5257786259547
987.0,-6.28318525778122,0.011279956215720933,-1.5703533870239186,-6.282720964323215,-6.283214326617681,-6.283185479616363,-706.2620032689691
988.0,-6.283185337457702,0.011280140277018631,-1.5703533581442979,-6.282723426330306,-6.283214324828087,-6.283185481080461,-706.998227883552
989.0,-6.283185389000322,0.011280270244913673,-1.5703533371983533,-6.282724433923751,-6.28321432399069,-6.283185481654799,-707.7344524753972
990.0,-6.283185422237712,0.011280358588330049,-1.5703533229636908,-6.282724846406197,-6.283214323613085,-6.283185481879866,-708.4706770508137
991.0,-6.2831854436282795,0.011280417361783415,-1.570353313634197,-6.2827250153414225,-6.2832143234480435,-6.28318548196802,-709.2069016149359
992.0,-6.28318545737733,0.011280455969523437,-1.5703533076542369,-6.28272508457868,-6.283214323378117,-6.283185482002562,-709.9431261715026
993.0,-6.283185243846501,0.011279599916676389,-1.5703319141244465,-6.282725164440059,-6.283214316375905,-6.283185482268245,-710.6793510394541
994.0,-6.283185628097932,0.01128116718547667,-1.5703381494480027,-6.282725071162308,-6.283214331707339,-6.2831854817278225,-711.4155756270574
995.0,-6.283185558547562,0.011280879631164961,-1.570343210109983,-6.282725114274824,-6.283214325052298,-6.283185481952314,-712.1518002107366
996.0,-6.283188438184438,0.011051872049404802,-1.5703360535454685,-6.282722962554884,-6.283214232426934,-6.283185478147486,-712.888027556847
997.0,-6.2831835749827025,0.0110803358589281,-1.570356838745513,-6.282727505149764,-6.283214420797426,-6.283102305818218,-713.6242571146828
998.0,-6.283184321704189,0.01115005205133721,-1.5703547690749646,-6.282725773793076,-6.283214347718316,-6.283152775285335,-714.3604849214338
999.0,-6.283185004363437,0.011196318854188595,-1.5703533995971204,-6.282725128483037,-6.283214321722547,-6.283172005557228,-714.3604849214338
