time,shoulder link,upper arm link,forearm link,wrist1 link,wrist2 link,wrist3 link,total_reward
0.0,-0.0006670157354696129,6.761038061657982e-05,-1.2118715078927627e-05,-2.2617917176231743e-05,5.208173518831039e-06,8.749274503640853e-05,-0.9111607981031667
1.0,-0.008244243186723045,0.004568402355470887,-0.005061041117835089,0.0090900255832215,-0.011101301335515052,-0.00904644543466933,-1.8178713239008628
2.0,-0.015116189693351462,0.008688867491237085,-0.013704024921278908,0.017247705227500146,-0.02679135209745934,-0.023892589161458512,-2.7200251388835643
3.0,-0.025040229640355096,0.011305164869953664,-0.025489562201808234,0.019737780667554744,-0.04415560655777042,-0.04111633757466397,-3.61499976090882
4.0,-0.03813652369776207,0.01285187763449126,-0.03971177866487951,0.03186210497678893,-0.062415990151492746,-0.05932346954181748,-4.499755424122357
5.0,-0.05340192400355753,0.013743988706928736,-0.05553135499653634,0.04520201416522764,-0.07458428548924831,-0.06850968565425705,-5.3726116708167115
6.0,-0.06970011548138125,0.014254401918881974,-0.07237891017493882,0.05075760418567836,-0.08359465979125551,-0.08276460071582838,-6.232952908710293
7.0,-0.08463133516038936,0.01438690105947513,-0.08805668655388481,0.041907503937244246,-0.09072763862226559,-0.09927495441513895,-7.082018776029548
8.0,-0.09840161168110292,0.01431105827981728,-0.10119225284811857,0.048554201794573114,-0.1046993574300708,-0.11158722484189057,-7.920044711286799
9.0,-0.1132355933445616,0.01448162622893516,-0.1140117792284751,0.048156707349089216,-0.11773346415051843,-0.12766790331956304,-8.74685368616996
10.0,-0.12695575242966353,0.014704303970446336,-0.12775895028106138,0.04052717926343142,-0.12822587198193858,-0.14539986809421088,-9.563142956124574
11.0,-0.14073019817071114,0.014199059745360102,-0.13470220828175417,0.03134283027542894,-0.14355078070044466,-0.16207607904625906,-10.36963347722725
12.0,-0.15600482099335536,0.014016948870083226,-0.1367783040460301,0.027273707445667327,-0.16097410275912055,-0.17692119865969758,-11.166188790403256
13.0,-0.17124792363467387,0.014700306080346085,-0.14300071192440938,0.014526667513904573,-0.17298308011698058,-0.19409089101744634,-11.952903765404761
14.0,-0.1815637804047002,0.014912781394002091,-0.15047766041030464,-0.001854622792192225,-0.18892556344981495,-0.21198475811641682,-12.732037326255437
15.0,-0.1902430984843237,0.014807300112767843,-0.15652385389053555,-0.019699678548413983,-0.19901137614036038,-0.23046391932101074,-13.505090692986943
16.0,-0.20007875942820727,0.014244442546449675,-0.15535327496490195,-0.038168857450162255,-0.21221476909377274,-0.2491898948622904,-14.272398915964004
17.0,-0.21074954493030842,0.01473563698973589,-0.15740064466380563,-0.04556948954201961,-0.22872887621827998,-0.26801782997625295,-15.032928620574928
18.0,-0.22104225678809525,0.015186829039183268,-0.1634425922976993,-0.05788620693217029,-0.24664481042986935,-0.28688791853863216,-15.786202205232343
19.0,-0.23338964046640506,0.015052616573841493,-0.16898681523459963,-0.058832995218186065,-0.2630625994474727,-0.30577572115964624,-16.530640756566758
20.0,-0.2480812724418184,0.014544674181163939,-0.16875153842031557,-0.06862948284623384,-0.2796583250803884,-0.3246706032362532,-17.265959647612423
21.0,-0.2643659375695648,0.01519427618972884,-0.17446834716371806,-0.08125528135076303,-0.29758650312859647,-0.3358377649949471,-17.990728207458822
22.0,-0.2803588984988632,0.015487014947416266,-0.18442633867594713,-0.09047415116641103,-0.30425660029422535,-0.3514596361211667,-18.704351984050962
23.0,-0.29478717156208295,0.015341447995045372,-0.19473814327947447,-0.10529335033614586,-0.31810569624359425,-0.36562551190164877,-19.40732014575796
24.0,-0.308584367008082,0.015019701186682496,-0.20343092935373666,-0.11004843817362502,-0.33491961011892035,-0.3753567903210213,-20.099871032435708
25.0,-0.32359893093232617,0.015180397901652598,-0.21428558305479475,-0.12309090528014806,-0.3529610576321629,-0.390383340847186,-20.781332124989927
26.0,-0.33602551563856053,0.015103880516770706,-0.225147396962025,-0.13959348874789912,-0.367796362945803,-0.39096755236261294,-21.453089203769757
27.0,-0.34800266135239505,0.015241201076619684,-0.23859962089143114,-0.153176775488385,-0.3849546478641526,-0.4024089650229064,-22.114981459989917
28.0,-0.3618196524524901,0.015283807603392095,-0.25387041261533777,-0.16979641275680618,-0.4031354376011112,-0.40825361778890523,-22.765554029528918
29.0,-0.37568475694862125,0.015242773877717332,-0.2703590095790599,-0.18555984269653905,-0.41119420006783464,-0.42173561835139706,-23.404634607952392
30.0,-0.38997523815875956,0.015027490728205488,-0.2858817532153134,-0.20312136583929533,-0.41301611227281493,-0.4383953563117362,-24.03229128013565
31.0,-0.4047805051553535,0.014986532526061254,-0.30172166835253056,-0.2214599161271765,-0.41632231341752685,-0.45360792022976004,-24.648135729345043
32.0,-0.4207325878699959,0.014999992791463742,-0.31854323951887425,-0.236136597711409,-0.4287453127404492,-0.4709363645275485,-25.250964281601885
33.0,-0.4377593635730485,0.015006879405289972,-0.33602957529819427,-0.25321316758782825,-0.4441473480603905,-0.4759065660474846,-25.839887153191047
34.0,-0.45549247117959946,0.01485441554938514,-0.3524879128742546,-0.2713610389354085,-0.448378818946576,-0.4890852875114625,-26.414850034298148
35.0,-0.47180559072279904,0.014899995422776141,-0.36966621139028405,-0.2899416319010595,-0.461254492110786,-0.49265062159875667,-26.976305277523203
36.0,-0.4882562392805034,0.014232876668619165,-0.379513707586909,-0.30872740271843324,-0.47766489276439383,-0.5052497976328831,-27.52538788039149
37.0,-0.5055709214503943,0.013761833560164633,-0.3883134826976699,-0.3275372598364432,-0.49554040329577914,-0.520593204894077,-28.06199560941237
38.0,-0.5235048470171432,0.008825808803954989,-0.39762667902442533,-0.3451916327124436,-0.513369471044162,-0.538006575511015,-28.583664012101362
39.0,-0.5398190484812463,-0.000982670867401131,-0.409308674312424,-0.35096578422041963,-0.5309915724287925,-0.5544862456965121,-29.088186837985337
40.0,-0.5557649277566722,-0.01372827585238202,-0.4234824195488113,-0.3644460840702582,-0.5493488238519261,-0.5723183024511378,-29.573862235115335
41.0,-0.5725550642494465,-0.027548460879411558,-0.43951524095671757,-0.3811448949109483,-0.568021057492645,-0.5890542361151613,-30.03920067732909
42.0,-0.5891620572566149,-0.04286678640873699,-0.4508798168562778,-0.39272705108028133,-0.5830197109616179,-0.6070301731655926,-30.48466243358453
43.0,-0.603262023921071,-0.05825716562353265,-0.46158721989407997,-0.3987198938946276,-0.6002447974651732,-0.6217650879114307,-30.911754852818508
44.0,-0.6161461225524144,-0.07361871604940294,-0.4741659552513904,-0.4115374025737462,-0.6184544782006779,-0.63426383681828,-31.321025200058354
45.0,-0.6236778142958231,-0.08953454076901587,-0.4888608220392369,-0.4197961738599591,-0.6285609444738954,-0.6436116609129744,-31.715162256089926
46.0,-0.6320076928681586,-0.1039394756154292,-0.5054950272023585,-0.4245267768696246,-0.6437524283434346,-0.6548257711749335,-32.09429242180681
47.0,-0.6438470384089715,-0.11681967620655956,-0.5201235569121262,-0.4255861616876312,-0.6611226003553985,-0.6568057028699782,-32.457468998423224
48.0,-0.6547656153894603,-0.12948372736379915,-0.5359212128944503,-0.4212584058713709,-0.6793972983362911,-0.6672179974192255,-32.80516273020322
49.0,-0.665855224976126,-0.13503592351258376,-0.5535830451495951,-0.41240562661980185,-0.6931939927093566,-0.6825844702332318,-33.13980764058986
50.0,-0.6779362171561794,-0.13454569888582138,-0.5712830214155262,-0.40290683281348205,-0.7088577705397401,-0.7000229769098992,-33.4630369980287
51.0,-0.6840881003589023,-0.1299740611034106,-0.5872490513478652,-0.4073267687870463,-0.7242619190166394,-0.7176650119211804,-33.78015118212525
52.0,-0.6920159911819852,-0.1254584487863365,-0.6032652530647996,-0.4057263079461792,-0.7399531033168568,-0.7360339511095613,-34.09052914123324
53.0,-0.7026822969124448,-0.12020010383300422,-0.6157888522199978,-0.4162636452213574,-0.7522301767343417,-0.7547140902662777,-34.39328027733703
54.0,-0.7151956889296519,-0.11421010434747017,-0.6301350277064653,-0.419223740012049,-0.7683060129453421,-0.7683103913588222,-34.68717273179622
55.0,-0.7298233603056562,-0.11408939603591393,-0.6454212012857029,-0.4236191020006127,-0.7860448636104529,-0.7812113631869161,-34.968598209167084
56.0,-0.7447383979577492,-0.11749410774443222,-0.6602021874646665,-0.4245420578055083,-0.8018624619828443,-0.7900665000149313,-35.23598872617911
57.0,-0.7601100033885863,-0.1153229847106614,-0.6762577197874863,-0.4268246874997574,-0.8194368006489521,-0.8047408139276043,-35.49077263605548
58.0,-0.7756845123670897,-0.1169958090213805,-0.6920667242520111,-0.43865846730812647,-0.8312629625321922,-0.8207113387525299,-35.73186022958576
59.0,-0.7885615541426303,-0.11779456002194272,-0.709334120272879,-0.4504000464074377,-0.8425621435049141,-0.8383802390351975,-35.960662985778946
60.0,-0.8015620637577109,-0.11589072439032966,-0.7270886947711919,-0.4609670738106985,-0.8525586052921174,-0.856770777617725,-36.178297736573164
61.0,-0.8163821074375308,-0.11224805832473624,-0.7451318922544367,-0.47631481787500846,-0.865672107536419,-0.8701809419810015,-36.384174253631095
62.0,-0.831385271542373,-0.10428934750878219,-0.7637283522084768,-0.4913545381175865,-0.8800630706185146,-0.8854520608917312,-36.579660020104896
63.0,-0.8448564384916909,-0.09471038612467554,-0.7791923146560944,-0.495086036005363,-0.89706797888437,-0.8992784936309313,-36.76726412037339
64.0,-0.8594589280127228,-0.08450746526769307,-0.7951201100960988,-0.5076967807226241,-0.9151843758363575,-0.9104521206020982,-36.946932947885294
65.0,-0.8756238328478099,-0.07543405166574374,-0.811925448165284,-0.5239922617774516,-0.933761750378599,-0.9241233798938481,-37.11747351682692
66.0,-0.8927579992888524,-0.06929372117589296,-0.8232844423685655,-0.5352837849475575,-0.9525272412560197,-0.9329119510556569,-37.27886265169819
67.0,-0.910569906596934,-0.06286596679481975,-0.8367185882676477,-0.550916407832204,-0.9710036910492694,-0.9475649570104077,-37.4310229123248
68.0,-0.927691198602545,-0.053129725855870155,-0.8522702445975587,-0.5685240165957621,-0.9897202305737303,-0.9647075520528623,-37.57618733709876
69.0,-0.9451364804322601,-0.04488231548373911,-0.8652759712715944,-0.585750055909706,-1.005051571013363,-0.9757546551280479,-37.71543371044258
70.0,-0.9580330742895538,-0.04285768096828654,-0.8797043635343447,-0.603828886692898,-1.022428373827926,-0.9913173117427944,-37.84665951770051
71.0,-0.9621203315874597,-0.039027684434726345,-0.8965300028483074,-0.6225843636513843,-1.0375976022156363,-1.0084278482856521,-37.972493504079736
72.0,-0.9582368414786538,-0.035276997410026496,-0.9136546737839915,-0.6413340930462746,-1.049568401158198,-1.0204303623435869,-38.095212194593735
73.0,-0.9488545425840018,-0.033342134875101945,-0.9313572531648696,-0.6586964348740211,-1.065509491907108,-1.0363737572851803,-38.21531292909205
74.0,-0.9409363547722823,-0.028694043444598732,-0.9499712080021104,-0.671910339472072,-1.0807097733837614,-1.0508533418829704,-38.334155958066084
75.0,-0.9355910271435723,-0.02425364720244508,-0.9682692379438844,-0.6882895597206043,-1.0910490485791495,-1.0623309757292099,-38.45114315096605
76.0,-0.9348557967524652,-0.016277857790090344,-0.9872549056321869,-0.7062400371709058,-1.1063157184253587,-1.0744537401425027,-38.56604987313913
77.0,-0.9404379846304874,-0.008150006421489336,-0.9980761196120687,-0.7247204554674155,-1.1199346297186696,-1.0904877945249907,-38.67909166394994
78.0,-0.9509018453828076,-0.000917811304470658,-1.0057133224395032,-0.7433898842608164,-1.1365935612663227,-1.1082012522642344,-38.78932977532774
79.0,-0.9607347241383328,0.004553649155655256,-1.0163984182409722,-0.7621262073308734,-1.152890142799718,-1.1228587635235066,-38.895379754749236
80.0,-0.965273617553062,0.0076785296560280365,-1.0249810997649138,-0.7794447131463103,-1.1568032955409218,-1.132715720336183,-38.998184732319515
81.0,-0.9650944853580286,0.009955559971728327,-1.0368815584539572,-0.7879585169017209,-1.1695557572579762,-1.147795153097909,-39.09762547594107
82.0,-0.9639852372890793,0.011101119059478633,-1.0480774469757794,-0.7943569885257841,-1.1859106485095454,-1.1578288234184484,-39.193462582816295
83.0,-0.9609678649797027,0.012079110148938655,-1.0617060312743718,-0.8023844293356529,-1.2005669012640932,-1.1664830862774667,-39.28518890455228
84.0,-0.9618140274648124,0.01252123046981626,-1.077220860120984,-0.8067894889298683,-1.2176482737265113,-1.1797772142584209,-39.37092255037552
85.0,-0.9673630170371557,0.012812141399499119,-1.0938587455774549,-0.819674343704557,-1.230964337036631,-1.1872406819691752,-39.448322209261526
86.0,-0.9749370721039085,0.012844976074485249,-1.109911415846169,-0.8361144452376962,-1.2361820945146726,-1.2013709322743504,-39.51670493741017
87.0,-0.9803879745882583,0.012742635929009373,-1.1247924462374141,-0.8419599277030329,-1.2458156167678767,-1.2143727523908459,-39.57745061658748
88.0,-0.9883917554995314,0.012066037046251886,-1.1409003031765694,-0.8472633478216224,-1.2608190173462686,-1.230767436772999,-39.62930199614318
89.0,-0.99970458304087,0.01215331393041438,-1.1580848925990268,-0.857129373246678,-1.2781096906950373,-1.2484102033951243,-39.67174388931185
90.0,-1.0095406991487645,0.012386386379843529,-1.1757531052550145,-0.8622257698148472,-1.2918925044075944,-1.2621831271227664,-39.70618322945075
91.0,-1.0108283019223723,0.01245247860613686,-1.1906164396694319,-0.8737057421582454,-1.3086085713169764,-1.2788847984080085,-29.733856494465986
92.0,-1.0089231844761268,0.011825828737288414,-1.1960981062167677,-0.8703762441034669,-1.326592199440136,-1.2939812414498535,-19.758901327045596
93.0,-1.0108986617195115,0.011823802304856437,-1.19602690531284,-0.8801173927083927,-1.3451074905544966,-1.2956267368243974,-9.783827927649758
94.0,-1.0178958735229948,0.011739006824341784,-1.1897666462733283,-0.8952515969740314,-1.359269655043,-1.2852657145246282,-9.812417301852197
95.0,-1.0262872917879353,0.01185356602410336,-1.1792056668293922,-0.912580332423918,-1.3698113468603135,-1.2786058996148375,-9.848003313293452
96.0,-1.0272087565697081,0.012794923620313616,-1.1778806610655288,-0.9102565297801755,-1.3829406941893665,-1.2779972402342263,-9.886276896504517
97.0,-1.021039837911025,0.013313066952550941,-1.1833296764974832,-0.9039544809348548,-1.3994118792117034,-1.2888225493129941,-9.921687796205577
98.0,-1.0102382444252371,0.013419932180540379,-1.1910184843368963,-0.9117196559374483,-1.4173036054711954,-1.3043843740943393,-9.950780148871582
99.0,-0.9964523033851818,0.013025522899461316,-1.1953801125485373,-0.9251400091613128,-1.43578327910546,-1.3153670707925442,0.025817020174294214
100.0,-0.98656610002742,0.012697115141398527,-1.1977573119124623,-0.9344653914067244,-1.4544995824224274,-1.3308940113476526,10.004834462369837
101.0,-0.9831023774919866,0.012465190686101114,-1.1971025247070184,-0.9483791213776177,-1.4638325458894819,-1.338170785676209,19.984379698902288
102.0,-0.9869541980036989,0.012290989972940272,-1.1933045157112054,-0.9652089875534733,-1.4787334890982007,-1.3300227247217982,29.96328965488614
103.0,-0.9961751427898042,0.012058399157847025,-1.1845525991509789,-0.9788813409383463,-1.4900235371801307,-1.3155654929469203,29.937384473191358
104.0,-1.0069721246773415,0.012248308617250361,-1.1743988678701045,-0.9935086989693838,-1.5056831299691653,-1.2985019332823144,29.903280494693735
105.0,-1.012101674466513,0.013029328054593512,-1.1721575872094379,-1.0002570997589075,-1.5232540824456287,-1.2953217845277116,29.864542685247574
106.0,-1.0092685674767297,0.013141541280144777,-1.1718040502411347,-1.000761934460255,-1.538616951975591,-1.305067551781946,29.82593334664138
107.0,-1.000705227773847,0.01351135582548683,-1.1776718363570626,-1.0013786960751754,-1.5559991145659855,-1.3201826687019345,29.792121782158507
108.0,-0.9883176240637661,0.013073130824016538,-1.180049936223768,-1.003543487938831,-1.5714298545141792,-1.337518088764984,29.76383373206695
109.0,-0.9792838624050965,0.013101526627707333,-1.184711118887262,-1.0098716201316222,-1.5888373784491607,-1.3467966251166181,29.73979504156583
110.0,-0.9788553122493435,0.012845105069665108,-1.189649210681077,-1.0105193926707072,-1.6071158781576562,-1.3616665820351028,29.717700065099315
111.0,-0.9803289810826922,0.012904112863373063,-1.195334663616412,-1.0199736816876763,-1.6256095498991494,-1.3788991013873646,29.696508049832733
112.0,-0.9867299735285552,0.012824404914740888,-1.202131145346929,-1.0289735670849816,-1.6399768596997557,-1.3851232541402019,29.67356485587554
113.0,-0.9954478412078841,0.012358321868335603,-1.2023595195531305,-1.043726691210719,-1.656935539144669,-1.3987934374731688,29.644297749278667
114.0,-0.996691333326878,0.012769766775787592,-1.205613304892761,-1.0578934189315001,-1.6712647617945158,-1.4146429699786338,29.612829829584555
115.0,-0.995743357146496,0.012391572879901926,-1.2041295836830117,-1.0675641589596185,-1.6881987655253146,-1.432266892057487,29.580102672205324
116.0,-0.9972273130455253,0.012343315629466894,-1.2018667198404356,-1.0667188446796523,-1.7051130630328426,-1.4496619970210658,29.544999740290386
117.0,-0.9985609090131694,0.012762357236826286,-1.2025150430255036,-1.077493640101786,-1.723177054253697,-1.4679231782377997,29.50724645650958
118.0,-0.9992153458736313,0.012798549538307516,-1.2038207897625945,-1.0906468555093516,-1.7410016577268086,-1.4865586608047703,29.467192466550653
119.0,-0.9964913875061754,0.012633722747025223,-1.2042009109868077,-1.0896387251549824,-1.7594486067041681,-1.50410827616929,29.427328914685468
120.0,-0.9889348277286687,0.012771012466901533,-1.2048428612760378,-1.094793305112893,-1.7781608187281426,-1.5178986457752013,29.390399130604713
121.0,-0.9807762014313276,0.013060480023778989,-1.2096383584038701,-1.107145558489894,-1.796975417246221,-1.5346084567321958,29.35644052344793
122.0,-0.9789325845351876,0.01246288622174555,-1.209406989520137,-1.1166911406808258,-1.8144031409066743,-1.5497726727337593,29.321614344175078
123.0,-0.9819438649731959,0.012633477639168651,-1.2109626576623502,-1.1315611380495747,-1.827359650232116,-1.5628641588323235,29.283060134152798
124.0,-0.988863131892075,0.012441704330443415,-1.2100672735991176,-1.1488396603327322,-1.841006784211736,-1.5766953955681489,29.238201850320902
125.0,-0.992209475598184,0.010626721821071676,-1.2064992411155957,-1.1654624357028451,-1.8576996351901032,-1.5882677927516868,29.18833178135199
126.0,-0.9945505178632047,0.01111500751087243,-1.2082706361597764,-1.17812406582069,-1.8732282651775714,-1.6040488421334151,29.134907143453113
127.0,-0.9963675886144804,0.011616535736414755,-1.2091116516204339,-1.1937544194913527,-1.8868990123880103,-1.6216571010555818,29.078231710235
128.0,-0.997794008647108,0.011866085435619084,-1.2085054098727843,-1.207076605836444,-1.8941840495258622,-1.6339563227170277,29.019212938302985
129.0,-0.9939874932004669,0.011917753776518018,-1.2034103186223157,-1.2203430242754298,-1.9068675185078412,-1.6429087669049527,28.96053906506815
130.0,-0.9898398875692634,0.012221478902274917,-1.1985038960813685,-1.2368331034407278,-1.9231656866462044,-1.6576176004652405,28.9021501001633
131.0,-0.9867810194967089,0.012352792885105098,-1.193078837511022,-1.2547521110400712,-1.9408498464089752,-1.6656707020239858,28.843157724635667
132.0,-0.9793987426858104,0.012397515357191295,-1.1865673608664677,-1.2625342475060835,-1.958353409406456,-1.6782102751426877,28.786512012297276
133.0,-0.9759951716802694,0.01229451954375734,-1.1768245293620956,-1.2768314378705408,-1.9765989124499628,-1.683278299434007,28.729943547048517
134.0,-0.9711444200872963,0.012995133217051088,-1.1749755992797828,-1.2851660903587718,-1.9952361260731228,-1.6913624644351082,28.674222280053392
135.0,-0.9718613809212809,0.013258217146560813,-1.1788508746030741,-1.299676948486537,-2.0140156831330405,-1.7042694050591365,28.61577510813229
136.0,-0.9744978054169503,0.012869520526223015,-1.1801568418194424,-1.3145674673879144,-2.0314151439644097,-1.7206649603325208,28.553272200218146
137.0,-0.9772454918368554,0.012462644475153809,-1.1765496494357497,-1.3276982780212574,-2.049138001941423,-1.734669572538948,28.48714930973317
138.0,-0.9739330001685373,0.012570269976893316,-1.1721470701713357,-1.3382075368231126,-2.061440680769195,-1.7444270593432327,28.421238994303167
139.0,-0.9711289260751077,0.012482101591705791,-1.1651590118788941,-1.3535672125022076,-2.070959379958301,-1.7594630905608468,28.35551726658912
140.0,-0.9724549531830176,0.012594090594028206,-1.1595767727509978,-1.3622177440173386,-2.0803451030577538,-1.7694057497958222,28.288386327438776
141.0,-0.9687919878869947,0.012947665232435977,-1.1565616956354705,-1.373357867561022,-2.0932410921318385,-1.7774828912917902,28.22161160646079
142.0,-0.9700664827810058,0.012944374280791914,-1.1561335610085692,-1.3877284563458057,-2.099603463949286,-1.778531274121337,28.152919985883354
143.0,-0.9713045188262629,0.012665692313632838,-1.1529592878010928,-1.39832339332409,-2.1106536269193916,-1.790108388331992,28.08215322013932
144.0,-0.9668434308875208,0.012865944176320376,-1.1507801576590018,-1.4093716149906461,-2.126268079992727,-1.7953349083980494,28.011879802040042
145.0,-0.9644608548779137,0.013238551926548275,-1.1552144976822325,-1.4178500309463726,-2.143797141665531,-1.8085753138786422,27.94082531398248
146.0,-0.9681049612187574,0.013035761069413957,-1.1601592557698825,-1.4282022575943751,-2.160884076496973,-1.8251355112829848,27.86552415791961
147.0,-0.9768763571184715,0.012918129207087499,-1.166037641779529,-1.437412035440875,-2.174962926355883,-1.8377836528313272,27.783446817797486
148.0,-0.9821882736056142,0.012394755598151896,-1.163927361563742,-1.452252561769933,-2.189229672538864,-1.8540087552801519,27.696365796749735
149.0,-0.9871639889697652,0.01261596553523195,-1.1631450733391007,-1.4689221759301032,-2.206160099484827,-1.8718006480341243,27.604474078888636
150.0,-0.9859601254500788,0.01277402396667922,-1.1627291222151048,-1.4868934412378407,-2.224139876263688,-1.890242461419329,27.51049134899932
151.0,-0.9785092020844859,0.012431269791530088,-1.1564689861881365,-1.5054681831296102,-2.2359977081706166,-1.9040452257866352,27.418583314398408
152.0,-0.9670494171218383,0.012887823828924052,-1.1543917232997742,-1.524146008524941,-2.2460097577224554,-1.9207543109566345,27.330470953283893
153.0,-0.9589170706995584,0.012994125556822153,-1.1552884294974202,-1.5429987412094617,-2.2569701241869518,-1.933815843271476,27.243645720178943
154.0,-0.9510360273326981,0.01249992885436669,-1.1511765793947903,-1.5518932609837284,-2.272528329694211,-1.9502178759038036,27.15870801214084
155.0,-0.9506233409265703,0.012223715620437258,-1.1432826310145505,-1.5580121742278081,-2.2844455267747077,-1.9680831354605648,27.0742364587834
156.0,-0.9571641246503513,0.012604502610409357,-1.137978632304667,-1.5715104329492369,-2.30036506910158,-1.9810139668534101,26.986325655683693
157.0,-0.9634825416589405,0.012742722463982146,-1.1328958103410076,-1.5881986942223565,-2.3135389580945622,-1.9973515468453915,26.89440125891767
158.0,-0.9674980691047058,0.012628193050313052,-1.1250398217416209,-1.6062142415245253,-2.329997930213845,-2.0151896343651434,26.79942841051026
159.0,-0.9658398384982876,0.01335146489698035,-1.1253148564547413,-1.624630743631041,-2.343258986049454,-2.0334676824488676,26.70327575793024
160.0,-0.960033691351226,0.012857542685186482,-1.1236277650689308,-1.6434604904280214,-2.358029906801085,-2.0516434265860615,26.607403929055227
161.0,-0.9500778587643688,0.013156924944792123,-1.1274117971601323,-1.6557907935101437,-2.3723187648795383,-2.0702360578876102,26.513226783962622
162.0,-0.9427344614152815,0.012528370803916111,-1.1241912867140944,-1.6719782773785576,-2.3892623833681568,-2.0890086787469895,26.419930496158386
163.0,-0.9390165570643646,0.012642292875008877,-1.1216869667411145,-1.6879525932011772,-2.404126915978594,-2.097362802415283,26.326512450788165
164.0,-0.9399355178227954,0.011795844109059187,-1.1166943782903826,-1.7056350597506746,-2.4213046810589853,-2.1118794836731283,26.231090102864783
165.0,-0.946731745633964,0.011438480465043161,-1.1144979776831563,-1.7240124811970907,-2.439297300987304,-2.1289668062710203,26.13106083669035
166.0,-0.9539033375199685,0.011410568620525096,-1.1080003485931003,-1.7370780998429662,-2.4578301099704736,-2.1471173384109483,26.027458593987266
167.0,-0.9588883882319054,0.011941497541254181,-1.1006883126323699,-1.7534106271195269,-2.4765755115566197,-2.1657075546716555,25.921338210612973
168.0,-0.9589059045791057,0.012618210451692992,-1.0982512746945323,-1.7569810394882883,-2.4897608091453125,-2.184479401938031,25.814982590084984
169.0,-0.9555338320484928,0.012772826774898135,-1.0956394447181168,-1.7636983842913347,-2.506198834285388,-2.2033264914436583,25.70930261193805
170.0,-0.9515903162693664,0.01311336160385368,-1.096511846026673,-1.7774533122970744,-2.5179831861747632,-2.2222045771218513,25.60372943582339
171.0,-0.9470944230872045,0.013436343208290874,-1.1029965596318927,-1.7936375475838773,-2.5338394344627013,-2.2386014728414545,25.496602319143474
172.0,-0.9418123182162923,0.013260070847574607,-1.1104472755223664,-1.8072498680328453,-2.5514853845156704,-2.2564239876900074,25.38731518566228
173.0,-0.9340246726584006,0.013041208674640696,-1.1167017958386958,-1.8239059280865944,-2.5684560118586917,-2.27487735586172,25.27636078265512
174.0,-0.927401377417099,0.012617460577142633,-1.118787337071616,-1.8401242744565112,-2.584298894987942,-2.29359259405442,25.164212572183946
175.0,-0.919714374967753,0.012395939538756444,-1.1165034848693274,-1.857873769280382,-2.6017981074636243,-2.3082271351328645,25.052209954014007
176.0,-0.9182609465177055,0.012420390282142764,-1.1138757711255203,-1.8754155396467276,-2.6150119219223704,-2.3228463916649056,24.939353193468357
177.0,-0.9203278525869998,0.012345373538323455,-1.1087696985996962,-1.8911835604666607,-2.6314808938969603,-2.337737172899937,24.825364539492014
178.0,-0.9266535555291996,0.01253130889039692,-1.104493056359634,-1.9081293676853976,-2.6474867514561975,-2.3549410959570793,24.708976862177764
179.0,-0.9266163674369655,0.013007030140509974,-1.1041724801318333,-1.9261681138513655,-2.665166058129674,-2.3731388696811013,24.590571205890107
180.0,-0.9240902098600534,0.013171593980273419,-1.1072164888936684,-1.9447474471751494,-2.6806488274334668,-2.3872830320225606,24.469689676421623
181.0,-0.9225702547384359,0.012941384054000629,-1.1094036590649665,-1.9635657791319998,-2.6950857061481694,-2.40414057800254,24.346009113891427
182.0,-0.9194193571009385,0.012715959422683814,-1.1091859309988943,-1.9810393444973902,-2.70401243549626,-2.4221941442064465,24.2210950191184
183.0,-0.9137733930883492,0.012642012680782072,-1.1080079238879446,-1.9886685232133596,-2.7147990049025705,-2.435947348646578,24.096635439548123
184.0,-0.9112044588871553,0.012515128387116404,-1.1049320522503514,-1.996315020363626,-2.724851891656864,-2.4447572798879667,23.972653559389908
185.0,-0.9074536911746479,0.012528403719655294,-1.1004222225229041,-2.000425678755874,-2.739189958281221,-2.459419668115533,23.850003164020617
186.0,-0.9060142753628159,0.012535435557790034,-1.094286498786883,-2.0132051195107823,-2.7561872536697543,-2.476566080572612,23.72807107197145
187.0,-0.9043657592062924,0.013131242780158498,-1.0949595799649412,-2.029523507800608,-2.7743001887571346,-2.494741084039864,23.604572709600383
188.0,-0.9044928447101285,0.013027871248411607,-1.0963575312169362,-2.0473213209224923,-2.7775535621078524,-2.510057650788201,23.47893060706447
189.0,-0.9014291284586169,0.012964473262002382,-1.0975002320660654,-2.0657602235273127,-2.789717773687515,-2.524489506964724,23.351317998949714
190.0,-0.8990200096717632,0.01277463210172395,-1.0973544682553125,-2.082728110915069,-2.805829097968871,-2.5414907659695163,23.221906803477992
191.0,-0.8973821640719845,0.01272679271747482,-1.0971142878466542,-2.0943586592533263,-2.82143998600675,-2.559604483591858,23.091106851355086
192.0,-0.8996761078078075,0.012621526615397321,-1.0955943392357346,-2.110165083688096,-2.8389431908942053,-2.5694057653872737,22.958338451547434
193.0,-0.9018902329970911,0.013085815177918432,-1.1005236447058808,-2.1216102083079926,-2.8558391624183543,-2.5844861880035905,22.821895915471888
194.0,-0.9051051461075361,0.012804500679147159,-1.1040038443360352,-2.1263580081024798,-2.8738909763094598,-2.5999948095301932,22.681872471025905
195.0,-0.9054004850512245,0.012870077173863993,-1.1079930911029943,-2.1393746255683532,-2.890349615980758,-2.617461896567613,22.53838913048418
196.0,-0.9033293056895918,0.012576391261400578,-1.1084645911961706,-2.1512665827502517,-2.9041451266214295,-2.633851075290121,22.393159745447967
197.0,-0.8985340637742691,0.01280825233790727,-1.1111932371667663,-2.1671502279068844,-2.9208627611219784,-2.651680362747462,22.245785816707414
198.0,-0.8954089773472215,0.0128892461716113,-1.1164939520544732,-2.184831834977763,-2.938860217374306,-2.6701367405619307,22.094595668257128
199.0,-0.8908083225090961,0.01291816632021346,-1.123612688308792,-2.2032349403789206,-2.9573908319524276,-2.6848514130453722,21.938775800638663
200.0,-0.8866296472202925,0.012576328925962893,-1.1277784458951854,-2.2219764281701146,-2.9761406680864204,-2.695683784531175,21.779041380403648
201.0,-0.8832055965104252,0.01228419947976262,-1.1277637635063409,-2.2408178761250634,-2.994979630797119,-2.710048781715003,21.617053617969276
202.0,-0.8807449191034143,0.012104456315862627,-1.1235801865533737,-2.259692647327996,-3.0087700913416686,-2.7262320997538834,21.454868396846873
203.0,-0.8810094956776614,0.01225573454709979,-1.1199330987009015,-2.270546993856634,-3.0191779182146963,-2.741928699327244,21.293063991976314
204.0,-0.8870224223740201,0.012328408314479787,-1.1161491038555815,-2.286052439431558,-3.0344686548296984,-2.7594687605752384,21.130561111396062
205.0,-0.893635532258299,0.012230176866804335,-1.1089195152042262,-2.303562539403778,-3.0518815050340997,-2.777805481737765,20.968204050470792
206.0,-0.8929537937916477,0.012538397065333188,-1.1026758356074065,-2.3188275633473623,-3.0679364510761697,-2.7964726254318526,20.80699055844626
207.0,-0.8894458528612771,0.012813238574497517,-1.0996541168815726,-2.3325342074817503,-3.0856201239535226,-2.815276370155315,20.645999180779594
208.0,-0.8813926866131465,0.013259402738486142,-1.103451651275153,-2.3492070081122933,-3.096813449825799,-2.834136541770303,20.4831063473683
209.0,-0.877945528058504,0.013159158744200265,-1.1105790970067928,-2.367250301613126,-3.1124411924728936,-2.853019913463633,20.315603512748726
210.0,-0.8746766366110237,0.012848246871624783,-1.1163056739266688,-2.385815522549548,-3.1299059605620925,-2.8719129286190945,20.14362643274434
211.0,-0.8775531550013218,0.012714304622712372,-1.1234297052707263,-2.4022657414850923,-3.138309096097833,-2.8807165468694613,19.966946762116844
212.0,-0.8850003725617154,0.012633862438593763,-1.1314483333466567,-2.4201107085732594,-3.1528384956876367,-2.8954105050401266,19.784505994733262
213.0,-0.8854547963971534,0.012588161766124175,-1.138494171702627,-2.438570059924346,-3.1699367268965024,-2.912570830236489,19.597073186622033
214.0,-0.8793510781759155,0.012421373595624804,-1.1429551791941646,-2.4573105359077405,-3.1848568063984173,-2.9280506477736026,19.40626165440791
215.0,-0.8741062115826096,0.011934398045906328,-1.139996555087207,-2.4744327798402628,-3.1977333919818167,-2.9451963941882533,19.21505402872045
216.0,-0.8673543316178526,0.012224233743117612,-1.1383353092690043,-2.4925110152208543,-3.2055745494147634,-2.9599426539729348,19.02383184832166
217.0,-0.8665447537402963,0.012316692482323711,-1.13828535535799,-2.511098273407933,-3.2198514542583445,-2.9703214434361938,18.831199499549346
218.0,-0.8656507609401766,0.012387876376254865,-1.1386911505050528,-2.5255325157042448,-3.236843601852697,-2.9856061667057867,18.636964905496978
219.0,-0.8663162074857813,0.012387756822691384,-1.1393863204957828,-2.539790848358135,-3.248694177289468,-3.0028472385189495,18.44119326641789
220.0,-0.8654216840030081,0.012641919977715965,-1.1438609577144652,-2.5567076930648835,-3.2645738358390077,-3.0152607669350773,18.242275904144485
221.0,-0.8627441283025031,0.012371253785921712,-1.1453400970237293,-2.571989806957769,-3.28034750405813,-3.029713614638548,18.041141561825274
222.0,-0.8592158535807974,0.012285138389783857,-1.1452996210107294,-2.587587491250904,-3.2914233044418224,-3.0463552243322365,17.83883383756627
223.0,-0.8575015887378602,0.01242775815784467,-1.1476523366959994,-2.603438212898025,-3.3069899847632835,-3.060585687450902,17.63432939197257
224.0,-0.8620334029389073,0.012507463286307198,-1.1533155243540125,-2.6210627026577753,-3.3245130915906222,-3.073527870639978,17.426013007327008
225.0,-0.8660009149545559,0.012449573945130094,-1.1591764959312667,-2.636205948025416,-3.3416047639051896,-3.089895401026364,17.213790838874033
226.0,-0.8643777869744041,0.012072615045788408,-1.1585292968000904,-2.653517633895886,-3.3540728095888745,-3.104113997371399,17.000351173196574
227.0,-0.8587385870886819,0.012526636513578493,-1.1638449626528877,-2.665178878967387,-3.3633755553288704,-3.121016730268545,16.78431808482758
228.0,-0.8554710982138344,0.012460680533505474,-1.1706712861828084,-2.675213679466216,-3.3760471760579915,-3.1291758475899334,16.564526318388317
229.0,-0.8591296419850382,0.012492352209753532,-1.1814610607404634,-2.682965142724259,-3.391006102869385,-3.142321323674881,16.339436038485204
230.0,-0.8649156686936239,0.011931860078754944,-1.184916077395908,-2.6932413227348477,-3.4040350586633434,-3.1588195145455775,16.111565695675278
231.0,-0.8744725080679556,0.011629956331703956,-1.1822216241836407,-2.7040345389270755,-3.420436285412513,-3.1751926816837743,15.883432283920815
232.0,-0.8788384630419328,0.012010783336959804,-1.181254577631695,-2.719465551949129,-3.434131396635932,-3.193021884019089,15.654918973908147
233.0,-0.8792597990385814,0.011852845539581143,-1.1756312226905774,-2.735264963762247,-3.4508126741106264,-3.2114783608660282,15.427471326454818
234.0,-0.873817241355043,0.012464439876174191,-1.1773147792817948,-2.752814006102126,-3.46879189173243,-3.222657298212523,15.198819839480263
235.0,-0.8690241000171397,0.01243633600897672,-1.1808437755589654,-2.763737103381231,-3.4824983913744885,-3.2382806583356274,14.968002637982265
236.0,-0.8621443717939797,0.012392372838553422,-1.1849592225754497,-2.7761743046316325,-3.4979432622956352,-3.2558238560121904,14.734630164452957
237.0,-0.8623312458538,0.012350579973790615,-1.1920126767261339,-2.7923285755539284,-3.51085997602799,-3.2741628776511886,14.497663296863639
238.0,-0.8649041398960804,0.012431074733398205,-1.2029098289842521,-2.802063410191288,-3.5225801921897006,-3.2865497872158036,14.255867390427602
239.0,-0.8643568821938754,0.012206470658220147,-1.211922590609736,-2.8058701040639895,-3.538434414375986,-3.3026498889329168,14.00964835406158
240.0,-0.864556635749636,0.011871281960129411,-1.2166675845599004,-2.8185539781818165,-3.5548270598603304,-3.3060843043906907,13.760536561183802
241.0,-0.8678890928300202,0.011527397554415638,-1.214865963971064,-2.8349028207737943,-3.572671170501557,-3.3178188966971693,13.511081117447528
242.0,-0.865288561408558,0.011784062110643732,-1.2129815548906044,-2.852721987791488,-3.5911311876298497,-3.333744178701382,13.261664779970342
243.0,-0.8640395456862754,0.012188044888685929,-1.2178860715284807,-2.8711803316031457,-3.6034376585014454,-3.351414170115406,13.01010039980773
244.0,-0.8616754458974392,0.012260101592914317,-1.225628944026671,-2.8899104121258095,-3.616052613330817,-3.366153923384542,12.75507889841243
245.0,-0.8647481399253089,0.012143530394924029,-1.2351284847401156,-2.9032098832971736,-3.63229843101482,-3.3825732240633157,12.49590323877543
246.0,-0.8732993035230087,0.011956576839862445,-1.2442969682928628,-2.9196993358287266,-3.638895634079446,-3.3984018056730174,12.233146699149879
247.0,-0.8793514588969549,0.01181662057357863,-1.2510004656569167,-2.9376050011488006,-3.6527043229725553,-3.415996852161199,11.967524471323173
248.0,-0.8776174578271092,0.011764702505092378,-1.2549314194422256,-2.9526248132614343,-3.6687315756246868,-3.4331776783560755,11.699977267809428
249.0,-0.8698112143222698,0.011673540994285825,-1.2553877056157288,-2.964588627901749,-3.686432534301101,-3.451346842696016,11.431573762991814
250.0,-0.8648028513893344,0.011758588749095113,-1.257553703453975,-2.980528698986836,-3.703306829239422,-3.4699442478611253,11.161937362227446
251.0,-0.8565825332308803,0.011631887325815264,-1.2558530616091674,-2.9971299549177353,-3.718539672235059,-3.488718939982379,10.892213287856439
252.0,-0.8528582408605174,0.011952466050693415,-1.2607627843317577,-3.0150554066109025,-3.7358780293260505,-3.504615357952782,10.62048632834309
253.0,-0.8541475288856745,0.011659008044977272,-1.2622149348208462,-3.033573618224549,-3.7541335382870153,-3.5222230661638805,10.347886495458548
254.0,-0.854842181312895,0.011687217919686006,-1.2630224238293772,-3.051703268843903,-3.7727646092171705,-3.539401976732284,10.074863927442806
255.0,-0.8606013736081398,0.01146008079644544,-1.2594731690146732,-3.063827991860914,-3.787600556981003,-3.5575702010572354,9.803093967300416
256.0,-0.8699857672271806,0.011882797381817736,-1.2628728458668232,-3.0787395419666486,-3.8047501066409413,-3.5723147844646483,9.530778385668832
257.0,-0.8785987492047557,0.012027802924750164,-1.2702306457799515,-3.095984631442308,-3.8229257449590595,-3.589430941693979,9.256387448812877
258.0,-0.8835788932721819,0.01188696540269485,-1.276112043129322,-3.1090788760516834,-3.841526356838567,-3.607591639558275,8.980036925899586
259.0,-0.8811343374408345,0.01205390113484372,-1.2856146172713907,-3.123728139865807,-3.856114903960813,-3.6261859729629187,8.7005831051532
260.0,-0.8784222951764057,0.0117022141961291,-1.291394305711393,-3.14085829232354,-3.87316593072804,-3.6449595467696896,8.41904404474665
261.0,-0.877653793336192,0.011602958238273104,-1.2958433329615542,-3.1515989523189027,-3.8913015066114154,-3.663807273349115,8.13591958945978
262.0,-0.8810212496647346,0.011508727871180829,-1.2994469424463813,-3.1661563506475936,-3.9058946122064557,-3.6755822623382306,7.851959624442968
263.0,-0.8812818689587248,0.011786568674363831,-1.3077564630662053,-3.181216948905105,-3.9229428448559673,-3.689888044461113,7.56571726897578
264.0,-0.8817064386885145,0.011307388022529827,-1.3074988200946949,-3.1954043193993034,-3.935893089700994,-3.705760628976796,7.27964434451332
265.0,-0.8846046671271091,0.011552641463853158,-1.3103987277896965,-3.1959377069650174,-3.9522456626380014,-3.723389592365863,6.992681317338229
266.0,-0.884460113441301,0.011666634915747239,-1.3155910845243735,-3.2058577760688354,-3.952402419424877,-3.7365618999780836,6.704506195721946
267.0,-0.8882368729894002,0.011653001568636582,-1.323508810986784,-3.2210356866573067,-3.960941685301768,-3.7530051825817643,6.414552281269304
268.0,-0.8970061858547907,0.011269634368961444,-1.3253419288559845,-3.23840816016343,-3.9755170205410195,-3.7583078377392547,6.124880625236551
269.0,-0.90057182790564,0.01158937049596143,-1.3310619390726883,-3.256675236462848,-3.990041271197673,-3.7716109067555457,5.834489689187068
270.0,-0.9048527699869447,0.011696869515345381,-1.3412430911134294,-3.274992163211749,-4.006218670249998,-3.783501686598761,5.541989128172343
271.0,-0.9076262370703831,0.011678101344938773,-1.3534728748881129,-3.293646345745616,-4.019230039291589,-3.799423781708964,5.246758921879188
272.0,-0.907422642103512,0.011565890865308235,-1.3656291275890113,-3.3124452679440686,-4.035615068736275,-3.8130279326844962,4.948730940033956
273.0,-0.9045312104652099,0.011470668903839017,-1.377632398053696,-3.3313034758965574,-4.053475771115184,-3.829669150351516,4.647922216590523
274.0,-0.9017260234002376,0.011453247245511188,-1.3919014276665975,-3.350185024426107,-4.071947679262468,-3.8358742498285148,4.343791435768787
275.0,-0.902328911908937,0.011361401817520052,-1.40777321038322,-3.365968657139536,-4.090671728311191,-3.8495329814255506,4.035935891619408
276.0,-0.9046787367669178,0.010817607500632615,-1.412454855590164,-3.3835196792244258,-4.106201458608254,-3.866266351704341,3.7277637647577015
277.0,-0.9122743657114137,0.011036502035111827,-1.4214667970344315,-3.401866805537794,-4.123632969666939,-3.8842707910400516,3.4188905268093746
278.0,-0.9209902827900601,0.010756029085695102,-1.4218204586759557,-3.4118452604968317,-4.14192220046777,-3.896319805136266,3.111066406897062
279.0,-0.9273836143254601,0.010597275051233134,-1.4278854026011318,-3.42120027622166,-4.160567747395708,-3.9098585336400533,2.802708607579492
280.0,-0.9282263050002985,0.010563041508684434,-1.430150245755266,-3.4298053411533878,-4.179360387482554,-3.9248281550369106,2.4944433600587113
281.0,-0.9263176613718993,0.010819389277652093,-1.4343145973675264,-3.4442979092130956,-4.187889401683811,-3.9420736820912357,2.186169583181973
282.0,-0.9286612696068138,0.010822998751988564,-1.438063475918525,-3.461375724650298,-4.200999908976724,-3.9560072442486254,1.8784355258698668
283.0,-0.9332115515845345,0.010942641853952387,-1.4435263017749491,-3.4795282473037314,-4.214863996663315,-3.9696648565952235,1.5711236645175275
284.0,-0.9375812448708436,0.011046906243933768,-1.451208276390771,-3.498120229366621,-4.231637039433675,-3.9796108440070674,1.2637382835665236
285.0,-0.941027008207951,0.010754534389613067,-1.4586082493882726,-3.5157229358277435,-4.2496575436322335,-3.9918104737789712,0.9562044794697722
286.0,-0.9429845544101215,0.010850996258530293,-1.4680972142466973,-3.5328929850199136,-4.26819335733746,-4.007888428805195,0.6480015632871863
287.0,-0.9455954010699262,0.010821479016156104,-1.4767056969075876,-3.551052645070211,-4.281920085942462,-4.0214915602170445,0.3394737778264933
288.0,-0.9514285894475754,0.010658074788627084,-1.4808318926199728,-3.5696395280260016,-4.298596914104793,-4.038131237486845,0.0321002441643114
289.0,-0.9559277186146417,0.010810194683844091,-1.4863247470440133,-3.5884201763747456,-4.316574335603612,-4.054265201668044,-0.27431301645559825
290.0,-0.9586070928174402,0.010947810816595342,-1.4942698677018846,-3.6000669916206776,-4.333724114486298,-4.070867481636798,-0.5811753367212225
291.0,-0.9601520036592427,0.010862274445004571,-1.5003830290412121,-3.6072614623718264,-4.351877124283212,-4.08879756708746,-0.8885996115900525
292.0,-0.9606693577191705,0.010929808076676957,-1.5096652921710076,-3.619848219658568,-4.369575762693072,-4.107296062048636,-1.196835113155592
293.0,-0.9619390645962711,0.010879469993434785,-1.5197983110537023,-3.6314537881801026,-4.38796488581904,-4.119301258995095,-1.5061444078629749
294.0,-0.9673690736227586,0.010496461738505714,-1.5205935345372028,-3.640441212277931,-4.404000852437998,-4.135249323040269,-1.8142785140740412
295.0,-0.9762396589016311,0.010691188938472587,-1.5259882875147766,-3.6551853351345183,-4.4200814783858515,-4.149568219159179,-2.1212954390589163
296.0,-0.9857379805503916,0.010638896777393188,-1.5295798864785133,-3.6723659887490125,-4.436466790597285,-4.160040961749229,-2.426504646230181
297.0,-0.9875553118199952,0.01081556941393863,-1.5352348871436525,-3.69057126106134,-4.454299491247442,-4.167310883504517,-2.730589686499844
298.0,-0.9886266646828938,0.010838593409111162,-1.5431689825785422,-3.7068673700489896,-4.472764343551284,-4.181346771846661,-3.03437669138188
299.0,-0.9893756978593702,0.010638852813873837,-1.5457671190929456,-3.7169708225382183,-4.491483260313198,-4.198234431946383,-3.337344754883174
300.0,-0.9891093332494112,0.010673321345235107,-1.548097447486719,-3.7213300934149856,-4.5103076019521815,-4.210893490258542,-3.6400785705229297
301.0,-0.9884868301676122,0.010779685672665433,-1.555253265721373,-3.734221310405272,-4.529176428287754,-4.2271210739961145,-3.9427897567003347
302.0,-0.9889652115131198,0.010611330621796089,-1.5595101525243045,-3.7501291145969917,-4.547246668259801,-4.235460114609782,-4.244421023762601
303.0,-0.9910693021608948,0.010539936813258126,-1.5617727693495276,-3.767787408241115,-4.560644504325881,-4.247548675417759,-4.544139948291675
304.0,-0.993775646697061,0.010595612915820321,-1.564814699540805,-3.78448785588993,-4.577181359898964,-4.263590649544489,-4.8420801134957205
305.0,-0.9974088068627324,0.010499432625520446,-1.5645571063091415,-3.8019918895119327,-4.595104424421193,-4.281307999287031,-5.137301625250945
306.0,-0.9992449171146988,0.010643780019267706,-1.5666172144419284,-3.8184601854465994,-4.610322558842284,-4.299719006751574,-5.430536235036754
307.0,-1.0047551133214563,0.010575224620021096,-1.5681265154602986,-3.836301721559716,-4.627649230243722,-4.309669037030342,-5.721246424777702
308.0,-1.0147369010446783,0.010550575737870669,-1.5691214655918795,-3.852853401928085,-4.641420667548109,-4.324809753493445,-6.009155833170166
309.0,-1.0187334360238156,0.010646066085390565,-1.5696866754194259,-3.868171263090832,-4.658116178928252,-4.330675335609216,-6.2946658041159935
310.0,-1.023650167634249,0.010644433413301867,-1.570137046704569,-3.875913603924285,-4.676111913819444,-4.335407413484051,-6.578658184573903
311.0,-1.031417082883291,0.010604711478370664,-1.5704518894288797,-3.8858596882644902,-4.694638248563742,-4.347322952929578,-6.860677142758021
312.0,-1.0386109936152608,0.010608803035983858,-1.5706298323156838,-3.900993084252245,-4.713380453204018,-4.361714998020338,-7.140064963853276
313.0,-1.0443242964146726,0.010640905227175862,-1.5707363649680188,-3.9151016496344573,-4.732214664511262,-4.378723523436494,-7.4170008511591545
314.0,-1.0493216575464495,0.010653212734126127,-1.5708151161217485,-3.9283308750812735,-4.751087883548095,-4.383925498233914,-7.691647500717224
315.0,-1.0470720836333267,0.010743556513535289,-1.5708008209122244,-3.935989617994607,-4.7699712748838,-4.390495685676356,-7.96508641824826
316.0,-1.0390211756023398,0.010757644850240815,-1.5708221426905917,-3.9447453459805755,-4.788867194820895,-4.402736867260002,-8.237692067928759
317.0,-1.033091560786725,0.010693315053030788,-1.5709069530711615,-3.95256925680539,-4.8027813413280525,-4.418856761021535,-8.50965126824821
318.0,-1.0340578303518901,0.01058850083695102,-1.571005484919467,-3.9668064123276663,-4.819537641945877,-4.428901475075558,-8.779623597422582
319.0,-1.0392010902635436,0.010595576465837845,-1.57102077654043,-3.976232685007796,-4.834209902969431,-4.444063804956052,-9.047797500848489
320.0,-1.0476104146735956,0.010576147118507254,-1.5710349843349987,-3.9906468064872973,-4.841964339865241,-4.456061448971498,-9.313354614519962
321.0,-1.0586423641700111,0.009995324765864648,-1.5710113826631231,-4.007694708240616,-4.8562167072946565,-4.468178712438284,-9.575788738612824
322.0,-1.0648736673967625,0.010195334037847194,-1.5709629916873609,-4.02044953493772,-4.869687570517606,-4.484206630615077,-9.835932060432699
323.0,-1.069689444299283,0.010373083541937438,-1.570953066728409,-4.033469387226949,-4.882132024906172,-4.501917511362971,-10.093917802048193
324.0,-1.071985124856988,0.01049750815542642,-1.5709342313623917,-4.049884018995344,-4.898291682471488,-4.509406237666517,-10.349430937603074
325.0,-1.0713274458824338,0.010615655872215524,-1.57090601043038,-4.058982745253324,-4.916059242095752,-4.52357606688587,-10.603564486312086
326.0,-1.0681821115937344,0.010644046359889558,-1.570910526664912,-4.073768054051428,-4.928454701865475,-4.540520285886124,-10.85587154795201
327.0,-1.0678851068920063,0.010623309867805497,-1.5709556885733775,-4.090961345385874,-4.9445680367314875,-4.545280478109489,-11.105864322664683
328.0,-1.064698524663774,0.010688256763322317,-1.570917694955576,-4.107534688602225,-4.962309792646158,-4.554136025623624,-11.353804402911154
329.0,-1.06579225720856,0.010587066938220304,-1.5688737291624257,-4.125078142588631,-4.980739204527949,-4.564387786475619,-11.598893577246102
330.0,-1.0685065493542207,0.009646436278047463,-1.5694652749964075,-4.142079391620493,-4.995809900743195,-4.570140453811344,-11.841652652691886
331.0,-1.075860399001194,0.009784246060798502,-1.5700310421501131,-4.155696931174382,-5.012409098192105,-4.5835790150617015,-12.082152209281103
332.0,-1.0857343254898604,0.010084302524126362,-1.5703373281776043,-4.172349099601022,-5.030064700898015,-4.597616780041465,-12.319802926783705
333.0,-1.087676343075471,0.010391914732163266,-1.5704474059426652,-4.190340642772704,-5.0442432924772165,-4.604822223117477,-12.55491600842353
334.0,-1.0929504360341438,0.010410466896331653,-1.5685182019305637,-4.2088280776708995,-5.061133714943565,-4.618856481117655,-12.786872740083634
335.0,-1.0918781786715313,0.010700276304845836,-1.5691669052632544,-4.221842423147642,-5.077413958019294,-4.635744043894315,-13.017257597576753
336.0,-1.089739121204126,0.010737112010850083,-1.569731375866335,-4.225121759898559,-5.093392738012959,-4.651475844874223,-13.247530698809383
337.0,-1.0839786547686852,0.010754369841547304,-1.5700951582479212,-4.233618104923306,-5.108910132633146,-4.665729350268758,-13.477365602655594
338.0,-1.0852264156110094,0.010667323154666753,-1.5704349134288575,-4.242938545791239,-5.123104083473901,-4.672463467780509,-13.706137944715296
339.0,-1.090445465231201,0.010647592383987525,-1.5706190157989321,-4.25780239884155,-5.1399973097250164,-4.6851065603652335,-13.932770421310739
340.0,-1.0981001396488372,0.010661450807811331,-1.5707228791851373,-4.275041596602929,-5.158066409529415,-4.699235450098443,-14.15676357149702
341.0,-1.1063511846677256,0.01073081774318153,-1.5707529088338192,-4.2803263468247055,-5.174546025334114,-4.716125544629577,-14.379596108344035
342.0,-1.1152545819189896,0.010715568043331864,-1.5708059504319956,-4.293610712426206,-5.186317203872884,-4.717953338706287,-14.60031203992646
343.0,-1.1225752280993517,0.010747971973267895,-1.570809168240899,-4.310183626065451,-5.202164251037478,-4.727037462064611,-14.818660855711975
344.0,-1.130486331212404,0.010771505913111414,-1.5708192940765568,-4.320809189868776,-5.2188272157646365,-4.741111919662414,-15.035431741373747
345.0,-1.13439035352908,0.010809351737044826,-1.570795872582833,-4.3338951516048,-5.226400000113728,-4.755848019573138,-15.250458122918525
346.0,-1.1350693984363682,0.01082095403241665,-1.570794132661104,-4.3503483086822525,-5.240597333419917,-4.768458766570596,-15.463533415311682
347.0,-1.1311255996604896,0.01089790996597224,-1.570748576611758,-4.34987087172707,-5.25755360608142,-4.777203791744711,-15.676960936443207
348.0,-1.1221947842497089,0.010905232091608971,-1.5707435719737295,-4.3476116944197,-5.275652634935306,-4.7895149966288635,-15.891494642304561
349.0,-1.1132735608085167,0.010820675260222535,-1.5708084665454656,-4.357812834134166,-5.2942276931799395,-4.805649634330741,-16.10593217860559
350.0,-1.1047683284117418,0.010796861413262002,-1.5708306919621704,-4.371634495888161,-5.312992275785843,-4.81258410484108,-16.31997822587703
351.0,-1.1045248331324324,0.01071553265200058,-1.5709105832419323,-4.383753403374137,-5.331843489711846,-4.8212258580137615,-16.53317180751353
352.0,-1.1109691911730806,0.009686597652225083,-1.5708966183513093,-4.390316527899882,-5.3507185139994915,-4.830538343998727,-16.745543877729972
353.0,-1.1161302014967813,0.009886550831832621,-1.5709095645697049,-4.403340794812217,-5.368347510665543,-4.829717115569676,-16.956337987173164
354.0,-1.1252040737405498,0.010178257617345178,-1.5709075874722458,-4.412411106968058,-5.383528481134061,-4.839759915658791,-17.16560092123215
355.0,-1.1376946834138921,0.010366951157763012,-1.570900419710102,-4.4255977206162305,-5.39990282572533,-4.8468870265552875,-17.37272940844959
356.0,-1.148764408333976,0.010561567409655132,-1.5708382662788103,-4.434713527048835,-5.417737833063764,-4.85737054075363,-17.578489604741
357.0,-1.1563511579491932,0.010598591908079928,-1.5680800674991986,-4.449481575051864,-5.436198236782561,-4.866849831225365,-17.782017458482443
358.0,-1.1585931932312494,0.010833711938011628,-1.5688603915379666,-4.466700517453004,-5.450092389655696,-4.859533365503738,-17.983931548136077
359.0,-1.1596402015194394,0.010830673832861442,-1.569504566161209,-4.484877828991052,-5.462904838040559,-4.861194701264403,-18.18421588197469
360.0,-1.1580368637748597,0.010854526192735952,-1.5699110663468234,-4.503480788144451,-5.4747763507271525,-4.872907001053472,-18.382885632217267
361.0,-1.1556761382785259,0.010852915406019754,-1.5702003561567324,-4.522247957807682,-5.489352165063591,-4.8782502964229,-18.580088957330112
362.0,-1.1511795406192085,0.010900961382701942,-1.5703561986141301,-4.527290896465317,-5.500152990268815,-4.885416048725114,-18.777400990395936
363.0,-1.1475074604785518,0.010858612546873547,-1.5705193667719741,-4.536533668908757,-5.51545946637987,-4.886894308156825,-18.974633015900366
364.0,-1.1494781108927983,0.010784159245279137,-1.5706683701919186,-4.551368339595813,-5.5328756234120995,-4.893594101155125,-19.170860208589932
365.0,-1.1571536121824704,0.010752326945009097,-1.5701796567004247,-4.563018989721962,-5.551160976470052,-4.905998334736938,-19.365894967241246
366.0,-1.1670329633659449,0.010792733865070708,-1.5703722661863295,-4.578834651754062,-5.569803145377801,-4.914362785091903,-19.559395174376643
367.0,-1.177420265658137,0.01081855519079072,-1.5704984663305783,-4.596462062285485,-5.588595451221419,-4.926136580992033,-19.751284671740013
368.0,-1.1868457950863345,0.010853943759994695,-1.5705669017069628,-4.614836918770986,-5.607449886717783,-4.9328640236065535,-19.941678984023024
369.0,-1.1876753923657715,0.010953866532782882,-1.5705445868108685,-4.633531697267521,-5.626324752702553,-4.9344633258303245,-20.13085372172838
370.0,-1.1816212955881629,0.010993848582573035,-1.5705556059311263,-4.6514270873919035,-5.642170398989377,-4.924027397058245,-20.319070230436083
371.0,-1.1778877443441569,0.010925692584461744,-1.5706484912537124,-4.669868039030589,-5.653050310803504,-4.922959536795809,-20.506084563113703
372.0,-1.173853862751093,0.010925257987389358,-1.5706675977593374,-4.688585325901658,-5.668536847238295,-4.922926623254305,-20.692156694543296
373.0,-1.1707235226087722,0.010913213136692981,-1.5706924651913305,-4.705246788175253,-5.6860285050500865,-4.92221988733793,-20.877670798863218
374.0,-1.1743071886366052,0.01085548633771487,-1.570753688221854,-4.716018384634179,-5.704352144491151,-4.919404360256407,-21.062924346476976
375.0,-1.1807967707954703,0.010862103894669179,-1.5707515369746248,-4.723130504854634,-5.7230092679503715,-4.9206044754598075,-21.248145475089768
376.0,-1.190656611454716,0.01084042389683296,-1.5707729669043526,-4.737096386676196,-5.741810295177792,-4.910703355157981,-21.43257855824462
377.0,-1.1975907640303667,0.010909548323133678,-1.570711684031343,-4.750270157452838,-5.757093678350796,-4.915394213073234,-21.616278104949508
378.0,-1.2029462995672802,0.010923143453346048,-1.5707013600247164,-4.76649727854722,-5.7607767135074175,-4.911967108721742,-21.798421717914934
379.0,-1.2073365566254806,0.010937856215991726,-1.5706885306244567,-4.78428875680365,-5.773433997137259,-4.906332759458441,-21.979431800207532
380.0,-1.204668718157167,0.011014356146585615,-1.5706192826007452,-4.801748907765233,-5.789751946596353,-4.899246816276097,-22.15970291204412
381.0,-1.2019585904196954,0.01099498607306037,-1.5706382011794129,-4.810303545380598,-5.807594183689318,-4.893751869062646,-22.3403106725946
382.0,-1.1999888491024076,0.010959782357201516,-1.5706708229888486,-4.824876454856241,-5.820960626331552,-4.891539099045511,-22.520474475155694
383.0,-1.2000350104648478,0.010933527962120925,-1.5706941830685601,-4.8419903358671075,-5.837487597330502,-4.885981944485712,-22.70008640837213
384.0,-1.2028807103934154,0.010915465698481376,-1.5707092281593924,-4.860150343947198,-5.8554071047492755,-4.893590800505825,-22.87906562559437
385.0,-1.2104680810641608,0.010898287674866437,-1.5707210066658337,-4.871059512895918,-5.865722277644223,-4.892366415716975,-23.057480059735227
386.0,-1.2183145825186923,0.010926623118147833,-1.570694926310721,-4.884662680245031,-5.8776248079494335,-4.88349012608901,-23.235280985459987
387.0,-1.2294161847502811,0.010917845135303039,-1.5707012694813762,-4.896956915729707,-5.893578899002098,-4.882984083983544,-23.413012068688268
388.0,-1.231960691224162,0.01040991569625667,-1.570568906873345,-4.906356561258528,-5.911251510826227,-4.881534632112824,-23.591118015736406
389.0,-1.2276135661810879,0.01053785441591435,-1.570581839953342,-4.92121718927054,-5.927463849382967,-4.882030639758361,-23.768945830350855
390.0,-1.2225315158647783,0.010697111321807892,-1.5705977081685467,-4.932681861765618,-5.939782799015234,-4.875372156045892,-23.946579234812386
391.0,-1.2216133746958873,0.010748208057490785,-1.5706593404143467,-4.948394032241801,-5.944301345120404,-4.8629819203555416,-24.123143532815956
392.0,-1.2271163896861526,0.010773345011433247,-1.5707030166005391,-4.9659779757069105,-5.95726817481239,-4.855264549957751,-24.299008571283828
393.0,-1.2341230806385721,0.01084755808345093,-1.5706779426450321,-4.9837471287396085,-5.959829219721013,-4.843663023385099,-24.47352952079507
394.0,-1.2436328133477497,0.010886450891844238,-1.5706694973264745,-5.000993978418966,-5.972031912670222,-4.831351605296229,-24.6476061237441
395.0,-1.2528037483117742,0.010951368712420067,-1.5706238287909116,-5.010248216952827,-5.988164605036078,-4.820792572234513,-24.822352986609346
396.0,-1.2576191317895267,0.011019200476414248,-1.570579255129807,-5.022172532801027,-6.003237271350471,-4.816059447555257,-24.997396637258166
397.0,-1.2583081705719696,0.01105767836550151,-1.5705541730059174,-5.034257046287704,-6.020511476997901,-4.814746659888478,-25.172639216343857
398.0,-1.253293450599312,0.011098241057850273,-1.5705259673726073,-5.050273619579795,-6.038739376167536,-4.803089115384894,-25.347541001704577
399.0,-1.2435211990621675,0.011118026328600898,-1.570512194927653,-5.06797910457303,-6.054496184025116,-4.787182387383968,-25.521716892713968
400.0,-1.2393537540414028,0.01102917793799785,-1.5705883113596995,-5.0754880469049075,-6.072055950406423,-4.781587372232939,-25.69647766197415
401.0,-1.2384648291510176,0.010997787315117446,-1.5706238890121893,-5.0896573986037215,-6.086210449507316,-4.7849212438837165,-25.871147965075536
402.0,-1.2398661594188372,0.010989383616155842,-1.5706325270970038,-5.106610037539883,-6.103076980093992,-4.783610205176578,-26.04570458833995
403.0,-1.2382887186547493,0.011043102678562726,-1.5705823918114656,-5.123874483270173,-6.117621148050806,-4.7720093112227016,-26.219902105703703
404.0,-1.2420387674418196,0.010985970175781774,-1.5706319780371434,-5.1390699757251594,-6.134668076066635,-4.769092927268341,-26.394214885795833
405.0,-1.245939930324363,0.011017012076973899,-1.5706032756800214,-5.156397709421437,-6.152797836775001,-4.76183630101662,-26.568576874242012
406.0,-1.2521166922912885,0.01101078035143707,-1.5706020349049523,-5.166960991962867,-6.1667311320317095,-4.759661400491669,-26.743329641351885
407.0,-1.2586953149004032,0.01103077849061624,-1.5705851145530598,-5.177782168624035,-6.182975815805093,-4.752067426898471,-26.918727831412852
408.0,-1.2655296721629288,0.011043057486878286,-1.5705777279240256,-5.191596320871191,-6.2007698114383185,-4.752886685440073,-27.094763213220478
409.0,-1.2653602331712337,0.011130565162355385,-1.5704905283507349,-5.197376175781997,-6.2192084723807115,-4.754043703550972,-27.271731847057982
410.0,-1.2681046471844017,0.011067187034549583,-1.5705585504304136,-5.207941258094729,-6.237926395435024,-4.745504691672763,-27.449519674016265
411.0,-1.271028823258741,0.011073293504906347,-1.5705477047252352,-5.215254870072566,-6.256747828808493,-4.73198914220334,-27.62839390330668
412.0,-1.2714585416870776,0.011099085834243454,-1.5705333373923707,-5.229301015299686,-6.27235309175816,-4.720922976600998,-27.807446268920334
413.0,-1.2673668393614228,0.011137638106679556,-1.5704990140435608,-5.245589856334229,-6.278749072617639,-4.711524170560646,-27.98546908815022
414.0,-1.260618928022444,0.011142799233496117,-1.5704906781697074,-5.26085289834163,-6.2813766616603885,-4.699155451151426,-28.162102320026126
415.0,-1.2500122809469463,0.011165751779705045,-1.5704662996731635,-5.274955248918693,-6.282455184566282,-4.691088241573125,-28.337248139458726
416.0,-1.2477504876259282,0.011044872179132149,-1.570577863932611,-5.289666637806042,-6.282904921172972,-4.689949468996784,-28.51118503928914
417.0,-1.252886220618238,0.010996630347741619,-1.5706192223843267,-5.306806580167808,-6.283087458646201,-4.687944210721967,-28.68390138283565
418.0,-1.2587642544254598,0.011037793980600412,-1.5705784131348612,-5.324992218476826,-6.283159084291416,-4.677849365894279,-28.855413380671003
419.0,-1.260906487454322,0.011102951039130187,-1.5705094849918515,-5.337196263476156,-6.2831872216893885,-4.676284499857822,-29.026051056813262
420.0,-1.2603329463159287,0.011131046655811024,-1.5704873409051032,-5.349001668143945,-6.283194483832756,-4.673880725399135,-29.195725874445618
421.0,-1.2557029937463189,0.011166600792789506,-1.5704550564765563,-5.35940978860698,-6.283197213244847,-4.664872602659766,-29.364310100953336
422.0,-1.2571919944694283,0.008212132726315826,-1.5704381733854422,-5.374188692885234,-6.28319845192786,-4.658808506376767,-29.532301788909088
423.0,-1.2582446053227898,0.008652918574012462,-1.570594467782106,-5.391404318186609,-6.283198471287344,-4.657777844223603,-29.69906479234008
424.0,-1.256077824965984,0.00954900753678478,-1.57051668578672,-5.40689536401074,-6.283201487721937,-4.652663018722234,-29.86434799201324
425.0,-1.2536222130698012,0.010104023286986806,-1.570497970262311,-5.419479591638202,-6.28320260580933,-4.643248153752176,-30.028422449718843
426.0,-1.2552407209686887,0.010423646388806074,-1.5705292198466436,-5.432747612224606,-6.283203265124381,-4.637981692289481,-30.19155087970957
427.0,-1.258997303660694,0.009241601030677084,-1.5704715950864572,-5.449272116539348,-6.283203705206461,-4.62817621069453,-30.353937062193342
428.0,-1.2599012078060952,0.009648386156920635,-1.5705136966594193,-5.4672053235579074,-6.283200982451042,-4.613095254657765,-30.515100638097863
429.0,-1.2545630437864355,0.010240071514044163,-1.5704316386252282,-5.485702470045525,-6.283198515579626,-4.599395907223028,-30.674447547164302
430.0,-1.248331129054847,0.010563189895557377,-1.570435199115916,-5.502317534195214,-6.282658083725127,-4.582707768943481,-30.83210949511441
431.0,-1.2454110386425612,0.010737345695346944,-1.5704747678793103,-5.520226788513526,-6.282998429747345,-4.576631934684378,-30.988351174677604
432.0,-1.2386915778959646,0.010935823072693699,-1.570420271142747,-5.5387287129179255,-6.283126054872737,-4.56302368278523,-31.142955347496727
433.0,-1.2353862395345745,0.010973427622695202,-1.5704707782076759,-5.557441923451294,-6.2831825807226656,-4.557430571749281,-31.296163098206883
434.0,-1.2326779662247915,0.011041898958112492,-1.570459921928761,-5.576270508390064,-6.283197971277939,-4.5528227719534335,-31.448012124360115
435.0,-1.233368607129341,0.011050375774544527,-1.5704868378783494,-5.5951297166354514,-6.283203658960328,-4.539866000353211,-31.598671125683254
436.0,-1.2356315057950849,0.008378689572174495,-1.5703718973696237,-5.613999408324428,-6.28320572649264,-4.523423790496806,-31.748819074342247
437.0,-1.2391870375562817,0.008754968611842492,-1.5705482056503313,-5.621487462288666,-6.2832075805870815,-4.5055400014927365,-31.89868286835334
438.0,-1.2450160526722542,0.00959391379306667,-1.570519729998185,-5.635625820461071,-6.283207540596627,-4.489920996449348,-32.04789244732648
439.0,-1.2511397263666193,0.010150429258698,-1.5704728141650888,-5.6439346291300545,-6.283208488438881,-4.483205101123312,-32.19697663008661
440.0,-1.2551379659467128,0.009165667621827299,-1.5703720055670798,-5.648345221278931,-6.283208982157165,-4.472839838095293,-32.34639263391563
441.0,-1.252524706436744,0.009674808090415772,-1.5704013935862613,-5.661244927485289,-6.283205143111023,-4.4614368907408695,-32.49482371098972
442.0,-1.2519967269220362,0.01018112497842011,-1.5704338981418622,-5.677652014174919,-6.2832068141275625,-4.445704620250061,-32.6422177247133
443.0,-1.2524214618852023,0.010512125987729807,-1.570424628740591,-5.682802563289448,-6.2832070173781265,-4.438658534907481,-32.78928164551833
444.0,-1.251627269671622,0.010778383211583937,-1.5704073502565379,-5.692193557394729,-6.283208760688463,-4.424675744611051,-32.93573514546416
445.0,-1.2491811792709095,0.010941734539206157,-1.570392879504489,-5.699529078030904,-6.283206484868685,-4.410553199922058,-33.08153990095123
446.0,-1.2478157827895795,0.011034376371245656,-1.5704148290385773,-5.713567383907015,-6.283207661268086,-4.3963632626004765,-33.22651582601491
447.0,-1.2446734139983218,0.01112335362253527,-1.5703916098612216,-5.730469313622435,-6.283206508481933,-4.383840801925553,-33.37038814317477
448.0,-1.2411120026008275,0.011156545727555159,-1.5703610195668414,-5.748542070563404,-6.283206519832921,-4.375824686836998,-33.5131144972191
449.0,-1.2414599673534747,0.011115306591731733,-1.5704144465976286,-5.759691340090106,-6.283208280165924,-4.365030304901674,-33.65537452703157
450.0,-1.241358453554596,0.011171690624032645,-1.570398746911745,-5.77529132006493,-6.283208081186075,-4.349543279379783,-33.79695876752965
451.0,-1.2433684445794084,0.011166496711613783,-1.5704212789914926,-5.792827741127945,-6.283208859417153,-4.338266797182563,-33.93802061448683
452.0,-1.2471651650769138,0.011170470738400792,-1.570424410347508,-5.811162197392477,-6.283209452560394,-4.329389048310763,-34.07877206066523
453.0,-1.2444140744840817,0.01126830291866477,-1.5703388072236777,-5.829835727876636,-6.28320705603231,-4.324070474444444,-34.2185767080187
454.0,-1.2422931047054102,0.011228306778650693,-1.5703740029243078,-5.845955308138222,-6.283210329768761,-4.318598738892476,-34.35765228367218
455.0,-1.2442282448372328,0.011187002127656014,-1.5704178175385373,-5.863654379131614,-6.283210520683251,-4.312196834012082,-34.49639584264439
456.0,-1.2511038402166372,0.011141796360051625,-1.5704490855025866,-5.878044238608182,-6.283211516950982,-4.298536099150762,-34.635527583815744
457.0,-1.25483210118166,0.01122733652033643,-1.570380466689681,-5.895012429633183,-6.283209880017503,-4.284276547448311,-34.774719587605574
458.0,-1.2515670159423278,0.011310765817307115,-1.5703087384354373,-5.912985818996038,-6.28320826187531,-4.280569645445272,-34.91307747995553
459.0,-1.2478537043131868,0.011281946302098434,-1.570337483283352,-5.931488967837429,-6.283209412434677,-4.26790738260352,-35.05060845097752
460.0,-1.2427536223062945,0.011283399270723405,-1.570333581485621,-5.950097176601668,-6.283209195824202,-4.251584872399079,-35.187226687636404
461.0,-1.2381708138106202,0.011221970462727136,-1.570360559796161,-5.956642390070371,-6.283211046030249,-4.237059797211399,-35.323280980137625
462.0,-1.2326604867189792,0.011265996317080211,-1.5703511031961674,-5.970422742896542,-6.282395764830587,-4.220024829170255,-35.458611313732845
463.0,-1.2291254699678391,0.011197451726463447,-1.570387486419567,-5.972604721975481,-6.282900404805636,-4.201897491304116,-35.593664535526194
464.0,-1.2292969439797237,0.011206569208471635,-1.5704157658028923,-5.984635799216765,-6.283095849514448,-4.190488218317683,-35.72857436048919
465.0,-1.2326018456161212,0.011197377815171496,-1.570425921106244,-5.999196724700006,-6.283175129594958,-4.17620392725605,-35.86358591426256
466.0,-1.2399450936479766,0.01118217719422131,-1.5704394549843694,-6.016279997521702,-6.2832012805806485,-4.163736414964031,-35.99915185345492
467.0,-1.2448645207989144,0.011220827593116761,-1.5703805170305414,-6.027139885582023,-6.283206769091165,-4.15174076939618,-36.13520749726211
468.0,-1.2435128913364453,0.011320676468307488,-1.570307059898277,-6.042614026278934,-6.28320901390652,-4.13576827659307,-36.27103138284116
469.0,-1.2387964741616808,0.011328552768608825,-1.5702986005677977,-6.058127373048716,-6.283212452039109,-4.125191877712472,-36.40631519895441
470.0,-1.2308027544060645,0.011345800084882288,-1.5702857019324505,-6.075593139437638,-6.283211015785416,-4.1151337861366075,-36.54085730296837
471.0,-1.2292513318702778,0.011232087129057159,-1.5703887846888531,-6.093892916886081,-6.283212394357512,-4.099982206046136,-36.67539247546716
472.0,-1.2328221549115308,0.011172177156993443,-1.5704259654700177,-6.108677647167511,-6.283213643058757,-4.087083653598783,-36.81035193437843
473.0,-1.2414365673823196,0.011158626358493226,-1.5704444974733014,-6.125805611208686,-6.2832132791487085,-4.070740733541007,-36.946344458402294
474.0,-1.2493699452951685,0.011216658264221935,-1.5703911534425554,-6.143973993499864,-6.283212681918487,-4.0528999274671165,-37.0835400743365
475.0,-1.2578604510898106,0.011228367451744051,-1.570379985403567,-6.162566668294071,-6.283213108551909,-4.0441358061426245,-37.222285675090845
476.0,-1.2583497572149396,0.011333600327214054,-1.5702784440980377,-6.179847975375036,-6.283213579089325,-4.029464486723605,-37.361427212286245
477.0,-1.2528286835390747,0.011372754035058047,-1.5702493727667248,-6.198048175019694,-6.283212196842499,-4.01231364640614,-37.50008018376792
478.0,-1.2427522419262962,0.011384910181221,-1.5702393422942644,-6.216655919353286,-6.28321192610418,-3.9941368142546363,-37.63779680564404
479.0,-1.2325996958941825,0.011337842485605803,-1.5702829651172605,-6.235432549262808,-6.283212343282076,-3.984594071866353,-37.7749256221719
480.0,-1.2264313767433113,0.011219215387613371,-1.5703645626599425,-6.244678404400993,-6.283214253683124,-3.9696148399524143,-37.911870597033186
481.0,-1.223599061799815,0.011221612440248892,-1.5703878464212715,-6.259524286188479,-6.283213621135828,-3.9523370040471613,-38.049049761625675
482.0,-1.2267319610419578,0.011158572367136882,-1.570441638413589,-6.273225240441562,-6.2832141933944525,-3.9437781351509456,-38.18691835067066
483.0,-1.2352459460689884,0.011105200386811575,-1.5704680892005245,-6.278840025085163,-6.28321475730018,-3.9341834750853493,-38.32573350522398
484.0,-1.2472202690861314,0.011122503842326216,-1.5704530057746338,-6.281136829656533,-6.283214662900724,-3.925704850327252,-38.46597405653791
485.0,-1.2554826398341554,0.01123016791330438,-1.5703637683658693,-6.28207455062024,-6.283214868904213,-3.917039312563118,-38.60738778180572
486.0,-1.260775404719197,0.011280857739174846,-1.5703287940821096,-6.282458307304697,-6.283214733318331,-3.9122898166865467,-38.74966128785308
487.0,-1.2595405958274855,0.011359624745461162,-1.570264597845278,-6.282614398188315,-6.28321487088457,-3.9059734633541248,-38.89173690205904
488.0,-1.2545649555367868,0.011369728951131123,-1.5702626377757711,-6.282678766491396,-6.283214672858094,-3.892351559971083,-39.03303195229068
489.0,-1.245121897015974,0.01139254878586815,-1.5702451980025571,-6.282704757157944,-6.283214661826651,-3.875635550052928,-39.173003341996264
490.0,-1.2344720635690136,0.011366019106485778,-1.57027321627339,-6.282715988682064,-6.283214431441288,-3.8576384863671422,-39.3117832989394
491.0,-1.2260636620126346,0.011309130133104642,-1.5703270602524435,-6.2827214322612,-6.283214182616802,-3.8480646762626156,-39.449869974700135
492.0,-1.2258263464003827,0.011199223962096536,-1.5704275909689762,-6.282725413570422,-6.283213785391284,-3.8330744443053053,-39.58799774898992
493.0,-1.2304680052171029,0.011178952872406627,-1.5704427967557577,-6.282726471675804,-6.283213931566284,-3.8157922001395943,-39.726489896896965
494.0,-1.2397869298112827,0.011167171275024557,-1.5704522537822152,-6.28272700332695,-6.283213970342415,-3.7975610459093687,-39.86587978511825
495.0,-1.2470795579061096,0.011244983381019058,-1.5703806256370065,-6.282725466174288,-6.283214402367965,-3.779701773695945,-40.00611358254373
496.0,-1.2562972843219307,0.011236445817654588,-1.5703898320990863,-6.28272596480539,-6.283214242557716,-3.7612451135266376,-40.14766554960802
497.0,-1.2575071763430605,0.011359442232316498,-1.5702772737501682,-6.282723509642712,-6.2832148312706835,-3.748484803067545,-40.28939755212911
498.0,-1.2538064237337498,0.011381799311296731,-1.570261157659518,-6.282723136361772,-6.283214705504655,-3.7366288958100013,-40.43056284539756
499.0,-1.2451611598333825,0.01140500726668701,-1.5702404041029208,-6.2827228563044,-6.283214695431098,-3.720718916565532,-40.57052761176363
500.0,-1.237667486659225,0.011341838421052743,-1.570299986856368,-6.28272411888585,-6.2832143061818195,-3.706903081906597,-40.70964054830163
501.0,-1.232667933632429,0.010113187509511581,-1.570290273579408,-6.282713882809651,-6.283213695808731,-3.6912152259156117,-40.84879955465849
502.0,-1.2312364857817082,0.010213358738866252,-1.5704277453067168,-6.282737982107878,-6.283214565659028,-3.6835534633752767,-40.98786334607118
503.0,-1.2315842966035786,0.010567689878108742,-1.5704128033831475,-6.282729051878842,-6.283214285821812,-3.6770931646256857,-41.12676935063602
504.0,-1.235536811702254,0.010778133528507592,-1.570425846585235,-6.282726259229177,-6.283214062937122,-3.6751682894783846,-41.26592530279824
505.0,-1.2418833809920913,0.0109344495624124,-1.5704153961048604,-6.2827255040718075,-6.28321410906537,-3.6632582109204903,-41.40567494558451
506.0,-1.247410920710958,0.011073809467908763,-1.5703751204963747,-6.282724604402418,-6.283214319694912,-3.64724705434032,-41.54604279624337
507.0,-1.2524823056992733,0.01115444269375795,-1.5703592049965083,-6.282724517336267,-6.283214346915418,-3.629541290982471,-41.687078897750595
508.0,-1.2545784192450795,0.011238127362541865,-1.5703203278468103,-6.282723871674864,-6.282612965532585,-3.6111350186461144,-41.8284237106711
509.0,-1.2538561698626605,0.011284398890382743,-1.5703033672038664,-6.282723786650995,-6.282988483178821,-3.592439165588536,-41.969639946671876
510.0,-1.2474544295749828,0.01135215727731104,-1.5702579882321648,-6.282722818370817,-6.283132723258811,-3.5757795600045257,-42.109928978604664
511.0,-1.2370928787793285,0.011372382224580941,-1.5702518094504612,-6.282722700600159,-6.283192027550355,-3.557842618283537,-42.24897043347527
512.0,-1.2297521667337372,0.011286755549445264,-1.5700200101096458,-6.282725114160109,-6.283206793487362,-3.5437900427785305,-42.38725645663243
513.0,-1.228512913733177,0.011230167449941845,-1.570183957333359,-6.282725309755865,-6.283211383103927,-3.5279582490880235,-42.52549195859378
514.0,-1.2308415903729846,0.011210123282432816,-1.570271245530557,-6.282726109208005,-6.28321307892401,-3.513035668979671,-42.663950388069104
515.0,-1.2323129738431386,0.011249432128427238,-1.57028274828437,-6.2827252879584305,-6.283213947709005,-3.498967312206485,-42.80253102392037
516.0,-1.2370624152029828,0.011218722813580047,-1.570343727745409,-6.282726059217687,-6.28321397882499,-3.4821196515147212,-42.94159026466354
517.0,-1.246456713657864,0.011192959742679776,-1.5703860087260846,-6.2827269811254824,-6.283213983578582,-3.4719308534961595,-43.08174693463609
518.0,-1.250119471458512,0.01130569769706108,-1.570296725080133,-6.282724514038421,-6.283214618467385,-3.468156842971002,-43.22236882072961
519.0,-1.252521297324977,0.011304759243155693,-1.5703108693392949,-6.282724678996507,-6.28321444381406,-3.4570378885286366,-43.363342921953866
520.0,-1.248598207433657,0.011358907204625016,-1.5698379103935305,-6.282724352227027,-6.2832146088188745,-3.446821108077186,-43.503638074991116
521.0,-1.239561193410316,0.011412746753209304,-1.569943692001171,-6.282721806143019,-6.2832148478528556,-3.43160438560494,-43.64281950496714
522.0,-1.2324707490779976,0.011335935593415555,-1.5701112620018,-6.282723978306042,-6.28321429126796,-3.4246643657210836,-43.781345987918165
523.0,-1.2275390587265151,0.011282813263022037,-1.5702164596499524,-6.2805022140995765,-6.283212084383815,-3.4121443100106448,-43.91943361608555
524.0,-1.2298812232240903,0.011207279738029239,-1.570339126663748,-6.281846034481942,-6.283212858658704,-3.4038903240838767,-44.05779972949981
525.0,-1.2325272721270535,0.011236200604432757,-1.5703339978674313,-6.282365618083534,-6.283213920146077,-3.398042044228871,-44.19640570167918
526.0,-1.2398634386670713,0.01119336408359329,-1.570391379300211,-6.282579426917447,-6.283213925714788,-3.3845796626537545,-44.335774849736154
527.0,-1.245040530150356,0.011261335838494362,-1.570340089140677,-6.282665092267905,-6.283214400996889,-3.3679286748371267,-44.47573513509705
528.0,-1.2481032652480228,0.011292218403217672,-1.5703227600538292,-6.282700061684836,-6.28321446832322,-3.359074298098316,-44.616089465470054
529.0,-1.2528429422291432,0.010220213264812303,-1.5703038301551278,-6.282705579530626,-6.283213858823207,-3.3485266805882894,-44.75756001912445
530.0,-1.2520173316718382,0.010429024250216714,-1.5703205480927738,-6.282730635756205,-6.283215118242846,-3.3331518058654717,-44.8989109979146
531.0,-1.2467016566486573,0.010774367421367202,-1.5702859587867077,-6.282724524782719,-6.283214756309562,-3.3157110100192275,-45.03937446164739
532.0,-1.2369129943799395,0.011007978906475131,-1.5702577901948143,-6.282722173165586,-6.283214631283802,-3.2974143256642092,-45.17857618158984
533.0,-1.223934502048014,0.01031437262147001,-1.5702151784954914,-6.282713894053182,-6.283214176352447,-3.278763764857171,-45.31696115123348
534.0,-1.2199972709519378,0.01034944337384635,-1.5704254956786705,-6.282733614668724,-6.283214114918384,-3.26204238806851,-45.45516508218581
535.0,-1.2240720126898614,0.01058838362412516,-1.570471238925696,-6.282729080476745,-6.283213823476335,-3.2538424887921753,-45.59348699945045
536.0,-1.2333570572446755,0.010782894482134443,-1.5704686954814775,-6.282727099316321,-6.283213882434529,-3.239399877209915,-45.732422064601494
537.0,-1.2426482375822008,0.0109769430888673,-1.5704093582873742,-6.282724877054855,-6.273736601551239,-3.2223434619992637,-45.872542255058214
538.0,-1.2468936869424116,0.0111450793173313,-1.5703283540522586,-6.282724562925168,-6.279355218351592,-3.2048608418553384,-46.01294482263601
539.0,-1.2446849171919347,0.011269982146465529,-1.570268625627973,-6.282722332219678,-6.28164103162398,-3.1948306837925227,-46.152940544928825
540.0,-1.2385703699667865,0.01131638711686182,-1.5702613032501016,-6.282722412464267,-6.282579625194615,-3.1809265732154124,-46.29217210358054
541.0,-1.229405614034466,0.011340403984213385,-1.5702609728875234,-6.2827227458136825,-6.282964950789997,-3.1689712983284397,-46.43050064950761
542.0,-1.2241632058726062,0.0112669850331585,-1.5703430534821525,-6.282724640342161,-6.283123005424988,-3.1530258598393837,-46.568470265452625
543.0,-1.2244199328323153,0.011208325487719233,-1.5704030292054412,-6.282726112834375,-6.283187841935946,-3.143591046652829,-46.70648815018056
544.0,-1.2277750676641745,0.01120247472015319,-1.5704119918230848,-6.28272631116337,-6.283206066355599,-3.1337367038258366,-46.8447459361058
545.0,-1.2331602506312769,0.011210539696214581,-1.5704077314074432,-6.2827261723862025,-6.283211232734856,-3.127652564269472,-46.983447243060766
546.0,-1.237414869788677,0.011254572720833576,-1.5703698297111595,-6.282725348407143,-6.28321330066545,-3.114086522956028,-47.12254251906954
547.0,-1.2407571524560486,0.011275225942792908,-1.5703536300086387,-6.282725052201039,-6.2832140063053,-3.102894710697428,-47.26199361095221
548.0,-1.2414100119040334,0.010178870260274154,-1.5702701807539745,-6.282713693061866,-6.283213924247401,-3.0961560693673307,-47.40199855548125
549.0,-1.243004446707221,0.010293719977300006,-1.5703876970707766,-6.28273685923313,-6.2832147427398235,-3.082324043000618,-47.542212680694455
550.0,-1.2394986728075004,0.010704501928930098,-1.570309794918222,-6.282726927206935,-6.283214745897603,-3.0728106926813266,-47.68183095652522
551.0,-1.2357940005645784,0.0107356707575563,-1.5703249354306208,-6.279379097519172,-6.28321009460959,-3.059730425049029,-47.82092270989522
552.0,-1.2346452790315396,0.010884434899330749,-1.570364826897252,-6.281401039744282,-6.2832115029821525,-3.050265512188394,-47.9598941414218
553.0,-1.2321844286671872,0.011038348569194887,-1.5703410696844113,-6.282182176225069,-6.283213459534534,-3.035351098267128,-48.098587417467485
554.0,-1.2321407184480464,0.00960347977420918,-1.5703069648086996,-6.282488866734029,-6.283213270552286,-3.019976852393295,-48.237916833427434
555.0,-1.2319307845147967,0.00986110615677098,-1.5704128470844454,-6.282649107582426,-6.2832144771441785,-3.002566590324348,-48.37720843168794
556.0,-1.2323990093864632,0.010347109720407914,-1.570394833581429,-6.282691689399288,-6.283214262736773,-2.985364162952762,-48.5162901257233
557.0,-1.2327622718014781,0.010680608474143982,-1.570371958162443,-6.282709423433,-6.283214250135057,-2.9691372808142042,-48.655231490656675
558.0,-1.232368685499642,0.010902671794272263,-1.5703533412245532,-6.282717147231388,-6.283214294478418,-2.951376245586885,-48.79402318752383
559.0,-1.2264047025452858,0.011106640158329423,-1.570287281388407,-6.2827194214987525,-6.283214598204918,-2.9360549725015517,-48.93222147532764
560.0,-1.2183807145986818,0.011188350121562456,-1.570293490334114,-6.282721333245081,-6.283214435822594,-2.9186875640115493,-49.06987638546605
561.0,-1.2098945941474712,0.011227125288436987,-1.570309035202731,-6.282672439530491,-6.283214332896299,-2.90153108968441,-49.20718486596887
562.0,-1.2094776194818722,0.011119095266343151,-1.5704253353659599,-6.276247418755476,-6.283204375752757,-2.8933577615433155,-49.344360601382284
563.0,-1.2158360139779785,0.0111492597475586,-1.5704484830688914,-6.280127009492475,-6.283209369524216,-2.8959627426493446,-49.48184492944651
564.0,-1.225887908184718,0.011153763801310883,-1.5704425170854228,-6.281663383680424,-6.283212569690391,-2.895634430128147,-49.619935801318434
565.0,-1.235618681555589,0.011210364190404314,-1.5703945711827565,-6.282290969408803,-6.283213855263891,-2.884414298634565,-49.75883442470389
566.0,-1.2417434870384163,0.011283002634862586,-1.5703343855897798,-6.282546736971236,-6.2832144293582415,-2.8695212460122916,-49.89837059963083
567.0,-1.240290464271882,0.011373210177829862,-1.570258017083617,-6.282650195568559,-6.283214805282031,-2.8526628952858952,-50.03771953118066
568.0,-1.2327665717319929,0.011407949960830312,-1.5702317897649147,-6.282692718430096,-6.28321477304722,-2.834613658334603,-50.176288227100954
569.0,-1.2212449649427601,0.011410264158228059,-1.5702326788797925,-6.282710455660749,-6.283214634305501,-2.816065582065328,-50.313978275162526
570.0,-1.2183167237524706,0.01125246430190722,-1.5703800388607836,-6.282720862875785,-6.283213852915956,-2.8077611849386606,-50.451609612673835
571.0,-1.2187903824640673,0.011231829269517863,-1.570394629679016,-6.282724250649165,-6.283214045412053,-2.7972083790604434,-50.5892775458268
572.0,-1.2249508019146793,0.011182449712440751,-1.5704395822818764,-6.282726276435692,-6.283213913664221,-2.781827107318243,-50.72733728448778
573.0,-1.2304047406027752,0.01123741892112764,-1.5703879422220848,-6.282725512988961,-6.283214305326578,-2.769227127896542,-50.865776694384174
574.0,-1.233119747516981,0.011286937482263601,-1.5703449061951256,-6.282724584883516,-6.283214482680524,-2.754821635573533,-51.00443004780831
575.0,-1.23157374363973,0.009205706496163894,-1.5702037966045315,-6.282703571525838,-6.283213771181227,-2.7378127453977923,-51.14386625188272
576.0,-1.2279260119305857,0.00947223592284015,-1.570377680449348,-6.282745903516598,-6.283213629523669,-2.7196955379034797,-51.28302920544756
577.0,-1.2247798802680376,0.010093990536742727,-1.5703700502898252,-6.282730457076731,-6.283213904699699,-2.7011191464550497,-51.42164261787355
578.0,-1.2235449103909413,0.010491316419201731,-1.570378103079868,-6.282725151569332,-6.283213959931352,-2.6875207549975033,-51.559966246172316
579.0,-1.225217160908598,0.010737328620350789,-1.5703946357409002,-6.282724185961539,-6.283213974620305,-2.6709007716901696,-51.69827219719744
580.0,-1.2253555774611973,0.010953353730437395,-1.5703544119984605,-6.282723229055721,-6.283214283400167,-2.656513376913618,-51.83647200137819
581.0,-1.2250527857033147,0.011072243393142603,-1.5703502583087665,-6.2827234210905285,-6.283214286958123,-2.6399525446839673,-51.97458848310912
582.0,-1.2232276208576232,0.011165064853759487,-1.570332735398306,-6.2827234435790364,-6.283214380318245,-2.6220282719453327,-52.11253449645257
583.0,-1.225430070741243,0.01115361924287646,-1.570387491396121,-6.282725099494598,-6.283214075668416,-2.6127849349941714,-52.25063741372877
584.0,-1.22722679451343,0.011210546812146189,-1.5703618021578745,-6.282724848391831,-6.2832143093345945,-2.6092674997138245,-52.38883960087612
585.0,-1.2227473012037542,0.011313272083163538,-1.5702876544700781,-6.282723208286461,-6.283214672949911,-2.596713513322983,-52.5266742523302
586.0,-1.2203634472940226,0.011257774610407953,-1.5701301051958851,-6.282725072128602,-6.283214166974913,-2.581884966275135,-52.664329850975186
587.0,-1.218486673658121,0.011276006027070106,-1.570196369581402,-6.282724286211403,-6.283214371639244,-2.5646928428075344,-52.80189404353104
588.0,-1.2190769008076028,0.01124567706667196,-1.5702775808323348,-6.282725311189607,-6.283214175212158,-2.548449091691696,-52.93952635842356
589.0,-1.2155188916059323,0.011313355128135326,-1.5702503466063893,-6.282723933302336,-6.283214536408933,-2.5469693974551855,-53.076958232177475
590.0,-1.2118695162586361,0.011295984885800192,-1.5702928444270108,-6.282724481333471,-6.283214332442151,-2.5424591111977883,-53.2142769579699
591.0,-1.211474433053596,0.011249975331162246,-1.5703502185314917,-6.282725568763432,-6.283214125587501,-2.5417763965617657,-53.35162351071621
592.0,-1.213343634864302,0.011236712629837603,-1.5703712489763892,-6.282725946348686,-6.283214149049031,-2.530367109921193,-53.48904274389605
593.0,-1.2176406360212213,0.011225680638508956,-1.5703876171182003,-6.282726144219602,-6.283214145086534,-2.5169886693762877,-53.62664580423152
594.0,-1.220012491080565,0.011273844279027853,-1.5703478403658315,-6.2827250694852586,-6.2832144138610255,-2.5032731972764375,-53.764337850241844
595.0,-1.2205024314789046,0.011270478307728196,-1.5696842188676274,-6.282726149253951,-6.283214239693092,-2.4913399413351023,-53.90184030764375
596.0,-1.221331763811402,0.01130566280188532,-1.569886297897742,-6.28272337084203,-6.2832145905564065,-2.4814098385948853,-54.03942631069861
597.0,-1.2224779934174632,0.011291801112845962,-1.570044633120362,-6.282724707245809,-6.283214371453689,-2.46778743691087,-54.17714559975471
598.0,-1.2239629532906384,0.011282381569181685,-1.5701507221817252,-6.28272515101639,-6.283214305329514,-2.4668757953840155,-54.31500278519019
599.0,-1.2214948260143073,0.011330694451669513,-1.5701722576027226,-6.282724265722287,-6.283214540044299,-2.4649876940881814,-54.45270151044669
600.0,-1.2196226502278167,0.011298621051498325,-1.5702478263782487,-6.282724936247477,-6.283214299313758,-2.4600567087072944,-54.59033170043419
601.0,-1.215023562509571,0.011327757526560265,-1.5702498356229653,-6.28272431786774,-6.283214472483676,-2.4523700857065274,-54.727736274289605
602.0,-1.2079432402053367,0.01133870652040198,-1.5702612143004981,-6.282723902022324,-6.2832144647440655,-2.4467683190593243,-54.864923327906766
603.0,-1.2051284888965932,0.011261468920445366,-1.5703464199395716,-6.282725425931329,-6.282692032344813,-2.434165801314119,-55.002151315097066
604.0,-1.2030589630465558,0.011264296657483566,-1.5703500406394535,-6.2827253589111,-6.283019594157011,-2.4178832166692668,-55.13935307307979
605.0,-1.201621163270861,0.010181389465237561,-1.5703090995977427,-6.282714913591124,-6.283146379743034,-2.4059910058126843,-55.27705686442451
606.0,-1.2062523822744233,0.010248102030943064,-1.5704621317283112,-6.282737864288784,-6.283195272741644,-2.3905603683396524,-55.414858018506855
607.0,-1.212994133744044,0.010594458330426937,-1.5704293686380728,-6.282729459347997,-6.283207738807644,-2.377423313988325,-55.552616280410284
608.0,-1.2184116901578599,0.01085979179049996,-1.5703776094463642,-6.28272538841701,-6.283211989000601,-2.3645789231318566,-55.690442063430524
609.0,-1.2214145111224797,0.01103951814634196,-1.5703388010265964,-6.282723834400801,-6.283213585885875,-2.348245808234121,-55.82832913899236
610.0,-1.2229691453724618,0.011141248248744094,-1.5703277479737803,-6.282723678632141,-6.283214108650048,-2.343785727044977,-55.96625830386925
611.0,-1.2183308533232762,0.011267636113240399,-1.57026525200258,-6.282722614783496,-6.28321458724228,-2.3395088030672766,-56.103854259337396
612.0,-1.2128465582725163,0.011274811539730454,-1.5702959213632581,-6.282723488801001,-6.283214371134022,-2.3302380962149662,-56.24122056769077
613.0,-1.2040557000116006,0.011320553626778706,-1.5702755411026441,-6.282723196838421,-6.2832145077370765,-2.325874226000014,-56.37836601638035
614.0,-1.1971729391964712,0.011279101711910593,-1.570330127792989,-6.28272433663621,-6.282853798245759,-2.321720883661225,-56.515574859977725
615.0,-1.1982456123341327,0.011182624696283599,-1.570426177288602,-6.282726731408267,-6.283083283654122,-2.313222970239263,-56.65285929511966
616.0,-1.199054772731881,0.011231513926241816,-1.5703844240573863,-6.282725626788599,-6.283171561709795,-2.3028408616875384,-56.790091830290656
617.0,-1.2050114381631314,0.011184521772054421,-1.5704325062742963,-6.282726648774522,-6.283202640997173,-2.29538610135374,-56.92737236255533
618.0,-1.215505157558503,0.011176807648965233,-1.5704385651344668,-6.282727214393424,-6.283209913264042,-2.2812786088051724,-57.064913699903244
619.0,-1.2237014160497681,0.011255115875988679,-1.5703679475551777,-6.282725584454801,-6.283212933416331,-2.265991411567081,-57.202827356954145
620.0,-1.2237398201735294,0.011365154084798493,-1.5702713217119997,-6.2827232250790646,-6.283214295303326,-2.2577187019814784,-57.340681418654896
621.0,-1.220960613790304,0.011359935107616854,-1.5702803921533737,-6.282723568306605,-6.2832143895501655,-2.2432573088367103,-57.47837167799493
622.0,-1.2132187546016178,0.011393391080758037,-1.570249751613344,-6.282723049416939,-6.283214610164034,-2.237252873849403,-57.615678408982944
623.0,-1.2015621761523791,0.011400269967590176,-1.5702451731179765,-6.282722965619935,-6.283214568551405,-2.227512525236368,-57.752755916606844
624.0,-1.1949439838915998,0.011291858961697123,-1.5703463971124927,-6.282725025346751,-6.283214032569055,-2.212464552111046,-57.88998625065547
625.0,-1.1912324088226867,0.011258682271871401,-1.5703738721025038,-6.282725534462859,-6.283214083254042,-2.1957871355165928,-58.02733944837981
626.0,-1.1923993691595831,0.010701781180803149,-1.5703967439813509,-6.2827215243173855,-6.283213759556093,-2.1881781744035314,-58.164953215385644
627.0,-1.1968371709468932,0.010757373961940622,-1.5704426415915265,-6.282731741786224,-6.283214273295815,-2.176832979764445,-58.302487838666025
628.0,-1.200912718798994,0.010950795723545178,-1.5703985954457358,-6.2827270127259345,-6.283214352655446,-2.1708617002017836,-58.43986655492519
629.0,-1.209200777529444,0.011018565586123696,-1.5704248885837635,-6.2827266086847535,-6.283214074049297,-2.157330227739172,-58.577294936773676
630.0,-1.2143391599829316,0.011158452318264008,-1.5702714929895696,-6.2827248962846145,-6.283214463303027,-2.147645269535568,-58.71475392719694
631.0,-1.2185015271764534,0.011202548480768394,-1.5702908093322667,-6.27938609468613,-6.283209942939342,-2.1326417029494147,-58.85226733627779
632.0,-1.2217021802724402,0.01126605334746101,-1.5702919952834258,-6.281401718467733,-6.283211744932582,-2.1172977994507938,-58.989988504771425
633.0,-1.2220521759119056,0.011300812392828343,-1.5702815179552567,-6.282182932877152,-6.283213642802402,-2.108714609862566,-59.12774697871386
634.0,-1.2166524586266603,0.011360042174480629,-1.5702442975078406,-6.28250174579029,-6.283214420873231,-2.102535195968098,-59.26519893114325
635.0,-1.2076149590010146,0.011371255109124402,-1.5702476180378977,-6.282632481111456,-6.283214503958214,-2.102240617659631,-59.40235569037361
636.0,-1.203516857950315,0.011272918275699624,-1.5703468346667577,-6.282688227683341,-6.283214034593704,-2.092800672018993,-59.53954473930328
637.0,-1.1957437657204735,0.011331693271474801,-1.5702962060635077,-6.282708625495355,-6.279328869545754,-2.0832350460047806,-59.67684903083067
638.0,-1.1951096578043972,0.011214748944636227,-1.5704079793446484,-6.282720509021729,-6.28169310028214,-2.0785395610874082,-59.81420428081338
639.0,-1.2004066702543619,0.011176841791019031,-1.5704411381674812,-6.282724609236556,-6.28260011493663,-2.065520544424389,-59.95150257104694
640.0,-1.205737778377294,0.01122309864819084,-1.570399349155836,-6.28272491731685,-6.2829732556654365,-2.053687957539989,-60.08876794435955
641.0,-1.2078584029228436,0.011284842902901533,-1.5703456409389038,-6.282724163198654,-6.283126507540696,-2.045749075221694,-60.22600974434978
642.0,-1.2120864624259835,0.011254313596255002,-1.570375570285191,-6.282725333015431,-6.283189311633224,-2.0314416563029822,-60.36337715033817
643.0,-1.2174754093780318,0.011255667610393759,-1.5703728026127621,-6.282725667535258,-6.283206676958261,-2.0236996718211175,-60.50095023968597
644.0,-1.217062428800873,0.011339626778542469,-1.570296520042102,-6.282723908274779,-6.283211903213035,-2.0094534210392743,-60.6384487356233
645.0,-1.2144721334554327,0.006928486276775893,-1.5700967973809972,-6.282682346207705,-6.283211746753275,-1.9974239039244286,-60.77786970311324
646.0,-1.2103198023123785,0.007474534058503659,-1.5704585671648916,-6.282769870125,-6.283209428455631,-1.9814488205688108,-60.9172181814589
647.0,-1.2017279660111464,0.00885797269909131,-1.5703550523260128,-6.282735613341537,-6.283212526410856,-1.9683204139540826,-61.05569551022903
648.0,-1.200713431512736,0.009615499563435312,-1.5704344862805604,-6.282725921673498,-6.283212942869097,-1.9556887308886615,-61.19379918172038
649.0,-1.203101648476343,0.01017538028596661,-1.5704200625393323,-6.282722954814121,-6.283213583190168,-1.9505607592578789,-61.33159956325687
650.0,-1.2106282457918793,0.010509265250378897,-1.570440981711218,-6.28272353997321,-6.283213702585969,-1.95173822792199,-61.46933565568072
651.0,-1.2183974388801504,0.010792350693106969,-1.5703938321381423,-6.282723483129885,-6.283214113616133,-1.945887216974883,-61.607195625771006
652.0,-1.2186614107199405,0.011061538440888648,-1.5702889885086382,-6.282721653121426,-6.2832146757240235,-1.941894351382407,-61.744912629129296
653.0,-1.2149717069864907,0.011164119822946371,-1.5702805535403157,-6.278925917830464,-6.283208762130865,-1.9407350223139046,-61.882284613164096
654.0,-1.209475491308886,0.009635946415958505,-1.5702148991347806,-6.274781992247227,-6.283211464862538,-1.932311079194057,-62.020041812621
655.0,-1.2011939586420313,0.009896786088748956,-1.5703330147336425,-6.272219669592065,-6.283211306534962,-1.9177952230109285,-62.15759558478259
656.0,-1.1917563292765592,0.01043038240065569,-1.570312817337149,-6.278448206753211,-6.283212710458933,-1.9007088946714121,-62.29519097080618
657.0,-1.1858764494919902,0.010669024670956744,-1.570368580015101,-6.2809738554316334,-6.283213732935837,-1.8869390569082285,-62.43299682629844
658.0,-1.1823954412880218,0.010852534238749986,-1.5703839700000801,-6.282007722366604,-6.28321407561086,-1.8782704784814497,-62.570931378223825
659.0,-1.1857658134619833,0.010917803971345617,-1.5704470698052608,-6.282432447099731,-6.283213861866417,-1.8636634536145598,-62.708716744091454
660.0,-1.1945837393440377,0.010990973531248591,-1.5704581794790564,-6.282606399884869,-6.283213929789509,-1.8465397936361718,-62.84617537045303
661.0,-1.2069446622559672,0.011065672989884206,-1.5704413756724047,-6.282677370284636,-6.28321405823336,-1.8417499708645753,-62.983541388232894
662.0,-1.2137670772264038,0.011222922039389516,-1.5703336309738405,-6.282704145270185,-6.283214630072718,-1.838841467204315,-63.1209641402602
663.0,-1.2171927372018867,0.011280249460529794,-1.5703080171519401,-6.282715715096034,-6.283214588890263,-1.8276120778243063,-63.25849294605451
664.0,-1.2187671040301868,0.011301252206131632,-1.5703045060340342,-6.282720853866965,-6.2832145139454765,-1.8145456597744947,-63.39609029117376
665.0,-1.2147201069479072,0.011362931141351937,-1.5702581971985559,-6.282721835507501,-6.283214711514054,-1.8104120804655024,-63.53346744210323
666.0,-1.211561121192393,0.011314654032785575,-1.5703111975779225,-6.282723878922322,-6.283214332016125,-1.7975902790362273,-63.670772436575916
667.0,-1.207234983621382,0.011319538995807591,-1.570309455788615,-6.282724188803139,-6.283214401755113,-1.7855804276557263,-63.807971690380334
668.0,-1.1997446416143307,0.01132785959118784,-1.5702948307954352,-6.2784728624841994,-6.2832075332332264,-1.7718789725301787,-63.944969358540995
669.0,-1.195670633209556,0.011293169389379756,-1.5703524868359378,-6.281040504316301,-6.283209697963789,-1.766445059213751,-64.0821299816231
670.0,-1.1989062594031064,0.011194484261633098,-1.570431927924431,-6.281701798593578,-6.283212361755239,-1.753108661163494,-64.21936456432552
671.0,-1.2044262953649334,0.011193247163751589,-1.5704203696042769,-6.278713173839965,-6.283209332549951,-1.7384236518877896,-64.35649786343453
672.0,-1.2087120524796378,0.011253304616689976,-1.5703753424800853,-6.277705832967695,-6.283212433233604,-1.7249148333096116,-64.49360847181009
673.0,-1.2110201257950328,0.01128704703219062,-1.5703457083969432,-6.276346233476256,-6.283213732060122,-1.7124031233176182,-64.63070355424031
674.0,-1.20981921492517,0.0113479013305868,-1.5703045697402054,-6.280170654565813,-6.283211799828753,-1.6973811433811192,-64.76784666452517
675.0,-1.2083498955515197,0.011294717097268583,-1.570331924955387,-6.277280124646644,-6.2832064374651715,-1.686930574405228,-64.90490400986991
676.0,-1.2019669797386032,0.01137748008074363,-1.570274786993729,-6.280552682188296,-6.283208778047216,-1.6716159237048667,-65.04192750118303
677.0,-1.1935026291857842,0.011355176825122706,-1.5702880732970717,-6.281835405717308,-6.283212488656151,-1.6542005965688502,-65.17909580956974
678.0,-1.190400219865094,0.011218009631094166,-1.5697279340210453,-6.279652768835952,-6.28321067111941,-1.6409568591247394,-65.31616431338152
679.0,-1.1945527731232333,0.011207573335939127,-1.5699781423813084,-6.2802994967712245,-6.2832127695324935,-1.6297451159682128,-65.45323531818418
680.0,-1.199783802376693,0.011232551752546147,-1.570099849417357,-6.281748750580321,-6.283213725728449,-1.6141156534864771,-65.59031884978184
681.0,-1.2077031328447927,0.011214573750807397,-1.5702101550234808,-6.282326690211927,-6.2832140202456666,-1.6000206841050422,-65.72752051322259
682.0,-1.2150007116521753,0.011252129981426188,-1.570239434200155,-6.282562198606897,-6.283214329846868,-1.6028059809013107,-65.86493102608063
683.0,-1.2186869055347238,0.011307420134242435,-1.5702342706787153,-6.2826578667136666,-6.283214554698659,-1.5927831502650862,-66.00248937626766
684.0,-1.2157940524102475,0.011375694528904723,-1.5702036530834462,-6.282695993616412,-6.2832147665850115,-1.5808686609489868,-66.13988201878134
685.0,-1.2086366611262336,0.01138782992574139,-1.5702151303367047,-6.2827119246784875,-6.2832146522862296,-1.5768807560959976,-66.27704111464016
686.0,-1.202162139349053,0.011337109376498934,-1.5702761181273264,-6.282719690793324,-6.283214331954632,-1.56441288748353,-66.41416482498043
687.0,-1.1929343160356036,0.011355236124984062,-1.5702672750007693,-6.282721892092225,-6.283214470599521,-1.548176182441488,-66.55136950902475
688.0,-1.186002553674795,0.011296970432044046,-1.570328745105829,-6.282723886166324,-6.283214168297847,-1.5303772510141305,-66.68887392069321
689.0,-1.1841770056995577,0.011230407601368689,-1.5703924543647658,-6.282725592725596,-6.283213971200188,-1.512342398917169,-66.82654189048993
690.0,-1.1872072937930271,0.011184455942094258,-1.5704288891810834,-6.280264709883842,-6.283211710248565,-1.4996360812011174,-66.96403783325974
691.0,-1.1922547709879239,0.011217961195052443,-1.5704113724326476,-6.281750667956861,-6.283213081037891,-1.4833962264346499,-67.10137746798071
692.0,-1.2006501956977422,0.011201344531749483,-1.5704220556265411,-6.282327444858453,-6.283213784849629,-1.466540030833768,-67.23861906554141
693.0,-1.2100885393491605,0.011228529888140826,-1.570395899039005,-6.282562541426514,-6.277822652276476,-1.4499761908378808,-67.37612189107531
694.0,-1.216688350482156,0.011284813296055445,-1.5703421142260758,-6.282658985021119,-6.28109910838327,-1.4332622803396016,-67.51370723824505
695.0,-1.2219177907576282,0.011300561593782876,-1.5703306441876006,-6.282697510830873,-6.282356127072718,-1.4264775699278505,-67.65151035166738
696.0,-1.2259273642537143,0.011310236953707458,-1.5703225346046412,-6.282713607081369,-6.282873091643836,-1.4259670269996658,-67.7895558915908
697.0,-1.2230178152901288,0.01138595173423657,-1.5702541850362852,-6.282718737376207,-6.283085443453148,-1.4146103721931857,-67.92735893530795
698.0,-1.219768293385001,0.011343267858585712,-1.570296621877953,-6.282722323936541,-6.283172537250376,-1.4050181538214195,-68.06499717712838
699.0,-1.2123014843588285,0.011368384180043933,-1.5702674722873067,-6.280705903370345,-6.283201004453716,-1.4047817185896398,-68.20222455544972
700.0,-1.201402939144959,0.01139163946358171,-1.5702586691816682,-6.281923714967818,-6.28320936403994,-1.411511182527702,-68.33928236252626
701.0,-1.1881933717402526,0.0113681624161248,-1.5702690715085394,-6.27921241770308,-6.283207804336974,-1.4100910322343727,-68.47650288496614
702.0,-1.1788676018099389,0.011303733247065894,-1.5703412327852235,-6.279872507499196,-6.283211406665744,-1.398470037760841,-68.6142989331902
703.0,-1.1767160712444518,0.011189675642568314,-1.5704284014659007,-6.275025743147612,-6.283204828908723,-1.3850432360942488,-68.75221498633923
704.0,-1.1816341222830495,0.01118323701144741,-1.5704600961919108,-6.2796231782559495,-6.283209878442341,-1.3710618394884144,-68.88998605323206
705.0,-1.1879697130875053,0.011199397365891478,-1.5704281247309027,-6.28145648061892,-6.283212940107382,-1.359153839516133,-69.02748327842207
706.0,-1.196417448761684,0.011202187671344885,-1.5704206151899398,-6.282206799812524,-6.283213826042058,-1.34322943730581,-69.16476298558301
707.0,-1.2015208369026482,0.011276974371720221,-1.5703509949700134,-6.282512300024209,-6.283214439690876,-1.325752612133888,-69.3019416232965
708.0,-1.206844780820369,0.00713527428150413,-1.5701651150389533,-6.2825991437886115,-6.283212701723925,-1.3090732278731123,-69.44109812764394
709.0,-1.2049758199473015,0.007746215073922566,-1.570415238047117,-6.282730584780342,-6.283210147992013,-1.3000897469444403,-69.58020159888419
710.0,-1.1994058829847156,0.009015422169957833,-1.5703477415468523,-6.282720241991173,-6.283212704554134,-1.285339726811947,-69.71859995209273
711.0,-1.1948076620062933,0.009795852352024022,-1.5703529360783783,-6.28087448181647,-6.28321236781816,-1.2698704396373048,-69.85658165443854
712.0,-1.1895126413159611,0.01034601700627383,-1.570329705292672,-6.281988114248779,-6.283213356052082,-1.2524179201723105,-69.99443758479359
713.0,-1.183569361211292,0.010682004903616978,-1.5703266482253904,-6.2824210141683245,-6.283213953634744,-1.2481025569931332,-70.13238563074255
714.0,-1.1806259881531251,0.01085424740595547,-1.5703685968510468,-6.282599927423988,-6.283213955093498,-1.2471884945544567,-70.27044186518216
715.0,-1.1824469071400772,0.010949141026833894,-1.5704103998671164,-6.282674271664193,-6.283213908189775,-1.235690719758112,-70.40837335483158
716.0,-1.1872985901929574,0.011036199755970274,-1.5704139499503913,-6.282704633452376,-6.283214034682819,-1.2263376102441157,-70.54602450219345
717.0,-1.196605643332788,0.011076031322487767,-1.5704316350799548,-6.282717777507286,-6.283213993316474,-1.2191586304118736,-70.68339287597395
718.0,-1.1982581405648545,0.011253951824858846,-1.5703050959970717,-6.282719989939996,-6.2832147273775965,-1.2065746923520926,-70.82058923002266
719.0,-1.201998327408939,0.011223489101209003,-1.5703588189037396,-6.281854608113066,-6.283214287847429,-1.190311418715534,-70.95777680951768
720.0,-1.2067700800608305,0.011244017365958736,-1.5703573057247657,-6.282380521903182,-6.283214227764295,-1.1789915564830276,-71.09500755007734
721.0,-1.2075423317652119,0.01130756870750005,-1.5703076950510757,-6.282583140581135,-6.283214572621908,-1.170389908751219,-71.23221011519642
722.0,-1.201962631217686,0.01137223474100859,-1.5702565887641116,-6.282665303774414,-6.283214751719893,-1.1594655879663105,-71.36930658014248
723.0,-1.1917067518976812,0.011389552996261916,-1.570244510491226,-6.281702442406055,-6.2832147029369025,-1.1521333001319733,-71.50648001382064
724.0,-1.1838870046366212,0.011323759374998459,-1.5703144278151786,-6.282319704403599,-6.283214145266139,-1.138193074016881,-71.64404891815066
725.0,-1.1782316097471384,0.011284161865226938,-1.5703486855625504,-6.282559448796276,-6.283214163983163,-1.1213469527217388,-71.78200562921279
726.0,-1.1777438400958773,0.011219031554464874,-1.5704083087635692,-6.282658372574765,-6.283213973383578,-1.1141624675069004,-71.92008030109851
727.0,-1.1809106762098147,0.01120213813039324,-1.5704220920265177,-6.282698756937642,-6.2832140415229585,-1.1040140099987863,-72.05797430303609
728.0,-1.1859933111907588,0.011202158819508447,-1.5704153794074744,-6.280168902380722,-6.28321156757393,-1.0887987257428695,-72.19551166801192
729.0,-1.1953512424322164,0.011201713349944666,-1.5704282582027063,-6.281713307928878,-6.283212866149003,-1.0714236564176594,-72.33279723511686
730.0,-1.2055617400120093,0.011229395293079342,-1.5703959688708018,-6.282311676626832,-6.28321390539627,-1.057397366861351,-72.47003040018015
731.0,-1.2074609264917122,0.011354210292568934,-1.5702817574410006,-6.282553943919847,-6.283214736900535,-1.0478506774072156,-72.60719675475019
732.0,-1.2034745144681682,0.011390221775779535,-1.5702526899529972,-6.282653539575725,-6.283214744512093,-1.0353003995729757,-72.7442886437618
733.0,-1.1997794705443807,0.011326410982730304,-1.5703032033408502,-6.2784999620573085,-6.278619247692763,-1.0378923480998057,-72.88144315299147
734.0,-1.196021319127494,0.011312456517081836,-1.570318484038045,-6.274680358358053,-6.281413587363163,-1.0343691392079142,-73.01843217423384
735.0,-1.1905890599852644,0.011357496302484301,-1.5703022416111685,-6.2790795635631245,-6.282486169199908,-1.021894418961354,-73.15561565378708
736.0,-1.18101005829881,0.01136831949629156,-1.5702770644125967,-6.28024771589338,-6.28292609075525,-1.0058142126222989,-73.29323518109787
737.0,-1.1754712990291907,0.01128205054791738,-1.5703574802612694,-6.281724787132687,-6.28310703294833,-0.9880826877271796,-73.43137146198954
738.0,-1.176584592674515,0.011186942715114494,-1.5704300950938592,-6.278363870850922,-6.276671162009026,-0.9756587976824794,-73.56963600686984
739.0,-1.1797990639968463,0.011223528164601832,-1.5704104868962159,-6.280993198560446,-6.280619305254899,-0.9595382895053657,-73.70761554560531
740.0,-1.1815486658340235,0.011258860968020246,-1.5703723626587731,-6.282015585802379,-6.282158964635434,-0.9587559367949949,-73.84542706030409
741.0,-1.1837409308136637,0.011253390607997182,-1.5703744771661812,-6.281581755896045,-6.282792001736629,-0.9472293406293907,-73.98308543984082
742.0,-1.184743248524723,0.011284283628821222,-1.570350096131143,-6.282267937164386,-6.2830521593187445,-0.9313742563390713,-74.12067433174457
743.0,-1.1842356369066724,0.011298414426781525,-1.5703364121222627,-6.282537573048037,-6.283158800199632,-0.9151293598837663,-74.25827746087775
744.0,-1.1891931773908226,0.01120229236647928,-1.5704110246979972,-6.277506794547697,-6.2831980932584335,-0.8984503426284858,-74.39559170131966
745.0,-1.1885972070107336,0.011343542839490454,-1.5703063264482653,-6.280654951200168,-6.283204831572569,-0.8836210373362534,-74.5328923653514
746.0,-1.183040633521646,0.010195468213985965,-1.5702326645970346,-6.2755855796058215,-6.283201840231418,-0.8664580354588881,-74.67081651745333
747.0,-1.1765301796206935,0.010362984029076018,-1.5703342498854849,-6.279872671605988,-6.283205862489387,-0.8591501193926859,-74.80929018881906
748.0,-1.1751337239911825,0.010605534229470004,-1.5704001574235933,-6.281557611163531,-6.283211044004909,-0.8509709416207979,-74.94784898727143
749.0,-1.1787246566865524,0.010772790654469344,-1.5704320927285644,-6.2792179358841995,-6.2832093064986685,-0.8521817455275119,-75.08601056352985
750.0,-1.1808073057544766,0.010997165281425627,-1.570371155958714,-6.281328087809556,-6.283211772009295,-0.8443190880647251,-75.22394729224494
751.0,-1.1863689692428938,0.011047567921185622,-1.5704054698409513,-6.2821539891062494,-6.28321325127111,-0.8375872576373975,-75.36161248495296
752.0,-1.1889009169477418,0.011173125156838139,-1.5703429422983108,-6.282490433330469,-6.283214207264236,-0.823780823740268,-75.49908210082482
753.0,-1.1957882155121429,0.011132651988886914,-1.5698922162725935,-6.282631385259081,-6.283213840674597,-0.8111387518206177,-75.63623501796464
754.0,-1.1988318972085334,0.011272234356321974,-1.5699674394160972,-6.282684012265588,-6.283214721153766,-0.7973379489559664,-75.77328679208318
755.0,-1.1974590188678023,0.011307027864689595,-1.5700576348022717,-6.278667910972306,-6.283208276909729,-0.780589602737521,-75.91023246051112
756.0,-1.1916770287530734,0.011374403802426988,-1.5701044945391893,-6.281115956737435,-6.283209963881776,-0.762917614703574,-76.04734319025684
757.0,-1.181518704259118,0.01134791769096023,-1.5701548436515007,-6.2726916780821735,-6.283202113346529,-0.7525534191582406,-76.18464501697999
758.0,-1.175683157683136,0.011311484903646456,-1.5702664784342986,-6.2748837563704845,-6.283205968815046,-0.737254854987536,-76.32247748611118
759.0,-1.174893878486963,0.011252935576585223,-1.5703433730638263,-6.279567690786429,-6.283209592725617,-0.720394446943907,-76.46060708960965
760.0,-1.1753565815906861,0.011238641797427767,-1.5703573407894027,-6.281433576610907,-6.2832128001106735,-0.7023470984251619,-76.59878445734832
761.0,-1.1784401495933374,0.011208706619314729,-1.5703873957113188,-6.280300925131147,-6.2832124499693505,-0.6999063353378611,-76.73674168917742
762.0,-1.1789150596078077,0.011281607349084065,-1.570337204275078,-6.28175712360113,-6.28321369980381,-0.6926676241334446,-76.87464065326265
763.0,-1.1844448028159364,0.011211478321394186,-1.5704043723607153,-6.282330450996936,-6.28321383874884,-0.6874177130351615,-77.01231717003998
764.0,-1.1850371561552926,0.01130559824097263,-1.570318713755438,-6.282562493322076,-6.283214553152301,-0.6820553348976608,-77.14986999687066
765.0,-1.1856785010933601,0.01128730934030813,-1.5703413167242515,-6.282658580214387,-6.283214351966244,-0.6766253099162559,-77.28741644248912
766.0,-1.1880366646798468,0.011219076307169458,-1.570375124607175,-6.271582749633508,-6.283204564408853,-0.6666902603477057,-77.42455718159306
767.0,-1.1854391516893934,0.01036895274521581,-1.570240846096534,-6.276822005725433,-6.283209631501098,-0.6515546802739608,-77.56230946568151
768.0,-1.1884900663510478,0.01035129490679193,-1.5704274014947468,-6.274843187481557,-6.283204858535128,-0.6445688227966632,-77.70001743330035
769.0,-1.1922599529623434,0.010703930874069146,-1.5703851411414964,-6.27956617473201,-6.283207605147672,-0.63061363886393,-77.83754211799898
770.0,-1.1945621584705428,0.010893729520830144,-1.5703620203864093,-6.276194323226386,-6.283203050414361,-0.6137584326322062,-77.97479272059299
771.0,-1.1921839965097139,0.011104073647755288,-1.5703003900244252,-6.276600203390994,-6.283210175290745,-0.5970009538117297,-78.11196571640103
772.0,-1.1855862612613375,0.011227413039887914,-1.570271994201147,-6.280262728071421,-6.283211282640474,-0.5790088232397901,-78.24941448263151
773.0,-1.178640504950026,0.011236328339471004,-1.5703037806240339,-6.281716965063709,-6.283213337106538,-0.563833839328644,-78.38731596458946
774.0,-1.1728754686045022,0.011233224474034539,-1.5703352767069463,-6.282312421113333,-6.283213939042168,-0.5465309943440382,-78.5256925068922
775.0,-1.172641324262631,0.01113712513782288,-1.5704161852563578,-6.272208532490481,-6.283204309704611,-0.5332993448104388,-78.66387933993057
776.0,-1.1787651202720453,0.011122157900105215,-1.570454051486331,-6.261496720283324,-6.283201691629213,-0.5250070542954959,-78.80130097834106
777.0,-1.1807029915640042,0.011271731961797796,-1.5703512676072033,-6.256898798460277,-6.283209455336739,-0.5105512767509179,-78.93830421175211
778.0,-1.177436521868553,0.011353816070920624,-1.5702954561613955,-6.2565655770083595,-6.2832125007725015,-0.4945468933644952,-79.0754247058812
779.0,-1.1730178613205289,0.011319946082430513,-1.5703146746206311,-6.251708915927194,-6.283205851624566,-0.4768621044204422,-79.21277237387314
780.0,-1.1724499593119997,0.01126914325865879,-1.5703706545467366,-6.249416136620521,-6.283210659612732,-0.46716739008414143,-79.35016852140464
781.0,-1.1751470480281876,0.011255834355538261,-1.5703899568814683,-6.2512581933313625,-6.283212570681658,-0.46093925919439255,-79.48741834809782
782.0,-1.1804251967637054,0.011219932846804588,-1.5704043064860318,-6.248474281375057,-6.283208904442033,-0.4595951266816895,-79.62424894892072
783.0,-1.1876554392023106,0.01122366470340181,-1.5704003647995561,-6.24523410851915,-6.2832106046492315,-0.4479146682363557,-79.76060140387733
784.0,-1.1931172549397995,0.011264750596280123,-1.5703586445752917,-6.239520779464202,-6.283206003483877,-0.43199811535105564,-79.89656382274809
785.0,-1.1957368575476688,0.01133131306444649,-1.570318719040817,-6.239898785585313,-6.2832109339014215,-0.4281085250998122,-80.03241768510262
786.0,-1.1939704408878133,0.011342027347778224,-1.5702904121410155,-6.234070753591219,-6.283202501039553,-0.41958978690466325,-80.16813188102346
787.0,-1.1908454454941706,0.011316282844303296,-1.5703081352359674,-6.223751295299955,-6.283200036383571,-0.40505212198996615,-80.30368417472228
788.0,-1.1829884102746024,0.011367781400056239,-1.5702691938214433,-6.213018168857732,-6.283203518335253,-0.3905194694877578,-80.4392619620325
789.0,-1.177112156451307,0.010071196420025694,-1.5702575845376865,-6.214999334350922,-6.283208695750359,-0.37346860448018776,-80.57587544798778
790.0,-1.1765662436616218,0.005606171109662178,-1.5702165120325802,-6.222902219544967,-6.283210527299507,-0.35533425543206765,-80.71494557426999
791.0,-1.1755616042078898,0.006529520287899596,-1.5705531426497445,-6.219081327933413,-6.28319958824483,-0.33675110085165416,-80.85385189719922
792.0,-1.177032914012095,0.006108732034104493,-1.5703978726100902,-6.216602515705936,-6.283207305070379,-0.32641214938440544,-80.99266176692404
793.0,-1.1763470786675718,0.007485064184541651,-1.570471606790222,-6.209107414951972,-6.283200277934321,-0.3126493599945024,-81.13072406668745
794.0,-1.1763009619991938,0.008859826671352655,-1.570409909783188,-6.2139212363398775,-6.283207975900768,-0.303653464083171,-81.2681502836996
795.0,-1.1743588690700821,0.00971939777196292,-1.5703577272135985,-6.212929422172725,-6.28320782889906,-0.2889186426745592,-81.40522989443072
796.0,-1.1708569439163155,0.010288215089766815,-1.5703329548492968,-6.211730530364001,-6.283211803038655,-0.2823548057150866,-81.54227117357887
797.0,-1.173829371355737,0.010556052764940094,-1.570409567075922,-6.209894357576188,-6.2832127248501894,-0.2734904077301712,-81.67893307168245
798.0,-1.1753835633449043,0.010851455633415037,-1.5703545612051948,-6.210768406995427,-6.283213678677237,-0.2690644072579354,-81.81529638244523
799.0,-1.1780630680805109,0.010964290472970172,-1.5703733896518806,-6.20569485290324,-6.283204947470071,-0.2561560439547567,-81.95130314618787
800.0,-1.1794377481625407,0.011140703639885799,-1.5703350876079385,-6.211969275332254,-6.283210288068582,-0.2397330025277522,-82.08723213424788
801.0,-1.1805688030396162,0.011161296786610316,-1.570347057875735,-6.211049957620943,-6.283207739513045,-0.24064245277883817,-82.22306639489618
802.0,-1.1798692178475776,0.01123934825587363,-1.5703244133222345,-6.213875784074279,-6.283110687669805,-0.2351384460019488,-82.35895362332981
803.0,-1.184731278775043,0.011174096923326245,-1.57040089602688,-6.214628701784402,-6.2831844170092515,-0.2218642152828513,-82.49465774175269
804.0,-1.1842953926769202,0.011295196738114582,-1.5703103216790044,-6.217879814095422,-6.283202164040739,-0.2072519912978029,-82.63034205551497
805.0,-1.181271837948976,0.011298232512864572,-1.5703105474722907,-6.217602924692149,-6.283208719557387,-0.1978765010492525,-82.76618606944679
806.0,-1.178746684211883,0.011287048173046843,-1.5703333999422728,-6.218511552224551,-6.283212096883672,-0.18987560529801864,-82.90223182776889
807.0,-1.1718302145915007,0.011323116963622924,-1.5702931520761705,-6.214737379277341,-6.28320639866642,-0.1798408993840511,-83.03867868640134
808.0,-1.1678849530810487,0.011241865007499062,-1.5703628790555948,-6.204710736040117,-6.283201492901521,-0.1646809880468926,-83.17537004400893
809.0,-1.1668034724984155,0.011249665042337034,-1.5703812002890616,-6.199807188386253,-6.2832088070227385,-0.15112585549847807,-83.31208100280922
810.0,-1.171477837553882,0.011233692993261076,-1.5704220201406758,-6.2047592019234035,-6.2832112558493,-0.1403013838060604,-83.44848645495581
811.0,-1.1771382367466994,0.011238981222464755,-1.5703988834853317,-6.207773029753342,-6.283213386603857,-0.13120303873058398,-83.58447762050534
812.0,-1.181668559474913,0.011268126607892361,-1.5703676774479776,-6.210820920711736,-6.283214131089226,-0.11832976335459044,-83.7201976481436
813.0,-1.184056864676014,0.011294652172430643,-1.570339590894159,-6.213289084679065,-6.283214483182799,-0.10488228292893169,-83.85580683847407
814.0,-1.1853982518117876,0.011337300199537438,-1.5703251902256221,-6.2253112777850355,-6.283214040738921,-0.09358863194476584,-83.99160025314067
815.0,-1.183275137988077,0.011324330405882965,-1.5703048819737915,-6.230195469965083,-6.283215103971611,-0.0921944913222249,-84.12762565750418
816.0,-1.1764460118941178,0.011321254320401014,-1.5702840493350796,-6.225107847187133,-6.283203408128309,-0.0877844518863276,-84.26394899440827
817.0,-1.1678882347345887,0.01132581150324567,-1.5702944605826197,-6.219807649776035,-6.283205186261493,-0.09514530619738477,-84.40088163031116
818.0,-1.1612498699369795,0.01129692837666565,-1.5703363513595439,-6.2167670982738015,-6.283210450822563,-0.09755449700043228,-84.53851133362878
819.0,-1.1564173868884804,0.011279877445693406,-1.570358557732985,-6.215466906038747,-6.283212545542013,-0.08848281890884942,-84.67674849083245
820.0,-1.157386487850281,0.011217209521744402,-1.5704196174092768,-6.216016288551393,-6.28321307493775,-0.07366291721849684,-84.81497116723597
821.0,-1.1643846806273253,0.011174182876913874,-1.570452492956695,-6.216345896259545,-6.283213476570093,-0.05734522034662077,-84.9524232248592
822.0,-1.174978805576156,0.011158373433315657,-1.5704472701118886,-6.210387780389232,-6.283204258208031,-0.03953510467850507,-85.08873644770215
823.0,-1.1883835020794207,0.011193946590736529,-1.5704251463944934,-6.2065473710838095,-6.283210167588951,-0.021086106581375684,-85.22410579484948
824.0,-1.1980827897112944,0.011288007078312906,-1.570342451357214,-6.203029834402259,-6.28321123077233,-0.00672759423294334,-85.35904129277387
825.0,-1.1989108233580752,0.011407839578418696,-1.570245804645245,-6.203104861332659,-6.283213539165788,0.010220594617168696,-85.49386232468893
826.0,-1.1967967466214962,0.011394244474134363,-1.570261963984915,-6.204919246387144,-6.283214014344332,0.022587237406537064,-85.6287563837587
827.0,-1.1895180470170217,0.011393538680330719,-1.5702424932165868,-6.2007712675026125,-6.283205337059089,0.03868843333713242,-85.76373260805181
828.0,-1.1781620178417327,0.01139413072484476,-1.570242034317984,-6.194355770697227,-6.283202126427722,0.05642883396129734,-85.89916239832698
829.0,-1.1641547672851955,0.01138336288962271,-1.5702524542554865,-6.185454694464779,-6.283198964584036,0.07025689936711327,-86.0356826277925
830.0,-1.157239048365339,0.011274297150280464,-1.570368977444884,-6.179524385847396,-6.283206139982897,0.08206790046893686,-86.17309218546005
831.0,-1.1589350403747554,0.011186665574495422,-1.5704485753599782,-6.174483850181473,-6.283208614158358,0.09226136119316583,-86.31033186204596
832.0,-1.164553202400676,0.01117745323673034,-1.570447267245576,-6.166932885939532,-6.283202897768503,0.1063694214853362,-86.44679880715196
833.0,-1.1694655650821786,0.011291270106367208,-1.5703853462489568,-6.175021882832508,-6.283209195306758,0.1188436110615758,-86.58277342806741
834.0,-1.1779116189131735,0.01122432858557653,-1.5704155557116284,-6.178195487010605,-6.283212504181182,0.1345695153629772,-86.71814264767936
835.0,-1.1866353998687582,0.011275382373549012,-1.5703775897443304,-6.188088994432708,-6.283213421998766,0.15105351182941548,-86.85311702417513
836.0,-1.1933916676806302,0.011279147425615076,-1.5703477697398502,-6.192378217499262,-6.28321463924077,0.15856422350482835,-86.987912909977
837.0,-1.1923066966981937,0.011359834011984234,-1.570266179573591,-6.193428642017178,-6.28321491625638,0.17235852552575137,-87.12267761021816
838.0,-1.1894345106862394,0.011322333137489243,-1.5697732880067048,-6.194968814399507,-6.283214279073178,0.18363854569658772,-87.25741035945357
839.0,-1.1817714235873147,0.011383234905181899,-1.5698952290606325,-6.19317286877459,-6.283210677440941,0.19454467082088656,-87.39246318505286
840.0,-1.1758121264182182,0.011297503356304014,-1.5700830410602686,-6.185784238338374,-6.283202563495155,0.2088244272187508,-87.52791111592592
841.0,-1.1723478771893239,0.011285875418242839,-1.5701940409669501,-6.184015081647552,-6.28320920090426,0.22140919098978876,-87.66366948045122
842.0,-1.1692265204811276,0.011305183169632742,-1.5702433157132276,-6.188587849583436,-6.283208687955286,0.22865880342681838,-87.79980763469887
843.0,-1.1649414479627045,0.010637435042157518,-1.5702330317975695,-6.197544405877322,-6.283211890098134,0.2357759527205368,-87.93686656443387
844.0,-1.1580256821709878,0.010747789185125112,-1.5702876780157935,-6.209822802064926,-6.283214074220479,0.24972938961303717,-88.07498590832498
845.0,-1.1510172197705795,0.010866678758930484,-1.5703267201530597,-6.2070330986218005,-6.283202422816307,0.25985848073782675,-88.21398582538663
846.0,-1.1475733326799198,0.010617800113140861,-1.5703579913477332,-6.205317839640793,-6.283209252009957,0.26169713227435304,-88.353637857272
847.0,-1.1511882060446024,0.010671687275951745,-1.5704559188858955,-6.198492188206096,-6.280993535922649,0.2735985140685969,-88.49272692249714
848.0,-1.1592746966582905,0.010876251030887114,-1.570444523772732,-6.200049951835847,-6.2823506257542885,0.28589300122501643,-88.63061024702637
849.0,-1.1709950111474452,0.01099341900075804,-1.570434200950997,-6.2028763932005955,-6.282870315614089,0.3019988645572839,-88.76719427255716
850.0,-1.1829885411540817,0.011056712761116022,-1.5704023462324304,-6.1928844704587975,-6.283083249271987,0.31974203509576,-88.9026101326464
851.0,-1.188160810038625,0.011221336187085755,-1.5703032599675963,-6.179864760033357,-6.2790666586773405,0.3381638686179931,-89.0374426668525
852.0,-1.1858366327728307,0.011377272274833707,-1.5702341524130954,-6.179276138851294,-6.281589902465201,0.356866315249537,-89.17219247954846
853.0,-1.1777861870743342,0.01139095506821413,-1.5702238425727157,-6.173793587366713,-6.282557129809136,0.37568446764156344,-89.30728439310123
854.0,-1.1659231576182327,0.011405109406506698,-1.570228565108165,-6.170021992239237,-6.282955817349363,0.3931604716525405,-89.44334042568683
855.0,-1.15905464477887,0.008492628504951097,-1.570195391733731,-6.177274877869256,-6.283122603098712,0.4114481371379447,-89.58170778664137
856.0,-1.1566671307477412,0.005049486281846475,-1.5703097741368013,-6.182276303056341,-6.2831867830720105,0.4259282532862168,-89.72231892227768
857.0,-1.1519838173056964,0.0034716360057976798,-1.570392638808236,-6.183643066203671,-6.283202743679898,0.4329661017154124,-89.8645044094396
858.0,-1.1459661332272695,0.004385377023828844,-1.5704754845364546,-6.19078295670895,-6.283206617534333,0.4433828477363153,-90.00739136170425
859.0,-1.1421525482439028,0.005943818566369316,-1.5704913314697833,-6.189712747904165,-6.283204183469237,0.4582641959281412,-90.1501408089104
860.0,-1.1416937343919598,0.007649840324668594,-1.5704901685880277,-6.183721561600844,-6.28319995966612,0.4704729872475228,-90.29201331493003
861.0,-1.1473543761236273,0.008881954735880052,-1.5704796002399977,-6.181990059845111,-6.2832078370480176,0.47628880155444175,-90.43230225370677
862.0,-1.1550329688744057,0.009732103159354839,-1.5704262651362377,-6.183342427974472,-6.28321141921568,0.4754448071358015,-90.57099717458291
863.0,-1.1661665877361185,0.010287419228245992,-1.5704089898329014,-6.1949645527687025,-6.283212358154619,0.4846558116973293,-90.70824615688808
864.0,-1.175133706347823,0.010676422795341223,-1.5703437983070774,-6.2075306272837,-6.283214015097016,0.4963013554606947,-90.84466396982582
865.0,-1.1786537653184055,0.010888402340235517,-1.570298771132368,-6.203995595395464,-6.283202564018813,0.5121465787418649,-90.98059988441838
866.0,-1.1819081393081858,0.01102981344662346,-1.570317501714427,-6.201674809685782,-6.283209683588696,0.5295144635534896,-91.11620673048044
867.0,-1.183027345784173,0.011119844344670527,-1.5703083809001113,-6.192034331362774,-6.2832023807531865,0.5408096214951152,-91.2514951378274
868.0,-1.1791935036438963,0.011218950970451074,-1.5702745779634313,-6.176992312533451,-6.283199950951917,0.5559837211519827,-91.38666327228655
869.0,-1.171649557284614,0.011318319386654842,-1.5702586061129837,-6.169432985919782,-6.283207835466657,0.5733326488751983,-91.5222245899906
870.0,-1.1668625817612701,0.011269448623392977,-1.5703284310102248,-6.1611398693860036,-6.283202770389231,0.589470913524262,-91.65819947161607
871.0,-1.1655996791530507,0.01122673999090384,-1.5703749143598815,-6.149955393578031,-6.283200408610005,0.6022521578539479,-91.79422164096594
872.0,-1.165687712887702,0.011294542414732494,-1.5703654436527603,-6.154269938553404,-6.2832079310775635,0.6120066778385476,-91.93024801592912
873.0,-1.1705458328870972,0.011243527262700996,-1.5704097038155806,-6.162086354381877,-6.283211409383905,0.6270196448919663,-92.06595314236968
874.0,-1.1731549634252105,0.011285005561144505,-1.5703567473923703,-6.169317568656213,-6.283210916725636,0.6351818125002279,-92.20147136303035
875.0,-1.1693176770926133,0.011348036603539386,-1.570290207835852,-6.174860121189285,-6.283211916071966,0.6398758297875224,-92.33734334866712
876.0,-1.1655924683842973,0.011312730920175368,-1.5703247818696608,-6.181200790280366,-6.2832112253328365,0.6528843885651405,-92.47374449027515
877.0,-1.1687134082473716,0.011176038051483575,-1.5704202876204263,-6.17708643332715,-6.28320280248115,0.6653662032657204,-92.60990717786854
878.0,-1.1708972104132158,0.011229010021877317,-1.5703759907424235,-6.171179226740984,-6.283202861612979,0.6812886762067594,-92.74570463793322
879.0,-1.1761744060580823,0.011204879937368333,-1.5704056760612213,-6.163561792409249,-6.283201386731438,0.6977724105752025,-92.88096869299429
880.0,-1.1777845908815148,0.011305552836287532,-1.570334323152928,-6.161229139542635,-6.28320936414358,0.7156532957333724,-93.01597301898302
881.0,-1.1766894665046048,0.011326029197259464,-1.5703180286348613,-6.1590886553754185,-6.28321214981203,0.7341314057860886,-93.15100178039616
882.0,-1.1715288098148162,0.01137119981581179,-1.5702853598782813,-6.160751097994926,-6.283212596176654,0.7528570050559434,-93.28643023198583
883.0,-1.1684121807734245,0.011286353333431982,-1.5703452780989913,-6.156629653438762,-6.283205619639765,0.7703434429873235,-93.42218579837123
884.0,-1.1619687871210858,0.01137733582541244,-1.5702956396645777,-6.165237894258235,-6.283210600190086,0.7835271529869358,-93.55867320689879
885.0,-1.1571948174839208,0.011292669376077992,-1.5703478928332217,-6.168614596069653,-6.283213085539361,0.7918340823449607,-93.69589669870574
886.0,-1.1581298559393045,0.011213169632744812,-1.5704134899320485,-6.170955132934604,-6.283213424212771,0.8034033245217985,-93.83314386628862
887.0,-1.1650714854925839,0.011208332477616524,-1.570439581739397,-6.1829933463839755,-6.283213074492639,0.8192218374818812,-93.96979497115736
888.0,-1.1762134130645934,0.011171588288974384,-1.570444312962122,-6.190222256787929,-6.283214114903424,0.8368465220822706,-94.1055632989723
889.0,-1.1869759273660516,0.011206856261302524,-1.5703970447172526,-6.192747902235292,-6.283214705431932,0.8417238313773913,-94.24066825932891
890.0,-1.1925489858944003,0.011269214457196962,-1.5703268437835811,-6.1872360638460835,-6.283203701979651,0.854868007211711,-94.37538886448364
891.0,-1.1929910024114394,0.01134213617558904,-1.5702826612156717,-6.184234147103163,-6.28321039625296,0.8581956598414066,-94.50997509260088
892.0,-1.1924802250222488,0.011340248630071137,-1.5703005413529305,-6.184782917587558,-6.283212561174819,0.8707011456820927,-94.64458935708755
893.0,-1.1864906645189592,0.011322127882510509,-1.5692847253661453,-6.178509599517767,-6.283202890545432,0.8869587838645007,-94.77895082932443
894.0,-1.1759965399874448,0.011446821726591588,-1.5695508583013074,-6.180594832501413,-6.28320611177342,0.9033580821570907,-94.91397616781661
895.0,-1.1732892957111138,0.01123608593923499,-1.5699280263163882,-6.170272425512911,-6.283201278745326,0.9145454102241425,-95.04935095773159
896.0,-1.1740429441005888,0.011243999339793177,-1.570090235272005,-6.165847628911238,-6.283208570490369,0.9169125237051147,-95.18465858818755
897.0,-1.1775115962521119,0.011201105357079556,-1.5702104448508225,-6.154370147556843,-6.283202556933433,0.9286227405331287,-95.31960750926147
898.0,-1.1778015049796848,0.01132212830693079,-1.5702067702684765,-6.155597628928162,-6.283205650506617,0.9395868316866788,-95.45446550051021
899.0,-1.178684068626876,0.01133359084090595,-1.5702600548511705,-6.167122129536833,-6.283210412326702,0.9478005653347824,-95.58944123487917
900.0,-1.1777796592634484,0.011324525990138529,-1.5702719188748135,-6.177122706729722,-6.283195530435926,0.9588629821337228,-95.72464859631218
901.0,-1.1819746953001318,0.011206007717053478,-1.5703682856669858,-6.17867881681798,-6.283206176255023,0.9728355875415363,-95.85972825056709
902.0,-1.1826314167268197,0.011292714307130431,-1.5703104085318884,-6.183347872339855,-6.28320885667707,0.9896693773684776,-95.99476904440004
903.0,-1.1842962342714687,0.011264335831760994,-1.5703449996662848,-6.187348947930166,-6.28321223560205,0.994280691068932,-96.12982596633155
904.0,-1.180239037491521,0.011347596031248531,-1.5702783847286066,-6.193300115222377,-6.2832104847156,1.0073151585585445,-96.26514750697679
905.0,-1.1819705391489272,0.01126112719847802,-1.5703758869129723,-6.204560107823699,-6.283212198239555,1.01884819054204,-96.40070050277865
906.0,-1.183659112053515,0.011275985088348681,-1.570354676108284,-6.216806045123635,-6.283213894318522,1.0251805591769296,-96.53641795388866
907.0,-1.1842214648045593,0.011210696616546844,-1.5703628868602884,-6.21068618662404,-6.283202837305729,1.029482219866546,-96.67201406514873
908.0,-1.186429334416873,0.011238464155139235,-1.5703734823167725,-6.2104739449444395,-6.283209456085128,1.0392319029890058,-96.80748475471266
909.0,-1.1878737489068478,0.011253759108379113,-1.5703570323190361,-6.206752145151832,-6.283207100159922,1.0431980077926954,-96.9427926315022
910.0,-1.1885602997182394,0.011315165585163996,-1.5703378092777038,-6.214041546160896,-6.283211074677877,1.0559317543369289,-97.0781891877403
911.0,-1.1880620706177834,0.011285645854053759,-1.5703383479772512,-6.214135664741488,-6.2832092413403355,1.0682372423566995,-97.21362793744089
912.0,-1.1854549837477135,0.011318974198698418,-1.570319157801551,-6.217499951193614,-6.283211115972951,1.0825416063430089,-97.34923064871536
913.0,-1.179295355982963,0.011342444077435595,-1.570294879051648,-6.2200615374134705,-6.283213451025245,1.0954446713969186,-97.48521600369301
914.0,-1.1773790531408896,0.011258076945219237,-1.5703715157735332,-6.221894335577301,-6.283213687900041,1.1062009882964148,-97.62147458820078
915.0,-1.1795752357969103,0.011195127729122087,-1.5704105854727906,-6.2170483552988465,-6.283204630578227,1.1214747352411365,-97.75753206090074
916.0,-1.1790857301421056,0.011274317559649066,-1.5703519566747097,-6.214556239065381,-6.283210709927643,1.1366534867902456,-97.89348348049253
917.0,-1.1811216558832456,0.01129243551194873,-1.5703733237153858,-6.2246437033729,-6.283212092540452,1.142809070788116,-98.02954586688651
918.0,-1.1826631176896316,0.011262097384787222,-1.5703637976563063,-6.226568467153622,-6.283211115581574,1.1436747927923556,-98.16558295102591
919.0,-1.1870068965234721,0.011196646680608466,-1.5704015801909685,-6.219522238748288,-6.283203011075049,1.1399786062287667,-98.30128901851899
920.0,-1.192444839749353,0.011213051055909964,-1.5703907399287325,-6.209796885285361,-6.283200655964138,1.139520777654908,-98.43655295135423
921.0,-1.1945909481258503,0.011264632204487885,-1.5703416732547535,-6.194756807543411,-6.283199804078776,1.1462716672647475,-98.57138517267258
922.0,-1.192417889094553,0.011368699821797041,-1.570291151933476,-6.190392467941789,-6.283208268006488,1.155858377478814,-98.70609441419458
923.0,-1.1880370178076758,0.011342350338122547,-1.5702990772095762,-6.180461876012476,-6.283201702234992,1.152783062686174,-98.84078234906144
924.0,-1.1830789769772396,0.01134272128208511,-1.5703116081236912,-6.173786187010561,-6.283205996556874,1.1586083595871783,-98.97559557791926
925.0,-1.1767183541361665,0.011341166712130719,-1.5703112107372368,-6.166872816287169,-6.283203799014573,1.1561120248239358,-99.11071075525456
926.0,-1.177352814613104,0.011283575458497766,-1.5703969578033545,-6.173301566813488,-6.283208882372962,1.1598239328337518,-99.2459679105547
927.0,-1.1764743526853387,0.011321944842268804,-1.5703498973902277,-6.183487692638555,-6.283212499469701,1.1553906504751548,-99.38141710598784
928.0,-1.175248515385064,0.011274769888882017,-1.570360495729328,-6.186658785147853,-6.283214013140888,1.1576403971738696,-99.51705556027649
929.0,-1.1759680430125554,0.011251883218521368,-1.5703806236515259,-6.190591714727219,-6.283214037919335,1.1586590402114774,-99.65274124098272
930.0,-1.1735816646660542,0.011335314924918698,-1.570324716354936,-6.203256885058035,-6.283213680964992,1.1596783531886574,-99.78879043223786
931.0,-1.1770469349261548,0.011197589124487192,-1.5704162860524036,-6.2070987462244815,-6.283214232943621,1.1638034129564194,-99.9247949571378
932.0,-1.1859204199157865,0.011187647296995309,-1.5704348055003603,-6.215401398772785,-6.281594438322135,1.1650790283797026,-100.06050320156768
933.0,-1.1924965362457798,0.011249814330672922,-1.5703692478709523,-6.222542817915524,-6.282585934379225,1.1704049667601923,-100.19604702540413
934.0,-1.1960119038439332,0.01127265484572094,-1.5703371072249328,-6.224395412424947,-6.2829662483807525,1.183614200700232,-100.33152393303784
935.0,-1.2036793129916452,0.011201596037994432,-1.5703948603179865,-6.220741066400894,-6.28312309368958,1.1989994108393622,-100.46692092287911
936.0,-1.204507764772457,0.011357933200892161,-1.5702831280877818,-6.22581649841121,-6.2831884348706275,1.2118460237107014,-100.60232381869804
937.0,-1.1985012573782443,0.011348000764434093,-1.5702563674646843,-6.216724346226751,-6.283205016811623,1.2202384305125966,-100.73750476741533
938.0,-1.1879641238174914,0.011393295512643719,-1.57024131742623,-6.210847869642075,-6.28320806900974,1.2347309513256897,-100.8727604633687
939.0,-1.1744879451754366,0.011377612584674535,-1.5702514309275886,-6.20043302885399,-6.283201414021508,1.2402253601049371,-101.00859858071257
940.0,-1.1702928015534,0.011232528959276216,-1.570396628694881,-6.190012987380334,-6.283200454402512,1.234476329954332,-101.14477428259737
941.0,-1.1717358318019626,0.011221085280215742,-1.5704237409211181,-6.185681616933514,-6.2832082188372835,1.2342943502907664,-101.28076925294101
942.0,-1.1749359327534508,0.011249342825343274,-1.5704066796520573,-6.186749540496376,-6.283211563982457,1.224550339965493,-101.41648819840357
943.0,-1.1815927323289936,0.011262738593246916,-1.5704119337034315,-6.198244488677057,-6.283212520260856,1.2260902031055494,-101.55195722108584
944.0,-1.192298725915907,0.01118952946062118,-1.5704326419984231,-6.200547392992228,-6.283211531319079,1.2377380230737238,-101.68704319914904
945.0,-1.1982638573182918,0.011240263661226784,-1.5703519624539395,-6.19040180991754,-6.283202768454464,1.248778370658015,-101.82173926356037
946.0,-1.2073605927068443,0.011233643479281689,-1.5703858402935844,-6.183954880460031,-6.283208376349229,1.2575800421311214,-101.95633429466989
947.0,-1.2096723408970727,0.010939938045431849,-1.5702612179285724,-6.1843474713274045,-6.283211426314694,1.265928206420518,-102.09106352652319
948.0,-1.2091057593360177,0.011026586978439711,-1.570291158315137,-6.194845108518977,-6.283213119104551,1.277475905147318,-102.2259710119372
949.0,-1.2029203026628943,0.011163500333042758,-1.570253437289039,-6.202064301779535,-6.283212550045581,1.2856697376130697,-102.36087742833425
950.0,-1.192273911692037,0.011201503987880338,-1.5702559402565495,-6.196225711925876,-6.283201903493045,1.2885691864475395,-102.49576884580506
951.0,-1.1866577567589693,0.011146090727021676,-1.5703574552713904,-6.1853959497498225,-6.2831999561128145,1.2889307050303613,-102.63073032050629
952.0,-1.1880438105874973,0.011163050044656701,-1.5704149699588983,-6.186238682041733,-6.2832059663245445,1.2807642532041537,-102.76566798006257
953.0,-1.1886051002066313,0.011250409244664911,-1.5703669875439348,-6.194057956956437,-6.283211037700339,1.275008896424708,-102.9006646560436
954.0,-1.1872880563930923,0.011258770446959623,-1.570349872931901,-6.19701096967664,-6.2832136005524495,1.2821402220769509,-103.03576671635064
955.0,-1.1889863965317837,0.011179445446593652,-1.5703997335302948,-6.188244517389165,-6.283203849709813,1.2877399016176487,-103.17069887636735
956.0,-1.1913113796144827,0.011252519498356634,-1.570375237013701,-6.189171916206041,-6.283207883092346,1.2904114699485625,-103.30551174264848
957.0,-1.1967848211077416,0.011239486434202564,-1.5703971144163802,-6.193813973298017,-6.283210065672215,1.2906128314928016,-103.4403014219958
958.0,-1.2025685588398267,0.011253333001472302,-1.5703770679549942,-6.1979741950016525,-6.283212882349066,1.2889079484382002,-103.57512180282038
959.0,-1.203661173700892,0.01130718201775983,-1.5703181035798024,-6.198873295911759,-6.283214366979706,1.2984691822528283,-103.70991996048954
960.0,-1.2019292414494251,0.011305985926086995,-1.5703114654095471,-6.194605100861781,-6.2832064061696205,1.3042274728530459,-103.84462424312044
961.0,-1.2007593190467745,0.01128008827662309,-1.5703385188378347,-6.188098422366089,-6.2832032232687896,1.3167211542407096,-103.97922214581253
962.0,-1.198548193329768,0.011307445891856045,-1.5703282211426066,-6.184428608057646,-6.283209905219493,1.3296006197648753,-104.11374225532852
963.0,-1.2024290296258653,0.011260863162898253,-1.5703979684797718,-6.190760240699809,-6.283211551999657,1.337776035484104,-104.24841271162553
964.0,-1.2003881318377676,0.011318514845254004,-1.5703116746403518,-6.1892967989375665,-6.283206202091528,1.348418445799534,-104.38300247443917
965.0,-1.197815115464182,0.010607232294161219,-1.5703016952009448,-6.188311658050813,-6.283210812162508,1.3536820381458285,-104.51791369593525
966.0,-1.1951896683767833,0.010656558995172349,-1.5703712787223725,-6.178952531690944,-6.2832015890855875,1.354804251004794,-104.65272629199964
967.0,-1.189362606911734,0.01098158951470514,-1.570311319218347,-6.186222080302363,-6.283208709257272,1.3636937759334662,-104.78763918865779
968.0,-1.1839964115336594,0.011050730348482807,-1.570341454457388,-6.187313469761004,-6.283210315761714,1.3742806784411197,-104.92280012112474
969.0,-1.1851187387082003,0.011024777280540535,-1.5704239157692217,-6.1812704039455015,-6.283202758271276,1.3712675149783196,-105.05785987942302
970.0,-1.1871045264045028,0.011161346818039661,-1.570386116434051,-6.187348531682346,-6.283209276306128,1.3729214572092807,-105.19284507255456
971.0,-1.188771104385667,0.011234744171289598,-1.570363278463333,-6.200920752049353,-6.283211967331161,1.3805938455327016,-105.32798316088152
972.0,-1.1955019103241127,0.011163062261539389,-1.5704197877169175,-6.209588214446209,-6.283213303353684,1.3836931064418376,-105.46318668821269
973.0,-1.1998053648339104,0.011232770824241073,-1.5703592215649,-6.216669684301666,-6.28321245182717,1.39110797923093,-105.59844285416942
974.0,-1.1992653482252074,0.011325101266640386,-1.570174405215925,-6.230605428184086,-6.283212993296723,1.3999008376821713,-105.73393286097513
975.0,-1.1979657698087174,0.011280305639469183,-1.5702378026246742,-6.236679543509058,-6.28321463590868,1.4033341909511527,-105.86965001294507
976.0,-1.1951892419033618,0.011281763217461391,-1.5702642205658164,-6.239664087142358,-6.281346213627631,1.4079640181774888,-106.00555275535605
977.0,-1.195879568967256,0.011214684057758158,-1.5703421466184178,-6.238190090418186,-6.282488362558144,1.4084036906506552,-106.14144705059924
978.0,-1.1944186898605975,0.011264584697586406,-1.5703160029093493,-6.235225386789861,-6.282926978443078,1.4084975790875032,-106.2772380925146
979.0,-1.1986183654232774,0.01119596156968949,-1.5703971011372784,-6.231657965278688,-6.283107631150599,1.4156835454984344,-106.4129348790124
980.0,-1.201263559673004,0.011246787885070103,-1.5703538396217653,-6.225179971189236,-6.28318145324701,1.41471232556311,-106.54840465993087
981.0,-1.2027722360741222,0.011331778330968479,-1.5703283211101542,-6.233486215707239,-6.283202814944896,1.4075936425212727,-106.68402424735382
982.0,-1.199566045592512,0.011341719437257447,-1.5702914548730889,-6.235209775164671,-6.283208444910146,1.4076821467140581,-106.81968139863062
983.0,-1.1966018825894753,0.011285335276698531,-1.5703309145160795,-6.230924059111316,-6.28320360728218,1.4087505226756092,-106.95530381442903
984.0,-1.196810148177215,0.011229740819510121,-1.5703778598062776,-6.222223754261584,-6.28320053884063,1.408446219283194,-107.09075206795451
985.0,-1.1997894515810825,0.011257118025588595,-1.5703852752813705,-6.222618612802809,-6.283207564692252,1.4100017546377708,-107.22616011297548
986.0,-1.2019555835113542,0.011217805129113731,-1.5692772227809333,-6.218102206623991,-6.283204662674524,1.4217199922135888,-107.36108889883914
987.0,-1.1977592534539028,0.011409517944795285,-1.5695127702369398,-6.220767199139593,-6.283207391448674,1.42611699812717,-107.49605288184189
988.0,-1.1934569332914913,0.011341626901643018,-1.5698078524010657,-6.220583312272603,-6.283211526612499,1.427973487838518,-107.63123449414563
989.0,-1.1883890891677449,0.011335241530058887,-1.5699792436423026,-6.222621326217267,-6.283213163962881,1.4371956399941819,-107.76669081067878
990.0,-1.1902923129607121,0.011238105145826757,-1.5701830841144433,-6.228371373961956,-6.283211391810221,1.442013404054002,-107.90236557706274
991.0,-1.1927797339571196,0.011243000205039488,-1.5702356300864373,-6.231755685349782,-6.283213512848738,1.4433652255271219,-108.03807326197793
992.0,-1.19657621517036,0.011185042849682794,-1.5703030275533716,-6.222005446621367,-6.283203876753634,1.452163246949196,-108.17351908052147
993.0,-1.2011339184010665,0.011250903161962604,-1.570313561022413,-6.220820776905181,-6.283209744493891,1.4664454271463419,-108.30885483697129
994.0,-1.2014433127679003,0.011327899983330655,-1.570272944399249,-6.222408268602328,-6.283212721333738,1.4710331642344594,-108.4441715582058
995.0,-1.2019291578694176,0.011290689982543666,-1.5703127654986457,-6.221001486179627,-6.283211984022249,1.469138954438435,-108.57948914319908
996.0,-1.2065960734908023,0.011213266793371155,-1.5703768435003946,-6.213176738688442,-6.283203710074428,1.4665917503151555,-108.71471764692565
997.0,-1.2078281274694396,0.011302113350543106,-1.570317542616765,-6.208390975233071,-6.283209157541052,1.4642558976525566,-108.8497877142231
998.0,-1.2042584143887056,0.011367017595422102,-1.5702779026342013,-6.207682072341,-6.28228633268777,1.4629145858571404,-108.98476476027224
999.0,-1.1971344363291043,0.01135193208364045,-1.5702762616340218,-6.2005618960250155,-6.282859066944087,1.4549031789421398,-108.98476476027224
