time,shoulder link,upper arm link,forearm link,wrist1 link,wrist2 link,wrist3 link,total_reward
0.0,-1.37836775155807e-06,6.0700829232289224e-05,-1.2409872335763108e-05,-6.247664433258079e-06,4.5919208395391973e-07,-4.270593550935402e-08,-0.9111607981031667
1.0,-0.004819904354869276,0.004577461004201582,-0.005036375553545317,-0.009341851551332107,-0.007066307983288468,-0.00785747912082872,-1.8206263040068336
2.0,-0.010919069098371235,0.008753629767146595,-0.01421889180494601,-0.024270592726544995,-0.014782639926033521,-0.017731038920225567,-2.7269404538174915
3.0,-0.020177351085366665,0.01135687269188298,-0.026686437145503398,-0.035194620510057915,-0.026362167886072957,-0.03282287678823607,-3.627054580148998
4.0,-0.030377094027733635,0.012896090103909444,-0.04135419960353454,-0.05070427446378638,-0.033193267329013676,-0.0495661285133009,-4.519764831137293
5.0,-0.03695487201474102,0.013774301785425798,-0.05748036460011467,-0.06821545196877993,-0.04190719963625772,-0.06756466187318089,-5.406494263251298
6.0,-0.045542678858373736,0.013821534457761608,-0.06910779343042112,-0.0865274941444037,-0.05651584609061202,-0.0860918496697173,-6.286517781412503
7.0,-0.056094192752863474,0.013472762746732597,-0.07526555339117488,-0.10518602255558081,-0.06548734523393465,-0.10252390020555528,-7.159466431780414
8.0,-0.06584825785204115,0.014201283814209023,-0.08540838658159103,-0.11620150093409679,-0.08022046988331688,-0.12036399744260441,-8.025111421678211
9.0,-0.07644433276688856,0.014470299861931353,-0.09527565248803611,-0.1276834193045295,-0.09544461323398153,-0.1388247490033971,-8.882855218845789
10.0,-0.08777922147772373,0.01491045836211557,-0.10802711887466827,-0.14343910801140644,-0.1060245797115563,-0.1532597432457553,-9.73203384979288
11.0,-0.10114494760511107,0.015119327037693328,-0.12284394108140044,-0.16103860131690023,-0.12139413712245996,-0.17024082766701096,-10.570920098137993
12.0,-0.11397088869321416,0.015163763985495666,-0.13904822411141463,-0.1752411165976613,-0.13883385484769142,-0.1883456164531134,-11.399171367585652
13.0,-0.1279402643316976,0.015165198909484898,-0.1561233021641003,-0.19210996407100117,-0.1554227220263502,-0.20691682395997066,-12.21606428266527
14.0,-0.14367210832551364,0.01471398075272663,-0.16902261472565924,-0.20981139101347146,-0.173337311876811,-0.22568101538457727,-13.020961657679976
15.0,-0.1590205835771501,0.014642761803787603,-0.18042117909271826,-0.22657273160860467,-0.19183085111551343,-0.23431115425577606,-13.814349383147773
16.0,-0.17209039833456113,0.014842555865833577,-0.19298614257159888,-0.24101606916734652,-0.20951523536843455,-0.24296581966307684,-14.597387382548497
17.0,-0.18600348029651562,0.01503972824275589,-0.2076243149507853,-0.2487724256332395,-0.22789726832747398,-0.2575320839968969,-15.369139747174069
18.0,-0.20017176648133306,0.015079301930133075,-0.2237085395437094,-0.24279696673558393,-0.24366504489616692,-0.27208740485854505,-16.128765920616576
19.0,-0.2154214218885283,0.015131407453637714,-0.24068294303335488,-0.24588259950326816,-0.2593908363676569,-0.2858105428807838,-16.875647531282947
20.0,-0.22990788217250852,0.015140993216990866,-0.25828307764874964,-0.2579940043968482,-0.2751959360625514,-0.30251235743663357,-17.610136289034553
21.0,-0.24516017444221042,0.015003453304364188,-0.27595375544819567,-0.258750554535877,-0.29278639574645493,-0.3178342066483658,-18.331479282733035
22.0,-0.2612285002434103,0.014760921912688902,-0.29179393663738684,-0.25365576288789776,-0.31114580367165057,-0.33146595525133976,-19.03925580561888
23.0,-0.27814718519293197,0.014878400043296951,-0.30852139694131236,-0.2518869192744956,-0.3262759803505955,-0.34812276499578776,-19.73306616907507
24.0,-0.2957989603381516,0.014944180203783122,-0.32595138779348165,-0.253327295633219,-0.34355762297527503,-0.3660937041165748,-20.412263226018194
25.0,-0.3139374323007738,0.01491830228411664,-0.34388466074155527,-0.24693419178307896,-0.35560187013336947,-0.3846096752043104,-21.07636595719139
26.0,-0.332350257794903,0.014333255932306364,-0.35586874586108763,-0.23328569168458116,-0.37042136102854334,-0.40292941217558575,-21.725866997432988
27.0,-0.3509495225277971,0.01437618472704321,-0.36663088415373396,-0.21652666143147842,-0.38761789171032357,-0.4215821884850918,-22.36107235217545
28.0,-0.36817780293354935,0.01475728822000409,-0.37994720424934536,-0.19849817508995685,-0.4058158105490259,-0.44037971842807033,-22.982368386580376
29.0,-0.38210349228781426,0.014953464727959593,-0.3951351361104123,-0.18115511216492836,-0.42137838806010774,-0.4467600124197888,-23.591326021619146
30.0,-0.3938963632502834,0.014903571936183958,-0.4104815840649352,-0.16381141037466243,-0.4388463408148997,-0.4605021711459732,-24.189105499251557
31.0,-0.405620149327825,0.014749554640982203,-0.42483075978831336,-0.14556942094420094,-0.4534067735240434,-0.4772704806291857,-24.77601988343953
32.0,-0.4192793899723922,0.014371926286628253,-0.43495593877227523,-0.12694702097258764,-0.47044847000256057,-0.4830512446583898,-25.351595857435996
33.0,-0.4326857585045037,0.014705760546814568,-0.4477512635135889,-0.10814961473098547,-0.4885825379218067,-0.496544156731146,-25.91566540327503
34.0,-0.44537585112816963,0.01480215633984752,-0.46169081872278467,-0.08929646601045059,-0.5071655898613315,-0.5126204100245345,-26.468325357514654
35.0,-0.4595423923965387,0.014892496802609533,-0.47726970048804707,-0.07562757639743031,-0.521752667363568,-0.5303430720467248,-27.00868226729203
36.0,-0.47424114968554737,0.014741020755355013,-0.4922138263925614,-0.06327947699310227,-0.5387981823136017,-0.5487561732617159,-27.53631406651692
37.0,-0.49004095495407146,0.014763448648455352,-0.5084257944936855,-0.047153694429131573,-0.5433651446453772,-0.5674548445570085,-28.050812219320534
38.0,-0.5069618470845489,0.014721386497266753,-0.5251422892981888,-0.032012517842916616,-0.5505069521616438,-0.5862715717739004,-28.551333919854024
39.0,-0.519106063622563,0.014712145534270946,-0.5425355599049873,-0.015556947789994495,-0.5644573925157362,-0.6011488124207108,-29.04016577639655
40.0,-0.5315225063756002,0.014614616332509925,-0.5600758650290318,0.0020374007827532424,-0.5813103599139289,-0.6183176941648622,-29.517285096889225
41.0,-0.5443369462735286,0.014168524837557714,-0.5727065579268719,0.014302547015925277,-0.5993650605824662,-0.6332620532146706,-29.983200218855533
42.0,-0.5587218032512846,0.014372649296927663,-0.5872229439668644,0.030368664175184235,-0.6167885689089964,-0.6504713755874105,-30.43703541670477
43.0,-0.5731194066426667,0.01432968336342906,-0.6010519248561709,0.046922494362921556,-0.6350599784960063,-0.6686709409259921,-30.878711151539868
44.0,-0.588532064195553,0.014476139902593896,-0.616500806478654,0.056260956484424536,-0.6454357815096682,-0.6872813229621708,-31.30792562912942
45.0,-0.600207533652361,0.01453456756725393,-0.6330919863758787,0.06356403930436373,-0.649986605058604,-0.7046380407884221,-31.726683530006515
46.0,-0.6083577972134534,0.014487749638351482,-0.6504719126032279,0.07761336846883139,-0.6629522556249752,-0.7204491923980411,-32.136627128153684
47.0,-0.6187045120365859,0.014370267920108652,-0.6677628125004798,0.08521076732963061,-0.6794000624525787,-0.736838942727583,-32.536666279319284
48.0,-0.6311836977990127,0.01426836316298999,-0.6851221022325281,0.09939131684219474,-0.6972877868846099,-0.7546797611683195,-32.92542310400941
49.0,-0.6456773816284008,0.014255384279517398,-0.7029567697179597,0.10711112179884696,-0.7119188082128921,-0.7678148334375737,-33.30195276067913
50.0,-0.6592041355166771,0.014170932204111683,-0.7204930350311464,0.11634051627063846,-0.7276941656632032,-0.7842406554422088,-33.66675286525421
51.0,-0.6726316571265478,0.01414826263943034,-0.7384580812112579,0.12623629473980932,-0.7415311518919284,-0.8021153972128371,-34.02007271883758
52.0,-0.6794142863154919,0.013743053623865712,-0.7511653332648706,0.139610146317491,-0.7582783097448035,-0.8098156254140697,-34.36614386881308
53.0,-0.6873396352270238,0.013198215064201784,-0.7555420333296401,0.1561940201042314,-0.776282770354967,-0.8231394593525121,-34.70605075836211
54.0,-0.6991147945890118,0.013784205649507452,-0.7643367059295155,0.1727729838367458,-0.7948143590058868,-0.8389699351357135,-35.03746583739578
55.0,-0.7133578338166939,0.014099039165494848,-0.7765039341342811,0.18960213115975985,-0.8113581555467523,-0.8565878039544352,-35.35843678499502
56.0,-0.728491473665722,0.014173133566340123,-0.790422933659804,0.20324880788388003,-0.8292471912915615,-0.874200674664464,-35.66813304131756
57.0,-0.7406330330597783,0.01419809559276629,-0.805990810728239,0.21989074398301128,-0.8460874145417244,-0.892555618797084,-35.96797669435616
58.0,-0.7464805632640218,0.01417209814938196,-0.8226821912221935,0.23785838501724116,-0.8555654855931331,-0.9094908087600991,-36.26151540743978
59.0,-0.7442921220859436,0.014127148490199828,-0.8401032554240869,0.25038859428621146,-0.8630628079064128,-0.9267924511842518,-36.5532005249639
60.0,-0.738070863350295,0.014009741463780697,-0.8580596935557968,0.26656015875076905,-0.8713989014613721,-0.9428369576124818,-36.84552073332496
61.0,-0.7278611177329716,0.013837425604909175,-0.8750429549669778,0.27514811403828576,-0.8858360439037651,-0.9558452769414402,-37.14075133448289
62.0,-0.7171670692297738,0.013739934099532704,-0.8922802246529618,0.2897488139825228,-0.9028888856085951,-0.9722288777880264,-37.43951906796487
63.0,-0.7146408763561107,0.013616172818350494,-0.9101201544110658,0.30690052224887776,-0.916772684560555,-0.9900864900034696,-37.737772397507634
64.0,-0.7144037122114537,0.01356066454920358,-0.928261149725684,0.3250591293058349,-0.9300123704021918,-1.005431477972932,-38.03415003925478
65.0,-0.7157589274184866,0.013503058382005927,-0.9466768178872613,0.3377468733735464,-0.9454397221856767,-1.0228085284073842,-38.3278303121009
66.0,-0.7161402046028137,0.013156648816702353,-0.9606375805822861,0.35396459483691506,-0.9628879231490557,-1.0410775776246861,-38.61966918259902
67.0,-0.7185492485453318,0.013274524207926887,-0.9761123342100797,0.37177051340351003,-0.9778007931323398,-1.0563819988580359,-38.90901475741729
68.0,-0.7238612621163347,0.013077904286852762,-0.9889083775123503,0.39021851680161734,-0.9949955945767405,-1.0737386655180383,-39.194399416503906
69.0,-0.7317508579633214,0.013228943761635636,-1.0036084640538288,0.40617440023781876,-1.0069584626720436,-1.0919991215482672,-39.47470602116186
70.0,-0.7347792776724431,0.013333879776107536,-1.0196688185379787,0.4237902788861558,-1.0205030384437423,-1.109726235770639,-39.752515195524005
71.0,-0.7358224904018312,0.013309764700744091,-1.0367458867031976,0.4421753990553157,-1.0347789013399455,-1.1281259096800957,-40.02926919116214
72.0,-0.7348866079052782,0.012996222387299028,-1.0499324725528585,0.4593667852668275,-1.050344172162918,-1.1387397835235085,-40.30614514589118
73.0,-0.7305321103178862,0.013009468701722003,-1.0627902290132867,0.4748448631836487,-1.0678426942093806,-1.1541410546417827,-40.58504999544336
74.0,-0.7255594994554413,0.013101563573709708,-1.0776322652563592,0.4922893539975691,-1.086161022307487,-1.1715106700193498,-40.866605218503366
75.0,-0.7272515795456834,0.012790955053698797,-1.0894985084077569,0.5099463693588526,-1.0984275088448239,-1.1870982829631507,-41.14775192379203
76.0,-0.7351597670836939,0.012882393070292495,-1.103431299822158,0.5283075060526665,-1.11448161308922,-1.2021201793471201,-41.42527071367486
77.0,-0.7424001183471739,0.01296513560924353,-1.1189824426703974,0.539586498201558,-1.1247951892051713,-1.2193736593783622,-41.69949813061689
78.0,-0.7434301585784199,0.012994133532892463,-1.1356362346366682,0.5552413494080082,-1.1400669402062131,-1.2340496405790273,-41.97382157886646
79.0,-0.7448609191168942,0.01289646266964936,-1.1531367397416814,0.5707693303615037,-1.1559773681731076,-1.248442873246739,-42.248519161581086
80.0,-0.7456684828451254,0.012650803639998511,-1.1679406089148654,0.584868937408027,-1.1644667707613723,-1.260481029637495,-42.52408661066383
81.0,-0.7491610065966275,0.012392678654754513,-1.1789565149991894,0.5926067178065602,-1.1790155191467824,-1.2764585669216382,-42.798627608417824
82.0,-0.7527384580987564,0.012571273296943825,-1.1923948938526203,0.6068313275213992,-1.1961202075229804,-1.2940688125921032,-43.07260823640883
83.0,-0.7549607648748772,0.012513998331060854,-1.2076718078734427,0.6195459704414955,-1.2054047229107663,-1.3124342332743557,-43.347203757112396
84.0,-0.7549079832162073,0.012515856694611223,-1.2241940149070358,0.632624522558519,-1.2202767866761774,-1.331113241213459,-43.623601165715186
85.0,-0.756170668857466,0.012280347994471398,-1.2376684752642189,0.6408547227019722,-1.2375105602885499,-1.3467027282854624,-43.90072837583287
86.0,-0.7520073579871807,0.012317636238786223,-1.2504180285259445,0.644556814558161,-1.2557268871816316,-1.3641791171242013,-44.180509560211384
87.0,-0.7502795931563855,0.012350521731220502,-1.2652418021766205,0.6571933456357004,-1.2717210700447752,-1.3824892453558029,-44.46311687029267
88.0,-0.7524879324801425,0.012288974664648745,-1.28089713500271,0.6735167035831404,-1.2857097958504404,-1.3976570053759523,-44.747386575715325
89.0,-0.7577330920102168,0.01224649205332729,-1.2976337984075583,0.6913535631658789,-1.287498179267449,-1.4082803373165431,-45.032922327435834
90.0,-0.7639427594005113,0.012196847966091221,-1.3150991989293483,0.7094387848230119,-1.296139725103513,-1.4124331520447693,-45.319414277248896
91.0,-0.7659666106143304,0.011963506034167343,-1.328116810337232,0.7279942164133296,-1.3107504216999122,-1.4236760754393145,-45.60797098523482
92.0,-0.7714240048790482,0.011949561159605075,-1.3419564621679165,0.7467606583469424,-1.3265518303725294,-1.4377017748221865,-45.897640296068474
93.0,-0.778814913321299,0.0118800644516886,-1.3549281624151792,0.7655990581707458,-1.3357027216351602,-1.4545573195985866,-46.18792218271546
94.0,-0.7892317806021883,0.011921246464047556,-1.3698316432941138,0.7807147610839988,-1.348122825874292,-1.4701945821866762,-46.47782405347607
95.0,-0.7978427658981976,0.011946114436812514,-1.386039879001932,0.7979725889254091,-1.3595347531721789,-1.4865703294765016,-46.76868608183251
96.0,-0.804143602158393,0.011911326008863665,-1.4031871232570041,0.8100163181599619,-1.3752583996913068,-1.502890149512376,-47.06120213252431
97.0,-0.8088928430668197,0.011531835956270284,-1.4130494557802762,0.8259913752947422,-1.3928452303521655,-1.516382386626043,-47.35516185740448
98.0,-0.8126781960244247,0.011687570678110553,-1.4256879172611119,0.8436663978013558,-1.407767723052448,-1.5329723981176306,-47.651711668448996
99.0,-0.8167435189457308,0.01171469863936174,-1.440454605981757,0.8620675621639221,-1.4216595978155313,-1.5509155097451393,-47.95149876538855
100.0,-0.8172996816922784,0.011656626955837758,-1.4549699061680974,0.8697864417621481,-1.4384352534326006,-1.567360005246728,-48.254470619874056
101.0,-0.8194756412785353,0.011600505850702731,-1.4709608402113616,0.8795844100227765,-1.45239267459802,-1.5852098047724619,-48.56086304837977
102.0,-0.817874115459943,0.011483419749888668,-1.4850320962918295,0.8946445966851536,-1.4680052952823455,-1.5946617248629278,-48.87193318010109
103.0,-0.8186667852107005,0.011439895004228085,-1.5007230376177145,0.9080833982726926,-1.4855224064247778,-1.5938615112658883,-49.187267018704574
104.0,-0.8214602607050965,0.01138115284863157,-1.5174882150289715,0.9246557854613158,-1.501350113274996,-1.6047221545495356,-49.50698553619661
105.0,-0.8244721472226687,0.011318669585611346,-1.5349842594802876,0.9382535198449604,-1.518625709216753,-1.6155592285988016,-49.83094133458864
106.0,-0.8295028023474678,0.011027002725711745,-1.546869577353227,0.9546689725415011,-1.5368478519865967,-1.6308728098120209,-50.15783155983212
107.0,-0.8389385563984086,0.010881404740711255,-1.554808276438821,0.9725355700679374,-1.5543887415703865,-1.6482851319045049,-50.485934661829845
108.0,-0.8506530366770486,0.010855031159501812,-1.5600861595247566,0.9783595135442178,-1.5727098465318126,-1.6565741698982672,-50.812795112518984
109.0,-0.8619373058490188,0.010892228028555568,-1.5635702229939266,0.9790922676978988,-1.5880995923928736,-1.6710561702456106,-51.13764595260343
110.0,-0.8753622436510016,0.010907019817690272,-1.565913705175871,0.9769089290636004,-1.5988938905960044,-1.6853731905984528,-51.459704886562726
111.0,-0.8906894844198744,0.010938099394934975,-1.567469479778579,0.9662599716447464,-1.614348059728497,-1.6995236004824437,-51.77747634442298
112.0,-0.9027931472390377,0.011018662789373513,-1.5684431681013211,0.9626526158950673,-1.6244389557258498,-1.7159153925300734,-52.09248226836171
113.0,-0.914875652164178,0.011033583545039685,-1.569145250474685,0.9541499655056052,-1.6396146713354653,-1.7337688008848282,-52.40423839315761
114.0,-0.9230710700872915,0.011090239052206359,-1.5695648457547735,0.9480070620013771,-1.646229359375973,-1.7522358705116592,-52.713809641398505
115.0,-0.925693771048424,0.011136773430269527,-1.5698322838409957,0.9541209175964211,-1.6591000033148715,-1.7704310479547232,-53.023483189769095
116.0,-0.9263406930105975,0.011126372377647823,-1.570072131734927,0.9520003972677556,-1.6754912914935278,-1.781919567508913,-53.33260178568895
117.0,-0.9276477016785103,0.01109878705669007,-1.5702502931813638,0.9400991444873981,-1.69335400413404,-1.7976629147375598,-53.63981222917544
118.0,-0.9253824854611141,0.011129399641753792,-1.5703068795999948,0.9331716462613447,-1.7103281823245684,-1.8071782739222195,-53.94610032024748
119.0,-0.9176981799146718,0.011165482405950068,-1.5703427605923745,0.9223608092949748,-1.7284065987245398,-1.8194477397363669,-54.25172741265189
120.0,-0.9060974359437504,0.011174711127955579,-1.5703679339772447,0.9193107845008122,-1.746965564778564,-1.8287019521353467,-54.55818475602099
121.0,-0.8938577254255083,0.011150482921287003,-1.5704200492978893,0.9190711323468203,-1.7615092997842299,-1.8419529387855735,-54.866113358716426
122.0,-0.889373973553837,0.011048885287574606,-1.5705449951685275,0.9107036333894383,-1.7785329359711544,-1.8583093980808518,-55.17333947291418
123.0,-0.8860274512342101,0.011060177759417807,-1.570537013876456,0.9075138950869895,-1.7965072021170054,-1.8695655104220252,-55.480083111902964
124.0,-0.885061070701392,0.011046469068921518,-1.5705633869210687,0.9012310748755223,-1.8150205170853055,-1.885205143987888,-55.78559619456543
125.0,-0.8860489510080035,0.01104729979742989,-1.5705714664838448,0.8905868103134077,-1.8298706501336726,-1.8910033642137785,-56.08911261574939
126.0,-0.8871016556664868,0.011068785338368262,-1.5705573942639788,0.8751422352295114,-1.8460375719238866,-1.904495619019208,-56.38993571249891
127.0,-0.8822029451763876,0.011140630506641188,-1.5704786186457298,0.8682470975215093,-1.8630879031949592,-1.909928167505281,-56.68985803691613
128.0,-0.8815384695053096,0.011076887210573722,-1.5705441815351644,0.8595944510374237,-1.8807402861252183,-1.9227103382973363,-56.98816877189684
129.0,-0.8766633553729282,0.011141755302492779,-1.5704914024758003,0.8449995115997398,-1.8991222741553837,-1.9338056324574846,-57.28455855360266
130.0,-0.8730213264982297,0.011114097186144027,-1.5705178046295794,0.8278873202453197,-1.9144620482159247,-1.947470323624303,-57.57868520330918
131.0,-0.8723310337668422,0.011088091358294956,-1.5705370188087295,0.80972693798899,-1.924640085655724,-1.9608856213300412,-57.8701601396635
132.0,-0.8761071165322726,0.011057070284436804,-1.5705572313533274,0.7936419857689456,-1.9384052250820294,-1.9769203221371512,-58.15843856952278
133.0,-0.8754841705635485,0.01113593433792369,-1.5704851165718001,0.7761393937277782,-1.9513238268567599,-1.9946249280246258,-58.44390236961463
134.0,-0.8693655177778415,0.011148989785209154,-1.5692490743541025,0.7578262126300576,-1.9675441834864105,-2.0130304293134795,-58.72682102938857
135.0,-0.8641262198722718,0.011185654800321156,-1.5696316442934855,0.7417248746864001,-1.9853306386739102,-2.0317260348619888,-59.00765462085889
136.0,-0.8587237208883479,0.011173494927432259,-1.5699094152877888,0.7240311858668045,-2.0037713568324373,-2.0476104577188683,-59.28617072319959
137.0,-0.8540980675112262,0.011153892815270312,-1.570103661263333,0.7056337481714099,-2.014873487793595,-2.061005552380948,-59.562483375826126
138.0,-0.8453342485498759,0.011199210598132734,-1.5701797776808264,0.6869372137004062,-2.0274115436689613,-2.0720892270262343,-59.83707211555791
139.0,-0.8330293211823562,0.011206847605959207,-1.5702346842851354,0.6794428297082991,-2.043628818250713,-2.084163109874686,-60.111800795992814
140.0,-0.8184046777558581,0.01121710231666165,-1.5702864298278885,0.672982999084179,-2.0614186840878492,-2.100178915167913,-60.38727346781022
141.0,-0.8022801351728468,0.011221171710108026,-1.570325716250325,0.6664887885832281,-2.0798592326998335,-2.1178849223063527,-60.66387629977073
142.0,-0.7906450365656602,0.011167699984114295,-1.570416750025791,0.6528034775450484,-2.0983099941557066,-2.1362912931259532,-60.94005724053635
143.0,-0.7836865622491719,0.011123886516771235,-1.570465763978755,0.6399752824242301,-2.1170208298158673,-2.1513404523628723,-61.21492987929133
144.0,-0.7779103654395142,0.011138643831707382,-1.570466399962414,0.6236501569757648,-2.1337246226044595,-2.1685861293431037,-61.48791503430533
145.0,-0.768875198685687,0.01117965843701524,-1.570420600628003,0.6133170161940411,-2.1516826340071966,-2.1832828582443993,-61.76031075196632
146.0,-0.7647523188818037,0.011123369609705908,-1.570481690148283,0.6025925597629674,-2.166922344383022,-2.2003851760963022,-62.031357620359316
147.0,-0.7637798843777809,0.011086473314042819,-1.5694086890217573,0.5871452057063278,-2.1760893957209855,-2.2185402974593273,-62.29991289161081
148.0,-0.7648510278598888,0.011160446953618017,-1.569727285876279,0.5696651824087288,-2.190902512197972,-2.2230069398590695,-62.56515999727798
149.0,-0.7621974250509986,0.011199523296670257,-1.5699185508100375,0.5575166384519431,-2.2068605249486315,-2.2320464105649624,-62.82839232700803
150.0,-0.7587490759693207,0.01120495169958062,-1.5700873593114077,0.5415268076412497,-2.221336472760456,-2.2467282997411013,-63.08953899355773
151.0,-0.7591540869322425,0.011141521942643604,-1.5702348735941043,0.5338887508651375,-2.2354268314072807,-2.2638814672615575,-63.34874649529694
152.0,-0.7571948288571116,0.011201895906866616,-1.570269007302498,0.5208696478068899,-2.2522920796160806,-2.269032573760942,-63.605669360387616
153.0,-0.7539417103445013,0.011217967940012823,-1.5703104811834931,0.504417976385184,-2.270349756519653,-2.28228099309752,-63.86016490892722
154.0,-0.7459505673430536,0.011263144116658064,-1.5702965008311949,0.48795554794888857,-2.285016836126968,-2.2985131277344055,-64.11354308536305
155.0,-0.7348618623586709,0.011255329049618575,-1.570306652879683,0.4801419657729969,-2.3005966743658033,-2.316304593837654,-64.36760829688765
156.0,-0.7232659214966204,0.011259450620927546,-1.570337517831603,0.4658758374575356,-2.306691654942781,-2.3329445908051794,-64.6226727933764
157.0,-0.7128572368784067,0.011227447606317085,-1.5703698915955595,0.45366612351259267,-2.3103614463582973,-2.3508794649472953,-64.87899577166283
158.0,-0.7000706072332755,0.01123331736879649,-1.569448081021932,0.43761384790367625,-2.3229547919590967,-2.369379582641227,-65.1361297078699
159.0,-0.6851657053098424,0.01130198201673705,-1.5697076172997821,0.42179996346484083,-2.3392498301458478,-2.3772803286187303,-65.39489914586811
160.0,-0.6688463062992548,0.01129841883926867,-1.5699172127416783,0.4042112813256445,-2.3570732102255145,-2.3885223690290576,-65.65576507521398
161.0,-0.6579592749573676,0.011208196733685382,-1.570129625537625,0.38790465059245777,-2.368054744651089,-2.3981235157576446,-65.91796852027016
162.0,-0.6498145926315048,0.011194797748360115,-1.570234237127628,0.37011252078182744,-2.378179267435164,-2.4130791353044345,-66.1805828412046
163.0,-0.6445602438880694,0.011175838560608537,-1.5703113235494321,0.3525380975586508,-2.393359811135233,-2.430345830194764,-66.44238221953766
164.0,-0.641811380698745,0.011170873417165456,-1.5703563408719416,0.33420831807991674,-2.4067307097002235,-2.4474577600951477,-66.702599572118
165.0,-0.6420411935666527,0.011162661634314496,-1.5703903466349183,0.31554895567366503,-2.423277582147406,-2.461411716714625,-66.96000525985406
166.0,-0.6369405746397607,0.011224077333468077,-1.5703291232834609,0.3054989658676473,-2.439201065504791,-2.4781948632765856,-67.21708994832399
167.0,-0.6321560143034082,0.011232835973149195,-1.5703565358586606,0.2903410788294436,-2.4490889696344698,-2.4933273169476236,-67.47402397259957
168.0,-0.6282075788517122,0.011234714957434841,-1.5703683230628624,0.2729817342908299,-2.462474867574666,-2.5106202871840386,-67.73015657857113
169.0,-0.6268223307801709,0.011193247020542842,-1.5703972123377172,0.26024105320145124,-2.479066316242072,-2.5288546093607147,-67.98477473117254
170.0,-0.6205622052610155,0.011266848240033416,-1.5703342001994394,0.2482402903319617,-2.4962215393224225,-2.5463807290172555,-68.23958926916316
171.0,-0.6130511359304655,0.010429548627579896,-1.5703092866960693,0.2418778451549624,-2.5027203737920325,-2.553308688581474,-68.49647465291811
172.0,-0.6132947397262589,0.01047410352835495,-1.5704578289828264,0.22849025596999764,-2.516492751108536,-2.5670257948183757,-68.75171680756092
173.0,-0.6088921810348686,0.01081768977499813,-1.5703611986026942,0.21186789072234127,-2.5301712703536965,-2.5837790234456386,-69.00650565928933
174.0,-0.6000023573835618,0.01098970143149939,-1.5703257281029266,0.20200795414197006,-2.5404299510118094,-2.601791440284928,-69.2634208688442
175.0,-0.589272528619128,0.009716373774857607,-1.5702609347326402,0.19194280978097542,-2.5546100696794665,-2.620324595927172,-69.52337739871707
176.0,-0.5776930655427912,0.00997962818812109,-1.5703679919887623,0.17675316891358742,-2.571543317269449,-2.6390728353371182,-69.78626794627543
177.0,-0.5697318026892059,0.010386151061298069,-1.5703975854231904,0.1609090400023666,-2.5896279733650647,-2.653602684949141,-70.05068914646385
178.0,-0.5659750126273764,0.010637914791925444,-1.5704209199390604,0.14711032380613098,-2.5973140822252883,-2.6706097835613303,-70.31563315519348
179.0,-0.566065551671495,0.010779714406740465,-1.570439755826664,0.1442473412508492,-2.610072588339893,-2.6887249986174555,-70.57977988769845
180.0,-0.5632162325008997,0.011023980097967997,-1.5703676402603302,0.13194685933658462,-2.6264117745608786,-2.7073005262883596,-70.84361923519172
181.0,-0.5621198554316564,0.011079812230671376,-1.5703880022572696,0.11971647974459258,-2.6392625153993974,-2.7260663297115975,-71.10681622124552
182.0,-0.5560535284697278,0.011181993988901528,-1.5703256701277826,0.11346162135843349,-2.6555805056789854,-2.739346309162324,-71.37144290850723
183.0,-0.5489227277874235,0.011245664012656517,-1.5703271158234888,0.09983328695286833,-2.6734101378560062,-2.74135506267161,-71.63786970454002
184.0,-0.5457576093845004,0.011190721723690162,-1.5703829741672881,0.08865300216378136,-2.683140582289233,-2.7533446201201652,-71.90499569558483
185.0,-0.5442645645105207,0.010885724545470382,-1.5703740237029387,0.079697852464092,-2.6981919558814704,-2.7658255123469146,-72.17195987947512
186.0,-0.5456533483064523,0.010937989447684477,-1.5704111293325418,0.06500145096287507,-2.7065016235406034,-2.778183975268374,-72.43760348544187
187.0,-0.5474616707216842,0.011051727578404254,-1.5703895022724632,0.04976309663304758,-2.717959474544647,-2.7900569023116244,-72.70156340247209
188.0,-0.5448585746901733,0.011182401754419211,-1.5703281247227565,0.03240908760770795,-2.7256678915327344,-2.8059773575523517,-72.96580084785333
189.0,-0.5388929679424644,0.011238972149458829,-1.5703088731274246,0.01615729451701765,-2.7398812348150323,-2.8226698116646443,-73.23180488746536
190.0,-0.5347525620405886,0.011201114867319086,-1.570354006763304,0.004447578128411713,-2.756843432397237,-2.84064056434825,-73.49903106000973
191.0,-0.5286755663701995,0.0112622865369736,-1.57032598779552,-0.010538800389836428,-2.774944055201524,-2.854887034051291,-73.7682089849419
192.0,-0.5260058071684405,0.011205810468874458,-1.5703802532390678,-0.023612768126738497,-2.7866424018184546,-2.8717902721124737,-74.03827100612226
193.0,-0.5240516540694908,0.011230218420712885,-1.5703710055961677,-0.04003006779470141,-2.784286398004492,-2.883318219186461,-74.30906370597101
194.0,-0.5207187260769138,0.011238634438388644,-1.5703565312881376,-0.05250765946330688,-2.7864550043508665,-2.8877717003468986,-74.58117225074962
195.0,-0.5125958383035513,0.01128472393123928,-1.5703115224655704,-0.06017028997079125,-2.798402530564643,-2.9007091314015434,-74.85660587631112
196.0,-0.5054000371541209,0.011263184732011673,-1.5703436571738323,-0.06840626765111558,-2.8077136738700417,-2.9171445773575657,-75.13523624746357
197.0,-0.49998485478513705,0.011241852546215,-1.570366143307458,-0.07520742881776141,-2.8225614026221626,-2.9350257166059843,-75.41619318214852
198.0,-0.49906686750974477,0.01123167594075482,-1.570399687165272,-0.0890323683499713,-2.838261375554564,-2.9535044760695928,-75.69746346693567
199.0,-0.5014662065324432,0.011066843363810997,-1.5675159385635078,-0.0987897068720111,-2.8558155124358673,-2.9720061664898014,-75.9769737918124
200.0,-0.5049416245333823,0.011262066773426496,-1.5671553231146547,-0.11130966135864617,-2.873255918320199,-2.988660395052595,-76.2546072653027
201.0,-0.5020605475883315,0.0113794023116173,-1.5681097941819861,-0.12037529863798868,-2.887143525919042,-3.0048621463300895,-76.53353533426922
202.0,-0.5026350977878944,0.011300199535254268,-1.5689031875904198,-0.13439987982972051,-2.903894219323442,-3.022616105857078,-76.81258167087186
203.0,-0.505049264014121,0.011272661822207718,-1.5693980859427725,-0.15127919343678398,-2.9219073484149147,-3.036540081297758,-77.09084657995697
204.0,-0.5053634729817907,0.011287588099308181,-1.5696947084937067,-0.16899201156747434,-2.9404419559338795,-3.0533059972326986,-77.36929488017563
205.0,-0.5047893903578214,0.011233766024523903,-1.568861727342451,-0.18739688521571868,-2.959190922536027,-3.0713216619078154,-77.6483056549978
206.0,-0.5078708398662936,0.011150679976058784,-1.5670982955152462,-0.20475884022015778,-2.9780278417095434,-3.0827411551776054,-77.92622054441361
207.0,-0.5111725065741363,0.011265292299771482,-1.566764555880702,-0.22298374075625546,-2.9969015741106104,-3.0977869424882356,-78.20320943684253
208.0,-0.512022699634939,0.011353969371673244,-1.5678838749098822,-0.2416027148441803,-3.0134042483485546,-3.106616209451783,-78.4807856056836
209.0,-0.5145966152063642,0.01127573752035792,-1.5687389812969426,-0.26039886848917804,-3.031272800672328,-3.116781263921149,-78.75848086624437
210.0,-0.5210292403740904,0.011193347002955831,-1.5693280113440267,-0.2769601242972627,-3.0429517727960516,-3.131072474406024,-79.03446309098652
211.0,-0.5256543309252031,0.011238754429483374,-1.569646232146457,-0.29484559702451213,-3.05876936356786,-3.1418175462710076,-79.30953914276576
212.0,-0.5332202165994168,0.006131232593195413,-1.5696880910886788,-0.30637449994207455,-3.0763897396278614,-3.152389795839351,-79.58433367711403
213.0,-0.5432671781477157,0.006741428054717727,-1.5702823628148055,-0.31815290513980643,-3.0929985810376586,-3.1659185360040065,-79.85622540773127
214.0,-0.5519063917965037,0.008313060271841305,-1.5702739131069863,-0.32561649012169364,-3.110912747040516,-3.1818944955156065,-80.1249892631598
215.0,-0.5608245101644342,0.009347983624070246,-1.5702881900994432,-0.3321872102933934,-3.129404771244014,-3.196689093522959,-80.39090099719088
216.0,-0.5679111214418614,0.010086078611871009,-1.5702626971340843,-0.3459166050269962,-3.14650890287564,-3.213842260320313,-80.65514686432616
217.0,-0.5688693151292878,0.010534790306334215,-1.5702408815800053,-0.3537187008608521,-3.1646403393463456,-3.232018691005979,-80.92003904458349
218.0,-0.5639491102324641,0.01078671159818341,-1.5702515589198214,-0.3503940888130565,-3.170019457943454,-3.2465821726470976,-81.18678702530528
219.0,-0.5589768335904692,0.010970980887325142,-1.5702889222327185,-0.35098927005392094,-3.1833594988165124,-3.2636205813061374,-81.45616297110833
220.0,-0.5592393392110355,0.011036218172519895,-1.5703635093580544,-0.35685373961514083,-3.1999642358559384,-3.2727564133721323,-81.72676453518861
221.0,-0.5561504294012624,0.011196255207644064,-1.5703069568151329,-0.37027233045249,-3.2150919162005707,-3.287568194320568,-81.99998538661409
222.0,-0.5528687596217291,0.01121962851319438,-1.5703338667974032,-0.3869243770387813,-3.22797501726211,-3.298859220719991,-82.27621615375435
223.0,-0.5471761149780846,0.011257825179804429,-1.5703235327474137,-0.4048986249693696,-3.2440990689991644,-3.314512499755865,-82.55663392400179
224.0,-0.5409732460032648,0.01124840838894645,-1.570347051951772,-0.4234205512982588,-3.2618487400225757,-3.3304053069196207,-82.84173561243493
225.0,-0.5404806574990948,0.011159005031028912,-1.5704341185879798,-0.44123313373677664,-3.280274458491215,-3.3304657366108574,-83.12955143865284
226.0,-0.545324127923208,0.011097111911108518,-1.5704830119546114,-0.4562574094629413,-3.289999870362867,-3.3417011496545617,-83.4172940379372
227.0,-0.5547105529866703,0.011104347760648572,-1.570488636908799,-0.4734921922825176,-3.3004092471975155,-3.3574360050712824,-83.70342814903753
228.0,-0.5674020181947353,0.011122087543045648,-1.5704771310302725,-0.49170735877812505,-3.315722070120847,-3.374202238788908,-83.98729765201664
229.0,-0.5822723618821957,0.011139081959825835,-1.5704595016661973,-0.5103256567756715,-3.324882133000939,-3.387834851246461,-84.2679745801677
230.0,-0.598407316851517,0.011126299943948995,-1.5704534516402506,-0.5220525621798637,-3.339692748583703,-3.400428752544005,-84.54525569343744
231.0,-0.6123788444840785,0.011213419267030329,-1.5703896456199948,-0.5373388485761144,-3.3475807854348645,-3.416650587584179,-84.81974124461922
232.0,-0.6215932754766686,0.011153979468936415,-1.5674266227547067,-0.5547551690389528,-3.3614638114262245,-3.4344414142241946,-85.09284144583687
233.0,-0.6278985530948381,0.011391084377450409,-1.5682562293819287,-0.5730071682528572,-3.3782818595953272,-3.452882859858265,-85.36703045613717
234.0,-0.6341231446260639,0.01126199433520817,-1.569007279426016,-0.5838770594934214,-3.393174320547357,-3.471593200193726,-85.64201327933493
235.0,-0.6358604523404492,0.01127784256111024,-1.5694350594417728,-0.5945716420707817,-3.4035157880000626,-3.490414859494921,-85.91842784500562
236.0,-0.631517150789685,0.010679374198717622,-1.5696679156696536,-0.6080216520445082,-3.418786671151371,-3.500439035489917,-86.19890249103925
237.0,-0.6286505260660122,0.010691034717252015,-1.5699945891796427,-0.624675803581179,-3.4361910312290322,-3.509105188240512,-86.483403689468
238.0,-0.627651470603873,0.010838741155168408,-1.5701613526234466,-0.6426408165777805,-3.4544727626399263,-3.5236856102292284,-86.77144991874906
239.0,-0.626668900208491,0.010953446469617111,-1.5702564590776642,-0.6611566852525248,-3.473117640611542,-3.5394155003175816,-87.06311856986869
240.0,-0.6257178385674582,0.011000062760590982,-1.5703372220484717,-0.6762623856129389,-3.4919128629806795,-3.555546792443693,-87.35819172102488
241.0,-0.6294263654536366,0.011007295226815777,-1.570426673002881,-0.6935204034105815,-3.51077039104117,-3.5692110082081574,-87.65568742188007
242.0,-0.6352674002360592,0.011041056525210048,-1.570453321996443,-0.711742298435366,-3.5278438188053753,-3.585503318595741,-87.95492503681729
243.0,-0.6433369548190846,0.011054957336252957,-1.5704787055514815,-0.7303673833919933,-3.5449884741717668,-3.603317007250727,-88.25546659616096
244.0,-0.649267131078772,0.011116423809747561,-1.5704475556352324,-0.749150274527092,-3.563145784846578,-3.6217676932941973,-88.5579471241507
245.0,-0.6586803184079818,0.011075992051229812,-1.5705012318449685,-0.7677258577023834,-3.5817409325854044,-3.6346516018758006,-88.86181416257394
246.0,-0.6663742899322789,0.01110680594291483,-1.570475996734393,-0.7835166667002939,-3.5999098763414175,-3.647154310013105,-89.16712439289283
247.0,-0.6741316347830593,0.01107859303697733,-1.5705007580943093,-0.7943166294603657,-3.610477315767577,-3.658612301059746,-89.47284251100331
248.0,-0.6825109876364615,0.01112334147221422,-1.5704835102109371,-0.8097628721870288,-3.625859183901257,-3.6726744088292156,-89.77968643325706
249.0,-0.6894632363493962,0.011137612946218211,-1.5704722755772642,-0.8241488660259357,-3.64330614821268,-3.6895434845283126,-90.0881609713048
250.0,-0.6994194859745266,0.011052947110565026,-1.5705378193602009,-0.8312478990978192,-3.6616080296893614,-3.7067680523028237,-90.39725735262442
251.0,-0.7065619685420932,0.011161585701958894,-1.570460670635266,-0.8452130296703617,-3.6802582782115336,-3.7212651740441998,-90.70800605390212
252.0,-0.7112803767371252,0.011178339595204957,-1.5704508357908962,-0.860598726609668,-3.6990568717641796,-3.7382813916515607,-91.02118997853871
253.0,-0.7167194102780009,0.011102046606535932,-1.5705064055971296,-0.8706658179310592,-3.7050480113769964,-3.756400900589474,-91.33512034953586
254.0,-0.7160959524280401,0.011209415121745791,-1.5704229505885532,-0.8849735808758816,-3.717597671451337,-3.7662959752431724,-91.6515999737325
255.0,-0.7178450069747929,0.01109695986720598,-1.5705178922816991,-0.8935544728623983,-3.7338620374524396,-3.7751045854515577,-91.97034706909155
256.0,-0.7233521440246276,0.010506060990090495,-1.5705123115354118,-0.9081117306590258,-3.738980884695656,-3.7897401311469605,-92.29046915503847
257.0,-0.7287953829390049,0.01058116585482212,-1.5705567436922163,-0.9219899123241472,-3.752209580620132,-3.798193877605468,-92.61227782170525
258.0,-0.7381868231677309,0.010722269029483917,-1.5705839292091863,-0.9387588290059394,-3.760757806364519,-3.811760213622685,-92.93499061087991
259.0,-0.7509044834897536,0.010824759574089312,-1.5705885412653535,-0.9567819577502662,-3.768839956284184,-3.8284373868167356,-93.25825113528347
260.0,-0.7645990870760907,0.010858160895461624,-1.570602098375706,-0.9644836378013687,-3.7831825540069683,-3.8464179807646097,-93.5816428305498
261.0,-0.7794417728374817,0.01094171595006478,-1.570054833077389,-0.9773083863321793,-3.8001991026011788,-3.8649379459183595,-93.90559924922462
262.0,-0.7915808748846785,0.011083032668306323,-1.5701409002084816,-0.9936689207492646,-3.8066565580591742,-3.883680781034102,-94.23024138618489
263.0,-0.8052367232651181,0.011069784519251483,-1.5702886637271813,-1.0115121422309914,-3.8189878457079005,-3.8973312758457124,-94.55631646254429
264.0,-0.8141674087272643,0.011129828829239416,-1.5703196414707388,-1.029332420632192,-3.831900481026042,-3.913972547799633,-94.88431942319949
265.0,-0.8234890207082747,0.01109328261492763,-1.5704149836848709,-1.0477944121332992,-3.848274091177936,-3.9233434698992786,-95.21470918791462
266.0,-0.8301392835812483,0.011088523201182835,-1.5704514676591805,-1.0627067075528405,-3.866129507154469,-3.9382449159781885,-95.54745122114427
267.0,-0.8340218303023696,0.011110999069117665,-1.5704649579397818,-1.0798941068124686,-3.882621433841212,-3.955490332770424,-95.88283151389554
268.0,-0.8374980945870407,0.011084090056145697,-1.5705105900130254,-1.0981003067987316,-3.898504319969034,-3.973706215400187,-96.22096366253292
269.0,-0.8412625083782236,0.011053925522580893,-1.5705505534418154,-1.1167209689452888,-3.9131852077840388,-3.9885478845923794,-96.56174117009506
270.0,-0.8414789156728811,0.011024358213060867,-1.5705702818584764,-1.124702724871461,-3.9302908421037968,-4.0057056516939085,-96.90459858375556
271.0,-0.84355641526409,0.01051294776615492,-1.5705891852398293,-1.1332456232598158,-3.948450454297794,-4.02388374165714,-97.24976757908287
272.0,-0.8509361883796517,0.010544707108443376,-1.5706715786861638,-1.147788333073482,-3.963455499655538,-4.042485168181446,-97.59684010094166
273.0,-0.8563491505389272,0.010751260927098005,-1.5706131024118204,-1.1648728172039873,-3.9806817594308725,-4.061261684344576,-97.94610151843314
274.0,-0.8650621144873705,0.01079635795888724,-1.5706586077406943,-1.1830465449018426,-3.99889306488244,-4.080110540560276,-98.29761996261144
275.0,-0.8772633342892213,0.010818141454134783,-1.570687926271933,-1.1995777773948373,-4.017508609947649,-4.098989364150353,-98.65102077520791
276.0,-0.8855908389862749,0.010885034350162092,-1.5706503739681903,-1.2072866828150615,-4.024988056051216,-4.117880608751707,-99.00503312577769
277.0,-0.8901664511902259,0.010976170144967922,-1.5706011000620652,-1.2167339748145005,-4.039159558816072,-4.136777011086081,-99.3603683880915
278.0,-0.89678577269897,0.010975887302003415,-1.5706275112413763,-1.2316655361418558,-4.049909934295628,-4.151912456564237,-99.71728156786786
279.0,-0.9050450902081392,0.010970313240437292,-1.5706437154128168,-1.2489345150152968,-4.065338783999632,-4.1691918190117,-100.0761268952516
280.0,-0.9151108893992785,0.010928688998981542,-1.5706818438945265,-1.2626355323660412,-4.082804979177382,-4.173463926555963,-100.43665475602121
281.0,-0.9280137698938479,0.010922807796169701,-1.5706932275237464,-1.2790081602674426,-4.092355681711619,-4.18636817871293,-100.79849956932873
282.0,-0.9404896506397546,0.010957409817159144,-1.570665271577327,-1.2968579844020736,-4.10238854649002,-4.198358897164556,-101.1618012769536
283.0,-0.9536830268795569,0.010952923861440396,-1.5706721314836087,-1.3153354008222833,-4.114187972395947,-4.212606362614739,-101.526745319855
284.0,-0.9686823901222513,0.010935007535784844,-1.5706886469685928,-1.3340684548723887,-4.125451393469079,-4.229286017105518,-101.89333641865367
285.0,-0.9803859234714762,0.01098693529394328,-1.5706426065625363,-1.3528930005989817,-4.1411148859924065,-4.247262740385502,-102.26175496774084
286.0,-0.9914852576559545,0.01092271921042087,-1.5706947846395236,-1.361801914627275,-4.155267412682491,-4.26578086998955,-102.63134880068954
287.0,-1.0044300933482673,0.010935875292393113,-1.5706905320439328,-1.376522296348042,-4.1721476038075895,-4.2845230091851105,-103.00250239258865
288.0,-1.0186111256826977,0.010933217239003833,-1.570694631837566,-1.3933832560809274,-4.183024150669012,-4.300499922620408,-103.375217448975
289.0,-1.0312509153050848,0.010960223974544405,-1.5706718008363258,-1.4114365693519453,-4.198519588643336,-4.314250489930236,-103.74966952389391
290.0,-1.0419371008282865,0.010963623060901777,-1.5706701068508708,-1.4290097767201113,-4.214300061101323,-4.330953874425808,-104.1258111945978
291.0,-1.0508852175045151,0.010937604497881222,-1.5706921445118054,-1.44171615046756,-4.2318825736903785,-4.348943971206221,-104.5033267044808
292.0,-1.058420603336912,0.010916670117883928,-1.5707100918777321,-1.4494582242926768,-4.250238443041384,-4.36746775461569,-104.881832739911
293.0,-1.0662328614324552,0.010750834601061804,-1.5667263147828099,-1.4637185866728366,-4.267964401570621,-4.386212168202296,-105.26021354074268
294.0,-1.0737191530012562,0.011020770562943484,-1.5667574356987146,-1.4805070250162715,-4.286360435554349,-4.405047814784822,-105.63976291120615
295.0,-1.0845195826609648,0.010976090317962983,-1.5680860489147417,-1.4963281469481835,-4.299460116699193,-4.422272895450919,-106.02115395403155
296.0,-1.0949547785583114,0.01089054947033397,-1.5690063849679414,-1.501952328391475,-4.315866518953424,-4.440452274559185,-106.40369585228966
297.0,-1.1056073658656196,0.010898970977676408,-1.569572633277728,-1.513640892919101,-4.333735718935391,-4.45905362194488,-106.78747466222099
298.0,-1.1187477192247428,0.010853394885522092,-1.5699967882758021,-1.5256714866994838,-4.345644172561003,-4.46456285282641,-107.17253347398412
299.0,-1.1338899545447327,0.010810208197653576,-1.5702880443572804,-1.5307186958055106,-4.361552251860472,-4.477961667351871,-107.55854272728959
300.0,-1.1468501852687991,0.010902118621497396,-1.5703803317319023,-1.5438705073290344,-4.379213829829286,-4.492176856979147,-107.94564559244337
301.0,-1.1574102186926563,0.01091470391312189,-1.5704870177806696,-1.5568370540997947,-4.396159800357322,-4.509098947881626,-108.3337550526532
302.0,-1.1643244147429839,0.010937138049607983,-1.570545968679592,-1.5701999635627486,-4.414227557475999,-4.525578648731824,-108.72262546035448
303.0,-1.1712290949136932,0.010908884553870365,-1.570626829089691,-1.5867751032032136,-4.427567188780028,-4.543450661156773,-109.1124313485177
304.0,-1.1814588328291917,0.010843414056417597,-1.5707218419379765,-1.6047299563184465,-4.444081280424673,-4.561924906612392,-109.50331499312169
305.0,-1.1920064668324746,0.010814542043776552,-1.5707695959208914,-1.6169109537117377,-4.46199394661441,-4.580648849158925,-109.89494398572064
306.0,-1.198774110931736,0.010862711226004917,-1.570742311354577,-1.6277006478352487,-4.480484939897613,-4.599476040930045,-110.28692401091642
307.0,-1.2064462155558986,0.010848712316967823,-1.570768931348333,-1.6431748853030614,-4.495978660487365,-4.6097935012280296,-110.67953052716014
308.0,-1.2176493486613413,0.01078992579607912,-1.5708294390634392,-1.658050053790948,-4.513416295212803,-4.625081277397122,-111.07287234167232
309.0,-1.2297419743066533,0.01077690548369165,-1.5708446090741757,-1.6686837565223542,-4.531710716625602,-4.6424862619682346,-111.46674985709346
310.0,-1.2419974213390157,0.010810061545351132,-1.5708178410015325,-1.6840689484015945,-4.550360357292175,-4.6607681519094655,-111.86122992294382
311.0,-1.2559066707865905,0.01079761148309335,-1.5708323889837579,-1.7013132382147054,-4.569157508380889,-4.673308381098709,-112.25645927190475
312.0,-1.270971687155252,0.010793801932426912,-1.570837352813173,-1.7195303679378475,-4.5804452838825,-4.688565868568459,-112.65280586223082
313.0,-1.2872778146510313,0.010749882727250309,-1.5708790659034029,-1.7272092297509427,-4.593797419790173,-4.705941700246866,-113.05006478054528
314.0,-1.3025742762662322,0.010813909189272898,-1.570818763955819,-1.7414409131972068,-4.610364249793888,-4.7216854144880145,-113.44811161742791
315.0,-1.318810666758226,0.010808926512861325,-1.5708249301193333,-1.758431451766095,-4.628301189657851,-4.739237405215401,-113.84706167114976
316.0,-1.3359607029625118,0.01077075265660501,-1.5708615032823683,-1.7672281791288647,-4.639749239297401,-4.757578943888164,-114.24721035393307
317.0,-1.3515292073732614,0.010816925220362296,-1.5708174938751895,-1.7790395519431004,-4.654118123156841,-4.776248006337229,-114.64831016598669
318.0,-1.3660573747371125,0.010830654061574449,-1.5708060472806264,-1.793700556745643,-4.671122777204162,-4.794155252151954,-115.05017805356712
319.0,-1.3818101418745252,0.010806267559591432,-1.5708289807044642,-1.8107768642362074,-4.6892404259334235,-4.811699527371045,-115.45291707321815
320.0,-1.3965472440548081,0.010814881410169928,-1.5708224006204479,-1.828924500171443,-4.707816453517772,-4.826459878713507,-115.85637288063319
321.0,-1.4097898498663914,0.01081286200365398,-1.5708275162155592,-1.8465556168071693,-4.726582558552697,-4.843587205525132,-116.26033116286081
322.0,-1.4245871434617052,0.010773600552418872,-1.5708646815797134,-1.8649256782919696,-4.745427934975323,-4.861752720175505,-116.66495702362863
323.0,-1.4408129259145601,0.010753266668104193,-1.5708835275314983,-1.883610382018837,-4.76430489825256,-4.87966562590016,-117.07040925307376
324.0,-1.457971585327879,0.010745447347201792,-1.5708914588257372,-1.9024250929726871,-4.783194973422044,-4.895557483274991,-117.47680774056965
325.0,-1.475738355094902,0.010698143980225965,-1.5708921630017723,-1.9212935566717084,-4.802090507649133,-4.9131693433993835,-117.8842646858575
326.0,-1.490949952590812,0.010739083036742827,-1.570866017281877,-1.940179889643744,-4.820987595328329,-4.9315355821831535,-118.29242035888322
327.0,-1.50697373531672,0.010711817394680016,-1.5709074738354645,-1.954771641966765,-4.839887163502371,-4.950214871245225,-118.70141488541162
328.0,-1.5240053873788528,0.010716875597038125,-1.570906486437656,-1.9718135369405214,-4.858786577495828,-4.969023579100996,-119.11141255735646
329.0,-1.53880959465766,0.010707896047087903,-1.569793985712991,-1.9899535471015628,-4.877685159316295,-4.987885783321709,-119.52190350135106
330.0,-1.5533009130654374,0.010769029111807011,-1.5701267095622622,-2.0052374679121105,-4.896585046740401,-5.006770119816547,-119.93310029667002
331.0,-1.5639319535052785,0.010797075108893403,-1.5703482866246232,-2.0225906111034466,-4.913037249161991,-5.0256635771850515,-120.3446007155589
332.0,-1.5766233383998745,0.010725860911602507,-1.5705810425974827,-2.0408726353413864,-4.926428690283655,-5.0445608750177975,-120.75699269309163
333.0,-1.591474048198656,0.010685894366819692,-1.5707295206284497,-2.0583568578612685,-4.942975333955241,-5.063459702935042,-121.17041107509296
334.0,-1.6076373963534005,0.010667632595297797,-1.5708237494694752,-2.0724442397017664,-4.955961797518972,-5.0823591573958895,-121.58546742602076
335.0,-1.621376871252548,0.010715455317823908,-1.5708262703889764,-2.089275058693742,-4.959875542686594,-5.101258857798052,-122.00255997307653
336.0,-1.6363810291547682,0.010680971668459351,-1.570895254940502,-2.1046550309382277,-4.968159134958209,-5.120158721658535,-122.42163455564611
337.0,-1.6527327346307816,0.01065076125307679,-1.5709527688502642,-2.1103984215699203,-4.982597754787774,-5.13879966720801,-122.84259510229468
338.0,-1.66998878731268,0.010672022466826024,-1.570933365815003,-2.1238582925517515,-4.999599949167051,-5.156606443363283,-123.26535196399932
339.0,-1.6878102619417987,0.010674283799061848,-1.5709424708616189,-2.1373374497237996,-5.01609659364621,-5.175037581087563,-123.69016345659918
340.0,-1.706010550869853,0.010683000187834902,-1.5709380851592747,-2.1539455893687287,-5.029986106463645,-5.19374325902005,-124.11740423705014
341.0,-1.7244495635569432,0.010678595537308017,-1.570952387964032,-2.1680971325694163,-5.045185649151465,-5.2125628724205,-124.54717036830601
342.0,-1.743054200294628,0.010684653579116979,-1.5709465923169292,-2.184969247499575,-5.06252939533176,-5.2268977630568685,-124.97937342583285
343.0,-1.761464195372817,0.010688625538426493,-1.5709457796549557,-2.2030382659355148,-5.073042671243229,-5.243833095098254,-125.41466809452403
344.0,-1.7799969978764612,0.010680757660158533,-1.570958617305255,-2.21996202570337,-5.082544026965971,-5.254007491470219,-125.8533263321236
345.0,-1.7986516908419015,0.010665660913681438,-1.5709843777341355,-2.228508885950992,-5.097459927888146,-5.258329716896487,-126.29516865051485
346.0,-1.8152897884881838,0.01070116582400373,-1.5709394143507782,-2.243083371721865,-5.111550877157342,-5.271206125972847,-126.73976972217295
347.0,-1.827926629188706,0.010729874874449367,-1.5709174723540973,-2.2574845441217137,-5.12492033511509,-5.287616092473565,-127.1862623917378
348.0,-1.8412834903440958,0.010676741870194033,-1.5709736241116952,-2.268058313506254,-5.141475815781044,-5.303712049956559,-127.63463478445061
349.0,-1.8564512789496894,0.010641036429319748,-1.5710037720213086,-2.277720753009892,-5.159406898289778,-5.321422487619314,-128.08533993480822
350.0,-1.8729232491389933,0.01063345013214284,-1.5710012643408182,-2.291785026623371,-5.177222108844898,-5.326256473650022,-128.5387702295836
351.0,-1.8875259476364477,0.010658461803602082,-1.5709848500797234,-2.3033638671844248,-5.190766279852955,-5.339384177071942,-128.99494624529234
352.0,-1.9025779550071427,0.01064297813240383,-1.5709968472831493,-2.316818611986368,-5.207369472038514,-5.355899104530394,-129.4537744547005
353.0,-1.9188708506040926,0.01062793590071911,-1.5710070106522425,-2.3334342200824056,-5.225319622378126,-5.366905344827138,-129.9155350623511
354.0,-1.9360698507945273,0.010621529423538415,-1.5710143992820587,-2.351396629613679,-5.2438266287054685,-5.38244783616158,-130.3805474658002
355.0,-1.9530242178538793,0.010629744193668238,-1.5710100451843907,-2.369912413881577,-5.262563555588519,-5.3999572977811425,-130.8488572681791
356.0,-1.9679921606581836,0.01065168058712917,-1.5709935470858776,-2.388655752093903,-5.277410079038937,-5.41790739376666,-131.32029360814292
357.0,-1.9839360866254125,0.01062373326409367,-1.57102155739725,-2.4074996206626453,-5.283916903671014,-5.4304404433951445,-131.79581349749625
358.0,-2.000908385444539,0.010609528259851833,-1.5710367709628905,-2.4263791478232957,-5.297680246739337,-5.446606175634806,-132.27533990566988
359.0,-2.0164413958162144,0.01062538280309625,-1.5710392125776023,-2.4358128040101548,-5.314458216794268,-5.464373038854208,-132.7584752920625
360.0,-2.032823832008728,0.01060469305710191,-1.5710600047441323,-2.4382961757693646,-5.332482429277716,-5.477790227984281,-133.24555822748485
361.0,-2.043466725188199,0.010679578993102939,-1.5709716118647197,-2.446275986247028,-5.34732744964157,-5.494337803961572,-133.73509245041865
362.0,-2.0522252339133704,0.010662599183386148,-1.5709771973709705,-2.460610155877072,-5.36448864420282,-5.512263075276389,-134.22618317097505
363.0,-2.063929630712337,0.010594467970459095,-1.5710393006690022,-2.4776398285827894,-5.3776008986359125,-5.53076011049303,-134.71998855558442
364.0,-2.0759196520642504,0.010589850852282905,-1.5710484110586134,-2.4950518289659067,-5.391563866824629,-5.544891262982317,-135.21669659628466
365.0,-2.0852360184310768,0.007520369069814009,-1.5708994746101042,-2.5133233310421037,-5.404418531097968,-5.561741104124739,-135.71543007478905
366.0,-2.0970549452002745,0.007920325168865382,-1.5711794185824226,-2.5319776797803804,-5.420752754508291,-5.5797915781245315,-136.21689510259165
367.0,-2.10907275514596,0.008845344921304702,-1.571139429033036,-2.547092988438555,-5.438591681679773,-5.5983401892676,-136.721344397965
368.0,-2.121387690582365,0.009448470868996224,-1.5711091819829293,-2.5643639707265566,-5.457053347082459,-5.61709487285211,-137.22888470956156
369.0,-2.1357228781427984,0.009819419264692352,-1.5711130978965795,-2.5825975732895006,-5.473054668114746,-5.6359347919591185,-137.7403805612971
370.0,-2.150986749339427,0.01007732130320944,-1.5711031958133925,-2.6012239549693335,-5.490709588280638,-5.651656646055101,-138.2561987631342
371.0,-2.163705269778751,0.01028340446643218,-1.571063978357969,-2.6200103296484443,-5.5071796049014825,-5.669188860232576,-138.77565928841912
372.0,-2.1780058967183535,0.010359313099726092,-1.5710929490800283,-2.6388707179449935,-5.525042819258411,-5.687521984380241,-139.29923643987638
373.0,-2.1923734596485107,0.010436808420307253,-1.5710962385804144,-2.652296941789442,-5.543513591465839,-5.706187511309611,-139.8270972489354
374.0,-2.2037325913787926,0.010515020789938134,-1.571054663630897,-2.668834042773658,-5.56223596295498,-5.72499048608927,-140.35827740029728
375.0,-2.215786663846585,0.010513906665785576,-1.5710805211613508,-2.6867680023353326,-5.578419671959157,-5.743490027430877,-140.89309574738482
376.0,-2.2300252238354408,0.010505905040562607,-1.571115269240193,-2.7005194254714806,-5.596151510205043,-5.762218266687984,-141.4323640737507
377.0,-2.245886459201032,0.010510718974302313,-1.571122291690828,-2.7118142277738135,-5.61433001162099,-5.781046991244218,-141.97677301731042
378.0,-2.2619588079586026,0.010526512933715291,-1.5711002072566385,-2.72747659237951,-5.632588843397755,-5.799917470831292,-142.52651049328117
379.0,-2.277013323133018,0.010556527438028051,-1.571091813571324,-2.7371064567767998,-5.649401458647371,-5.81880524480693,-143.0813517200593
380.0,-2.29246938485029,0.010546776947231395,-1.571086267309501,-2.752109603544821,-5.662811594384705,-5.8377001127834625,-143.641573603499
381.0,-2.3079994705246554,0.010549588992334677,-1.5710844090299787,-2.7694079703883876,-5.679363258653792,-5.856597996286041,-144.20719261499195
382.0,-2.3240039015918055,0.010524365846038572,-1.570460958039954,-2.787652160036239,-5.694439569357299,-5.8674519232588365,-144.7785971523726
383.0,-2.3409466450571874,0.010570343274726626,-1.5706657831418116,-2.7940732833195567,-5.71171057028217,-5.877497818710926,-145.3559928802646
384.0,-2.3585663994410955,0.010551109003995706,-1.5707969933491737,-2.8078244973690087,-5.716000439397473,-5.892642261847514,-145.94001182031565
385.0,-2.3708301327855605,0.010618168324126558,-1.5708396366301816,-2.8200453586611185,-5.723236876942119,-5.909987125116263,-146.52873365749244
386.0,-2.3845194549232276,0.01056143724880502,-1.5709492750744332,-2.8361112999506353,-5.737223143948786,-5.927645493447655,-147.12238045910348
387.0,-2.3934944298594956,0.010613338825847472,-1.5709525939180906,-2.850941684246989,-5.754091617822486,-5.9433073808901975,-147.7193076261382
388.0,-2.399848743708673,0.010601098933352303,-1.5709895068230315,-2.8681120187908116,-5.766066150391517,-5.960822077076795,-148.31855190263505
389.0,-2.4097892296679424,0.010524925008403322,-1.5710812849949216,-2.88630467353311,-5.782000381565128,-5.979148183115402,-148.921304865391
390.0,-2.4205895882064463,0.010519726253835333,-1.5711008706269756,-2.904912242320972,-5.799673746283996,-5.997810844718712,-149.52801571304005
391.0,-2.43287697257772,0.01051902427129425,-1.5711333490445216,-2.914127979609059,-5.818066822045837,-6.015520553423664,-150.13919432044432
392.0,-2.44731662361667,0.010492866761271617,-1.5711396817219623,-2.9289819729463655,-5.836758215074642,-6.033909702894497,-150.75573714107801
393.0,-2.4605119309479093,0.010523096633972035,-1.5711111864315506,-2.9462171687238725,-5.8555707695573265,-6.052598006122283,-151.37731168058627
394.0,-2.4679834775527105,0.010589146882600068,-1.5710566043157081,-2.9644323622347435,-5.874433627218053,-6.0616166295601035,-152.00182210872248
395.0,-2.4731078906296453,0.010583781539204406,-1.5710707497042848,-2.9817800543484285,-5.8920314392019595,-6.076393675219041,-152.6282580344093
396.0,-2.4794311097644375,0.010507913511373802,-1.5699028211242896,-2.994197743300743,-5.907203346283414,-6.092520268239657,-153.25729307821047
397.0,-2.4897345534933093,0.01051542763091554,-1.5703009048471082,-3.0103090723543278,-5.922359745221609,-6.110255401362929,-153.89015586983092
398.0,-2.503009659629404,0.010483468693382151,-1.5706018356723348,-3.0280655121822173,-5.93967466730572,-6.124824391267552,-154.52804401866544
399.0,-2.51482558726614,0.01051530611882324,-1.5707557520675268,-3.046494385200178,-5.94753578418245,-6.14123863672037,-155.1706741312748
400.0,-2.528587052557063,0.010493937435355486,-1.5709020251947676,-3.0652023954113803,-5.956132760347601,-6.153478657949065,-155.8187240617402
401.0,-2.5441347935378538,0.01049296842329609,-1.5709881068325984,-3.084023343622192,-5.97067820924946,-6.169529048872132,-156.47287314201412
402.0,-2.5603488752803085,0.010505735834164243,-1.5710317894781758,-3.1028903562458243,-5.9841208048208285,-6.1872484075528895,-157.13344418696678
403.0,-2.5717160945481528,0.010575290928129054,-1.5710081574323616,-3.121777424013433,-6.000702609782917,-6.205660209125772,-157.79865806161445
404.0,-2.584760050209071,0.010533474438080693,-1.5710725486463342,-3.14067117085803,-6.018645562259937,-6.2192539660951125,-158.46894043967094
405.0,-2.599826450179885,0.010525808838877099,-1.5711060745489738,-3.1543659401064947,-6.032861374341748,-6.235873072194745,-159.14509597958383
406.0,-2.616226483192593,0.010511669474215621,-1.5711139425131289,-3.1710198751794865,-6.042009888896539,-6.253827742151555,-159.8277683482208
407.0,-2.633497082216115,0.010515918628681363,-1.571114621556645,-3.188996424792999,-6.053603254953113,-6.269566281762634,-160.51730177876144
408.0,-2.651189576752319,0.010526927363318232,-1.5711099199294871,-3.207516137942752,-6.067676613900663,-6.277617768184617,-161.21383950755745
409.0,-2.664636656508323,0.010591496906040358,-1.5710635866579967,-3.223103665767276,-6.080598477152138,-6.280897524114206,-161.91581935007648
410.0,-2.6764687945505083,0.010578441916305909,-1.571070376491743,-3.2405756898153797,-6.087970830470199,-6.282245678582553,-162.62260920768264
411.0,-2.690331501011821,0.010553295542585,-1.5711092310465753,-3.2522755399538825,-6.09392237835185,-6.282799476306564,-163.3348288540733
412.0,-2.7059437303625082,0.010528820250780252,-1.5711208615955454,-3.2648144984246152,-6.092149140363583,-6.283026983081951,-164.05330720662843
413.0,-2.722701077570317,0.010520445158947069,-1.5711200539432721,-3.281032136134021,-6.102598919711305,-6.283120452898871,-164.7783712612942
414.0,-2.738460200056807,0.010541105288615543,-1.5710989835724365,-3.2985976081654673,-6.107173915544428,-6.283158862486331,-165.50981525575426
415.0,-2.755047735157627,0.010536360859652788,-1.5711066925787087,-3.3169430875285077,-6.117569234302339,-6.283174659115213,-166.24779693587712
416.0,-2.7693707713340387,0.010570962622538224,-1.571078124462478,-3.3356153168466838,-6.130812193388392,-6.2831811462746545,-166.99148526337035
417.0,-2.781943189203827,0.010580729396400347,-1.5710726407606057,-3.3544196780040085,-6.147339454016061,-6.283183822242041,-167.7400962507195
418.0,-2.7962761707004,0.010548135157510644,-1.5711028015154778,-3.373078146509268,-6.16177292140736,-6.283184923003678,-168.49421398737124
419.0,-2.8121983302779734,0.010549166863440557,-1.5711115585560986,-3.387766256000406,-6.178767623050111,-6.283185352685919,-169.2542856459908
420.0,-2.8291572603689215,0.010558336128246311,-1.5711087639576085,-3.397518655833032,-6.196880468904166,-6.2831855100552225,-170.02052306857428
421.0,-2.846788221376517,0.010540129177847914,-1.5711022985940757,-3.412561349982582,-6.215455946642976,-6.283185565183063,-170.79324726600794
422.0,-2.8646936746021425,0.010543259829689539,-1.5710934376233532,-3.429873943251156,-6.231986139584887,-6.283185610544577,-171.5726337295937
423.0,-2.8791668674002038,0.010595587188322916,-1.571053205357354,-3.4455351019708784,-6.245535816465935,-6.283185622070421,-172.35751506562985
424.0,-2.8946058075548575,0.010564336041612306,-1.5710782600293574,-3.463045396960943,-6.260275013304008,-6.283185656006582,-173.14807448496524
425.0,-2.911246646610439,0.010553708135404613,-1.5710870914461397,-3.4813727453653818,-6.2737753657285396,-6.283185669830513,-173.94478451898863
426.0,-2.928674470639441,0.010559873917535314,-1.5710862456169312,-3.4977868591368564,-6.279293859243164,-6.28318567195819,-174.74806990043857
427.0,-2.9449677441052455,0.010576293778953853,-1.5710674063160475,-3.5156195050049317,-6.281559538513438,-6.283185680990384,-175.55768585790855
428.0,-2.9619180587866287,0.010576005109367782,-1.571073803984591,-3.5317061788543405,-6.282490199923311,-6.283185671795959,-176.37379079718562
429.0,-2.977056876030858,0.010595006044826894,-1.571052044387502,-3.549401778083778,-6.282871918440103,-6.283185679100826,-177.19587285307165
430.0,-2.993128910456175,0.010604067212298986,-1.5710644783223155,-3.558580202507589,-6.283029181599332,-6.28318567512591,-178.0239004011682
431.0,-3.0097561071597787,0.01059518609621124,-1.5710649561477719,-3.5667501435448963,-6.283094446662577,-6.283185596319329,-178.8580094216472
432.0,-3.0237288732923386,0.010607397884183469,-1.5710385055847145,-3.578607420400518,-6.283120743189413,-6.283185574553943,-179.69745805016328
433.0,-3.0368524862694435,0.010589138613343214,-1.571046252488985,-3.594554583974627,-6.2831320620718065,-6.283185607989833,-180.5420298768324
434.0,-3.051594956373384,0.01056383564023779,-1.5710697281655979,-3.6122357152207525,-6.283137118965365,-6.283185646336738,-181.3923014299545
435.0,-3.066657031482117,0.010571181231259675,-1.571065989786195,-3.630634246401843,-6.283138747988228,-6.2831856745123105,-182.24846456220308
436.0,-3.081527986814516,0.01058237384134828,-1.5710592731585322,-3.6493259846753445,-6.283139489810903,-6.2831856912869455,-183.11047574408235
437.0,-3.0970780873083754,0.010587509423975119,-1.5710607051082235,-3.666480816105814,-6.28314023531932,-6.283185688416647,-183.97847205695166
438.0,-3.1137124900806845,0.010581697736766099,-1.5710628585218769,-3.6846268406319775,-6.283140921426729,-6.2831856944092115,-184.85283734370043
439.0,-3.1311356231615424,0.010586943074620186,-1.571057325216628,-3.7032148803750085,-6.2831412133972435,-6.283185698380685,-185.73385446069025
440.0,-3.14907314210766,0.010596583557021332,-1.5710484873973392,-3.7219844103038917,-6.283141431348689,-6.28318570347723,-186.6216911737786
441.0,-3.167345867739883,0.010607204572778356,-1.5710387296168142,-3.740828323924809,-6.283141686795167,-6.283185706940036,-187.51644284036456
442.0,-3.185520928815344,0.010620426360779858,-1.571026517559653,-3.759703010468159,-6.28314190044031,-6.283185708705799,-188.4180658671665
443.0,-3.1984758754859497,0.010685872598987132,-1.5709721277431008,-3.776832150076912,-6.283140602833846,-6.2831856918770495,-189.32491483166675
444.0,-3.212661673816005,0.010648767705300266,-1.5710078345450786,-3.7923859623708887,-6.283143203377862,-6.283185676686822,-190.23708228514909
445.0,-3.228484681235315,0.01063199122144822,-1.5710212257999716,-3.806637589732897,-6.2831442579895675,-6.283185655929773,-191.1550121990955
446.0,-3.245376125046723,0.01061630163866314,-1.571025321022082,-3.823558689824565,-6.28314479951144,-6.283185664696553,-192.07917267934462
447.0,-3.260361159779413,0.010644290352128083,-1.57099819522808,-3.8416460413772398,-6.283144016752837,-6.28318567500912,-193.00910952954715
448.0,-3.2763057354626746,0.01063173225341577,-1.571010085647718,-3.860203131977546,-6.283145238774932,-6.283185690881144,-193.94504532602826
449.0,-3.2913703446373095,0.010671176233354378,-1.5709875221011818,-3.8726317434933537,-6.283144936244139,-6.283185653966128,-194.88638094864632
450.0,-3.3074652235354027,0.01063904588985384,-1.5710030854233212,-3.8887447358766147,-6.283146532715668,-6.28318565955376,-195.83353443013706
451.0,-3.324539150814971,0.010641035312400127,-1.571001264843213,-3.904414018998754,-6.283146935993997,-6.283185652235647,-196.78676896379622
452.0,-3.3419932742917187,0.010642862777915684,-1.5709946468929574,-3.9219408162262104,-6.283147152942502,-6.28318567018936,-197.74629057443605
453.0,-3.359919688009106,0.01067571950852589,-1.5709793854383163,-3.932088620615718,-6.283147176524505,-6.283185657808101,-198.71170884776703
454.0,-3.3764578764463122,0.010672909910751913,-1.5709658229640437,-3.9473022091541137,-6.28314747239174,-6.283185634211414,-199.682921850144
455.0,-3.3935533421814297,0.010661039262805113,-1.570972971649112,-3.9646785327691156,-6.2831485091321335,-6.28318565195433,-200.66016620309725
456.0,-3.4087660801603703,0.010687475681376459,-1.5709497012822324,-3.9829528822732794,-6.2831478910299206,-6.283185674197413,-201.64302433655973
457.0,-3.4231414079997027,0.010709381910639573,-1.5709417502317387,-3.9962293033327208,-6.2831486075158605,-6.2831856476071835,-202.63085144366846
458.0,-3.4388116208930284,0.010675102288261597,-1.570962936528583,-4.012700478749093,-6.283150484141004,-6.283185662962656,-203.6241247506183
459.0,-3.455630811929041,0.008951888251186212,-1.570910383646359,-4.027860078511963,-6.283149657484354,-6.283185624350543,-204.62255407538808
460.0,-3.468321452724039,0.0067243657307151415,-1.5708702422264549,-4.033748754991234,-6.283148312566226,-6.283185662328548,-205.62419251339264
461.0,-3.4812870774886924,0.007159023387870401,-1.5710077604057435,-4.042626455680595,-6.283154352608502,-6.283185602528374,-206.62992644974258
462.0,-3.496177319084109,0.008287973533323301,-1.5710119355930734,-4.05147768509402,-6.283154398308817,-6.283185564095277,-207.6405288335524
463.0,-3.5124646817382144,0.009099912775496384,-1.5709942733502669,-4.06613458341353,-6.283153821924353,-6.283185586913785,-208.6566811659741
464.0,-3.529667711176827,0.009659379718280972,-1.5709694110711625,-4.080488030121664,-6.283153242879755,-6.283185600082073,-209.67848520811472
465.0,-3.5441253312468888,0.010056256759289648,-1.5709238208129837,-4.095603712659456,-6.283151736592559,-6.283185620842479,-210.7052789332631
466.0,-3.556526214116969,0.010311392269541059,-1.5709045248272226,-4.108020575599472,-6.283152250218245,-6.283185608493714,-211.7362433454257
467.0,-3.5695061998277193,0.010389839783989252,-1.568064755478316,-4.111127545805209,-6.283154468069133,-6.283185694347206,-212.77146042665788
468.0,-3.5804111661218694,0.010618095479818056,-1.568913730122313,-4.11880305942823,-6.283153247020817,-6.283185481955947,-213.8098008488719
469.0,-3.5934300460879576,0.010593530394125444,-1.5696185736554038,-4.13296465179872,-6.2831565018603595,-6.283185557652496,-214.85210282998344
470.0,-3.6085005155930183,0.010608888407926184,-1.570068160312708,-4.149209766441218,-6.283156956803241,-6.28318561135858,-215.8991083062639
471.0,-3.6249090193556732,0.010640429908319276,-1.5703538091879343,-4.1651370541514225,-6.283156814931412,-6.283185641162099,-216.9511249809415
472.0,-3.641511995225962,0.010675909247467582,-1.570531499361915,-4.18080916627805,-6.283156495732049,-6.283185652752727,-218.0081704296797
473.0,-3.653784276052719,0.010742825509853,-1.5706120772359227,-4.196336060405739,-6.283154665065758,-6.283185651671373,-219.0693296832744
474.0,-3.6675662824083664,0.010713686456876075,-1.5707295837937285,-4.213789110664253,-6.283157954761392,-6.283185671156519,-220.13493693792395
475.0,-3.6816148076652,0.010776924674664139,-1.5707583846658522,-4.213799454493902,-6.283157136305928,-6.28318574187911,-221.20361333788208
476.0,-3.6970921948567876,0.010743318503306041,-1.5708183223461634,-4.214838730762627,-6.283159655924486,-6.283185564542898,-222.2755748717977
477.0,-3.7137868039850086,0.007713755183223168,-1.5707732788185749,-4.226380718459685,-6.2831584443737025,-6.283185470507963,-223.3510727915659
478.0,-3.731198650340396,0.006562128897194917,-1.5708972937128973,-4.242212643761055,-6.283161506473777,-6.283185602704461,-224.43102852959979
479.0,-3.7480732748466656,0.007741647284842652,-1.570935118835767,-4.254395657200583,-6.283161262591147,-6.283185628960128,-225.51574727167213
480.0,-3.7655008522659714,0.00878382416679422,-1.5709076885852804,-4.270432779299111,-6.283160561398659,-6.283185638177491,-226.6055923318505
481.0,-3.7831955054852475,0.009493624308538434,-1.5708751085889785,-4.283711320516216,-6.283160130243147,-6.283185616429177,-227.70021610364577
482.0,-3.801270433431863,0.009956129492188142,-1.5708554797669692,-4.293152306948544,-6.283160500116867,-6.283185605553559,-228.799176880932
483.0,-3.8196242409882677,0.010236605029241777,-1.5708524504843726,-4.305987462107107,-6.28316134049322,-6.283185593692043,-229.90266397080947
484.0,-3.8351839767783575,0.010452455048269525,-1.5708231436061115,-4.321648238618838,-6.283160260102207,-6.283185615629849,-231.01039552655106
485.0,-3.847263249514517,0.01061559971755315,-1.5707945841317847,-4.332624799170818,-6.283160105073542,-6.283185602556037,-232.1213060715287
486.0,-3.861041453347411,0.010648370449129247,-1.5708342238780966,-4.344834386572408,-6.283163843290895,-6.283185600425541,-233.23561629297933
487.0,-3.8730880722191348,0.01070808002615182,-1.5702813908857856,-4.355221461898851,-6.283163281927746,-6.283185584079579,-234.35305748669043
488.0,-3.886963675402133,0.010721823834437367,-1.5704780055856606,-4.370494689661776,-6.283165537044282,-6.283185607634134,-235.4740552487675
489.0,-3.8989747093806595,0.0107641438538868,-1.5705784988538751,-4.387905696881142,-6.283164318838393,-6.283185641503965,-236.5985531838968
490.0,-3.9128138899457032,0.010769262161118698,-1.5706734251579655,-4.401221101020707,-6.283166531230786,-6.283185632896644,-237.72638010134727
491.0,-3.924551490122235,0.01080765855656807,-1.5707001877626228,-4.414112058190153,-6.28316540592799,-6.283185624631668,-238.85719490441386
492.0,-3.936181489705128,0.010838966390688211,-1.5707259007601513,-4.413441491782194,-6.283166086820574,-6.283185710575289,-239.98968716951498
493.0,-3.9499984503582226,0.010780954507162804,-1.5707918877085705,-4.420765017932583,-6.283169546732926,-6.283185507952007,-241.1247480977842
494.0,-3.9641365509781883,0.010773125282182884,-1.570809105367569,-4.43483328090307,-6.283168997861033,-6.283185555245385,-242.26305675393024
495.0,-3.9794611729078553,0.010777846389472417,-1.5708178332833063,-4.450205574312335,-6.283169224745189,-6.283185599354699,-243.40485621956415
496.0,-3.9926867947955653,0.010815706689903176,-1.5707918579326603,-4.467626578898197,-6.283167638458189,-6.283185644083681,-244.55005214992588
497.0,-4.00691288024454,0.009794531582307205,-1.5707717402488963,-4.485117675499359,-6.283168866391808,-6.283185652203224,-245.69840856180267
498.0,-4.022664872186578,0.009958808013163118,-1.570828722816105,-4.50213931201861,-6.283171308092128,-6.2831856951484815,-246.8502955503089
499.0,-4.039527323032121,0.010263359057244901,-1.5708120469866003,-4.520247829682003,-6.283171275069938,-6.283185694846695,-248.00596021287012
500.0,-4.057102091129675,0.010472950439695308,-1.5707931344198358,-4.538818396958808,-6.283171402794752,-6.28318569879195,-249.16541814219184
501.0,-4.075139596166501,0.010615605568882936,-1.5707753199795864,-4.557578415780703,-6.283171750914214,-6.283185704697443,-250.32862563935356
502.0,-4.086517344334857,0.010808228536804004,-1.5706838697730663,-4.56284923487196,-6.2831677805967905,-6.283185729002938,-251.49367250509349
503.0,-4.099352992697546,0.010784662128198433,-1.5707462409861563,-4.575420030449578,-6.283174166955305,-6.283185602401096,-252.6611099042542
504.0,-4.110012993254933,0.010835238359782165,-1.5707292081703783,-4.589815157352167,-6.283173320549838,-6.283185605058217,-253.83095323574068
505.0,-4.12167020382025,0.010828977727801198,-1.5707542114357504,-4.606809151917276,-6.283175789181765,-6.283185642634988,-255.0034471830821
506.0,-4.134030996062161,0.010859814724697,-1.5707431314639189,-4.616519140704808,-6.2831760633267395,-6.283185642168031,-256.1779849579935
507.0,-4.144459074453901,0.010875000161683837,-1.570734373367195,-4.631552802384771,-6.283175894046654,-6.283185626146602,-257.35482145608546
508.0,-4.1550862460528,0.010869340567854938,-1.5707444310922418,-4.648851010313738,-6.280682139860492,-6.283185652244634,-258.5343639756403
509.0,-4.168252929216926,0.010854854672422488,-1.5707603447885605,-4.6670839525136,-6.282195286141615,-6.283185672629322,-259.7164917230837
510.0,-4.179362435148568,0.010907652019455713,-1.5707160855141056,-4.681044988728562,-6.2827730842363545,-6.283185653168447,-260.90074871971103
511.0,-4.192510895260756,0.010879001355184695,-1.5707419231896933,-4.697802403544814,-6.2830145323878765,-6.2831856703335065,-262.087435625624
512.0,-4.207666372498691,0.010877328272074459,-1.570741932052956,-4.715819675137277,-6.283113131946736,-6.283185680839397,-263.27677876459643
513.0,-4.224131018260068,0.010889647706503504,-1.5707295993852934,-4.734333035618191,-6.283153454698131,-6.283185694744293,-264.46884149313735
514.0,-4.240312903636105,0.010936650515972047,-1.570688524257049,-4.742140305336795,-6.283169013584307,-6.283185700503956,-265.6625939328914
515.0,-4.255787028035088,0.010934547620996007,-1.5706884052815657,-4.75642501281299,-6.283176970648547,-6.28318562656222,-266.85842928497465
516.0,-4.272219896882413,0.010927565526115181,-1.5706930502993584,-4.773418246165207,-6.28318110733479,-6.283185644081206,-268.05656338180404
517.0,-4.288030216554922,0.0109477320472803,-1.5706735120510522,-4.791533423484962,-6.283181900108133,-6.2831856708674865,-269.2570067447039
518.0,-4.303496021531654,0.010827940623446363,-1.5706518643471545,-4.805585873881435,-6.283182930705864,-6.283185651258564,-270.4592724630528
519.0,-4.31634031440372,0.010871470138808582,-1.570639538163548,-4.822398971326529,-6.283183023079804,-6.283185669855459,-271.6634672325225
520.0,-4.330698107973762,0.010887795267264234,-1.570659366533341,-4.83957133760349,-6.283184415078304,-6.28318567381941,-272.8695865439522
521.0,-4.343752870598579,0.010934956497914702,-1.570638707646909,-4.857746864375464,-6.2831848730907724,-6.28318568681738,-274.0776399068683
522.0,-4.358373172652493,0.010945407691312307,-1.5706428187728074,-4.869461441656387,-6.283187458683459,-6.283185653659123,-275.28702045045077
523.0,-4.373456842286534,0.010957377632581127,-1.5706412671341141,-4.882688398897647,-6.283186284908393,-6.283185634408799,-276.49776846602253
524.0,-4.3884856511130375,0.010976209585733851,-1.5706296845677479,-4.893685815846445,-6.283187870450421,-6.283185602244199,-277.7096278337083
525.0,-4.404713663504318,0.006063747492090922,-1.5704773899983495,-4.906295167426576,-6.283185404854467,-6.283185528820332,-278.9214169889038
526.0,-4.419372744937299,0.006838761297455145,-1.5707421614753596,-4.922358908577363,-6.28318901618314,-6.283185713322878,-280.1345983027005
527.0,-4.431587364825393,0.008313902461452014,-1.5706633907500065,-4.940108545459761,-6.283186833897974,-6.283185678809546,-281.34966087604334
528.0,-4.44553146377659,0.009243913629795784,-1.5706483187374185,-4.9571439050508355,-6.283187742482252,-6.283185672151105,-282.5663013348521
529.0,-4.458485381283182,0.009881663660981041,-1.5706108381467927,-4.975065452760944,-6.283188019804396,-6.283185679569613,-283.7844488256296
530.0,-4.473068418566144,0.010278233661295101,-1.5705998803353547,-4.982093692736801,-6.283190753983103,-6.2831856937163675,-285.00306196012104
531.0,-4.48537112925853,0.010567602026578318,-1.5705704578202437,-4.988262998306826,-6.283190102163255,-6.283185585318281,-286.22199445181957
532.0,-4.497025355786028,0.010732361130234163,-1.570573747278127,-4.991589042528587,-6.283190753183651,-6.283185574148357,-287.44094574876743
533.0,-4.51080101815578,0.010803332727108426,-1.570612942517515,-5.0040315094523145,-6.283189603823011,-6.283185539919096,-288.6604801433216
534.0,-4.525015273550499,0.010881138752915093,-1.570605797599669,-5.020276786609335,-6.283191575174679,-6.28318559285373,-289.88084594186165
535.0,-4.5406436162323915,0.010929050236829222,-1.57060002129667,-5.033962818999851,-6.283189174675281,-6.283185612495631,-291.10171443921604
536.0,-4.555382905326363,0.010982453535432849,-1.570579520259498,-5.050636318465095,-6.283191038998793,-6.2831856464376115,-292.3232545754114
537.0,-4.564838576899516,0.009104744605113464,-1.5704624779448262,-5.068625805670067,-6.283188265526397,-6.283185634734957,-293.5452951561423
538.0,-4.576455948707237,0.009371819488788046,-1.5706062951784006,-5.074451716016547,-6.2831948521272905,-6.283185737928179,-294.76721758337635
539.0,-4.589191976766669,0.00994935174504085,-1.5705944005206833,-5.0815859930460245,-6.283192698138884,-6.283185575759495,-295.9891341364765
540.0,-4.603790388277292,0.01031814089850945,-1.570601352786106,-5.095532542075793,-6.2831907529262425,-6.2831855833030295,-297.2113193733871
541.0,-4.619899362118319,0.010576051222410482,-1.5705796843070432,-5.103486675909976,-6.283191544602608,-6.283185600816529,-298.43315123004584
542.0,-4.636972635531774,0.010744246674670176,-1.570574450289789,-5.116677833123635,-6.2831903781167044,-6.283185584725792,-299.6548005869845
543.0,-4.652143114110407,0.010889253691631287,-1.5705309670142746,-5.1244558598820795,-6.283192211225361,-6.283185598006159,-300.87593314974185
544.0,-4.666675914227677,0.01096133952010355,-1.5705286556118523,-5.1323993207723575,-6.283192027980566,-6.283185549346339,-302.0964978311002
545.0,-4.682478796426187,0.010993666979546447,-1.5705368686852517,-5.1366161093495535,-6.28319360777982,-6.283185578727754,-303.3160457177248
546.0,-4.693921382608855,0.011068083242250898,-1.5705047059525234,-5.149434454415666,-6.283191660870102,-6.283185545763915,-304.53547386840614
547.0,-4.704810413605909,0.011070037120531619,-1.570521504263066,-5.165816921554603,-6.283192481834841,-6.283185598045398,-305.7550425340477
548.0,-4.718115031368681,0.01105192768355386,-1.5705432122877947,-5.181097758994135,-6.283193263153724,-6.283185629314783,-306.9743983389103
549.0,-4.730984008041962,0.011075994307307586,-1.5705245320506618,-5.195084228379141,-6.28319450928236,-6.28318563447733,-308.1934264869399
550.0,-4.74452006072583,0.011076792894771207,-1.5705305752011862,-5.2118873507143135,-6.2831942903832925,-6.283185655858538,-309.4121663488658
551.0,-4.75797597467007,0.011090628852295741,-1.5705186286871176,-5.229042948931309,-6.283194670925494,-6.283185667147092,-310.6305801632062
552.0,-4.773025061066354,0.011084017098237132,-1.570525189160199,-5.247199912569298,-6.283194559257797,-6.2831856858855915,-311.84846854036755
553.0,-4.7861602083872565,0.011121051457334101,-1.5704909727182927,-5.26579717294019,-6.283193839512606,-6.283185695436003,-313.06599448317314
554.0,-4.800746949080118,0.011105131674433485,-1.5704994062078648,-5.27996953279856,-6.283196292030201,-6.28318567110726,-314.28262850773996
555.0,-4.8168336075235,0.011104688443780316,-1.5705027875552382,-5.296181893225752,-6.2831965450113865,-6.283185672425978,-315.49820098998197
556.0,-4.833906598082865,0.01111350215578562,-1.570495261707681,-5.313960635223302,-6.283196465403019,-6.283185679077222,-316.71257288421293
557.0,-4.848956892662841,0.011148467520108141,-1.5704544781328835,-5.325662048579797,-6.283196967483911,-6.283185646206132,-317.9255574440905
558.0,-4.864880817206291,0.0111372058002732,-1.5704648130730812,-5.334599715489016,-6.283199416640059,-6.283185614579068,-319.13677275158227
559.0,-4.8818353202853615,0.011139497693055424,-1.5704730899501078,-5.349289074187388,-6.281389407586318,-6.28318561784402,-320.34639492018107
560.0,-4.898153662360773,0.011158821198159707,-1.5704554339831533,-5.365984992013355,-6.282491111498201,-6.283185633938479,-321.55437487985125
561.0,-4.915142226164056,0.011156949469193914,-1.570456049846199,-5.383961547269082,-6.282914786226449,-6.283185668399959,-322.76060765948597
562.0,-4.932800722947898,0.011160022594435165,-1.570448653002717,-5.401437580507154,-6.283089115865504,-6.283185681473143,-323.96485474446735
563.0,-4.950893242281985,0.011168043412437453,-1.5704401233924787,-5.419727412177851,-6.283160965954117,-6.283185694241719,-325.1669629418683
564.0,-4.967140933570026,0.011197303237454688,-1.570412246116736,-5.438374414169365,-6.2831898757845694,-6.283185699574943,-326.3671447387041
565.0,-4.9839390374501455,0.011187814804141563,-1.5704194654125216,-5.457157781713775,-6.2832008220032165,-6.279920232157559,-327.5652073394362
566.0,-4.997980287886969,0.011220697227846046,-1.5703883814088524,-5.4760126882560085,-6.283200760925279,-6.28190166690933,-328.76154381164264
567.0,-5.012889349571571,0.01119298822244876,-1.570406542796745,-5.490979932750562,-6.283203528660534,-6.282656628253968,-329.9557358752993
568.0,-5.0272496801736395,0.011205021327605673,-1.570401313548,-5.5081835149969764,-6.283203717621568,-6.2829446576973105,-331.14789023699734
569.0,-5.042868517354195,0.011181328351697753,-1.5704106999844594,-5.5185670485639395,-6.283205912853424,-6.2830870571782125,-332.3373738352499
570.0,-5.059132932127407,0.011192977619099594,-1.5704128443084038,-5.5335322016302895,-6.283205744334747,-6.283145121588499,-333.52415187055414
571.0,-5.074329478481863,0.011215965472130019,-1.5703954274421317,-5.550805786889137,-6.283205199074983,-6.283169007948677,-334.7084486048488
572.0,-5.090482511564464,0.011205978575184877,-1.5704032484695007,-5.568890540474386,-6.283205767732051,-6.283178838359828,-335.8900113780598
573.0,-5.107596530049089,0.011205642809789576,-1.5704007064779393,-5.587445265382191,-6.283206115994988,-6.283182881586077,-337.068535874189
574.0,-5.125337372465407,0.011211294838900234,-1.5703928155297704,-5.606198404663549,-6.283206494833754,-6.283184545578965,-338.2437667127276
575.0,-5.14349380113292,0.011199069524548537,-1.570379317767946,-5.6125994600236755,-6.283208620421497,-6.283185249247074,-339.41500676199576
576.0,-5.1619032510929195,0.011212905321846002,-1.5703747835627417,-5.617897193248814,-6.283208745495751,-6.283185407472771,-340.5820340576189
577.0,-5.18047831526752,0.01123954620977933,-1.5703731837958013,-5.631120500543614,-6.283208213414786,-6.283185493558647,-341.7449933708505
578.0,-5.1989289726940875,0.011240473979256309,-1.5703626561757509,-5.641050079237159,-6.283208064122457,-6.283185539431458,-342.9036839933141
579.0,-5.2173737527290465,0.011250224203088096,-1.5703593888106298,-5.653112401454279,-6.283208813789693,-6.283185571453269,-344.0580683223765
580.0,-5.2358056063034155,0.011261166092685999,-1.5703555612884281,-5.669053962424277,-6.283208933586299,-6.283185611858134,-345.20816822752823
581.0,-5.254378679517432,0.011254928414939535,-1.570350790649997,-5.682570840301974,-6.2832098118933315,-6.28205139498236,-346.35374928600936
582.0,-5.2730656352492336,0.011253753472174196,-1.5703467407321865,-5.693909497863417,-6.280854114033491,-6.282739617692375,-347.49466468025315
583.0,-5.287726625485559,0.011298131356459141,-1.570307364986675,-5.704675627984359,-6.282286514727599,-6.283001827225364,-348.63174379224114
584.0,-5.300297699172014,0.011306703549938955,-1.5703138411035114,-5.720122880105052,-6.282837451614139,-6.283110139240729,-349.7657008018623
585.0,-5.313359272560912,0.011280367813001218,-1.5703382751338923,-5.73759732451255,-6.283064673040987,-6.283154639915795,-350.89643160190485
586.0,-5.327914802581815,0.011243862107004593,-1.5703571617515486,-5.7511642646889545,-6.283158158538097,-6.283172905301438,-352.023335439498
587.0,-5.343668287220944,0.01122002205267285,-1.5703630428431874,-5.756670429413459,-6.283195994270756,-6.2831804321221245,-353.14575569679465
588.0,-5.355462992042877,0.011291295248648421,-1.570319749137083,-5.767580434070009,-6.283206059940926,-6.283183421604755,-354.264887815337
589.0,-5.368837340824194,0.011264693162945405,-1.5703558206680956,-5.783135078810073,-6.283208790607568,-6.283184719546311,-355.38040882760765
590.0,-5.381727047045112,0.011261244484775633,-1.5703453872709332,-5.795493102144628,-6.283211054006443,-6.283185243049145,-356.49228049401364
591.0,-5.396282001742932,0.01123910509216127,-1.5703645163693192,-5.806871849657077,-6.278708589601871,-6.283185462022047,-357.60004593950737
592.0,-5.412358488605796,0.011240105575796229,-1.5703666189200263,-5.820460000230942,-6.281443937747208,-6.283185543274498,-358.703026581034
593.0,-5.429426471623546,0.01124467762792448,-1.5703602432478925,-5.833843514723405,-6.281120096344845,-6.2831855930858564,-359.8008748012571
594.0,-5.444297407839482,0.01129114425499259,-1.5703244188221952,-5.850408332108192,-6.282382585580785,-6.28318562755405,-360.8942041872657
595.0,-5.459944028635201,0.011277325035321613,-1.5703365085328835,-5.86834002425101,-6.282879435365111,-6.283185660966379,-361.98277541722484
596.0,-5.475954248854347,0.011268145246357813,-1.5703329872564251,-5.88368073229703,-6.283083439615218,-6.283185663710646,-363.06631805409233
597.0,-5.492835521593578,0.011230785715552784,-1.5698174962321814,-5.893985159150115,-6.283167657591507,-6.283185646013553,-364.1444456171279
598.0,-5.506733677459837,0.011303882579995065,-1.5699348209266153,-5.900825168106569,-6.283197331234238,-6.283185605391157,-365.21787302670384
599.0,-5.520557236435429,0.011311555757413739,-1.5700699072234099,-5.914672359508059,-6.282801441167127,-6.283185588901489,-366.28675826131774
600.0,-5.535953857072114,0.011256375391120564,-1.5701727377378567,-5.919527641068818,-6.2830590050170105,-6.283185637307529,-367.3503352326276
601.0,-5.55257274232634,0.011282221054861798,-1.5702277841589474,-5.9326155783476455,-6.283159006082149,-6.283185574118803,-368.4082504694224
602.0,-5.570031429952065,0.008611505988823159,-1.5701442922674413,-5.948754055820847,-6.283197449602018,-6.283185565543672,-369.45980604310796
603.0,-5.587919803634594,0.008961922303003017,-1.570362187523852,-5.965264219293988,-6.283206080798047,-6.283185690566053,-370.50510646370407
604.0,-5.606206994757723,0.00974975318101209,-1.5703352777452497,-5.973521486039771,-6.283211155852873,-6.283185672279309,-371.5439166200127
605.0,-5.616552217588618,0.010399977472006158,-1.5702347732372743,-5.985121153628336,-6.283213404884923,-6.283185591506413,-372.57897089626675
606.0,-5.628157579428889,0.010698408202702804,-1.5702872494334774,-6.000953155852546,-6.280741424444773,-6.283185617876606,-373.6100152705049
607.0,-5.641742856245336,0.010879103159037997,-1.5703125436512344,-6.015588606268412,-6.282247871783556,-6.2831856230467,-374.6361419106124
608.0,-5.655645000444467,0.011030912368034024,-1.5703102742182455,-6.032672701889454,-6.282825757817634,-6.283185654581423,-375.6571779882682
609.0,-5.671034262039053,0.011109857901194614,-1.5703225427560106,-6.050819421026631,-6.2830635502333285,-6.283185672637355,-376.67252193683925
610.0,-5.685883100473457,0.01116000973810743,-1.570311397021226,-6.062451927041275,-6.283160839950492,-6.28318565076622,-377.6821873789251
611.0,-5.701824822885092,0.011212030552720116,-1.5703174463467997,-6.078235967841108,-6.283197915704259,-6.283185652186293,-378.6857671404357
612.0,-5.7188045708254815,0.01121764476899327,-1.5703210692856804,-6.0893740471323845,-6.283206270316573,-6.2831856208913175,-379.68271046397126
613.0,-5.731053373907749,0.0113108144747233,-1.5702623330247236,-6.10207650547982,-6.28321183984131,-6.28318561248116,-380.6747504458632
614.0,-5.744637857454042,0.01129504590287121,-1.5702995557079678,-6.118365777884533,-6.283212776404762,-6.283185634069238,-381.66147934326256
615.0,-5.76008094493467,0.011282925880876432,-1.5703152120640496,-6.1361902404788555,-6.283212939228391,-6.283185661019037,-382.64207902826706
616.0,-5.7766932253218615,0.011274177440910828,-1.5703183926096582,-6.152820967619613,-6.28321413738282,-6.28318567270173,-383.6159748294884
617.0,-5.791137557414913,0.011317381782548973,-1.5702844230479003,-6.17074821382132,-6.283213124319672,-6.283185682835393,-384.5839396498976
618.0,-5.806597977281382,0.011298108548795358,-1.5703035135856505,-6.18924048370082,-6.283213539757688,-6.283185690046793,-385.54557122056394
619.0,-5.819935564307961,0.011326318407680702,-1.5702770024186297,-6.207971131727627,-6.283213461449589,-6.2831856959318815,-386.50162405993393
620.0,-5.834610074159691,0.01125844130257319,-1.5703145728731427,-6.217787778880268,-6.283214801599602,-6.283185689138894,-387.4515051337966
621.0,-5.850763306088023,0.011279084288172814,-1.5703161323017225,-6.23168229016225,-6.283214483811683,-6.283185638084227,-388.39454465505713
622.0,-5.864722172652898,0.011329937360958622,-1.5702800849115595,-6.248498309939462,-6.283213487844404,-6.283185645353979,-389.3315686831788
623.0,-5.8794370232180935,0.011311738134171512,-1.5702983250688123,-6.266538231185691,-6.283213211948195,-6.283185668450441,-390.2622852726271
624.0,-5.89554280282839,0.011256998803089169,-1.57032065999263,-6.276131221531734,-6.283214760599174,-6.2831856706299085,-391.18597565442826
625.0,-5.91180090996517,0.01125492265052506,-1.570316262082754,-6.280028390540422,-6.283215051391759,-6.283185644041684,-392.10245480417717
626.0,-5.92723542405089,0.011280399825380302,-1.5703011284779025,-6.281622452711428,-6.283214906700419,-6.28242895323494,-393.0120042733137
627.0,-5.943226657498439,0.011286038204026554,-1.5703058848619114,-6.282274977039193,-6.283214638672337,-6.282888018580026,-393.9143519893449
628.0,-5.959216196862035,0.01130228339937149,-1.5702988581539798,-6.282541832639083,-6.2832145440446325,-6.283062926752469,-394.80942064569507
629.0,-5.975477743909222,0.011311542465946529,-1.5702976354153313,-6.282650740603756,-6.278496484161247,-6.283135155525988,-395.69706566445524
630.0,-5.990801569065105,0.01132777727535184,-1.5702847848345236,-6.282696148436853,-6.2813647960824595,-6.2831647982869425,-396.5775914113018
631.0,-6.007042738358505,0.011275116164414251,-1.5692675202348487,-6.282716646887966,-6.282465000939874,-6.28317700455618,-397.4506564654564
632.0,-6.022308109846559,0.01136960983714358,-1.5695520920632302,-6.282718611120779,-6.282918014079621,-6.283181981611928,-398.316517501885
633.0,-6.038476626782286,0.011340800914832317,-1.5698107641321895,-6.282723937549606,-6.283103628352506,-6.283184049545521,-399.1747592379729
634.0,-6.054300902284459,0.011340254475250625,-1.5699650228496445,-6.282440053074745,-6.28317983601708,-6.283184900032854,-400.0254542946722
635.0,-6.070964732354251,0.011327664549558579,-1.5700820915628793,-6.282613539651667,-6.283203699648146,-6.283185240797492,-400.8681985333099
636.0,-6.088412205670831,0.011322538030377744,-1.5701553133895723,-6.282680801689517,-6.283210466582143,-6.28318538888659,-401.7025529385182
637.0,-6.106370220586126,0.011324333808489,-1.570199933963197,-6.282708223490573,-6.283212952197807,-6.283185447464073,-402.52820566777103
638.0,-6.124415492917607,0.011331478071371071,-1.5702246558903334,-6.282719309809187,-6.283213887527704,-6.28318547077423,-403.3450420070322
639.0,-6.14271586926218,0.011334154634673646,-1.5702431900092404,-6.282723896149351,-6.283214217451584,-6.283185480335349,-404.15288155040946
640.0,-6.16025468209623,0.011348089981157869,-1.5702447875340602,-6.282725468373538,-6.283214403121354,-6.283185483254953,-404.95200937048065
641.0,-6.174151598707309,0.01138590474370238,-1.5702215593446944,-6.282725216841612,-6.2832146260199115,-6.2831854818312065,-405.74410843917093
642.0,-6.189094912748573,0.009794028119374925,-1.5701934486044562,-6.282711708071458,-6.283213766975719,-6.283185459009931,-406.52876411915264
643.0,-6.2010797409536735,0.010016517904537649,-1.5702975504619048,-6.28274179897175,-6.283214828200666,-6.283185511049354,-407.3072917742463
644.0,-6.214723177074227,0.010444505607326928,-1.5703188463227176,-6.282731023762891,-6.283214350744185,-6.28318549410787,-408.07899182387
645.0,-6.2251585451656535,0.0107952964028156,-1.5702713300839486,-6.282725617011025,-6.283214532600168,-6.283185482799775,-408.84528516032964
646.0,-6.2376309624110755,0.010947794528576952,-1.5703114247779553,-6.282725470230194,-6.2832142362995205,-6.2831854839874035,-409.6053029807684
647.0,-6.25235271830236,0.011056525522906287,-1.5703260164912238,-6.282725972072042,-6.283214211674367,-6.283185485276342,-410.3578376494688
648.0,-6.263142461441479,0.01119985651593319,-1.5702716368230942,-6.282724629225807,-6.28321457467521,-6.283185480861839,-411.1046911697382
649.0,-6.270186232115044,0.011275719328775075,-1.5702551962733775,-6.28272419201305,-6.283214617468201,-6.283185479572309,-411.84781719547095
650.0,-6.274754758396443,0.011307218486791676,-1.5702605836674506,-6.282724389049349,-6.283214561702246,-6.2831854800572025,-412.58852080726365
651.0,-6.2777175813432775,0.01131649608632727,-1.5702743393552905,-6.282724680156059,-6.28321449524899,-6.283185480815398,-413.3276515252747
652.0,-6.279639092663836,0.011315595085212796,-1.570289833736469,-6.2827249166594274,-6.283214440936679,-6.281887753450146,-414.06576141140147
653.0,-6.2808853008063465,0.011310717012210845,-1.5703041046054094,-6.28272501970293,-6.283214402180503,-6.282675192792542,-414.8032089407622
654.0,-6.281693554510081,0.01130481636949856,-1.5703161352743988,-6.282725119318506,-6.283214374935543,-6.282975230246034,-415.5402267765791
655.0,-6.2822177765822405,0.011299272591192552,-1.5703257389600436,-6.282725156685611,-6.283214356930955,-6.283099124367491,-416.2769658808277
656.0,-6.282557787628594,0.011294588276344662,-1.5703331486642187,-6.282725169253486,-6.28321434512577,-6.2831500046789905,-417.01352418757233
657.0,-6.28277832417617,0.01129085812059741,-1.5703387304327348,-6.282725169954821,-6.283214337429434,-6.2831709074932185,-417.7499652237116
658.0,-6.28292137085367,0.011287998539808148,-1.5703428612562647,-6.282725165646326,-6.28321433243167,-6.283179494644557,-418.4863301950391
659.0,-6.2830141572921905,0.0112858636091935,-1.570345876739621,-6.282725159776134,-6.283214329195593,-6.283183022359119,-419.22264582842877
660.0,-6.280375925520421,0.01131820498880813,-1.5703171548277526,-6.282724407476406,-6.2832144847483065,-6.2831844692984,-419.9602430727442
661.0,-6.280862128031667,0.011261580400444393,-1.5703707147506498,-6.282725593137501,-6.283214157189868,-6.283185068505242,-420.6977021219541
662.0,-6.281673745338306,0.011269389806294453,-1.5703618477673942,-6.282725460838152,-6.283214286659588,-6.283185312367569,-421.4347307591527
663.0,-6.282205018370694,0.011276627725253481,-1.57035591909017,-6.282725205362073,-6.283214326322293,-6.283185412140148,-422.17147682711254
664.0,-6.282549618441162,0.011280202416842989,-1.570353047660718,-6.28272512566058,-6.283214334895391,-6.283185453204789,-422.9080395886711
665.0,-6.282773095592958,0.011281725784069314,-1.5703518542252421,-6.282725111474163,-6.2832143343571785,-6.28318547012804,-423.64448347242023
666.0,-6.2829180251475965,0.011282204377868631,-1.5703515194922244,-6.2827251157503845,-6.283214331776405,-6.283185477109798,-424.3808502631471
667.0,-6.283012016887382,0.011282189564571093,-1.5703515907114993,-6.282725122750259,-6.283214329282595,-6.283185479993719,-425.11716705851654
668.0,-6.283072974992682,0.011281972285478174,-1.570351826293843,-6.282725128193728,-6.28321432736369,-6.283185481186535,-425.85345143125113
669.0,-6.283112510041594,0.011281698727002085,-1.5703521035843804,-6.282725131565092,-6.283214326008429,-6.283185481680434,-426.5897147771845
670.0,-6.283138151465666,0.01128143658781285,-1.5703523653154896,-6.282725133347516,-6.283214325089023,-6.283185481884979,-427.32596448652674
671.0,-6.2831547821847575,0.011281212466388265,-1.570352588955146,-6.28272513412063,-6.283214324478205,-6.283185481969519,-428.0622053519035
672.0,-6.283165568892816,0.011281032558034752,-1.570352769479142,-6.282725134325707,-6.283214324077052,-6.283185482004219,-428.7984404814347
673.0,-6.2831725653119275,0.01128089381734866,-1.5703529099279974,-6.28272513424776,-6.283214323815347,-6.283185482018224,-429.5346718908418
674.0,-6.283177103387185,0.011280789755881239,-1.5703530164140482,-6.282725134053272,-6.283214323645305,-6.283185482023665,-430.2709008874164
675.0,-6.2831800469719346,0.011280713281700046,-1.5703530956244345,-6.28272513383122,-6.2832143235351126,-6.2831854820256,-431.00712831901785
676.0,-6.283181956343107,0.011280657952886512,-1.57035315368772,-6.282725133624178,-6.283214323463834,-6.283185482026138,-431.74335473554765
677.0,-6.28318319489196,0.011280618414635226,-1.5703531957578827,-6.282725133448825,-6.283214323417795,-6.283185482026151,-432.4795804936672
678.0,-6.28318399831611,0.011280590442487859,-1.570353225954083,-6.282725133308474,-6.283214323388093,-6.283185482025996,-433.2158058247092
679.0,-6.28318451949352,0.011280570816805297,-1.5703532474593294,-6.282725133200241,-6.283214323368952,-6.283185482025813,-433.9520308787211
680.0,-6.283184857585793,0.01128055714320326,-1.5703532626750265,-6.282725133118952,-6.283214323356628,-6.283185482025646,-434.68825575302895
681.0,-6.283185076913693,0.01128054767336979,-1.570353273380789,-6.282725133059086,-6.283214323348705,-6.2831854820255115,-435.42448051076366
682.0,-6.283185219199469,0.011280541148778033,-1.570353280877287,-6.282725133015663,-6.283214323343616,-6.283185482025409,-436.1607051928761
683.0,-6.283185311507203,0.011280536673724566,-1.5703532861047007,-6.2827251329845435,-6.28321432334035,-6.283185482025334,-436.89692982593033
684.0,-6.283185371392977,0.011280533616638326,-1.5703532897365398,-6.28272513296246,-6.283214323338256,-6.283185482025279,-437.63315442715844
685.0,-6.283185410245416,0.011280531535635905,-1.570353292251687,-6.282725132946917,-6.283214323336916,-6.28318548202524,-438.3693790077391
686.0,-6.283185435452456,0.011280530123577985,-1.5703532939885003,-6.28272513293605,-6.2832143233360584,-6.2831854820252095,-439.10560357492426
687.0,-6.283185451806852,0.011280529168184637,-1.5703532951847685,-6.282725132928498,-6.283214323335511,-6.283185482025194,-439.8418281334185
688.0,-6.281952105395965,0.011295953891896589,-1.5703392600011663,-6.282724789838227,-6.283214395405966,-6.283185480975836,-440.57865323367196
689.0,-6.280964625368809,0.011285436303546763,-1.570349508548596,-6.28272502670592,-6.283214315704926,-6.2809982098533155,-441.31600480038765
690.0,-6.281521531059195,0.011264859776848588,-1.5703678855999017,-6.282725476202204,-6.283214231567263,-6.278647752025907,-442.05311390456933
691.0,-6.2820978749076835,0.011247554007827502,-1.5697592252552781,-6.282726690378445,-6.28321411221289,-6.281384999631552,-442.7899227349749
692.0,-6.282488567487176,0.011296442150760321,-1.5699299724529017,-6.282723661988863,-6.283214564424512,-6.2824440844010585,-443.52652153557983
693.0,-6.282733008437429,0.01129065823400774,-1.5700699775644869,-6.282724700463837,-6.283214381077921,-6.282880953179354,-444.2629890945974
694.0,-6.282891469459041,0.01128621619147552,-1.5701639674903534,-6.282725113391058,-6.283214325056676,-6.283060376840553,-444.99937160613297
695.0,-6.2829944199153465,0.011283594744269494,-1.570226792905846,-6.282725228451853,-6.283214310895006,-6.283134087647633,-445.73569884548107
696.0,-6.283061315542367,0.011282091705508743,-1.5702687767803687,-6.282725239464195,-6.283214309938586,-6.28316436886794,-446.47199015642775
697.0,-6.283104785552539,0.011281252109309215,-1.5702968308414875,-6.282725220521564,-6.283214312448505,-6.2831768086961945,-447.20825811124786
698.0,-6.283133034490437,0.011280799947594003,-1.5703155755561202,-6.282725197500274,-6.283214315303485,-6.283181919068752,-447.9445108818657
699.0,-6.283151392881045,0.0112805697396749,-1.5703280992654187,-6.282725178117963,-6.283214317659132,-6.283184018425355,-448.68075378036053
700.0,-6.283163324164721,0.011280463431297821,-1.5703364660648094,-6.282725163680608,-6.283214319408228,-6.283184880832897,-449.4169902600208
701.0,-6.283171078774192,0.011280423777042945,-1.5703420553875789,-6.28272515352133,-6.283214320648315,-6.283185235096902,-450.15322256590883
702.0,-6.283176119035843,0.011280417996900414,-1.5703457890384422,-6.282725146585257,-6.2832143215078045,-6.283185380616792,-450.8894521576815
703.0,-6.283179138102402,0.011271779784770068,-1.570350725218905,-6.280512556828459,-6.283212232666977,-6.283185463392142,-451.625666026456
704.0,-6.283181677918719,0.011289887912705519,-1.5703474016005121,-6.2818483605375475,-6.283213353570012,-6.2831854266468845,-452.3618862863852
705.0,-6.283183019507825,0.0112830076242709,-1.5703503361448603,-6.2823664276417,-6.283214035114671,-6.283185477366184,-453.0981095793043
706.0,-6.283183831807228,0.011280444509636505,-1.5703517910494527,-6.282578393516395,-6.283214246258284,-6.283185483968087,-453.8343339766077
707.0,-6.283184389816136,0.011279778489736153,-1.5703524786403478,-6.282665102936008,-6.2832143066458155,-6.283185484496018,-454.5705586977353
708.0,-6.283184765776121,0.011279759010004487,-1.5703528221891336,-6.282700573738677,-6.2832143218622125,-6.283185483719928,-455.30678346717923
709.0,-6.283185014996513,0.011279914553537208,-1.5703530060872057,-6.28271508449716,-6.283214324642648,-6.283185482998296,-456.0430082019521
710.0,-6.283185178566892,0.011280083776939199,-1.570353111457996,-6.2827210210224935,-6.283214324537026,-6.283185482537443,-456.77923288736264
711.0,-6.283185285273284,0.011280221202815634,-1.5703531754552207,-6.282723449929557,-6.283214324049997,-6.283185482281153,-457.5154575298468
712.0,-6.283185354625197,0.011280321478575123,-1.5703532160767237,-6.2827244438384255,-6.283214323695493,-6.283185482148651,-458.25168214007897
713.0,-6.283185399596227,0.011280390967133746,-1.570353242652209,-6.282724850629898,-6.283214323498301,-6.283185482083196,-458.9879067276218
714.0,-6.283185428716876,0.011280437792105118,-1.5703532603749735,-6.28272501717722,-6.283214323401584,-6.283185482051869,-459.7241312997447
715.0,-6.283185447557964,0.011280468840975038,-1.5703532723293012,-6.282725085399114,-6.283214323358143,-6.283185482037227,-460.4603558615914
716.0,-6.283185459742258,0.011280489232935,-1.5703532804438098,-6.282725113366684,-6.283214323340267,-6.283185482030514,-461.1965804166683
717.0,-6.2831854676196235,0.011280502548773675,-1.5703532859694411,-6.282725124846235,-6.2832143233337785,-6.283185482027489,-461.9328049673166
718.0,-6.28318547271187,0.011280511213736364,-1.570353289737104,-6.282725129567249,-6.283214323331996,-6.283185482026147,-462.66902951508
719.0,-6.283185476003607,0.011280516840544237,-1.570353292306683,-6.282725131514631,-6.28321432333196,-6.283185482025561,-463.40525406096907
720.0,-6.283185478131517,0.011280520490041464,-1.5703532940584977,-6.282725132321645,-6.283214323332448,-6.283185482025311,-464.1414786056422
721.0,-6.283185479507177,0.011280522855508663,-1.5703532952519645,-6.2827251326584586,-6.2832143233329925,-6.283185482025207,-464.87770314952724
722.0,-6.2831854803966,0.011280524388232066,-1.5703532960643456,-6.282725132800539,-6.283214323333451,-6.283185482025166,-465.6139276929018
723.0,-6.28318548097171,0.01128052538127729,-1.5703532966168159,-6.282725132861424,-6.2832143233337945,-6.28318548202515,-466.3501522359458
724.0,-6.283185481343629,0.011280526024696227,-1.5703532969921816,-6.282725132888106,-6.283214323334041,-6.283185482025149,-467.0863767787758
725.0,-6.283185481584178,0.011280526441640291,-1.5703532972469851,-6.282725132900161,-6.28321432333421,-6.283185482025149,-467.8226013214671
726.0,-6.283185481739781,0.011280526711878541,-1.5703532974197987,-6.282725132905825,-6.283214323334325,-6.283185482025149,-468.5588258640687
727.0,-6.28318548184045,0.01128052688707216,-1.5703532975369074,-6.282725132908614,-6.283214323334402,-6.283185482025149,-469.2950504066122
728.0,-6.283189626555256,0.010956563924963665,-1.5703383800016468,-6.28272206279578,-6.283214194941139,-6.283185476531067,-470.0312788685517
729.0,-6.283182773472239,0.01099700877040231,-1.5703646264518147,-6.282728486085558,-6.283214462267776,-6.283185487872865,-470.76751046944264
730.0,-6.283183846397755,0.011095784295287672,-1.570359582680183,-6.282726037145009,-6.283214358714898,-6.2831854837053465,-471.5037395958795
731.0,-6.283184818777822,0.011161322615502307,-1.5703562368235473,-6.282725122200633,-6.283214321746077,-6.283185482026143,-472.23996689305443
732.0,-6.283185316416121,0.011203631669865537,-1.5703544416021316,-6.282724881472033,-6.283214313211748,-6.283185481588485,-472.9761930770941
733.0,-6.283185543890351,0.011230915722483125,-1.5703535377832063,-6.2827248747347255,-6.2832143133840805,-6.282827320087431,-473.7124185922318
734.0,-6.282639648835491,0.011255333853643185,-1.5703469231426084,-6.282724764886923,-6.283214347663069,-6.283044645933706,-474.44890957729206
735.0,-6.282730146345799,0.011255443806279736,-1.5703572871266696,-6.282725072286991,-6.283214283799946,-6.283127454456774,-475.18537655654416
736.0,-6.282889224246354,0.011264523524555278,-1.5703552300482337,-6.28272509352791,-6.283214311882397,-6.283161648052932,-475.92175898826144
737.0,-6.282284822129771,0.011279681419820983,-1.570345855196979,-6.282724878858883,-6.28321436265675,-6.2831756898743265,-476.6584309206666
738.0,-6.282469781154839,0.011268959075724987,-1.570358856536416,-6.2827252018619975,-6.283214279654397,-6.283181459880913,-477.395036017719
739.0,-6.282720037425865,0.011273579791222538,-1.5703559497819293,-6.282725180936965,-6.283214314371408,-6.283183829693928,-478.1315082459807
740.0,-6.2828836207338155,0.01127705756357075,-1.5703540957830564,-6.28272512603455,-6.283214324807873,-6.2831848031535165,-478.86789341761545
741.0,-6.282989719807704,0.011278961002208397,-1.570353201043861,-6.282725114111316,-6.283214326910476,-6.283185203093232,-479.6042221242467
742.0,-6.283058524449794,0.011279949075838984,-1.5703528310089423,-6.282725116544627,-6.283214326613084,-6.283185367413323,-480.340514215682
743.0,-6.283103144557089,0.011280431860428496,-1.5703527293216362,-6.2827251217018745,-6.283214325812318,-6.283185434929198,-481.07678256354944
744.0,-6.283132081494812,0.011280643977576846,-1.570352754256466,-6.282725126113343,-6.283214325069685,-6.283185462671668,-481.81303551435207
745.0,-6.283150848013375,0.01128071701320675,-1.5703528301816045,-6.28272512915501,-6.283214324506022,-6.28318547407189,-482.54927848037687
746.0,-6.283163018951043,0.01128072314825508,-1.5703529187274492,-6.282725131037319,-6.283214324110407,-6.2831854787569315,-483.2855149712782
747.0,-6.283170912522359,0.011280700786459753,-1.5703530020183727,-6.282725132115629,-6.283214323842913,-6.283185480682424,-484.0217472629722
748.0,-6.283176032077192,0.011280669459693726,-1.5703530730635098,-6.282725132688916,-6.283214323665557,-6.283185481473795,-484.75797683136017
749.0,-6.283179352550656,0.011280638399663591,-1.570353130352795,-6.282725132965614,-6.283214323549236,-6.283185481799017,-485.4942046335653
750.0,-6.283181506209822,0.011280611397531564,-1.5703531748946007,-6.282725133078182,-6.283214323473434,-6.283185481932626,-486.2304312902969
751.0,-6.283182903102596,0.011280589508513097,-1.5703532086501069,-6.282725133105852,-6.283214323424226,-6.283185481987468,-486.966657204104
752.0,-6.283183809165399,0.011280572520090062,-1.5703532337512423,-6.282725133093696,-6.283214323392366,-6.283185482009936,-487.702882636058
753.0,-6.283184396874833,0.01128055972144013,-1.570353252146682,-6.2827251330660765,-6.283214323371779,-6.283185482019111,-488.43910775547965
754.0,-6.283184778095246,0.011280550285576488,-1.5703532654728918,-6.282725133035321,-6.283214323358493,-6.283185482022828,-489.17533267218636
755.0,-6.28318502538081,0.011280543442459025,-1.5703532750366354,-6.282725133007056,-6.283214323349932,-6.283185482024313,-489.91155745740485
756.0,-6.283185185790469,0.011280538543494563,-1.5703532818471133,-6.282725132983352,-6.283214323344421,-6.283185482024892,-490.6477821573332
757.0,-6.283185289847496,0.011280535072834903,-1.5703532866654117,-6.282725132964513,-6.283214323340878,-6.283185482025105,-491.38400680193666
758.0,-6.283185357350239,0.01128053263519224,-1.5703532900553894,-6.282725132950067,-6.2832143233385995,-6.283185482025175,-492.1202314106518
759.0,-6.28318540114081,0.011280530935471367,-1.5703532924290675,-6.282725132939265,-6.283214323337141,-6.283185482025189,-492.8564559960862
760.0,-6.283185429549352,0.011280529757597985,-1.5703532940842282,-6.282725132931335,-6.283214323336206,-6.283185482025188,-493.59268056641804
761.0,-6.283185447979402,0.011280528945703942,-1.570353295234166,-6.2827251329256,-6.283214323335607,-6.2831854820251785,-494.3289051269524
762.0,-6.283196641768954,0.00963108293289541,-1.5702772537417524,-6.2827095126901185,-6.283213668205267,-6.283185454030688,-495.0651553162133
763.0,-6.283164764639654,0.009836883953420875,-1.5704109501641539,-6.282742220917511,-6.283214393459969,-6.283185511804748,-495.80141996927534
764.0,-6.283172670174759,0.010339842686693359,-1.5703852565231062,-6.282729745284417,-6.28321426788847,-6.283185490581896,-496.53767044443117
765.0,-6.2831792045482295,0.010673562522305571,-1.5703682205088474,-6.282725082556874,-6.283214229079572,-6.283185482030419,-497.273910641915
766.0,-6.283182791437487,0.010890507255964913,-1.570358712059316,-6.2827235727880755,-6.279192449953276,-6.28318548662368,-498.0101699468997
767.0,-6.283184565982231,0.011026279369511931,-1.5703548604961126,-6.282724377455636,-6.281639453166789,-6.283185472578088,-498.74641120453845
768.0,-6.283185314576159,0.011113167270909627,-1.570353592103475,-6.281716780475004,-6.2825781778404215,-6.283185491065945,-499.4826372087339
769.0,-6.283185879961834,0.011179667773442556,-1.5703504134852615,-6.282325121871443,-6.282964469080301,-6.283185463137105,-500.218862567062
770.0,-6.283194698835643,0.009947724496013804,-1.5702927361560466,-6.282549232902194,-6.28312394909997,-6.283185460683711,-500.9551072356812
771.0,-6.283170148766984,0.01012860864980225,-1.5703958456338591,-6.282671043583899,-6.283186572733471,-6.283185506475905,-501.6913628144731
772.0,-6.283176098214042,0.010529908909474067,-1.5703764795719959,-6.2827010824579705,-6.2832058214498305,-6.283185489854755,-502.42760744589003
773.0,-6.2831810104087396,0.010796066781501922,-1.5703636959373473,-6.282713747230315,-6.283211164724993,-6.2831854827612466,-503.1638441346623
774.0,-6.28318368101126,0.010969226321856252,-1.5703566126550177,-6.2827192347271925,-6.279834422099972,-6.283185486415709,-503.90009735042986
775.0,-6.283184970694581,0.011077455597071763,-1.5703539081774789,-6.2827226557865625,-6.281892609507207,-6.283185474416938,-504.63633557627765
776.0,-6.283185583751165,0.011150013319043521,-1.5703522160590688,-6.2827234784169805,-6.282682276175522,-6.2831854809329615,-505.37256647705544
777.0,-6.283185834127524,0.011196546758286902,-1.5703516361086993,-6.28272411535094,-6.283007024231619,-6.283185481006828,-506.1087940195613
778.0,-6.283185891821336,0.011226425736274474,-1.5703515996186608,-6.282724514487156,-6.2831403305513,-6.283185481319653,-506.8450199850578
779.0,-6.283185862829687,0.01124564765982892,-1.5703517921271108,-6.282724754929472,-6.283194420599555,-6.283185481549938,-507.5812451896938
780.0,-6.283185802331875,0.011258029776881166,-1.5703520550899062,-6.2827249022996225,-6.2832075338784135,-6.283185481712847,-508.3174700770329
781.0,-6.283185736381577,0.011266005364228305,-1.5703523179567054,-6.2827249917425005,-6.283211840746013,-6.283185481822238,-509.0536948048402
782.0,-6.283185676653197,0.011271150924532227,-1.57035254754304,-6.282725045354189,-6.283213414371757,-6.283185481894228,-509.7899194469091
783.0,-6.283185627161571,0.011274472013918365,-1.5703527352955087,-6.282725078022408,-6.283213990171558,-6.283185481941009,-510.52614404223397
784.0,-6.283185588208768,0.011276616073791343,-1.5703528827202464,-6.282725098223655,-6.283214200981492,-6.2831854819712145,-511.2623686120157
785.0,-6.283185558574343,0.011278000532853345,-1.5703529953006194,-6.282725110861818,-6.28321427824429,-6.283185481990638,-511.9985931679513
786.0,-6.283185536567131,0.011278894660334958,-1.570353079545476,-6.282725118837665,-6.283214306615484,-6.283185482003096,-512.7348177165208
787.0,-6.283185520516863,0.011279472210287541,-1.570353141620192,-6.282725123902946,-6.28321431706886,-6.28318548201107,-513.4710422612962
788.0,-6.283185508974461,0.011279845329960682,-1.570353186806448,-6.282725127134053,-6.283214320943477,-6.283185482016167,-514.2072668042201
789.0,-6.2831855007666935,0.011280086417436821,-1.5703532193777847,-6.282725129201447,-6.2832143223946275,-6.283185482019424,-514.943491346324
790.0,-6.283185494983708,0.01128024221815468,-1.5703532426668863,-6.282725130526997,-6.283214322947819,-6.2831854820215005,-515.6797158881355
791.0,-6.2831854909403875,0.011280342919091982,-1.570353259206576,-6.282725131378091,-6.283214323164901,-6.283185482022825,-516.4159404299085
792.0,-6.283185488131784,0.01128040801716028,-1.5703532708854837,-6.282725131925066,-6.283214323253989,-6.28318548202367,-517.1521649717516
793.0,-6.283185486191766,0.011280450106749405,-1.5703532790914239,-6.2827251322768145,-6.283214323292934,-6.283185482024207,-517.8883895137006
794.0,-6.283185484858231,0.01128047732466401,-1.5703532848324413,-6.2827251325031135,-6.283214323311353,-6.28318548202455,-518.6246140557563
795.0,-6.283185529336298,0.011283405281732592,-1.5703525688558748,-6.282724733692955,-6.275733124819234,-6.28318548732988,-519.3608845484995
796.0,-6.2831854627181185,0.011277365047561086,-1.5703540099677427,-6.2827261036518705,-6.280214357487198,-6.283185475211406,-520.0971299432067
797.0,-6.283185451237436,0.011279661409608571,-1.5703535060526055,-6.282725080373001,-6.28199319112537,-6.283185482348508,-520.833363077296
798.0,-6.283185473872488,0.011280524964308081,-1.5703533028123446,-6.2827249460454455,-6.282724103594993,-6.28318548199989,-521.569591080512
799.0,-6.283185481584957,0.011280754938416914,-1.5703532481776747,-6.2827249889690275,-6.283024164310691,-6.283185482008113,-522.3058169661623
800.0,-6.283185483189732,0.011280767627494031,-1.5703532446689044,-6.282725046816426,-6.283147350721447,-6.28318548201549,-523.0420419825832
801.0,-6.283185482830512,0.011280723103842117,-1.5703532551576547,-6.282725083966192,-6.28319678432111,-6.283185482023677,-523.7782666475224
802.0,-6.283185482567981,0.011280671433143806,-1.5703532661697563,-6.282725109258435,-6.283208267494436,-6.283185482023542,-524.5144912299381
803.0,-6.283185482161256,0.011280623754692267,-1.570353276826851,-6.282725122544944,-6.283212110450517,-6.2831854820251545,-525.2507157861897
804.0,-6.283185321440093,0.011275231284592088,-1.570354799908145,-6.281354535631594,-6.2832132358553885,-6.283185496275574,-525.9869316755273
805.0,-6.283185577254685,0.011286421116648949,-1.5703517099169155,-6.282182007906013,-6.283213802845892,-6.283185458306983,-526.7231522389935
806.0,-6.283185550113134,0.011282132420773415,-1.5703528430272895,-6.282502928738466,-6.283214174308745,-6.283185483482751,-527.459375145731
807.0,-6.283185495725443,0.011280525666486076,-1.5703532862136358,-6.282634232958657,-6.283214286489638,-6.283185485009241,-528.1955990379237
808.0,-6.28318547898828,0.011280099228536521,-1.5703534060342803,-6.282687946083685,-6.283214317056038,-6.283185484284613,-528.9318233265543
809.0,-6.28318547628832,0.011280077027794619,-1.5703534143585172,-6.282709918989608,-6.283214323956611,-6.283185483372693,-529.6680477724742
810.0,-6.283185477501049,0.01128016601718202,-1.5703533916906405,-6.282718907968954,-6.28321432473938,-6.283185482749123,-530.40427227976
811.0,-6.283185479237461,0.011280265529761727,-1.5703533657403836,-6.282722585519714,-6.2832143243194345,-6.283185482391499,-531.1404968103616
812.0,-6.283185480582515,0.011280346847700294,-1.570353344460572,-6.282724090209519,-6.283214323880723,-6.283185482203357,-531.876721349436
813.0,-6.2831854814352734,0.01128040624533455,-1.570353328937913,-6.282724705950685,-6.2832143236060425,-6.283185482109378,-532.6129458913466
814.0,-6.283185481910179,0.011280447360282062,-1.5703533182304392,-6.282724957978379,-6.283214323460395,-6.283185482064056,-533.3491704340481
815.0,-6.2831854821411275,0.011280475001779372,-1.5703533110657535,-6.282725061172179,-6.283214323389638,-6.283185482042762,-534.085394976859
816.0,-6.283185497408531,0.011281177083045343,-1.5703531369023065,-6.282724975970545,-6.281394075887745,-6.283185485120736,-534.8216311141325
817.0,-6.28318547492254,0.01127975309372949,-1.570353475448902,-6.282725382503904,-6.28250769394577,-6.283185478794146,-535.5578606585358
818.0,-6.283185474671032,0.011280312292953742,-1.5703533515053143,-6.282725113039379,-6.282935013201312,-6.283185482170054,-536.2940871843316
819.0,-6.283185480348713,0.01128052237118373,-1.5703533013525515,-6.2827250851515135,-6.28311075408855,-6.283185482017533,-537.0303124652082
820.0,-6.283185482153832,0.011280579193351297,-1.5703532874012136,-6.282725097137971,-6.283182899158773,-6.283185482021317,-537.7665372350768
821.0,-6.283185482437532,0.011280589207354225,-1.5703532847418762,-6.282725110112814,-6.283204893337047,-6.283185482022238,-538.5027618431347
822.0,-6.283185482447279,0.011280573571991012,-1.5703532878947841,-6.2827251220997375,-6.283210884916199,-6.283185482024115,-539.2389864088709
823.0,-6.280557336426991,0.0113135865261117,-1.57032319031327,-6.282724400912709,-6.283213219704439,-6.283185479796954,-539.9764904141581
824.0,-6.278411971318639,0.011291845180762383,-1.570344437411029,-6.282724843133543,-6.283213850433929,-6.283185481345048,-540.715135586871
825.0,-6.279605488865849,0.011247103638437327,-1.5703844351880187,-6.282725868837347,-6.283213956875904,-6.2831854843584285,-541.4532626282542
826.0,-6.28085895862024,0.011263036402157037,-1.5703682773556744,-6.282725497608418,-6.2832142273018965,-6.283185482987207,-542.1907244777934
827.0,-6.281676618961688,0.011274406355305255,-1.5703584966440314,-6.282725180257152,-6.283214313425582,-6.283185482114838,-542.9277515312875
828.0,-6.282206937007142,0.01127996779774245,-1.5703536795262085,-6.282725094336129,-6.283214335911867,-6.283185481887653,-543.6644965318418
829.0,-6.282550852802865,0.011282341713133972,-1.570351583065132,-6.2827250881038745,-6.283214338455382,-6.283185481877981,-544.4010586067382
830.0,-6.282773888724069,0.011283093614994574,-1.5703508969130726,-6.282725101310337,-6.283214335695278,-6.283185481920188,-545.137502049483
831.0,-6.2829132653749395,0.011262207280377391,-1.5698445291695389,-6.282726335140138,-6.2832141671089765,-6.283185487930637,-545.8738761012341
832.0,-6.283016040446427,0.01129860781171547,-1.5699924824288314,-6.28272385914974,-6.283214527705032,-6.283185475040262,-546.6101936769811
833.0,-6.28307515210134,0.011291128817859413,-1.5701126962780545,-6.282724771120137,-6.2832143681238835,-6.283185480322857,-547.3464788323528
834.0,-6.28311344280737,0.01128604256509677,-1.570193075577519,-6.282725127434286,-6.283214320527827,-6.283185482104696,-548.0827430057271
835.0,-6.283138435665495,0.011283184937525302,-1.570246600190968,-6.2827252234827515,-6.283214309430271,-6.283185482572769,-548.8189934666765
836.0,-6.2831547554216804,0.011281640114434159,-1.5702822391063354,-6.282725229722128,-6.2832143095766195,-6.283185482588411,-549.5552349614014
837.0,-6.283165412692657,0.011280843267214749,-1.570305970682609,-6.282725210973086,-6.283214312464514,-6.283185482479122,-550.2914705926878
838.0,-6.283172372659975,0.011280462586973936,-1.5703217744698161,-6.282725189592432,-6.2832143154306115,-6.283185482358244,-551.0277023892452
839.0,-6.283176918325125,0.01128030609525292,-1.570332299588348,-6.282725172021737,-6.283214317801581,-6.283185482258612,-551.7639316776371
840.0,-6.2831159616580905,0.01128106093757395,-1.5703385860959027,-6.282725141294557,-6.283214323271316,-6.283185482130228,-552.5001904572977
841.0,-6.283128492706168,0.011279724843607312,-1.5703445123961568,-6.28272520951678,-6.283214316213129,-6.278497940164595,-553.2364453819074
842.0,-6.283148389026301,0.01128001849697255,-1.5703473411459898,-6.28272509295508,-6.283214321608489,-6.279203867182364,-553.9726897185012
843.0,-6.283161414186969,0.01128025160681004,-1.5703492497155311,-6.282725109812961,-6.283214322675251,-6.2815851759122845,-554.7089271051667
844.0,-6.283169865300543,0.011280363736141854,-1.570350565422951,-6.282725149811312,-6.283214322551642,-6.282527095881974,-555.4451599824247
845.0,-6.283175348626631,0.011280432657176927,-1.5703514520892337,-6.282725147729461,-6.283214322791443,-6.2829150334925075,-556.1813899336192
846.0,-6.283178906538089,0.011280474152932525,-1.570352050799314,-6.282725142525742,-6.283214323003875,-6.283074377204745,-556.9176179860299
847.0,-6.283181215149404,0.01128049835746047,-1.570352455430815,-6.282725138459361,-6.283214323140891,-6.283139838598323,-557.6538448062877
848.0,-6.283182713154646,0.011280512088413115,-1.5703527289641144,-6.2827251359581435,-6.283214323220953,-6.283166731054375,-558.3900708269726
849.0,-6.283183685196138,0.011280519664305017,-1.570352913847939,-6.282725134558044,-6.28321432326644,-6.28317777885971,-559.1262963287854
850.0,-6.283184315959752,0.01128052371485833,-1.5703530387679243,-6.282725133806675,-6.283214323292465,-6.2831823174556405,-559.8625214938737
851.0,-6.283184725140956,0.011280523167800231,-1.5703531251732383,-6.282725137311222,-6.283214323263945,-6.282808298218055,-560.59874644053
852.0,-6.283184990991948,0.011280529603389086,-1.5703531777012614,-6.282725126700992,-6.283214323411277,-6.283037143979861,-561.3349712451861
853.0,-6.283185163327634,0.011280528056924822,-1.570353217918418,-6.282725133480301,-6.283214323317713,-6.283124363714105,-562.0711959578417
854.0,-6.283185275155851,0.011280527417462095,-1.5703532444277406,-6.2827251338332735,-6.283214323309093,-6.283160378589382,-562.8074206107946
855.0,-6.283185347746589,0.011280527238717829,-1.5703532620429272,-6.282725133596746,-6.283214323316245,-6.283175169044015,-563.54364522498
856.0,-6.283185394865409,0.011280527204351978,-1.5703532738061605,-6.282725133323847,-6.28321432332345,-6.283181245308676,-564.2798698139957
857.0,-6.283185425449511,0.011280527206421798,-1.570353281685189,-6.282725133138509,-6.283214323328197,-6.283183741521412,-565.0160943866713
858.0,-6.283185445301064,0.011280527212716525,-1.5703532869714167,-6.282725133031162,-6.283214323330957,-6.283184767001372,-565.7523189487393
859.0,-6.283185458186432,0.011280527216122679,-1.5703532905211322,-6.282725132973443,-6.28321432333249,-6.283185188283185,-566.4885435039213
860.0,-6.283185466550293,0.011280527216650935,-1.5703532929056663,-6.282725132943578,-6.283214323333338,-6.2831853613517685,-567.2247680546328
861.0,-6.283185471979377,0.011280527215619743,-1.5703532945076206,-6.282725132928391,-6.283214323333815,-6.28318543245081,-567.960992602442
862.0,-6.283185475503554,0.011280527214089897,-1.5703532955837398,-6.282725132920689,-6.283214323334092,-6.28318546165931,-568.6972171483671
863.0,-6.283185477791271,0.01128052721264712,-1.5703532963064974,-6.282725132916742,-6.283214323334258,-6.283185473658576,-569.4334416930689
864.0,-6.283185499268096,0.01128145471290052,-1.5703530669507137,-6.282724960004026,-6.280745387808611,-6.283185482776207,-570.1696818997547
865.0,-6.283185470607359,0.011279508548623161,-1.5703535302419394,-6.282725487621247,-6.2822518517504955,-6.283185476232917,-570.9059132411971
866.0,-6.283185470632368,0.01128025482607418,-1.5703533654159096,-6.282725113047417,-6.2828298715432345,-6.28318548163939,-571.6421405094077
867.0,-6.2831854787385035,0.011280532490428877,-1.5703532993752662,-6.28272507121701,-6.283067590565899,-6.283185481775757,-572.3783660952041
868.0,-6.283189394449548,0.010974737773636863,-1.5703391974684093,-6.282722186765964,-6.2831654573054765,-6.283185476732484,-573.1145946873487
869.0,-6.283182924879613,0.011012931548696214,-1.5703639758259411,-6.28272826806201,-6.283200745157546,-6.283185487503817,-573.8508259890446
870.0,-6.283183938070907,0.011106170137674789,-1.570359217486802,-6.282725971675906,-6.283209409135627,-6.28318548359345,-574.5870548926589
871.0,-6.283184855934384,0.011168026813827696,-1.5703560630322857,-6.282725116013113,-6.2832125130569425,-6.283185482018957,-575.3232820476707
872.0,-6.283185325637957,0.011207957309073159,-1.5703543713896884,-6.282724892546455,-6.2832136524562285,-6.283185481610156,-576.0595081440619
873.0,-6.28318554046567,0.011233709228100774,-1.5703535184600022,-6.2827248843887205,-6.28321407219431,-6.283185481593307,-576.7957336061352
874.0,-6.2831856221158,0.01125031891073946,-1.5703531266380808,-6.282724934624216,-6.28321422769967,-6.283185481681684,-577.5319586893715
875.0,-6.283185638189396,0.011261033436153804,-1.5703529790376378,-6.282724989628857,-6.283214285882035,-6.283185481778324,-578.2681835473113
876.0,-6.283185625036169,0.011267946036849325,-1.5703529536707033,-6.282725034294018,-6.283214308018528,-6.283185481856359,-579.0044082720035
877.0,-6.283185601434113,0.011272406347715922,-1.5703529837183807,-6.282725066825683,-6.283214316675228,-6.283185481912818,-579.7406329184294
878.0,-6.283185576494453,0.01127528469567731,-1.5703530339491558,-6.282725089309548,-6.283214320207676,-6.28318548195157,-580.476857519271
879.0,-6.283185554164725,0.011277142397946435,-1.570353086859621,-6.282725104412004,-6.283214321739014,-6.283185481977417,-581.2130820938391
880.0,-6.283185535750651,0.01127834152225351,-1.5703531346271251,-6.282725114390128,-6.283214322455504,-6.283185481994368,-581.9493066534603
881.0,-6.283185521296861,0.011279115642659758,-1.5703531745093706,-6.282725120917598,-6.283214322819779,-6.283185482005376,-582.685531204719
882.0,-6.283185510319391,0.011279615458688594,-1.570353206268236,-6.282725125161881,-6.283214323019833,-6.283185482012478,-583.4217557514012
883.0,-6.283185502176467,0.011279938211827512,-1.5703532307675712,-6.282725127911231,-6.283214323136694,-6.283185482017043,-584.1579802956538
884.0,-6.283185496242305,0.011280146656487276,-1.5703532492409922,-6.2827251296880275,-6.283214323208014,-6.28318548201997,-584.8942048386732
885.0,-6.283185491977134,0.011280281295995509,-1.570353262933972,-6.282725130834624,-6.283214323252797,-6.283185482021844,-585.6304293811103
886.0,-6.283185488945341,0.011280368275554216,-1.5703532729489744,-6.282725131573864,-6.283214323281411,-6.283185482023041,-586.3666539233079
887.0,-6.283185486809776,0.011280424474265851,-1.5703532801960547,-6.282725132050205,-6.283214323299889,-6.2831854820238044,-587.1028784654379
888.0,-6.283185485316889,0.011280460790563576,-1.5703532853945552,-6.282725132357037,-6.283214323311894,-6.283185482024292,-587.8391030075798
889.0,-6.283185484279988,0.011280484262257227,-1.570353289096511,-6.28272513255464,-6.283214323319722,-6.283185482024601,-588.5753275497644
890.0,-6.28318548356378,0.011280499434737195,-1.5703532917165763,-6.282725132681885,-6.283214323324837,-6.283185482024799,-589.3115520919994
891.0,-6.283185483071465,0.011280509244074243,-1.5703532935611948,-6.282725132763819,-6.283214323328184,-6.283185482024926,-590.0477766342809
892.0,-6.283185482734486,0.011280515587083758,-1.570353294853971,-6.282725132816575,-6.283214323330377,-6.283185482025006,-590.7840011766017
893.0,-6.283185482504695,0.011280519689364634,-1.5703532957564026,-6.282725132850544,-6.283214323331813,-6.283185482025058,-591.5202257189535
894.0,-6.283185479993449,0.011280475131691168,-1.5703533321454408,-6.282725184405157,-6.2832143225590835,-6.276653571543131,-592.2564502631124
895.0,-6.283185483836385,0.011280573767549764,-1.5703532553990478,-6.282725033694027,-6.28321432498317,-6.280585895150476,-592.9926748039237
896.0,-6.283185483059788,0.011280539368211058,-1.5703532868954757,-6.282725139246983,-6.283214323249083,-6.282115267350323,-593.7288993456424
897.0,-6.283185482283647,0.011280525955633686,-1.5703532977832184,-6.282725147175687,-6.283214323027109,-6.282745883866076,-594.4651238880489
898.0,-6.283185482033819,0.011280522720492714,-1.5703533007238735,-6.282725143738426,-6.2832143231074795,-6.283004887156773,-595.2013484306153
899.0,-6.283185481980152,0.011280522843120155,-1.5703533009138693,-6.282725139376182,-6.283214323203978,-6.283111291115809,-595.9375729731798
900.0,-6.2831854819846855,0.011280523810878459,-1.570353300328212,-6.282725136386474,-6.283214323267081,-6.283155003337498,-596.6737975157081
901.0,-6.2831854820003405,0.01128052479029906,-1.5703532996538767,-6.282725134670392,-6.283214323301693,-6.2831729609444515,-597.4100220582025
902.0,-6.283185482013539,0.0112805255628918,-1.570353299092905,-6.282725133767247,-6.283214323319137,-6.283180338186134,-598.146246600673
903.0,-6.283185482021961,0.011280526116343509,-1.5703532986763347,-6.282725133316069,-6.283214323327504,-6.283183368862512,-598.8824711431283
904.0,-6.283185482026479,0.01128052649440733,-1.5703532983830983,-6.282725133098513,-6.283214323331389,-6.283184613907712,-599.6186956855746
905.0,-6.283185482028447,0.011280526745994746,-1.5703532981824697,-6.282725132996337,-6.283214323333154,-6.283185125390085,-600.3549202280159
906.0,-6.283185482028959,0.011280526910878297,-1.5703532980473898,-6.2827251329493645,-6.283214323333943,-6.283185335514359,-601.0911447704543
907.0,-6.283185482028743,0.01128052701794331,-1.5703532979572892,-6.282725132928179,-6.283214323334289,-6.28318542183642,-601.8273693128914
908.0,-6.283185482028223,0.011280527087066264,-1.5703532978975197,-6.2827251329188005,-6.283214323334441,-6.283185457298757,-602.5635938553278
909.0,-6.28318548202763,0.011280527131530754,-1.5703532978579984,-6.282725132914735,-6.283214323334508,-6.28318547186719,-603.2998183977639
910.0,-6.283185482027076,0.01128052716006567,-1.5703532978319144,-6.282725132913019,-6.283214323334535,-6.283185477852111,-604.0360429402
911.0,-6.283185482026605,0.01128052717834896,-1.5703532978147157,-6.282725132912321,-6.283214323334549,-6.283185480310803,-604.772267482636
912.0,-6.283185482026227,0.011280527190050868,-1.5703532978033818,-6.282725132912056,-6.283214323334549,-6.283185481320869,-605.5084920250722
913.0,-6.283185482025934,0.011280527197534525,-1.5703532977959143,-6.282725132911964,-6.283214323334549,-6.28318548173582,-606.2447165675084
914.0,-6.283185482025713,0.011280527202317566,-1.570353297790994,-6.282725132911943,-6.283214323334549,-6.283185481906288,-606.9809411099446
915.0,-6.283185472431652,0.011280209974866473,-1.5703533876993758,-6.282644073278932,-6.2832143262952735,-6.2831854828191105,-607.7171651398296
916.0,-6.283185487726947,0.011280873516062889,-1.5703532042767632,-6.282693011488925,-6.2832143172312405,-6.2831854806021985,-608.4533894466683
917.0,-6.283185486068904,0.011280620577016632,-1.570353271215516,-6.282711991345051,-6.283214323543757,-6.28318548210309,-609.1896138923054
918.0,-6.283185482842934,0.011280526083577833,-1.5703532973208134,-6.282719756918992,-6.283214324454169,-6.283185482198233,-609.9258383962742
919.0,-6.283185481851792,0.011280501226727292,-1.5703533043282214,-6.282722933611932,-6.283214324169186,-6.283185482157375,-610.6620629237003
920.0,-6.283185481691431,0.011280500151914492,-1.5703533047681726,-6.28272423313031,-6.283214323812208,-6.283185482104264,-611.3982874604305
921.0,-6.28318548176228,0.011280505569184527,-1.5703533033939039,-6.282724764755583,-6.283214323578797,-6.283185482067724,-612.1345120007896
922.0,-6.283185481864038,0.011280511554108225,-1.5703533018377267,-6.282724982253193,-6.283214323451707,-6.2831854820467115,-612.8707365425271
923.0,-6.283185517461409,0.011282376202955965,-1.5703528397124857,-6.282724724519394,-6.278263748938668,-6.283185490433456,-613.6069920019065
924.0,-6.281709669974953,0.011296956948070733,-1.5703369498891098,-6.282725404052386,-6.281273120066364,-6.283185472031946,-614.3439487125073
925.0,-6.281954228123538,0.011268080009932652,-1.570365058934135,-6.28272532710472,-6.2824276247806905,-6.283185483227579,-615.0808331342338
926.0,-6.2823842736307824,0.011273365313904564,-1.5703594545371227,-6.282725178885423,-6.282902448956632,-6.283185482458042,-615.8174861053
927.0,-6.282665852011267,0.011277799506431185,-1.57035573109052,-6.282725072015101,-6.283097384355674,-6.283185482094699,-616.5539879042576
928.0,-6.2828484892865415,0.011279993851465846,-1.5703538432948498,-6.282725068607476,-6.28317741183766,-6.283185481987693,-617.290391971878
929.0,-6.282966929454405,0.011280964064475804,-1.5703529751946808,-6.282725086325045,-6.283203713132366,-6.283185481974676,-618.0267328377589
930.0,-6.28304373947359,0.011281298200662907,-1.5703526467423692,-6.282725106909259,-6.283210464664832,-6.283185481987586,-618.7630327953249
931.0,-6.283093552607179,0.011281336084311613,-1.5703525857818805,-6.282725119591113,-6.283212914079295,-6.283185482002015,-619.4993062383895
932.0,-6.283125858453675,0.011281248485592801,-1.5703526455286547,-6.282725126689344,-6.283213809080096,-6.283185482012672,-620.2355624918133
933.0,-6.283146810568216,0.01128112040617091,-1.570352749437984,-6.282725130434397,-6.283214135961252,-6.283185482019383,-620.9718075993852
934.0,-6.283160399451334,0.011280991940049034,-1.5703528596506602,-6.282725132289982,-6.283214255246094,-6.283185482023194,-621.7080454792679
935.0,-6.283169212958121,0.011280879667170281,-1.5703529592937788,-6.282725133127966,-6.283214298710544,-6.283185482025151,-622.4442786719624
936.0,-6.283174929359906,0.011280788374163691,-1.570353042452629,-6.282725133442091,-6.283214314506131,-6.283185482026019,-623.1805088248587
937.0,-6.278778790670407,0.011336343687542409,-1.5703023103562286,-6.2827239246368976,-6.283214577144712,-6.283185478313468,-623.9188784496239
938.0,-6.276835709846305,0.011279305368297816,-1.570356792638798,-6.282725102812856,-6.283214203810686,-6.283185482270127,-624.6583558252048
939.0,-6.278562582041548,0.011238137460202871,-1.570392151193846,-6.282726094258721,-6.283214093602974,-6.283185484973643,-625.397036920048
940.0,-6.280188742738542,0.010767969131599735,-1.5703486562718298,-6.2827208935888725,-6.283214093653415,-6.283185474781451,-626.1348639600486
941.0,-6.281233765911115,0.01084352417773735,-1.570376279220274,-6.28273026028687,-6.283214553757551,-6.28318549095482,-626.8721347524631
942.0,-6.2819198848147,0.011000199835144112,-1.5703627146933072,-6.282726448418792,-6.283214405103229,-6.283185484378954,-627.609037923049
943.0,-6.282365274867618,0.011102456637310843,-1.5703551381901129,-6.282725057637607,-6.28321434477917,-6.2831854818334945,-628.3457022834158
944.0,-6.282653925267494,0.011167460456079203,-1.5703516660729153,-6.282724711185839,-6.283214325518124,-6.283185481228603,-629.0822118580013
945.0,-6.282840983680678,0.011208738124169854,-1.5703503785361934,-6.282724713270762,-6.283214320436162,-6.283185481254017,-629.8186211219922
946.0,-6.282962208549908,0.011234948063817217,-1.5703501781415996,-6.2827248051361355,-6.28321431984948,-6.28318548143354,-630.5549653795658
947.0,-6.283040771542104,0.01125158995380375,-1.57035046595095,-6.282724900248527,-6.28321432046298,-6.283185481611892,-631.291267509382
948.0,-6.2830916878319325,0.011262156216641025,-1.570350927819491,-6.282724975512292,-6.283214321229436,-6.283185481749997,-632.0275423376227
949.0,-6.283124687402734,0.011268864643130478,-1.570351408763326,-6.282725029266128,-6.283214321866109,-6.283185481846942,-632.7637994722213
950.0,-6.283146075535815,0.011273123574886804,-1.570351840302009,-6.2827250657565274,-6.283214322333981,-6.283185481911701,-633.5000451395825
951.0,-6.2831595986794095,0.011264335287569613,-1.57035544042625,-6.27978353919841,-6.283210629139927,-6.283185512537921,-634.2362648316072
952.0,-6.283169126231598,0.011290095896781814,-1.570349099996478,-6.2815594613967525,-6.28321241470103,-6.2831854310808986,-634.9724897230789
953.0,-6.283174894743728,0.011282020097400817,-1.5703517390281543,-6.282248224914158,-6.283213712431739,-6.283185485124912,-635.7087165121079
954.0,-6.283178553745549,0.011279285134520596,-1.570352849888919,-6.282530033850956,-6.2832141377403525,-6.283185488411846,-636.4449433898249
955.0,-6.283180965049505,0.011278822137699958,-1.5703532262180209,-6.2826453160714335,-6.2832142708522865,-6.2831854868634585,-637.1811698057884
956.0,-6.283182545596179,0.011279061505106682,-1.5703533314246274,-6.282692476548993,-6.283214310365803,-6.283185484910541,-637.9173957086982
957.0,-6.283183576553792,0.011279434731426157,-1.5703533460189925,-6.282711770202598,-6.283214321091636,-6.283185483574855,-638.6536211919629
958.0,-6.283184246942585,0.01127976403455056,-1.5703533356961887,-6.28271966395117,-6.283214323506964,-6.283185482808934,-639.3898463678687
959.0,-6.283184682027656,0.011280012060225346,-1.5703533223294313,-6.28272289395516,-6.2832143237842475,-6.283185482406127,-640.1260713302682
960.0,-6.281885282419233,0.011296444801115088,-1.5703385166012913,-6.282723854429865,-6.283214399590675,-6.2831854810994425,-640.8629289848257
961.0,-6.282100841728967,0.011269814876787104,-1.5703635534698543,-6.2827249719258225,-6.283214242331783,-6.283185482863683,-641.5997299678281
962.0,-6.282479673076609,0.01127406029631136,-1.5703587278006734,-6.282725131283569,-6.283214305008303,-6.283185482473264,-642.3363299936015
963.0,-6.282727721638,0.011277890064124019,-1.5703554755337588,-6.28272510032826,-6.283214324329436,-6.283185482115148,-643.0727980553489
964.0,-6.28288861264224,0.011279852204428228,-1.5703538121899157,-6.282725100235055,-6.28321432860832,-6.28318548200547,-643.809180517629
965.0,-6.282992951076425,0.011280752111937355,-1.570353041057408,-6.282725109534762,-6.283214328450442,-6.283185481986852,-644.5455074705679
966.0,-6.283060615891257,0.011281096552207362,-1.5703527432203659,-6.282725118532778,-6.283214327275025,-6.283185481994083,-645.2817984270108
967.0,-6.28310449829239,0.011281167051966929,-1.5703526829043155,-6.282725124982963,-6.283214326118414,-6.283185482005173,-646.0180660402825
968.0,-6.283132945408403,0.011280706242570973,-1.5703528469467982,-6.282620664859689,-6.283214329039504,-6.283185483100155,-646.7543178550984
969.0,-6.283151422592952,0.01128146518894938,-1.5703526992120127,-6.282683735441186,-6.283214316723782,-6.28318548021187,-647.4905602097552
970.0,-6.283163391363573,0.011281036944767297,-1.5703528807106744,-6.2827081966199785,-6.283214324428078,-6.283185482134264,-648.2267963766927
971.0,-6.2831711512959245,0.011280823339580272,-1.5703530009574667,-6.282718204942652,-6.283214325314877,-6.283185482252397,-648.9630284898496
972.0,-6.283176185755694,0.011280715462308239,-1.5703530825069183,-6.282722299068975,-6.283214324759329,-6.28318548219799,-649.6992579554055
973.0,-6.283179451762349,0.01128065448680727,-1.5703531408737,-6.282723973837397,-6.2832143241763605,-6.283185482128772,-650.4354856962062
974.0,-6.283181570385586,0.011280616179548432,-1.5703531836818698,-6.2827246589140335,-6.2832143237956375,-6.283185482081259,-651.1717123152664
975.0,-6.283182944667676,0.011280590281551584,-1.5703532152623922,-6.2827249391343285,-6.283214323580032,-6.283185482053896,-651.9079382055148
976.0,-6.283178386744522,0.01125896419503211,-1.5698290172889071,-6.28272631700195,-6.283214152439524,-6.2831854882182405,-652.6441713970297
977.0,-6.283188189872828,0.011295216002234517,-1.5699824067018535,-6.2822736814496745,-6.283214545039301,-6.283185479514605,-653.3803946399432
978.0,-6.283186855980543,0.011291582039396966,-1.5701054632720206,-6.2825463835002395,-6.283214331544725,-6.283185472491253,-654.1166191670673
979.0,-6.283185879330229,0.011285322326789606,-1.5701886744449745,-6.282652148712743,-6.283214318781572,-6.283185482591776,-654.8528443427239
980.0,-6.283185398023034,0.011282191173110027,-1.5702439042133716,-6.282695370803199,-6.283214313325775,-6.283185483571571,-655.5890696537714
981.0,-6.283185205446916,0.011280736991827328,-1.5702805708103298,-6.282713017777555,-6.283214312537823,-6.283185483347219,-656.3252948968548
982.0,-6.283184690628144,0.01126416450256908,-1.5703094246408653,-6.278632127095469,-6.283208095928433,-6.283185525438025,-657.061494269341
983.0,-6.283185455815482,0.011297360972203883,-1.5703164263844673,-6.28110316579144,-6.283210101566443,-6.283185411869445,-657.7977074246293
984.0,-6.283185425886472,0.011284623135673938,-1.5703305516981965,-6.2820615657404435,-6.283212891942817,-6.283185486730381,-658.5339274326785
985.0,-6.283185315036825,0.01127993415106052,-1.5703390275323632,-6.2824536883017,-6.283213850700258,-6.283185491146088,-659.2701502846687
986.0,-6.283185311626635,0.011278776313215432,-1.5703441457495366,-6.282614092067445,-6.283214170711844,-6.283185488900923,-660.0063742494365
987.0,-6.2831853427322955,0.011278815581365825,-1.5703473386788345,-6.282679707673506,-6.283214275374831,-6.283185486129861,-660.7425986322727
988.0,-6.283185377719595,0.011279170216214373,-1.570349379450654,-6.282706549194639,-6.283214308731418,-6.283185484238558,-661.478823160991
989.0,-6.283185407185712,0.011279538592197604,-1.5703507053311543,-6.282717529627713,-6.2832143190109155,-6.283185483152369,-662.2150477324716
990.0,-6.283185429546711,0.01127983659240639,-1.5703515759425692,-6.282722021749674,-6.283214322046829,-6.283185482578923,-662.951272310076
991.0,-6.283185445702646,0.011280055696793318,-1.5703521514682075,-6.282723859620324,-6.2832143229021655,-6.283185482290798,-663.687496882546
992.0,-6.283185457076199,0.011280209481868704,-1.5703525335226178,-6.282724611638048,-6.283214323137936,-6.2831854821505955,-664.4237214477828
993.0,-6.283185464967081,0.011280314747472042,-1.5703527877995034,-6.282724919403665,-6.283214323210779,-6.283185482083838,-665.1599460066116
994.0,-6.283185470395372,0.011280385780641444,-1.5703529573004305,-6.282725045394002,-6.283214323244012,-6.2831854820525095,-665.8961705605014
995.0,-6.283185474110632,0.011280433315821126,-1.5703530703970128,-6.2827250969943575,-6.283214323266896,-6.283185482037936,-666.6323951108137
996.0,-6.2831854766455075,0.011280464970084439,-1.5703531459013569,-6.282725118142987,-6.283214323285006,-6.283185482031182,-667.368619658616
997.0,-6.283185458286595,0.011279821409174884,-1.5703533846571647,-6.282555301179185,-6.283214329501597,-6.28318548379375,-668.1048431309114
998.0,-6.283185491482514,0.011281225438083046,-1.5703530341145946,-6.2826578337468035,-6.283214310521866,-6.283185479087444,-668.8410671822293
999.0,-6.283185488814281,0.01128070475880998,-1.5703531968422315,-6.2826975993508025,-6.283214323755483,-6.283185482206438,-668.8410671822293
