time,shoulder link,upper arm link,forearm link,wrist1 link,wrist2 link,wrist3 link,total_reward
0.0,-1.8273542174777212e-06,6.105874158415262e-05,-1.2689669449397332e-05,1.521669432752948e-06,6.299773785064304e-06,-6.182846411703162e-08,-0.9111607981031667
1.0,-0.004817608929167559,0.004582275097653306,-0.0050336690093313406,-0.011091574413953812,-0.0007582342251147826,-0.011109994177133911,-1.820897137830494
2.0,-0.013635297202547155,0.008753718429931343,-0.01421845663938803,-0.022177412598341648,-0.00634107246913332,-0.023690797027911808,-2.7259754723917635
3.0,-0.022436658115045544,0.011362805616911418,-0.0266835091626301,-0.03778032439447188,-0.016998712239872437,-0.03992560269629447,-3.6251194883677207
4.0,-0.033558221731904155,0.012900055329019397,-0.0413516195567963,-0.05531132180343301,-0.03245072182057261,-0.05247214807522918,-4.516222036287013
5.0,-0.04729952095618263,0.013440936049973411,-0.053561257133815224,-0.06789784866018214,-0.049925109449969654,-0.06865597083104147,-5.397427056195145
6.0,-0.06287944375030771,0.014163069478011707,-0.0678403750365053,-0.08407019739012947,-0.06823803039111412,-0.0864306286072264,-6.267414686395431
7.0,-0.07955150682056181,0.014585960163333312,-0.08366968498723666,-0.10184573774713188,-0.08689520178988881,-0.10486543347809861,-7.125099888074969
8.0,-0.0970027587392053,0.014435607194730679,-0.0962611771504699,-0.12006367537427348,-0.10569448544075526,-0.12321629218747292,-7.970230897814248
9.0,-0.11499612295107044,0.014764641759840278,-0.11077324152098104,-0.13760641787153183,-0.12241226798166632,-0.14188310855875214,-8.80233877827796
10.0,-0.13317598481165197,0.014958255932704837,-0.12674373952294746,-0.1559219154234758,-0.13799655554000784,-0.15480062797195113,-9.620953123224151
11.0,-0.15157246148475903,0.014840425625077503,-0.14174111776217926,-0.16602207056274376,-0.14541265007276835,-0.16655657519838465,-10.425911737250429
12.0,-0.17014558814578518,0.0149698077238679,-0.15794389714961476,-0.1781876640418027,-0.15879625003100162,-0.17850392814704313,-11.216807509512652
13.0,-0.18884727402043175,0.015023814078736033,-0.1750242683538499,-0.18842727847106175,-0.17236581076089164,-0.18383690070394554,-11.993231456440284
14.0,-0.20762246002321164,0.015038956216550185,-0.19269353528963487,-0.20004769641745962,-0.18901254476713458,-0.1971221334789366,-12.75487800231363
15.0,-0.2264443126693401,0.015032454879821031,-0.21076295348787055,-0.21315023229247407,-0.19904640928980394,-0.21370092220934772,-13.50174013609222
16.0,-0.24529605271447127,0.015018454485190819,-0.22910176222875842,-0.22960348735921116,-0.21278175730818175,-0.2303393925517033,-14.233634717365408
17.0,-0.26418113524463743,0.014939974741740993,-0.2474425493963641,-0.23874092816880288,-0.2295237084973631,-0.2482822804186047,-14.950226858831588
18.0,-0.28306090203969386,0.014943407359630786,-0.2659338241917149,-0.2515748567955067,-0.24753413717265269,-0.26678594800977756,-15.651486050322388
19.0,-0.3019536394199181,0.014926690465375397,-0.2845662394675132,-0.2638605096920153,-0.26606723684072525,-0.26330218777957576,-16.337281953279337
20.0,-0.32084415068811956,0.01457865269402679,-0.29965058778794673,-0.2744642078690177,-0.28481534723935986,-0.27299376504692935,-17.00806834028398
21.0,-0.33885908578260115,0.014785905904865821,-0.31582341273527176,-0.2898158066011618,-0.3036551814836096,-0.28808828257614616,-17.664421547383878
22.0,-0.35527735459462406,0.0149139607069156,-0.33287780615810625,-0.30724895227035603,-0.3131789014550519,-0.3046400197181001,-18.30724201306134
23.0,-0.3684900466043891,0.014949716142702168,-0.3505441812457883,-0.3242681056260346,-0.3250439146271594,-0.32255604022809403,-18.93814618237718
24.0,-0.3804520940721236,0.014833588921540226,-0.36737786933057737,-0.34235934555016434,-0.3339070526113843,-0.33951738552414834,-19.55811002320074
25.0,-0.3921327658548266,0.014849895715262035,-0.38472870723309127,-0.3577785379342737,-0.3485802063372224,-0.35758976722564884,-20.167097610027945
26.0,-0.4053708437055782,0.014790049802139623,-0.4018611437067425,-0.3714765487374229,-0.36573443483190005,-0.37614692492704443,-20.76413519621374
27.0,-0.42056919227063716,0.014416525141299163,-0.41554329338825013,-0.37330811168586925,-0.3839122771864728,-0.3949052663557781,-21.348439637030964
28.0,-0.4371317578726459,0.014245724389323542,-0.42551165593356777,-0.38146965474428296,-0.40251606554219027,-0.4137465534395532,-21.920060199984142
29.0,-0.45290495710147166,0.014569695479903692,-0.436763867329995,-0.3925830758009588,-0.42129625050634517,-0.4290816297634749,-22.479399950929672
30.0,-0.46384319245122524,0.01491206620427016,-0.45049022110834663,-0.40820878975215447,-0.440148435197434,-0.4464474244200236,-23.028754898732725
31.0,-0.4724659228111795,0.01480072723521328,-0.4633108386642998,-0.4257637074544691,-0.4590261230347844,-0.45627113904957395,-23.569640875052354
32.0,-0.4814270603100687,0.014899488544029171,-0.47808002738033106,-0.437609656298309,-0.47791762490603473,-0.47135524749730723,-24.101552341742675
33.0,-0.49311595985544665,0.01496177316851538,-0.494222561318883,-0.4534742535563677,-0.4900697894133254,-0.4886760725691224,-24.622678588510233
34.0,-0.5074441095784148,0.014936162703564567,-0.5112820156910141,-0.4711258575973984,-0.5056637152637321,-0.5069232678813038,-25.13102877469215
35.0,-0.5234803560025809,0.01460999608802916,-0.5258467423486457,-0.489525523851498,-0.523189206651107,-0.5255534468235155,-25.625841750020136
36.0,-0.5360544146052824,0.014723784974016246,-0.5416995535803484,-0.5064039630026055,-0.5415264678664732,-0.5381029401513239,-26.108912901859586
37.0,-0.5478967512814934,0.014758039874001271,-0.5585515179399634,-0.5225957887097408,-0.5601917014108315,-0.5542710773375961,-26.580575401161177
38.0,-0.5617359571866546,0.0146931891912679,-0.5756635657826324,-0.5383587854418594,-0.5770128174072757,-0.5702769831983419,-27.03954914697367
39.0,-0.5757277320180947,0.014506597256290815,-0.5914320965186941,-0.5524792038295118,-0.5896491251185019,-0.5879503608245864,-27.48593040349643
40.0,-0.5908802173439117,0.014479056311431501,-0.6082002952575764,-0.5511562407217909,-0.5977753953717114,-0.606342507413341,-27.919125639621367
41.0,-0.6064250657524529,0.014123043444009564,-0.6199301337053981,-0.5606854774298732,-0.607500737238568,-0.621746088065759,-28.339711311948108
42.0,-0.6183083891023026,0.013994712961391452,-0.6279531428098789,-0.5756978675062845,-0.614544590831088,-0.6386475196111357,-28.75072774116289
43.0,-0.6309549429248834,0.0126419233648263,-0.6333134805450256,-0.5841528263583511,-0.6284846325707537,-0.6530614309438842,-29.152047671998197
44.0,-0.6458040251161613,0.013010554883927512,-0.640758722061862,-0.5984284229266009,-0.6448594270866137,-0.6663069156727163,-29.542525928577117
45.0,-0.662192170566428,0.013833121803933214,-0.6517651212378108,-0.6125756376110217,-0.6590695884916816,-0.6786091606606318,-29.920730823366036
46.0,-0.6791096269570247,0.014312210769261313,-0.6654114832724509,-0.6294691082809097,-0.670062793597995,-0.6932890317217494,-30.285545608095383
47.0,-0.6960355893711686,0.01451008135779506,-0.6808499695722838,-0.6475390163688273,-0.6774100651109823,-0.7100575768568557,-30.636410438116673
48.0,-0.7134314463773496,0.014170114976737968,-0.6936180367518336,-0.6581901265516252,-0.69147741286357,-0.7168791528191295,-30.973490513233838
49.0,-0.7295859228304968,0.014397142049254194,-0.7082149828261393,-0.6706990401657457,-0.6940338619944393,-0.7307806785895303,-31.29746252038457
50.0,-0.7460296311714119,0.014331720632365331,-0.7222801867868496,-0.6869239824559801,-0.7062376222903237,-0.7471197957047917,-31.60806256949262
51.0,-0.7578465758545223,0.014456477302879593,-0.7378546942178551,-0.7035334936852801,-0.722235179334984,-0.7632040208346258,-31.907299722405757
52.0,-0.7701657499694821,0.014406321916499756,-0.7546235071091101,-0.7161892653624861,-0.7399257582981784,-0.7809099618734451,-32.19480244608067
53.0,-0.7793830719883705,0.014376261689259645,-0.7720548655224786,-0.727358797765997,-0.7529602435569089,-0.7929354776911366,-32.47194604811407
54.0,-0.7900963144478257,0.01392932297982208,-0.7852129556191126,-0.743001993732396,-0.7584418732721803,-0.8088863192842126,-32.73904970211897
55.0,-0.8037574042878496,0.014054825063921635,-0.80008177206382,-0.7561605451198938,-0.7717953061649331,-0.8220867907059707,-32.99437376420135
56.0,-0.8193467795541268,0.013965862781561986,-0.8138403875581856,-0.7726260420462954,-0.788404985760255,-0.8385540522392163,-33.2369524936901
57.0,-0.8358471069890754,0.014104232309514558,-0.8292117703771276,-0.7904944281495073,-0.8063612359634315,-0.8491534311541266,-33.466020385144816
58.0,-0.853087852441995,0.013898681783612601,-0.8427302554684013,-0.8089968171747398,-0.824869383435188,-0.8638308358647658,-33.68162696762392
59.0,-0.8684377832380242,0.014008848723502259,-0.8579106228182444,-0.8226824745641081,-0.8436123736703213,-0.8809707889264938,-33.88463714283981
60.0,-0.8823793616400308,0.013924026991996076,-0.8725503963149907,-0.8371642927140861,-0.8624445117143594,-0.899142820006388,-34.0759003980733
61.0,-0.8974163469254549,0.01344112742307886,-0.8813883930853897,-0.8542363475174707,-0.8679209567179307,-0.910675039229539,-34.25674050178098
62.0,-0.9138927690540947,0.01372239655384532,-0.8922608405864293,-0.8723157467977861,-0.8784969475141211,-0.922991380853422,-34.42667226087051
63.0,-0.9299326916690477,0.013959690815260382,-0.9057648179477099,-0.8908674292369009,-0.8939135079805521,-0.9391083401181416,-34.58526345693388
64.0,-0.9465620958229444,0.013923038825171388,-0.9211586080437589,-0.8977150240639176,-0.9027937076172871,-0.9568562465785643,-34.73236191889174
65.0,-0.9602442932501879,0.013761564600282812,-0.935599374376491,-0.9020197460075664,-0.9175009652667812,-0.9752798165899262,-34.86959657676641
66.0,-0.9741763612388208,0.013667344464935146,-0.9488697057154607,-0.9148538174200485,-0.9337299454772149,-0.986366171198038,-34.99759010479656
67.0,-0.9881748821449479,0.01378913928755669,-0.9639133193614594,-0.9312389863876274,-0.9477069987799137,-1.0019531053667283,-35.116203701581995
68.0,-1.0004571374780247,0.01376165140214506,-0.980093361802717,-0.945207130785258,-0.9596078448388049,-1.0130286779185504,-35.22580966669911
69.0,-1.0141210462052601,0.01338235688592486,-0.9931323934593873,-0.9593217008170762,-0.9707522456180233,-1.02859225202628,-35.32781744868043
70.0,-1.0296582486420536,0.013142852051070925,-1.004180076158563,-0.9629333533159897,-0.9809596662624667,-1.0461102976172958,-35.42443347582176
71.0,-1.0404731644530107,0.013458832755506462,-1.0175698867012148,-0.9662063126138654,-0.9882186956817008,-1.0629481777544663,-35.51611310428101
72.0,-1.0523380150465742,0.01355644968910659,-1.0328905744723011,-0.9739990937590631,-0.995998484373346,-1.0774143899782203,-35.602602053610795
73.0,-1.0658416638231056,0.013560765763832798,-1.0494216283907132,-0.9882443186680415,-1.0102165451189435,-1.0788371604284606,-35.684855151734425
74.0,-1.0810540528908117,0.01347538554220743,-1.0667827943760892,-1.0052334357337493,-1.0238226481172346,-1.088240768075228,-35.76464274647225
75.0,-1.097184890030123,0.013269675994611473,-1.0832893452766585,-1.0233581746283444,-1.0404784820870625,-1.1031771940616424,-35.84505924279439
76.0,-1.1142225252675988,0.01322492847044931,-1.1005493138571611,-1.0419204953603884,-1.0584512452972092,-1.1204376968695062,-35.928965098373745
77.0,-1.1308998939599062,0.012707701285424474,-1.118362630448269,-1.0489131815487616,-1.0755491825428065,-1.1362982218961502,-36.01815185269723
78.0,-1.1405128610046873,0.012732319483341137,-1.1357957167306667,-1.0603630437408118,-1.0905907018524204,-1.1506627780781422,-36.110195011813325
79.0,-1.1472987722805517,0.012524665482450953,-1.1497568905086022,-1.0712648820090382,-1.1062140445263244,-1.1676315609940624,-36.204695848448395
80.0,-1.1534594718370357,0.012698311083417712,-1.16519768028707,-1.0807839720959769,-1.1237325243215064,-1.1750805532727167,-36.30178186221172
81.0,-1.1561051466644923,0.012784512485054265,-1.181794570239459,-1.0864363487258615,-1.1388022615195275,-1.1892297939541028,-36.399268898598635
82.0,-1.162674751575659,0.012686504340179662,-1.1992882019670432,-1.0882034064423707,-1.1516991560450944,-1.2039068003045672,-36.49960497880711
83.0,-1.1674130011683828,0.012654078061603373,-1.2171823440938405,-1.0845759976541256,-1.1668559838582042,-1.2210223766689294,-36.6024132708431
84.0,-1.1648641545588747,0.01259059110844642,-1.232574900919143,-1.092080437052373,-1.1798261579865321,-1.2391836337578073,-36.703681044805386
85.0,-1.1579066464847052,0.012599184255909252,-1.2491245928002583,-1.0939435341611474,-1.1935666931397646,-1.2548554935639906,-36.800593401332286
86.0,-1.148180228799746,0.012340405084877392,-1.2625490241825874,-1.0958700416100602,-1.2083834866593117,-1.2664046812695575,-36.892096351545526
87.0,-1.1355131265577358,0.012426486447885618,-1.2772889402167606,-1.0938314568556793,-1.2255646928148125,-1.2821626129403805,-36.97693600192494
88.0,-1.1233440975999611,0.012297028325953413,-1.2922179401924,-1.0819454053014228,-1.242238769760672,-1.2997610013740497,-37.055614748299554
89.0,-1.1104666876309135,0.012354118084534078,-1.3074317799047737,-1.0781695186629092,-1.2601967492628616,-1.318122812799419,-37.12939490115506
90.0,-1.1037699075993304,0.012282323535811665,-1.323974649765301,-1.0775245676614496,-1.2683715776363353,-1.3368004502830644,-37.20253838450036
91.0,-1.097168726600656,0.012186317297297826,-1.3412899597994723,-1.0678410725323926,-1.2818812954188565,-1.350265183154477,-37.27614407363743
92.0,-1.0911018212530847,0.01216000652541113,-1.359131783564422,-1.0635501269962273,-1.2930320132143316,-1.3668269807314146,-37.35180484383243
93.0,-1.082098954193495,0.012119654929344461,-1.3772846419636067,-1.0596595839261884,-1.3086405893735849,-1.3845450400681953,-37.42992645115636
94.0,-1.0779797344203466,0.011954054869833515,-1.3958117445885807,-1.0575436561502378,-1.326168609696605,-1.4029528471765544,-37.5132536071539
95.0,-1.076383052372362,0.011461237857977945,-1.4067878921044519,-1.0616238881896394,-1.3445069992642753,-1.4215224690086645,-37.60134067470874
96.0,-1.075562141780854,0.011651748657117593,-1.4200587139485024,-1.0613244302329583,-1.3631783347055746,-1.437847650475092,-37.69428949573616
97.0,-1.0756531181499385,0.01137604703450888,-1.4274083005477685,-1.0702247083759437,-1.3819817999305803,-1.4487687656657051,-37.791643437267176
98.0,-1.0814855718221206,0.011565059787999751,-1.4383519505887155,-1.0738177228280654,-1.398673673474052,-1.464277037116209,-37.89497943962071
99.0,-1.0876384374372359,0.01177432086918755,-1.4518634398684782,-1.0863822854720144,-1.4095799802185345,-1.4810700338178178,-38.00605831131803
100.0,-1.086364090766317,0.011571716413443296,-1.462770895374431,-1.088970531631093,-1.4195829104516007,-1.4990869546317374,-38.12163020344491
101.0,-1.0834354879688628,0.011642714182618754,-1.4762216913921193,-1.0857815372421775,-1.4341018044248661,-1.5176216466760366,-38.2415006124784
102.0,-1.078085731172034,0.011617548388072557,-1.489768423335259,-1.0869360770098624,-1.4511830011447227,-1.5335607027475515,-38.36602459851861
103.0,-1.071667294017576,0.011457277036391501,-1.501337930667338,-1.0934039574224799,-1.4693288195224614,-1.5459234572269602,-38.49521683940052
104.0,-1.0724154754936113,0.011338061000626188,-1.5134588230347419,-1.1024389928242726,-1.4879084875262933,-1.5620298178311112,-38.63074832378397
105.0,-1.07098465907924,0.011460915381492517,-1.527652157809861,-1.114226291655676,-1.5033230724603015,-1.5726791759913294,-38.77323326681171
106.0,-1.066435810402078,0.011213983857571852,-1.5388639788149021,-1.1235064035328715,-1.5207223158123577,-1.5855633896922472,-38.92133873168695
107.0,-1.0573429317961058,0.011177881150505688,-1.5489356747987868,-1.1311161143064794,-1.5390031579019687,-1.599157362941086,-39.07392308518767
108.0,-1.0544047798467384,0.010884974107157306,-1.5562797213232626,-1.1325334007542107,-1.550173170971434,-1.6134245910111238,-39.2299368117159
109.0,-1.049706678852578,0.010886055236313958,-1.5610320065449692,-1.1351492442115219,-1.5651610114251115,-1.630201882823034,-39.388285596347366
110.0,-1.0463400980999424,0.01081903962069648,-1.5642734819746864,-1.1295401525110806,-1.5824275974876418,-1.6479480583788868,-39.54769066340749
111.0,-1.04819683060176,0.010855666486253664,-1.5664051395422744,-1.1336214431322795,-1.6006501956665664,-1.6663663590651812,-39.709122654358275
112.0,-1.047742789955883,0.010951880061947262,-1.5677528659075606,-1.1390225326932237,-1.619279778561603,-1.6773471247331153,-39.872310796236675
113.0,-1.0480412772172067,0.010884172781395314,-1.5669833880719337,-1.1450662730329841,-1.6380626267301166,-1.6840916814436369,-40.036718176126364
114.0,-1.0540595180607786,0.010875657669799267,-1.566374972773818,-1.147463525722653,-1.656910023183369,-1.6979246158449457,-40.20260745317953
115.0,-1.0562774722254888,0.011100507633102354,-1.5676269544856976,-1.1475735409927832,-1.6757997840905194,-1.7147287813769778,-40.37002024997119
116.0,-1.0624885067026313,0.01103416069279774,-1.568652158745345,-1.1503951368954413,-1.6923053258173366,-1.7327624472991925,-40.539864297244065
117.0,-1.0690869302855743,0.010987391269572431,-1.5693122321243673,-1.1429658015563098,-1.710181353038842,-1.751304291070367,-40.71126753105386
118.0,-1.0738753362615328,0.011062561622435576,-1.5696852917810593,-1.1387132067167343,-1.7246058314660175,-1.7644622614814298,-40.88402548368665
119.0,-1.0768090117778097,0.011093418995427503,-1.5699485350133404,-1.1341854802017943,-1.741388832609344,-1.777056746098381,-41.05799628638547
120.0,-1.0807488509940395,0.011044540790482164,-1.5701765569670862,-1.1237320888003421,-1.7488900976466548,-1.7904706448150751,-41.232312822955926
121.0,-1.0820218172104275,0.011077294176192555,-1.5702704763729163,-1.108343434667172,-1.7630624255031306,-1.8070528728795008,-41.40632719261269
122.0,-1.0827085505036433,0.011154814784937345,-1.570314649923376,-1.103143281397088,-1.7690632238626673,-1.8061950985930202,-41.58033052796492
123.0,-1.0887798594629203,0.01106193692991588,-1.5704517759421828,-1.0959815919823688,-1.7812375241982243,-1.8095254081445065,-41.755914141464686
124.0,-1.0993482457356645,0.011049942289538189,-1.5705013228634492,-1.0914333366185391,-1.7879549509512915,-1.8219360912631881,-41.93419592902749
125.0,-1.1126420834272701,0.011051578485860216,-1.5705200845835432,-1.0860315986183788,-1.8017872062453841,-1.8303594982805418,-42.116681322541986
126.0,-1.1259984374938472,0.011106586000746412,-1.5704902454331382,-1.083222087915449,-1.8185968859796282,-1.8416259374672015,-42.304293260269866
127.0,-1.1403595435422846,0.01106767128063354,-1.5705186496965853,-1.0724297847732092,-1.835335784547755,-1.8427526057152739,-42.497189108514775
128.0,-1.1499309284295351,0.011139572953435999,-1.5704550306511678,-1.0568782962292098,-1.8533263526420645,-1.8508057226549526,-42.693855833576215
129.0,-1.1569926302169564,0.01118280275741442,-1.5704327585704578,-1.0425139268512482,-1.871845863918766,-1.8605441981293547,-42.89370957326719
130.0,-1.162204878278036,0.011196149365858186,-1.5704274145092307,-1.0279815564783246,-1.887049712058912,-1.8754121699482091,-43.09592895357195
131.0,-1.1649802390488002,0.011236112154443161,-1.5704045342885393,-1.0171803721960304,-1.902798169095052,-1.8845573869963563,-43.29995314548989
132.0,-1.16980358485625,0.011150965364800543,-1.5704726788002168,-1.001736768722854,-1.9195028254330178,-1.8923188041692516,-43.50643266040695
133.0,-1.179121017948811,0.011120939744378933,-1.5705070221109405,-0.9887185308172234,-1.9374794242770002,-1.9065383091130548,-43.71752874839554
134.0,-1.1861688885279307,0.01117251047016011,-1.5704567534936713,-0.9751312852136437,-1.9426401736876622,-1.9224491604940535,-43.931347996034454
135.0,-1.1936275771626215,0.011150838207082974,-1.570472997471082,-0.9584789998208552,-1.9558915426075023,-1.9400955090792806,-44.148666529983245
136.0,-1.2008809892832222,0.01120960919471302,-1.5704370854282248,-0.9485073458726382,-1.967822343790125,-1.9583024495421344,-44.36977481328925
137.0,-1.2083039049987325,0.01119525453850103,-1.5704453832190892,-0.9377985178637449,-1.9785787265068344,-1.9733208279079424,-44.5947178035026
138.0,-1.2177648037858004,0.01120071480324814,-1.5704503207221225,-0.9326976927576097,-1.9940228017237744,-1.9848651174474492,-44.82518925072795
139.0,-1.230122060583227,0.011186514313286305,-1.5704638809374507,-0.931520252388125,-2.0114945516874436,-1.9961139686855758,-45.06304727402709
140.0,-1.2407295012175008,0.011235179831292777,-1.5704194550066952,-0.9345608459511733,-2.0260820148559717,-2.0117712074043523,-45.307601467107695
141.0,-1.248244650929747,0.01117626486265585,-1.5704381814004804,-0.92464425826511,-2.0431364595442436,-2.025742388843506,-45.55712135068675
142.0,-1.2505372712826532,0.011209650099108261,-1.5704019831461096,-0.9094324212796786,-2.0544281846541375,-2.0405869770448946,-45.80834135082061
143.0,-1.2571722377758399,0.011166655656624322,-1.5704618207569487,-0.8979253443560468,-2.070078367820774,-2.057453976153417,-46.06371139993303
144.0,-1.2613420578969194,0.011191642111740122,-1.5704287959897454,-0.8822743612564208,-2.0866133884065685,-2.071178721973379,-46.32221622350587
145.0,-1.2587782374182437,0.011303497949605707,-1.570344744943239,-0.8707669657149729,-2.104519727752949,-2.087865118142949,-46.58088167797312
146.0,-1.2600490533603224,0.011181954740271042,-1.570448396281786,-0.855049316500692,-2.1229987373700543,-2.105848082031805,-46.841284738667
147.0,-1.2623909897660022,0.011172596381359767,-1.5704526872234772,-0.8374459664628846,-2.1417288370194587,-2.119818364253497,-47.10402376506848
148.0,-1.2696820512503815,0.011126950600361585,-1.570497956643524,-0.8197105550977333,-2.160554259651573,-2.126354186539543,-47.371485079839964
149.0,-1.2782568392974365,0.011152530434072326,-1.5704732981770555,-0.8012903617340406,-2.1794273321895012,-2.133845015507325,-47.644460636197124
150.0,-1.2894520816772475,0.011153550224189164,-1.570473805343433,-0.7825874321178748,-2.1983139709005464,-2.1457596843671,-47.92428566713398
151.0,-1.2975068852672638,0.011240222440587994,-1.5703993723409178,-0.7651031662768848,-2.2172129827858456,-2.161732280935827,-48.20960444867255
152.0,-1.3083298147544546,0.011199888639379272,-1.5704345485819022,-0.7468227734251941,-2.2313105982282875,-2.177089596362004,-48.50126357057727
153.0,-1.3219795197974662,0.011231568865796036,-1.570419449159488,-0.7344191368060347,-2.2481447210861054,-2.187231368800055,-48.801186970108795
154.0,-1.3352943386078029,0.011268106257475364,-1.5703857254227673,-0.7244755594020024,-2.2660659458112185,-2.1983623239234547,-49.1095034724231
155.0,-1.348241992340002,0.011241022783677461,-1.5703905458981728,-0.7093720330779236,-2.2845588147479203,-2.203840546742084,-49.42598145972354
156.0,-1.3617615779920116,0.011242859412302174,-1.5703875424938651,-0.6934946228475741,-2.3032890081232535,-2.216788158972299,-49.750918995712006
157.0,-1.3763195795021053,0.011257455345116017,-1.5703795125020885,-0.6793036308658307,-2.3221181076662916,-2.233220416612621,-50.08492299147999
158.0,-1.392115015844532,0.011246096636897653,-1.5703827725872885,-0.6632120102545033,-2.3409884566113615,-2.2439462382669415,-50.42864143292598
159.0,-1.4089603257760601,0.011212463500964035,-1.569617943075355,-0.6454844762696141,-2.3581969521717294,-2.2593780911731716,-50.782472435744744
160.0,-1.4238028878336262,0.011318980792901978,-1.569794513205079,-0.6270495746713297,-2.3763699765749453,-2.2768419690544808,-51.145529946611504
161.0,-1.4345697574062521,0.011356004912704751,-1.5699360608372628,-0.6083437181987994,-2.3949698853357004,-2.292574933853905,-51.515687007299384
162.0,-1.4472748175280028,0.011292366040300567,-1.5696144952072733,-0.591303243859101,-2.413740957472024,-2.3101217233100755,-51.89381454221501
163.0,-1.462158172899813,0.011295861631622174,-1.5698535307622017,-0.5731949069378559,-2.427246906063354,-2.3284610793405065,-52.28073270871953
164.0,-1.4770487461785338,0.01132011169473948,-1.5699994888963482,-0.5575941394239977,-2.4438274688855817,-2.347129212653621,-52.67673711587475
165.0,-1.4930909351000663,0.011293208798326697,-1.5701230173734984,-0.5401127862953337,-2.459594319440501,-2.363766910859275,-53.082322422732396
166.0,-1.5049817328621973,0.01134924114964467,-1.5701433455999902,-0.5217870110185602,-2.4771653020448947,-2.3816946060719677,-53.49548819858921
167.0,-1.5162395061752558,0.011350443040500223,-1.5702013957918095,-0.5058449584264564,-2.495512308910108,-2.400191655286446,-53.91580060322792
168.0,-1.5297756494596648,0.011299881662179647,-1.5702721905629506,-0.48821884499520474,-2.5141825453160185,-2.4100977206235314,-54.344402412782124
169.0,-1.5451920070686909,0.011286465471951156,-1.5703029503407961,-0.46983960356196414,-2.5329876166502374,-2.4200897423618133,-54.78230361538624
170.0,-1.5609330454818706,0.0113208534359728,-1.5702958429316936,-0.454748295853842,-2.549511481293914,-2.4320532639719192,-55.22959205736705
171.0,-1.5767655335876787,0.011312506194730395,-1.5703035606407525,-0.4374872801924812,-2.5633359646234775,-2.4394353479418953,-55.68610364575196
172.0,-1.5924222451945753,0.01132003721765086,-1.5703013688407164,-0.41925924997462183,-2.5762998431194957,-2.4515573797859376,-56.15165980402538
173.0,-1.6074213766954475,0.011367674243768968,-1.5702810301783638,-0.4064190438582323,-2.592681779171978,-2.4592879431101817,-56.62612362979142
174.0,-1.6222067105208497,0.01135882539278929,-1.5702872786782023,-0.39393287853599834,-2.6086495244482326,-2.473515105329335,-57.10931167698452
175.0,-1.6381954124709464,0.011317174304621052,-1.5703121036075507,-0.37774931509574544,-2.626304750901967,-2.4903916135918496,-57.60183018525881
176.0,-1.655205956271724,0.011310828255106684,-1.5703154501992755,-0.36008576362994194,-2.642985223425043,-2.5007725288435374,-58.10413431815643
177.0,-1.6665708029674398,0.011387243955821101,-1.5702497982184036,-0.34168917357430745,-2.6609412493708686,-2.515761243884402,-58.613407812321135
178.0,-1.674915152076566,0.011341632747693597,-1.570249269785848,-0.3233822101282762,-2.6766517895491746,-2.533036923234186,-59.12776424624918
179.0,-1.6785791256228915,0.011368326218627111,-1.5702363133834998,-0.30473275062813004,-2.6855957841728535,-2.551265190376324,-59.644449792976665
180.0,-1.6861978444683836,0.011311803833956337,-1.5703144851048503,-0.2885153783755352,-2.7003188567879586,-2.569887498859408,-60.16552533064642
181.0,-1.6961342400314854,0.011284289315973526,-1.5703382138141972,-0.270768784823061,-2.710937466525043,-2.5886726120837267,-60.692140441759726
182.0,-1.7089178112887953,0.011268730276197016,-1.570356992788843,-0.2523420151546429,-2.722601091067916,-2.6030782130022443,-61.22578348901035
183.0,-1.7238468709452517,0.011277575534531861,-1.5703533839916592,-0.23363491973532705,-2.7384473355009007,-2.6200442190908664,-61.76775407843884
184.0,-1.7397919973558091,0.011331024024281499,-1.5703262175815442,-0.2213353855614603,-2.7560856756382073,-2.6381426005098976,-62.318713035664196
185.0,-1.7567020068109107,0.01131170777040811,-1.5703260148580243,-0.2052651842145867,-2.7744652167751984,-2.65671107428867,-62.879096656112594
186.0,-1.7743113042774985,0.011315713044155885,-1.5703166308164167,-0.18752838834579738,-2.790029952539295,-2.67322048336006,-63.44911016359759
187.0,-1.7868200372446064,0.011446396496589474,-1.5702343982128697,-0.181671049823841,-2.8074989774566212,-2.6881611735153057,-64.0263960301803
188.0,-1.8000974785675898,0.011352919428469952,-1.5702875528987632,-0.16815411976678887,-2.8253327904503585,-2.705373129691165,-64.61100536227784
189.0,-1.8152589595649333,0.011314761239355346,-1.570311623403794,-0.15146796019465059,-2.841211308113429,-2.717230774469373,-65.20378913033531
190.0,-1.83000241657529,0.011347262526439365,-1.5702930229945427,-0.13706420018486465,-2.856238641773035,-2.73311221278553,-65.80455804867681
191.0,-1.845760355589316,0.01132377294548712,-1.5703065378757808,-0.12008751319394304,-2.8674951448620054,-2.7500949620511626,-66.4135980777799
192.0,-1.8625954877949857,0.011324323575170365,-1.570306901233576,-0.10197776785263403,-2.8810373987476297,-2.7681909171670256,-67.03147512183403
193.0,-1.8786470159555364,0.011392029597795929,-1.5702746095766547,-0.0928514915389106,-2.89768715902612,-2.786758185966615,-67.6579749443179
194.0,-1.8954202823949335,0.011388034328510543,-1.5702802186120512,-0.08823180737755867,-2.9130580839761993,-2.8055205063461464,-68.29336682868407
195.0,-1.9129355280355167,0.011331010189072618,-1.5702968742951042,-0.07524495532296828,-2.9304562381288117,-2.823693868409303,-68.93793326266145
196.0,-1.9309401416056375,0.01137268804778115,-1.5702818637037057,-0.07074166252192332,-2.942902547428292,-2.8422820876712334,-69.5918621626432
197.0,-1.949256538528139,0.011329239781744513,-1.5702912228052819,-0.05777900584165932,-2.9590371774157744,-2.8610527498283185,-70.25523196672938
198.0,-1.9647361222015045,0.01136949033393116,-1.5702585017270745,-0.043843537390501446,-2.976793581669716,-2.879899286868646,-70.92668587162909
199.0,-1.980855658665645,0.011341421233539688,-1.5702818564573027,-0.027038563260720523,-2.995220561454498,-2.898777164092866,-71.60633302454795
200.0,-1.9979472723125071,0.011353091318042309,-1.5702847109154707,-0.0128897063883538,-3.0139247886879796,-2.9055169070645315,-72.29464780895475
201.0,-2.015225479712783,0.011343615776167264,-1.5702854882935497,0.0039764595331996,-3.0305817528110723,-2.919400638474901,-72.99162005487666
202.0,-2.0322913249030363,0.01137645199764287,-1.5702739566762078,0.01612825612546246,-3.0485172938238723,-2.9339049618345325,-73.69716556551467
203.0,-2.0498713904969343,0.011352813705346016,-1.570283431619043,0.0310012494301383,-3.0644167442477594,-2.9509480667299157,-74.411387894983
204.0,-2.067338887807834,0.011347470262136283,-1.5702813109601994,0.0482216303853851,-3.0730493422835474,-2.9614623395961592,-75.13407714945492
205.0,-2.0852034367157444,0.01135109302568054,-1.5702827849985708,0.06586990116868488,-3.083709386184744,-2.9768153212351307,-75.86537095027364
206.0,-2.1002618241193267,0.01138701889493728,-1.5702542564860467,0.08424337194535667,-3.0991375197217255,-2.985932705989714,-76.60402288821605
207.0,-2.1125698340572314,0.0113786822758432,-1.569811949332716,0.10292473471476887,-3.1066657403756994,-3.000725897478855,-77.34861113577031
208.0,-2.1265504524705383,0.011377047351492321,-1.5699776528919436,0.12067363604812362,-3.1208344925651708,-3.0179264701779562,-78.0997714889463
209.0,-2.140506741905849,0.011369947517272284,-1.5700819084472482,0.1367552465773166,-3.1207519441028198,-3.0361238379343582,-78.85737098719179
210.0,-2.1536974379403735,0.011367397123542074,-1.5701501690300206,0.15378975279052717,-3.131920345339969,-3.0547333139298556,-79.62115136646881
211.0,-2.1668897122416086,0.011364366425316479,-1.570203044052623,0.168736883648931,-3.1444886718228373,-3.073265344445495,-80.391106153446
212.0,-2.181788246092377,0.01135877825538843,-1.5702496473356966,0.1774238142600735,-3.156878095356161,-3.092008918717866,-81.16803481887546
213.0,-2.1980911118303825,0.011324117965972751,-1.5702798632744897,0.19031174946118568,-3.1728555943467103,-3.1079302126008073,-81.95255504466542
214.0,-2.214732691243068,0.01131755618414092,-1.5702882879050268,0.20670197582410843,-3.1905447317116047,-3.1255490509227437,-82.74478202779733
215.0,-2.232060957809407,0.011335303469223838,-1.5702931832674003,0.2198495958345362,-3.208944393932576,-3.1439180551601007,-83.54501491523789
216.0,-2.2499414420515156,0.0113237110848351,-1.570297854424987,0.23628623899636908,-3.225598996815332,-3.1625984432870053,-84.35338936930243
217.0,-2.266921388539329,0.01134476651279478,-1.5702861597167095,0.2528839106075988,-3.243535700211111,-3.181407657795848,-85.16949273740556
218.0,-2.282238281817512,0.011373348635673883,-1.5702748160833193,0.26551887310931904,-3.2556975975694376,-3.198863844843391,-85.99252929104743
219.0,-2.295274860882397,0.01138892859987587,-1.570165444709389,0.2744637784939539,-3.2717051674899134,-3.209541569398842,-86.82154937086536
220.0,-2.309792160760584,0.011330946529865268,-1.570233778662149,0.28917676222635846,-3.28636352995586,-3.224961653370985,-87.65693990468684
221.0,-2.3248705097874462,0.011319283559658824,-1.570264507411699,0.3063524099889848,-3.303458100290205,-3.240011138531531,-88.49895430797915
222.0,-2.3411087447871073,0.011348947976278567,-1.5702854910652821,0.31157400103657656,-3.3187457752994227,-3.2500551217746554,-89.34818707801756
223.0,-2.3550205464617573,0.011339466002455972,-1.570274985153865,0.32484046126425165,-3.3355195273636085,-3.265210235645995,-90.20357873683292
224.0,-2.3700812907469224,0.011331279659101384,-1.5703038119719113,0.33366457366053104,-3.3535310602697352,-3.279976474372858,-91.0655366321849
225.0,-2.386367124613386,0.011297878581842618,-1.5703187995052528,0.3482459903012417,-3.3683041407398004,-3.289378390270153,-91.93446621145907
226.0,-2.4035478769187706,0.011293078584166942,-1.5703236012292008,0.3653663533991484,-3.377606181117286,-3.3033308031674355,-92.81063443936863
227.0,-2.4171967706432107,0.01138669998857684,-1.5702829851190663,0.3679681128927857,-3.392465989944808,-3.3201674220389275,-93.69285869071355
228.0,-2.431935943512703,0.011330837669305916,-1.570315210125314,0.37377090801850016,-3.402103503581963,-3.3317490529352294,-94.5812993538547
229.0,-2.4481300399667134,0.011307016847530734,-1.5703288580367782,0.3810133763590929,-3.4146136695387486,-3.347519600502457,-95.47655654921113
230.0,-2.463884744091325,0.011305297934827194,-1.5703207753528778,0.392147090172152,-3.4308304861459664,-3.3623481047734094,-96.3784337338891
231.0,-2.4790633689660044,0.011306156815545499,-1.5703182756579879,0.40607177051599924,-3.448621963975248,-3.3795174909336945,-97.28661526072787
232.0,-2.4952810641905017,0.011325606413307352,-1.5703284025095627,0.410072299677663,-3.4670642257857356,-3.3977008129302138,-98.20157416760946
233.0,-2.507298656800831,0.011337052495435249,-1.5702903933382808,0.4228370610179696,-3.4831224925099757,-3.416304384806127,-99.12156569614187
234.0,-2.520141970044472,0.011300285106565056,-1.5703246864848723,0.4382683655980542,-3.496096398683056,-3.4304172280547256,-100.04665947092705
235.0,-2.534983315047143,0.011301018128350337,-1.570345365836111,0.4473490189858025,-3.5124666131966484,-3.441554272828659,-100.97774447281833
236.0,-2.549464363597221,0.011297764593567156,-1.5703369310143611,0.45999233725662736,-3.5303211297641495,-3.456675206408851,-101.91466978414749
237.0,-2.565163184829578,0.01130916188697949,-1.5703476151985374,0.4628123769543041,-3.5390434161534303,-3.462127893766093,-102.85788809435927
238.0,-2.5819927624463745,0.011278282137376975,-1.570350589968645,0.4731901670732514,-3.5536989539524986,-3.475480925413039,-103.80775418382939
239.0,-2.5968423428878125,0.011294864064097949,-1.570325524875734,0.4885416637621765,-3.5607430509937164,-3.4901346060367326,-104.76340718600504
240.0,-2.6119714088532917,0.011189311560866567,-1.5665033766738885,0.4879419808983726,-3.5747171565432527,-3.5072458467199117,-105.72606300281257
241.0,-2.6232879331096233,0.011447353194827207,-1.5673679104555196,0.4910638278758624,-3.5915830060166263,-3.525405395471717,-106.6932140437682
242.0,-2.6362837564265513,0.011376564520233577,-1.5683786348814504,0.4887827846842453,-3.6096455416368642,-3.5439991865452622,-107.66518727604206
243.0,-2.6513421070639684,0.011307555303574893,-1.5690508290047291,0.48776783684000946,-3.6208794633928525,-3.55466742028546,-108.64278429987445
244.0,-2.665484625691567,0.01106356180308855,-1.5694588286864362,0.480676279992323,-3.631684030773919,-3.5700913886484535,-109.62575832671156
245.0,-2.6808827956843717,0.011051172218190205,-1.569781509640626,0.47897450091692495,-3.6471584677947333,-3.5775394422313207,-110.6145216015252
246.0,-2.697505428964837,0.011136287570276501,-1.5699712160783323,0.4710643885770324,-3.664641934456041,-3.589840821982996,-111.6096108477718
247.0,-2.71116319757026,0.010364103721728234,-1.570025829155635,0.4663745231563341,-3.682955178760222,-3.597335156382873,-112.60974244741047
248.0,-2.7256880443086864,0.010481995214531711,-1.5701932223925847,0.4620949122596095,-3.691701550982569,-3.611470784828367,-113.61522184756086
249.0,-2.741712260274045,0.010745672896322132,-1.5702470586901638,0.45933398851988166,-3.7063677647838147,-3.62839990162246,-114.62665519692739
250.0,-2.7587416791562105,0.010934126825946031,-1.5702752866964016,0.45467402235277043,-3.7128560664196804,-3.643321412450178,-115.64432893279988
251.0,-2.7747478332760585,0.011050598809738152,-1.57027929447477,0.45948595699566885,-3.725226048935684,-3.6602845006549556,-116.66782632835097
252.0,-2.786771247125599,0.011198452562206584,-1.5702595007383247,0.45570085739896343,-3.7393046958823555,-3.674762759908926,-117.6957800366568
253.0,-2.8003500124763736,0.01122111900505991,-1.5703051902688068,0.44607201675750285,-3.751657780243347,-3.685879818800217,-118.7285120161168
254.0,-2.814966230738833,0.011250477762512447,-1.5703174882242084,0.43104513348184165,-3.767774621025516,-3.6936009725190395,-119.766363212385
255.0,-2.830934905184166,0.011254938578697603,-1.5703281914327945,0.41373981781446495,-3.781269320810617,-3.7019929820860042,-120.80968008341046
256.0,-2.8479357837799455,0.01122046995981014,-1.570333815296124,0.4087722079461152,-3.7906506051505477,-3.716450185603128,-121.85877358073581
257.0,-2.8656067190532317,0.011204773741778022,-1.5703344280085092,0.41783412478211746,-3.805534889223672,-3.7304066519547665,-122.91388004411097
258.0,-2.8837013912950686,0.01124199323311364,-1.5703277447382147,0.427504716994284,-3.813915004925291,-3.7406811659148738,-123.97510910975063
259.0,-2.9015723849377295,0.011304381463139413,-1.5703143307474219,0.42686404144621926,-3.8258964698146385,-3.7540644176326348,-125.04229035437541
260.0,-2.919715352254662,0.011306236078427236,-1.5703137772818354,0.426457152663372,-3.8418965994682597,-3.7700468871784305,-126.11540148835466
261.0,-2.938123186984602,0.01129217665990601,-1.5703137110700065,0.4317169211378229,-3.856420344044081,-3.787729494032264,-127.194486360219
262.0,-2.9566966303404576,0.01133743653275112,-1.5703066945624937,0.42413124780191225,-3.8654779458233577,-3.8061259676655164,-128.27945671941703
263.0,-2.974679922655688,0.01130554631294897,-1.5703022192644074,0.4273244726752724,-3.8787594408607218,-3.8248176421894073,-129.37011026677578
264.0,-2.990655494098994,0.011330839147279876,-1.5702870136543863,0.4288557282969844,-3.8807574917771714,-3.843631584094446,-130.4657874914832
265.0,-3.0070224826689564,0.01135253598863893,-1.5702994273226347,0.4186163859734203,-3.8927399788554005,-3.8624959494732685,-131.56638233411786
266.0,-3.024233149023919,0.011335609274640545,-1.570307746723632,0.4054633915023258,-3.9087852020845726,-3.875469327873863,-132.6720095864696
267.0,-3.042034486225804,0.011316290834647982,-1.5703098096501902,0.3926224383168062,-3.919488687666544,-3.8848984870121708,-133.78274840228752
268.0,-3.05904108071785,0.011296759033601883,-1.570301883027608,0.3879674067896412,-3.9349099131767282,-3.899798841370737,-134.89840654897787
269.0,-3.075641578331065,0.01131620035019245,-1.5702985204602318,0.3788603283359166,-3.945252298674882,-3.917043182595232,-136.01872727204804
270.0,-3.089875545764846,0.011334637767096523,-1.5702805060837925,0.3700838129558224,-3.960527064593122,-3.922593787693019,-137.14298819591218
271.0,-3.103466692401003,0.011333866798424694,-1.5702895525776641,0.35813788636458105,-3.9779310845258578,-3.9359996336974614,-138.2708139701393
272.0,-3.1186002445031327,0.01131567541406867,-1.57031081821758,0.3421993809103602,-3.996215120577032,-3.936934948731096,-139.4024127919539
273.0,-3.1350536936822504,0.011302712461046537,-1.570317087324295,0.3245218221772585,-4.013393557018671,-3.935026219773239,-140.5380079114788
274.0,-3.1491402146265557,0.010228453221449031,-1.5694936566042847,0.3094518903608774,-4.031554266127946,-3.9447078374237567,-141.67691532634512
275.0,-3.1602509003685983,0.010429729306921359,-1.5697813477227538,0.2952585601611152,-4.046628937921615,-3.954043916871167,-142.81827917856373
276.0,-3.173353297399183,0.010679472444496282,-1.5699856996412667,0.28664735871828934,-4.063891489725949,-3.96030171805473,-143.9627006734182
277.0,-3.181851013542832,0.010966674414968191,-1.5700414322574576,0.272075414124672,-4.0724223035786995,-3.967638540867753,-145.10897177717618
278.0,-3.1927814674105672,0.011016997249832848,-1.5701736754216689,0.2631006245536876,-4.0663182249412335,-3.9769768209848184,-146.25772497583932
279.0,-3.204689633058743,0.011130792061576097,-1.5702209911128742,0.24838431444702358,-4.074579927436457,-3.9918415509188376,-147.40897050585227
280.0,-3.2187217351822266,0.010756784798699444,-1.5702602282918128,0.2407052597211694,-4.0890832895022005,-4.009071101667693,-148.56319020416493
281.0,-3.2294082420531427,0.010925872351869719,-1.5702596607641186,0.22649085362636606,-4.103645406678807,-4.0272805551065645,-149.71951337063138
282.0,-3.2420587224809503,0.011007008510994743,-1.570307694426097,0.21672925021921813,-4.120716001837717,-4.045894945609381,-150.87837563611382
283.0,-3.256894378912901,0.011106956285462698,-1.5703192356129567,0.20278527946574507,-4.1382643026840125,-4.063220504320941,-152.04010177129013
284.0,-3.273153434004702,0.011150394322003133,-1.570082629081534,0.1895270332321692,-4.150101688441215,-4.081444689996514,-153.2051070318199
285.0,-3.2891843009602995,0.011210620303163889,-1.5701410174722352,0.17998588912166036,-4.164941209006748,-4.088746094593371,-154.37331159927652
286.0,-3.3011242458749215,0.011283815580944646,-1.5701556988896337,0.17171107848975586,-4.182142829706815,-4.101723840580742,-155.54379369040183
287.0,-3.312002369739037,0.011318533862067598,-1.5701991254593664,0.15729968535327116,-4.195397887970769,-4.116090146384997,-156.71590272324295
288.0,-3.3247386235753003,0.011297781568842697,-1.5702545974844657,0.1402487021953534,-4.211883174045921,-4.133080017573132,-157.88974550913574
289.0,-3.339546731536861,0.011280097602683083,-1.570287957190222,0.1221152929299553,-4.228050961176947,-4.151189380628646,-159.0656433310647
290.0,-3.3520879019581202,0.011314333842150902,-1.5702670770269744,0.10353463067751441,-4.2418347281783495,-4.169762526363402,-160.24308949595778
291.0,-3.3661803766258163,0.011266247193572877,-1.5703065076864926,0.08901031734573638,-4.258557189270659,-4.1859180568147645,-161.4224214879957
292.0,-3.378746085619927,0.01130833251789027,-1.5702842604790324,0.07199804583774919,-4.276554116728791,-4.197629585786021,-162.60317608130734
293.0,-3.3903971020035977,0.011307575181264278,-1.5702886187024465,0.05496271815073771,-4.290502932134528,-4.212435479168351,-163.78507016080596
294.0,-3.4038290310746357,0.011284566544909159,-1.5703148198756733,0.036856589224134345,-4.307280955964216,-4.229622738613223,-164.96823788191335
295.0,-3.4181568067125965,0.011269651622446747,-1.5703213205801154,0.02077930769189456,-4.325303048056499,-4.241626387789785,-166.15292215397085
296.0,-3.433910881344919,0.011243680347027116,-1.5703347479890832,0.009033689728345918,-4.343841405276564,-4.257569691450956,-167.3396225845875
297.0,-3.450768684906375,0.011274605295205723,-1.570323402841282,-0.006299495178618554,-4.359544944410955,-4.2709249417993185,-168.52830036238703
298.0,-3.4683461192350076,0.011292188724348085,-1.5703131466545899,-0.023722355295681122,-4.377072080469046,-4.280090269036965,-169.7187960947877
299.0,-3.484934065985737,0.011314936499917477,-1.5702922003017215,-0.04200878440772098,-4.394501974994509,-4.294587029966971,-170.9107599787116
300.0,-3.5013167543615595,0.011313384653406715,-1.5702921981371727,-0.06065418081553627,-4.412081384260892,-4.311659492517788,-172.10397910324156
301.0,-3.517622527624879,0.011273301301083996,-1.5703059634458008,-0.07216636938921929,-4.430424263004848,-4.329803783775653,-173.2989042753803
302.0,-3.5346886633072083,0.011286490035552281,-1.5703067551238465,-0.08548611080412222,-4.447790394643921,-4.3483913416941,-174.4954976909476
303.0,-3.547233510277165,0.011362138378459433,-1.5702513834177634,-0.1020382855866193,-4.466030425363522,-4.367162200204306,-175.6927023225579
304.0,-3.559609075166801,0.011311433892770147,-1.5702887256609883,-0.11551669057309594,-4.48251216805591,-4.386008678694433,-176.8905520087304
305.0,-3.5654715431524147,0.011392151075648515,-1.570227767911116,-0.1320905102468148,-4.500370742203654,-4.404886614510764,-178.0877869062483
306.0,-3.569221112061817,0.011359069960105375,-1.5702604536216282,-0.14897188065543138,-4.518347929305217,-4.423777339704354,-179.28381543134378
307.0,-3.577335432005666,0.011271065936574322,-1.5703420031893849,-0.1670240745508811,-4.536862980694592,-4.440452822331097,-180.47911951055244
308.0,-3.589223212527893,0.011208193078106558,-1.5703839929657404,-0.1819002714865496,-4.540911393564114,-4.4568374680035605,-181.6747775712854
309.0,-3.6030671491940383,0.011225612775447013,-1.5703767548825676,-0.1990681948324416,-4.5537314330366145,-4.474513572638056,-182.87083615962783
310.0,-3.618585478845794,0.011188843659127713,-1.5703890095528203,-0.2091453123004454,-4.570121914484721,-4.492904167456572,-184.06812620751674
311.0,-3.632987276183249,0.011267910214614658,-1.5703396377814602,-0.22430759169148295,-4.587983624638967,-4.502042957203522,-185.26603435064982
312.0,-3.6485426985504827,0.01126323947246489,-1.5703467297173492,-0.24066936222699445,-4.606457740108727,-4.516865058975046,-186.46444039780732
313.0,-3.6652689925759594,0.01126621928228573,-1.570344505523195,-0.2585058167381124,-4.625181785113828,-4.534078126717365,-187.66330713408462
314.0,-3.68267291127519,0.011263780456671693,-1.5703415566433445,-0.2760604155362255,-4.637840014897002,-4.552280703858316,-188.86271190641284
315.0,-3.700591460109223,0.011270745800612601,-1.5703351995455443,-0.2943871668364365,-4.654055303041365,-4.56529533162831,-190.06255287730045
316.0,-3.718853435219957,0.011274062300852188,-1.5703306325919,-0.31305023979583646,-4.671845898654929,-4.581666665042291,-191.2627467436905
317.0,-3.7336136531254485,0.011311191413126507,-1.570293639482825,-0.33080171329745206,-4.690285563997627,-4.599518777863132,-192.4629128945179
318.0,-3.7457036638306347,0.010501602979621162,-1.5702581517310295,-0.34540004739066704,-4.704022610897546,-4.615502925724974,-193.66265290657702
319.0,-3.755435412423129,0.010585466392702707,-1.5703364714784287,-0.3570802129366356,-4.717769814980436,-4.633155053265346,-194.8622538031179
320.0,-3.76763117650399,0.010762746944535492,-1.570383029692323,-0.36542559004195757,-4.732161175593723,-4.651537940963282,-196.0624530481075
321.0,-3.781836483245286,0.01090668199054105,-1.5703922992578467,-0.371633727795543,-4.749157411318653,-4.67022412035016,-197.2637583913371
322.0,-3.7959220248004835,0.011080788576123119,-1.5703523825831875,-0.38522133543565,-4.765207561319909,-4.689035710643628,-198.4653488934431
323.0,-3.8113803214784685,0.011124493154704661,-1.5703677293656635,-0.39858910384816204,-4.780868462307245,-4.702307842896515,-199.6672371727213
324.0,-3.828044746996972,0.011179303123627863,-1.5703619512794706,-0.41514557980430977,-4.790398387103068,-4.718785732025486,-200.8691214997459
325.0,-3.8454966294738244,0.011207529240628587,-1.570359099209475,-0.43308363714488163,-4.803698113482041,-4.727068869996244,-202.07085825205098
326.0,-3.8634554397411422,0.011219207096701288,-1.570359031167407,-0.45092875882085326,-4.820256143142679,-4.737438657683128,-203.27246493860213
327.0,-3.8817419060530787,0.011214447291187911,-1.5703641507995316,-0.4663218079624717,-4.838189115327608,-4.747297806000248,-204.47421689837248
328.0,-3.900245031153318,0.01124060701165683,-1.5703537415936761,-0.48371780653269614,-4.850704478621648,-4.759571714618693,-205.67580418275057
329.0,-3.918884988673901,0.01121574320989746,-1.570366693862714,-0.49638770917569036,-4.866864083441425,-4.775487588906166,-206.87774380661696
330.0,-3.9376089096016065,0.011170924788563961,-1.5703883083905632,-0.4979552246275325,-4.881524418976697,-4.7887070537014065,-208.08130987119478
331.0,-3.95330641468221,0.011298791552421082,-1.5703139949534377,-0.5092301813133054,-4.898034459279978,-4.8051826955172405,-209.2852654377756
332.0,-3.9659970622546212,0.011320879709459499,-1.5703023217336074,-0.522387746697445,-4.9159378178658235,-4.819849821517247,-210.48901704763534
333.0,-3.980215074695061,0.011282679935829343,-1.570344935316121,-0.5388826441227375,-4.929730636581101,-4.835037747852682,-211.69209818958217
334.0,-3.9960710777302264,0.011250533596581003,-1.5703710785790088,-0.5567951525083786,-4.944681793841397,-4.852369112880288,-212.89445164494842
335.0,-4.012995219533787,0.01123149533236095,-1.5703842390059615,-0.5752906428048444,-4.961919597649024,-4.870477316082735,-214.09611648751502
336.0,-4.030611768602923,0.01121865572144455,-1.5703914201894906,-0.5935308748541203,-4.980132981806928,-4.882386136419889,-215.2971732011171
337.0,-4.048619928736035,0.009826347861085228,-1.5646118863188465,-0.6103997464015858,-4.9923661623237905,-4.89829376092178,-216.49980408982503
338.0,-4.066994968976057,0.010140374386518238,-1.5615269988356415,-0.6169060407724867,-5.0057589815213905,-4.91595393771407,-217.70479892881218
339.0,-4.085683630673537,0.007140934618478298,-1.5640552743181475,-0.6214399657443788,-5.0223401390753475,-4.934341225513438,-218.90849554584238
340.0,-4.104259635415644,0.007742205766824917,-1.5664111445123992,-0.6345243566412688,-5.032034197364018,-4.941972079784166,-220.11080785499644
341.0,-4.123010235432924,0.008946812863592599,-1.5677172644985413,-0.6509571126267694,-5.047065702441543,-4.9548195815107485,-221.3123606451309
342.0,-4.141816220135159,0.009741838981055507,-1.5685932210486453,-0.6688445008048436,-5.064065145543624,-4.969666300065534,-222.51304625356306
343.0,-4.1591151195195595,0.010271931013487463,-1.569169855883253,-0.6873296410298783,-5.082174566082301,-4.984326992778823,-223.71278336676866
344.0,-4.176160055697196,0.010595561592667422,-1.5695784569404125,-0.7060660857805003,-5.088267900481007,-5.001430364895198,-224.91098830072727
345.0,-4.191158396725557,0.010823858214223341,-1.569835443234159,-0.7248999452166521,-5.099103743029684,-5.019586447349684,-226.1077590514123
346.0,-4.2070542470985,0.010909601250131611,-1.5700595435061504,-0.7407520097501857,-5.112586849897101,-5.037846181881932,-227.30352715041704
347.0,-4.222851443956327,0.010973420582467471,-1.5701970725420293,-0.7515993064498264,-5.129213681043099,-5.052622088011293,-228.49907146477668
348.0,-4.237748055251046,0.011071247695113995,-1.5702576905562187,-0.7651006290349747,-5.147175007350584,-5.0697511488799645,-229.69419518740293
349.0,-4.253711031154584,0.011107993259546192,-1.5703240944899417,-0.7814336266440671,-5.161451765080459,-5.087917243061292,-230.8883453126341
350.0,-4.27038982496348,0.011129327207068981,-1.5703660660184855,-0.799273501477984,-5.1749374180370635,-5.1065137870091695,-232.0812763959373
351.0,-4.287785522294417,0.011101354961064456,-1.5704178818344119,-0.8120684340912684,-5.189138766634771,-5.125288281220423,-233.2735651092474
352.0,-4.305690852911996,0.011017893235432143,-1.5697804648776785,-0.8120130315179186,-5.205406921303239,-5.144136375389977,-234.46711140813056
353.0,-4.323989151166535,0.01118474814992107,-1.5699274064825015,-0.8231411607371231,-5.223209878263039,-5.152873430891903,-235.66049452266572
354.0,-4.340485063168985,0.011203349817932244,-1.5700781747828383,-0.8343563145747798,-5.240778088297641,-5.164002670814759,-236.8535261002007
355.0,-4.35745188780239,0.011089880979546557,-1.5702606617905195,-0.8295604635869867,-5.2591137956551615,-5.1738848872964045,-238.0479741268737
356.0,-4.372716145936389,0.008748582047302287,-1.5701226951089673,-0.8386655764649756,-5.277782784216438,-5.188957060999613,-239.24167021415428
357.0,-4.384662734444383,0.009071694226950807,-1.5703781582223297,-0.850560648992489,-5.296582615497519,-5.206272064268863,-240.43500963252254
358.0,-4.3983692567515735,0.009785239421033112,-1.570416493644797,-0.8664796135509772,-5.315445498920971,-5.217167050076562,-241.62787455515317
359.0,-4.4089079320097,0.01026855560093262,-1.5704115359077653,-0.8761022406232207,-5.334328340899504,-5.232671336203289,-242.8209219085367
360.0,-4.417379703320982,0.010585197018005822,-1.5704214891380484,-0.8845913148670526,-5.3532225444954395,-5.246996764695226,-244.01428222192752
361.0,-4.423546767357687,0.010807361199308606,-1.5704191185629086,-0.8942777265672333,-5.371759659179525,-5.256715410506858,-245.2078360681111
362.0,-4.428415338622955,0.010950052597491398,-1.570426679102579,-0.9077253566675471,-5.383644042261577,-5.271738118928475,-246.40072610533554
363.0,-4.437333380038746,0.010921725021744304,-1.5705252928102338,-0.917734329204912,-5.3995482183025905,-5.289033030224294,-247.59338668016633
364.0,-4.444964244355203,0.011008354370553655,-1.5704998429266501,-0.927923340414184,-5.417209265297306,-5.307269417321793,-248.78608700633663
365.0,-4.455732145341207,0.008855743724870212,-1.5704432617513675,-0.9364755154490617,-5.435600306896717,-5.325894982278443,-249.9782058441865
366.0,-4.468014381538736,0.009172059831698007,-1.5706156167446055,-0.9510663351872114,-5.454285596469118,-5.3446815852149205,-251.1698298296991
367.0,-4.4763280322757355,0.009911417760997375,-1.5705182698482956,-0.9681416355369191,-5.473098624015301,-5.357571530637973,-252.36116440794092
368.0,-4.48727904123746,0.010289565050621344,-1.5705549496330222,-0.9863142461916136,-5.491479414917939,-5.372408052376354,-253.55180961877716
369.0,-4.499377052160783,0.010452460249850262,-1.5706150307043585,-0.9845018711297088,-5.503589423780819,-5.389600281373664,-254.74317396819418
370.0,-4.510280507366424,0.010762788553021372,-1.57052457766797,-0.9938233045691984,-5.51958261905189,-5.407793347247553,-255.9346351806948
371.0,-4.523394115051113,0.010881152708397413,-1.5705340910960746,-1.0087748416584208,-5.5372806314745,-5.426401098282592,-257.1255303260433
372.0,-4.536168877677106,0.010951198045231049,-1.570531091643286,-1.0215853357597708,-5.550531976060793,-5.445180268139798,-258.31568969564876
373.0,-4.548155066526455,0.011025531608786299,-1.5705136775305224,-1.0378927665954365,-5.567009888814234,-5.462057388347184,-259.50505645690873
374.0,-4.562109564969162,0.010999085224298755,-1.570372599149208,-1.0528885917412336,-5.5812224975343065,-5.470465283711453,-260.6934922100058
375.0,-4.577802898487625,0.011032425261493032,-1.570427630311057,-1.070121960494592,-5.594112818576669,-5.484990605644915,-261.8805133695412
376.0,-4.592969396280888,0.011059713458173354,-1.5704554031882367,-1.088337394666166,-5.610460139668664,-5.496857167965817,-263.06629799743934
377.0,-4.607414144898016,0.009434396913427566,-1.570395649576064,-1.1069407069445123,-5.628306551331291,-5.504013793005645,-264.2504584911268
378.0,-4.622871607418016,0.009611032758554296,-1.5705865781747093,-1.1257774717505986,-5.646569502403269,-5.504954619425665,-265.43339310630387
379.0,-4.639527330885331,0.010086708530132866,-1.5705920947592868,-1.1422864806149509,-5.665205333719219,-5.514650850694524,-266.6154827196606
380.0,-4.656975364334671,0.010431000065034873,-1.570576217406833,-1.160157214427516,-5.6839963050965885,-5.529716177457669,-267.79650067080183
381.0,-4.674331664323983,0.010651741184207647,-1.5705672601651295,-1.1768186540261538,-5.696182130839121,-5.547030126446723,-268.97590043216286
382.0,-4.690483109883265,0.010813925458551385,-1.5705480937040244,-1.1947638641657419,-5.712205656304783,-5.565274408067224,-270.15390700354607
383.0,-4.705707353696673,0.010894702812703657,-1.5705559303815417,-1.2113935224663475,-5.72991623716132,-5.583903300510289,-271.33079147027763
384.0,-4.71928795406211,0.01096871089835857,-1.5705460480806415,-1.2293237238803225,-5.74706043961819,-5.602691175509279,-272.5065156031392
385.0,-4.72959105481297,0.011020968681406649,-1.5705352796820407,-1.2462198463397487,-5.7567629066154336,-5.621544778965203,-273.68076726435584
386.0,-4.7420892417742495,0.010944541436910949,-1.5706220567125997,-1.2576270868526962,-5.771797756756086,-5.640425496250256,-274.8541874698483
387.0,-4.756822795753236,0.010914453498373838,-1.5706587951474016,-1.2635898347561827,-5.786519310212992,-5.655012406909729,-276.027028948255
388.0,-4.771113450453649,0.011000789096211513,-1.5706032858496546,-1.2770444970406483,-5.8008081531038655,-5.669089980830722,-277.198712386635
389.0,-4.786683725145224,0.01100100382744931,-1.5706139949603357,-1.293713604863349,-5.817752516843052,-5.672835866918498,-278.36897300016193
390.0,-4.801229946698848,0.011023610169718054,-1.5705978344965628,-1.3116931905250282,-5.83406980853084,-5.6764088077571575,-279.5377185913327
391.0,-4.815790961634536,0.011010620186608066,-1.5706126822464053,-1.3302236363958422,-5.851871445017906,-5.681823439225961,-280.70497802678403
392.0,-4.831672787114716,0.010980238734181145,-1.5706404713207316,-1.3482637128728006,-5.870316833823919,-5.688123174255068,-281.8706608234743
393.0,-4.8478426193077455,0.01096917945125364,-1.5706490056269036,-1.3643265528016648,-5.889029192458313,-5.701743543256101,-283.03486657669794
394.0,-4.864796479377013,0.010971840136324167,-1.5706497171557643,-1.3817877282319297,-5.906547458944316,-5.71845905209298,-284.197257355376
395.0,-4.8824214390334575,0.010971107494014087,-1.5706516241270159,-1.4000949124094402,-5.924853680481612,-5.734974013549937,-285.35767966550566
396.0,-4.895335126108769,0.011009319802344424,-1.5706140745757322,-1.413465102002201,-5.943509446588293,-5.75054973041457,-286.5170433669639
397.0,-4.902982234309704,0.011066689440422006,-1.5705703607828527,-1.429988848977374,-5.9623084608001,-5.760351407556154,-287.67580651909407
398.0,-4.911958362107856,0.010951262971732633,-1.5706715509649838,-1.4382489770662075,-5.981162917638095,-5.775415082786085,-288.8343050213069
399.0,-4.921747461334314,0.010923824389616366,-1.570694691524167,-1.4435167731455292,-5.998453324356151,-5.786442293263613,-289.9925432304537
400.0,-4.931878944656641,0.010965071171563711,-1.5706666905670856,-1.4567434229437541,-6.012488280992206,-5.801983153923908,-291.1496601097935
401.0,-4.944650665118774,0.010918664529988535,-1.5707094296580613,-1.470199452628409,-6.024764768620352,-5.819491726092059,-292.305034672709
402.0,-4.957553014067857,0.010938620547720466,-1.5706922270113497,-1.486791656347719,-6.040850933118694,-5.837816426822522,-293.45870365650745
403.0,-4.972206378986468,0.01089388938737961,-1.5707302764296602,-1.500166066591954,-6.058586455713013,-5.856478566072567,-294.6106889660125
404.0,-4.988341561661641,0.010873737269331761,-1.570744798581263,-1.5097066897740385,-6.077006098307818,-5.864369528253397,-295.7610254897027
405.0,-5.0054561409124245,0.010913487688109886,-1.5707124710206,-1.5246471595249564,-6.095708338711461,-5.878703677882386,-296.9091791979332
406.0,-5.023191208659694,0.010926516674297594,-1.5707019671664975,-1.541921520720302,-6.114525758776628,-5.890610332020162,-298.05478412041003
407.0,-5.041330292896717,0.010924449140207544,-1.5707032885685395,-1.559204911896812,-6.133391041229144,-5.905155401611451,-299.1976640625752
408.0,-5.059675283863413,0.01089798585363206,-1.570723590914069,-1.5705972689391077,-6.152276303884675,-5.92076096610158,-300.3380344025183
409.0,-5.077404527780281,0.010928311599005787,-1.570449491827811,-1.5862928511412866,-6.170108278437916,-5.937110703984914,-301.4756625383184
410.0,-5.0949623173285215,0.010900261280239095,-1.570555273842274,-1.591913645153869,-6.1885473337626395,-5.951557258157965,-302.6109932264676
411.0,-5.111767637679978,0.009250512745462656,-1.5704918253037323,-1.6021479888428807,-6.207259773398639,-5.968557728722835,-303.7434935389166
412.0,-5.129049402549169,0.009469886984291336,-1.5706753799499118,-1.6174664277495365,-6.226076795499206,-5.986671002697318,-304.87299716698305
413.0,-5.139287292837409,0.010071284177679067,-1.5705943972006084,-1.6348525817632504,-6.244948270511082,-6.004085118473364,-306.00076351458836
414.0,-5.151282604725564,0.010306150867758894,-1.5706912893349734,-1.648956201677204,-6.255127809928505,-6.014346591258207,-307.12603584264485
415.0,-5.164588812468939,0.010501111878100728,-1.570714243314679,-1.665796425263871,-6.270364032032513,-6.029603022983821,-308.2486234303856
416.0,-5.178259795564301,0.010619719799268295,-1.5707380281433145,-1.6804064094585807,-6.27794023180497,-6.043314342478787,-309.3680639416175
417.0,-5.191866788262699,0.01069556315368782,-1.5707550922634568,-1.6918027005699077,-6.281029483777988,-6.060006327051087,-310.4842315464117
418.0,-5.20499638854591,0.010760187758197308,-1.5707534293098449,-1.702877491723454,-6.282298118528438,-6.068178076153278,-311.5971024732917
419.0,-5.217621899668704,0.010783212123041548,-1.5707691835673203,-1.7092800940130068,-6.282818392645996,-6.082609113825536,-312.70694779879733
420.0,-5.232093862881093,0.010813702372815268,-1.570767070031955,-1.7229798282908206,-6.2830311233919485,-6.099660722849127,-313.8129712690715
421.0,-5.246975451994337,0.010836993603798457,-1.5707626056175819,-1.7397401478790517,-6.283118611719421,-6.113277455346394,-314.91483983613887
422.0,-5.261753334948681,0.010845556935794465,-1.5707667063241133,-1.757764396715974,-6.283153898549976,-6.124071447014146,-316.01246144624406
423.0,-5.277750966693532,0.010824241746408343,-1.5707938881267043,-1.77538810836447,-6.283166988531266,-6.139147657774251,-317.10555558394424
424.0,-5.294762347050734,0.010819910433250599,-1.5708024081818772,-1.7937474383912673,-6.28317231411182,-6.1554313814672765,-318.1938220900224
425.0,-5.309375814442001,0.01082724612927064,-1.5708001253666815,-1.8038122456792387,-6.283175751949339,-6.173231987769141,-319.27814693942196
426.0,-5.32385445181291,0.010805537586744535,-1.5708218465394646,-1.8079934419784478,-6.283175638025102,-6.188456594299637,-320.3588549074031
427.0,-5.339705991154573,0.010828133856646095,-1.5708001359893984,-1.8208080375716158,-6.283175837875203,-6.201921520603482,-321.4352033168197
428.0,-5.356614766980419,0.010828488387306946,-1.5708009642453693,-1.8372074729780123,-6.28317514226968,-6.218507288240428,-322.50669428435987
429.0,-5.374229479446093,0.009969413576318262,-1.5707657751593875,-1.8550761504908544,-6.283174941984201,-6.2254979882178825,-323.57291017334217
430.0,-5.392257900342943,0.010064603483675912,-1.5708560213314187,-1.8701585408888735,-6.283172893001022,-6.239464752598198,-324.6339405491378
431.0,-5.406824445917236,0.010366560518291367,-1.570804206948609,-1.8838506231163064,-6.283174997241169,-6.254385133022269,-325.69069589803496
432.0,-5.421797549363882,0.010517003075422875,-1.5708153033726713,-1.900552213262287,-6.283172705148468,-6.271309657163881,-326.7429420468701
433.0,-5.438052839303677,0.01059818026656449,-1.5708378245444663,-1.9176305604749544,-6.28317105033937,-6.278308033269786,-327.79029093171823
434.0,-5.455231373212624,0.010658015015729567,-1.5708461702802863,-1.9357655419415913,-6.283170220891566,-6.28118184994272,-328.8324205334619
435.0,-5.465063484052115,0.010784475009550754,-1.5707768529465775,-1.9496486678712597,-6.283173731894321,-6.282362442719702,-329.87129755255114
436.0,-5.476788248341597,0.010744203831228137,-1.5708422017749,-1.9664207227456472,-6.283168633865412,-6.28284748323105,-330.9064179196708
437.0,-5.4910067357990116,0.010720402387572384,-1.5708800626655435,-1.984446418266046,-6.283166777804447,-6.283046747891279,-331.93704808050603
438.0,-5.506858095902729,0.010714527811020847,-1.5708971569850811,-2.0029885740312023,-6.283166067713503,-6.283128618366763,-332.9627072477214
439.0,-5.522339089278723,0.010721273990228857,-1.5709026334388596,-2.01669103659525,-6.283166409764117,-6.283162209861113,-333.9836260243484
440.0,-5.534713239322588,0.01077842118978157,-1.5708539241531554,-2.033349134253949,-6.283167749672019,-6.283176033551749,-335.0005029437389
441.0,-5.542652743882022,0.010800865682094728,-1.5708433072699015,-2.045451564122221,-6.283167756207988,-6.2831816621457826,-336.0146798674349
442.0,-5.552201120759169,0.010751393866889059,-1.570888030565939,-2.0614543152558604,-6.283164182971456,-6.2831840198561215,-337.0256611134426
443.0,-5.564802937498479,0.010702850009998642,-1.5709324357034256,-2.0791667736730908,-6.283162014954914,-6.283184995785985,-338.03254098116844
444.0,-5.579599493945218,0.010683371638981372,-1.57095117552286,-2.097579153240223,-6.2831613325257525,-6.283185410060005,-339.03466334443306
445.0,-5.592953193617954,0.010709935928494528,-1.5709314429154464,-2.1136089548740964,-6.283162460210219,-6.28318555927892,-340.0324500736043
446.0,-5.607785169443431,0.010683155443697743,-1.5709585457323527,-2.127722314473561,-6.283160867642625,-6.28318560803029,-341.0255746382871
447.0,-5.624026706938094,0.01066133871360363,-1.5709825205643166,-2.1336148900707212,-6.2831602955024906,-6.283185653723473,-342.0138546990348
448.0,-5.637691751073914,0.010733350588863122,-1.570905535834037,-2.1471201555422907,-6.283162944855897,-6.2827996945871645,-342.9977322426968
449.0,-5.649538121377284,0.01074681248166254,-1.5708940827999016,-2.1638091865244204,-6.283161971048369,-6.283033876504651,-343.9776261114004
450.0,-5.663347837086075,0.010695273256070817,-1.570945127243841,-2.1796598007205277,-6.283159056714733,-6.28312311808539,-344.95301962558284
451.0,-5.677681896498533,0.010692249386072192,-1.5709465800108333,-2.1972606833762356,-6.283158694329412,-6.2831599868455665,-345.923671967754
452.0,-5.692562227069188,0.010671152312477195,-1.5709745420307766,-2.2086229510101894,-6.283157870928939,-6.283175092408966,-346.8895705617747
453.0,-5.708176394271092,0.010676719027373,-1.5709618802867227,-2.224316467571157,-6.283157806200659,-6.283181309934722,-347.85037165531014
454.0,-5.720814077382819,0.010720346442454752,-1.5709226385029333,-2.2418943823495336,-6.283158758358891,-6.2831838741348776,-348.8068436681261
455.0,-5.734995277615301,0.01067353937565098,-1.5709707617936026,-2.258031211012681,-6.283156016486931,-6.283184928987701,-349.75861624171506
456.0,-5.745155541351348,0.010726301634722463,-1.5709216355200437,-2.2757408659449543,-6.283157559317671,-6.283185372264278,-350.70677578779714
457.0,-5.752151969196482,0.01073113691064163,-1.570921285499355,-2.2941604121830275,-6.28315641604063,-6.283185558645403,-351.65230288579505
458.0,-5.753178216370172,0.0107556042595949,-1.5709133892893499,-2.303559687597437,-6.283156447922665,-6.2831856236722485,-352.59718674674417
459.0,-5.758984801303063,0.01063724691632283,-1.5710161097597037,-2.314702283375108,-6.283151949914215,-6.283185581810096,-353.5401143916958
460.0,-5.769348272403985,0.010585500695762303,-1.5710537420629946,-2.3294368695368117,-6.283151015738826,-6.28318560682649,-354.4795770012081
461.0,-5.782685830077658,0.010572228137817968,-1.5710629480308769,-2.3466045006302463,-6.2831509365601255,-6.283185640029975,-355.4145743310487
462.0,-5.797960642543547,0.010576074247758471,-1.5710604720807235,-2.3647928578021262,-6.283150927657174,-6.283185668885827,-356.3444542881456
463.0,-5.812396437829464,0.010612265511670308,-1.571029995266812,-2.3833989109749534,-6.283151635783113,-6.28318568624823,-357.2694101678858
464.0,-5.825273404762763,0.010631160547748661,-1.5710248869590189,-2.396019324744668,-6.283151572885454,-6.283185647800425,-358.1900233535739
465.0,-5.839820448854223,0.010608546239825867,-1.5710388416469356,-2.4105814940636545,-6.2831503694003,-6.283185646212867,-359.10577460431733
466.0,-5.85214977607004,0.01064749027753192,-1.5709989716652997,-2.4276596084735487,-6.283151221047415,-6.283185652760306,-360.01723476141416
467.0,-5.859693893530945,0.010683378762256482,-1.5709847145725149,-2.434492046696023,-6.283151272875293,-6.283185676938044,-360.9260645073517
468.0,-5.870195783962076,0.01061459257159395,-1.571030536507047,-2.4484097281740094,-6.283149013234124,-6.2831856037832,-361.83134240648997
469.0,-5.883615188509313,0.010581029761557992,-1.5710555567800522,-2.4652596581029433,-6.277853028981451,-6.283185639091494,-362.7319625848444
470.0,-5.898935321642352,0.010567867153457955,-1.571080174852564,-2.4769259922520037,-6.281059205570432,-6.283185609315239,-363.62748075515657
471.0,-5.915511895959901,0.010575523194857833,-1.5710622858608987,-2.492734916168748,-6.282289585642882,-6.283185637121645,-364.5173660054766
472.0,-5.928108816888409,0.01064141850145913,-1.571002673882856,-2.5103592293846804,-6.282796763701877,-6.283185650661404,-365.40277305291204
473.0,-5.942158122276382,0.01060185444280855,-1.5710424980459852,-2.5287474736133504,-6.283002109358923,-6.283185676728637,-366.2833125788251
474.0,-5.954655068824068,0.010621895162097087,-1.5710264977834423,-2.547434320871513,-6.283087438588578,-6.283185690114689,-367.1594096186573
475.0,-5.96832091793731,0.010592537905183143,-1.5710560641609113,-2.5662544170092327,-6.281667897534701,-6.2831857033961995,-368.0307099014019
476.0,-5.983719828753865,0.010572408717661809,-1.5710759205715035,-2.585124274468354,-6.2825614208792695,-6.28318570386464,-368.8966439859539
477.0,-6.000334079857667,0.010567676410551825,-1.571091900526235,-2.5977722622092747,-6.282904588120759,-6.28318566361675,-369.7568268498288
478.0,-6.01775056474788,0.010570252474141336,-1.5710452575806724,-2.613981916003014,-6.283046112630479,-6.28318566390085,-370.6109125388302
479.0,-6.035682958283898,0.010577711953018536,-1.5710460937793727,-2.631776982374824,-6.2831038442734775,-6.2831856689819885,-371.45867120395064
480.0,-6.051375746622069,0.010612238173795403,-1.571022811403947,-2.6502223704376946,-6.28312784258027,-6.283185681993979,-372.30078668612504
481.0,-6.067784085406358,0.010592568218233695,-1.571061594507188,-2.66135562826221,-6.28313631580951,-6.2831856653196265,-373.13711666490445
482.0,-6.085064360702061,0.0105813106871762,-1.5710601860554292,-2.6762175391635283,-6.283140428955199,-6.2831856410292755,-373.9672911966408
483.0,-6.1013012545021175,0.010596542966746007,-1.5710439386087673,-2.693441488285631,-6.283142094943118,-6.282923818665986,-374.7915909926267
484.0,-6.118217494060045,0.010581152043487073,-1.571060461208729,-2.7116565449277057,-6.283141789984293,-6.283082715902724,-375.60978779069603
485.0,-6.135004992200444,0.010583887543284497,-1.5710608553250702,-2.7302758374312686,-6.2831416387722525,-6.2831432679144035,-376.4218741134127
486.0,-6.152402265363238,0.010574635923892491,-1.571072096585235,-2.749063432568141,-6.283141089780585,-6.283168275425648,-377.22762448657664
487.0,-6.164532943944794,0.010638155064792917,-1.5710180237483697,-2.7678097010226326,-6.283141856588248,-6.283178540254538,-378.02877713416524
488.0,-6.1781324020485044,0.010582357183448288,-1.5710721624300534,-2.78665382120416,-6.283140127611756,-6.283182764549631,-378.82496523259624
489.0,-6.19357198572176,0.010555615247427907,-1.5710993944792822,-2.8041623125866217,-6.283139509035201,-6.283184489972991,-379.615490454287
490.0,-6.21022119470495,0.01010063046529763,-1.5710962151913315,-2.816048919153611,-6.283139268293428,-6.283185155136885,-380.3999424374321
491.0,-6.224885878614568,0.010204144234679259,-1.5711016750743216,-2.8206899579470184,-6.283140045841525,-6.283185468717313,-381.1789381873988
492.0,-6.2368609807131,0.010350459222877185,-1.571063599710328,-2.829685531677564,-6.28314105426719,-6.283185462671755,-381.95340988056404
493.0,-6.250669043540462,0.010391372346462304,-1.5710957844861209,-2.8404180003831243,-6.283140081097961,-6.28318551568219,-382.7227708836357
494.0,-6.261792698777661,0.010475954020435958,-1.5710580992813685,-2.8558744624041297,-6.283140306492555,-6.283185576252063,-383.4878585482968
495.0,-6.2692367515921354,0.01053907488059231,-1.5710468035974854,-2.868793948592952,-6.283139810880284,-6.283185589103622,-384.2500416771216
496.0,-6.274092279747814,0.010555273109589884,-1.5710481325950276,-2.885143910161338,-6.283139304012298,-6.28318562587207,-385.01029941764824
497.0,-6.277256538790589,0.010556534990385886,-1.5710645471002807,-2.9027308654582558,-6.2831385280452245,-6.2831856497586465,-385.76927390804394
498.0,-6.27933600369827,0.009225728417678589,-1.5710345601743743,-2.9204903459799882,-6.28313743454652,-6.283185646598129,-386.52752601140975
499.0,-6.280648701878038,0.009440415582488811,-1.5711563013493721,-2.921684800013924,-6.2831373272455835,-6.2816656613006465,-387.28526523192056
500.0,-6.281534601516214,0.009801448862611754,-1.571132272249284,-2.9327304142325765,-6.283138567925706,-6.282587828833362,-388.04257025395947
501.0,-6.282108702026368,0.010059245669338001,-1.5711383996390942,-2.9369375787854475,-6.28313778879225,-6.2829393207954825,-388.79960335553267
502.0,-6.282482982023421,0.010223104272848484,-1.5711418050991084,-2.9346449593118513,-6.283137854536116,-6.2830844454259624,-389.5564821644114
503.0,-6.282726917760283,0.01032621939683361,-1.5711431391511248,-2.926537812014836,-6.283138473739424,-6.283143980235961,-390.31328996920075
504.0,-6.2828905723544235,0.01036546630874865,-1.5711217097803731,-2.9343700519928846,-6.283139820737287,-6.283168334246706,-391.0699959117933
505.0,-6.282990842619879,0.010426135409727201,-1.5711397445672373,-2.9311248329554784,-6.283138305472433,-6.283178549005588,-391.82667009022765
506.0,-6.283056741835817,0.010460715659973767,-1.571147257248995,-2.9187574559369747,-6.283138823829052,-6.283182601873244,-392.5833682139658
507.0,-6.283105228857237,0.01045412849844433,-1.571125600644829,-2.9204665616840213,-6.283140396215657,-6.283184149675368,-393.3400415457984
508.0,-6.283131683256941,0.010476378861759256,-1.5711365277588876,-2.915256005634239,-6.283139115183781,-6.283185018452591,-394.09672434194897
509.0,-6.283153675610894,0.010466396224629856,-1.5711215737791837,-2.923761570886138,-6.283139924136792,-6.283185206319984,-394.853363936375
510.0,-6.283161847728583,0.010491889251949887,-1.5711416043811,-2.9205107778650357,-6.283138352997262,-6.283185485975315,-395.6100112228399
511.0,-6.283171745911583,0.01048446403250901,-1.5711325984128037,-2.9246214831747825,-6.28313941541796,-6.283185389087719,-396.3666380373164
512.0,-6.283177417238443,0.010482556473748336,-1.5711311478802041,-2.934013935179703,-6.283139052023161,-6.283185451947716,-397.12322196519244
513.0,-6.283180789720689,0.010481147460106302,-1.5711323616150084,-2.948936278507431,-6.283138356624065,-6.283185538359281,-397.8797376897813
514.0,-6.283179907722182,0.010501010604576064,-1.5711495077156763,-2.9542592115834436,-6.283137270405708,-6.2831856233280785,-398.63622619617087
515.0,-6.283179889128547,0.010511777328312695,-1.5711573143386262,-2.9498071726107913,-6.283137387195877,-6.283185626293623,-399.392733196482
516.0,-6.2831818745062495,0.010504888391960189,-1.5711509748252193,-2.944678812506665,-6.283138469830612,-6.283185526895251,-400.1492634007525
517.0,-6.283183631791181,0.010497394924381438,-1.5711442274211525,-2.941295915680939,-6.283139103571429,-6.283185463483279,-400.90580910748304
518.0,-6.283185966594725,0.010485148770799297,-1.5711343162451874,-2.94635330420312,-6.283139601597203,-6.283185386623814,-401.6623327571675
519.0,-6.283184405383913,0.010496787373149923,-1.5711438382563467,-2.9448795962094696,-6.2831384371025365,-6.283185535603216,-402.4188621045421
520.0,-6.283186359583992,0.010485124886999625,-1.5711349409368651,-2.9517849841669923,-6.283139148785081,-6.283185431979543,-403.17536073037655
521.0,-6.2831864867646035,0.010483246471800002,-1.5711355965921205,-2.9631828259784707,-6.283138539582649,-6.283185494624434,-403.93180640739274
522.0,-6.283184138745864,0.01050067704284856,-1.571149498790483,-2.9655933645279937,-6.283137461745465,-6.283185603505295,-404.6882388313591
523.0,-6.283185012870841,0.010494331160143188,-1.571145400269844,-2.9713299915896862,-6.283138232708493,-6.28318549502187,-405.4446440625649
524.0,-6.283184136142403,0.010501483697018093,-1.5711507426886757,-2.9717627757045695,-6.283137779719483,-6.283185566434238,-406.2010461643001
525.0,-6.283183958851892,0.010503225613105188,-1.5711515397681073,-2.9682082320583327,-6.283138031966642,-6.283185551241461,-406.9574647884918
526.0,-6.283184961173234,0.01049547113936114,-1.5711455311230949,-2.9668851398659,-6.283138738688336,-6.283185469779826,-407.7138902704044
527.0,-6.283183247991084,0.010507174268592656,-1.5711536730770594,-2.955247054101026,-6.283138561980291,-6.283185477499944,-408.4703694229741
528.0,-6.283184689228588,0.010496176807348597,-1.5711440687972411,-2.9451260245392263,-6.2831394051925304,-6.2831854425583895,-409.2268961364644
529.0,-6.28318840317174,0.01047215528552079,-1.571124570640318,-2.951340865840704,-6.283140306832453,-6.28318533960697,-409.98339669423734
530.0,-6.283186665388708,0.010477154158631881,-1.571130162977195,-2.9604179649461133,-6.283139133070049,-6.283185426354645,-410.7398553911809
531.0,-6.283185216552048,0.010489310708123848,-1.5711404712799037,-2.965782301386738,-6.283138109976737,-6.283185526816141,-411.49628763613134
532.0,-6.283185616771846,0.010486963816364553,-1.5711401283769701,-2.9746618883871236,-6.283138229771585,-6.283185497994685,-412.2526773485131
533.0,-6.283184677760674,0.010495038300283008,-1.5711469285196504,-2.980232149952718,-6.283137703546132,-6.2831855513436095,-413.0090388537657
534.0,-6.283184499400209,0.010497326780391001,-1.5711490009344977,-2.984158851448596,-6.283137763010031,-6.283185542784677,-413.76538039262886
535.0,-6.283183904299639,0.01050343259769164,-1.5711529430152993,-2.982470088825003,-6.2831376412724405,-6.283185575707385,-414.5217291831171
536.0,-6.283183593759579,0.010506185839987907,-1.571154163720317,-2.975046367465759,-6.28313805986869,-6.282289133878764,-415.2781136416618
537.0,-6.283184571970135,0.010497740005915298,-1.5711474182340375,-2.9682638013897047,-6.283138834908805,-6.282832993469792,-416.034531499704
538.0,-6.283183650063541,0.010502850734227886,-1.571150578894577,-2.954450156449925,-6.283139135905281,-6.283040189581919,-416.7910141426726
539.0,-6.283185621633112,0.010488637315476943,-1.571138272343716,-2.9454142775670613,-6.283139908415394,-6.283125741067187,-417.54753980083774
540.0,-6.283200750783139,0.008587511986184772,-1.5710638727605364,-2.937716233997974,-6.283139218149073,-6.283160868160802,-418.3043078987636
541.0,-6.2831636767595755,0.008876867692345134,-1.5711870375370838,-2.932194026244436,-6.283140633576493,-6.283175368631792,-419.06111010896643
542.0,-6.2831738615010515,0.00943392975504808,-1.57115935969359,-2.9302646821022797,-6.283140046510568,-6.28318126886489,-419.8178453733473
543.0,-6.2831823525920365,0.009793510257781609,-1.5711364765721174,-2.938772870506011,-6.283139777060898,-6.283183698602776,-420.574493049845
544.0,-6.283184093431322,0.01004398850714063,-1.5711391073295795,-2.945377003109897,-6.283138593362909,-6.283184786931427,-421.331077999628
545.0,-6.283184273964882,0.010210006727558809,-1.5711442957439339,-2.9466001976921254,-6.283137992952926,-6.283185270778078,-422.08763591117963
546.0,-6.283184489765023,0.01031493733119919,-1.5711457197574048,-2.9436348761500524,-6.283138170311127,-6.283185433786466,-422.8441936925045
547.0,-6.28318570550947,0.010374657810956728,-1.5711402602200613,-2.9426658814983844,-6.283138864392185,-6.283185425081134,-423.6007478117794
548.0,-6.283185923973102,0.01041606102803589,-1.5711392833053917,-2.941719743269437,-6.283138899528346,-6.283185457319696,-424.3573009093411
549.0,-6.283186714928854,0.010438277691478426,-1.5711353589870913,-2.944839960467797,-6.283139152374832,-6.2831854269942715,-425.1138369085918
550.0,-6.283187955215925,0.010446032753474298,-1.5711294647321803,-2.957183682604881,-6.283138896343098,-6.283185476982421,-425.8703149108756
551.0,-6.2831737736487945,0.010419780858772949,-1.5698875263604755,-2.971662288655708,-6.2831377798446155,-6.2831855603185245,-426.62663461617404
552.0,-6.283194003419601,0.010517756804975697,-1.5702636885793915,-2.979540374161374,-6.283137399475213,-6.28318558652095,-427.3829183904849
553.0,-6.2831868815470795,0.01051118459418025,-1.5705630726405069,-2.984464897615477,-6.283137397860049,-6.28318557706525,-428.13920595242075
554.0,-6.28318498006387,0.010502683880424767,-1.5707594717318472,-2.989151140155738,-6.283137708689168,-6.283185539296454,-428.89548835520566
555.0,-6.283182098141145,0.010516831307690891,-1.5709015572076246,-2.9799290560114233,-6.283137433992495,-6.283185565961078,-429.6518259453859
556.0,-6.283184256073003,0.010493633436960317,-1.5709730717530228,-2.9782402337804155,-6.283138976131595,-6.283185429204062,-430.4081814764248
557.0,-6.283185865968776,0.010477530309003065,-1.5710212371130103,-2.9864413903572,-6.283139127856749,-6.283185417163143,-431.16450334368585
558.0,-6.283184278340999,0.010492046854728574,-1.57107008161691,-2.988338202431529,-6.283137903120003,-6.2831855408597805,-431.92081745519533
559.0,-6.283187272599575,0.010302369030006416,-1.5710859793103635,-2.9938381143886494,-6.283138264507372,-6.2831854654732995,-432.67712573147173
560.0,-6.283182629360295,0.010339578932494592,-1.5711207457900378,-2.9944866202029417,-6.283137833063739,-6.283185553753856,-433.4334318760521
561.0,-6.283183939037792,0.010389522997752976,-1.571126852440466,-2.9970021805342473,-6.283138241108243,-6.283185487958001,-434.1897193578536
562.0,-6.283183423024282,0.010436719477628352,-1.5711396264288513,-2.9911215877685824,-6.283137779674038,-6.283185554996101,-434.9460309128728
563.0,-6.2831845249585765,0.010452722084601237,-1.5711383180708156,-2.9859088899900113,-6.283138557168025,-6.283185482848621,-435.70236651901604
564.0,-6.283185560452729,0.010459870656105005,-1.571135523559732,-2.9840694474951346,-6.283139006548235,-6.283185430317972,-436.45871048690157
565.0,-6.283186787538456,0.010458910727266093,-1.5711309265232847,-2.990388651997135,-6.282968359438197,-6.2831853965197695,-437.21502246270745
566.0,-6.283186020607599,0.010471992876929768,-1.5711377216917712,-2.996290763832797,-6.283070945623498,-6.283185476362055,-437.9713039237932
567.0,-6.283184851433274,0.010488304761340087,-1.5711465452493845,-2.9959197256565244,-6.2831099630207845,-6.281381607573968,-438.72758553987796
568.0,-6.283185285260643,0.010487008478607316,-1.5711446032893963,-2.996981377584713,-6.283126848119539,-6.282476144650997,-439.48386185218925
569.0,-6.283188914981588,0.01016775478674577,-1.5711358068195458,-2.9942008600762158,-6.283133235022396,-6.282893256761604,-440.240185345717
570.0,-6.283183116547068,0.010208189741514823,-1.5711505397950596,-2.9973491253539457,-6.283136999730015,-6.283065387774618,-440.9964955921272
571.0,-6.283183661921701,0.010311660032780891,-1.57115105754022,-2.996888729990782,-6.283137367170232,-6.283136200020917,-441.75279481913907
572.0,-6.283183612594479,0.010384557123284293,-1.5711539474366258,-2.98890897449062,-6.283137741069156,-6.283165260808117,-442.50912477579783
573.0,-6.2831860252792815,0.010407348482473926,-1.5711402271454036,-2.9899025865387974,-6.283139109936044,-6.283177062999034,-443.26544646343325
574.0,-6.283185987527668,0.01043605814416937,-1.5711411018005403,-2.991113554811815,-6.283138615984943,-6.283182036623316,-444.0217586204356
575.0,-6.283186451301931,0.010449262225427679,-1.571138797874246,-2.996840261172633,-6.283138677576549,-6.28318402537961,-444.77804028093175
576.0,-6.283185531218689,0.010469597122928944,-1.5711449988982524,-2.999058344977602,-6.283137941149623,-6.276498233829866,-445.53430823971576
577.0,-6.283184281088749,0.010489735441609147,-1.5711525031565843,-2.9923879941097637,-6.283137706549276,-6.280519090915327,-446.2906074332194
578.0,-6.283185975640381,0.010477711241431525,-1.5711415328381422,-2.993304405899607,-6.2831389508330595,-6.282087808468858,-447.04690325117105
579.0,-6.28318716318478,0.010466472695432506,-1.5711341284694678,-3.004747942261347,-6.283138780443388,-6.282734600994692,-447.8031422516065
580.0,-6.2831848534910355,0.010492405794948376,-1.571149538237016,-3.0057433440921244,-6.283137307598281,-6.283000374959569,-448.5593730373105
581.0,-6.28318555879602,0.010485825129410029,-1.571145214982925,-3.0111671457798774,-6.283138142145157,-6.28310938257706,-449.3155762108906
582.0,-6.283185229795396,0.010489672008396319,-1.5711476670664675,-3.0156093253564005,-6.283137820418712,-6.283154255095531,-450.0717554439606
583.0,-6.283186046031759,0.01047720581019509,-1.5711419946259677,-3.0285077461624272,-6.283137930112175,-6.28317267789834,-450.82786739699173
584.0,-6.283184250667544,0.010502256342341218,-1.571155916628172,-3.0296980500904676,-6.283136722778006,-6.283180359063542,-451.58396927319654
585.0,-6.283184389276938,0.010502297099940813,-1.5711551746468837,-3.027968970524728,-6.283137392670582,-6.28318339560141,-452.34007986988667
586.0,-6.28318480437089,0.010496906160225378,-1.5711517114673015,-3.0261919184169557,-6.283137973592726,-6.283184615425028,-453.09620035063045
587.0,-6.28318532137025,0.010489685689820975,-1.5711475604546348,-3.026887876999261,-6.283138350601523,-6.283185094711459,-453.8523178495182
588.0,-6.283185192297794,0.010491538584714424,-1.5711483710393914,-3.0259535942342697,-6.2831381079393935,-6.283185345181829,-454.6084400236649
589.0,-6.283185165056126,0.01049221434191438,-1.5711483602102996,-3.023502392271559,-6.283138135719858,-6.283185435398335,-455.3645751488572
590.0,-6.283185492265277,0.01048790121542164,-1.5711457174122698,-3.022561577207108,-6.283138419045379,-6.28318543677554,-456.12071584106343
591.0,-6.283186679100051,0.010469571844695788,-1.5711368466517506,-3.033294698301939,-6.283138663207785,-6.283185435710416,-456.8768012645804
592.0,-6.283185284540745,0.010488510516812601,-1.5711479454960227,-3.0378386382939846,-6.283137431725045,-6.283185542631859,-457.63285938494795
593.0,-6.2831831240461264,0.01050455336991602,-1.5710604059089608,-3.030612446042499,-6.283137150853184,-6.283185572158291,-458.38894708670335
594.0,-6.283186299809395,0.010489291514328926,-1.571077061343048,-3.0313927018112325,-6.283138628758271,-6.28318542055517,-459.1450335531762
595.0,-6.283186588985339,0.010475816387269467,-1.57109467297358,-3.0402858090854075,-6.283138542514375,-6.283185437636727,-459.9010754002494
596.0,-6.2831843111661305,0.010507721116875148,-1.5711266571512568,-3.032804870967172,-6.283137206437446,-6.283185557016667,-460.65715512416386
597.0,-6.283185911132793,0.010482131662991237,-1.5711232772367318,-3.0361422605319945,-6.283138755922026,-6.2831853986187545,-461.41322078873725
598.0,-6.283184258762131,0.01050474624654823,-1.571141805540885,-3.0263317443956996,-6.2831377709042995,-6.283185505980957,-462.16933722477444
599.0,-6.28318426746937,0.010501896992452542,-1.5711439893636059,-3.0122160501951027,-6.283138633625355,-6.2831854324850775,-462.9255293342733
600.0,-6.283185441829437,0.010486148390087028,-1.5711369068831857,-3.0021001525543576,-6.2831394051824905,-6.2831854009941885,-463.6817764081597
601.0,-6.283186899065744,0.010470750919522202,-1.5711290122566777,-3.0016138268080224,-6.283139921863817,-6.283185320117881,-464.4380285159144
602.0,-6.2831867768099015,0.010472570575074343,-1.5711316698565923,-3.0041417967689807,-6.283139148859367,-6.283185396379561,-465.1942680971435
603.0,-6.283186063712916,0.010481073210878109,-1.5711379038832283,-3.0051372823840783,-6.2831384117180225,-6.283185475290619,-465.9505019543733
604.0,-6.283186539269681,0.01047549516751653,-1.5711359891871728,-3.012271763903074,-6.2831385916947955,-6.283185434761208,-466.7066997112529
605.0,-6.283185398426259,0.010488652765246503,-1.5711447616360206,-3.014730591933717,-6.283137701241992,-6.28318553741407,-467.4628830686403
606.0,-6.283184930699156,0.010495030843959956,-1.5711485997972956,-3.0132718007885524,-6.283137681955157,-6.283185546718797,-468.21907315070206
607.0,-6.283183993146573,0.010505311632165124,-1.5711542844462223,-3.003035454320432,-6.283137935316533,-6.283185509464031,-468.97531498786594
608.0,-6.28318574158685,0.010486172608829433,-1.5711421166727588,-3.000087801406701,-6.283139152345625,-6.27784499482129,-469.73157422953994
609.0,-6.283184274712762,0.010499522369413325,-1.5711500767750899,-2.9877718680583225,-6.283138689127124,-6.2799281204308075,-470.4878943636958
610.0,-6.283185275490367,0.010489419927527267,-1.5711424253814281,-2.9772001686115885,-6.283139349717216,-6.281865091464619,-471.24426802339167
611.0,-6.283186328498321,0.010480630621382719,-1.5711354537254318,-2.9711530523967227,-6.283139751147373,-6.282642487400111,-472.00067235436074
612.0,-6.28318666797071,0.010478818563736697,-1.5711334319698806,-2.9679105971547832,-6.283139573634027,-6.282962380972551,-472.75709290774574
613.0,-6.283187672145251,0.010471715183523862,-1.5711284627547952,-2.972948809481756,-6.283139631104451,-6.283093743230303,-473.5134904267295
614.0,-6.283187351470364,0.010473523700201508,-1.571131282141984,-2.9823709922068957,-6.283138792989551,-6.283147808001342,-474.2698422693692
615.0,-6.283184761656575,0.010496321836171827,-1.5711471985946344,-2.9808957041260755,-6.283137453591556,-6.283170142141821,-475.02619903976966
616.0,-6.283174285799562,0.010449742283353778,-1.570030495749395,-2.9849641680573598,-6.283138377693863,-6.283179115745672,-475.78245822676774
617.0,-6.283193546936526,0.010521601100212004,-1.5703576588325618,-2.9866108299920318,-6.283138296005534,-6.2831828949887925,-476.538713166114
618.0,-6.283183817080564,0.010500119556992869,-1.5706166668281425,-2.9941332397530243,-6.283138524844413,-6.283184383093066,-477.2949592913999
619.0,-6.28318262985016,0.010499552587013627,-1.5707980811529436,-2.998876813138789,-6.283137814999609,-6.283185088007067,-478.05119650708053
620.0,-6.283181923576538,0.010504784797801946,-1.5709207152916376,-2.996921198238785,-6.283137474847156,-6.2831854021430775,-478.8074526432803
621.0,-6.28318322977352,0.010493095959322407,-1.570992331733905,-2.9985892812849917,-6.2831383558876235,-6.283185397310371,-479.5637078711396
622.0,-6.2831830141004765,0.010498081713891404,-1.5710475363971197,-2.9952935183862315,-6.283137962672645,-6.283185508853081,-480.319983347366
623.0,-6.283175740081578,0.01047915402785841,-1.5704016504505829,-2.98602549921709,-6.283138205329027,-6.283185493227011,-481.0762593356697
624.0,-6.283189770856829,0.010505782746992232,-1.570612923959419,-2.981896885915986,-6.283139339635867,-6.283185402017916,-481.83256195736726
625.0,-6.283187670571763,0.010496112346912796,-1.5707884348289298,-2.9784012842573095,-6.283139085236069,-6.283185436137295,-482.5888990130443
626.0,-6.283188312192587,0.010473120450196853,-1.570895019185664,-2.988116815542283,-6.28313934984078,-6.2831854085605565,-483.3452015583261
627.0,-6.283185322126757,0.01049130483008785,-1.5709880967849617,-2.989880990465,-6.283137832581879,-6.283185549169772,-484.1015005215598
628.0,-6.283185228234423,0.010488712491440151,-1.571039711379501,-2.9932641702370346,-6.2831382010094865,-6.283185489569661,-484.8577872744793
629.0,-6.283184774388901,0.010491769724730822,-1.5710770655822268,-2.994955836684653,-6.283138011357157,-6.283185517138699,-485.61406804107236
630.0,-6.2831827225957,0.01049542473011325,-1.5709821674401432,-2.990405940052595,-6.283137776593002,-6.2831855646417365,-486.37036393576545
631.0,-6.282908667541414,0.010500850232673069,-1.5710261821502178,-2.9862636684333204,-6.283138545676683,-6.283185484785865,-487.1267793191116
632.0,-6.282963712040125,0.010481380325954847,-1.5710627503712593,-2.989377929677345,-6.283139114630514,-6.283185396304367,-487.88317336021004
633.0,-6.283029465860006,0.010448487188916255,-1.570030627530663,-2.993119351433811,-6.283138393270186,-6.28318547290602,-488.63944643069766
634.0,-6.2830982043531085,0.010519479181944883,-1.5703605430563332,-2.9934969579698447,-6.283138236177435,-6.2831855087717985,-489.3957031697263
635.0,-6.283127109700713,0.010509128664384611,-1.5706241161896817,-2.9919219994490476,-6.283138187176923,-6.2831855116502195,-490.15198013393905
636.0,-6.283146319305126,0.010500548683347401,-1.570798296785724,-2.9895022064065473,-6.2831383631782876,-6.283185496092481,-490.9082778030136
637.0,-6.283160339554373,0.010484413133676021,-1.57090740287151,-2.9946320401068,-6.2831389623109715,-6.28189396593663,-491.6645566229382
638.0,-6.2831682821832535,0.010487971929441746,-1.5709891994493335,-2.998561010554259,-6.283138205993514,-6.2826776750103495,-492.420818523641
639.0,-6.283172272691555,0.010504764377732491,-1.5710515910413083,-2.9911575719539547,-6.283137661764143,-6.28297631872945,-493.17711797625225
640.0,-6.2831771170482105,0.01049476008069895,-1.5710788510261415,-2.985172447157099,-6.283138609870925,-6.283099540415326,-493.9334497257622
641.0,-6.283180273203106,0.010489000114410407,-1.5710973879737185,-2.9806832903730816,-6.28313897244022,-6.283150140831496,-494.6898053290247
642.0,-6.283182247079443,0.010486894564249317,-1.5711106129408678,-2.9769769651962976,-6.2831390111289345,-6.283170941370855,-495.44618012103876
643.0,-6.2831833571825175,0.010487545967902771,-1.5711205756316697,-2.972805709410268,-6.283138931222686,-6.283179500922386,-496.2025757238564
644.0,-6.283185178127429,0.010479415412677039,-1.5711214080976788,-2.975021155617137,-6.283139334289947,-6.283182944727848,-496.95896195125465
645.0,-6.283184425729306,0.010490100715316388,-1.5711332340900317,-2.9722677518939897,-6.2831384328027235,-6.283184506589502,-497.715360815458
646.0,-6.283184314272267,0.01049399928103652,-1.5711383437469963,-2.9660950798025563,-6.283138522347955,-6.283185098992265,-498.4717890925872
647.0,-6.283185139150528,0.010489574471934857,-1.5711364050760257,-2.961390689298253,-6.283139066625124,-6.283185283020933,-499.228240307712
648.0,-6.283186872294406,0.010478035162519272,-1.5711292303973172,-2.965576516349981,-6.283139609502777,-6.2831852960333565,-499.9846731102945
649.0,-6.283184640650023,0.010495576342755449,-1.5711429532873562,-2.9602952385987953,-6.283138310663768,-6.2819460872343065,-500.7411294722393
650.0,-6.283184260794798,0.010498479391195872,-1.5711449261429533,-2.950633166345612,-6.28313878435476,-6.282698110795554,-501.49763062601954
651.0,-6.283186593067773,0.010483501311198918,-1.5711328585574642,-2.9492715375703153,-6.281996951602918,-6.282984567749813,-502.25413431802457
652.0,-6.28318568788704,0.010489515062346534,-1.571137397473741,-2.945271462290423,-6.2826883672942095,-6.283102989609762,-503.0106590898515
653.0,-6.283186608593642,0.010484460065766518,-1.571133143868582,-2.945736991650608,-6.282954210065241,-6.283151530006072,-503.7671836621711
654.0,-6.283186744125815,0.010483908533984662,-1.5711331653843548,-2.9491953466677123,-6.283063148050818,-6.283171511565183,-504.5236932607632
655.0,-6.283186988333311,0.010481789305159602,-1.5711328344375814,-2.9574340937156975,-6.283107693245129,-6.2831797309619315,-505.28016536374514
656.0,-6.283183193170512,0.010507873796426656,-1.5711531276505402,-2.949701544983012,-6.283124949922391,-6.283183214310716,-506.0366710541425
657.0,-6.28317959808919,0.010498081622241641,-1.5708458064650515,-2.9353963237859606,-6.2831335265875685,-6.283184502533325,-506.79321966036423
658.0,-6.2831893610431475,0.01049140446263985,-1.5709127123409221,-2.934834764193555,-6.283138323161637,-6.283184918386821,-507.5497739176221
659.0,-6.2831871907829004,0.010476635456006115,-1.5709776329435026,-2.9456542465220608,-6.283138917503607,-6.283185243727351,-508.30628902131957
660.0,-6.283183837378773,0.010496874848612104,-1.5710454755317846,-2.9461669737302305,-6.283137690137,-6.283185505571456,-509.06280457422923
661.0,-6.283184217596305,0.01049537122403048,-1.5710775473766059,-2.9468437666537413,-6.2831383750088845,-6.283185478423004,-509.81931977658945
662.0,-6.283186459589018,0.010480445803430164,-1.5710892444599585,-2.958231444308762,-6.283138825842074,-6.2831854678788375,-510.5757854862407
663.0,-6.283183023979891,0.010505219190945901,-1.5711233967725946,-2.9554888219556195,-6.283137456476902,-6.283185607981769,-511.3322628575897
664.0,-6.283184044790251,0.010499435324352316,-1.5711280407841586,-2.9533063181546257,-6.283138432225264,-6.283185511246744,-512.0887513116005
665.0,-6.283186223712656,0.010484555851912259,-1.5711235858762267,-2.9604927633614446,-6.283139128394126,-6.283185429456156,-512.8452080096055
666.0,-6.283184333237586,0.010498513991039531,-1.5711387687591585,-2.959959193664429,-6.283138003082906,-6.283185562019446,-513.6016662133013
667.0,-6.2831854724525025,0.010490771721679767,-1.5711359724038916,-2.963959592303737,-6.2831387263602165,-6.283185456629722,-514.3581063093268
668.0,-6.283184921534973,0.010495036246803304,-1.5711413498405038,-2.9655741269242566,-6.283138282771545,-6.2831855165529324,-515.1145383716575
669.0,-6.283183826153144,0.01050347003791925,-1.5711484176663366,-2.9599340357671546,-6.283138063447039,-6.2831855559772976,-515.8709961889917
670.0,-6.283185607878804,0.01049072777539508,-1.571139283327074,-2.960258057915632,-6.28313912259205,-6.283185428512397,-516.6274536015992
671.0,-6.283185433132201,0.010491952425534724,-1.5711407534786153,-2.9598828484234665,-6.283138779294573,-6.283185476490255,-517.383912742192
672.0,-6.281230699965622,0.010512476824397918,-1.5711165346210958,-2.9624643933704795,-6.2831391063248345,-6.283185445659351,-518.1410421066075
673.0,-6.281611427291034,0.010482368365777216,-1.571161794232823,-2.958146524617109,-6.283137989312528,-6.283185552244657,-518.8981139190253
674.0,-6.282159269747384,0.010476485387985762,-1.5711443440291684,-2.9620205486186033,-6.283139204617769,-6.2831854029767715,-519.6549585752115
675.0,-6.2825155078807216,0.010491074715702582,-1.5711468373695023,-2.9609074559177984,-6.283138361391945,-6.282942272637385,-520.4116697925137
676.0,-6.282718968095583,0.01038046363351013,-1.5681506898324669,-2.96846246877294,-6.283138577316112,-6.283089817288892,-521.1680468264976
677.0,-6.282904209018432,0.010503179668948493,-1.5671516601071729,-2.9763209094141128,-6.283138674584949,-6.283146056491074,-521.9242075785568
678.0,-6.283025277112912,0.010584304948531053,-1.56840760518474,-2.9839926920749074,-6.283138476831037,-6.28316929373208,-522.6803677713036
679.0,-6.283075341355241,0.010546701564778656,-1.56932880600377,-2.9877524924951935,-6.283137672970723,-6.283178906669226,-523.436571813334
680.0,-6.283109832968389,0.010519524756174813,-1.569938198969003,-2.991064582832131,-6.2831378203070525,-6.283182799365954,-524.1928009454052
681.0,-6.283133054721764,0.01050985116086695,-1.5703463318351008,-2.990022920162376,-6.2831376837610176,-6.283184439144815,-524.9490616340273
682.0,-6.283148794499273,0.01050728668824635,-1.5706183023636775,-2.98263076405614,-6.283137940120789,-6.281430289230393,-525.7053758720056
683.0,-6.283162598217173,0.010479858342274558,-1.5707814633304291,-2.987749809400053,-6.283139251230402,-6.281614506777602,-526.4616786901987
684.0,-6.28316897118416,0.010489484601461124,-1.5709082934200855,-2.9879289748191256,-6.283138164567468,-6.282554837518847,-527.2179869095934
685.0,-6.283174197368792,0.010489368517883077,-1.5709875481649902,-2.9876540265562914,-6.283138310802204,-6.282926006769134,-527.9743011984024
686.0,-6.283177876462863,0.010488399954631817,-1.5710394812560342,-2.987693345491498,-6.283138425252403,-6.283078892425913,-528.7306184891586
687.0,-6.283180266539366,0.010489042199081346,-1.5710746883732758,-2.987323673105624,-6.283138411198591,-6.283141698219663,-529.4869395872719
688.0,-6.283182612813781,0.010482593374631238,-1.5710939519499485,-2.9918072169612246,-6.283138731045234,-6.2831674443845795,-530.2432403577451
689.0,-6.283183542825247,0.01048388802999799,-1.571111018776493,-2.997861053488249,-6.283138337949046,-6.283178079070117,-530.9995113271422
690.0,-6.283182139018909,0.01050581487094285,-1.5711347754497922,-2.9907361298654616,-6.2831375083414045,-6.283182528045463,-531.7558161747033
691.0,-6.283183461921627,0.01049815438201299,-1.5711356241639416,-2.9833120503359347,-6.283138436425269,-6.283184256427676,-532.5121590095679
692.0,-6.283183122848882,0.010501963057437688,-1.5711421456366308,-2.969505596332451,-6.283138957173319,-6.283184914020714,-533.2685690709396
693.0,-6.283185484846769,0.010484862535940805,-1.571131651956129,-2.9624732411792762,-6.283139865153673,-6.283185163473076,-534.0250147214604
694.0,-6.283186376997828,0.010479981657258605,-1.571129216399217,-2.959491211068533,-6.2831397853203645,-6.28318529358717,-534.7814754073833
695.0,-6.283186848658624,0.010478267878411125,-1.5711288906595684,-2.960550122321112,-6.283139529147415,-6.283185358349321,-535.5379317521172
696.0,-6.283185558053207,0.010488828174738125,-1.5711373521264198,-2.9569913768224256,-6.283138689983156,-6.283185487141584,-536.2944041439606
697.0,-6.283185605522462,0.010489445277748009,-1.5711377865860012,-2.95317313936588,-6.283138932114512,-6.2831854675144045,-537.0508944316728
698.0,-6.283185583446831,0.010490141967779297,-1.5711381371602073,-2.9487517193766823,-6.283139030257772,-6.283185468147419,-537.8074052350164
699.0,-6.283188233811224,0.010472371250454172,-1.5711250972179072,-2.958103905082785,-6.283139588551803,-6.2831854092687625,-538.5638745826817
700.0,-6.283187380455872,0.010476071607541979,-1.5711309364651114,-2.971311219601726,-6.283138505505902,-6.283185497007269,-539.3202814151284
701.0,-6.283184464380141,0.01049876421288932,-1.5711484308381127,-2.9738875140224916,-6.2831372259360485,-6.283185620972194,-540.0766735200579
702.0,-6.283183817875217,0.010504654817371036,-1.5711523477812877,-2.9705698219604018,-6.283137579755644,-6.2831855937895815,-540.8330806440051
703.0,-6.283183959701967,0.010503230799964644,-1.5711508078251402,-2.964000978933546,-6.28313823706531,-6.283185539565959,-541.5895189999042
704.0,-6.283186900563213,0.010480419818820455,-1.5711344389836217,-2.970631344784481,-6.283139425273553,-6.283185399607129,-542.3459278878498
705.0,-6.283185166223799,0.010493566829290351,-1.5711444712088105,-2.9712916575674746,-6.2831382107754346,-6.283185528016162,-543.1023323892273
706.0,-6.283196500080728,0.00892959072615554,-1.571091164329172,-2.965711651199568,-6.283137525698427,-6.283185523242445,-543.8589317927402
707.0,-6.283164727349332,0.00917589239390867,-1.5711974943340286,-2.953140402466543,-6.283139391246072,-6.283185491602171,-544.6155977778027
708.0,-6.283174552254221,0.009624726660244007,-1.5711653357484656,-2.9442961409793122,-6.280476200790307,-6.283185431603018,-545.3722315052747
709.0,-6.283163816658616,0.009856502785091375,-1.5693889719658907,-2.945645439927772,-6.282089468974193,-6.28318533939987,-546.1287026099047
710.0,-6.283197364033216,0.010167862017136285,-1.5698969133187084,-2.9448335095425002,-6.282707759614029,-6.283185434805137,-546.88516024671
711.0,-6.28318893538611,0.010273358723963746,-1.5703078196965943,-2.9473735304193722,-6.282962009596899,-6.283185424607825,-547.6416327358413
712.0,-6.283186843741488,0.010344005900754754,-1.5705845180999867,-2.9522141744235646,-6.283066116202117,-6.283185450773452,-548.3980990989922
713.0,-6.283185648614105,0.010392484630152635,-1.5707705348866978,-2.9587125274793444,-6.283108676607201,-6.2831854741754105,-549.1545455426188
714.0,-6.283185603218251,0.010420299527166724,-1.570892294105388,-2.970146243718094,-6.283125995620523,-6.283185512139466,-549.9109448811023
715.0,-6.283183397966208,0.010457764907485869,-1.5709867707253846,-2.973308750061072,-6.283132298886052,-6.283185603264718,-550.6673315774481
716.0,-6.2779289112502745,0.010534544414174757,-1.570979743579356,-2.9771377424910033,-6.283136337940301,-6.283185521228496,-551.4255339563443
717.0,-6.278954575531133,0.01044856087213553,-1.571125315756487,-2.970235760716773,-6.283136240416927,-6.283185575128026,-552.1835632045801
718.0,-6.280424617462089,0.010454378485801873,-1.5711144671109087,-2.9723528083735027,-6.283138634300482,-6.283185411114092,-552.9410210814422
719.0,-6.28138483590239,0.010478542305236163,-1.57112216617136,-2.9703797723085064,-6.283138262483397,-6.283185513835461,-553.698118399211
720.0,-6.282012357723567,0.010480492915481237,-1.5711208977318136,-2.9730970131625063,-6.283138899917535,-6.283185434662212,-554.4549627920654
721.0,-6.282419654587597,0.010494645884545073,-1.5711314305484303,-2.9699777130025593,-6.283138219586657,-6.283185537766374,-555.2116647526727
722.0,-6.282688368951469,0.010476753320330419,-1.5711215259479554,-2.979877682903285,-6.283139062660897,-6.28318544397333,-555.9682188382423
723.0,-6.28286121875064,0.010481092462832567,-1.5711293825225643,-2.992494688326797,-6.283138156038035,-6.283185509622526,-556.7246438381521
724.0,-6.2829726932702705,0.010496794189825107,-1.5711429740927136,-2.998985548649747,-6.283137263555924,-6.283185582688132,-557.4809909048222
725.0,-6.283044949390139,0.010513213389208291,-1.5711546079748029,-2.9936252615916357,-6.283137047303807,-6.283185616082496,-558.2373346240211
726.0,-6.2830938907041425,0.010504951121741076,-1.5711498596404856,-2.987295277906379,-6.283138124806772,-6.283185528849595,-558.9936922591965
727.0,-6.28312582603426,0.010498689290170947,-1.571146151898005,-2.9803953851605063,-6.28313868628133,-6.283185482840696,-559.750072662317
728.0,-6.2831478326715295,0.01048480262872418,-1.5711371769129527,-2.980593376131392,-6.283139408560543,-6.283185385031238,-560.5064458869978
729.0,-6.283134025292005,0.010401105525983244,-1.568571643001186,-2.9799985309587234,-6.283138453812263,-6.283185487333588,-561.2626359542431
730.0,-6.283188540080987,0.010557308988570756,-1.5693201747310213,-2.9786716640162845,-6.283139127806414,-6.283185445080702,-562.0188393582335
731.0,-6.2831843635512055,0.010530083440091986,-1.5699315597279437,-2.974751984989129,-6.283138626340693,-6.283185492262396,-562.7751183813372
732.0,-6.283181530152685,0.010515934205641697,-1.570340714097735,-2.9656152360530506,-6.283138657111752,-6.283185482770342,-563.5314786800458
733.0,-6.283183005189833,0.010490051918715446,-1.5705989392543305,-2.9648542078922433,-6.283139601973044,-6.283185377569019,-564.2878688076538
734.0,-6.283183862147139,0.010479121480849287,-1.570775143006809,-2.9706151109962824,-6.283139367110221,-6.283185387190297,-565.044248239432
735.0,-6.283182533466524,0.010490817120448154,-1.5709051289567062,-2.9701232426196253,-6.283138166604167,-6.283185535292801,-565.8006391458522
736.0,-6.283183778561132,0.010484384415157888,-1.570981027865415,-2.9739598837210797,-6.283138708808127,-6.283185450496386,-566.557018821859
737.0,-6.2831837195044455,0.010488526538975893,-1.5710375150920899,-2.9764803340706005,-6.283138287266698,-6.283185502774629,-567.3133901968067
738.0,-6.283183419589363,0.010494892480171552,-1.5710770076262992,-2.97485046255356,-6.283138054144897,-6.283185539985312,-568.0697715669403
739.0,-6.283195614998816,0.00911100954518934,-1.5710515565137266,-2.9680619059338618,-6.283137722140842,-6.283185508121866,-568.8263354879041
740.0,-6.28318871978669,0.007558433651321946,-1.5710864460429008,-2.9641827720528267,-6.28313897303758,-6.283185443766165,-569.5831144989922
741.0,-6.283160296985365,0.00822720267673806,-1.5711867609941714,-2.967971780832469,-6.283140331143928,-6.283185418082218,-570.339830678051
742.0,-6.283171879028663,0.009020187301470233,-1.5711642618962,-2.9702893136575184,-6.283138770426409,-6.283185487410071,-571.0964302926669
743.0,-6.283177932106115,0.009551091509175394,-1.571159002040685,-2.9623714015557883,-6.283138058731303,-6.2831855284699,-571.8529978948621
744.0,-6.283185529857516,0.009859322801040937,-1.5711318949228414,-2.9698829317462487,-6.283139332651137,-6.283185404176634,-572.6094880441444
745.0,-6.283184331459863,0.010100216962164827,-1.5711460866160853,-2.964458886217687,-6.283137895447795,-6.283185543169606,-573.3659739840703
746.0,-6.283186271189037,0.010232768786442047,-1.5711382962766438,-2.9618600276107516,-6.283138783005994,-6.28318546093242,-574.1224550306838
747.0,-6.281545111869617,0.010335088593942913,-1.5711132871390923,-2.9658965569752174,-6.283139364497924,-6.28318539840638,-574.8794792863248
748.0,-6.281866235281472,0.010358714551888993,-1.5711453734769214,-2.97401605335462,-6.283138565498672,-6.283185445725041,-575.636392818836
749.0,-6.282324624502278,0.010402034956912993,-1.5711410130667822,-2.9865277632854803,-6.283138086681961,-6.28318551623519,-576.3930640396144
750.0,-6.282623092083063,0.010445547255570736,-1.571148619434816,-2.9937462846816554,-6.283137327027801,-6.2831855737492175,-577.149578678732
751.0,-6.282817464245238,0.010477032385803615,-1.5711553404452203,-2.991653577357858,-6.283137032667817,-6.283185632603858,-577.9060246453755
752.0,-6.282944765696655,0.0104902844927189,-1.5711552040626078,-2.983546451466232,-6.283137832434227,-6.283185547960533,-578.6624601312994
753.0,-6.283029597991671,0.010481628582210436,-1.5711438799016855,-2.98061656166528,-6.283138987546822,-6.283185434454704,-579.4188788759445
754.0,-6.283085014091616,0.010475320528859676,-1.5711371365748168,-2.983890667937364,-6.278649234609489,-6.283185403986819,-580.1752388827189
755.0,-6.283118288482619,0.010494315251626307,-1.571147690086157,-2.978455865612716,-6.28136731541857,-6.283185524505045,-580.9316233314945
756.0,-6.283141465750816,0.010494954345964997,-1.5711465071874886,-2.970224737362602,-6.2824108786083475,-6.283185492073024,-581.688044379282
757.0,-6.283159047191681,0.010475468595523894,-1.5711320292789517,-2.9742897173928466,-6.282840950210548,-6.283185356076248,-582.4444443827568
758.0,-6.2831672288540235,0.010489024892257013,-1.5711414726947404,-2.972658083078896,-6.283015786789669,-6.283185510636579,-583.2008483236286
759.0,-6.283173281061682,0.010492379726755652,-1.5711432247699257,-2.968714998473352,-6.283088165548184,-6.283185503293669,-583.9572688781524
760.0,-6.283179839719134,0.01047287095045065,-1.571130066262776,-2.9782677741585974,-6.2831185655649815,-6.2831854264923805,-584.7136439346533
761.0,-6.283180660484014,0.010487748072746945,-1.5711416896835133,-2.9833229337939167,-6.283129557698163,-6.2831855209484715,-585.4699918647832
762.0,-6.283182169371362,0.010489940930639497,-1.5711439074122515,-2.988624133388818,-6.283134546175173,-6.283185507933746,-586.2263124894407
763.0,-6.283182459722952,0.010498083901543581,-1.571149481248678,-2.9889689427155415,-6.283136242761041,-6.283185562290094,-586.9826298344327
764.0,-6.28318384291899,0.01049218309005777,-1.5711458178730215,-2.991889794401197,-6.283137687180103,-6.283185483532463,-587.7389326741285
765.0,-6.283184055034537,0.010494713193925953,-1.5711476420109292,-2.992898826006838,-6.2831378233725905,-6.283185516127518,-588.49522978436
766.0,-6.28318419637493,0.010496596305446715,-1.5711486696878965,-2.9914935721470814,-6.283137984538279,-6.283185521367413,-589.2515334163179
767.0,-6.283185373575956,0.010486973258957456,-1.571142710807595,-2.995325930685078,-6.283138635449585,-6.283185437072257,-590.007818628572
768.0,-6.2831857077127005,0.010483735064370553,-1.571141742505892,-3.0028434594490068,-6.283138423004582,-6.283185452730378,-590.7640658525493
769.0,-6.283179403842863,0.010327080268788646,-1.5705815772923546,-2.9947452084926964,-6.283137259383401,-6.283185564753007,-591.5203277766602
770.0,-6.283188096794937,0.010367849000872674,-1.5707457047021534,-2.993254772098387,-6.283138970889014,-6.2831854325883345,-592.2766022917308
771.0,-6.283186335373303,0.010411996248986685,-1.5708802221233247,-2.9887306057434153,-6.2831385019568815,-6.283185496371961,-593.0329060501653
772.0,-6.283184382169694,0.010448461972160988,-1.5709743306571509,-2.975839199136152,-6.283138670423349,-6.2831854481086005,-593.7892770139858
773.0,-6.283184746017902,0.010458474012047702,-1.5710267875259174,-2.962649513475521,-6.283139464575825,-6.281953132826246,-594.5457153094692
774.0,-6.2831872172601155,0.01045118221377971,-1.5710508004068962,-2.960918479462621,-6.283140356652325,-6.2827007576873,-595.3021659475012
775.0,-6.283187033178243,0.010460834562777225,-1.5710780812488003,-2.961915684027723,-6.283139566889284,-6.282985745390051,-596.0586135171834
776.0,-6.28318712796446,0.010465820584149903,-1.5710958502056926,-2.967562668997406,-6.283139215912022,-6.283103403376528,-596.8150355542434
777.0,-6.283186148307195,0.010476992228200315,-1.571113938278758,-2.972405537471233,-6.283138446385294,-6.2831517974043445,-597.5714344087903
778.0,-6.283184059922506,0.01049642508338456,-1.5711337883310506,-2.967014265616458,-6.2831377805072925,-6.283171731712984,-598.3278577748689
779.0,-6.283186149346308,0.010482201440833151,-1.571127516336226,-2.9704433644582147,-6.283139102105478,-6.283179723834103,-599.0842664475051
780.0,-6.28318347299477,0.010503372547390923,-1.5711454197444181,-2.960670844308743,-6.2831381943198,-6.283183175455667,-599.8407198571546
781.0,-6.283186130863027,0.010484999786912736,-1.5711327457125466,-2.960084811955681,-6.2831395171995545,-6.283184428719417,-600.5971778822526
782.0,-6.283187316507021,0.010476146800040437,-1.5711282804610536,-2.9678678682258233,-6.283139339479944,-6.283185013011143,-601.3536002550743
783.0,-6.283188538743411,0.010268487283100144,-1.5711305371433029,-2.9722504526931197,-6.283138177609947,-6.283185343802429,-602.1100237886055
784.0,-6.283183928487448,0.010301786794619471,-1.5711461197359284,-2.978939493235562,-6.283138415284801,-6.283185418571477,-602.8664159355648
785.0,-6.283182932570179,0.010382202450865349,-1.5711546367351226,-2.975659586154084,-6.283137510875505,-6.283185577023015,-603.6228137891238
786.0,-6.283184798630975,0.010414680080815756,-1.571145859408207,-2.97640144256268,-6.283138576598565,-6.283185457181551,-604.3792031881201
787.0,-6.283185181691223,0.010441506951382693,-1.5711446672829887,-2.977192546837138,-6.2831384901043625,-6.2831854794169715,-605.1355851297307
788.0,-6.2831849760387835,0.010462403566172028,-1.5711462082917214,-2.9753818190680565,-6.283138320929442,-6.283185509870837,-605.8919731794485
789.0,-6.283186657963642,0.010459849902963766,-1.5711368759516957,-2.9826966851939556,-6.283138947592741,-6.283185427812617,-606.648325427622
790.0,-6.283186150788573,0.010470237544897641,-1.5711404109039526,-2.991641176932719,-6.283138300994222,-6.2831854745215345,-607.4046320268692
791.0,-6.283185768739592,0.010476896025664212,-1.571143352818045,-3.00225605940451,-6.283137819760304,-6.283185520288442,-608.1608838790353
792.0,-6.28318299821053,0.010509120967920796,-1.5711612022676253,-2.9954705455379433,-6.283136888011635,-6.283185609612429,-608.9171660853676
793.0,-6.2831849874060675,0.010491778908905467,-1.5711482297744452,-2.9949635186800716,-6.283138494679031,-6.283185461353365,-609.6734523589831
794.0,-6.283185043679137,0.010491964653618032,-1.5711474002628865,-2.993492490729957,-6.283138387341632,-6.283185489795267,-610.4297459014462
795.0,-6.28318506741503,0.010492509782240313,-1.5711468369273027,-2.9907218665479434,-6.283138423238502,-6.283185491531556,-611.1860532163233
796.0,-6.283185396960157,0.010489861871444638,-1.5711444136327186,-2.988682774702478,-6.283138645221145,-6.283185466782931,-611.9423710108268
797.0,-6.283184023725787,0.010501704493696024,-1.5711514891609664,-2.9776676988042574,-6.283138479206034,-6.28318547326464,-612.6987419722423
798.0,-6.283184604494992,0.01049556726524895,-1.5711461414155663,-2.9656262780189695,-6.283139230062389,-6.283185426339894,-613.4551717773455
799.0,-6.283185179005525,0.010490071444643609,-1.5711409946726906,-2.953724320944847,-6.283139718165387,-6.2831853936739455,-614.211658403639
800.0,-6.283188834850053,0.010465502959658667,-1.5711214212986298,-2.9591818817218822,-6.283140523608129,-6.28318531206369,-614.9681222463654
801.0,-6.283186417219247,0.01047324242844376,-1.5711285353274667,-2.9669299854019715,-6.283139249526398,-6.283185403685948,-615.7245498639342
802.0,-6.283184588897184,0.010491037445595921,-1.5711418950318,-2.9671826621311523,-6.283137976252481,-6.283185556719775,-616.4809745975839
803.0,-6.283185164342287,0.01048937303681065,-1.5711407978989784,-2.9691708266238317,-6.283138475230044,-6.281744550443478,-617.2373898546944
804.0,-6.2831830267356565,0.010506657008827313,-1.5711530801002231,-2.9589370416816987,-6.283138115264918,-6.28261891775333,-617.993851864941
805.0,-6.283185577117204,0.010489248432866208,-1.5711391065385152,-2.9561143760912594,-6.283139422678273,-6.282951955290228,-618.750328586341
806.0,-6.283186751669024,0.010481353046466345,-1.571133347102073,-2.9598248387848334,-6.283139511770407,-6.283089497986509,-619.5067888748988
807.0,-6.283187037982587,0.010478725418188372,-1.5711327930335652,-2.9689156224458055,-6.283138936701451,-6.2831460513661455,-620.2632065702991
808.0,-6.283185391777211,0.0104913089455795,-1.5711430437453846,-2.9734448838788583,-6.28251582681825,-6.283169356749964,-621.0195983307208
809.0,-6.283184396203079,0.01048635113649292,-1.5710365252871759,-2.9801983857143837,-6.282892802356486,-6.283178844884994,-621.7759513654465
810.0,-6.283185596879537,0.010498739559678163,-1.5710723156254287,-2.9838798237677664,-6.2830369657376375,-6.283182812703769,-622.5322865998992
811.0,-6.283184917931089,0.010500347802164692,-1.571099623855953,-2.984764118672141,-6.283096441472665,-6.280777051827908,-623.2886195744829
812.0,-6.283184576445524,0.01050073161945816,-1.571116930176322,-2.982775921001644,-6.283121011321509,-6.2822384557814575,-624.0449636813524
813.0,-6.283184793015322,0.010497294551472912,-1.5711257159966103,-2.980159396767396,-6.283131418487982,-6.282795279608635,-624.8013218741992
814.0,-6.283186501252345,0.010480942811480886,-1.5711228169327853,-2.987314829977358,-6.283136161947282,-6.282524345388043,-625.5576471239988
815.0,-6.283184897028667,0.010494900934009507,-1.571137517262766,-2.9877888398059,-6.283136710489283,-6.282922779971231,-626.3139689148918
816.0,-6.283184241280165,0.010501125829865659,-1.5711444259653515,-2.9824767349498873,-6.283137430557792,-6.283077369460837,-627.0703164266855
817.0,-6.283185116967533,0.01049331552834436,-1.5711408044055082,-2.9791998802452375,-6.283138521159498,-6.283141028278407,-627.8266809549152
818.0,-6.283185281907309,0.010491735004994064,-1.571140769891863,-2.9755927867036966,-6.2831386963996785,-6.283167213995426,-628.5830634206723
819.0,-6.283185887196196,0.010486854019127875,-1.5711380357873737,-2.9747733057407126,-6.283138990218512,-6.283177935576997,-629.3394505593792
820.0,-6.281570274505753,0.01049582440957931,-1.5711138165503868,-2.9829044863481493,-6.28313924028395,-6.283182336018759,-630.0963630757935
821.0,-6.281885300907112,0.010470660709897408,-1.571152200638726,-2.9901683406148694,-6.281660725517189,-6.283184225634406,-630.8531677072073
822.0,-6.282334463706952,0.010498028545265936,-1.571159883825744,-2.985113503536664,-6.282554678504969,-6.283185070312122,-631.6098256938393
823.0,-6.282631956386854,0.010485965228662747,-1.571145096616661,-2.9875092662622507,-6.282899300337571,-6.28318522074348,-632.3663612147446
824.0,-6.282823681184717,0.010497111037871645,-1.5711490586003891,-2.9837179615900453,-6.283039761034923,-6.283185455839421,-633.1228411194244
825.0,-6.282950183565915,0.010490570206752535,-1.571142832637463,-2.983050489145695,-6.283098399503314,-6.283185417408372,-633.8792771025012
826.0,-6.283030596035752,0.01050309418566221,-1.571150344594702,-2.9732476014143385,-6.2831218365631365,-6.283185475666426,-634.6357284692529
827.0,-6.2830849359109795,0.010494836704436883,-1.5711434448645094,-2.964215324321993,-6.28313229795971,-6.283185452611154,-635.3922036324407
828.0,-6.283121050235278,0.010484924835293695,-1.571135497560024,-2.960284330653117,-6.283136880429327,-6.283185387184954,-636.1486852839262
829.0,-6.283145771555581,0.010469697168217431,-1.5711249936228342,-2.969025743087316,-6.283138579287956,-6.283185383379593,-636.9051186446846
830.0,-6.283158557922093,0.010484560453213802,-1.5711371856413594,-2.974010012871125,-6.283137895325294,-6.283185497130696,-637.6615212718939
831.0,-6.283168952296236,0.010476519825859822,-1.5711338403047035,-2.98714126286402,-6.283138092209352,-6.283185514482889,-638.4178567713046
832.0,-6.2831723345404775,0.010502386077528366,-1.5711520103764436,-2.9874098305875556,-6.283136879864809,-6.283185644669034,-639.1741855885066
833.0,-6.283177506743158,0.010492730925403239,-1.5711460410439637,-2.9922021584114322,-6.283138106092959,-6.283185487092917,-639.9304895578189
834.0,-6.283180261496879,0.010491047133299035,-1.5711459529680207,-2.9984079481232238,-6.283138056881357,-6.283185493687363,-640.686761092884
835.0,-6.283180999611201,0.010501541354975323,-1.5711526330012129,-2.997766560235677,-6.283137474314879,-6.283185580108729,-641.4430336660329
836.0,-6.283181550029164,0.010507384327608053,-1.5711556814050103,-2.989923304840339,-6.2831378306953285,-6.2831855425975425,-642.1993443377082
837.0,-6.2831833658819125,0.010496702320751245,-1.5711479396393735,-2.983631785797958,-6.2831387345515255,-6.283185469971361,-642.9556870416574
838.0,-6.283185257761454,0.010483768623999266,-1.5711390431548264,-2.984111680091801,-6.283139346412853,-6.283185388032512,-643.7120286875318
839.0,-6.2831850503623805,0.010488412888743746,-1.5711420705088561,-2.98271600603139,-6.283138671989488,-6.283185473241041,-644.4683767772361
840.0,-6.283183501940475,0.010502771239837571,-1.571151313987582,-2.971069692602015,-6.283138478435189,-6.283185472095731,-645.2247801460621
841.0,-6.281121478458565,0.010513092470837596,-1.5711162578955378,-2.9650955191043495,-6.2831396777111586,-6.283185404735391,-645.9819335640731
842.0,-6.281524785810349,0.010471635470308303,-1.5711559619367057,-2.957593032362349,-6.2831390102768685,-6.283185453534022,-646.7390414136586
843.0,-6.282102544429617,0.010470588245709376,-1.5711404608929744,-2.9565899336762116,-6.283139706951758,-6.283185375333303,-647.4959332552614
844.0,-6.282479703230483,0.010478914434462536,-1.5711373310244647,-2.9565311534693723,-6.283139235034271,-6.283185433765362,-648.2526798877559
845.0,-6.282725661996789,0.010483095833911537,-1.5711358391334218,-2.958126509005009,-6.283139038573712,-6.283185446290912,-649.0093244272838
846.0,-6.2821185160550845,0.0104973729459818,-1.5711289657963312,-2.9595137464396424,-6.28313881040245,-6.283185476712794,-649.7661682523958
847.0,-6.282371813845742,0.010490656064234521,-1.571149631793731,-2.9553780108557546,-6.283138245794857,-6.276938136567756,-650.5229603872801
848.0,-6.282656776276425,0.01047522365328936,-1.5711330020516892,-2.963863339485545,-6.283139247732539,-6.2807083484859465,-651.2796058272505
849.0,-6.282840136569308,0.010485967954495181,-1.5711394042416664,-2.9711126506584224,-6.283138363032478,-6.282165451719486,-652.0361449238882
850.0,-6.2827308104052815,0.010508571853015083,-1.5711496575529722,-2.9665718983620115,-6.283137552782126,-6.282766615679149,-652.7927367741305
851.0,-6.282854170642464,0.010500806357674848,-1.5711505350091004,-2.9598745805592173,-6.283138330078324,-6.283013406820339,-653.5493213599669
852.0,-6.282970256783872,0.01049110978207002,-1.571141152783543,-2.9575177664012924,-6.2831392157601735,-6.2831147201975845,-654.305873909991
853.0,-6.283045345934219,0.010490506106016201,-1.5711395391893022,-2.955706594880019,-6.283139080062576,-6.283156403967924,-655.0624063298964
854.0,-6.283094817537999,0.010486447546953728,-1.5711361628494838,-2.957590823215862,-6.283139196692098,-6.278903853740428,-655.8189117353772
855.0,-6.283127593385828,0.010478990749429916,-1.5711317176805348,-2.9671286392399625,-6.283138990291494,-6.281501648343507,-656.5753608125179
856.0,-6.283145254046546,0.010502210149918636,-1.5711492583311757,-2.9640388534221276,-6.283137613605117,-6.28249183514383,-657.3318144233677
857.0,-6.28315983393155,0.010494649767058488,-1.5711434871751195,-2.9636970568286323,-6.283138597148834,-6.282900530114551,-658.0882649996108
858.0,-6.283169921910225,0.010484329750537418,-1.5711368563072687,-2.9705326373246286,-6.283138964321415,-6.283068367843529,-658.8446806109538
859.0,-6.283174838603888,0.010490005794193413,-1.5711421845825275,-2.976193378035281,-6.283138257741925,-6.2811593735149795,-659.6010661243185
860.0,-6.283179276334121,0.010482374633449016,-1.5711388788362861,-2.9884144597084266,-6.283138160019168,-6.282387963384543,-660.3573907693419
861.0,-6.283180253383922,0.01049439946192304,-1.5711485117896529,-2.9963542347035146,-6.283137418752477,-6.282856973877919,-661.1136730487208
862.0,-6.283181791813094,0.010494413482168428,-1.5711496290801659,-3.004779603078568,-6.2831375528654005,-6.283050570039404,-661.8699112104323
863.0,-6.283181753828775,0.010506931378944111,-1.5711571945556537,-3.0045481401141547,-6.283137007802962,-6.283130176060581,-662.6261480740749
864.0,-6.283182346919996,0.010508606699401948,-1.5711573894454716,-2.998736168033814,-6.28313755974861,-6.283162797256999,-663.3824136587375
865.0,-6.283184641371222,0.010489263127419957,-1.5711451119615873,-3.001111450803693,-6.28313886975197,-6.283176055157945,-664.1386689060422
866.0,-6.283184404242747,0.010494535713219974,-1.57114830228695,-2.9999250232525547,-6.283138183977404,-6.28318166503017,-664.8949293856025
867.0,-6.283184923432093,0.010491377582293559,-1.5711460628034497,-2.9995842885214223,-6.283138426438058,-6.2831838960929165,-665.6511917746614
868.0,-6.283185273628581,0.010488977674518781,-1.5711445416390064,-3.0004237483169027,-6.283138474053419,-6.283184818621234,-666.4074500667367
869.0,-6.283184494661202,0.010497850246566054,-1.5711496513023635,-2.9949587538717575,-6.283138026042104,-6.28318526982316,-667.1637350251964
870.0,-6.283185416591136,0.010489313728496728,-1.5711437168796294,-2.992617639714616,-6.283138774546738,-6.283185338191197,-667.9200327312997
871.0,-6.283185353961683,0.010490090675174223,-1.571143884825025,-2.9891830878630623,-6.283138632034858,-6.283185429835183,-668.6763476764183
872.0,-6.28318496271588,0.010493727714522156,-1.5711456825503856,-2.9821673716174133,-6.283138567846092,-6.283185474558199,-669.4326971563205
873.0,-6.28318763067185,0.01046951294622869,-1.5711299537295065,-2.9904805007959525,-6.283139490833397,-6.281405439143875,-670.1890082082398
874.0,-6.283186817628701,0.01047456614436671,-1.571135473656023,-3.001695025521915,-6.283138416132024,-6.28248556236214,-670.9452623154973
875.0,-6.283184515021142,0.010498834917232334,-1.5711509727299156,-3.001403689293392,-6.283137088381993,-6.282897242184478,-671.7015149779709
876.0,-6.283184376741008,0.010501593066851148,-1.571152235867361,-2.996455124071281,-6.280038733971016,-6.283067127675683,-672.4577763969166
877.0,-6.283185645673059,0.010487293172565366,-1.5711429843094606,-2.9987384829829464,-6.2819166096093975,-6.283136755109858,-673.2140368572552
878.0,-6.283184541036531,0.010498666500503462,-1.5711499957815676,-2.993344878879279,-6.282635726936795,-6.283165547199126,-673.9703272890741
879.0,-6.283185524298007,0.010489370751384331,-1.5711435909233045,-2.9914070262610846,-6.282932583936369,-6.283177233689811,-674.7266300787204
880.0,-6.283184814701399,0.010495658665660521,-1.5711472364453345,-2.984331835305184,-6.283053805511786,-6.283182124826662,-675.4829681932971
881.0,-6.2831859470611375,0.01048560886568508,-1.5711399460238773,-2.981919457229861,-6.283104411824693,-6.283184030627143,-676.2393196961742
882.0,-6.283187490932725,0.010470991468992188,-1.571131043557337,-2.9906879812937786,-6.283125003688949,-6.28318483702546,-676.9956296599028
883.0,-6.283185540720797,0.010489775338340121,-1.5711442547856884,-2.991553255034959,-6.277378021703615,-6.283185325786018,-677.7519037968267
884.0,-6.283185013067469,0.010493337027056421,-1.5711459869966922,-2.991457164591577,-6.280866045055251,-6.283185405841356,-678.5081952413047
885.0,-6.282552745217195,0.010501746360751036,-1.5711393793822879,-2.989636854430909,-6.282204529795124,-6.283185470713621,-679.2647234609316
886.0,-6.282677479637758,0.01047793720056327,-1.5711449230983656,-2.994398295991882,-6.2827554502857925,-6.283185402593194,-680.0212069647976
887.0,-6.282853286787514,0.010487312543994067,-1.5711474177637055,-2.996440730992818,-6.282980722932325,-6.283185503047435,-680.7776126609554
888.0,-6.282968641749275,0.010491780772736572,-1.5711476650663854,-2.9967990955715487,-6.2830734601487475,-6.283185511133572,-681.5339720449551
889.0,-6.283045097080533,0.010480526043513102,-1.5711402067324942,-3.0049812138587666,-6.283112015765879,-6.2831854523703194,-682.290262143246
890.0,-6.283092565689477,0.010498657436166252,-1.5711509444433083,-3.0041203933809584,-6.2831265372257805,-6.283185585572733,-683.0465356523654
891.0,-6.2831337664677225,0.00972975992110921,-1.5711255398759802,-2.996467426178808,-6.283133035243743,-6.2831855288312495,-683.8029156576918
892.0,-6.283139437452641,0.009837185297229694,-1.5711677058146432,-2.9922811870921735,-6.2831373058954645,-6.2831854633357676,-684.5593142375734
893.0,-6.2831561462098335,0.010063796942286455,-1.5711563181939414,-2.9873650656708812,-6.283138105421874,-6.28318546915819,-685.3157028158939
894.0,-6.283167766726449,0.010208859097050868,-1.571146218025372,-2.9849834143884872,-6.283138719938398,-6.283185430808381,-686.0720807420024
895.0,-6.283174289278145,0.010309693730590541,-1.571144690793764,-2.9804744623672295,-6.283138566226459,-6.2831854763241415,-686.8284658601627
896.0,-6.282745943310714,0.010362116117267967,-1.5711276784570158,-2.9872912733658956,-6.283139300971652,-6.283185390113192,-687.5849611021978
897.0,-6.282832704444179,0.010400326383224799,-1.5711408025572016,-2.9951962641940266,-6.283138388778433,-6.283185455023167,-688.3413930277048
898.0,-6.28295427322271,0.010442168836316235,-1.571148036048679,-2.997244187952472,-6.283137576289902,-6.283185559826806,-689.0977624023312
899.0,-6.28303476888181,0.010460363070494494,-1.5711469490565027,-2.9991382134205797,-6.283137944262971,-6.283185514779718,-689.8540888329617
900.0,-6.283085966054172,0.010484219460907551,-1.5711536711825727,-2.9918720136053545,-6.283137741109983,-6.283185548452116,-690.6104289284568
901.0,-6.2831209396571825,0.010483341179855879,-1.5711473139215733,-2.9851425728289045,-6.2831385976603675,-6.283185483985538,-691.3667894387316
902.0,-6.28314570449715,0.010464090561472655,-1.5711319388612777,-2.9928144779786647,-6.283139459385111,-6.283185387984768,-692.1231053418828
903.0,-6.283154106643386,0.01048025790162168,-1.570812904996106,-2.9886479241020165,-6.283137817970093,-6.283185553596633,-692.8794099995148
904.0,-6.283170773556161,0.010491251144338057,-1.570903066337452,-2.9902380548629615,-6.283138860249796,-6.283185428782667,-693.6357054225947
905.0,-6.283193463408969,0.009058005420527981,-1.570931695471761,-2.991308561192172,-6.283137891404925,-6.283185456394096,-694.3921501218258
906.0,-6.283169127559335,0.009134683327876555,-1.5710660985480684,-3.0028450379110323,-6.283139187579684,-6.28318549493222,-695.1485613836898
907.0,-6.283172474445392,0.009592613387310054,-1.5711032126368079,-3.008252394486792,-6.283137685515369,-6.283185566802677,-695.9048903168394
908.0,-6.283178523466792,0.009908057266826243,-1.5711142192599397,-3.0140725650887545,-6.283137682076862,-6.283185521405666,-696.6611484325887
909.0,-6.283181729702149,0.01011588722041862,-1.571124677230656,-3.01823377496311,-6.283137516926389,-6.283185534832342,-697.4173582614662
910.0,-6.283182976704393,0.010257005921396122,-1.5711356122413709,-3.015977233652095,-6.283137296040144,-6.283185579905355,-698.173562286093
911.0,-6.283183972116202,0.010342723052567613,-1.571139662494609,-3.0101276927230787,-6.283137800533004,-6.283185540771574,-698.9297863202156
912.0,-6.283183788242153,0.01040342752143342,-1.5711456798090897,-2.9967101637141496,-6.283138422551583,-6.283185451081653,-699.6860721422888
913.0,-6.283185782942868,0.010420394373168258,-1.5711353077231203,-2.9894859680540726,-6.283139449172567,-6.283185390897247,-700.4423924793579
914.0,-6.28318741556046,0.010428694427046345,-1.571127395550786,-2.9926121567093134,-6.283139841024038,-6.283185321827917,-701.1986965053137
915.0,-6.283186863641659,0.010448966926270668,-1.5711327179758037,-2.996966404693865,-6.283138825365813,-6.283185428953476,-701.9549766273415
916.0,-6.2831857768411234,0.01046989080827334,-1.571140900329949,-2.9972512179549025,-6.2831380610371825,-6.283185518333688,-702.7112530746161
917.0,-6.283185348366946,0.010480698138565893,-1.5711441695429689,-2.99478177815971,-6.283138095168377,-6.283185520118454,-703.4675408153445
918.0,-6.2831861543396865,0.010476391217688686,-1.5711394770112455,-2.9974170161833507,-6.283138724018768,-6.283185433606568,-704.223815762017
919.0,-6.283185839059555,0.01048157713717989,-1.571141883049524,-3.0000597319768656,-6.283138336622304,-6.283185478585898,-704.980076753554
920.0,-6.283185961237332,0.010481235021368768,-1.5711415694925754,-3.005511378086821,-6.283138347027955,-6.283185461768744,-705.7363098304321
921.0,-6.283186600060573,0.010472398107284604,-1.57113810971921,-3.0187937386966284,-6.278929158944791,-6.283185521211402,-706.4924520877399
922.0,-6.283184361933807,0.010498738049683837,-1.571153301463854,-3.021470752126943,-6.281476871214769,-6.2831856138134,-707.2485896169742
923.0,-6.283183330700544,0.010513852548950035,-1.5711609532246111,-3.012131588122848,-6.2824550088534625,-6.283185568210005,-708.0047796691227
924.0,-6.283150790635975,0.010397294122410895,-1.5679589976691812,-3.000814670546852,-6.282857971391266,-6.2831855126389105,-708.7608063384278
925.0,-6.283209417226811,0.010571313784500849,-1.5688778724564967,-2.9952234559729263,-6.283024951186889,-6.283185357494309,-709.5168775770372
926.0,-6.283192954775151,0.01051156802729229,-1.569622656107288,-3.0040840946946337,-6.283092510799255,-6.283185366697386,-710.2729827375015
927.0,-6.283183277034876,0.010514519287178201,-1.570144304338758,-3.0014143483752593,-6.283118367747628,-6.283185559782228,-711.0291474864507
928.0,-6.283181667911025,0.010504827622104175,-1.5704812360565814,-2.9951403721410093,-6.283130105141348,-6.283185532421457,-711.7853745124032
929.0,-6.283182773836558,0.010485105175180644,-1.5706959904160258,-2.9957629381128097,-6.283135751024282,-6.283185408112174,-712.541619950261
930.0,-6.283182868650791,0.010483885165294707,-1.5708459161197037,-2.9967325122071653,-6.283137238135768,-6.283185461239761,-713.2978734019763
931.0,-6.28318331829667,0.010483122041380428,-1.5709452540241446,-2.9988319599791926,-6.283137903489026,-6.283185466817068,-714.0541246334234
932.0,-6.283184348380669,0.010476405584896648,-1.5710080676160472,-3.0068983153447526,-6.2831382748114795,-6.283185450801839,-714.8103407667317
933.0,-6.283183616664466,0.010489250496148069,-1.5710601755962357,-3.010068988693257,-6.283137531847314,-6.283185545796189,-715.5665424130727
934.0,-6.283183595732414,0.010494849931486454,-1.5710923063021207,-3.0096129748857465,-6.2831376011891305,-6.2831855498530125,-716.3227478211821
935.0,-6.283184498911756,0.010488295071884382,-1.5711076990451092,-3.0121738984392774,-6.283138222950324,-6.283185473243686,-717.078942002143
936.0,-6.283184733982474,0.010488197940863593,-1.5711207089683736,-3.015247677678403,-6.283138113328187,-6.283185486846689,-717.8351209595838
937.0,-6.283185061523711,0.01048604097805322,-1.5711284729406738,-3.0204778670979167,-6.283138130292175,-6.2831854741674915,-718.591273071522
938.0,-6.283184849708977,0.010490361105227204,-1.5711369514159612,-3.0242166150957734,-6.283137773407084,-6.283185515753759,-719.3474049433058
939.0,-6.283184700642737,0.01049420076941834,-1.571142823119704,-3.025536242405033,-6.283137668695141,-6.283185531739024,-720.1035292450727
940.0,-6.283184484243102,0.01049875207374849,-1.571147380090134,-3.0224825771936903,-6.283137661832492,-6.283185547991908,-720.8596691727608
941.0,-6.28318369751302,0.010508143656797192,-1.5711536336880467,-3.0101870537852102,-6.28313806244269,-6.283185482279595,-721.6158726967114
942.0,-6.283184351093004,0.01049846768314906,-1.5711481361075856,-2.9968675409207735,-6.283139017636125,-6.283185418064864,-722.3721461023935
943.0,-6.283187500587335,0.010465993438413732,-1.5711283226922497,-3.0013679646750604,-6.283140145251439,-6.283185312734774,-723.1284007726882
944.0,-6.283186093862974,0.010480640035510047,-1.571138284988718,-3.001926002010588,-6.2831385954894525,-6.283185466910966,-723.8846513960704
945.0,-6.283185860146034,0.010484118390269715,-1.57114066641202,-3.002370112625027,-6.28313842650864,-6.283185473574777,-724.6408995371046
946.0,-6.283185049434023,0.010493143135790745,-1.5711461012400123,-2.997534334544673,-6.283138055207522,-6.283185533286053,-725.3971714233294
947.0,-6.2831861161687765,0.010482510789130367,-1.5711394641410414,-2.998714510276145,-6.283138904454204,-6.283185417777368,-726.1534386533245
948.0,-6.2831848348136825,0.010495336020910658,-1.5711473660066693,-2.992390660030396,-6.283138163124631,-6.283185519258913,-726.909736571524
949.0,-6.283185528527365,0.010488857188272012,-1.571142633495692,-2.988056042865784,-6.283138813179922,-6.283185454115636,-727.6660570271797
950.0,-6.2831861304470085,0.01048330265696434,-1.5711388221884142,-2.987233794017013,-6.2831390532227065,-6.283185422187818,-728.4223824220003
951.0,-6.283185467489696,0.010489531650392698,-1.571142674766929,-2.9831601514910284,-6.283138554992441,-6.283185491982625,-729.1787275503935
952.0,-6.283186520229348,0.01048038846720269,-1.5711365543192837,-2.985519570789081,-6.28313914061733,-6.283185401963204,-729.9350621882656
953.0,-6.283185937856779,0.01048559785370342,-1.5711403756581324,-2.9868903631091697,-6.283138515931321,-6.283185476474073,-730.6913896641893
954.0,-6.28318629408728,0.010481986502744102,-1.5711387120945053,-2.9925157629954033,-6.283138641030764,-6.283185440297385,-731.4476895239574
955.0,-6.283184891552937,0.010495924675582689,-1.5711479840242295,-2.990527961416531,-6.2806297984945445,-6.28318557217698,-732.203985199037
956.0,-6.2831857962110185,0.01044167745432418,-1.5711436505288332,-2.9896450033726225,-6.282149220080177,-6.283185483133706,-732.960298131697
957.0,-6.283185427783948,0.010442872616991656,-1.5711430245743394,-2.9927272052757936,-6.2827322084705495,-6.283185444271757,-733.7165997212124
958.0,-6.283185059296003,0.010463360968571042,-1.5711461219629221,-2.993213761182739,-6.28297130013998,-6.283185508992568,-734.4728975582574
959.0,-6.283185465198774,0.010470745162259355,-1.571144269437472,-2.9952926577900767,-6.283069874977598,-6.283185475098034,-735.2291843377154
960.0,-6.283183613059379,0.010495155566668607,-1.5711552135013136,-2.9850955750561927,-6.283109816426696,-6.283185514395809,-735.9855194756316
961.0,-6.283184500457815,0.010490465465660114,-1.5711482499607274,-2.974515644759665,-6.283127331598775,-6.283185460393061,-736.7419069891147
962.0,-6.283187699224154,0.01046626828950126,-1.5711294285771484,-2.9799185366901364,-6.283135231313278,-6.2831853427406825,-737.4982708989451
963.0,-6.283186766147744,0.01047501884713724,-1.5711354081153663,-2.986181560420283,-6.283136891652582,-6.28318543281695,-738.2546034026794
964.0,-6.283186215351049,0.010480459976424121,-1.5711394521237776,-2.993602008648599,-6.283137494921843,-6.283185473959634,-739.0108983346971
965.0,-6.283186573477242,0.010474902725586915,-1.5711379898947553,-3.007680418972941,-6.281002419556842,-6.283185540662342,-739.7671110056414
966.0,-6.281605196115451,0.010525975447111752,-1.5711395191187345,-3.0063513006716365,-6.282294478459012,-6.283185653135735,-740.5238829241973
967.0,-6.281914869057684,0.010485103223545943,-1.5711641594080923,-3.0056643637267086,-6.275415966340202,-6.283185539062554,-741.2805595947023
968.0,-6.282354861954713,0.010496306940634088,-1.5711600219031023,-3.000168792349364,-6.28002751701214,-6.283185542826184,-742.0371185095232
969.0,-6.282645890786405,0.010475323918577212,-1.5711412278758448,-3.007526236953332,-6.281861486451466,-6.283185414424383,-742.7935414556279
970.0,-6.282832881530981,0.010489876127855553,-1.5711474304805644,-3.0100496849810896,-6.282613444636749,-6.283185522237683,-743.5498816319556
971.0,-6.282953892080991,0.010509387807457107,-1.5711569743837042,-2.999987544429822,-6.2829223655635085,-6.283185528741918,-744.3062259160037
972.0,-6.283035973364989,0.010487575649819914,-1.5711421658748566,-2.998648659599103,-6.283050717136468,-6.283185400612588,-745.062549550181
973.0,-6.283089086641391,0.010476048409283173,-1.5711356991195349,-3.005669197044928,-6.283102788702344,-6.283185400486478,-745.8188190956147
974.0,-6.283120952265383,0.010498834933012187,-1.5711496520473862,-3.001201748530195,-6.283122776650878,-6.283185559060865,-746.5750960908738
975.0,-6.28314417206851,0.010487997831303313,-1.571142785322633,-3.001502376174184,-6.283132512456844,-6.283185446022148,-747.3313643203494
976.0,-6.283158323120059,0.01049073864668762,-1.57114462309841,-3.000114143922482,-6.28313582025639,-6.283185491913185,-748.0876338864734
977.0,-6.2831687679895465,0.01047913385871793,-1.5711382697309295,-3.0064855393762464,-6.283137785628943,-6.28034785295138,-748.8438685785653
978.0,-6.283175149284713,0.01047272628787596,-1.5711368676012483,-3.0201472205323276,-6.283137737865615,-6.282069725479038,-749.6000303499414
979.0,-6.283176671475223,0.010503803729828008,-1.5711550932253513,-3.0191027606625687,-6.283136520257357,-6.2827259164814935,-750.3561919857078
980.0,-6.283180172642848,0.010493445385726807,-1.5711491326249076,-3.021681007722992,-6.283137847656794,-6.2829966684552,-751.1123397971224
981.0,-6.283182125783552,0.01048928393091704,-1.5711474014973434,-3.026342006591847,-6.283138015587425,-6.2807382675126355,-751.8684623384713
982.0,-6.283181887264206,0.010507753020280982,-1.5711571226981926,-3.0192031032498194,-6.283137383546881,-6.282221907423096,-752.6246198477659
983.0,-6.2831840284391784,0.010489941984604572,-1.5711465154585467,-3.0182119067082187,-6.283138637984144,-6.282788425103235,-753.3807843561623
984.0,-6.283178819223836,0.010472549379539934,-1.5706070180038854,-3.016004311608242,-6.283138304610455,-6.283022418412883,-754.1369221427557
985.0,-6.283188317084066,0.010509584627379802,-1.5707665319167012,-3.009268182914548,-6.283138319314062,-6.283118508091347,-754.8930968024611
986.0,-6.283187908316044,0.010487389680454467,-1.5708849393570712,-3.01083623915631,-6.283139173908838,-6.283157859635043,-755.6492776672613
987.0,-6.283170133493656,0.010437390844113456,-1.5694175076021937,-3.0104686949047226,-6.283138214071043,-6.283174187870077,-756.4053582833507
988.0,-6.283190300151541,0.010516377194265892,-1.569325414007913,-3.0045441878233734,-6.283138277817739,-6.283180866385203,-757.1614377339923
989.0,-6.283186748257768,0.010530622455163516,-1.569906689676682,-2.9976620968915797,-6.283138713262889,-6.283183563195007,-757.9175977078166
990.0,-6.283184923731289,0.010500878407022907,-1.5703146126653174,-2.996334472485633,-6.283139199625467,-6.283184615379281,-758.6738045887064
991.0,-6.283183750872998,0.010489668934387363,-1.5705905834753489,-2.9967992664563643,-6.283138842204316,-6.283185113284836,-759.4300347783776
992.0,-6.2831838700593075,0.010480095143229458,-1.5707724080777377,-3.0022584176716185,-6.283138792019497,-6.283185285914553,-760.1862542787107
993.0,-6.283182340521545,0.010495884107623598,-1.5709059333341375,-2.9982065589739775,-6.283137667022276,-6.2831855130111185,-760.9425030496483
994.0,-6.28318288439894,0.010493386644281052,-1.570985694526092,-2.992628606321242,-6.283138263506559,-6.2831854880610924,-761.6987870804685
995.0,-6.283184690526981,0.010479191852619996,-1.5710308750499313,-2.994946317126249,-6.283139137625885,-6.283185383302079,-762.4550656146042
996.0,-6.283183415402039,0.010495010787779936,-1.5710767022600627,-2.9882750314412907,-6.283138158882297,-6.283185513912279,-763.2113789454744
997.0,-6.283185890208455,0.010474950574757603,-1.5710874699135877,-2.9934484800765797,-6.283139271194799,-6.283185385361334,-763.9676706014095
998.0,-6.283197449437042,0.008345720488410296,-1.571030658820437,-2.997358816062539,-6.283137528204623,-6.28318544268072,-764.7241714262474
999.0,-6.2831566216462,0.008681775096415677,-1.571184873673161,-2.999385836171077,-6.2831389914075375,-6.283185549329869,-764.7241714262474
