time,shoulder link,upper arm link,forearm link,wrist1 link,wrist2 link,wrist3 link,total_reward
0.0,6.495538651895228e-05,6.0154484821820515e-05,-1.871528642235847e-05,0.00010972132792743655,3.693733582356711e-06,-0.00033384353784305304,-0.9111607981031667
1.0,-0.0044820732285278395,0.00456665152941316,-0.005042841873689681,-0.007410547931812866,-0.011113183440818252,-0.011315302907966134,-1.8206174334856606
2.0,-0.014525844775555666,0.00873251239358021,-0.014231134219880244,-0.006766233137041612,-0.022834036694276798,-0.026877001797621397,-2.724148398510452
3.0,-0.02790963252509183,0.011195920271412358,-0.024733183001733654,-0.017671894017275664,-0.03428942538547592,-0.042380770906160714,-3.6192787765316234
4.0,-0.04291615117345084,0.012835240160687496,-0.03801878961085564,-0.033282679548859016,-0.050036118019005496,-0.05172366126064281,-4.5042478612957515
5.0,-0.05649750550214042,0.013754091088589855,-0.052913055212790834,-0.050833854089062394,-0.06763139512772949,-0.06633785685688635,-5.379160284060644
6.0,-0.0708918575904168,0.014069873829801434,-0.06646811409234006,-0.06623295840491907,-0.0815535903031538,-0.08345981949888158,-6.243620801516455
7.0,-0.08106421650767497,0.014305905103927916,-0.07942047211937169,-0.07893635462780416,-0.0983179339287285,-0.10162458243221624,-7.099680900783337
8.0,-0.09162567364982856,0.014357121072985876,-0.09025953387611595,-0.09516513161014858,-0.1163408355838644,-0.12022065966890914,-7.947685457300322
9.0,-0.10398981248388964,0.014782106528707806,-0.10361478563199163,-0.11295148107762464,-0.12890396309482002,-0.13266020489340163,-8.786460501932217
10.0,-0.11837450066983636,0.014721654036366572,-0.11553829378346023,-0.12949853947859777,-0.1450830145129154,-0.14878130706434436,-9.61466215143242
11.0,-0.13443981276930003,0.014745294817237846,-0.12720297456139879,-0.13687119727001631,-0.16285874759837884,-0.16652961706785085,-10.431000472965184
12.0,-0.15155751846579982,0.014539801403477161,-0.13544277608214572,-0.150980098747013,-0.179878130842065,-0.18495339675783717,-11.23547118757214
13.0,-0.1684687211392165,0.014261429350522986,-0.1386795020110124,-0.16791028179238043,-0.19494314220377132,-0.19758840064073216,-12.029113784412331
14.0,-0.18286538097206692,0.014933054979402062,-0.1467288028920868,-0.18596759172939434,-0.20378705742521686,-0.21379467920681666,-12.813124830844036
15.0,-0.197652768013743,0.014918174171882759,-0.15414282318221842,-0.20270532992917611,-0.2133176532643759,-0.22937607523257075,-13.587133133658442
16.0,-0.21387164706941086,0.015082666394749762,-0.16311837104643215,-0.22066800593915764,-0.22418135999298883,-0.24340105912295595,-14.350024219472752
17.0,-0.23111164566928752,0.014674843506604243,-0.16815352645094303,-0.22823654565781928,-0.23755320859619566,-0.24896218723979613,-15.10130713100528
18.0,-0.24895918473410442,0.014236803814025291,-0.1666548453788409,-0.24242924941056765,-0.25332272421950003,-0.2623509270291559,-15.841917183496989
19.0,-0.26627893525404683,0.015040940828940445,-0.17112219681302,-0.2593458006931569,-0.2709192030357793,-0.27897263199270544,-16.57163822942381
20.0,-0.2837807576034521,0.015038475862286738,-0.1751744455830207,-0.27744552749565127,-0.28927923783705967,-0.2969309451698025,-17.290100060470596
21.0,-0.30108818517449243,0.01477806175474126,-0.1762180969435655,-0.29602370072212525,-0.3079556573371279,-0.30202567543894493,-17.997875216160566
22.0,-0.3159210552681006,0.013877510261117965,-0.18133080312930375,-0.31473979311983086,-0.3152745647964066,-0.3152573821318417,-18.69562611806634
23.0,-0.3310214295623127,0.013914625103268274,-0.1884366170288227,-0.33359966000504243,-0.32812851689204725,-0.3318153634643973,-19.383073503045704
24.0,-0.34565014866325744,0.013565447278926127,-0.1870913098858567,-0.35250525971472874,-0.34028714986327413,-0.3497473069878063,-20.061998774462804
25.0,-0.35799561142017133,0.014237234640851738,-0.1874257086490837,-0.3713597754059373,-0.35633432235779133,-0.36824699214146545,-20.733857413055155
26.0,-0.3713599520316285,0.014677821798421394,-0.18930907451005455,-0.38526715752743435,-0.37405593766570217,-0.38698150607676807,-21.397683302402616
27.0,-0.3850525084598791,0.015327475105538292,-0.19667440433883615,-0.4000177697020486,-0.3924716490050247,-0.40581300781111673,-22.05214277261603
28.0,-0.3999784290429715,0.015346119583076048,-0.20525317615102134,-0.4115935876912185,-0.40529385509935767,-0.42468475114900905,-22.696039804329992
29.0,-0.4148186771893822,0.014749634844669395,-0.20849038879706078,-0.4206923967406364,-0.4207995720075927,-0.4366143611969399,-23.330121195469538
30.0,-0.4305068374032272,0.015102574512313725,-0.21651253546259216,-0.43538824389706166,-0.43751950112777177,-0.45253519148361704,-23.95353353374533
31.0,-0.44617045795879895,0.015182003700592585,-0.22618597414578326,-0.4525794583716357,-0.45323383089533936,-0.47020113576057243,-24.56572189079879
32.0,-0.4584702261679799,0.015149168745376357,-0.23602162902533627,-0.4707816392931943,-0.4707794248722024,-0.48355489132149204,-25.16834236337942
33.0,-0.470014313659627,0.015361850485356739,-0.24876556082805595,-0.4893530538546021,-0.48603269621745576,-0.499432026931176,-25.76144604167108
34.0,-0.4835444432794329,0.015345133122057944,-0.26271636918242675,-0.5081190527810516,-0.4997992438357247,-0.5039412501996553,-26.343537963818875
35.0,-0.49524778224422245,0.015360089166554135,-0.27828828580995724,-0.526965899335261,-0.5141664513555927,-0.5169292200801403,-26.915032783471112
36.0,-0.5079477077988173,0.014280566482320026,-0.2838890256830386,-0.538772590636909,-0.5311463092572677,-0.5275660236022579,-27.477223063082857
37.0,-0.5228409792720972,0.014541913931014248,-0.28977855266392977,-0.5526744587638782,-0.5425602690419913,-0.542532629811508,-28.029763135319296
38.0,-0.5367884595784628,0.015082041770608385,-0.29982291740797706,-0.5641673467633789,-0.5582726184255085,-0.5541604360411915,-28.572151400375525
39.0,-0.5514986839795625,0.015264590560306332,-0.3118025470144243,-0.5786727815357083,-0.5706609979224221,-0.5699576149884478,-29.103435111356255
40.0,-0.5657731339075351,0.015391328633786882,-0.32606568031771677,-0.595739764309599,-0.5783197114079761,-0.5875723584076623,-29.623199653047912
41.0,-0.5787046352616181,0.015382418848498369,-0.3419019371477171,-0.6138775954307278,-0.5903330172770173,-0.605941005274318,-30.131579367320782
42.0,-0.5915703833668317,0.01525346378645058,-0.35878870213917,-0.6234584628111237,-0.5996804619977978,-0.6246213488372817,-30.628292826727762
43.0,-0.606050172834806,0.015196520114688448,-0.37630818379420045,-0.6368763746488431,-0.6101033770047293,-0.6405344128719317,-31.11235466503254
44.0,-0.6164014621646428,0.01514873409140175,-0.3942646793841975,-0.6534961833407232,-0.625429323613661,-0.6561083788803789,-31.58551183459242
45.0,-0.6274283779316489,0.014909832015944428,-0.4110593940725401,-0.6693616890137096,-0.6403793066848351,-0.6660216267426595,-32.04783219919041
46.0,-0.6411923208710264,0.014453133988876366,-0.423527785978093,-0.6815266256931033,-0.6483398463273257,-0.68112907133455,-32.498980580056205
47.0,-0.6555535771872651,0.014741625915590018,-0.43787635762726335,-0.6940030835046733,-0.6591933346727312,-0.6984590509350718,-32.93853740756476
48.0,-0.6710280037157029,0.014606077177162995,-0.45002320165060034,-0.7102078419519194,-0.6706450851631511,-0.7167100437116424,-33.36631188586461
49.0,-0.6877464629392183,0.014533950090692374,-0.46046758377355584,-0.7279926948228715,-0.681954036528034,-0.7241447356430699,-33.78225408878803
50.0,-0.7053150028356925,0.0147667502697121,-0.47359820659922824,-0.7316977791725657,-0.6976431933702827,-0.7371429731480262,-34.185606039265565
51.0,-0.7191571536254718,0.015018417958899489,-0.4885820652830381,-0.7422083516473917,-0.7057240011985474,-0.7484665632518818,-34.57753533519305
52.0,-0.7330698755516422,0.015076193417506064,-0.5049271190078758,-0.7576095516444431,-0.7148575829588292,-0.7641466759760134,-34.95761326582666
53.0,-0.7484149456675402,0.014764672008813583,-0.5196131366151636,-0.7701620405128464,-0.7296314115733677,-0.7739062170365175,-35.32545851776916
54.0,-0.7649892942322316,0.014750364968827421,-0.5355472988606875,-0.7718349623912517,-0.7468280527887398,-0.7889537234054759,-35.68061176915023
55.0,-0.7778191129711105,0.01440794444648296,-0.5467900021886888,-0.7836943592889123,-0.7625688197333356,-0.8062590471176955,-36.02577528779428
56.0,-0.7879238054242422,0.014407928798349475,-0.5572184198631818,-0.7936033617644959,-0.7792727601742194,-0.8244997890854548,-36.362867710476756
57.0,-0.7996170843489624,0.014351095669388194,-0.5659368567118918,-0.8058358015968076,-0.7972462297539894,-0.8431272887921281,-36.69187197700843
58.0,-0.8138070250642399,0.014389122115040839,-0.5736201527861009,-0.8216127362784286,-0.8023853571392774,-0.8619146446259199,-37.01224284549931
59.0,-0.8248981507155856,0.01467809574752102,-0.5831868972190594,-0.839200060410167,-0.8156416391162837,-0.8807679900019684,-37.32472829180057
60.0,-0.8355279488988288,0.014857429478652567,-0.5958704880266353,-0.8474602836318865,-0.8244995486993805,-0.8996487564432698,-37.62877650551667
61.0,-0.8436930584427567,0.014824495593369482,-0.6090248969156227,-0.8576183183974535,-0.8391830652810475,-0.9110293817603353,-37.924891965388426
62.0,-0.852800011632188,0.014902717630867908,-0.6240588016628169,-0.872820632616948,-0.8523565697612097,-0.9267349744253125,-38.2121813104056
63.0,-0.8649578230894696,0.014363911232423004,-0.6350951002660383,-0.8856241685900151,-0.8688183938819513,-0.9412447475204161,-38.49064123590613
64.0,-0.8796474700883863,0.014554836599717687,-0.6484924578977764,-0.8950951841297864,-0.8753446014224742,-0.9526127092662211,-38.75939897357334
65.0,-0.8939955289754502,0.01430024554198139,-0.6587059935483863,-0.9100353806285968,-0.8808341096944949,-0.968300799418931,-39.01937271286092
66.0,-0.9052057057480319,0.014595129229523805,-0.6715890700845442,-0.92628534226508,-0.8941507616976996,-0.9755431493942864,-39.271158325696796
67.0,-0.9175881593659599,0.01462682661892895,-0.6863332435065317,-0.9379736498667972,-0.9094173122304693,-0.9859261186420545,-39.51397205033433
68.0,-0.9322749114811018,0.014455214163831517,-0.7010427759231278,-0.943676995296369,-0.9267938893061485,-1.0012418732630306,-39.74758786953567
69.0,-0.9485439959443484,0.014555508611445233,-0.7170425739242806,-0.9570737275767416,-0.945066675450425,-1.006914982234633,-39.971610438962635
70.0,-0.9657870718844606,0.014348844744386153,-0.7319132155592307,-0.9706514701392686,-0.9602830491715622,-1.0203559890236893,-40.18658633787633
71.0,-0.9836611956492904,0.01438347597125166,-0.7475802657657211,-0.9872829928714979,-0.9762134524979772,-1.0316672546900467,-40.39298628484175
72.0,-1.0000593483697844,0.014295665657468768,-0.764044495803536,-0.9928667464060528,-0.9938645949046438,-1.04545240756998,-40.591734048262445
73.0,-1.0162721090708005,0.01414270971813895,-0.780837799208742,-0.9843743090154522,-1.0122451193875843,-1.0603515761182363,-40.783996980108775
74.0,-1.0306203579956879,0.01377574085372525,-0.7927585634181944,-0.9801188992441557,-1.0283000973332852,-1.0775650287052396,-40.972143641680674
75.0,-1.0410314381264718,0.014029975128020062,-0.8063319251892485,-0.973783132412783,-1.042707908686037,-1.084896641218681,-41.156407521606276
76.0,-1.0446955864273368,0.013816565132000351,-0.8170556240642921,-0.9615072290431443,-1.0503781751779675,-1.0941650756394998,-41.33705945548301
77.0,-1.0408024940277423,0.013335995659297082,-0.8205631793485076,-0.9453863920886959,-1.0645953622707998,-1.109000495670114,-41.51637948734035
78.0,-1.0348228582682193,0.013892126218645249,-0.8278372603295566,-0.9275445875813478,-1.0794491215957276,-1.1262180397908392,-41.69363191386851
79.0,-1.025308276413928,0.01425198583284282,-0.8384005693346848,-0.9090853960969496,-1.0965269471679169,-1.1444224542530677,-41.867179973671035
80.0,-1.012393302605988,0.014416849686104398,-0.851763450944391,-0.8903747703267094,-1.10710691272928,-1.1630349595799436,-42.03561031582761
81.0,-1.0040587778801142,0.014338476830682857,-0.8670932295992229,-0.8715659854967757,-1.1224748032652183,-1.1793321060844173,-42.19850721940187
82.0,-1.0043846043663485,0.013720442415043074,-0.8809485327801604,-0.86514657288657,-1.139913171668647,-1.1963170732415178,-42.355756793362836
83.0,-1.0114289837878954,0.013580385143647379,-0.8952549382001374,-0.8570115145677807,-1.1539157179496204,-1.2144106966196315,-42.507591796658744
84.0,-1.0200325123763057,0.013345877121816205,-0.9055718883491608,-0.8523068458598454,-1.16798280151018,-1.2329620509452894,-42.65575541571451
85.0,-1.0252676539886265,0.013001114023910508,-0.9086491735206156,-0.8522831610475472,-1.178764652787619,-1.2416019834517964,-42.8029463434677
86.0,-1.023332415288026,0.013058431356739994,-0.9090434545445863,-0.8410996276122918,-1.1942102769228142,-1.2503779903902514,-42.950658466077826
87.0,-1.0153546639337185,0.013741043646426091,-0.9137346168665358,-0.8323176598415469,-1.2071716888128898,-1.2649919979831659,-43.09709456765637
88.0,-1.0033103707951434,0.013649614315304223,-0.9167359183181131,-0.8194444945548379,-1.2235351223617223,-1.2795862258243038,-43.24248005533252
89.0,-0.988906992868683,0.013579044974283977,-0.9169588827330449,-0.8144416369714182,-1.2313873433232998,-1.2966629510553878,-43.388017363872756
90.0,-0.9831787825623413,0.014107537570376052,-0.9231539787970832,-0.8219048128043993,-1.2456759786335256,-1.313176646707887,-43.53162740401435
91.0,-0.9847062475144155,0.013690857295586546,-0.9261203891863554,-0.8323888074576559,-1.2602804945875876,-1.331062256098286,-43.67327930796989
92.0,-0.9886719603927656,0.01324809442567491,-0.9241832816094137,-0.834608188409762,-1.2633392391891318,-1.3417578893903073,-43.81512005172728
93.0,-0.9969901402474318,0.0114238784911355,-0.9210827137685558,-0.846566591277168,-1.2643979727159018,-1.357187790830511,-43.95652763958995
94.0,-1.0014642809090162,0.012090002204570849,-0.9253719791244358,-0.8475759689287464,-1.2720156468466524,-1.37465108232322,-44.09684599626256
95.0,-1.0032989810783663,0.012878368382450654,-0.9313224614678889,-0.8561499208500472,-1.2782783112622553,-1.3929571676063681,-44.235147648600716
96.0,-0.9992290476811168,0.013298848749956859,-0.9391409074295831,-0.8532231804375969,-1.2830364857786198,-1.405912085263585,-44.37053030310481
97.0,-0.9930659029004019,0.013195817877188834,-0.9434689282110998,-0.8527659740194713,-1.296047743179427,-1.422257132655352,-44.50398520860992
98.0,-0.9848910609060555,0.012882410051725659,-0.9416406211171195,-0.8465565909287595,-1.3125169661886167,-1.4399411077285686,-44.638251658258966
99.0,-0.978771124874491,0.013290481146526974,-0.941489823040963,-0.8411118151785295,-1.3304073328085562,-1.4583357176934613,-44.77341496405183
100.0,-0.9723695044416516,0.013484652069204111,-0.941225487475325,-0.8397576997011571,-1.348854626897612,-1.4723724534549576,-44.909199386764925
101.0,-0.9717569535047769,0.013499260067660952,-0.9407943185242833,-0.8391646858825383,-1.3672237797612758,-1.4837430474475928,-45.04526968122062
102.0,-0.9733186346799403,0.013566743037769342,-0.9392134314057775,-0.8500203472719503,-1.383951475032226,-1.4994352609929726,-45.181540718494944
103.0,-0.974900271447672,0.013726609810108037,-0.9391348639670368,-0.8599654513321535,-1.3978328015489456,-1.5102187963099971,-45.31755524570005
104.0,-0.9781810442714776,0.013614720287553221,-0.9383051556418338,-0.8657980111248104,-1.414584995269903,-1.5200329027386863,-45.45360312576427
105.0,-0.9818407550663896,0.013775934675479122,-0.93914633360978,-0.8713403154391127,-1.4180417504411744,-1.5350779746577445,-45.589305498568905
106.0,-0.9814081373719206,0.013517748948332573,-0.937691978003026,-0.8624726007641917,-1.4245792824197108,-1.5495832638799427,-45.725765045961325
107.0,-0.9800890493715373,0.013610796846915858,-0.9380122377233852,-0.8668085136556785,-1.4373786976623455,-1.5666187054254437,-45.86206712470409
108.0,-0.9740710996851122,0.013975290642772219,-0.9427012701583152,-0.8737830560475194,-1.4537507371473106,-1.584746579424816,-45.99633036828618
109.0,-0.9657127694883387,0.013739904491993572,-0.9465065694235231,-0.8699364035971487,-1.471598137609794,-1.5974128264439822,-46.128871462105636
110.0,-0.9555577370814464,0.014020084779470424,-0.9533348472656075,-0.8746350653866279,-1.490064395644352,-1.604407878122606,-46.258747564294744
111.0,-0.9481726905689443,0.014136572303287248,-0.9642211207283776,-0.8781692172942415,-1.5087765722516369,-1.616946429496733,-46.384262528238885
112.0,-0.9451765666281724,0.013941554288767517,-0.9757068109497627,-0.8849426190435649,-1.5238207010273677,-1.6313703902591659,-46.5045072852665
113.0,-0.9489777025236787,0.01377224747573718,-0.987485009416974,-0.8987420183609073,-1.541059466912203,-1.645753074274967,-46.618460646513505
114.0,-0.9546874359107632,0.01381823251883558,-1.0015167876707134,-0.9155249038415508,-1.552940392344943,-1.6597447553986295,-46.72523926159532
115.0,-0.9595840421591881,0.01309667554983053,-1.0090110238301941,-0.9217336709026727,-1.5605214264476694,-1.6733560144943291,-46.827592743630575
116.0,-0.9648943334216487,0.01229490055973394,-1.0118611608592991,-0.9222133142748997,-1.5691705270432066,-1.690013517653402,-46.9280008378064
117.0,-0.9637528933651729,0.012592849817969818,-1.0146605030696585,-0.9226920279492478,-1.583752428335296,-1.7073797145850973,-47.02722345912304
118.0,-0.9565130845495974,0.013239377383622589,-1.0217056483617946,-0.9201744566424724,-1.6008626512474147,-1.7220590415108668,-47.12377762000033
119.0,-0.9470659212548086,0.01309767733644145,-1.0266834689612903,-0.9086953076676463,-1.6133798280047622,-1.7391529352589734,-47.21857180462532
120.0,-0.9407557686885237,0.013231754805651924,-1.0330716578808374,-0.8928368140119793,-1.6295385160468028,-1.7528453688190364,-47.311645663182475
121.0,-0.9411116529762271,0.013203443958583454,-1.0383660071948537,-0.8871195165818277,-1.647302406655772,-1.765077971529497,-47.402340917090434
122.0,-0.9468468980967896,0.013387951040800388,-1.0453806323561594,-0.890622855378929,-1.6647010946457772,-1.7811437993640158,-47.48943261027272
123.0,-0.9489777706406995,0.013450340468376046,-1.053253659724869,-0.8924213404927792,-1.6730591490987439,-1.7988699536915242,-47.57291758018662
124.0,-0.9442972182713125,0.013364084744082612,-1.0599715907137208,-0.8942945777161446,-1.685965751416262,-1.8096969508690373,-47.65308206250116
125.0,-0.9365279549510507,0.012987676940953402,-1.0620580420913677,-0.8926717123504204,-1.701794535874918,-1.8233680249135802,-47.731926212244055
126.0,-0.9268954674689828,0.01346044276331009,-1.0687440638315737,-0.8952570505312233,-1.719414669689294,-1.8352006696996044,-47.80847954330461
127.0,-0.9241380936235175,0.013381937825060777,-1.0777243979858315,-0.8892269139225633,-1.7377725288329517,-1.8417379038560842,-47.881299129500206
128.0,-0.9248631876441811,0.01330069710813322,-1.0861332510346078,-0.893167690024716,-1.7564586669874922,-1.8554951586422883,-47.94946752385353
129.0,-0.9268481940494205,0.013420438876322563,-1.0968513739736825,-0.9033518443803755,-1.7666397937807592,-1.872268352104456,-48.01200222998915
130.0,-0.9311704490674513,0.013244739315234897,-1.1083757446018274,-0.9047139147943974,-1.7813493159797948,-1.8902891469020269,-48.06850671516851
131.0,-0.9342949665547721,0.012643267831066562,-1.1129880027626766,-0.8982987085157583,-1.7949940856493123,-1.908547311790255,-48.122203793360136
132.0,-0.9321999548842448,0.012930996296253473,-1.1185602559739918,-0.8944246555120553,-1.8029680828535353,-1.9271772510424052,-48.17380502111125
133.0,-0.9279395562767767,0.012972537667895835,-1.1246827279856497,-0.8837808875560195,-1.817294634817228,-1.938843591332065,-48.22326979286787
134.0,-0.9252692764701151,0.013057143972131655,-1.131857883557338,-0.8760932763671654,-1.8313581504564795,-1.948374125191104,-48.27002053341104
135.0,-0.9262425096024374,0.012725973085450253,-1.135565488648251,-0.8649676552422986,-1.8482087567584717,-1.9633054065938498,-48.31496884874945
136.0,-0.9232843092970648,0.013194867304148683,-1.1437430383130405,-0.856127280538368,-1.8662718752362706,-1.9716069217661856,-48.35713366137669
137.0,-0.9248361090548742,0.013186356667129398,-1.1549599211405759,-0.8414935944701849,-1.8787628699335273,-1.9787363487887875,-48.395438998643144
138.0,-0.9264380560925035,0.013242376319904964,-1.1678038399563162,-0.8348807273230028,-1.8949215135056976,-1.9918484455669374,-48.42867550868528
139.0,-0.9250150230083395,0.012989074468017173,-1.1791073709392828,-0.8262178086116992,-1.8948471285071278,-2.0083392512877896,-48.45831357609104
140.0,-0.9244043696412401,0.012781317971913614,-1.1886327322792125,-0.819538254096334,-1.8984390781710503,-2.020774255658622,-48.48503527022019
141.0,-0.929556115678746,0.012423808780546228,-1.194439328512093,-0.8086605128906459,-1.9091760177172346,-2.03690819901266,-48.51024354339485
142.0,-0.9333367528814694,0.012315405751555005,-1.1960605301847649,-0.7995470071738064,-1.915082271498688,-2.054358588346671,-48.536051608635645
143.0,-0.9332736663102909,0.01244835676535606,-1.1970839027885534,-0.7847504538916563,-1.9247754165990865,-2.0641958968064116,-48.56328334543958
144.0,-0.9323894247254008,0.012935162615205957,-1.2038303510448607,-0.7685490569685709,-1.9394636248691492,-2.0647341740609795,-48.59079382446759
145.0,-0.9264499044918205,0.012742189655038375,-1.2077924403967226,-0.7513681838221441,-1.9566252006860185,-2.0761227958178887,-48.61855263690058
146.0,-0.9240022888824893,0.012911835503957221,-1.2146961481650673,-0.740209504878676,-1.9747927929201057,-2.0919199566059636,-48.64606453268959
147.0,-0.924735274071667,0.012923069715392827,-1.2233621404242898,-0.7317669818968754,-1.9933947357329838,-2.105311476514657,-48.673230610595596
148.0,-0.9261375184911637,0.012854440089957737,-1.2324711951713754,-0.7265150810530722,-2.0121743387388857,-2.1194987905240956,-48.700411072187414
149.0,-0.9268515579054256,0.012694438805268547,-1.2411015823514957,-0.7161122010011597,-2.031025711352097,-2.1364081974026297,-48.72891551614162
150.0,-0.9325875169986062,0.012483258793634606,-1.248299598258457,-0.7054336289781907,-2.0403298751808756,-2.1522066152694492,-48.7602178328002
151.0,-0.9385181275175504,0.012633518893440884,-1.257288835350159,-0.6964782856427117,-2.0479911088973832,-2.169785366374666,-48.79507590441371
152.0,-0.9383498259381616,0.012375643632412697,-1.2617321064478533,-0.6867662442747661,-2.061728015905421,-2.1875701940599668,-48.831845942152285
153.0,-0.931844242078779,0.012375015343151956,-1.2646431474754074,-0.6732291199130689,-2.0784838467347573,-2.191236573641084,-48.86899524898387
154.0,-0.9223388438750235,0.012588164553622728,-1.2700630298240025,-0.6565444215986276,-2.0964920231500637,-2.2008508514421448,-48.90698577290639
155.0,-0.9122243187665087,0.011508378205367679,-1.2768336178531838,-0.6440854980503757,-2.1150203643736845,-2.203421286976719,-48.94659149780404
156.0,-0.9046054677355273,0.011400855238741575,-1.283069761606139,-0.6280080249441391,-2.133766681201118,-2.215606063519381,-48.98898818446495
157.0,-0.9026179128056777,0.011820239396543758,-1.2902540507058762,-0.622700500314995,-2.152598451821741,-2.224932866348906,-49.03365262594779
158.0,-0.9074635529727028,0.011918694758039175,-1.2977988143481283,-0.6106892097313471,-2.1714714646613125,-2.2397866618088162,-49.08139238054219
159.0,-0.9137102562930745,0.012089100264845547,-1.3049398670055967,-0.6057984084612946,-2.190366028210178,-2.2531093483331626,-49.132269886015585
160.0,-0.9236041765420285,0.012087195755429206,-1.3123313707380337,-0.59269221492724,-2.206184003537642,-2.2696369309420072,-49.187959258928
161.0,-0.9303257225372484,0.012058537573081944,-1.3173810845366254,-0.5761795992185199,-2.223765168703217,-2.287554293648088,-49.24823127427207
162.0,-0.9290516503093178,0.01222864086809753,-1.322419776636652,-0.5582433200730572,-2.2374593420227558,-2.3060480022797156,-49.31120610306514
163.0,-0.921495849834602,0.012288450791074674,-1.3269411348204008,-0.5406975834493627,-2.2541243533657114,-2.321295823795484,-49.37553440521129
164.0,-0.9177429328743455,0.012184121799737149,-1.3303319577377304,-0.5269796572701962,-2.272091142451014,-2.3386265411931824,-49.44158266125821
165.0,-0.9209232981216265,0.012361069779381288,-1.3381198733122768,-0.5102791013209202,-2.2906041953646104,-2.3503786259634047,-49.51182155207631
166.0,-0.9186442012422502,0.012201729074383744,-1.3426300973047736,-0.49385808077658216,-2.30935756615596,-2.366219223453692,-49.58469081888367
167.0,-0.9151082131858532,0.012243077065225847,-1.3478277937822296,-0.47748181858339883,-2.328188405801344,-2.381463533561664,-49.660005939813324
168.0,-0.9088396896377703,0.012311549271552594,-1.3536042415281646,-0.4650760007644724,-2.3470616791960923,-2.3976653028289467,-49.73742627207364
169.0,-0.9055667556631273,0.012253477362869273,-1.3606755142485663,-0.4489613737145212,-2.365945101890832,-2.4154292108299718,-49.81799723377535
170.0,-0.9066305781398073,0.012320379336575454,-1.3710448298000082,-0.43119897993547046,-2.3848376573584686,-2.429305191914321,-49.90328674514707
171.0,-0.9077885962622132,0.011726632162778139,-1.3720883046127343,-0.41369814683953926,-2.4037414744064987,-2.4460502565543414,-49.99081997960498
172.0,-0.9123988273878171,0.012025111475693899,-1.3768493218544127,-0.39626995218056676,-2.417690300548489,-2.4555903824072076,-50.08158819772432
173.0,-0.9152784223729137,0.011897576523051649,-1.3784298012895437,-0.3780230275617654,-2.434466037817215,-2.4705588223421833,-50.17483122886893
174.0,-0.9180407089636247,0.011855980748229864,-1.3770772660200887,-0.3679120413999765,-2.4509475439412576,-2.487831888004647,-50.26923895449953
175.0,-0.9164486915388055,0.012211305486889455,-1.380197729623001,-0.3526736057368928,-2.4677504640443333,-2.5049826094806242,-50.36543493760748
176.0,-0.9090446683541874,0.011995719143158754,-1.3792281851825492,-0.3353175057161914,-2.4857669097432717,-2.523140994248913,-50.46163034039031
177.0,-0.8976140811799657,0.012108945042260157,-1.3789130310655442,-0.31703112928288235,-2.4917844578186394,-2.541733974457773,-50.557299487274534
178.0,-0.8915783472122822,0.012288315973734032,-1.3832746701969814,-0.2995510291749443,-2.5010803536776316,-2.5605071099265233,-50.65471732713265
179.0,-0.8912334460142232,0.012125909532766824,-1.387359635253689,-0.28128153626655406,-2.514957477072295,-2.571630694870663,-50.75463182867144
180.0,-0.8955529307964217,0.011876182217046392,-1.387609237772438,-0.2678604327961944,-2.5317670604455422,-2.5850333118798905,-50.85612064154412
181.0,-0.8976042557740253,0.01201080836209914,-1.3886205277016943,-0.25270361084557574,-2.549806754603512,-2.59552659223031,-50.959203884752874
182.0,-0.9019712418546159,0.012152684309878392,-1.392840044654532,-0.23700892140251478,-2.568346645894854,-2.610847072356877,-51.06514087143764
183.0,-0.9072906104916261,0.011278802360536218,-1.3998769262847994,-0.22212398009872952,-2.584551192441139,-2.6281095628133984,-51.17522714697843
184.0,-0.9083503866393952,0.011302543580185832,-1.406867423270407,-0.20668445739879474,-2.6022161680733316,-2.646329756713288,-51.28877452372251
185.0,-0.9057802423238823,0.011690007271290416,-1.4167372901214819,-0.18921480783101305,-2.6206002343927657,-2.6649487119057396,-51.40603474343091
186.0,-0.9017093062226323,0.01157128094282758,-1.422598003233093,-0.1739689676269028,-2.6322459435198295,-2.6837324165810177,-51.52561919957114
187.0,-0.896270037747156,0.011577956198239417,-1.4257131109668837,-0.16244619929193935,-2.6401179087138535,-2.702584268264229,-51.646258721766316
188.0,-0.8975460076399635,0.011819066784762381,-1.4337144399770732,-0.1466769229224762,-2.6543917973742763,-2.714707249345911,-51.77033313887021
189.0,-0.9007526699374436,0.011676782074238258,-1.4392736186223953,-0.1290894433508595,-2.6711921149862863,-2.730703824232535,-51.89767786224508
190.0,-0.9029436084421085,0.011544798634733091,-1.4400830219058511,-0.1190904475480118,-2.6831132849355703,-2.7455274826331943,-52.02629284666465
191.0,-0.9049056495913711,0.011618139202487221,-1.4401977740736736,-0.1088387251998825,-2.699024032547902,-2.762693106749224,-52.155821242892735
192.0,-0.9062603579851621,0.009791326454006615,-1.4446182239116518,-0.09698739168984093,-2.7147588459202647,-2.7808748588323455,-52.28813218131343
193.0,-0.9054654065044944,0.009999090508173979,-1.4492733443596202,-0.08988471157156128,-2.7228710697379035,-2.796530100605062,-52.42226206234
194.0,-0.9062535785533333,0.010542979135084198,-1.453370501797369,-0.07586923944292577,-2.737267662249236,-2.8140383690545154,-52.55836144605768
195.0,-0.9035687067094806,0.011107249679356057,-1.4595246244410747,-0.05940935855462977,-2.7543083575615306,-2.832361707461066,-52.696734286538536
196.0,-0.9016305682492496,0.011429679383850073,-1.4685373181530523,-0.04152285187543763,-2.7724381682250416,-2.850740297820775,-52.83852272216028
197.0,-0.8998901585156741,0.011654389975072562,-1.4808113559419873,-0.023855488008838445,-2.7897924925094038,-2.865719577165719,-52.98488172611293
198.0,-0.897610060527554,0.011360959729331419,-1.487217495210894,-0.005502186308506551,-2.8080346416081445,-2.8829352524258676,-53.13414103853019
199.0,-0.8972073976081016,0.011463848906166129,-1.4945546189947345,0.01291843927934773,-2.8202116951737124,-2.9011373199397457,-53.286505152411735
200.0,-0.8970896416331416,0.010650966473913307,-1.4998458455582304,0.0316159334831135,-2.8305666216913234,-2.9132362708443575,-53.44167457692366
201.0,-0.9025538482075248,0.01066415506535032,-1.5049326837827004,0.05041891518419085,-2.827351872551158,-2.9288784405565984,-53.59985118585219
202.0,-0.9127507723683231,0.010888436903920764,-1.509022973110659,0.0687957308975327,-2.8356445323312744,-2.946422972505172,-53.761291801941844
203.0,-0.9148825691779575,0.011112570233878792,-1.5102262920054932,0.08412121561399612,-2.847296385555471,-2.960679333471289,-53.92405661505027
204.0,-0.9118677212528578,0.011067666771939547,-1.5049274721044803,0.08869706907989362,-2.8554178233609213,-2.977589857858954,-54.08496956134639
205.0,-0.9058863950525701,0.011504117218585406,-1.5044790198354174,0.0916725200949959,-2.8653737593235453,-2.988305469787836,-54.24479894246178
206.0,-0.8978835551610167,0.011341554287229584,-1.5003404612159081,0.10396944150226889,-2.869449142799918,-3.0037364335828296,-54.40287613115765
207.0,-0.8975668027112158,0.011309670909439127,-1.495624238410195,0.12016149847135604,-2.882221510674478,-3.0212001993016737,-54.55985784807606
208.0,-0.8979711043022692,0.011363543711096488,-1.4891538601463215,0.13526890461595195,-2.8985930994744225,-3.033731059029502,-54.71519363725948
209.0,-0.8966979241752691,0.011659631467332022,-1.4863667486395888,0.1490502730586953,-2.916448555548568,-3.042251190745954,-54.86964025814869
210.0,-0.8971611468312277,0.01184021791056694,-1.488367955738563,0.16280874040145518,-2.9332846935151564,-3.0567916962435797,-55.02496799554983
211.0,-0.8969522671571912,0.01163651597538669,-1.4876202368069966,0.17951885237131562,-2.9471273977701546,-3.067335264231728,-55.18060459141391
212.0,-0.8953821317107088,0.011548605426859163,-1.4845503963463103,0.19751815261093172,-2.963865533453965,-3.076671111354389,-55.33554649225551
213.0,-0.8938249171879495,0.011819288471109753,-1.4868480621966949,0.21605761022786382,-2.981871007861401,-3.089071683984215,-55.49128069422661
214.0,-0.8923875291563915,0.011613777503378846,-1.4862294282805066,0.23443169640573666,-2.9875165201727443,-3.1052402489282573,-55.6474233356021
215.0,-0.8924116289453677,0.01135872441291392,-1.4796393944533603,0.2504779803992494,-2.991480041355756,-3.1230098145180616,-55.802192557859364
216.0,-0.8899834709672771,0.011482510734907908,-1.4724262904508052,0.26815268474970033,-2.994950913471278,-3.127017988536166,-55.9550680963439
217.0,-0.8861046369682377,0.011616468911307841,-1.4659887306509818,0.2865491127835686,-3.005574695416248,-3.1342840784917234,-56.105981718474965
218.0,-0.878922243639149,0.01168744596647962,-1.4589568463235514,0.301497456934911,-3.021024692700242,-3.147885111644279,-56.25416684709307
219.0,-0.8752045746879825,0.011620666281009386,-1.450674155075207,0.31548534415824486,-3.036462456046538,-3.164585210661648,-56.39950408561627
220.0,-0.8762202678834768,0.011837773934641662,-1.4470209478800782,0.3323014810287874,-3.053897424847561,-3.169815486372903,-56.54372804149845
221.0,-0.8807584027884966,0.01210448188109947,-1.4506974407773277,0.3503423933620713,-3.071408226524348,-3.1812030752869154,-56.68949461715875
222.0,-0.887810640311859,0.011795684881988722,-1.4507678855349082,0.36639050402926854,-3.0897212089823736,-3.192877083042007,-56.836159382180284
223.0,-0.8924849602336355,0.012062736260028439,-1.4567688444300475,0.3840663021008592,-3.106402132284758,-3.2021172732667162,-56.985253935332146
224.0,-0.8957026340888944,0.011913193086631071,-1.4620858269847774,0.39797390486654566,-3.1223795214787873,-3.2169342620149877,-57.13646464182517
225.0,-0.8923437902580391,0.01193739963430476,-1.468591084205145,0.41379705034259884,-3.1388659076929537,-3.228942759506391,-57.28935403295334
226.0,-0.8898376911834498,0.011457648988725167,-1.4670210094756624,0.4314165975287646,-3.1567490393970012,-3.2449047921408343,-57.441694806893075
227.0,-0.8856957462868328,0.011827327712740846,-1.4718025506439605,0.4497867139267251,-3.1736908106337878,-3.2587786356964603,-57.59496274645681
228.0,-0.882407452831579,0.01162589963753165,-1.4734947285285402,0.45979071390020876,-3.191755400687732,-3.2659487200590505,-57.74812215680132
229.0,-0.8781586766146741,0.011376745228185933,-1.4691432496165142,0.4749465785345735,-3.2090081161515513,-3.279967991332991,-57.89944861166507
230.0,-0.8793930064181553,0.011300679446596606,-1.4618338938435247,0.4903474867389085,-3.2272063889481015,-3.296035197830164,-58.048241331723744
231.0,-0.8787245652761718,0.011438045651928292,-1.4535013037700129,0.5077540307166355,-3.2456231993517473,-3.3044118859868803,-58.19401440825578
232.0,-0.8782087762215097,0.011662891577645067,-1.4480094716348695,0.5260405699251447,-3.2572865403001625,-3.3112991869598822,-58.338055709608376
233.0,-0.8755231979619819,0.011817720009987565,-1.4447670396146957,0.5446823838759327,-3.273100563896268,-3.3188775717356673,-58.48074432545684
234.0,-0.8709414250435918,0.012112726757042194,-1.4487428331421728,0.5634738185629565,-3.290524451226054,-3.3318231953918103,-58.624046964882346
235.0,-0.8729077923616632,0.01168717077862095,-1.4480154858783925,0.5823412844403372,-3.3088127581114035,-3.3411886945536455,-58.76722453742924
236.0,-0.878837248317132,0.011768923663358471,-1.4496309475868498,0.6012135841208053,-3.32745995397386,-3.3432672115152493,-58.911033768015315
237.0,-0.8782222965883809,0.011542797613832055,-1.4445886008433089,0.6200907919244412,-3.3406000511495932,-3.3522033050799216,-59.053497061670676
238.0,-0.8739446344193127,0.011632184859165824,-1.4391764529210043,0.6389802671918515,-3.3532256929414355,-3.36693336506494,-59.19406977117149
239.0,-0.8678939905857427,0.011810456803141847,-1.4364231898852586,0.6557042256667339,-3.3694688207725427,-3.370878526970842,-59.333091608268944
240.0,-0.8578562918202025,0.011768086989817392,-1.4321186216468873,0.6736607704448716,-3.3839672070346203,-3.3836371195517536,-59.470393942634054
241.0,-0.8530359779057929,0.011665637084895562,-1.4267575395283263,0.6921826560445302,-3.4009960480140293,-3.3986310024321953,-59.60582810703567
242.0,-0.8519234065350932,0.011909065343561738,-1.4267968049616724,0.7094562973482077,-3.4191225452407457,-3.4158929425601174,-59.74080467244565
243.0,-0.8527031640738352,0.011836656592599987,-1.4266789665026351,0.7210153855076633,-3.437702088462963,-3.434114995285442,-59.87505099485929
244.0,-0.8587985407126755,0.011514642033637673,-1.4205118475974192,0.7222451224725596,-3.4506882094211084,-3.452734593056108,-60.00664719336042
245.0,-0.868264551861668,0.011705068988888349,-1.4169888361047918,0.7284626856114687,-3.4666146205579076,-3.4655304339803545,-60.136445034780486
246.0,-0.8709605756119444,0.012075448215688137,-1.4198836584673364,0.7420182547274833,-3.4734147276351126,-3.4818047503472083,-60.267367649584806
247.0,-0.8703623986955066,0.011935188203406902,-1.4218171527275458,0.758738405550266,-3.477813803017833,-3.499616481861951,-60.399648461641384
248.0,-0.865713152835223,0.011819759177805233,-1.4215717549791649,0.7767363295350427,-3.4900495987594007,-3.5033224985554865,-60.53194803490453
249.0,-0.8619028455373625,0.01181837372837047,-1.4220503370726019,0.7880896537219074,-3.505982045669048,-3.500663516902927,-60.66374148933284
250.0,-0.8589583986946265,0.01192774178404999,-1.4261131675702834,0.8016221428986727,-3.5236538184797954,-3.5092099203409357,-60.79610196923294
251.0,-0.8554695248254147,0.011612959794625002,-1.4242650313456056,0.8156990019653799,-3.542044477154523,-3.522391686618236,-60.927517327718334
252.0,-0.8540689339216224,0.011725194515981734,-1.424614922401316,0.8325512628166664,-3.5607375943575175,-3.5366308596920275,-61.05861841982913
253.0,-0.8546143881608109,0.011521185933282588,-1.4202047487504148,0.8394082037793411,-3.5702535716843213,-3.5458372609647797,-61.18819624248554
254.0,-0.8568930236135592,0.011529597541462397,-1.4142194125741632,0.8501759637049345,-3.5837031950435816,-3.559542631684721,-61.31562237020777
255.0,-0.8571486545493011,0.0117009637921837,-1.4095584735836726,0.8656521016244154,-3.5948900401598136,-3.5706387718873716,-61.44179623119872
256.0,-0.8522261451400417,0.011835303205969783,-1.4060647982590255,0.8831367013861455,-3.610508960286249,-3.5846462439618,-61.567044073247835
257.0,-0.844110111723615,0.011854625702677979,-1.4026445443229898,0.9014567308227187,-3.6212446206626905,-3.6006835798293424,-61.692220938267674
258.0,-0.8388277704124435,0.011855401514790274,-1.4004321070158652,0.9201227616029843,-3.626779948005936,-3.6183854889049267,-61.818206725945
259.0,-0.8370934443988742,0.011743138337957142,-1.396662781425751,0.9330837722976267,-3.640134409713978,-3.6212409597681403,-61.943397520976035
260.0,-0.8403721736319238,0.011524486818582947,-1.3879682327052039,0.9354104863283855,-3.6567450218589994,-3.6209698417405685,-62.064948209925184
261.0,-0.8400773715004777,0.011811433443403916,-1.3820077022744128,0.9454704281214051,-3.674697032056047,-3.631992122426189,-62.184215617523165
262.0,-0.8383637385429271,0.011993932748601551,-1.37972639576869,0.9606996671395887,-3.6932083959945556,-3.6472729038645872,-62.30283871951283
263.0,-0.8368103404812615,0.011885680834426725,-1.3759967556421269,0.9780975125645354,-3.7096705562274463,-3.6646705138684377,-62.42099608137312
264.0,-0.8393399340627324,0.012031976946886036,-1.3768601034324714,0.9957594561742641,-3.7267050981848318,-3.682949297274573,-62.539366065216676
265.0,-0.8391945659741632,0.012145860054588436,-1.3813929519201313,1.001198430962806,-3.73686811123006,-3.6938222124044278,-62.65857109349583
266.0,-0.8440425393606891,0.011773121590509148,-1.3812065747347553,1.0142049923874983,-3.752090221506903,-3.7078537167993857,-62.77740801971276
267.0,-0.8492566758692631,0.011711932759594295,-1.3787555654700308,1.0279168007839565,-3.7636430607551734,-3.72471391225928,-62.89556468084839
268.0,-0.8499522544039672,0.011758668761977328,-1.3750663512237564,1.0440585337889388,-3.7794060345023293,-3.734393237989561,-63.01310047211138
269.0,-0.8443037580122861,0.011958981849857815,-1.3740273544180133,1.0495754664584798,-3.7970101640358918,-3.7343088314033914,-63.13016556291932
270.0,-0.8427845725874543,0.011785746185074754,-1.3709852822148125,1.0592466372775748,-3.8153838501205533,-3.7454518747906125,-63.246429371803465
271.0,-0.8438403207284125,0.011708203760346763,-1.365752965965839,1.0670042065559777,-3.8340632617262456,-3.751474858869709,-63.360893734221435
272.0,-0.8407917467467337,0.012018736762073224,-1.3653073407064404,1.0753437356833893,-3.8528693735900554,-3.756712669740611,-63.47518711597637
273.0,-0.8355627610827034,0.011806986924451212,-1.366633842557362,1.089369331361677,-3.8667831753099717,-3.7699198962205758,-63.5911666419982
274.0,-0.8275012012920373,0.011720587786525898,-1.366557135244615,1.0852601849423453,-3.883535564224192,-3.7864653768142182,-63.70739249750238
275.0,-0.8259459480945459,0.011566803199284003,-1.363185246789899,1.0867000539660783,-3.9015572982606987,-3.7989981720926456,-63.822564384654605
276.0,-0.8314387423757049,0.011765613206139378,-1.3634068309714427,1.079385497457822,-3.9196215792424183,-3.8048276462424164,-63.93497635808269
277.0,-0.8355978539525741,0.011763735817573277,-1.3619534845866152,1.077295595386599,-3.9333364694868544,-3.815338875607015,-64.04523815250188
278.0,-0.8363003561576133,0.011897849016633271,-1.3618624754268445,1.0789032300786898,-3.950011563506142,-3.830719903744012,-64.15461058224109
279.0,-0.8398000910230801,0.011910572260546447,-1.363063890970048,1.0848735619654584,-3.967997871878911,-3.846699558615235,-64.26326604914257
280.0,-0.8472159679979514,0.011738715488585141,-1.3613121839344318,1.0854943645956223,-3.982596209423834,-3.8594772274560305,-64.36948481741318
281.0,-0.8522325379178756,0.011801650678767818,-1.3589024587724408,1.0868421516841502,-3.999646510766422,-3.872264339426807,-64.47350705545247
282.0,-0.8522623250460385,0.011843405065285792,-1.3555278669354125,1.08203183040883,-4.009144182468259,-3.8718465382225364,-64.57582281475135
283.0,-0.8476424681813827,0.011837471672732146,-1.350272190030545,1.0800613439032167,-4.024100697016568,-3.87743885649184,-64.67713159667555
284.0,-0.8383313593597823,0.012039660410283554,-1.3477647187889898,1.0779056697187566,-4.0413731144010985,-3.8858854527719515,-64.77927927029266
285.0,-0.8266737519783106,0.012132815395847676,-1.347704623946841,1.0784695028371172,-4.059604106429952,-3.900378528898397,-64.88433771345896
286.0,-0.8231031554625415,0.011500077205583605,-1.3506779269603464,1.0729837665337558,-4.074013908714406,-3.905663516713197,-64.99048933208807
287.0,-0.8272937311417219,0.011332177290129733,-1.351355937649281,1.0648525616227258,-4.086686022939478,-3.918946417215612,-65.09452491571302
288.0,-0.8282487796552759,0.011728822624881154,-1.3553805019738696,1.0613245867679468,-4.099050782136809,-3.935524701288942,-65.19831321174406
289.0,-0.830037454896278,0.011832170915276137,-1.3610908783265963,1.0488101304091322,-4.111095694175926,-3.9528801792504407,-65.30133131150167
290.0,-0.8327141618672699,0.012011813308124432,-1.3710826720812967,1.0461905767139716,-4.127092142335421,-3.9580706229343994,-65.40499872435512
291.0,-0.8363762422747572,0.011892417342133692,-1.3804360610590085,1.0393252974981666,-4.142583445866954,-3.9614072168550893,-65.50876527892981
292.0,-0.8446025070330111,0.01158974495983626,-1.3844923156426217,1.042749923463695,-4.160040542019991,-3.972686714788733,-65.61103488824416
293.0,-0.8459550391655493,0.011878181796812355,-1.3919059234577829,1.0537434668328982,-4.174534385827404,-3.9806529937730035,-65.715125855908
294.0,-0.8471811652895506,0.008844603047966531,-1.3955264477411473,1.0598016535714985,-4.191558437631171,-3.9839156596789853,-65.82051351478282
295.0,-0.8488427715264889,0.008008489200725393,-1.3977512285118354,1.0612394200973287,-4.206065304260529,-3.9855153964665164,-65.92608366614122
296.0,-0.8514238256675802,0.00910628805614896,-1.4014042317704658,1.0641344735149327,-4.211250528829264,-3.987981120011035,-66.03177893729935
297.0,-0.8506955537577666,0.010228832856190655,-1.4091599043321523,1.06944381517686,-4.224488773369932,-3.997115688646462,-66.13964148777971
298.0,-0.852002519091742,0.010613274254620815,-1.414596615843884,1.0705565424887291,-4.236851954784793,-4.00451352059285,-66.24849877256742
299.0,-0.8529670998893556,0.01091850114835871,-1.4180675529969404,1.0821233170497868,-4.250491035427912,-4.00716928451558,-66.35870653997763
300.0,-0.8532860699369748,0.011152367295471631,-1.4207098012745454,1.096003753161439,-4.25980439770445,-4.018664912091739,-66.47053187626778
301.0,-0.8479283882490246,0.011529131451847493,-1.4271983668971966,1.0952662952193228,-4.267694927682296,-4.013852165166857,-66.58543145241269
302.0,-0.8477895577153887,0.011278312783570318,-1.4282045800603378,1.1061924709052173,-4.2711648257605805,-4.010946328861807,-66.70172635674143
303.0,-0.8516847773610731,0.011197802639502505,-1.4247352852079387,1.1079280084402163,-4.282277316062344,-4.009345394224592,-66.81616218589173
304.0,-0.8573416976817002,0.011547965574868754,-1.426359376473053,1.1072634864312343,-4.297936419327973,-4.00065777144499,-66.92901849698822
305.0,-0.8662333414484884,0.011740921843007388,-1.4331009089348552,1.1144386778675162,-4.307331934190405,-3.9958394582816106,-67.04142152576452
306.0,-0.8693074974009349,0.011652723253096018,-1.4374572411781683,1.1184290691640832,-4.32222623990047,-3.994640014275757,-67.15428479948976
307.0,-0.8700116259342747,0.011794215496306661,-1.4461502999581317,1.118588662112495,-4.329763644970742,-4.005246055404778,-67.26914105480272
308.0,-0.8685144585825413,0.011698835552378748,-1.4546458282724217,1.1213108149827236,-4.3408520186599535,-4.010328415009615,-67.38688968198194
309.0,-0.8625389972022115,0.011672839795511864,-1.4635307833596551,1.124711491417803,-4.347528990157863,-4.0151237287966675,-67.50902186341929
310.0,-0.8629306912641377,0.011496589398612984,-1.4721498312810217,1.1212053330789455,-4.354296013588539,-4.0177739162296,-67.63337684732225
311.0,-0.8685671565313713,0.01144827185144246,-1.481579210794928,1.1155569048057266,-4.368105365692148,-4.021204757492565,-67.75844836245595
312.0,-0.8785860476278257,0.011127229453533177,-1.4837635708095354,1.124436002103755,-4.384901260869216,-4.0220033556970165,-67.88219097910113
313.0,-0.8827470958122889,0.011281171093713571,-1.485409957298164,1.1347233420118543,-4.402921661381319,-4.012761390336611,-68.00587732287892
314.0,-0.8842487201167262,0.01129250215940019,-1.4857040427433748,1.1500021014638313,-4.42146531105639,-4.003178831622529,-68.13036446162808
315.0,-0.8828626002056196,0.011363763251549723,-1.4862717311103486,1.1514597537134132,-4.440217362323447,-4.0094423890993856,-68.25552220165174
316.0,-0.8810651733419744,0.011474152641430918,-1.4896734273949146,1.1542766177514783,-4.447157197996742,-4.014889877406622,-68.38234674204864
317.0,-0.8742270043621095,0.011611656766285583,-1.4966835505908587,1.1564846494591914,-4.460709319080634,-4.028180986068094,-68.51331104782918
318.0,-0.8716837721168348,0.01133336160730901,-1.500418986400453,1.160823511908764,-4.472713255183315,-4.04410476987353,-68.64681418818077
319.0,-0.8753225570811062,0.01121117389875482,-1.5023793346730714,1.1656553900527316,-4.488682831187972,-4.061763158469083,-68.78046437717863
320.0,-0.8834513993186864,0.011376103001149772,-1.5090939316459753,1.1661843765941629,-4.504434276867024,-4.07854890112434,-68.91379217303528
321.0,-0.892455787888289,0.011109785367545194,-1.5092226591650444,1.1623434587850905,-4.521573990877593,-4.077904762578688,-69.04466226515757
322.0,-0.897500386990286,0.01114542827399282,-1.5067958300708566,1.1693779819356844,-4.539735246906311,-4.078129662889616,-69.17404871609025
323.0,-0.8949415040022781,0.011301546449984722,-1.5048108769287654,1.1779922084574812,-4.55741822379963,-4.08810279126248,-69.30432041446203
324.0,-0.8912681564983611,0.01125922644753742,-1.5013377855618428,1.184804753556054,-4.575808947426655,-4.081072121164761,-69.43562587870375
325.0,-0.8832853099589251,0.011391816540304345,-1.4994431726616595,1.1832722994462674,-4.594493877279567,-4.080547713982966,-69.56924786371975
326.0,-0.8803594030649055,0.011481338609442391,-1.5023588781603305,1.1867284380277654,-4.613317276444607,-4.077670094802275,-69.70554533114928
327.0,-0.882437959573702,0.011228742089296738,-1.5009996494623563,1.1960251937299216,-4.632182391099752,-4.0821662830388155,-69.84225701196259
328.0,-0.8900761653559283,0.011323868873551463,-1.5028715812797282,1.1908124451924922,-4.651067923815886,-4.09224032208077,-69.97711400841929
329.0,-0.8948398978401105,0.011179339449638613,-1.499506266126808,1.1813434626327979,-4.669951788695626,-4.091112854292914,-70.10937203730906
330.0,-0.8922088169627006,0.011409775158879016,-1.498694273891774,1.1754732067467863,-4.68884249467604,-4.098844927713382,-70.24237816997392
331.0,-0.8853836483699506,0.011618320817422397,-1.5035622979547085,1.1784304401004855,-4.706130383189644,-4.112495249600274,-70.3799898176003
332.0,-0.8815611909235463,0.011509282595790399,-1.5098920780032892,1.180590278955037,-4.720936289845217,-4.12469042351061,-70.52172843831076
333.0,-0.8806423301878253,0.011361877390034525,-1.515258146630383,1.1888414306190616,-4.735114657962456,-4.137501768021988,-70.66662353010265
334.0,-0.8858223484832233,0.010993611989564745,-1.5128564948870795,1.1903690278568266,-4.750898250618629,-4.140411918439351,-70.81007336773328
335.0,-0.8932161612097628,0.011117426174114365,-1.511035439865969,1.1948981882162844,-4.768484638648582,-4.146651680994229,-70.95133844323972
336.0,-0.9011032729396133,0.011365945567277203,-1.5145878490011606,1.2041292211409549,-4.786840681328706,-4.14508751824586,-71.09202966627024
337.0,-0.908435141787623,0.01123572456405058,-1.515232054674516,1.2168486437759642,-4.805515685351963,-4.141617970065242,-71.2321296838573
338.0,-0.9079676190559492,0.00854925441457344,-1.514491815821335,1.2283486560065342,-4.824314788993494,-4.147482006907124,-71.37441093897468
339.0,-0.9061053843394422,0.008933418504088245,-1.5145268861982386,1.2268390743792916,-4.8431841152473964,-4.1387092519966835,-71.51827101921941
340.0,-0.9006261579665289,0.009881607019124421,-1.5171356264648477,1.2270421848272834,-4.862066851904562,-4.136002273158934,-71.66568209937071
341.0,-0.8970464073797517,0.010152440286271266,-1.514225777842316,1.238258892706344,-4.880968259182577,-4.130408287333466,-71.81580891600697
342.0,-0.8908029673515188,0.010668644849073027,-1.513843922261669,1.2460794108063071,-4.89986136524942,-4.125467979344273,-71.97001816838728
343.0,-0.8843017198721346,0.010851897192179771,-1.5129258310799756,1.2471055519449188,-4.918709665078498,-4.1327302435720235,-72.12812785341676
344.0,-0.8853986116654683,0.010988290126361353,-1.5142372033676155,1.241568070311966,-4.937595111725946,-4.144835481744273,-72.28714994101745
345.0,-0.8906161202768564,0.011183487885950926,-1.5195689853690242,1.2335816725739461,-4.956481806487293,-4.152736308329603,-72.44596041090017
346.0,-0.8950146030989844,0.009715108588988152,-1.5246046767794685,1.2299845439030581,-4.9670126570976425,-4.167030251237896,-72.60489385901472
347.0,-0.9034891743221228,0.009752297430595011,-1.5259375474519525,1.2287202926490932,-4.9823933020588935,-4.171919992497773,-72.76174687846661
348.0,-0.9094034226506812,0.010484806283837194,-1.532730049019107,1.2233864497516331,-4.999828622865992,-4.181972341638571,-72.91845910919167
349.0,-0.9174146417253707,0.009529361540480102,-1.5394485751714182,1.2299130419593118,-5.0178725333799195,-4.190005230166891,-73.07569476213256
350.0,-0.9177086829667985,0.009855226303545427,-1.5437046430434016,1.2431027365842822,-5.031935140081496,-4.20273465656081,-73.23570029968607
351.0,-0.912607662057347,0.010160582571705493,-1.5423580310006726,1.2479999424910375,-5.048578291307277,-4.218648004042109,-73.3988933420481
352.0,-0.9088981734765367,0.010668195559046575,-1.5464545006463015,1.2552007219216994,-5.066318005280082,-4.228163833279966,-73.56641224032506
353.0,-0.907891965958345,0.010557735253830696,-1.5432316337066145,1.2619519605404763,-5.084736915170498,-4.233298912017747,-73.73561723235278
354.0,-0.9072678301608893,0.010859492028942591,-1.5426902560119637,1.2680070656425328,-5.103433116202284,-4.238823197990622,-73.90677143781893
355.0,-0.9092320836207058,0.010846481432739285,-1.5398639887632282,1.2593485337882335,-5.1222532379422585,-4.2478191398652845,-74.0773499244751
356.0,-0.9058771652822727,0.011147814830525663,-1.5406743597316817,1.2582584834149537,-5.138392356985025,-4.257315427768053,-74.25054354128591
357.0,-0.9076557207429637,0.011224701099563722,-1.546227831659436,1.2485873417830882,-5.156120138687549,-4.261142225039098,-74.42523245445777
358.0,-0.909590328777572,0.011093544451039035,-1.5488328415970736,1.236597798616251,-5.174527803778353,-4.265595490885122,-74.60047169479134
359.0,-0.916519945114967,0.011109480897096178,-1.553254846629166,1.230527325812516,-5.187640485359199,-4.277588346310542,-74.7746318676833
360.0,-0.9257762147098767,0.010977590454026786,-1.5541362604019484,1.2261410590839226,-5.204049673105511,-4.277833634667375,-74.94623403197879
361.0,-0.9316366551300833,0.007487839482498065,-1.5563125188174358,1.2186649662300613,-5.215286689924565,-4.271160744196541,-75.11703845542804
362.0,-0.930317806669231,0.008104750176269045,-1.5594768095240346,1.2246216899233058,-5.2274929816673685,-4.260285113956102,-75.2903996859336
363.0,-0.9230079491683663,0.00921279227446596,-1.56307656597896,1.2252219826878548,-5.243571447610995,-4.256967028062964,-75.46882754170115
364.0,-0.9198948172408852,0.009645861523061322,-1.561667462685491,1.2197097412232731,-5.261318552999787,-4.257123521296453,-75.64948444813527
365.0,-0.9180482294082158,0.010286951671591603,-1.5645101415694922,1.2136680822736103,-5.279472670910846,-4.268272403467949,-75.83269385117487
366.0,-0.9222037885991873,0.00882044748447641,-1.56652703001063,1.2102896766578577,-5.289053891774363,-4.281093580785621,-76.01575686015637
367.0,-0.9314493886955488,0.009206951806740275,-1.5679935782366845,1.2048993432138904,-5.303733256873123,-4.283146004220749,-76.19620862893451
368.0,-0.9383438232027637,0.009878996847847354,-1.5687997382191008,1.2114566997594052,-5.320875242203209,-4.276247306576745,-76.37561670602916
369.0,-0.9397285770896951,0.01034231524574255,-1.5693327922940488,1.225226152114254,-5.33904853334356,-4.281791646512054,-76.55687626035339
370.0,-0.941203616336296,0.010571637938021721,-1.5697738266790222,1.2271529205508032,-5.357656498384499,-4.289931983810242,-76.73942497389174
371.0,-0.94013548982112,0.010732992662503035,-1.5691830242104563,1.2242027379022515,-5.363273387380911,-4.3042941047089585,-76.92251831537527
372.0,-0.9366482230137846,0.010905818244461327,-1.5695891809770428,1.2336426288155824,-5.376712945253367,-4.307599461890948,-77.1089168430032
373.0,-0.9340012734023126,0.01093284908579744,-1.5699483352725137,1.235040215060813,-5.38602880553825,-4.306313914447613,-77.29755806817604
374.0,-0.9373239784097227,0.010904530578293674,-1.570222773520617,1.2331474076350595,-5.392493848660899,-4.309651632942793,-77.48547695386549
375.0,-0.9347649119540097,0.011023944488330164,-1.5702725478841426,1.2367831010453176,-5.4061917222041,-4.306156866455608,-77.67578317009934
376.0,-0.9302909939522827,0.010998249628855193,-1.5690011695174062,1.2427024824028043,-5.422951388362244,-4.305389933702194,-77.86966775367665
377.0,-0.9263855673089363,0.011058487324817758,-1.5695111505088124,1.2371771169950647,-5.44096909990025,-4.308824736303336,-78.06670629379634
378.0,-0.9220536177134385,0.011050646933681092,-1.5698720061521616,1.2267564142309524,-5.459503563510445,-4.309237044297412,-78.26679469027908
379.0,-0.9229854582866475,0.010962274411331371,-1.5693918065656143,1.2114198220613936,-5.478258730808866,-4.308794653376992,-78.46725255996253
380.0,-0.9299496431178237,0.010973815088313008,-1.569798231759376,1.2036187885037435,-5.497096756148895,-4.314544225189286,-78.66604081182095
381.0,-0.9384582899026671,0.010992332660080468,-1.5700583123495158,1.1970153364391842,-5.5059011891724206,-4.315631284471589,-78.8615418109413
382.0,-0.946978409313699,0.01101590371561518,-1.5702276129792399,1.186225943105963,-5.508172495347045,-4.3102456280975785,-79.05285756145796
383.0,-0.95241130883681,0.011043431991689239,-1.5695073780118018,1.1829349541352412,-5.5202294692416665,-4.3024701635538065,-79.2424053122659
384.0,-0.9563804349820909,0.011097550411353315,-1.5698186935544645,1.1868422315671683,-5.531039055443264,-4.301910491252565,-79.43155994635337
385.0,-0.9561995188332539,0.009153723624144053,-1.568888416987752,1.1950825101645253,-5.546504428879549,-4.307172094595497,-79.62287801972036
386.0,-0.9498836403367478,0.00938086909761516,-1.564562225883627,1.2087886486242436,-5.560753831559336,-4.305306271976698,-79.81795878061546
387.0,-0.9397361563919532,0.010121247744916694,-1.5636382592003253,1.2116004317212852,-5.573447733778351,-4.294620948315143,-80.01841874598749
388.0,-0.9300009625092611,0.010543441341366989,-1.5658802541157475,1.2062613525324226,-5.58599081921048,-4.286417083799841,-80.2245909787416
389.0,-0.928880622284686,0.010607395407629666,-1.5675346884631907,1.1966605877518957,-5.60046199398792,-4.281517893372918,-80.4326720784275
390.0,-0.934357027700512,0.010692801211247712,-1.5685881660894674,1.1958013421302252,-5.608295287724113,-4.273425044833487,-80.63937298315085
391.0,-0.9434438440752517,0.010779018359374387,-1.56928224323337,1.185364968782644,-5.622244084250191,-4.265816590413403,-80.84286462831143
392.0,-0.949719696789613,0.010906843990011263,-1.5696784624886935,1.1699583939032525,-5.63892948257654,-4.268435065255196,-81.04410580411495
393.0,-0.9538346829743573,0.010982902821451635,-1.5699330743203146,1.1735261218674726,-5.656913687999186,-4.2748009029457155,-81.24547801135297
394.0,-0.9563383128566929,0.011016486431914009,-1.5699996394231237,1.1750208472877657,-5.675437976470668,-4.286465309444872,-81.44763832568273
395.0,-0.9562342357605224,0.011062104669604757,-1.5701597184035545,1.1824322378946839,-5.694057798847376,-4.286680341490917,-81.6521382970002
396.0,-0.9524806959904071,0.011093907125967332,-1.570267287386339,1.1950053051962717,-5.708511346945213,-4.2877753721987375,-81.86054815652592
397.0,-0.9532071949996868,0.011015820373269902,-1.5704455858998427,1.192937133488278,-5.713396586800011,-4.286302077062491,-82.06923892984085
398.0,-0.9544488247799483,0.011001239117369898,-1.5696809478634044,1.186803518244234,-5.726514761236794,-4.2880908881640165,-82.2779965948295
399.0,-0.951341790425413,0.011104233518389203,-1.56990098019503,1.1914157664052203,-5.743022718173409,-4.295733364403651,-82.48993812972644
400.0,-0.9459410909789459,0.011094649187851054,-1.5701318080497702,1.1821539093429894,-5.760771223418143,-4.307824077226098,-82.70537793848946
401.0,-0.94440765796029,0.011033996267370812,-1.5703189022601625,1.1750438763523436,-5.7791970366807135,-4.320421531872249,-82.92294421738794
402.0,-0.9418516687517627,0.011054629979199152,-1.570388787457691,1.169312422469176,-5.79213099305035,-4.318519999508164,-83.14248552323228
403.0,-0.9392476122352725,0.011050788831187113,-1.5704563575107533,1.1609379327619995,-5.808469315818687,-4.328551654802071,-83.364203859276
404.0,-0.9430897549015322,0.010986808493391028,-1.5705458645413835,1.163849494904573,-5.824075326178173,-4.327184711224415,-83.58609750710544
405.0,-0.9446211857812106,0.010990277535491085,-1.5687133525494246,1.1733664058975684,-5.84156798946632,-4.330186473549557,-83.80913618240038
406.0,-0.942771372508089,0.011109940612823693,-1.5688901793396142,1.1785534314499635,-5.8598869915255225,-4.3424644266237244,-84.03509966795207
407.0,-0.9459178885093144,0.01103700464832644,-1.5695126166908555,1.171411595019842,-5.878492128622487,-4.351060624009008,-84.26127923915283
408.0,-0.9516709794977789,0.01101853901917482,-1.5698804488280123,1.165581261415665,-5.897264400619765,-4.36063042303016,-84.48642443971586
409.0,-0.9529163866118957,0.01108207639471292,-1.5700539190855844,1.1709003152194635,-5.9137288480920285,-4.364016055815316,-84.71290517785232
410.0,-0.9487350718117542,0.01100462307472914,-1.5665088408800913,1.1752257346816664,-5.93158463122007,-4.360824215794544,-84.94230833496187
411.0,-0.9452656220557735,0.01116472445298289,-1.567772304098501,1.1764284131233798,-5.9359869065244,-4.360485778505938,-85.17409029054375
412.0,-0.9470055503298312,0.011054456889160036,-1.568769316447305,1.169962473820417,-5.944535072083148,-4.362575643508159,-85.40584946256861
413.0,-0.9487011840064934,0.011051338413418814,-1.5693637481748017,1.1636386222669415,-5.9564604356057425,-4.37317748488138,-85.637633883762
414.0,-0.9540635056684696,0.011008793510986672,-1.5697968052736768,1.1638950125563903,-5.972437379968874,-4.381715262243518,-85.86880446407795
415.0,-0.9578066746044679,0.011040768170036972,-1.570042358462002,1.1577550000826764,-5.990125837805675,-4.392472084330814,-86.09956627016015
416.0,-0.9545391182943193,0.011115828014918309,-1.5701507733161515,1.157291711006911,-6.000312476024831,-4.3948804953600495,-86.33253166878622
417.0,-0.9519526269502023,0.011074312786414442,-1.5703136077699118,1.1564259062486726,-6.013563101379433,-4.394614197669824,-86.56790229684395
418.0,-0.9527818660853513,0.01103337949910429,-1.570425705959772,1.1644921132916377,-6.030095159794247,-4.40414528867878,-86.80520018796543
419.0,-0.9517488998468656,0.011061625602005791,-1.5704582787497896,1.1747251248445498,-6.0480131994511614,-4.4079738158313,-87.04539605293328
420.0,-0.9529727296151136,0.011025649404146128,-1.5705346962770323,1.1839253338284992,-6.066511537403715,-4.407617627495593,-87.28766062013962
421.0,-0.9511708587949866,0.011032417257367996,-1.5695454701270497,1.189231254848393,-6.085241251681259,-4.408651157606063,-87.53258121354658
422.0,-0.951423531777093,0.011052034659599823,-1.5698884507666109,1.1991760848358717,-6.104074030689523,-4.415934089789386,-87.78010993171475
423.0,-0.9535157806165051,0.01102187414204522,-1.5701504472286416,1.2048781737628251,-6.119678777287526,-4.424711674860982,-88.02882801584167
424.0,-0.9534018374802986,0.01007103700026042,-1.5702584340459942,1.2011922186052058,-6.134366231227287,-4.432212784487376,-88.27882109917245
425.0,-0.9564912023089196,0.010168584964139997,-1.570463459976391,1.190176318757429,-6.151481734575376,-4.44028102864071,-88.5283237912738
426.0,-0.9553862132468243,0.010523418443635246,-1.570448175495064,1.1862740159096385,-6.165363086700088,-4.438150656881225,-88.77903445264927
427.0,-0.9581647508220018,0.01065602850992183,-1.5705378057634611,1.1849985050386025,-6.178242471547386,-4.438982493114945,-89.02976582401773
428.0,-0.9550472854811944,0.010858209459346376,-1.5704915221904567,1.183613849964298,-6.194580730329956,-4.43386479902552,-89.28294757210652
429.0,-0.9498079863615468,0.010932557716867885,-1.5705189946476543,1.1803774977801307,-6.2124266666966745,-4.433249634292419,-89.53963887612063
430.0,-0.9403824387187291,0.011018054465515808,-1.5704953550687242,1.1859964419711553,-6.230889005252086,-4.441503113918082,-89.80230023887725
431.0,-0.9316962432726809,0.011015105530195976,-1.570538936886782,1.1993582952902864,-6.246906807693847,-4.453409534342457,-90.07125701734901
432.0,-0.9313806187292921,0.010900764091145756,-1.5700516572993675,1.197762029269458,-6.264574718881616,-4.469373544651325,-90.34191656524757
433.0,-0.9365350202270016,0.010924562831896436,-1.5702564720952756,1.1972105575814733,-6.275616890674034,-4.480157243200046,-90.61145655209208
434.0,-0.941660294231213,0.010963918326708443,-1.5703682280549907,1.1936408177206956,-6.280086907949781,-4.487689371884605,-90.87895061080185
435.0,-0.9474413666211775,0.01098220730653075,-1.5704459252888945,1.1946262998481034,-6.281922887202583,-4.501830218831166,-91.14430590919834
436.0,-0.9535579480750693,0.010999821627661803,-1.5704935201869141,1.2003370143465044,-6.282676417052427,-4.504790367350476,-91.40770430437497
437.0,-0.9522339529814345,0.011086965423469358,-1.57046197821792,1.2047883083471407,-6.282982127559736,-4.495133093509051,-91.67186390278766
438.0,-0.9519569968396843,0.011040965441120197,-1.5705376050995177,1.2079062926855038,-6.283113517784375,-4.492299243203681,-91.93651447319044
439.0,-0.9541572352676067,0.011006738395231095,-1.570589489326332,1.2064892576914366,-6.283167217069966,-4.487837750835642,-92.20022839437452
440.0,-0.9537411632824241,0.011043103591530106,-1.5705667424437595,1.2059870569474318,-6.283185704511938,-4.493200986331532,-92.46398136477032
441.0,-0.9516957144360145,0.011050430424632723,-1.5705678430963799,1.2085220723535766,-6.283191151469374,-4.497939702283855,-92.72875985407637
442.0,-0.9454356592929299,0.011082310258553859,-1.5705465886288934,1.2095837764877795,-6.283192943305297,-4.506634440210268,-92.99611169307076
443.0,-0.9426063543635844,0.011013535225511054,-1.5706178017824783,1.2042642703600683,-6.283192710093512,-4.509222580838849,-93.26432933576415
444.0,-0.9406488693179997,0.011010577728913938,-1.5706204514746733,1.1959384383207332,-6.283193430050658,-4.507645764371185,-93.5326557759884
445.0,-0.9406569417221077,0.010996960205134215,-1.570630114478825,1.1899177529243283,-6.283194585813465,-4.512118316007576,-93.80050098527617
446.0,-0.9451418219709896,0.010963240517538593,-1.5706606170657615,1.182278985809188,-6.283194462393409,-4.512637135283266,-94.06592486926819
447.0,-0.9516163069673329,0.010977239839343081,-1.5706428940862551,1.1789142167120783,-6.283196316222584,-4.517429026880499,-94.32837091024848
448.0,-0.95834535854071,0.011002988113015411,-1.5706166740609226,1.1821283471516555,-6.283193642227337,-4.5205993825655435,-94.58829638487927
449.0,-0.961565442489932,0.011056789473535543,-1.570567859108257,1.1927824662487483,-6.283192927800467,-4.523701300116189,-94.84771962287745
450.0,-0.9584792811146133,0.011098404671368325,-1.5705467443903454,1.1876035079074152,-6.283193853858409,-4.516903689790874,-95.10784021858595
451.0,-0.9519798550514269,0.01110870695813686,-1.5705307146074998,1.1910414783303707,-6.283190904408724,-4.525277509542394,-95.37083510843554
452.0,-0.948817227365816,0.011037081595017682,-1.5706009007201658,1.1897750661002846,-6.283193128123763,-4.520727903989329,-95.63516736513155
453.0,-0.9506532107348834,0.01098453697993721,-1.5706463502108694,1.1880669685208836,-6.283194382980159,-4.521882249413201,-95.89872118813739
454.0,-0.9468332145939976,0.011064511302718795,-1.5705736729739361,1.1828244485006174,-6.283191740944369,-4.526938185677258,-96.16322050134002
455.0,-0.9463618941085891,0.010891316235310698,-1.566799509347986,1.1794842985440084,-6.283194536305408,-4.52994541262353,-96.42685157541105
456.0,-0.9458555424485365,0.010906493962854107,-1.5611603549217834,1.177952568295084,-6.283194529939127,-4.529596739854617,-96.68912321348154
457.0,-0.9497575765802493,0.01092188846416374,-1.5553627369122813,1.178286926291026,-6.283194014431157,-4.5400087461142915,-96.94842434462505
458.0,-0.9530138071109503,0.011257891732266852,-1.5575086733665673,1.177784210208152,-6.283192653784097,-4.535131854705169,-97.20666198838438
459.0,-0.9547094591861962,0.01125353986083837,-1.5612647118391543,1.1816459552375538,-6.28319136237936,-4.532432256961983,-97.46542946625529
460.0,-0.9514029981963651,0.0112057653592106,-1.564322666883984,1.1812411946200763,-6.283191824763654,-4.526554889389115,-97.72622748834367
461.0,-0.946427474029603,0.011125748365085942,-1.566409896584607,1.1805717768177586,-6.283192638548462,-4.531074887132817,-97.98958082666174
462.0,-0.9478139498989836,0.010951949538209571,-1.566079839450215,1.1872427062340694,-6.283192943502767,-4.5315421784427965,-98.25305866672433
463.0,-0.9484745706362768,0.011051329885071303,-1.567533675048506,1.178781515065854,-6.283193124945577,-4.535086919633932,-98.51585186333631
464.0,-0.947046821981057,0.011059169320659402,-1.5685213403921134,1.1837185082208321,-6.283190958897104,-4.541341179569163,-98.77983872207858
465.0,-0.9424799842665084,0.011068904954912395,-1.5691920746777788,1.1875347261957268,-6.28319217804498,-4.544005163251129,-99.04617553327863
466.0,-0.9396510681762444,0.010981720754831576,-1.5683113660556895,1.190215340605986,-6.283193071808045,-4.542395209555035,-99.31380928568639
467.0,-0.9411597348394048,0.010958930601304036,-1.5675899433754006,1.1842010779933787,-6.28319444196158,-4.5408689335471495,-99.58023305803351
468.0,-0.9471123028943879,0.011003434253369916,-1.5685790374332407,1.177969197805338,-6.283193320429627,-4.536337563403508,-99.843931458445
469.0,-0.9553723717217533,0.010986513962419935,-1.5692703703288327,1.1643776314785392,-6.283193327855021,-4.540490590070409,-100.10325974997046
470.0,-0.9590543240015974,0.011062933086992804,-1.569635586725398,1.169861848791385,-6.279946007020417,-4.536826747611461,-100.36117397575997
471.0,-0.9553892030812087,0.011120638594375815,-1.569895373051965,1.1737794569658613,-6.281915283844823,-4.535671517259704,-100.62099961677961
472.0,-0.9505028764921285,0.011096232375767663,-1.5701213422356903,1.1864798624086406,-6.282674261364472,-4.525498814315283,-100.88406095431829
473.0,-0.9472575167476597,0.011043112757646897,-1.570320156080471,1.1861692759394267,-6.282988646810754,-4.524779510715248,-101.14861952082958
474.0,-0.9446683725294492,0.011028368831966997,-1.5704255023380438,1.1809220309073303,-6.283115701610949,-4.526301199288117,-101.41386835535279
475.0,-0.9426762244364673,0.01102625998367661,-1.5704814116514432,1.1829641526131227,-6.283166948658079,-4.538004175818795,-101.68013954639271
476.0,-0.9424799340320145,0.011001912577074316,-1.5705521390160149,1.174505869719916,-6.283189992197165,-4.5539285321802785,-101.94586184294639
477.0,-0.9407002390827471,0.010970991953338694,-1.568470720588977,1.1709303396578852,-6.283195614904325,-4.565676835478074,-102.21146688204155
478.0,-0.9443535853153431,0.011022567674228245,-1.5691724269291978,1.162722864622061,-6.283195451186362,-4.565098460500292,-102.47511271189713
479.0,-0.9443894103796264,0.011073708465880338,-1.5695904737773552,1.1627995098328852,-6.2831909664468935,-4.567297068186725,-102.73870736191628
480.0,-0.9469465588757738,0.010945580565811044,-1.5676248349167627,1.1517075420663927,-6.283193409546394,-4.567726214524117,-102.9999438602708
481.0,-0.943554719704555,0.01106338189759239,-1.5656648633594061,1.1409893758204848,-6.283192477656297,-4.570338665078399,-103.26099764978747
482.0,-0.9371193767673252,0.01118280371632588,-1.5665802156615005,1.135706413453259,-6.283192645276016,-4.566579949831727,-103.52444962227582
483.0,-0.937963560038867,0.011068982476051904,-1.567965542697076,1.1357223998969779,-6.283194499007005,-4.558387117581996,-103.78808866943363
484.0,-0.9451101068677611,0.010993910522158944,-1.5688859718816706,1.1360984270023506,-6.28319478566848,-4.551529709687303,-104.0490970702719
485.0,-0.95093054477776,0.01103045796304811,-1.569423302562979,1.141187765481666,-6.283191765832369,-4.556238654582558,-104.30815630903626
486.0,-0.9501271911932634,0.01109553179364806,-1.5697597313253573,1.137563319792987,-6.283191625278603,-4.56140825701452,-104.56718481974005
487.0,-0.9509966432128039,0.011052690605919482,-1.5700499682772089,1.1442925733820435,-6.283191920007287,-4.566036203407915,-104.8265501510779
488.0,-0.9478985074993411,0.01109202044027356,-1.5701913841346462,1.1498270509335518,-6.283191327181907,-4.558138191371071,-105.08761548407514
489.0,-0.9445697220976217,0.011064605536124796,-1.5703420416847353,1.1462653893206742,-6.2831911836582295,-4.551412653261618,-105.3498602880524
490.0,-0.9421750037041554,0.011046179689194658,-1.5704332943210493,1.1426373966751986,-6.283193856094663,-4.545711350004417,-105.61285558699954
491.0,-0.94006437464423,0.011044292652816853,-1.5704821320145685,1.1432494753186255,-6.283192479911054,-4.544033468948485,-105.87680278412984
492.0,-0.9442244256808967,0.010975648596952667,-1.570582552767683,1.1398032145012944,-6.283194152145573,-4.543241856997423,-106.1389012002477
493.0,-0.9508582667092672,0.010986797699738399,-1.5705887236488423,1.1410951783621246,-6.283194439594904,-4.541390560959913,-106.39833995106592
494.0,-0.9553707862716163,0.011032504079407942,-1.5705675003259012,1.137475885780925,-6.283193299108234,-4.542670781073619,-106.65552495511623
495.0,-0.9546438112885681,0.011091158748310024,-1.570524840084223,1.1330426659203232,-6.28319209115526,-4.538437630155903,-106.91248626774815
496.0,-0.9509313710056075,0.01110143369491281,-1.5705233229970816,1.1274244053774376,-6.283191957543998,-4.537908611328082,-107.17046001954839
497.0,-0.9456988181811441,0.011097992813609917,-1.5705278880231777,1.1246666088727806,-6.283194968223117,-4.539747607406982,-107.43036552786698
498.0,-0.9378214746402718,0.011106775045552532,-1.570529718003344,1.1138861354697258,-6.28319499245261,-4.537912486419506,-107.6926762680039
499.0,-0.9376357785737449,0.011003870823942547,-1.5706197495661693,1.1059754651087743,-6.283195685419542,-4.54289249835737,-107.95464210883428
500.0,-0.9411542634890054,0.010995717099985683,-1.5706208049788746,1.1024197376060505,-6.283197702858716,-4.550508716091287,-108.21484584148166
501.0,-0.9477546626824108,0.010983782476311455,-1.5704077046801141,1.097378283798472,-6.283197851397915,-4.55981909415257,-108.47182982774706
502.0,-0.9480437899499018,0.011096749273227182,-1.5703750890421173,1.1028878986409414,-6.283192640160913,-4.557402328343197,-108.72891726675375
503.0,-0.948996629970953,0.011066254865467107,-1.5704621147260256,1.1071809205137313,-6.283194554410011,-4.555053637626654,-108.98604537785104
504.0,-0.9511653140037564,0.011053592789728305,-1.5705055186847223,1.1162928344530645,-6.283191908799833,-4.543004446309207,-109.24305885556308
505.0,-0.95625520188232,0.011027175486750808,-1.570552053916206,1.1310913157035665,-6.28319431557329,-4.529238063620459,-109.49928812904274
506.0,-0.9578680899833115,0.0110753508830502,-1.5705319588618443,1.1430641843737173,-6.283191814166101,-4.519760974224878,-109.75578863204272
507.0,-0.9609039255391791,0.011043016631379198,-1.5705775160294368,1.152278168888417,-6.283192669090983,-4.510550888863586,-110.01192509871024
508.0,-0.9592967291892165,0.011092661115032876,-1.570541430356273,1.1572922439359163,-6.283191918837943,-4.516399536610643,-110.26903354932871
509.0,-0.9528650056870411,0.011117036546844011,-1.570525990851127,1.1582197380240724,-6.283192294836765,-4.507661374947932,-110.5287841584047
510.0,-0.9453402292664661,0.011095542675433785,-1.5705478772359733,1.1568178664336237,-6.283192870982337,-4.503688502807132,-110.79156228081659
511.0,-0.9419657005412566,0.011031982523836886,-1.570602217142807,1.1593275632653597,-6.283191951636921,-4.50595883646462,-111.05609944290275
512.0,-0.9422320430771778,0.010936823849894143,-1.5686744745876975,1.157318224964265,-6.2802858496267735,-4.508786162028536,-111.31975370696291
513.0,-0.947319799167762,0.011013080018741784,-1.5692922737839046,1.1532914383063813,-6.28205438675895,-4.5001246352891515,-111.58127610576054
514.0,-0.9492128905322084,0.011058226378468618,-1.5696873314493183,1.1469629451874763,-6.282729245737342,-4.4950614556568205,-111.84152264377089
515.0,-0.9512264857866493,0.011009997276998576,-1.5689022997224147,1.142739024072695,-6.276881243896868,-4.496193921591051,-112.09991052662753
516.0,-0.9535335474074088,0.011069336087748134,-1.5694221516764029,1.1433084356217147,-6.280693821393227,-4.499489351451704,-112.35777592979964
517.0,-0.9514247515578229,0.01110198947559555,-1.5697713461109284,1.1411021907797574,-6.2821708144139965,-4.500967909918045,-112.61644979780066
518.0,-0.9498415228093182,0.011072053160106047,-1.5700427057573474,1.1513568806084866,-6.282780603413914,-4.5046519152150895,-112.87679723726228
519.0,-0.944118230909073,0.011096929801680486,-1.5702052596502905,1.1458998449190312,-6.283029567871004,-4.505758636683759,-113.13908235677296
520.0,-0.9423969777183668,0.011026610672498738,-1.5703820602750214,1.1372984877174934,-6.283135784725897,-4.512118992450911,-113.40155583258952
521.0,-0.9463370329902995,0.010856860472700245,-1.5665910881329717,1.1275710779553163,-6.283179971884198,-4.5139477179025445,-113.660777680299
522.0,-0.9513398681550804,0.011071777932395355,-1.5668624085915521,1.1284208781627343,-6.283190830568359,-4.505004474668227,-113.91790339514264
523.0,-0.9559958090143587,0.011081761777947693,-1.5673685438235465,1.136823352929417,-6.2831917426169746,-4.490244058840151,-114.17390234492443
524.0,-0.9550927035279974,0.011151572628520227,-1.5683609283884323,1.1513303439242886,-6.283191191321301,-4.482969604174609,-114.43161680109637
525.0,-0.9526283837040049,0.01110969222680473,-1.569108971010028,1.1625080158277792,-6.283190675523386,-4.479510079220592,-114.69153213825041
526.0,-0.9501738885726154,0.011074699293289041,-1.5696128334332335,1.1725828860413894,-6.283190762074323,-4.489212228809575,-114.95349363755749
527.0,-0.9456172521326857,0.011069371390373926,-1.5699420987044324,1.1679904340551117,-6.283193622179693,-4.4997454172832345,-115.21704046722473
528.0,-0.9401007603516861,0.011067295548020021,-1.5701434611229412,1.1732504319989903,-6.28319069754505,-4.505693063175647,-115.48336872620668
529.0,-0.941768638434753,0.010971158194804362,-1.5703772871396746,1.171741104618538,-6.283192741075025,-4.509791070096069,-115.74914842813686
530.0,-0.9446457588645373,0.010985797898126266,-1.5704580050293473,1.1632592525598284,-6.283195513256043,-4.5082229290701665,-116.01302432873464
531.0,-0.9496327325993444,0.01098336523796801,-1.5705186408564944,1.154541939235458,-6.283194494822131,-4.516564541921003,-116.27412296569925
532.0,-0.9531046704020308,0.010991914285666126,-1.5695455489118793,1.1404384685043212,-6.283194161197256,-4.518345963379422,-116.53228174478014
533.0,-0.9512061242151657,0.011114121657913648,-1.5697974883101675,1.1335861123055913,-6.283059444851276,-4.513882894186967,-116.79050038920238
534.0,-0.9496707407476712,0.011083631876719043,-1.5700539075744864,1.1419355719179622,-6.283147420061821,-4.5209233590626905,-117.05014456955655
535.0,-0.9474187173180971,0.01107440064857084,-1.5702313938306958,1.1471479536463702,-6.283181442092133,-4.534884239337687,-117.31122427380282
536.0,-0.9447200490770968,0.011062516623339574,-1.5703556042547036,1.148360540270595,-6.283192897317839,-4.533608400125712,-117.57358576796527
537.0,-0.9390071137187336,0.010950791255646046,-1.5660090274179228,1.1518614115653514,-6.2831935703029105,-4.533084533026123,-117.83756575966065
538.0,-0.9398793064550668,0.010897318356747546,-1.560995843994139,1.1492644666038603,-6.28319715719464,-4.535820489262752,-118.09990636740834
539.0,-0.9441611570349288,0.01108261436125934,-1.5600534288369028,1.1579441633444914,-6.28319358542614,-4.538675989041397,-118.3608625732912
540.0,-0.9501944328837918,0.011205615909649708,-1.5634482004729722,1.1726091440567783,-6.283191671050296,-4.535570207551345,-118.62135046160286
541.0,-0.9542982653130856,0.011129466602322596,-1.5658298472558294,1.1744686310415058,-6.283192458789971,-4.535603854197459,-118.88092230604823
542.0,-0.9555154570698634,0.011097002924602337,-1.5674048781229197,1.1681431653608998,-6.283193003678648,-4.533730600258644,-119.13981912315192
543.0,-0.9510282298687845,0.011073892542833582,-1.5667132928248353,1.1753247026867035,-6.283192327082864,-4.527705667332984,-119.4008848056579
544.0,-0.9466740570467658,0.011115858880439394,-1.5679669997877568,1.1845796655154148,-6.283190645392221,-4.5233225049715395,-119.6648797356077
545.0,-0.9440333593990572,0.010988009961560569,-1.5667372433386944,1.190587404228121,-6.283192586623284,-4.528060363174364,-119.93030012098016
546.0,-0.9450026859225581,0.011050307487721164,-1.5679943256296274,1.1970545028290802,-6.283191863826585,-4.525943844600209,-120.1962358131584
547.0,-0.9462594792517599,0.011030087076402349,-1.568867694552989,1.2024522125564343,-6.283192016449349,-4.521178015258098,-120.46235031818406
548.0,-0.9511427801486704,0.01097674035501279,-1.5694922148705217,1.2010505239594431,-6.283193023050749,-4.524259070345038,-120.72660491528092
549.0,-0.9568837803513984,0.01098086984959658,-1.569873223120689,1.1913576102571075,-6.283194106369613,-4.514325538645432,-120.98777670760748
550.0,-0.9615371827693526,0.011016113051793397,-1.5700864836678325,1.1937640111310732,-6.283190779285557,-4.499129120200544,-121.24724532702986
551.0,-0.9590153230840829,0.011093315424182935,-1.570191446240812,1.1967465454419073,-6.283191802067241,-4.500935683541898,-121.50784536580997
552.0,-0.9552561527758685,0.01101659766074408,-1.5687004453867253,1.192732003307239,-6.283191735707705,-4.510269851786234,-121.7693004070049
553.0,-0.9519281188853065,0.011094675520883513,-1.5692723887974527,1.2022634284138882,-6.283192038755077,-4.512150388001858,-122.03303422244655
554.0,-0.9475811385916892,0.01107867164696001,-1.5697068199607818,1.2173105169015497,-6.283190386375126,-4.524062285972528,-122.29996280983401
555.0,-0.9436256050513256,0.011037353736328298,-1.5700358830319538,1.2213966104353235,-6.283191989195686,-4.530024644199906,-122.56903592443147
556.0,-0.9432129103652902,0.010917770654671451,-1.5677892518965941,1.2311235521414143,-6.2831944593778415,-4.527183621636564,-122.83868995731764
557.0,-0.9456227907144378,0.011020470853547489,-1.5686954960949957,1.227430121293807,-6.2831928308564375,-4.533626424720775,-123.10728774054681
558.0,-0.9474516778886247,0.01101496054347415,-1.5693350005709725,1.21610384392576,-6.2831939173922695,-4.538089318436604,-123.37430050625493
559.0,-0.9540633554600734,0.010968401589276906,-1.5697911038712398,1.214517296969736,-6.28319414877636,-4.547906992716618,-123.63866852078877
560.0,-0.9567503286893947,0.011035175439979032,-1.5700125721125067,1.2171354072325749,-6.283191287189459,-4.552262587993377,-123.90208801062303
561.0,-0.9558066291042161,0.011059548904847494,-1.5701850379553277,1.2212998162525577,-6.283191624688225,-4.544352779940623,-124.16622896376693
562.0,-0.9587896460982399,0.01099948929622475,-1.5703688056798686,1.2294232999679955,-6.283191526502256,-4.547221386782119,-124.43003869015563
563.0,-0.9620768753173102,0.011002265044412702,-1.5704558011804417,1.2332277382891181,-6.283194041530542,-4.5558602641540284,-124.69289229511585
564.0,-0.9596924951858029,0.011043411336666512,-1.5698281295183913,1.234975967883834,-6.283192902446338,-4.548235640362778,-124.95657249114723
565.0,-0.9533313054407687,0.011102503823423973,-1.5700316973385617,1.2467973215369146,-6.2831909103844374,-4.545154558448535,-125.2238073087817
566.0,-0.94943720390701,0.011025631055481837,-1.5702781385757885,1.248167224805244,-6.2831935057265005,-4.545619561563374,-125.49294048498246
567.0,-0.9509491227066262,0.010961648666958474,-1.5704454980479021,1.2485429635473302,-6.283193173274732,-4.552204513908179,-125.76166922745668
568.0,-0.9485532080806943,0.011026503591443559,-1.570457497102208,1.2524022048855559,-6.283191432088826,-4.549543806805411,-126.03158480765767
569.0,-0.9495880909344693,0.010971040196406077,-1.5705622084316206,1.2520981019740738,-6.283192392100629,-4.546272240737206,-126.30120498659308
570.0,-0.9530991288912345,0.010758303484391859,-1.5705941942536983,1.2518027262889304,-6.283193824292566,-4.55462675459792,-126.56945696674332
571.0,-0.9523839529025736,0.010847004800476498,-1.57057730737176,1.2461885391398895,-6.283190611156586,-4.561287626782752,-126.83738744550392
572.0,-0.9482986127098325,0.010935409577815016,-1.5705622185396786,1.243692757284539,-6.283192714523422,-4.566462242221878,-127.10666916655818
573.0,-0.9422015376449194,0.01097579682798731,-1.5705721050782153,1.236979522271112,-6.283190468536031,-4.557429404140373,-127.37783966150484
574.0,-0.9393626778892341,0.01096025177250941,-1.570608744862593,1.2421570469043557,-6.283191284005428,-4.555080318820691,-127.65070561265541
575.0,-0.9434080254897292,0.01090050452074569,-1.5706882776135338,1.2377373310299853,-6.28319162803872,-4.559630064357867,-127.9217243020653
576.0,-0.9461526685530565,0.010957443741234139,-1.5706493347722281,1.2262667252499178,-6.283192227770035,-4.560265958874163,-128.1905404167438
577.0,-0.9534462233272388,0.010934670641984917,-1.57067171727141,1.2202469200592498,-6.2831932997975235,-4.55866243715576,-128.45593708725963
578.0,-0.9597846085349441,0.010982719698477167,-1.5706329332488538,1.2110833498889744,-6.283192657556675,-4.562001150383887,-128.71788446969904
579.0,-0.9642829407284225,0.01101926057860466,-1.5706001745558773,1.2056613777663563,-6.2831939328076505,-4.559767407482329,-128.97746331637686
580.0,-0.9618733791313387,0.011097493838425001,-1.570528691092877,1.2076878902108918,-6.2804095339678785,-4.5530926687541236,-129.2377356025806
581.0,-0.959344936302237,0.011070149751253103,-1.570555258242257,1.2195857130839334,-6.282101042996393,-4.550328781060867,-129.50023226117722
582.0,-0.9536943892918421,0.011088156874710178,-1.570544781458233,1.2355923097564303,-6.282748043609196,-4.556166143032266,-129.76641436418006
583.0,-0.9447714202482603,0.011074590218528616,-1.5705749031282707,1.2310889979978337,-6.283015658019063,-4.564729595470884,-130.03589674619428
584.0,-0.93545126122832,0.01105802459869559,-1.5705849722649377,1.2300060212491084,-6.283125196663375,-4.565507460502588,-130.30916955748833
585.0,-0.9342694575927962,0.010961119913841081,-1.5706685552894826,1.2372961951595554,-6.283174564946346,-4.570150755111631,-130.58379644234105
586.0,-0.9378443500868501,0.0109255943352833,-1.5707080562280555,1.2291247593425862,-6.283192093025208,-4.57443642470859,-130.85636736278934
587.0,-0.9385051298087658,0.010994701625348892,-1.5706392853910338,1.2219959097563857,-6.283191307616048,-4.570987968999399,-131.12791472958332
588.0,-0.9433315536693069,0.010960385358542567,-1.5706653833764177,1.2221447311920655,-6.283193055471492,-4.56543323795572,-131.39757024918572
589.0,-0.9487037373635433,0.010983371021040054,-1.570643311501747,1.22325258736452,-6.283194725362196,-4.563787948698966,-131.6650816489958
590.0,-0.9580866565030935,0.010959760376471247,-1.5706631811463636,1.2288310910088318,-6.28319218984853,-4.556234986686471,-131.92934974076456
591.0,-0.9661787372729301,0.010996940417122014,-1.5706341796822885,1.2265222070018331,-6.283191646260087,-4.5444677720247295,-132.1901191582814
592.0,-0.9692044766978034,0.01105881884204807,-1.5705764868980827,1.226630121110352,-6.283191715333253,-4.546527076341088,-132.44954456241004
593.0,-0.9659954174310208,0.011105629146936878,-1.5705341012223988,1.2299762821881004,-6.281808469124506,-4.547168285699344,-132.71026777363832
594.0,-0.9578504677918864,0.011118923360348917,-1.5705246464996732,1.2330527708753336,-6.2826499116038415,-4.545306282800905,-132.97450625960366
595.0,-0.9495982852185637,0.011083152534652464,-1.5705562132737967,1.2431281738051339,-6.282975233462429,-4.544193701120001,-133.2430362656586
596.0,-0.9452878030540818,0.011005106629454154,-1.5706353753251385,1.2427427554529735,-6.283111937642333,-4.550310911194135,-133.51348031987553
597.0,-0.9483762698513396,0.010929164353799637,-1.5707026779289837,1.2386522271451363,-6.2831682851039306,-4.552107287346165,-133.7825074788943
598.0,-0.9528830707879121,0.010950018598515287,-1.5706810747206559,1.230234150598607,-6.28318708783798,-4.550607335601401,-134.0489553021229
599.0,-0.9518288356127481,0.011040105707131632,-1.5705921485259942,1.2308133901003553,-6.283190707499236,-4.5526648317853375,-134.31567767548165
600.0,-0.9488013708253661,0.011044759678912604,-1.5705905891281808,1.2329364674348593,-6.283191867557002,-4.550026141043446,-134.58379716536118
601.0,-0.9446046756306337,0.011038344877085094,-1.5706010234979284,1.228116708484569,-6.283190453485481,-4.542972847208251,-134.85322239514815
602.0,-0.9414004600717505,0.011018132920115747,-1.5706173339819638,1.224163705462279,-6.283192930196263,-4.532983715262187,-135.1236639228881
603.0,-0.9449334275139243,0.01095270463473529,-1.570671542227218,1.2278782955889258,-6.283194147738723,-4.532882377005811,-135.39313002589327
604.0,-0.9481626080277145,0.008201225395340956,-1.570554788557638,1.2248194314149383,-6.283192133929031,-4.540345631987921,-135.66142047950322
605.0,-0.9532612612298498,0.008604939749486408,-1.5707350332190486,1.2161958033384637,-6.283194970066892,-4.550809581856454,-135.92694393791913
606.0,-0.9589869751505631,0.009447929874936943,-1.5706789976058257,1.2096445491725938,-6.283194217834017,-4.548329135524962,-136.18937465420262
607.0,-0.965281381862223,0.009996044684270995,-1.5706547046770394,1.1974541268661918,-6.283193976269676,-4.550295641341405,-136.44809435890633
608.0,-0.9683884385589928,0.00875453902646709,-1.5705206470011237,1.2017696874054775,-6.283191272739883,-4.549196211459984,-136.70599249108014
609.0,-0.9679181254430558,0.009208833846772622,-1.5690767716141896,1.2112601089671364,-6.283192062864997,-4.542584147415147,-136.96442704821283
610.0,-0.963869446616777,0.009938051156530195,-1.5695125908833771,1.215798189101139,-6.283192493083482,-4.538685702333926,-137.22477996649764
611.0,-0.9551351273176929,0.010353632332843477,-1.569847241354559,1.209950338659846,-6.2831918845994625,-4.530060618021048,-137.48809354746496
612.0,-0.9475351278210905,0.010567307503541951,-1.5701182340157538,1.2012749913356753,-6.283193033056406,-4.534170191426288,-137.7538522217985
613.0,-0.9460283536364825,0.010667480508844324,-1.5703273873795902,1.1999552687718877,-6.283194039288074,-4.543067751230035,-138.02027662701536
614.0,-0.9498065211445101,0.010740618599984392,-1.5704656656374172,1.1947364466598482,-6.28319436270088,-4.544580578689599,-138.28481848651325
615.0,-0.9540935367381682,0.010840267158761605,-1.5705103501315099,1.185514393138772,-6.283195609192423,-4.549983345540575,-138.54678021707852
616.0,-0.9567989264809948,0.010928870824601051,-1.5705132149909842,1.1829717856249793,-6.283194582923734,-4.557048108488189,-138.80732891794912
617.0,-0.9592862066548823,0.010967728323863028,-1.5705364092526726,1.1848855190228165,-6.283194252097725,-4.549160462115871,-139.06701413967187
618.0,-0.9588578322771023,0.011013423238916785,-1.5705445298484497,1.1745190288105487,-6.283193777041692,-4.547394599962015,-139.32592106379468
619.0,-0.9552990717226155,0.011057490400723785,-1.5705196114851216,1.176671989430241,-6.283190619910585,-4.551414463207466,-139.5863552328887
620.0,-0.9468260861186724,0.011097428428301874,-1.5705054503220164,1.1768451510482223,-6.283193319838036,-4.54807651853597,-139.85020052662097
621.0,-0.9417132796061507,0.01103298561392312,-1.5705779800424597,1.1780839875546605,-6.283194641473712,-4.548892261343311,-140.1164264256203
622.0,-0.9396075580604221,0.011000464125897617,-1.5706196068773695,1.1715579524581985,-6.283195308993863,-4.554783652833645,-140.3830769267677
623.0,-0.9421807792879093,0.01096817986757497,-1.5706475582032127,1.1695721510612729,-6.2831959093843714,-4.562362158473275,-140.64857681168218
624.0,-0.9474437579842048,0.01097309133190937,-1.5706422484139166,1.1726112488146145,-6.283194915434851,-4.574735829211979,-140.91216368263744
625.0,-0.9524431880589996,0.0109994307029457,-1.570625516411424,1.1707260653932272,-6.283194738207171,-4.572851959837897,-141.173497468716
626.0,-0.9546612914604136,0.01104037850694124,-1.5705919281220586,1.1649386823164567,-6.283192760701041,-4.571663247651703,-141.4333352689235
627.0,-0.9509888590529969,0.011096504242717567,-1.5705450587997791,1.1526847860500093,-6.283193315683767,-4.564399040019543,-141.69349127724624
628.0,-0.9479962441988177,0.011069420067839586,-1.5705578123741373,1.1542627036116397,-6.283190841275966,-4.553209923488097,-141.95503652945175
629.0,-0.9470348411908832,0.011038269342944074,-1.5705896591884494,1.1551549273403163,-6.283194624002212,-4.546922757361375,-142.21712362914025
630.0,-0.9478420107866457,0.011021712611691846,-1.5706065614852507,1.1557585262843213,-6.283196295367076,-4.546875968885056,-142.47897038480897
631.0,-0.9479317624447058,0.011034881904405422,-1.5705994162811021,1.1503991588827185,-6.283191696292151,-4.543556601987544,-142.740305465199
632.0,-0.9502430731799062,0.011014174635104212,-1.5706146822634526,1.1479109995380221,-6.283195316461077,-4.541875404416665,-143.0005159253747
633.0,-0.9575440114851292,0.010977314628103222,-1.5706461359674264,1.1461359660941273,-6.283195982810036,-4.541226327737772,-143.2576644496239
634.0,-0.9625884410612383,0.01103992591464469,-1.5705802562517426,1.1565144653864299,-6.283194375535227,-4.537336709624497,-143.5135049802109
635.0,-0.9601122898243722,0.011104272220432851,-1.570023556762331,1.1715773416052493,-6.279898316913709,-4.530374592517633,-143.77106809913641
636.0,-0.9530297495026692,0.01113423411989291,-1.5701854489384148,1.1730106768353918,-6.281899578585225,-4.531461863196256,-144.0318186071588
637.0,-0.9474111560567186,0.011080476737861819,-1.5703390108670277,1.1808523647641413,-6.282668984276192,-4.535014416320807,-144.29574002375085
638.0,-0.9473667439756249,0.011001340646124801,-1.570487063725822,1.1853181114758184,-6.282987714971265,-4.53776179222341,-144.56029590759582
639.0,-0.9476977562450739,0.011016800200139664,-1.5705163606952939,1.1963733539314765,-6.283114134935226,-4.536867155391557,-144.82566457242876
640.0,-0.9534944235778199,0.010959231700603833,-1.5706064825721906,1.2047468938315804,-6.283169714640602,-4.54311956407197,-145.08956543659278
641.0,-0.9595916289296451,0.010978314853524896,-1.5706173642933274,1.1991915957328063,-6.283188989506605,-4.540482709591656,-145.35051474478456
642.0,-0.9638585557741561,0.010922492112509397,-1.5674009094409136,1.2004276616261773,-6.283192503077372,-4.535355001837852,-145.60900012213133
643.0,-0.9656380035326336,0.011123470219279593,-1.5683454711254063,1.2021142894101917,-6.2831917448705745,-4.5251163980191595,-145.86701185624486
644.0,-0.9609357460751327,0.011148329630003133,-1.5690378963407312,1.207552303526655,-6.283191254480841,-4.517618390309746,-146.12742866484624
645.0,-0.9512605398981697,0.011140784225304099,-1.5695289442027593,1.2097535897119611,-6.283192789744954,-4.515442295516598,-146.39203489344465
646.0,-0.9433451544419228,0.011063576533942915,-1.5697061583180598,1.211511321155389,-6.283193632077154,-4.514143747065228,-146.6601986708752
647.0,-0.9324304205945517,0.011038711917144351,-1.5684846261426775,1.202634142104311,-6.28319337296247,-4.5234672028696705,-146.93184226002938
648.0,-0.9275829110910008,0.011036138090661778,-1.5691946060671704,1.2061399289158468,-6.283191418054679,-4.535588922894487,-147.20613365543844
649.0,-0.9303004664853068,0.010950893891419003,-1.5697353832994685,1.2076519095841751,-6.283192128392965,-4.543037174829032,-147.47972427218957
650.0,-0.9386361006264499,0.010923095081915732,-1.5700683256109342,1.209116010731922,-6.283193369847054,-4.543183666942395,-147.75012378977632
651.0,-0.94547908850423,0.010977250302061927,-1.5702291753928213,1.2052162988465154,-6.283192605323383,-4.544844445536805,-148.01731401695395
652.0,-0.9507915929104064,0.011007652595881243,-1.5703403551172852,1.2007021260304425,-6.2831936422742345,-4.556606863940673,-148.2819022403485
653.0,-0.9561825952398815,0.010990651125741865,-1.5698023628980506,1.1917017036403237,-6.283193817632804,-4.562801681876187,-148.54337368109898
654.0,-0.9591197075887486,0.011060997061546946,-1.5700173529017531,1.1852101313569983,-6.283193967901125,-4.554703739960549,-148.80302874741778
655.0,-0.9581610382695965,0.011091798480926384,-1.5701667949318239,1.1876372505230492,-6.283191007911522,-4.550071379541193,-149.06320936022573
656.0,-0.9574853829969987,0.011063293068182397,-1.5703159452435222,1.1962845719284234,-6.283192296354334,-4.549019918612632,-149.3244773910107
657.0,-0.953606043912372,0.011084618688833049,-1.570382410638507,1.2073743754073856,-6.283190835913042,-4.539227476335231,-149.58823930585473
658.0,-0.9492629755277983,0.011061134624774689,-1.5704648856658032,1.219054877984807,-6.2831916286874305,-4.525901592618661,-149.85484645407772
659.0,-0.949083890493196,0.01098860980665397,-1.5705781169311814,1.2164802159299972,-6.283192335358919,-4.5315568674982485,-150.12149352930177
660.0,-0.9459664341744746,0.011033968312884552,-1.5705572762361035,1.2120104878403957,-6.283191295189031,-4.543183013093315,-150.38893707516584
661.0,-0.946808348202745,0.010981582919099377,-1.5706197214728814,1.2072972844701897,-6.283193316784018,-4.55904534930891,-150.6557573170532
662.0,-0.9457915157241025,0.010907013484477472,-1.566984215450906,1.1972512611669517,-6.283192932152446,-4.559680843134259,-150.9212075409302
663.0,-0.9504637567272145,0.010987908139072208,-1.5662868221247448,1.1852081486593702,-6.283196952057078,-4.565932725107098,-151.18358273560818
664.0,-0.9541004817622841,0.011099880688420799,-1.5676344881541542,1.1786129884413101,-6.283193743654598,-4.565113999053796,-151.44409820079917
665.0,-0.9555287938488849,0.011088822140892074,-1.5685955091024313,1.1784972671702172,-6.283193024027752,-4.561134164769926,-151.70420191870392
666.0,-0.9561702848988695,0.011067567470378363,-1.569255518435406,1.182510361029471,-6.283191371576288,-4.556432130324494,-151.96454785489752
667.0,-0.9590116104482798,0.01102642881385721,-1.5697238813867527,1.1905416955768424,-6.283192022979432,-4.5590063872028965,-152.2246149492544
668.0,-0.959080503579972,0.011052212766675822,-1.5699946310643946,1.1953776899972295,-6.278943790462146,-4.554677105740431,-152.48472000542066
669.0,-0.9566902806714163,0.008942547961109746,-1.5701085930474836,1.2012110287128903,-6.280392853004509,-4.5471298497046,-152.74677229746655
670.0,-0.9603512241553978,0.009172289150739426,-1.570448409454245,1.2033468749293945,-6.280789177704515,-4.53558738725137,-153.00781347002297
671.0,-0.9627533223367747,0.009839672710190124,-1.5704718855857616,1.2061971766478332,-6.282230285481768,-4.534131222797493,-153.26808175474847
672.0,-0.966269551661576,0.010238617506960269,-1.570530201626673,1.2063840974176263,-6.282803776160864,-4.524589405982297,-153.52699095952906
673.0,-0.9661940880374306,0.01055199346030344,-1.5705202171480461,1.2027153556093517,-6.283036350172027,-4.522507847592192,-153.78548124610924
674.0,-0.9623755324224409,0.01075372089454304,-1.5705145505649891,1.2009031474481724,-6.283132136674394,-4.517886570111628,-154.04523497453957
675.0,-0.9571020168154676,0.01070336684783844,-1.5705211441239724,1.2074739758585202,-6.283172649165653,-4.518746474453193,-154.30767526027788
676.0,-0.9508064961265431,0.010786550460514653,-1.5705615787746887,1.2069825864878534,-6.283190783128716,-4.530161706065771,-154.5726518783927
677.0,-0.9456442142716235,0.010861839218167238,-1.5705798321107731,1.2164496073545767,-6.283192592531694,-4.526366227838649,-154.8405844450817
678.0,-0.9477980920362654,0.010838616117016437,-1.5706656824047514,1.2257491918327963,-6.283194594317901,-4.5239470775734745,-155.10865276449536
679.0,-0.9538154844681709,0.010820932568862674,-1.569383852231729,1.2227690282450878,-6.283192219810579,-4.531203959538686,-155.3737861112363
680.0,-0.9568976291861842,0.010977045950232323,-1.569727698244097,1.210486399433101,-6.2831919314941365,-4.536972089386702,-155.6365526606325
681.0,-0.9568050355214472,0.011027244004949529,-1.5699796795156389,1.208880210349623,-6.2831912946840855,-4.528176399804069,-155.8991704644502
682.0,-0.9566309439821048,0.011017507656373214,-1.5701971481230335,1.2040799792856194,-6.283192662293823,-4.526626401732394,-156.1615108525315
683.0,-0.9574930070968911,0.011016527391763153,-1.5703271099444511,1.2132870565062956,-6.283192727364191,-4.531348899364395,-156.42432959716837
684.0,-0.9557556473152137,0.011037619378429231,-1.5704104655200168,1.2136806931803445,-6.2831913288201084,-4.539437161751172,-156.68787232224628
685.0,-0.9529837196875425,0.011031225913834427,-1.570483488286455,1.205760137296939,-6.283194259223913,-4.533232382453014,-156.95188070876944
686.0,-0.9511574383315778,0.01102133746382675,-1.5705264790559974,1.2050501785704466,-6.28319392996534,-4.534600764366251,-157.21659148392942
687.0,-0.9518051399251278,0.0110028296987472,-1.5705660336188674,1.2145645934404654,-6.283191593050844,-4.540337202664666,-157.48191333362305
688.0,-0.9546310099715243,0.01098059632192942,-1.5706139457220327,1.214709524552202,-6.283192845685632,-4.542210528703141,-157.74618384519
689.0,-0.955565221009127,0.01025603600335668,-1.5705706806921158,1.211539654572307,-6.283192692930724,-4.545651037356488,-158.00986058152358
690.0,-0.9531200658973696,0.010405086905533791,-1.5705907721618078,1.2093911003689732,-6.283193220127743,-4.553349409883749,-158.274259378507
691.0,-0.9505912815039619,0.01061738955996397,-1.570597584071506,1.2093388750776024,-6.283193852151023,-4.561495902123947,-158.53965732505404
692.0,-0.9517347647187699,0.010718922624458352,-1.5706384176467028,1.2076988950033638,-6.283194464167459,-4.575176162604446,-158.80452584334864
693.0,-0.952197281932272,0.010843063978239902,-1.570606108542752,1.2147193215675125,-6.283191560095721,-4.582598754216756,-159.06973342881517
694.0,-0.9550537953128749,0.010868241419414476,-1.5706504374453532,1.2088479290143042,-6.28319312867966,-4.592238162631187,-159.33336542818537
695.0,-0.9557469468809808,0.010957885618056145,-1.5705951619371694,1.2154570810509402,-6.283191601644983,-4.595148983012905,-159.5971636709262
696.0,-0.958647003899043,0.010946515310390835,-1.5706376339511265,1.214497787611405,-6.283193368902572,-4.592964138900033,-159.85980068058797
697.0,-0.9601092126199466,0.01099187057218022,-1.5706094884826334,1.2148104820484027,-6.283193818411527,-4.581016352663906,-160.121807239371
698.0,-0.9581719855976668,0.011033369862341874,-1.5705836852047272,1.2130424883747621,-6.283193628815001,-4.5649914669389675,-160.38435833955958
699.0,-0.9538599760287472,0.011010184714359052,-1.5694278757928175,1.2050688051238188,-6.283194462060209,-4.55592220656494,-160.64765797087932
700.0,-0.9459839968271271,0.01110561839057031,-1.569744837676872,1.202090866585106,-6.283192245105994,-4.5492430446007575,-160.91389070931996
701.0,-0.9368047531704907,0.010960253674913406,-1.565843965802437,1.2044048790143622,-6.283193064219074,-4.552748979722837,-161.18323207328237
702.0,-0.9307069060798441,0.011066813460001502,-1.5652543895981335,1.2083795692360664,-6.283190893714262,-4.562837988651034,-161.45536756885448
703.0,-0.9292808348577387,0.011077959260122843,-1.5670255636071349,1.206213458359916,-6.283193407176688,-4.578052893107519,-161.72846284384272
704.0,-0.9343986152861651,0.010976152676508045,-1.5682820558921995,1.1994537272015138,-6.283192580961192,-4.583258786900555,-161.99930274470535
705.0,-0.9437102375604804,0.01095223249352764,-1.5690779561799952,1.1952189457633098,-6.283193709839414,-4.596515632555683,-162.26613426564467
706.0,-0.951175627973366,0.01099964500193216,-1.5695582535377135,1.189928057662055,-6.28319239622229,-4.595865371001586,-162.529455369732
707.0,-0.9555601587193773,0.011035508635946758,-1.5698800318729706,1.1806866225569117,-6.283192884007733,-4.5915212959692795,-162.7901781261744
708.0,-0.9545819293325187,0.01108467857546652,-1.5700718161746552,1.168367921720032,-6.283194070291694,-4.59033483958331,-163.050150609082
709.0,-0.9549267035449134,0.011045335578202614,-1.5702647080618835,1.1549629152833223,-6.283195982624184,-4.57980157806661,-163.3089213554872
710.0,-0.9555018301243786,0.011048777220206201,-1.5703558727724753,1.1531977962664934,-6.283193965386223,-4.572107887097243,-163.56728095166363
711.0,-0.9502454544213378,0.011108839566189835,-1.5703745914306586,1.1539913089403344,-6.2831921919900955,-4.563104433481616,-163.8277344217615
712.0,-0.9462681490800805,0.011061672406283227,-1.570472284956822,1.153256968996296,-6.2831949644733465,-4.5690429855810795,-164.08988556709443
713.0,-0.9405398499435842,0.011075115108473258,-1.570493269888992,1.1518974933455486,-6.2831940606302235,-4.572025429947321,-164.35428854264686
714.0,-0.9377799610127534,0.011030065733915876,-1.570554366336555,1.1560232072254695,-6.283193373092941,-4.571741564484481,-164.62030936545509
715.0,-0.9418616248698748,0.010958671610552374,-1.5706437931029187,1.1477340845509607,-6.283193799379746,-4.568425437010494,-164.88412370176394
716.0,-0.9456874633291984,0.009101666664715288,-1.5705399137842917,1.1419196503560691,-6.283195465101828,-4.569146164730739,-165.1460725838214
717.0,-0.9483765387211804,0.009411409805900578,-1.570633510324493,1.1404280157487074,-6.283196180743466,-4.569621544213125,-165.40672263312467
718.0,-0.9532478549164176,0.009957328016581498,-1.5706343751917446,1.136061359963071,-6.283196587041582,-4.568304358786737,-165.6649194776941
719.0,-0.9548457890132934,0.010379859830024384,-1.5705769600785602,1.1290996503280735,-6.283193823001797,-4.56073032216743,-165.9216676721989
720.0,-0.9573013446065695,0.010606767334291174,-1.5705752641791724,1.1332813889085167,-6.283192213555634,-4.552829778089075,-166.17771414862682
721.0,-0.9535680062987563,0.009846254508310549,-1.5704806217108405,1.1379992798223642,-6.283192049339314,-4.544028291488314,-166.435663615612
722.0,-0.9445005165884098,0.010115199931675823,-1.570529656685174,1.1357280076400726,-6.283192206198696,-4.536498915927743,-166.6971148628928
723.0,-0.9381262896072308,0.010408715034155915,-1.5705723223855508,1.139157744373494,-6.283193281278102,-4.5376546795013795,-166.96159052177322
724.0,-0.9333224162172941,0.010618924214448459,-1.5705897898148447,1.1402447160953202,-6.283195836844715,-4.544880443758245,-167.22821471230685
725.0,-0.9357050506851804,0.01069103699041697,-1.5706617137647292,1.136709567497377,-6.283195160212697,-4.547832737498614,-167.49371666459172
726.0,-0.9386087671493076,0.010823620659257177,-1.5706201875343362,1.1399440212864662,-6.28319247958495,-4.545522509143806,-167.7581779091829
727.0,-0.943373237426315,0.010878062511195635,-1.5706383425523116,1.1319833508449217,-6.28319507799147,-4.536998140311139,-168.02001331675854
728.0,-0.9508397377541299,0.010919808677485546,-1.5706251595870915,1.133773550811233,-6.283194768836953,-4.537765599960618,-168.278869183167
729.0,-0.9523705987412519,0.011033565904809554,-1.5705481567080404,1.1354659101159439,-6.283194368196672,-4.532236063069477,-168.53702962886717
730.0,-0.9541998746863674,0.011028433442411095,-1.570570157853277,1.1408207811834652,-6.280201678025122,-4.531426497706894,-168.794669741614
731.0,-0.952813161313423,0.011064956816690645,-1.5705591107143342,1.131830078901842,-6.282019330440321,-4.535390565672386,-169.05220344600534
732.0,-0.9480753632946912,0.011093710400098135,-1.5705301568886276,1.1296154436625419,-6.28271574313293,-4.525831588580487,-169.311491078414
733.0,-0.9472976148615251,0.011034363961725784,-1.5705837037293109,1.135614090252642,-6.2830065313082555,-4.521701508360879,-169.571759294034
734.0,-0.9462648701948788,0.01104592540696074,-1.570579901261754,1.1401370704435239,-6.283123430883147,-4.520518718283241,-169.83283947513584
735.0,-0.946016206890502,0.011005262388374728,-1.569474339114238,1.153068646081077,-6.2831722686072915,-4.519446923485586,-170.09488042197907
736.0,-0.9451630024327231,0.011068699736821907,-1.5698206797313414,1.1556482335925717,-6.283190947768279,-4.518521230306598,-170.35757711738177
737.0,-0.9445523967046601,0.011048731068825523,-1.5700897641064553,1.1523932444458358,-6.28319279442764,-4.522777562093567,-170.62035263512223
738.0,-0.947350910566075,0.011005206256075754,-1.570295948848066,1.142472333638789,-6.283194833756983,-4.517615949003027,-170.88126282650416
739.0,-0.9499055708287995,0.011031758310680909,-1.5703669470731059,1.1458718686789815,-6.283192010679308,-4.510037465155668,-171.14134369035492
740.0,-0.9483579581407667,0.011072737673677117,-1.570416148837421,1.1375538971981622,-6.2831944756110385,-4.495914656542362,-171.4012993851325
741.0,-0.9506940366080195,0.011018782643736345,-1.5705084015898452,1.1344315818362198,-6.283196164189108,-4.4796682115335456,-171.66013617794894
742.0,-0.9550437875172045,0.011015569498650681,-1.570540551441901,1.1345827681983518,-6.283197328512148,-4.468534572195866,-171.9171996271228
743.0,-0.9585022731109966,0.011039629651633158,-1.570541941679484,1.1357283152091764,-6.283196793267003,-4.461822782128408,-172.17289285664054
744.0,-0.9579618353998995,0.011085145887512077,-1.5705159914687372,1.140050617394328,-6.283193254096985,-4.456486913047107,-172.42906530260296
745.0,-0.9579112439115488,0.01106324988294548,-1.5705459594414373,1.1506074629975587,-6.283192402272155,-4.456412212332118,-172.68619984392384
746.0,-0.9531128310461447,0.011107527930774243,-1.5705177231572451,1.1610769769190918,-6.283191770522058,-4.4585170772206535,-172.94609717869028
747.0,-0.9545231057875053,0.01100622422599243,-1.5706229159144933,1.1661398615540468,-6.283192842251028,-4.459253052102321,-173.20609334951624
748.0,-0.9521814287989879,0.011069030686315725,-1.5705624302439587,1.1770882261645201,-6.283192236994484,-4.456944621056768,-173.46784816116843
749.0,-0.9502952430030283,0.011041078075763457,-1.5705974220674348,1.184139325888046,-6.283194072734939,-4.450346075224671,-173.7310627421892
750.0,-0.9531738944719966,0.010985186157298137,-1.5706506714303647,1.1876212245739362,-6.283194386339135,-4.455148145223809,-173.99354282808116
751.0,-0.9547463046480644,0.011026460480581058,-1.570605925011541,1.2000007169950861,-6.283194101244965,-4.459693233491595,-174.25636862712193
752.0,-0.9550467521235542,0.011030571572300179,-1.570611189162254,1.2052121232058108,-6.2831954623619355,-4.463579775723996,-174.51953637791684
753.0,-0.9512523073877833,0.011069546120140118,-1.5705751134241885,1.210756045824354,-6.283190686182179,-4.468898799506816,-174.78463628188598
754.0,-0.9424637665313623,0.011092819174369314,-1.5705608451579522,1.2041334661860934,-6.283192854555685,-4.479477591325599,-175.05271951746047
755.0,-0.9402633448971931,0.010989432033582235,-1.5706535551782097,1.1927269281218114,-6.283193136534439,-4.488954957339666,-175.32097151097807
756.0,-0.9356166471886754,0.011044057786929495,-1.5705902171977948,1.1895497541574545,-6.283192076959965,-4.488958988777982,-175.59076155686765
757.0,-0.9366488617654283,0.010962887907902188,-1.5703480178959672,1.185563839549037,-6.283193095292605,-4.500135828286765,-175.85989076205604
758.0,-0.9389928025550042,0.010991209843658494,-1.5704318283458263,1.1751063904351595,-6.28319589345185,-4.5081131641615775,-176.1271637227372
759.0,-0.9461489615533958,0.010958107818060312,-1.5705270011753591,1.1639465256783146,-6.283195098769152,-4.522210045066341,-176.39060944272137
760.0,-0.9531969232890924,0.010998600188955996,-1.570531358398776,1.1532455407507483,-6.283194611975767,-4.525134865678951,-176.65015051706703
761.0,-0.956224664985065,0.011061930732523083,-1.5704981412985681,1.1509147951677783,-6.283193780543276,-4.527252714402352,-176.9080875549258
762.0,-0.9564563467946829,0.011079701160347566,-1.5705071128633337,1.1480741707184237,-6.283194052793615,-4.523056617980131,-177.16562751938622
763.0,-0.9549902514494094,0.008835854121725795,-1.570445044261658,1.1441860580348415,-6.283193980872474,-4.520632295101881,-177.42378176755568
764.0,-0.9522061909613323,0.009166002002094283,-1.570596086167819,1.1379627365103953,-6.283194300671599,-4.517283129845834,-177.68254960166223
765.0,-0.9485787930227827,0.00983012513198922,-1.570575131950766,1.1340749733903321,-6.283194897854967,-4.508969604887497,-177.9423425955405
766.0,-0.9494050484480331,0.010210980761751233,-1.5706132606482,1.1337295200840654,-6.283196043441068,-4.512429685414515,-178.2017998952281
767.0,-0.9534132010581299,0.010480495792612027,-1.5706170964192105,1.139034845436651,-6.2831941062061905,-4.513912876134793,-178.46003092895495
768.0,-0.9567747462682754,0.01068790886718935,-1.5706019526274435,1.1370706461257019,-6.283194934910777,-4.514366811922293,-178.7166476316046
769.0,-0.9592163917789253,0.01082450746582101,-1.570583935027935,1.1369618181643963,-6.283196791903333,-4.514369796976215,-178.9721893124003
770.0,-0.9552079043344626,0.01076843966018175,-1.5705117575961054,1.139465290862216,-6.283193444016582,-4.519973515399183,-179.22943063877074
771.0,-0.9502986144842482,0.010828787390449754,-1.5705417172637874,1.149289287607286,-6.283193172484212,-4.519562735326746,-179.48954890034665
772.0,-0.9468633662526567,0.010821707810192633,-1.568541615250856,1.1556943174975711,-6.283192944328834,-4.511295580914774,-179.75122743341106
773.0,-0.9409001712359437,0.011015474894697995,-1.5691399115127378,1.1574688183583581,-6.283193007000149,-4.5083604176805165,-180.01559803076174
774.0,-0.9353583751389395,0.011010388943259519,-1.5696341365251478,1.1601917515922462,-6.283194291988891,-4.50886556975418,-180.28270854073958
775.0,-0.9372095905875916,0.01093499794262541,-1.5700318672548685,1.1586454586544608,-6.283193870793349,-4.511281158453403,-180.54921316522322
776.0,-0.9450330759791638,0.01091994239687242,-1.5702561210883084,1.162500797380414,-6.283194225559221,-4.514921417964914,-180.8129040109218
777.0,-0.952622384391235,0.01097472269780775,-1.5703510604988613,1.1701516948274755,-6.283192358106983,-4.514845050079067,-181.07406811088703
778.0,-0.9574095351911954,0.011021090266976643,-1.570416327209101,1.1687438951920175,-6.283192593565037,-4.521900182617598,-181.33310482669447
779.0,-0.9604271521324229,0.011042501720097459,-1.57046069540921,1.1679513696120953,-6.283196248701293,-4.52639626408042,-181.59080715670092
780.0,-0.9575978624214702,0.01110410812752565,-1.5704438183101168,1.1738924229163608,-6.283191089483415,-4.528166399282868,-181.85001542017093
781.0,-0.9526341829156267,0.01108991165987611,-1.5704943506881885,1.1729598260265766,-6.2831920449141725,-4.525728484152593,-182.11119585212035
782.0,-0.9497510886165716,0.011046326800003179,-1.570551086483921,1.1740552306745078,-6.2831938510805765,-4.533575167457294,-182.37374148960149
783.0,-0.9478089020914003,0.011030540408669654,-1.5705809949847462,1.169405336178172,-6.28319361129075,-4.536754321179474,-182.63673418484834
784.0,-0.9462952690782847,0.011023548135391206,-1.570510434968655,1.1609228801349563,-6.28319421062659,-4.536227518166098,-182.8996287310168
785.0,-0.9466487397312371,0.011015038789986302,-1.57054689328157,1.1563786138765682,-6.283196597393713,-4.538621703824948,-183.16202334058823
786.0,-0.9465647139271272,0.011036043866490902,-1.5705421415871124,1.1628942820802064,-6.283192551689464,-4.544849997303246,-183.42495764100644
787.0,-0.9459886128011233,0.010829357864590045,-1.569698314316672,1.1576410463920677,-6.283194011502196,-4.548309946387364,-183.68754089186052
788.0,-0.9478701914294113,0.010878634547845588,-1.5700012562401704,1.1511323720457185,-6.28319472773886,-4.56082138959555,-183.94889297028342
789.0,-0.9551164442224683,0.010881841167087734,-1.5702410222687528,1.1435532038176013,-6.283195276686416,-4.558623380954503,-184.20675237776268
790.0,-0.957381623409779,0.01100257675140063,-1.570287855720669,1.1427155033522691,-6.283193058275137,-4.555360460408513,-184.46342239169908
791.0,-0.9545529864697824,0.011064272108741866,-1.5703441384697507,1.144829010056758,-6.279039702870868,-4.548640826996476,-184.72099101637238
792.0,-0.9474910076510481,0.011102175452060091,-1.5703796092433848,1.1567690511010205,-6.281560008505272,-4.544800854802333,-184.98262157007835
793.0,-0.9419905031668234,0.011052159836768105,-1.5704894275270107,1.1585849880508796,-6.282531480015272,-4.545360590575412,-185.24693942517968
794.0,-0.9440419240031086,0.010969298138031588,-1.5705946289949786,1.1627644382546427,-6.28293208480143,-4.536193566952812,-185.51100733518453
795.0,-0.9481911193953481,0.01098287482187227,-1.5706003205148211,1.1707725467336147,-6.2830924259515655,-4.53408882186253,-185.77405541429766
796.0,-0.9509689028217907,0.01101315152670836,-1.5705949722435173,1.1706983948396883,-6.283157670189075,-4.5339999075625625,-186.03592761544238
797.0,-0.9535420315663199,0.011025044943766332,-1.5705886288537452,1.1770931055577838,-6.283184009033396,-4.537159343085556,-186.29727280148109
798.0,-0.9609698624594313,0.010946433242220173,-1.5695945669385634,1.1839277737738259,-6.283191754132208,-4.543375630699234,-186.55606580995178
799.0,-0.9635937989461836,0.011081326573310499,-1.5698426793355438,1.1911689940475738,-6.283191472348323,-4.544243164566952,-186.81431818300874
800.0,-0.959132636220136,0.011121685263366281,-1.5700500694649007,1.1885055419434,-6.283190697787391,-4.535342975752947,-187.07407623755785
801.0,-0.9515263594926503,0.01111132047855746,-1.5702167127672917,1.1827438821944842,-6.283190515318861,-4.526467401170224,-187.33645297114472
802.0,-0.9405681834197034,0.01112341378181941,-1.5703016953814155,1.1874517226388617,-6.283192263420154,-4.524902863923928,-187.60372167453585
803.0,-0.9349746182846134,0.011024701870287468,-1.570469044032261,1.1874461111307906,-6.283193077518859,-4.533460209728077,-187.87357758882916
804.0,-0.936067181493454,0.010962707046582969,-1.5705683591372417,1.1910978602307798,-6.283192336482049,-4.541245997464794,-188.14345701300698
805.0,-0.9428042408127044,0.010931000986884286,-1.570630897672029,1.1897176926320172,-6.283193668862524,-4.544224806008146,-188.41053638148367
806.0,-0.9479951125705282,0.010996754011334722,-1.5705848679689356,1.198070877886377,-6.283191656189409,-4.555266451216789,-188.67606633434414
807.0,-0.9457004369020249,0.011078529818054444,-1.5705342392985608,1.1989387381504661,-6.2831921371321515,-4.558522760498458,-188.942445558051
808.0,-0.9473103315655075,0.011003660251664164,-1.5706168907824274,1.1926964498500883,-6.283193305363727,-4.561769331738547,-189.20779379519055
809.0,-0.9502621829172939,0.01100726548895043,-1.570611631048555,1.1900849089221004,-6.283195926724985,-4.560579964100288,-189.47168685230434
810.0,-0.9512360240991193,0.01103955408537181,-1.5705828787825205,1.1926750810973148,-6.2810149257744285,-4.556204015056356,-189.73513822483721
811.0,-0.9486139427853447,0.01106701073725177,-1.5705663405370835,1.1890611520492633,-6.282338499205435,-4.550735605252695,-189.99939286164062
812.0,-0.9424203738886007,0.011089186623346025,-1.5705459452621777,1.188251474159443,-6.282845790931985,-4.55044604372481,-190.26611285108083
813.0,-0.9395398727851922,0.011032866047527467,-1.5705950604120698,1.1959592966411041,-6.283058354441008,-4.558967822394025,-190.53482365999335
814.0,-0.943473414316842,0.010953998297982236,-1.5706768536311815,1.1911898595782386,-6.28314793407504,-4.556376949811529,-190.80171080226046
815.0,-0.9461829662214419,0.010998557551487176,-1.5706364228338332,1.179343321347328,-6.283178543048805,-4.549894115479052,-191.06638308446247
816.0,-0.9491459545626965,0.011014120789985746,-1.5706102772885526,1.1808000193022121,-6.283190595708218,-4.550039752666263,-191.32991015054296
817.0,-0.9546702626589714,0.010994954316949405,-1.5706302848760376,1.1815369333297185,-6.2831938032379675,-4.549455102610634,-191.5912885819551
818.0,-0.9582926049264041,0.011029815417215899,-1.570602481206512,1.1767102892729155,-6.283192450969453,-4.53957730697151,-191.85070044171007
819.0,-0.9604203168910125,0.01104441778288142,-1.570589209090307,1.1706082190098632,-6.283193014566417,-4.529821511013418,-192.10867317143294
820.0,-0.9598951682988408,0.011074219312636068,-1.5705542922613982,1.1753418951397299,-6.283191502697033,-4.531900361897213,-192.36716723232868
821.0,-0.9537225079223409,0.011111650811471158,-1.5705307314219723,1.170390690410722,-6.283192211484464,-4.531929018284736,-192.62765132324466
822.0,-0.9461743977707825,0.011097715560383551,-1.5705383569662854,1.1735128475447552,-6.283192059115137,-4.53885965260358,-192.89151101083786
823.0,-0.9429678179769607,0.011023388351865766,-1.5706126714175057,1.1699053986959131,-6.283192647591548,-4.539124407018705,-193.15656879221353
824.0,-0.943432795813119,0.010993768479858827,-1.5706360907676893,1.167030833619754,-6.283195066010951,-4.5304424519790505,-193.42126574074325
825.0,-0.9447238065363381,0.011005519798346092,-1.5706220477481585,1.1675662206664073,-6.283194412955599,-4.527001503700153,-193.68545817725044
826.0,-0.9402020253230153,0.011073472252211268,-1.5705693772276026,1.156647398635972,-6.283193134061002,-4.523382665824233,-193.9504779991767
827.0,-0.9405301956534593,0.011008618185932182,-1.5706168865993722,1.1587738060446218,-6.283191699395967,-4.514932774501684,-194.2156705285034
828.0,-0.9470813084460599,0.010961148793100842,-1.5706615156062587,1.158730325471483,-6.2831939044096226,-4.5226433763209135,-194.4782593878622
829.0,-0.954808743058609,0.010982961617215613,-1.570647036850333,1.1493565678241902,-6.283195033233814,-4.517725956904893,-194.73684071811533
830.0,-0.9585916220436235,0.011050794707909008,-1.5705812142399276,1.140391849580455,-6.283192710034835,-4.517351236802409,-194.99294136257416
831.0,-0.9572004360345661,0.011104041362860294,-1.5705258399315252,1.1404240333890823,-6.28319203506038,-4.52466887754435,-195.2494536343218
832.0,-0.9507009489904249,0.011112510005859996,-1.569841730454331,1.1412127071139784,-6.283193101014269,-4.521123307551643,-195.50845868016302
833.0,-0.9445067325644362,0.011107584059456494,-1.5700848734873885,1.137732865332219,-6.283194461366671,-4.518780180513374,-195.76986014148926
834.0,-0.9387912213818553,0.011040278775366227,-1.5689143041723685,1.1376804461328889,-6.283195293759941,-4.524747072289474,-196.0334180597472
835.0,-0.936810300350325,0.011059297527651252,-1.5694685107604258,1.1357398396281586,-6.283195258656604,-4.531711530336801,-196.2978719156265
836.0,-0.9373699127229287,0.011026277495552003,-1.5698642503934208,1.130187420213415,-6.283193793349472,-4.534732022958683,-196.56178449944093
837.0,-0.938900628737877,0.011023062909378732,-1.5701097536429096,1.1234031315740918,-6.283193142959912,-4.536260706014577,-196.82455022925
838.0,-0.9420149938355035,0.011018350215934482,-1.5702701569123627,1.1246636622770227,-6.283193388405224,-4.527373319327495,-197.08614760975598
839.0,-0.9460221166535968,0.011025209518659077,-1.5703705141487843,1.1341556603501153,-6.282013743501881,-4.524682993535196,-197.34677283503515
840.0,-0.9504136195333694,0.01102956941083766,-1.5704482393434307,1.1416890082301034,-6.282735463771696,-4.527394990937768,-197.60628936271232
841.0,-0.954678417377975,0.01103525736420191,-1.5704991001650639,1.1440528684158815,-6.283012127455158,-4.534518594502537,-197.8642817633384
842.0,-0.9578582118897376,0.011049784345110185,-1.5705196219132407,1.1448666718487888,-6.283124912100926,-4.5356688097868885,-198.121019351773
843.0,-0.9623861565434754,0.011031009910089287,-1.570560997300796,1.1407113755937344,-6.283172860456588,-4.531654182551094,-198.3756019821587
844.0,-0.9630481304285212,0.011083072648384266,-1.5705205637855078,1.1431870836893487,-6.283188434555019,-4.525648283095028,-198.629988187364
845.0,-0.9606203141095743,0.01109602599627563,-1.5705224635353712,1.1441655338064631,-6.283194371793088,-4.512656241179044,-198.88540014257828
846.0,-0.9565301866061874,0.011096999730199206,-1.570521985766189,1.1556767189830377,-6.283192276790854,-4.502210836043805,-199.14343754322175
847.0,-0.9556517804332709,0.011037817561239609,-1.5705888273971647,1.164381598504378,-6.283192059197494,-4.486908729292081,-199.40272501067997
848.0,-0.9539705665506811,0.011050426922341558,-1.5705808023652985,1.1745279178474328,-6.283191532944498,-4.4848218643658635,-199.6635535565376
849.0,-0.9481089025106658,0.01108427052822423,-1.5705578645757798,1.1801351750341496,-6.283192534416701,-4.49500860844211,-199.92720790421782
850.0,-0.9488682918874574,0.010984589204845007,-1.5706546382268824,1.1786407908320304,-6.283192943297381,-4.50910047834577,-200.19066454787688
851.0,-0.9473183584897942,0.011033553127786212,-1.5706063444739058,1.1741533330681095,-6.283192215863165,-4.511880977493888,-200.4542752989597
852.0,-0.945260303439557,0.011034812254487743,-1.570602764988333,1.1707731458264288,-6.283194136672364,-4.508734403771361,-200.7184497980616
853.0,-0.9482829645918028,0.010980770387244338,-1.5706498829904,1.1670738238982576,-6.283194983874916,-4.508876169504152,-200.98118889669584
854.0,-0.9554014817451388,0.010963760662282213,-1.570665174908843,1.1578170397881067,-6.283195102385094,-4.518511819975798,-201.24026861279185
855.0,-0.966440050551699,0.01096407727888871,-1.5706546445804876,1.155333663855563,-6.2831959015040955,-4.5249551681730384,-201.49466267884566
856.0,-0.9748448059629479,0.011031225100698577,-1.5705926601512403,1.154434733433211,-6.283197705951228,-4.528072978530539,-201.74547899632134
857.0,-0.9764591766905384,0.011104771075631893,-1.5705296285915835,1.1522653585530402,-6.283193803029118,-4.523764256243257,-201.99527984255414
858.0,-0.9712112436638551,0.011154518869528411,-1.5704783606056683,1.1625170424206186,-6.283192291212297,-4.510984364122019,-202.24788727322897
859.0,-0.9611716367843339,0.01115980508427166,-1.5704807900966145,1.1747917244752781,-6.283191409519312,-4.516091557626801,-202.50554578895643
860.0,-0.9480238617333123,0.011145753737290116,-1.5705015713050154,1.1844541715375476,-6.283191769865393,-4.520705627899767,-202.7694229870474
861.0,-0.9385208526814429,0.011066340845158567,-1.5705760581497599,1.1969929223432552,-6.283191609644406,-4.526072587986918,-203.03849458372085
862.0,-0.931681932969183,0.011024653103306623,-1.5706188357458482,1.2049228977109974,-6.283191050260134,-4.525696452671978,-203.3112292186153
863.0,-0.9315658960350481,0.010952832737747649,-1.5706841290450217,1.212723231681975,-6.283191479095679,-4.52130518419915,-203.58488133420977
864.0,-0.9378820418302014,0.010909104750058272,-1.5707270916117073,1.2087718334273638,-6.283194036447958,-4.529719324512836,-203.8557181064587
865.0,-0.9486128663816736,0.010914583149759372,-1.5707152022641313,1.2031170932836723,-6.282790137571861,-4.534180262418305,-204.1216371821459
866.0,-0.9563581681672945,0.010997626701555751,-1.5706336908824121,1.1997909264640452,-6.283036129979301,-4.543540230119665,-204.38396125274176
867.0,-0.9597079841917988,0.011056232406958737,-1.5705766480105947,1.2033327726042664,-6.283130626446251,-4.5445892024706955,-204.64510147525687
868.0,-0.9579686953284973,0.011094691492264361,-1.5705438084638135,1.2084956433158502,-6.283170161868316,-4.54391460856221,-204.90728195709343
869.0,-0.9594998942193322,0.01102166670032935,-1.5706170776774564,1.2054175660941633,-6.283191085019418,-4.54387331951556,-205.1687260008586
870.0,-0.9598304319136143,0.011042185041833028,-1.5705924133909568,1.206128020121482,-6.28319236458748,-4.532903084683394,-205.43003106840317
871.0,-0.9597735132556657,0.011043893669654954,-1.5705862156107746,1.2175059035122857,-6.283191350584691,-4.520893596861542,-205.6923342632387
872.0,-0.9557474512655242,0.011067377297216035,-1.5705757134755993,1.2176075351789013,-6.28319176983049,-4.516335696189373,-205.9562167609521
873.0,-0.9509435861501723,0.011052613581533435,-1.5705888171813704,1.2179967739007291,-6.28319347307508,-4.520229045754537,-206.22210079195074
874.0,-0.943243803720056,0.011079643468025716,-1.5705578182739115,1.229254409611423,-6.283192109078704,-4.526628440473437,-206.4920353962563
875.0,-0.9414931449214516,0.010973435289865519,-1.5706688555811834,1.2228179976281504,-6.283194289732667,-4.529004283256597,-206.76240131645383
876.0,-0.9463296747860533,0.010925713991054863,-1.5707062785183703,1.2126495948733231,-6.28319356863352,-4.537939712130896,-207.0300314520297
877.0,-0.9489337233067053,0.010999228991317877,-1.570628064404313,1.2127644893034049,-6.283190730222474,-4.552667137515742,-207.2964478811628
878.0,-0.9541604310855324,0.010982395706727363,-1.5706410822704269,1.2218022389833354,-6.28319221137697,-4.552933950846135,-207.56157302109932
879.0,-0.9530125562154145,0.01105571438967804,-1.5705856099883575,1.21658015951421,-6.283191948077975,-4.548966360642101,-207.826554912626
880.0,-0.9457705975058129,0.011109079751766057,-1.5704896999595161,1.225571246057701,-6.283191751331636,-4.547818710518727,-208.09510593071906
881.0,-0.935466591727163,0.011100114073168634,-1.5705197140528224,1.2285889295993555,-6.283191889729697,-4.5368605068625625,-208.3681873367148
882.0,-0.9335871109945947,0.010973362360071135,-1.5706460993575682,1.2283745977895462,-6.28319159027617,-4.536965090391643,-208.642328012463
883.0,-0.9390138467943291,0.0070740066027832026,-1.5705620964850242,1.2296737774732946,-6.283192425379876,-4.539535732966859,-208.91509337850349
884.0,-0.9457252417383386,0.007687254860792257,-1.5707567399304359,1.2412973801634455,-6.283192952647443,-4.538579598957901,-209.18607344645207
885.0,-0.9546692551110753,0.008817633681771474,-1.5707308479345992,1.243157291319393,-6.278522405992886,-4.530578139311292,-209.4530249472515
886.0,-0.9653263335299654,0.009580103500919084,-1.5706905651206016,1.2437477641171613,-6.281355139370353,-4.530903447462109,-209.7158523200943
887.0,-0.9711116039774871,0.01013761054031427,-1.5706126249891872,1.2403353421527064,-6.282438438523625,-4.519866174111919,-209.97594581587586
888.0,-0.9694518585095183,0.010515026126637399,-1.5705505905099988,1.2324666930741035,-6.282883632765074,-4.514844816708907,-210.23579371932664
889.0,-0.9642612425332233,0.010664958337293853,-1.570537171057289,1.2297694473653626,-6.283068748276986,-4.509117237785407,-210.49737233634366
890.0,-0.9552071700941095,0.010814934112533864,-1.5705313465712176,1.2268432993396894,-6.28314516468518,-4.503405624966453,-210.76223594787567
891.0,-0.9466862320912982,0.010886068317497792,-1.5705544424866709,1.2367943765468457,-6.283178725006937,-4.506928271192356,-211.03144944225212
892.0,-0.9460306322528345,0.010841942248463294,-1.5706627692651463,1.242875763243539,-6.283191740781702,-4.503317101216665,-211.30171389979975
893.0,-0.9476597598340019,0.010873494793574478,-1.5706798709566354,1.2345064283637681,-6.2831931337661215,-4.508280197120213,-211.57063928946346
894.0,-0.9477961570834043,0.010942377353025355,-1.5706375257106775,1.228478357263611,-6.283193327663132,-4.516130439716858,-211.83890036877253
895.0,-0.9491993048520979,0.010783470624422954,-1.565057530102312,1.2250538879958355,-6.2831925744514425,-4.5202619950126435,-212.10498953164418
896.0,-0.9500144433930447,0.011004554261163273,-1.5630984410203008,1.2176420943042308,-6.283191571652176,-4.51082798093457,-212.36948490984906
897.0,-0.9489459210272131,0.011118128774782994,-1.5635708034994513,1.213739642095649,-6.283192418831027,-4.503563246235638,-212.63409185041087
898.0,-0.9499050482848158,0.011123023291253392,-1.565877283496234,1.2127780543900235,-6.283191773720549,-4.507240041255975,-212.89882915802673
899.0,-0.9508617761328646,0.011069174098894533,-1.5674519549989192,1.213267188205334,-6.283192677038938,-4.508654303941159,-213.1636232466348
900.0,-0.9538215484731691,0.01096054469151505,-1.5668734302700036,1.207989642683,-6.283192201851284,-4.515083783325981,-213.42670312490668
901.0,-0.9513092164272788,0.011108697659135486,-1.5680049787058283,1.205643762160493,-6.28319235720186,-4.5223739486287755,-213.69069177811946
902.0,-0.9544256077585531,0.010933459734289407,-1.5667427502596356,1.2049252776147978,-6.283193760609867,-4.520550366006656,-213.95323752168176
903.0,-0.9548078569190764,0.009484361323944004,-1.5638740371576196,1.1992011038014987,-6.283191557315015,-4.511168123553864,-214.21456861572634
904.0,-0.9551818948330781,0.00988923087583909,-1.5660622966904432,1.1990662230032736,-6.28319134383443,-4.503981708190177,-214.47617557073627
905.0,-0.9498535149410254,0.010332184533052015,-1.5675098654402349,1.2057798422911685,-6.283191248149674,-4.5038341834108655,-214.7407030536064
906.0,-0.9498125595426725,0.010487860890937617,-1.5686172871571462,1.2016365998967518,-6.283194660720882,-4.499907506147411,-215.00533460407212
907.0,-0.9490286314706695,0.010681396157664384,-1.569264216271465,1.1948986843390657,-6.283191920562942,-4.495128090247905,-215.26979490593806
908.0,-0.9464131089351774,0.010779849472747972,-1.5684811414408788,1.1933487531838163,-6.283194014851981,-4.488401348197168,-215.5349517040699
909.0,-0.9500345983831009,0.010801612562114815,-1.5676829851262624,1.1939271442988293,-6.283194230970312,-4.483655630141871,-215.79860224250672
910.0,-0.9518351077073414,0.010967111616097099,-1.568585868408505,1.1885928122249312,-6.28319152339996,-4.480192162375479,-216.06116059715794
911.0,-0.9541080615318719,0.010977588119738448,-1.569255335622803,1.1926305409323756,-6.283191378663461,-4.481458766633751,-216.3233045714927
912.0,-0.9570220522355826,0.010986636261340702,-1.5697052568794145,1.2018733892058486,-6.283191005123182,-4.479348237167368,-216.58518334584076
913.0,-0.9558323842181039,0.01103023108428502,-1.5699847909518376,1.1975635669209603,-6.2831923008018045,-4.486978816881294,-216.847175255716
914.0,-0.9501237408954942,0.010901886773497281,-1.5645708894074954,1.200630217169019,-6.28319234961047,-4.485234770407351,-217.1103823677193
915.0,-0.9486522015752336,0.01091495668030504,-1.5592171313349064,1.2051575387500522,-6.2831966845671525,-4.495389031780028,-217.3733492062133
916.0,-0.9490288052661238,0.011065660887903065,-1.5572521350966009,1.2017365755246439,-6.2831950653284965,-4.506636402527998,-217.63533867825748
917.0,-0.952702847833355,0.011053500575422039,-1.5557221682392481,1.201774419873962,-6.283196122458256,-4.519038548606463,-217.89548005933534
918.0,-0.9521601038331742,0.011123159567487127,-1.5542573675907436,1.2063496470161867,-6.283190927280478,-4.532909013540008,-218.1557308173626
919.0,-0.9489045824446111,0.011322541614883956,-1.5589901364147938,1.2082018466966686,-6.283191483526917,-4.534353858930573,-218.41854154454992
920.0,-0.9406734032496067,0.01121783924357275,-1.5621262427891902,1.2072693287348988,-6.283191781547291,-4.543079634189657,-218.6854443078341
921.0,-0.9337269833274984,0.011123753404613796,-1.5649538200024256,1.2079306041310882,-6.283192359405487,-4.549444141312904,-218.95611860657354
922.0,-0.9329578504716786,0.01099389960514982,-1.5669054061479037,1.2042591973858274,-6.2831913561366095,-4.555817009131206,-219.2274895185678
923.0,-0.9375173820752335,0.010937119264292177,-1.5681831761734792,1.1991516169597212,-6.283192418060793,-4.556875628813276,-219.4969416656577
924.0,-0.9398975520563212,0.010985634760959276,-1.568962724685845,1.1919140459016282,-6.283191361138967,-4.556828914875832,-219.7648873687184
925.0,-0.9420108369834304,0.010995342933935554,-1.569504311299312,1.1890081487102162,-6.283194697539969,-4.560692325319887,-220.03182188893496
926.0,-0.9475849137319446,0.010967051280431302,-1.5699010406851897,1.1862791471766603,-6.283195084536547,-4.5535911927750865,-220.29638126984213
927.0,-0.9524406355940784,0.011002026904909786,-1.5701156086068957,1.1868294304245262,-6.283193941053779,-4.549388533501343,-220.5589817365014
928.0,-0.9555375211612077,0.011025910830633907,-1.5702648926792728,1.1843787488481965,-6.283193527065471,-4.550281403554511,-220.82009653472554
929.0,-0.9546880775164078,0.011062146947579923,-1.5703490254288013,1.174370408854481,-6.283194743597769,-4.553854833312277,-221.0806294059303
930.0,-0.9486775287234178,0.011106223849423759,-1.5703771258974117,1.170741367339238,-6.283193483070261,-4.56226939949291,-221.3431997396925
931.0,-0.9477198158327941,0.011023433270595129,-1.570500583604763,1.1742273693628758,-6.283194294887004,-4.5728116231480485,-221.60664374859405
932.0,-0.9476112608768928,0.011019691712254023,-1.5705439118739402,1.1695542135321653,-6.283193843559035,-4.571836853667077,-221.86976162182518
933.0,-0.9449064810414382,0.011050601214673918,-1.570540016270456,1.1608426921740846,-6.283194069139169,-4.567982179985596,-222.1331979227395
934.0,-0.9416018177795918,0.011049258263573334,-1.5705551422257027,1.1511788033785155,-6.283193114251283,-4.5639808580957295,-222.39719694849924
935.0,-0.9441651640244758,0.010985684428786524,-1.5706180475074196,1.1448271060305195,-6.283194988634689,-4.567595136956422,-222.65973283419774
936.0,-0.9504588847681232,0.010979462648602275,-1.5706233027544498,1.1453150259493325,-6.283194548627411,-4.563731237245765,-222.91971458986222
937.0,-0.9495408181340903,0.010998057461264282,-1.5678786119434733,1.1376091596917428,-6.283193977910475,-4.56982957046841,-223.17857770869486
938.0,-0.9485549621999106,0.01103457658364244,-1.5656269688561981,1.1422588402640408,-6.283191898956586,-4.568525976362706,-223.4376571743379
939.0,-0.9436582646117134,0.011211256135182193,-1.5671436798497804,1.1477920597746833,-6.28319066880994,-4.56732865513655,-223.6994769763054
940.0,-0.945302666921658,0.011058704514578526,-1.5683732869890255,1.1474674579240736,-6.283192881788411,-4.557621984043032,-223.9611260962935
941.0,-0.9529844025619192,0.010989452607269665,-1.5691585495925506,1.145226676797522,-6.2831941088233885,-4.561945939115243,-224.21970433497972
942.0,-0.9645887387910266,0.010970105502507689,-1.5696665765060573,1.1332329451118712,-6.283193503870233,-4.561441119250707,-224.4726867071446
943.0,-0.9675406320908736,0.011099307001739531,-1.5698624170470572,1.1322816350171112,-6.283191124475479,-4.556634966892116,-224.72414344283098
944.0,-0.9664232058731831,0.011112520523928488,-1.570070888302919,1.1375885095587361,-6.28319142121283,-4.543634597858531,-224.97649238500583
945.0,-0.9660550861211545,0.011077771055257504,-1.5702506186182998,1.148741357422165,-6.283193215997856,-4.532002985346094,-225.23003730889576
946.0,-0.9609884803047511,0.01111398495362835,-1.5703242458055013,1.157158343069896,-6.283192356403057,-4.525538087033719,-225.4862946366447
947.0,-0.9544424479105925,0.011097844595035019,-1.5704078681078895,1.1686334185378149,-6.283191466368829,-4.5221509922821,-225.74625032169973
948.0,-0.9485983578468794,0.011043291330133322,-1.5698700698503916,1.174124311601394,-6.281171658256463,-4.512806099745738,-226.0088628928161
949.0,-0.9477239068894078,0.011008518379127348,-1.5701545720511336,1.1698186286508985,-6.282405714779299,-4.509668594569468,-226.27178394547556
950.0,-0.951480698934725,0.010973504784016538,-1.5703380192660898,1.1656979434954,-6.2828775424042105,-4.503329101433955,-226.5329738365317
951.0,-0.9522756440846203,0.011034990173986183,-1.5703804934550274,1.1679634253111921,-6.283066892589847,-4.492506708963034,-226.79393822640216
952.0,-0.9487298359520694,0.011069877080377398,-1.570430364711988,1.1582335486806181,-6.283146232149928,-4.489565806287702,-227.05549096530328
953.0,-0.9471658911553827,0.011040968624341809,-1.5704890011204857,1.1653445895824686,-6.2831807975305045,-4.488139229578565,-227.31834754543533
954.0,-0.9469033460440197,0.011023565241518093,-1.570545324743327,1.165347044248747,-6.283191506449898,-4.498383824360648,-227.58137978040438
955.0,-0.9431584856267718,0.011066562795512437,-1.5705265282102756,1.1665241858441429,-6.283192941965438,-4.507754891536606,-227.84597794529407
956.0,-0.944462718598055,0.010990482407085486,-1.5706195773243317,1.15590829563755,-6.283193746785466,-4.517489981713336,-228.10932993832319
957.0,-0.9481953483623535,0.010993525991631378,-1.5706146482741057,1.1505314888965246,-6.281385861950624,-4.5286746878352115,-228.3705148028772
958.0,-0.9565819269328975,0.010973571194936431,-1.5706277919140312,1.1585464257113713,-6.28248809256845,-4.532673446596321,-228.62906612238973
959.0,-0.9621455425353724,0.011028503737988932,-1.570597472719664,1.1515543159838377,-6.282908252043087,-4.534525905818904,-228.8847002444646
960.0,-0.9670370219417681,0.011040792236903992,-1.5705835103186503,1.1490871367635094,-6.283081685470417,-4.538354087140263,-229.13811418216582
961.0,-0.9648256608656005,0.01112172878359363,-1.5705068864649752,1.1544582751351682,-6.28314926961621,-4.5341515187365635,-229.3926727250586
962.0,-0.9572488203283198,0.011142777912984389,-1.570494092781131,1.1617643205449173,-6.283179822696839,-4.529944087734212,-229.65086171573597
963.0,-0.9467429483349713,0.011136013072475168,-1.5705032308855467,1.173012629520395,-6.283192705469687,-4.53445069696763,-229.9143267573583
964.0,-0.9403893778327944,0.011044307883472729,-1.570601543946576,1.1699267376450466,-6.28319370574085,-4.538887921281132,-230.18039719539652
965.0,-0.9404035269130921,0.010983838060015943,-1.5706447614135908,1.1775236007375711,-6.283192632973853,-4.546503099509549,-230.44724792206247
966.0,-0.946699041354041,0.010933944333639218,-1.5706999402799857,1.1703786086573356,-6.2831929996436156,-4.554438108324051,-230.71104264472885
967.0,-0.9507062361436404,0.011001859755213877,-1.5706351310555877,1.1580208728567052,-6.283193964494403,-4.560226883979105,-230.97199584156513
968.0,-0.9556061510965492,0.01100760667119513,-1.5706206760254022,1.1517626214134002,-6.283196719973749,-4.5541642362962,-231.2303773188299
969.0,-0.9634041550202879,0.01099540108109889,-1.5706284722025359,1.1465979621553388,-6.283196974609521,-4.542769693131504,-231.48516343969422
970.0,-0.9671212110202894,0.011064292946747151,-1.570562363381683,1.1452814907542332,-6.283195223311103,-4.527835651582934,-231.7381637943063
971.0,-0.9635456456776268,0.011131262403149713,-1.5705030220856182,1.1468760573152992,-6.2831917373617285,-4.512432881874364,-231.99256238241836
972.0,-0.9584065686230733,0.01110837720359293,-1.5705281338057535,1.149018524394601,-6.2831930821233675,-4.495010526092949,-232.24925492355115
973.0,-0.9506184118262268,0.01111648208964483,-1.5705185209476544,1.1573799873702169,-6.283190952249028,-4.493703795448197,-232.50981581124876
974.0,-0.9457224010249281,0.011050911019732448,-1.5705880933404144,1.159361215206885,-6.28319361762894,-4.486999312675978,-232.77273199930156
975.0,-0.9387911229454493,0.011073561564474557,-1.5705653609019288,1.1628071991980549,-6.283192144654067,-4.495443765591735,-233.03879010623965
976.0,-0.93603727328573,0.011009674404545259,-1.570628166272447,1.1620919561581033,-6.283193957737087,-4.502846225856375,-233.30611644562393
977.0,-0.9342574562144006,0.011012517532083136,-1.5706250700785565,1.1571950199604235,-6.283194060682513,-4.513435663545746,-233.57380085509723
978.0,-0.9335058966610068,0.011013973288304738,-1.5706170581738068,1.1585393462264317,-6.283194036910176,-4.523450590346427,-233.8419249793242
979.0,-0.9361068401513857,0.010992552661980935,-1.5706319406512979,1.1681150071332111,-6.28319188274971,-4.53029256220761,-234.10982117883358
980.0,-0.9412773126529749,0.010983689130085114,-1.5706458167414077,1.1744877168756107,-6.283193600854873,-4.528799531637743,-234.3761452945647
981.0,-0.9485177437731107,0.010979837928795137,-1.570655281423139,1.1713647449058653,-6.28319286542343,-4.530626214275022,-234.63923878152613
982.0,-0.9545930489852983,0.011017945195207452,-1.5706162825941976,1.1686879902420015,-6.283195652900936,-4.535580182453329,-234.89952094086715
983.0,-0.9573619756131511,0.011061411297085568,-1.5705730217326517,1.1698078638937663,-6.2831944371014155,-4.538632868875895,-235.1586522672584
984.0,-0.9578664647941063,0.011073436676432584,-1.5705623059821643,1.172775911498896,-6.2831937964050875,-4.546518448368458,-235.41778321328664
985.0,-0.9571920573435473,0.01107056395496528,-1.5705649911003214,1.1783553792690868,-6.28319185018305,-4.552827561141971,-235.67765360068313
986.0,-0.9533322885023569,0.011092153306320175,-1.5705447641695809,1.1889052106364246,-6.2831918114888,-4.555736778189708,-235.93993953635263
987.0,-0.9473547017200067,0.011086180980102863,-1.5705565424630183,1.1976015131140028,-6.283192108904743,-4.56324139541479,-236.20543309030074
988.0,-0.9486002797471237,0.01098133534638106,-1.5706560806779664,1.2024344998679055,-6.2831923767217,-4.560077077185494,-236.47107999762895
989.0,-0.9510803599952475,0.010998521575520072,-1.5706329211924495,1.2154771205324142,-6.283191085332267,-4.560013494677352,-236.73681737104263
990.0,-0.9550409652366225,0.010500451076049964,-1.570632190141026,1.2258773041682038,-6.2831906692948465,-4.560842226616878,-237.0019899958684
991.0,-0.9525657427149259,0.010654646248803376,-1.5705879165924108,1.238144249320162,-6.28319165498378,-4.558870808048234,-237.2690622242511
992.0,-0.9547026993640318,0.010709637764274053,-1.5706720629054494,1.2386288679568485,-6.283191818859379,-4.557800665191111,-237.5354993456061
993.0,-0.9569442542026763,0.010816222179726347,-1.5706549656690334,1.2318526225338506,-6.283193126709101,-4.55104468853858,-237.80040100627596
994.0,-0.9609920834897079,0.010802641769386768,-1.5685660259397427,1.224088900944562,-6.283192413863336,-4.551512200970419,-238.06251128480508
995.0,-0.9621618539146819,0.01100110717668243,-1.569152668702796,1.2120696213180582,-6.28319271014471,-4.552706315773829,-238.32308551271677
996.0,-0.9571484458668601,0.011007327659822236,-1.5677482938086968,1.1960585719517542,-6.2831907827747635,-4.549623144005982,-238.58381039105117
997.0,-0.9479996005998151,0.011141858350366985,-1.5685835685548803,1.1981077832341895,-6.283190790628668,-4.549408899587228,-238.84850126957494
998.0,-0.9377073235325447,0.011099291258128842,-1.5692593657924916,1.194726492085987,-6.283191882763453,-4.551001202814415,-239.11739073623144
999.0,-0.9343539506819861,0.010993680126042047,-1.5697763844108426,1.1937399281087255,-6.283192636311178,-4.559768899340505,-239.11739073623144
