time,shoulder link,upper arm link,forearm link,wrist1 link,wrist2 link,wrist3 link,total_reward
0.0,0.0001266953420815129,6.97390317156186e-05,-1.4654845254758683e-05,0.00010447759962942047,2.929679826603236e-06,2.6404103362223847e-05,-0.9111607981031667
1.0,-0.002395573480728552,0.004382821509254574,-0.0021594059081485742,-0.011030221724829125,-0.011112670045890167,-0.010348518144192333,-1.8222223449261465
2.0,-0.01064672339417221,0.008695039594530132,-0.009313784958892473,-0.019691184825216076,-0.026798427883205703,-0.02571739530954925,-2.728976742747667
3.0,-0.019734829427170388,0.01139414440498504,-0.020421416060448103,-0.03429354548774406,-0.043706175159887936,-0.03513388159551352,-3.629662889615037
4.0,-0.030777872839266623,0.012964977978827978,-0.03419201720284305,-0.05141692267823561,-0.061773603114720764,-0.050044692979186595,-4.522418325076542
5.0,-0.044504576336992265,0.013856748462119636,-0.049717938572227054,-0.0695851559171306,-0.08032948281579629,-0.06729381127194675,-5.4050890549008
6.0,-0.0592538302646449,0.014351935714196415,-0.06638226465321392,-0.08818472204911963,-0.09908666810759481,-0.0819477908633623,-6.2765960538239565
7.0,-0.07517472007767004,0.014617041875720691,-0.08378700952687759,-0.10250655672003861,-0.10379386332839823,-0.09903160189193559,-7.136301811603135
8.0,-0.09220574143750254,0.014728696863802149,-0.10165820994005226,-0.10390826520711578,-0.10989696764162166,-0.11511382281034802,-7.982888516091604
9.0,-0.10879610486969846,0.014725417604462587,-0.11865122090419945,-0.11544856968245738,-0.12343863464732988,-0.13006804887769163,-8.816602003057016
10.0,-0.12494812790381571,0.0147111606004867,-0.13521149876226524,-0.11636184293477145,-0.14012511299464092,-0.146344122560105,-9.637334794040278
11.0,-0.14032202431359472,0.0148538673796045,-0.1524466451163401,-0.12578491135307332,-0.15811342462379463,-0.16414182348441048,-10.445592056578503
12.0,-0.15586192585629713,0.014878730033084429,-0.16983148739199355,-0.1349719975174175,-0.17663748968286172,-0.1825857283126406,-11.241159162934903
13.0,-0.17230020056857737,0.014912933261065922,-0.1876884726662163,-0.14124654067109607,-0.19538306539045083,-0.19587828631413418,-12.023287411356499
14.0,-0.1888402547307224,0.014866528451267784,-0.20491457801952823,-0.154651960609713,-0.20279732851395202,-0.19925086349526994,-12.792378000736045
15.0,-0.20594276930410282,0.014922225555510874,-0.22262874871086447,-0.1712744977520233,-0.21694512339627048,-0.21177596742651783,-13.547902094933214
16.0,-0.22370451104693706,0.014870083458289414,-0.2401054812993815,-0.18428109233238973,-0.2312255272164085,-0.22536947275625394,-14.289276835195812
17.0,-0.24189998156171585,0.014889550312241906,-0.2580061186562591,-0.19306926241031055,-0.24817293476446484,-0.24203012649064246,-15.015952956279854
18.0,-0.2603514027727964,0.014928331077089737,-0.27621405600898397,-0.20770441255351077,-0.2662673368799959,-0.2546746869405705,-15.72773298117141
19.0,-0.2789793033874532,0.014926201212043232,-0.29465728851641654,-0.22320634843267212,-0.28428255562213983,-0.2703051483834894,-16.42439229266559
20.0,-0.2950526607418354,0.014921109259240227,-0.313246382257486,-0.2406734575862938,-0.30190131600586395,-0.28293983054806265,-17.107315892585778
21.0,-0.30960067670525576,0.014902286480488587,-0.33194607743142407,-0.2589684769838787,-0.31915337413486594,-0.2991657336861445,-17.77745483777847
22.0,-0.3250603321047439,0.014832546340627412,-0.35026238989417646,-0.27760653372863336,-0.33735417819778746,-0.316958057991507,-18.4342956632081
23.0,-0.34157842947548994,0.014724923502310068,-0.36756915337063034,-0.29639281261737593,-0.35596570796353766,-0.3354001105446135,-19.077273976137906
24.0,-0.35869919880109497,0.014783547270662233,-0.38531534433077175,-0.31414123056758425,-0.3698856119141468,-0.3460702833699918,-19.70602780775902
25.0,-0.37468383602953587,0.014816162101453126,-0.4034332431582201,-0.33018373184328825,-0.37530887301671184,-0.36149396021055213,-20.321197024305505
26.0,-0.3890885670077281,0.014745850992068717,-0.4212517642202983,-0.3421098091572742,-0.3880415134056286,-0.37895487548902573,-20.923531565350192
27.0,-0.40130164715258554,0.014793691420090111,-0.43936968802211446,-0.35801388546657714,-0.40177137417627556,-0.3972598972525676,-21.514320526381233
28.0,-0.41015374827512036,0.014809441571984851,-0.4577479189074976,-0.37567511639403106,-0.41081076638299024,-0.41591398906603183,-22.095604481645207
29.0,-0.42074711083542377,0.014687812625065522,-0.4763693235610145,-0.37732334198741446,-0.41879689530254843,-0.4342249954747874,-22.66632780442316
30.0,-0.4331636624499928,0.014394680460630761,-0.49269167568730654,-0.3669711030255235,-0.43073621839281245,-0.4511842635070791,-23.225502272115502
31.0,-0.4453381813441421,0.014551578074462617,-0.5097018803844294,-0.35975600790273016,-0.44672308367391683,-0.46925274379218446,-23.773222940705327
32.0,-0.4590779768630585,0.01445488769935483,-0.5255916839370623,-0.3489526292704234,-0.4626712496191062,-0.48226970067058933,-24.308703538869665
33.0,-0.47467881965870207,0.014359388232930256,-0.5398200753593415,-0.3374881303231747,-0.46934377118287945,-0.4986429889281997,-24.831295584104396
34.0,-0.4911439039853262,0.014613939565155873,-0.5554651207223364,-0.3386790320923039,-0.48226984254721145,-0.5164957822261296,-25.34024927071561
35.0,-0.5078242522268963,0.014652783583020034,-0.5717935657828492,-0.3391938588434048,-0.4907201148203507,-0.5303683821059698,-25.835261753416116
36.0,-0.5245479566047417,0.011840497502619533,-0.588702315621296,-0.3282560050958532,-0.5047488924778201,-0.5446910366389136,-26.31497307667294
37.0,-0.54025748801148,0.011846960252913473,-0.6068654843832926,-0.32773774873031014,-0.5196132760422068,-0.5566164393268896,-26.780690224558857
38.0,-0.5565347192365793,0.012557090445946672,-0.6233201312188834,-0.31839308550178685,-0.5368133258109148,-0.5700803078198468,-27.232832130987333
39.0,-0.5737564592279393,0.013297142377610035,-0.6404581965684012,-0.3106088660159361,-0.5496274397129601,-0.5822817982921326,-27.67083434414467
40.0,-0.59159341644518,0.013592703691550398,-0.6562921608892495,-0.304109579712046,-0.5659197415378852,-0.5888125678323297,-28.09434297173616
41.0,-0.6098474252269314,0.01388493711513193,-0.6728633079286132,-0.29038354954719253,-0.5837424600940765,-0.602569749169886,-28.502995184513097
42.0,-0.6283382555886139,0.014123624403795235,-0.69016786597404,-0.28082241226115745,-0.6005734221692368,-0.6193429207188411,-28.89654737540184
43.0,-0.6420212997947993,0.014251123613289202,-0.7079878291504268,-0.27147447881891795,-0.6158542697053669,-0.6373636952346695,-29.277626573827863
44.0,-0.6512156932672676,0.014197703695848905,-0.7252138927454564,-0.26174014125479356,-0.6311899194635724,-0.6558682702257626,-29.64910118556969
45.0,-0.6621345994602399,0.013775022631138995,-0.7375904690914286,-0.2512970274879373,-0.6485774416411181,-0.674604341869814,-30.01096833403171
46.0,-0.6749740926342104,0.01401147127371497,-0.7519031899195455,-0.23594575973806037,-0.6668557598322521,-0.6934364191305885,-30.36202119058913
47.0,-0.6882486644118089,0.014186911814377779,-0.7677316774955127,-0.2249322386561784,-0.6814460216631256,-0.7093740903959278,-30.701744043921998
48.0,-0.703014748579058,0.013829385473781796,-0.7795337968939167,-0.2143136318078883,-0.6927000326322057,-0.7269994395528865,-31.029992221324598
49.0,-0.7192971089369475,0.01380116811512515,-0.7903723445367055,-0.19974172448395802,-0.7083422691574695,-0.7453710937878569,-31.34627153330117
50.0,-0.7309689256494953,0.014027365848594051,-0.8024358642352595,-0.18726550876480516,-0.7238576236624272,-0.7640525219088069,-31.652988695521366
51.0,-0.743263520106516,0.014031930826200141,-0.814625484292822,-0.179853855642091,-0.7413183953531208,-0.7793264980984463,-31.949908005310743
52.0,-0.7574263999727234,0.014117827340425805,-0.8289949325991619,-0.1657466177273094,-0.7561124438955221,-0.7932599931272919,-32.23576967296354
53.0,-0.7730744743664152,0.014124864517714011,-0.8448916455629945,-0.14882249686036617,-0.7715307218892886,-0.8080814754671908,-32.509555769803185
54.0,-0.7898799032273485,0.014042163785957762,-0.8612758001715566,-0.13074068490800123,-0.7870953680053008,-0.8252602304667704,-32.770670864946474
55.0,-0.8074492356435488,0.01405943574528903,-0.8784587281898473,-0.12651074012266497,-0.8045858083619388,-0.8306518604727179,-33.01851357387084
56.0,-0.8228306651674474,0.013971478260730126,-0.8962252234714525,-0.11610253639366667,-0.8225811744638961,-0.8439949965724243,-33.25429354192981
57.0,-0.8385740639248024,0.01388058937396534,-0.9143992698149249,-0.10712698327257518,-0.8410992322788456,-0.8605986181501714,-33.47806193332325
58.0,-0.8554427070404997,0.013762587709830517,-0.9328362018988643,-0.09241641652261484,-0.8484813924699092,-0.8785493207583263,-33.68977380622425
59.0,-0.8730144062193831,0.013412874304784193,-0.9476784297094274,-0.07525107731902018,-0.8618453283798555,-0.8970568597691307,-33.8899864676668
60.0,-0.8879631039509402,0.013546976875955106,-0.9636970257309218,-0.05705437391123708,-0.8784495327641264,-0.9157945058324645,-34.080347954349676
61.0,-0.899737024909581,0.013324068701128377,-0.9763174431311507,-0.041902537149721315,-0.895784080743608,-0.9306205100735812,-34.26305345512083
62.0,-0.9074148689439796,0.013477686131414243,-0.9903715055335568,-0.02487491329310546,-0.9140278356019863,-0.9477678176454107,-34.44024715327322
63.0,-0.9155795126616612,0.013524956023053106,-1.005424724076691,-0.01746818389311108,-0.930331663676896,-0.9659414691608533,-34.611483330296394
64.0,-0.9239177777207095,0.013124159418418263,-1.0151362109789086,-0.01702534068141646,-0.9406149215382236,-0.9799416867493171,-34.77718539667947
65.0,-0.9262462946563819,0.01339860981370197,-1.027612332253347,-0.010927940427316858,-0.9558796335710842,-0.9967375001253289,-34.94002473600681
66.0,-0.9213639682924532,0.01358041967368708,-1.0422361206497832,-0.01552317721858113,-0.9664217596242072,-1.0147655147551837,-35.10219841365918
67.0,-0.9113859947348739,0.013511230516776463,-1.05836175185337,-0.006241536740991098,-0.98177262735665,-1.0324512546355358,-35.266600843338225
68.0,-0.9041954653350821,0.013388030428515977,-1.0755000215373443,0.0017844870783148721,-0.9991998962944949,-1.0508347781129874,-35.43240378650682
69.0,-0.8964288863153309,0.013122320109688519,-1.0905031105323841,0.013225561153121141,-1.0174958655703852,-1.069520862417943,-35.60043775447837
70.0,-0.8852406874205181,0.013101696833356399,-1.104668790109233,0.012876632945197461,-1.0360795254318542,-1.0843078332445952,-35.77203818312394
71.0,-0.8718595359151166,0.01289067317656158,-1.116565101782232,0.023914278450062137,-1.0464351573655442,-1.1014388837354838,-35.94966331875922
72.0,-0.8624974480040553,0.01282593808867063,-1.1306972009441374,0.03246159894423986,-1.0617337439579098,-1.1144028390054515,-36.131459896753434
73.0,-0.8520071442234455,0.012903682091478937,-1.146411246063944,0.03963590884640539,-1.0791514168520042,-1.130237416724726,-36.31782375190059
74.0,-0.842664952479546,0.01294106272766854,-1.163228702366518,0.03720171828845499,-1.0950507922259167,-1.1416425790231128,-36.50784211702964
75.0,-0.8310751007411626,0.012906420434342088,-1.1807319704108998,0.04023784998580312,-1.112673169632466,-1.1496106072525385,-36.70307634151337
76.0,-0.8183985045263575,0.012818112903683596,-1.1987356794610275,0.05132065022375608,-1.1222494349364907,-1.1639269136260133,-36.90536289972392
77.0,-0.8108388296075758,0.012670426186631398,-1.2171166298548324,0.06698791948109477,-1.132886734234711,-1.1713942657040082,-37.11273315934934
78.0,-0.8034291597568496,0.012639827103916734,-1.235618681658179,0.07772921229471208,-1.1483047175834784,-1.1822073998895124,-37.32460293961297
79.0,-0.7982446684031996,0.012560312836861057,-1.2543086856803738,0.08321366446839341,-1.1556061720978288,-1.196489541077816,-37.540021944457045
80.0,-0.7904753090875909,0.012502476339926042,-1.273041457320128,0.09316574091756052,-1.1646979938433832,-1.2134581783400407,-37.760698336017164
81.0,-0.786707892698643,0.01212959580452817,-1.2876077494018603,0.10664456961294061,-1.1786077492530418,-1.2315593212908156,-37.98475023029904
82.0,-0.7800550443979524,0.012135766277876957,-1.300554793260928,0.12109469678278723,-1.1945369587722432,-1.250128925503392,-38.21347579445379
83.0,-0.7721939759433327,0.012292710307629573,-1.315426519173632,0.1303379024190779,-1.2121906711623716,-1.260780516548689,-38.447331912986996
84.0,-0.762706584628307,0.012383475109463467,-1.3316488126987596,0.12368742186429837,-1.230576435824566,-1.276197769979971,-38.68591197139382
85.0,-0.7543001774309933,0.01227879870463966,-1.3488406200896517,0.12377441432531708,-1.2367397012104502,-1.2878223694565365,-38.93003269164353
86.0,-0.7430496060206898,0.012065539279943112,-1.362876776702259,0.12229584509921694,-1.2468908376002728,-1.3020235661167197,-39.18059270396299
87.0,-0.729853862734784,0.012111303539870603,-1.3784298635319943,0.12554680389287914,-1.2546195128663284,-1.3189512945192068,-39.439393884206794
88.0,-0.7166038720883356,0.012002334498434644,-1.3938861639462656,0.13707179158292918,-1.2688321688734916,-1.3370352276249,-39.70686578182901
89.0,-0.7075682929187447,0.011935276582893025,-1.410512459853832,0.15292672247731534,-1.2845600489504707,-1.3555978980952674,-39.981297533860634
90.0,-0.7023881476854223,0.01186380785117118,-1.4279144073998136,0.17057228709010935,-1.3021301589382093,-1.372134305560741,-40.26081011640585
91.0,-0.6936589739334765,0.011889520439403792,-1.4457596032938775,0.18244266605044387,-1.3204864091759132,-1.3852105534651113,-40.54660741871952
92.0,-0.6817973374037313,0.011825484548353174,-1.4637188901113467,0.19437622949765546,-1.3339692925213233,-1.4016199354493264,-40.84068248461533
93.0,-0.6699879089158652,0.011458122154489742,-1.4758084572163503,0.21032786833846154,-1.3422679518178615,-1.418379761227369,-41.14309556733651
94.0,-0.6562560020816838,0.011604484339000697,-1.4899196374473513,0.22802073611699095,-1.3520681695339982,-1.4302364574717075,-41.454965487826435
95.0,-0.6406870216471631,0.011716286155466953,-1.505648970919328,0.2242124317670159,-1.362302795112473,-1.445159215758372,-41.77562633724375
96.0,-0.6271437732654906,0.011577619718589453,-1.5225226953673032,0.23373537564145247,-1.3775357951013638,-1.4623959530953312,-42.10497017859896
97.0,-0.6196841049971195,0.011399109232422473,-1.538405103177224,0.23473032671827884,-1.3949188117222469,-1.4806079021213536,-42.439128653566854
98.0,-0.6095862027514032,0.011175419645200272,-1.5490556379096931,0.24019884995703086,-1.4108358853572913,-1.492345197669566,-42.77887375837076
99.0,-0.5964204099878231,0.011091017020567216,-1.5561549384035718,0.2510499475018738,-1.428461099577794,-1.5081862276680864,-43.12553445096581
100.0,-0.5858212104010257,0.011031872754011964,-1.5609392326480278,0.2638555647002702,-1.4468297373710635,-1.5245158202796003,-43.4777535178527
101.0,-0.5731649180480406,0.011081310175521946,-1.5640650571610015,0.280188209525756,-1.4655142334919904,-1.5423308258448887,-43.836337817927955
102.0,-0.5583263501358512,0.01114995701388015,-1.5661507558811834,0.2937052027810851,-1.4843237496479524,-1.5563720337575189,-44.20195312803597
103.0,-0.5447723431667303,0.01117912277465723,-1.5675754808681177,0.29915416096343905,-1.5031834005780809,-1.567940777726793,-44.57330908024721
104.0,-0.5298461524620088,0.011204413930857223,-1.5684924768176163,0.3092010957689437,-1.5220685970467847,-1.5811787385540088,-44.951187927540175
105.0,-0.5135285815497336,0.011238564213437932,-1.5691063510114036,0.3189990962510633,-1.5409613324494584,-1.592226851588949,-45.336189428822784
106.0,-0.49922618849814077,0.011256187029219529,-1.5695501248151043,0.31574965739650307,-1.5590841404680298,-1.6077863807424657,-45.726511933622504
107.0,-0.48385054679010053,0.011276522033238862,-1.569807826519856,0.310523469717906,-1.577652177347333,-1.619464381018024,-46.12234758451932
108.0,-0.468718704722845,0.011075401848371328,-1.5699932924399862,0.30987639629915903,-1.5964128335655463,-1.6352790686939713,-46.52392548678862
109.0,-0.4588601482893163,0.011063242422002222,-1.570186190080961,0.30035369095432835,-1.6100143731103442,-1.6456125337050655,-46.928671836588016
110.0,-0.449508827077426,0.011132680307046111,-1.5702460873641433,0.2887765791303672,-1.6219885867400792,-1.659556333033184,-47.336184567287184
111.0,-0.43727571757796047,0.011195297629611363,-1.5702586236013545,0.2809788393596402,-1.6379480378990432,-1.6763824720080482,-47.74772996848079
112.0,-0.4268172883194726,0.011189219343304763,-1.570320590451544,0.27396546989971726,-1.6530668138376645,-1.6923516515413406,-48.162722157736816
113.0,-0.41631028993365043,0.009178194456389071,-1.5702500843084928,0.2723196213219978,-1.6630715515883157,-1.710004608016354,-48.58190530375503
114.0,-0.40633826417317315,0.007073377528010555,-1.5703157954406701,0.2614669216032806,-1.6782119648574882,-1.7283881844480133,-49.00412221364001
115.0,-0.3937815328092995,0.008003066704774901,-1.570447311702483,0.2631398643395396,-1.6955610051330863,-1.7470746288377779,-49.430991870468446
116.0,-0.38239189952510255,0.009072025248303518,-1.5688737010736777,0.2648340488363025,-1.7138162519787818,-1.7658864529118432,-49.86184886682806
117.0,-0.36901879989693925,0.009948307548193166,-1.5692769754874096,0.2707642539199514,-1.7231431701063253,-1.7815147256345925,-50.29874890860559
118.0,-0.3536929316037997,0.009164241154177901,-1.569559229466609,0.27346084856462494,-1.73803725099207,-1.7990069746396353,-50.74205916275882
119.0,-0.33830089641976124,0.009603113936030165,-1.569904002303774,0.28356006116995186,-1.7552810948339144,-1.8108195202086397,-51.19195985678808
120.0,-0.32223951732814765,0.010218508288412588,-1.5700395709068722,0.28724750579738895,-1.7734971978050906,-1.824341588009749,-51.64832317472066
121.0,-0.3052454228791855,0.010610125997803354,-1.5701302518601863,0.28933776408686535,-1.7906691598034128,-1.8353012184776718,-52.11160928991801
122.0,-0.2875803206002109,0.010875112325306325,-1.5701933715548346,0.28441431421322083,-1.8088297024464186,-1.85082064823574,-52.58177290907917
123.0,-0.27822677253303585,0.010888980292010573,-1.570342691272754,0.28953710455526427,-1.8213972470855155,-1.8683206260140695,-53.055845149572356
124.0,-0.2686434492158517,0.011073832184231119,-1.5703334962960398,0.28046780679879196,-1.8352258167730624,-1.879701846325461,-53.53298342107625
125.0,-0.2560849849815032,0.011153006228411488,-1.5699050506580516,0.2718188979732788,-1.8519899161734812,-1.8924599373335929,-54.01437270930441
126.0,-0.24718081133736625,0.011152765274125958,-1.5700897986430224,0.26766593677284417,-1.8700019623566804,-1.9075049420403938,-54.49846584264073
127.0,-0.2361943320156197,0.01122953467153583,-1.5701537698572219,0.25933465595921457,-1.8885401115031852,-1.9247882553406948,-54.9859237618714
128.0,-0.22518056803902833,0.011236351188267166,-1.5702296668071531,0.2505048399983868,-1.9072876625088786,-1.9403694501390436,-55.476844940028016
129.0,-0.21189230749764382,0.01127473108037054,-1.5702486749696978,0.2402921869938103,-1.9150724408723487,-1.9578521589636098,-55.97331384684411
130.0,-0.1966346670159628,0.011265738210672623,-1.570270968790769,0.2392332331065867,-1.9253650046740516,-1.9744764131328472,-56.476454479230476
131.0,-0.1867202396365597,0.011206318129224105,-1.5703625712520428,0.23731702381301611,-1.940635188527313,-1.9817267921320525,-56.98328919671034
132.0,-0.17946826592721016,0.011216178539809435,-1.570383266394,0.23049929065227254,-1.9531106452634295,-1.9803763207562142,-57.49246447439281
133.0,-0.1759471746587344,0.01116723460890973,-1.570420044393371,0.2308882161343957,-1.9640637663959961,-1.9815413450419288,-58.00247605987306
134.0,-0.1760408701803766,0.011123906315187065,-1.5691300520306304,0.2274135232824429,-1.9795908305927434,-1.9852980686010342,-58.51092753853013
135.0,-0.17592842243569554,0.01124153610210581,-1.5694870368795082,0.22600195433246462,-1.990381975878592,-1.9922756061388216,-59.01833042868796
136.0,-0.17664948353665202,0.01121376613339059,-1.5697954559925371,0.23121207221868126,-1.9996647674911363,-2.0061506815484362,-59.52463928401892
137.0,-0.17503559295856916,0.01129520560479272,-1.56995730183781,0.2235870334060803,-2.012261236790239,-2.0140715766971162,-60.03032659707395
138.0,-0.17388494190886203,0.011273877459872513,-1.5701041456574112,0.21441749357638173,-2.0285158365075917,-2.0272563709457514,-60.534873402495165
139.0,-0.17360179693304087,0.011273755890293304,-1.5701976941597187,0.19962344414299563,-2.0431331810777245,-2.0437731294814876,-61.03784722146067
140.0,-0.16789585703053356,0.011312662615973763,-1.5701982974660302,0.1887578797737906,-2.060213322737085,-2.0616872365738,-61.54172560067872
141.0,-0.1681564429728797,0.011230393330399916,-1.5703240788682966,0.17329832279444796,-2.0741438406119412,-2.08017978983079,-62.04403398769606
142.0,-0.16385147519601376,0.011250914176773031,-1.570286673410374,0.17189585329971743,-2.0861902842778934,-2.0989110761486747,-62.547218132868046
143.0,-0.1559508263025833,0.01132414379628544,-1.5702781518724733,0.160166442891125,-2.100585212643859,-2.112774585146323,-63.052849723463474
144.0,-0.14797480055482035,0.011310533304954386,-1.5703073844030926,0.1447967351548428,-2.1112723037921333,-2.124109186749367,-63.561334778067355
145.0,-0.13697785975623453,0.011276759648633792,-1.5703013197143616,0.14476620550543695,-2.126679545900457,-2.1345902460109945,-64.07403349693924
146.0,-0.12892374216146282,0.011246143558146356,-1.5703566688288704,0.14192986243465378,-2.1441301064592175,-2.149918716746344,-64.58941272618152
147.0,-0.12047367882576328,0.011272755194490329,-1.570346627227068,0.13640811714429552,-2.1618561866647825,-2.1658278471878254,-65.10748535305837
148.0,-0.11789152260024612,0.011187552784281681,-1.5704192849179688,0.13496435567228413,-2.1802565697576326,-2.1765285413144655,-65.62545248921899
149.0,-0.11125626492257046,0.011261115559548621,-1.57034924292429,0.13644323393932958,-2.1989574455529253,-2.191947096615936,-66.14510326381252
150.0,-0.10181610802454528,0.011257895934301775,-1.5703378241373978,0.148136276160002,-2.217771947123727,-2.209405452060763,-66.66812880409574
151.0,-0.09675982485666981,0.011172179016904807,-1.5677197356768053,0.1418579840767728,-2.2366310909554135,-2.225937313552182,-67.1922319895082
152.0,-0.09742496147187274,0.01132024112039551,-1.568541860506647,0.1281570383240227,-2.2555150162212447,-2.238288234327832,-67.71441837130554
153.0,-0.09906038179173121,0.01126018809189247,-1.5691560157475788,0.12047479394853777,-2.265706381534167,-2.246150900129591,-68.23480711200372
154.0,-0.0982290210008476,0.01125847210328511,-1.5695374735353351,0.1192062055117938,-2.27408095001783,-2.2604320461848935,-68.75484840417067
155.0,-0.09904306674899548,0.01126233137439846,-1.5698284273193417,0.11051669364213577,-2.2885449615560187,-2.268746230653638,-69.27329271879273
156.0,-0.1002465701974925,0.01109179664058059,-1.5664608816870946,0.10854792476687064,-2.3011539987238465,-2.2789625225044023,-69.79004347923494
157.0,-0.10048424952299397,0.011348915718124587,-1.567611071420757,0.11070805364411862,-2.3145523467026217,-2.2936142432466347,-70.30561670386383
158.0,-0.09605526786888528,0.011396526006306881,-1.5684748796845833,0.10323481110304321,-2.3277899173815926,-2.3042788060271913,-70.8222685580555
159.0,-0.08907778293342981,0.01138894868885625,-1.569079822644736,0.08909284164119474,-2.3442911709414602,-2.3151440237060426,-71.3411336971543
160.0,-0.08372816767934811,0.011290851155832013,-1.5695339448824213,0.08091131471797447,-2.3621980123109894,-2.325944777721703,-71.86145068004808
161.0,-0.08095066745250513,0.011238569646956053,-1.5698371608803188,0.0748257375964728,-2.376618350629959,-2.3414141829252015,-72.38217403407862
162.0,-0.07569255554157303,0.011297711833919932,-1.56997655908114,0.06334597033250682,-2.393600048072286,-2.3588937161365946,-72.90426734905701
163.0,-0.07344364825303508,0.011261101243979936,-1.5701370202703775,0.047540815917529136,-2.411703460595842,-2.377206420325521,-73.42628281564767
164.0,-0.06671834363773461,0.011300741828318308,-1.5701599971204208,0.03499753802292346,-2.430279457114082,-2.394785102553075,-73.95033176410458
165.0,-0.061493854041323646,0.011225222824771447,-1.5702599076749688,0.03129036601025592,-2.442254752324687,-2.4077381328588827,-74.47636375654304
166.0,-0.0607803960357257,0.01117983867795405,-1.5703397661931038,0.03072256916410204,-2.4581915568693478,-2.424087229319072,-75.00185088477959
167.0,-0.05898627645340427,0.011252222867178115,-1.5703212018139003,0.024554422751541197,-2.4758694372677987,-2.4406004153413545,-75.52706487000063
168.0,-0.06256681644915661,0.011220061367101374,-1.570384415374725,0.010995723123303307,-2.478299792551977,-2.4584909046993455,-76.05034017880044
169.0,-0.06204077106267253,0.011283453804406785,-1.570322245029877,-0.0008299318988391048,-2.486337454856104,-2.4769727702383024,-76.5732052043813
170.0,-0.059476489981420085,0.011244160352110852,-1.570333327214796,-5.995916039296364e-05,-2.4969381435948765,-2.495699845606199,-77.09673567721593
171.0,-0.05613181234058523,0.011268476540568114,-1.5703329797316117,-0.0009549856762271175,-2.506672099516239,-2.5121900826961427,-77.6214153260849
172.0,-0.05654298764065098,0.010574864268722834,-1.5703464445176232,-0.006299644943401092,-2.514448232760534,-2.5300539776473037,-78.14551068046438
173.0,-0.057126213060800256,0.010662167107584199,-1.5703905096444306,-0.008571255814324465,-2.5286814168634453,-2.539023386078682,-78.6684485992838
174.0,-0.05688921453764927,0.010843354430732472,-1.5703783609977797,-0.0006768268304708539,-2.539186087380072,-2.553775478325832,-79.19087813704893
175.0,-0.061404711298628394,0.01101023509496462,-1.5703998579877936,-0.008562534839599244,-2.5499467532738707,-2.566266148226152,-79.71045210882527
176.0,-0.06801069960645523,0.01105406158258428,-1.570401465592692,-0.00803345144982499,-2.558747430776675,-2.5778277182842984,-80.22606881018987
177.0,-0.0724507435467209,0.008693426589622725,-1.570226535260248,-0.018938080395411443,-2.57338484975882,-2.584738839600702,-80.7384496432824
178.0,-0.08003648705003373,0.009010751860676711,-1.5704601618185952,-0.034610113246929045,-2.5884141911366942,-2.598640854937678,-81.24611516975814
179.0,-0.08654438511703984,0.009773952587300737,-1.5704033508351432,-0.040289891470733,-2.603567364672735,-2.6154735491052286,-81.74947697442133
180.0,-0.08678975213482694,0.010394578232622579,-1.5703060073245458,-0.05045656444546849,-2.619756430897214,-2.6335189667347425,-82.25170039835528
181.0,-0.08813294599999516,0.010705567960322192,-1.5703307305557275,-0.06570118204192761,-2.637513322982306,-2.6520656621551812,-82.75242963366726
182.0,-0.09246470372882833,0.01083838280350721,-1.5703712299350625,-0.0741630975215739,-2.652558718340195,-2.6683571923745797,-83.25024313838814
183.0,-0.0923186350037485,0.011066712381736538,-1.57030339246952,-0.08792623463464709,-2.661326647844798,-2.6861367467812505,-83.74758622832208
184.0,-0.09018820179514224,0.01112594819387426,-1.5703146632362195,-0.09555144961704702,-2.675979278272029,-2.702232930623061,-84.2454209836888
185.0,-0.08398370234078749,0.01125258913669834,-1.5702758621257233,-0.10973014230452674,-2.6931247349035763,-2.7199338351087636,-84.74576939160595
186.0,-0.07849615490705271,0.01121845617474849,-1.570317807602505,-0.12336232981509025,-2.7112985269144945,-2.738337005243187,-85.24842799702672
187.0,-0.07907487898759401,0.011099529940989806,-1.5695872638054658,-0.13210014777162293,-2.7298973683449304,-2.75703157381886,-85.75031350966876
188.0,-0.08347340012757662,0.011164206413652839,-1.5698396649423851,-0.13996485552518131,-2.7486732488649244,-2.7655580747074184,-86.24932566174506
189.0,-0.08652533058303569,0.011233767840794719,-1.5699857809191011,-0.15128581688287615,-2.767523568172046,-2.7801419081074896,-86.74609723886566
190.0,-0.0927673817393108,0.011215632813564993,-1.5701399748714464,-0.16585187784449412,-2.7812840372716763,-2.7775274929538267,-87.23931624088482
191.0,-0.09669434064954724,0.011274519802965443,-1.5701753319492218,-0.1829422888737282,-2.7976079365735336,-2.7853009304813523,-87.72999754346287
192.0,-0.09692077833684228,0.011309830143913381,-1.5702001611888987,-0.2010956241726401,-2.815436829995414,-2.795485040581842,-88.22012796282993
193.0,-0.10003999348662514,0.01122382863928181,-1.5703000346944378,-0.21499246506119982,-2.830188803285159,-2.8082804158706756,-88.70847779996694
194.0,-0.10051156250975839,0.011252635804490124,-1.5702920749586682,-0.22625676848019322,-2.8412888028832026,-2.82461336238855,-89.19632497450657
195.0,-0.1000834522204255,0.011281279535454262,-1.570304319315051,-0.24190562886030575,-2.854389444063338,-2.842450967946858,-89.68427091775021
196.0,-0.09729202393589667,0.011271320233638561,-1.5703099544605652,-0.2531493312013846,-2.8662179112380586,-2.860911681489438,-90.17352358578135
197.0,-0.09828624804189881,0.0112347005639551,-1.5703684502712913,-0.2679707315603293,-2.8821143243738225,-2.8796300947542797,-90.66228186427692
198.0,-0.10512148084059274,0.011136010717268689,-1.5704377041201987,-0.27478896586047735,-2.8997740962363654,-2.8984549206981223,-91.14742064104537
199.0,-0.11440323495740566,0.011194540176532238,-1.5704121562573052,-0.288652327886733,-2.914678490573167,-2.9172211820679372,-91.62767382325355
200.0,-0.1251890573922208,0.011186543519026503,-1.5704089687166372,-0.3000132667901243,-2.9219198849683803,-2.9360640525773065,-92.10233202501043
201.0,-0.13250306586567204,0.011280269656406865,-1.570340304537481,-0.31569581127809415,-2.930838680538304,-2.954940332170817,-92.57313100265635
202.0,-0.14278375244487593,0.010432410497838029,-1.570344598621252,-0.3313948018282951,-2.937144568978531,-2.9738304567905063,-93.03888085380487
203.0,-0.14573454471113528,0.010558779648760796,-1.5703472130422302,-0.33333462526017205,-2.944839970695844,-2.9846121683171933,-93.5028191405897
204.0,-0.14458308654373203,0.010876421092454952,-1.5703062984344454,-0.34206601246691715,-2.959010760324048,-2.998881691504935,-93.96732314568797
205.0,-0.13918317902790975,0.01106191674169031,-1.570282562438288,-0.35197293301026733,-2.9759575927381867,-3.009600576831523,-94.4346545474432
206.0,-0.13221539986651026,0.011130181117034302,-1.570306949004032,-0.36100868108867323,-2.9851679749729843,-3.025015259647492,-94.90575194568875
207.0,-0.12245156384746521,0.011156335666346277,-1.5703191058771326,-0.3596533869527471,-3.000009139650887,-3.0424715551072343,-95.38188321361196
208.0,-0.11548467610011708,0.011166133961902368,-1.5703691865479872,-0.36099027278767853,-3.0113215199798455,-3.058643526206391,-95.86181252458795
209.0,-0.11455202539855885,0.011157620610575611,-1.5704228520993382,-0.3678286954782721,-3.0269851835621284,-3.0654244228450414,-96.34257433494365
210.0,-0.1153989257088747,0.01113362227866813,-1.570435273656552,-0.3672389613174436,-3.0364463815129534,-3.0793061736852327,-96.82297288671406
211.0,-0.11717533482827686,0.011201924445206927,-1.5704096570799955,-0.3733712271587105,-3.0513757625941516,-3.0961315559473213,-97.30266664885211
212.0,-0.12080504355442523,0.011209727215402948,-1.570412823863815,-0.38191769396777064,-3.0686359814011603,-3.114173858391953,-97.7808353555387
213.0,-0.12722067634079007,0.01118802971021231,-1.570429033532194,-0.390040238392956,-3.0868591988766085,-3.128539813926248,-98.25612482377063
214.0,-0.1343098702570368,0.011189132040462716,-1.5704188761087634,-0.3952374845467483,-3.1054801314824307,-3.142496306542125,-98.72813024986611
215.0,-0.13702182891568107,0.011294666972953726,-1.5703425953481975,-0.406683334587534,-3.123130798048033,-3.150041352989673,-99.19910988605807
216.0,-0.14250035169037964,0.011238172113731428,-1.5703932260190032,-0.4198684223707263,-3.1336281113939775,-3.154065924941435,-99.66787648333774
217.0,-0.14741934891885083,0.011266569029224217,-1.5703704862688819,-0.43635967106916634,-3.148979630462096,-3.1601874408644135,-100.13476413004764
218.0,-0.15289688959560904,0.011248797603140804,-1.5703832106284359,-0.45416567464943347,-3.165868542165772,-3.173238390815068,-100.59969588598099
219.0,-0.15681918191160563,0.011238423752751888,-1.5703775429383589,-0.4691237210987681,-3.1825421579736717,-3.1804737100568903,-101.0633911107953
220.0,-0.16497066592616394,0.011190031174085999,-1.5704276271460915,-0.486340223230936,-3.200498226123063,-3.1945125432388224,-101.52407486621645
221.0,-0.17419990972975968,0.011197404411972466,-1.5704174686696257,-0.5045447667483187,-3.2176281925659183,-3.1987325025614464,-101.98116824095288
222.0,-0.18612692127713754,0.011132015119693195,-1.5704545468131874,-0.5154919819198241,-3.2357737338756216,-3.2086877693521028,-102.43336597630737
223.0,-0.19341931805398876,0.011250601943526065,-1.5703650224907397,-0.5309980368852555,-3.254360787802945,-3.2238412953289033,-102.88292811272845
224.0,-0.19663851344130823,0.011271629216907646,-1.5703464839970231,-0.5470178287424917,-3.260027399029932,-3.241191129438017,-103.33153534120301
225.0,-0.1973355751481194,0.011237927115548546,-1.5703649271107174,-0.5570932834344646,-3.2706408996914913,-3.259450245630226,-103.78050685459128
226.0,-0.19962891398460478,0.011228049341804481,-1.5703940980811673,-0.5715635231887831,-3.2860694683110196,-3.2779530805085715,-104.22953586729751
227.0,-0.20160626877060725,0.011232300006107867,-1.570394109681436,-0.588626900570412,-3.2981955117152166,-3.289759130682259,-104.67869019281784
228.0,-0.20066234987483744,0.011255716455793563,-1.5703740487129938,-0.6067708088008571,-3.3142056670922484,-3.3001097958152834,-105.12955980119821
229.0,-0.20083930596146526,0.01118378319744268,-1.5704281533662108,-0.6209594061905863,-3.3319122840975828,-3.3111956060291323,-105.58176842007083
230.0,-0.20204255188224812,0.01113392697773957,-1.5704603007600646,-0.6290228651343693,-3.3503194129233798,-3.326791199032186,-106.03467322125564
231.0,-0.2076653672582849,0.011133554699580566,-1.5704841682357424,-0.6433840291347215,-3.3690155077364534,-3.337558946525745,-106.48653568336071
232.0,-0.21273127689421845,0.011166383460035983,-1.5704539464424083,-0.6590538899926711,-3.3854170359585076,-3.3530015575614,-106.93745425248329
233.0,-0.22174016385025586,0.01110456542850407,-1.5705033221777673,-0.6726621999068741,-3.4005483113548114,-3.3704696894811677,-107.38570193074214
234.0,-0.2292612149092836,0.011169005514980998,-1.5704503866542863,-0.6892963561311891,-3.4111064613781723,-3.377576900894662,-107.83166321980244
235.0,-0.23574656112867992,0.011186777456882548,-1.5704384587083748,-0.7072699026361994,-3.4264659430502484,-3.389062306682577,-108.27628100360393
236.0,-0.23839459392235018,0.011147226121869686,-1.5704424778123622,-0.712002656446529,-3.4439036924045485,-3.403211331504232,-108.72094124917122
237.0,-0.242442891884408,0.011138948133473063,-1.570466286717671,-0.718509454918186,-3.46219919749461,-3.4201182133387458,-109.16531291758723
238.0,-0.24025156845481954,0.011268433194123932,-1.5703698320210477,-0.7321885224435972,-3.477777297435708,-3.4381934579343643,-109.61207252047846
239.0,-0.23544909593841606,0.01119597407373185,-1.570415554856327,-0.7367868179141327,-3.4900594366246067,-3.4472726544503813,-110.06204836694509
240.0,-0.23307977428197013,0.01119694558779607,-1.5704420551690292,-0.7497805892697285,-3.505508848252772,-3.448280026388754,-110.51476526988408
241.0,-0.23346425012424765,0.011164964696806222,-1.5704749935366533,-0.766254767379166,-3.5229732483419745,-3.459847468846531,-110.96931602244203
242.0,-0.2370986901942047,0.011095586712776615,-1.5705246589757662,-0.77988816042639,-3.5405058511963956,-3.475717971210387,-111.42423523924602
243.0,-0.23624553860558598,0.011170836019084768,-1.5704557274387678,-0.7941067514211025,-3.5588258366013497,-3.4831687119173824,-111.88134287897945
244.0,-0.2336487713093364,0.011183935455776013,-1.5704523367195775,-0.8110429465227142,-3.57748769070084,-3.4973111023612566,-112.34169710935647
245.0,-0.22608988729133964,0.011227068388348133,-1.5704124211510175,-0.8291322752199831,-3.5962892424470554,-3.5128799206299197,-112.80740149348588
246.0,-0.2238806319432115,0.011109705315746787,-1.5705210115973796,-0.847725147238688,-3.615152042807111,-3.525502456988067,-113.27652970536103
247.0,-0.2287159898858788,0.011020640445077449,-1.570595884755976,-0.8665026821163898,-3.629358938143336,-3.533595054574284,-113.74572747827148
248.0,-0.23746798997410754,0.011008342768986488,-1.5706037639929282,-0.885336707951906,-3.6462387913800454,-3.545451322119431,-114.2134856902778
249.0,-0.24755150284290894,0.011028676058953664,-1.5705838401249002,-0.9042088426910084,-3.663122245909603,-3.558893388627866,-114.67928703915543
250.0,-0.25076640778762105,0.011101384129717586,-1.5705058142995327,-0.9167525486513447,-3.681167412189658,-3.573804719329625,-115.14565500058386
251.0,-0.2537449907950141,0.011104488055443203,-1.5705177390951421,-0.9319796234942525,-3.698971756946245,-3.5910257538813646,-115.61304667051084
252.0,-0.256483188251743,0.010042862462612039,-1.5704616678874403,-0.9493378838879121,-3.717405611244072,-3.5994111520128,-116.08203125617617
253.0,-0.25841159904507605,0.010139072907865698,-1.5705793577439757,-0.9632011477390744,-3.7310075090057366,-3.613929587810262,-116.55210621536098
254.0,-0.2620174832772512,0.010455901905467758,-1.5705794231688726,-0.9799239488690753,-3.745695347862103,-3.6293060291219725,-117.0227472956462
255.0,-0.2672504882772178,0.01065910875862354,-1.5705821772588,-0.9979320000271358,-3.7628219537819985,-3.646720072570795,-117.49365165403275
256.0,-0.276244513150264,0.010753745212706346,-1.5706154136191617,-1.0164748082663897,-3.774280665460677,-3.6584271287253833,-117.9630307066657
257.0,-0.2833034202599643,0.010889980473293275,-1.5705692151945507,-1.0351497435298895,-3.78683939129721,-3.6742508080488716,-118.43160654347253
258.0,-0.29358371733136707,0.010902943751577058,-1.5706107371890619,-1.0539740842474319,-3.802233475346669,-3.6829539161565976,-118.89868072072778
259.0,-0.303191105225441,0.010966500124131622,-1.570584791207231,-1.0728374285142173,-3.81797969053506,-3.693430093330046,-119.36448906898251
260.0,-0.3049742957721735,0.011086926404123378,-1.5704992996196248,-1.091714404688687,-3.835546425115526,-3.7087753303014392,-119.83199189349368
261.0,-0.3041348391680625,0.011082128033801505,-1.5705227776542126,-1.1106260943932786,-3.853644634262675,-3.726203804910552,-120.30243393327268
262.0,-0.3024154841785275,0.011061018691830224,-1.5705524064841363,-1.129538828190245,-3.8722099646853945,-3.7380374262560383,-120.77620027052635
263.0,-0.3026372548483377,0.011008568504581498,-1.5706075863339606,-1.1484557919838319,-3.8909731198921436,-3.7539108369390553,-121.25267352144091
264.0,-0.2985771032629488,0.011057724110727125,-1.5705666434825731,-1.1673524571369303,-3.909814747635738,-3.7650845470191987,-121.73319330151294
265.0,-0.2948711379414926,0.011014083526363062,-1.5706124028130333,-1.1862705891281444,-3.920071222984393,-3.7744341576653753,-122.21698735476826
266.0,-0.29643051000813,0.0108955769032993,-1.5707145925668946,-1.1989401011830365,-3.929263318907667,-3.7861547426415894,-122.70188277485228
267.0,-0.2973538695044669,0.010166333619844864,-1.5706259364401136,-1.2151264595214595,-3.930527895123841,-3.802030717699904,-123.18752155715836
268.0,-0.29479221004564704,0.010284159614223546,-1.5706759158050132,-1.2258553145685778,-3.941739259959178,-3.8140249708423397,-123.67552956248501
269.0,-0.29513464860860156,0.01048497333324534,-1.5707063571188005,-1.2372377226238085,-3.957458233891721,-3.817872371176238,-124.16542962827528
270.0,-0.3010902260615616,0.010611000650968839,-1.570734476205793,-1.2529696596153446,-3.9750453609587284,-3.830574969577834,-124.65569765214063
271.0,-0.3093991481660301,0.010721927215307058,-1.5707223699128356,-1.2705623232563965,-3.993402620387861,-3.846913656525836,-125.14563389353204
272.0,-0.3155558328881405,0.01082125620313802,-1.5706865983632305,-1.2859070472182723,-4.009345649143605,-3.860517003609185,-125.63561203583522
273.0,-0.32133916912950367,0.010877731220368825,-1.5706775732203722,-1.3032934310505437,-4.024825741197547,-3.8674400273840255,-126.12587946721364
274.0,-0.32305225302193225,0.010955181809081487,-1.5706332088808774,-1.3215672983400997,-4.042274768792137,-3.881360616787691,-126.6179426868187
275.0,-0.32633169677231294,0.01091550146619071,-1.5706875395474917,-1.339691021948866,-4.060578118589628,-3.8953513120215773,-127.11155252373388
276.0,-0.3273433171239392,0.010946086950509682,-1.5706692103087636,-1.3577042492049607,-4.079230293204989,-3.9018672543424406,-127.60734516235621
277.0,-0.32207587403574045,0.010942069747680822,-1.5706680374380089,-1.3608691872084324,-4.098027712506144,-3.913516520008023,-128.10676364491172
278.0,-0.32003045934235563,0.010927025440115076,-1.5707017491287403,-1.3733428813236292,-4.1126916743710815,-3.9168230811618074,-128.60889612365872
279.0,-0.3210532557498984,0.010870140436170352,-1.5707532808218363,-1.3828703772090531,-4.127441748298383,-3.9286138893951987,-129.11260106310837
280.0,-0.32389315085537235,0.010865642189535408,-1.5707600696623745,-1.3931123435581187,-4.140025601862709,-3.9445640293949733,-129.61704385272503
281.0,-0.3254208665980706,0.010923957743303035,-1.5707134387570374,-1.408350603492322,-4.156236663201567,-3.9622442361998673,-130.12307481214094
282.0,-0.33196081178765985,0.010855790916676987,-1.5707789010016815,-1.425766424008369,-4.174028592022708,-3.980639879830127,-130.62951601988016
283.0,-0.33561921313967785,0.010914904231115491,-1.5707234125151728,-1.444039092898354,-4.192467964606431,-3.999331349845187,-131.13714494439702
284.0,-0.33625064832169377,0.010901676564646726,-1.570733274139391,-1.4552883623446644,-4.211178872786942,-4.0181451118746745,-131.64676698643876
285.0,-0.3401769692767469,0.010827415038316135,-1.5708003144079543,-1.4623517718167753,-4.230002853907504,-4.037009440695197,-132.15732029247067
286.0,-0.3419230495911363,0.010863483211286598,-1.5707642764506207,-1.4653740338183683,-4.248868920240312,-4.05359026432034,-132.66915585486637
287.0,-0.34429542724196055,0.010899387482528305,-1.5707404581664561,-1.477719429223694,-4.261816733650649,-4.07149210971915,-133.1819257973479
288.0,-0.34845501584903055,0.010884418104345253,-1.5707566503332526,-1.493929585274907,-4.278156147095669,-4.089978334951407,-133.69553092918326
289.0,-0.3489114876845401,0.010855605209154705,-1.5707726246242397,-1.4935619528434285,-4.294506767810952,-4.108707173698096,-134.2104816900109
290.0,-0.3477039916890317,0.010879288754500992,-1.570753215959618,-1.4932551414956037,-4.312328493973271,-4.1275364455379036,-134.7274339523658
291.0,-0.3495633172433131,0.01086713351375672,-1.5707699755255202,-1.5001886648797416,-4.330784387581077,-4.146407182831521,-135.24581935103336
292.0,-0.3566064584078092,0.01083515036950958,-1.5708014132988288,-1.5140894598194503,-4.349501567123221,-4.163166261728654,-135.764291546952
293.0,-0.3597019342635126,0.01089152852994388,-1.5707472958788533,-1.5259362344346756,-4.368322976186216,-4.1799660600446815,-136.28380476616374
294.0,-0.35945838837444555,0.010931337908098134,-1.570715711748268,-1.541842970190404,-4.386599531651659,-4.187774651589248,-136.8055268010364
295.0,-0.35650641209104617,0.01093524264369234,-1.570714453846254,-1.5595190238733867,-4.399583813825839,-4.202064040690622,-137.32991411634552
296.0,-0.35297447223124073,0.010901172808601678,-1.5707473045920015,-1.5779267204069807,-4.40427882624709,-4.203400397282971,-137.85647299918725
297.0,-0.3498463490460929,0.01061086350699394,-1.5707677949128205,-1.596628728684854,-4.417318921796215,-4.215131966513056,-138.38585413910664
298.0,-0.35336182954573336,0.010534668420714592,-1.5708903607445868,-1.6154732418376958,-4.43380164517186,-4.231071073279331,-138.9163490973719
299.0,-0.3591254184888018,0.010607558149014385,-1.570888105276471,-1.634337171162158,-4.4457379483864194,-4.248747105326514,-139.4466599197157
300.0,-0.36401816548125565,0.010658562504790468,-1.570885504711429,-1.6452370742194085,-4.459696678845203,-4.267141096673308,-139.97694869365947
301.0,-0.36502092080253185,0.010777992611468381,-1.5708067734235291,-1.660743997880996,-4.472337699571952,-4.2858318880523525,-140.50832160580376
302.0,-0.36739494509178755,0.010765906644033067,-1.570839859925756,-1.678268304715343,-4.480352936635339,-4.304645346464224,-141.0401899287741
303.0,-0.3672944834598195,0.01080872750771476,-1.5708130906802096,-1.6965963223870562,-4.4858228233952,-4.318580471623636,-141.57297275301008
304.0,-0.3614569488993845,0.010854813944260733,-1.5707813886881834,-1.7110946655555628,-4.499134771206604,-4.335343742633257,-142.1089175221775
305.0,-0.35966410604651233,0.01077232373886698,-1.5708648953345041,-1.7281286637629334,-4.515730357470873,-4.349958046625371,-142.64736853197758
306.0,-0.3606349517382712,0.010733185189208993,-1.5709028474574396,-1.7441495526972448,-4.533677672707229,-4.3670281493587115,-143.187464380894
307.0,-0.35986432936872925,0.010742208998380855,-1.5708975660963906,-1.7529697075144097,-4.54647240156756,-4.385170077798611,-143.7290501311593
308.0,-0.36307275194370003,0.010699165525181064,-1.5709379000977668,-1.7634912147713733,-4.560048587123772,-4.403756642694514,-144.27110356974092
309.0,-0.37107667189754034,0.010681971785421001,-1.570951114447934,-1.7788612629074294,-4.57670168402501,-4.422527015439918,-144.81245336084666
310.0,-0.37523706360611986,0.010769646359994455,-1.5708718508562642,-1.795829489339317,-4.594670632827428,-4.4413733479166675,-145.35418585204565
311.0,-0.37849250265049256,0.010768081984249655,-1.5708776149564159,-1.8137021151153814,-4.613187624683288,-4.4562828237448215,-145.8967448010808
312.0,-0.3859474713024048,0.010682748844822188,-1.570958508755062,-1.825912418835949,-4.627669648815803,-4.473465323877619,-146.43853357335786
313.0,-0.3946424616828841,0.01070686753823368,-1.5709318697652976,-1.8419300782493844,-4.63342285081177,-4.491653449421811,-146.97841537250537
314.0,-0.4042131611884263,0.010713738187344462,-1.570926157304002,-1.859649234572605,-4.646888442240203,-4.510259067007638,-147.51671037925053
315.0,-0.4064635819341629,0.010816932460316573,-1.5708339296339824,-1.8780510002509032,-4.649212105281592,-4.529037293044476,-148.05464160500748
316.0,-0.4052409464723989,0.010814727505071538,-1.5708410848903718,-1.8967646854189544,-4.661324831275556,-4.54619883069317,-148.5940892737676
317.0,-0.4093480065581379,0.010700081164091949,-1.5709477996703212,-1.9156113549871379,-4.668315602432295,-4.564351304293836,-149.13328055960332
318.0,-0.4087113148750751,0.010768213031993165,-1.5708844758225269,-1.9344684234400467,-4.682249567355726,-4.575281507635574,-149.67379609617575
319.0,-0.40447570298140234,0.010752728951048698,-1.5709087888831212,-1.9429543123341941,-4.6980176115282735,-4.585860003060644,-150.2168382874276
320.0,-0.39711331091833874,0.010762495956162021,-1.5708980613788641,-1.9482978924891579,-4.715126529142044,-4.601233220259146,-150.76340099241176
321.0,-0.3925717277381912,0.01070762834584577,-1.5709432624290918,-1.9577515010737299,-4.732766521183995,-4.615086186385868,-151.31284896603424
322.0,-0.3888854747571336,0.010682939473031285,-1.5709664230484888,-1.962792554478535,-4.7441216898235545,-4.631838364776524,-151.8643617626934
323.0,-0.3842388923959947,0.010718749884948536,-1.5709260272012138,-1.9759412318430092,-4.754624824700581,-4.6492313718127924,-152.41817062338964
324.0,-0.3855463612316905,0.010632066539064861,-1.5710070474966946,-1.9924952864301584,-4.766649018546361,-4.667497796281942,-152.97275265135804
325.0,-0.3886040959914432,0.010634093565248144,-1.57100557436124,-2.0104220668634656,-4.782649174208946,-4.686135518854354,-153.52767742935143
326.0,-0.39651496473494374,0.010584156192739022,-1.5710545482967777,-2.0280711111633787,-4.796290526269819,-4.704927066586547,-154.08135139737377
327.0,-0.40266382755592367,0.010642360790426058,-1.5710029203552716,-2.04490048264645,-4.812946079229555,-4.72378213761135,-154.63428370839964
328.0,-0.40710899562705805,0.010644726459861973,-1.5710125637250647,-2.050059866052155,-4.825879739232822,-4.738505005251291,-155.18672964400878
329.0,-0.4126013038651652,0.010646781019601016,-1.5710008081601037,-2.0595976409285663,-4.83080357880451,-4.746829557944354,-155.73788403316738
330.0,-0.4171695415061041,0.010650461973973228,-1.5710017651041208,-2.060789377626709,-4.843932082856322,-4.760645401161804,-156.28844847862328
331.0,-0.42365250140061156,0.010648521920999169,-1.5709898999124665,-2.0708284504636274,-4.860449675714635,-4.7687143661034215,-156.83813798730205
332.0,-0.4227189902196767,0.010759296040950099,-1.570887067275696,-2.0843882218358862,-4.878363267762164,-4.783085612665426,-157.3891191368597
333.0,-0.4208709728695829,0.008821668814367502,-1.5699862101842077,-2.1010757806711347,-4.896857761008577,-4.799143415087982,-157.94229552736343
334.0,-0.421071751957326,0.009076038830239868,-1.5704442402282655,-2.114860130856595,-4.915368603672816,-4.810478123892641,-158.49671796796943
335.0,-0.4267887275930712,0.009552799505445405,-1.5706816574609683,-2.1315734228234366,-4.9341043381457546,-4.817212489719958,-159.05051276652478
336.0,-0.43026673370378155,0.009959480545817172,-1.5707666812832541,-2.1430053279061365,-4.952934057890892,-4.821802344392543,-159.60417930454906
337.0,-0.43615086653517515,0.010168586387319727,-1.5708661411811935,-2.158732930858035,-4.971806067107005,-4.834760247067643,-160.15709876565865
338.0,-0.4462620007851795,0.010285217055420397,-1.570952756738438,-2.176332390567352,-4.990002938949179,-4.851203127378098,-160.70788145980524
339.0,-0.4506339374723557,0.010487274638984016,-1.5708981926816226,-2.194682602879399,-5.008446053586584,-4.86900780289866,-161.2580739815915
340.0,-0.44807172494094155,0.010607128713569808,-1.5708846472544782,-2.2086180201892125,-5.025735014593586,-4.887453609916495,-161.8098660054888
341.0,-0.45019705224390844,0.01054174772220784,-1.5709969447246603,-2.225404154494169,-5.0437679664637605,-4.904318603818374,-162.36206352294715
342.0,-0.4522548479339032,0.010573611086533355,-1.5710019014271785,-2.2434256466081597,-5.058676847890619,-4.916477622075371,-162.91431059328517
343.0,-0.4542926139393754,0.010581926065181903,-1.571021046675411,-2.2619698821147876,-5.075865262009868,-4.9324897837826756,-163.4667187886543
344.0,-0.45512756379176933,0.0099940539208465,-1.5709943891055422,-2.28072325525202,-5.0940571475374945,-4.950193206187191,-164.01983622427983
345.0,-0.4575197075971166,0.01005284211171725,-1.571080010599839,-2.2989547299379036,-5.112664618571301,-4.968598475009934,-164.57305495232163
346.0,-0.4630180063066224,0.010202196551430358,-1.5711065505804767,-2.3175690905622157,-5.130801157253753,-4.987293911067017,-165.1252459025236
347.0,-0.4688526078028548,0.01026908398866142,-1.5693180337819561,-2.3363572420381633,-5.138614085219251,-5.006109283582208,-165.67529616278364
348.0,-0.4701988960846097,0.010535834963307454,-1.569764818476483,-2.355187886808027,-5.1464230070716965,-5.0221659206619895,-166.22502923093754
349.0,-0.4691341295518687,0.010567563323049445,-1.570187731149266,-2.374082741196932,-5.1572374564691685,-5.039842501908001,-166.77552196913368
350.0,-0.47002589679539986,0.010534040450959084,-1.5705188689010305,-2.392989412042445,-5.172738593699899,-5.058235455558209,-167.32639045784998
351.0,-0.4726211520221753,0.010517280944189364,-1.5707478347850694,-2.4027943260177342,-5.190233800401363,-5.068780130014011,-167.87718168186112
352.0,-0.47361531767133636,0.010557721376920787,-1.5708274785964988,-2.417876438305247,-5.208553163749207,-5.084154096845366,-168.42827697553585
353.0,-0.4749860256011887,0.010547212826743913,-1.5709376519506217,-2.426186507185449,-5.222378523329155,-5.0959178076290685,-168.97948152558192
354.0,-0.47675323797768565,0.010549808661432873,-1.5709779851710817,-2.4406629391413377,-5.235203075678588,-5.111770572548913,-169.53049794923544
355.0,-0.47888704539771165,0.010548268898872639,-1.571017728259192,-2.457527519438737,-5.249008781417635,-5.114191253326207,-170.08119196915428
356.0,-0.4783181716018957,0.010584712916063364,-1.5710134160418168,-2.4755844308528743,-5.265759564922455,-5.125123732714563,-170.63248961725685
357.0,-0.4780893325195657,0.010562929313778795,-1.5710574003406819,-2.4926952169796612,-5.2775229032433,-5.1394845466701105,-171.18416874644092
358.0,-0.47751263722150283,0.010561151534773484,-1.571079749481329,-2.505907697709048,-5.291966276468794,-5.156486549460458,-171.73645665255214
359.0,-0.47902628483584553,0.010527757000150899,-1.571109552427623,-2.522373138002266,-5.309000642284349,-5.174601334778335,-172.28874233647448
360.0,-0.48020283708818245,0.010539636504918466,-1.571103443499913,-2.5398047268779753,-5.32712875009449,-5.193176672375542,-172.8410720974552
361.0,-0.4805185661974613,0.01054953203088404,-1.5711109739556388,-2.5516416871462395,-5.345709448640491,-5.211942400385389,-173.3938332742099
362.0,-0.4799619857178921,0.010555020314235239,-1.5711040996010162,-2.5632788266998943,-5.364477490218113,-5.230786809162492,-173.9473289956141
363.0,-0.47941383204122745,0.010545981614036215,-1.5711052211481304,-2.577932039860838,-5.383322577636632,-5.248396839955157,-174.50152280944783
364.0,-0.4793857513372914,0.010535999803878836,-1.57113089007583,-2.5845131577103455,-5.402199092432574,-5.266741915586543,-175.05635910643878
365.0,-0.4836471228261561,0.010481034869594757,-1.5711674416719632,-2.5943921298422694,-5.421090017387204,-5.285411849421504,-175.61033359059007
366.0,-0.48947529538618745,0.010485619291901062,-1.5711503154432556,-2.609499338432233,-5.439984991930854,-5.296555256239201,-176.16267146215574
367.0,-0.49560666390376823,0.010500769925696363,-1.5711371935025138,-2.6268402074559805,-5.457853794968039,-5.299185742464184,-176.71313638859786
368.0,-0.5011806307692209,0.010519759111632745,-1.57112409602797,-2.6451002056908366,-5.4746894829259976,-5.306240444837962,-177.26182710859885
369.0,-0.5062004761504053,0.01052988543504801,-1.5711196978147304,-2.6637392755169387,-5.492708057373421,-5.317151545542194,-177.80895068446154
370.0,-0.5110900189030992,0.010531516382204408,-1.5711262920075988,-2.6803723298385105,-5.511243293650133,-5.328731092437045,-178.35459223168004
371.0,-0.5152271747866942,0.010537558684323434,-1.5711174066870564,-2.698297142352983,-5.524811621272584,-5.342962162864421,-178.8988044882391
372.0,-0.5145135622648843,0.010590825895991638,-1.5710708984298187,-2.7167953041677277,-5.541418608447445,-5.357732736351227,-179.44331348119988
373.0,-0.5131824854967696,0.010564896992683486,-1.571098024737004,-2.7355358323827828,-5.559370982804568,-5.367565861858044,-179.9885217804671
374.0,-0.5127955767496886,0.01053819421885106,-1.5711331577882017,-2.749934722252287,-5.577879304299359,-5.382636387219608,-180.5341964090732
375.0,-0.5164352554317656,0.010479428801525513,-1.5711799822151804,-2.7651753989063415,-5.596617806076826,-5.399951089891441,-181.07890005168144
376.0,-0.5187198967442923,0.010516994070647632,-1.5711508616479406,-2.7754845262091825,-5.600317771026367,-5.416139693953102,-181.62260579845386
377.0,-0.5215653860364452,0.010501274391841018,-1.5711510410938587,-2.7907552493024084,-5.6130038002126,-5.433883641603089,-182.16532915391087
378.0,-0.5224310079822213,0.010530406529602155,-1.571126920147367,-2.8058331455476258,-5.627608753877099,-5.44470007362982,-182.70778289526308
379.0,-0.5253938757623702,0.0105032944143343,-1.5711714609471676,-2.811489060629715,-5.641117464591364,-5.45678954345585,-183.2494701504498
380.0,-0.5277585851113407,0.010507017850647195,-1.5711404701398146,-2.824916682329194,-5.656595924988921,-5.4728138956275805,-183.79040428747595
381.0,-0.5268294071075164,0.010469758403669935,-1.568999792261301,-2.841570227930316,-5.674061063644732,-5.490523540147607,-184.3312772103723
382.0,-0.5246289839494563,0.010610818447240383,-1.5696299516779333,-2.8459010590266076,-5.686024076246392,-5.508931394526074,-184.87329037770394
383.0,-0.5172682024403664,0.010623628385656825,-1.5700742015703546,-2.8554483167384803,-5.700890192864088,-5.521948281716523,-185.41831975183624
384.0,-0.5115894243966191,0.010547143302477354,-1.570462603009217,-2.865583367144762,-5.718105259071168,-5.536378494299304,-185.96596093466374
385.0,-0.5039259307368537,0.010550921963617378,-1.570663673177353,-2.8792579177233115,-5.736308277023168,-5.553394881424331,-186.51676814376344
386.0,-0.4981319495734108,0.010500469969224947,-1.5708518506090121,-2.8959804027459266,-5.754920278499784,-5.571515295787703,-187.07009727705372
387.0,-0.49142714238247076,0.010513360664652232,-1.570942290309742,-2.9125231166107373,-5.77116797845652,-5.590092942944509,-187.6261294098553
388.0,-0.49231913076891953,0.010410142009436687,-1.5711031639434725,-2.9304278924913,-5.788929374932309,-5.602819837414796,-188.18218879309927
389.0,-0.49947233887858644,0.010376800527845217,-1.5711768458492854,-2.9489171172871296,-5.807357781186836,-5.6190646370420545,-188.73573857370954
390.0,-0.5084359204092725,0.010409006625553127,-1.5711760362781215,-2.967647177718493,-5.817878496780291,-5.63650486769017,-189.2857127976744
391.0,-0.5123945225926232,0.01050652039372386,-1.571109581208543,-2.986222864739282,-5.821817351105703,-5.65142249751303,-189.83369131928433
392.0,-0.5143605414690245,0.010526220315715143,-1.5711136385898714,-3.0032003014880484,-5.829877338501469,-5.66747291514179,-190.38070423159928
393.0,-0.5201635375500797,0.010477560437195558,-1.5711746466018688,-3.0168034617366146,-5.8442208115762915,-5.685173750384814,-190.92564292447184
394.0,-0.5255664343922894,0.010508174863962778,-1.571158799438066,-3.0240851959784925,-5.858875934519598,-5.703577361966112,-191.46865748990444
395.0,-0.5279546220899523,0.010534663885791242,-1.5711207075201556,-3.0346266987278567,-5.875982157153991,-5.72227202833321,-192.01086905263736
396.0,-0.5251535097273705,0.01058348347014068,-1.5710805087646642,-3.0432038938660035,-5.89414027139228,-5.737857162891736,-192.55432911575792
397.0,-0.5213508752365199,0.010495853366914587,-1.569320158916075,-3.051312350994074,-5.895074707681195,-5.75332353742786,-193.09877221187904
398.0,-0.5227605849668031,0.010504403209096628,-1.5699137194308186,-3.065670243107612,-5.903777615126043,-5.762795232332157,-193.64279185609558
399.0,-0.5224945915996317,0.01051900174042291,-1.5703031901069522,-3.0827056715441983,-5.914316949146723,-5.777728601275059,-194.18684199274344
400.0,-0.5206108992295789,0.010522518695600233,-1.5705769878684552,-3.1008386056324335,-5.929692481550044,-5.790906797780128,-194.73166165562495
401.0,-0.5227678562998604,0.010476461316444304,-1.570823251443569,-3.1116770165307575,-5.947136934319278,-5.807371645364733,-195.27599817996094
402.0,-0.52330773896987,0.010496911617536372,-1.570907704315288,-3.1271687977045555,-5.965435428473442,-5.818536176057747,-195.82021015296198
403.0,-0.5260538522805871,0.010482894522203037,-1.5710222449435365,-3.13395196548537,-5.976097422581529,-5.8341405306502425,-196.36353988489338
404.0,-0.5230740352404126,0.01054424852845992,-1.5709960275263053,-3.147830859270713,-5.990996350486988,-5.851675343672513,-196.90796175990783
405.0,-0.5207034231533418,0.010510206855647278,-1.5710673532029293,-3.162503002568905,-6.008234776773699,-5.8700109721916665,-197.4534974197469
406.0,-0.5216475963964621,0.010466251697089698,-1.5711321939471508,-3.177854423813648,-6.0264486050468244,-5.888677626959149,-197.99886983152862
407.0,-0.5169304214404488,0.010543809979168544,-1.5710735911325207,-3.1952606406793325,-6.04079656348418,-5.906989863088768,-198.54593227522676
408.0,-0.5072841036057194,0.01057974261428872,-1.571057082300219,-3.2135458691295713,-6.057742578915992,-5.920123383817598,-199.096777521492
409.0,-0.49887953684705855,0.010546579107511592,-1.5711133186634207,-3.22645272015371,-6.07583581177805,-5.936545030758488,-199.6512302149101
410.0,-0.49717853566639136,0.010455265714398912,-1.5711997541280063,-3.2378467435058673,-6.09440387899603,-5.954417863288138,-200.20676911948212
411.0,-0.49761472873718327,0.01044304381316004,-1.5711970109211948,-3.253391042048146,-6.113165838803615,-5.972893130052265,-200.76228577492842
412.0,-0.5032130271977726,0.010404897363285592,-1.57123418746481,-3.268585163236728,-6.12255882525779,-5.991617547036723,-201.31558814145865
413.0,-0.5068764988778669,0.010471997811020673,-1.5711754581033979,-3.2842295143387563,-6.136991716729116,-6.010444885535333,-201.8673202837761
414.0,-0.5082612856055975,0.010503563085773477,-1.5711454853078695,-3.301754562785663,-6.15221322523741,-6.029314823414755,-202.41841541941525
415.0,-0.5084956755835659,0.010529497409485835,-1.5711381813572742,-3.3144960658992857,-6.169562372154423,-6.040884287978375,-202.96951102181893
416.0,-0.5094928514304616,0.01049751044808841,-1.5708405075257528,-3.3284055829489456,-6.185380251845324,-6.056663799841379,-203.52023718162462
417.0,-0.513949469746898,0.010469491891388261,-1.5709645388058537,-3.3452033017543097,-6.202965158586306,-6.074271397600907,-204.06931042388874
418.0,-0.5178701234248787,0.01049284683388845,-1.5710123601848738,-3.3632401021130844,-6.221320577132335,-6.092637060724949,-204.61680462057328
419.0,-0.5176792873554765,0.01055260053142235,-1.5710136883525385,-3.3792427352704153,-6.239995149573324,-6.111316114020769,-205.16433682019886
420.0,-0.5189826011454074,0.010512310795289982,-1.5710789955764133,-3.3964830138625186,-6.258803461111521,-6.13012472376402,-205.71146043718375
421.0,-0.5238060261022958,0.01047288583191546,-1.5711326509028178,-3.4145831968778833,-6.273182434910814,-6.1489869102941785,-206.25665953772904
422.0,-0.5260128581899954,0.01052124040529574,-1.5711013178019486,-3.4331555274479872,-6.27904955044567,-6.167825329768918,-206.80060346833758
423.0,-0.5223917665186706,0.010583923629500513,-1.571056800551288,-3.451921540731474,-6.281458326541886,-6.183446554357734,-207.34549836582877
424.0,-0.5173597659143649,0.010592557623246346,-1.5710760378122037,-3.4634625151070564,-6.282448247286827,-6.200935448935834,-207.89217664723049
425.0,-0.5151152791547062,0.010526339821061924,-1.5711275148181654,-3.4773495932756613,-6.282856108408671,-6.219250502156421,-208.43955358023794
426.0,-0.5180909568847697,0.010479815938918008,-1.571178036259822,-3.4876868179160057,-6.283023761290358,-6.237908616660675,-208.98561341716075
427.0,-0.514978434849998,0.010585847993133274,-1.5710884888527505,-3.492497802782274,-6.283090202706788,-6.25568377363621,-209.53261169162857
428.0,-0.5111946482257455,0.010565273309366652,-1.5711048214654382,-3.495172061296843,-6.283097129699149,-6.270682659912441,-210.08110051237898
429.0,-0.5130065830138558,0.010506949253700118,-1.5711686307710493,-3.488633874961649,-6.283123725333944,-6.2780700297528345,-210.62916193927262
430.0,-0.515435283464374,0.010480747390817698,-1.5711537308894798,-3.4915318276970737,-6.2831344749042675,-6.281083303903169,-211.17617302394453
431.0,-0.5186083555541277,0.010496431244299364,-1.571149778125172,-3.4893777634317997,-6.283137580645286,-6.282321966805143,-211.72195416472007
432.0,-0.519627839544708,0.010515706384316528,-1.571117957391015,-3.4913227090344305,-6.283139169866627,-6.282830680046719,-212.26721123096777
433.0,-0.5154233495434943,0.01058764076338551,-1.5710678011115784,-3.486687227515746,-6.283138404051121,-6.28303979860915,-212.81413801881965
434.0,-0.5137351743335934,0.010510534752985417,-1.5711234083002277,-3.486325331136004,-6.283140970339777,-6.2831255666084855,-213.36187304268495
435.0,-0.5076935241578981,0.010553414468567146,-1.5710753478649484,-3.4897735278224937,-6.282623294366541,-6.278761705625954,-213.9118398974872
436.0,-0.49953522687486623,0.01055626231945344,-1.5710779874298528,-3.4938623025003137,-6.282936254391398,-6.281445551214154,-214.46500635690685
437.0,-0.49121707077789317,0.010560577661711522,-1.5710937419226993,-3.490658712752629,-6.28305615044693,-6.282468687269639,-215.02163842987167
438.0,-0.4848838284982371,0.010491032217478003,-1.5711294876557118,-3.4976596704009144,-6.283107281351112,-6.282890986638751,-215.58077155323923
439.0,-0.47908551152386486,0.010515115344717616,-1.5711306399189422,-3.497527499631516,-6.283126328298562,-6.283064591275835,-216.1422677817737
440.0,-0.4795919890957386,0.010460134459026176,-1.5711941692967224,-3.4900143413377975,-6.283135873704265,-6.283135847901057,-216.7039015553651
441.0,-0.4828892894706729,0.010417811206987277,-1.571192880978571,-3.494850206548021,-6.2831400528258,-6.283164979258707,-217.26414479864616
442.0,-0.48080238403556885,0.010539001870726839,-1.5711084318222592,-3.4909540126712666,-6.283138265591624,-6.283177158023429,-217.82513907058208
443.0,-0.48356766401652007,0.01046496561093735,-1.5711022572230209,-3.485729378666877,-6.283140955179541,-6.2831820561660985,-218.38527807149498
444.0,-0.4860213051438682,0.007691625515389282,-1.571005358098357,-3.4889207045503006,-6.283139262614543,-6.283183924999173,-218.94489105055897
445.0,-0.48773290343414594,0.007068673508434488,-1.5711338328371511,-3.486773253984147,-6.283141461534004,-6.283184966722514,-219.50404954317383
446.0,-0.4920044982973815,0.008037644015424353,-1.5711995286150386,-3.481157462269639,-6.283142078795527,-6.283185310912584,-220.0614711455751
447.0,-0.4987573793616234,0.008858639416943282,-1.571183649689012,-3.482613062393496,-6.283141768078676,-6.283185310633845,-220.6159709087441
448.0,-0.5021654179764649,0.009491561138196563,-1.571115097142826,-3.479776790500011,-6.283139381667591,-6.283185461608589,-221.1688931906846
449.0,-0.5098565945340648,0.009801733722090606,-1.5711592668181413,-3.4745712340121813,-6.283140621851471,-6.283185481299988,-221.71885839862395
450.0,-0.5209318576855461,0.009995518503509474,-1.5711661591278558,-3.4794936241155088,-6.283141481262263,-6.283185376458184,-222.26423515847074
451.0,-0.5233771925667032,0.01029268576384907,-1.571051457369731,-3.4808364859824468,-6.283138122949692,-6.283185491770536,-222.8082676921731
452.0,-0.5236850824056497,0.010395396263105174,-1.5710647613138429,-3.4767518745168573,-6.283138782579667,-6.283185537986327,-223.35222561585448
453.0,-0.526035841075944,0.010415099152833002,-1.571106645429338,-3.469855771047076,-6.283140116127296,-6.283185510118746,-223.8954457474331
454.0,-0.5226891059616698,0.010410751755440496,-1.5687497283962613,-3.4754508875996244,-6.28314023264065,-6.283185400077381,-224.4392536917664
455.0,-0.5179737241962141,0.010548667892657373,-1.5694518572990543,-3.483063548334703,-6.283139794509459,-6.283185409321158,-224.9848783661242
456.0,-0.5120983137525283,0.010526513963443649,-1.5700035512423303,-3.4967032077515134,-6.283139769936905,-6.283185514708823,-225.53268338218714
457.0,-0.5094505125122843,0.0101520109409822,-1.5704000944505172,-3.4951542516696015,-6.283139315982871,-6.283185645193616,-226.08184317787652
458.0,-0.5040048572048902,0.010206477260945424,-1.5706298018261915,-3.505684308566197,-6.283140484972709,-6.283185511901704,-226.63294772377404
459.0,-0.500942290879135,0.010302126262980127,-1.5708234546508393,-3.509027204765604,-6.2831404189203885,-6.283185585218068,-227.1853023260947
460.0,-0.5003874640396596,0.010384801930898982,-1.570942702887821,-3.4996710008595606,-6.283140473805413,-6.283185562871953,-227.73815458241538
461.0,-0.4995378360973706,0.010422768506824406,-1.5709977765357013,-3.4922202905764577,-6.283141004515936,-6.28318548263592,-228.29152202269552
462.0,-0.5045824683025618,0.010369615919928661,-1.5711018715880414,-3.4891839855741864,-6.283142617858425,-6.283185418244785,-228.84309014690942
463.0,-0.5141843239645141,0.010376778110335527,-1.5711411526381294,-3.4862639242525524,-6.283142022600904,-6.283185453431719,-229.39091523940314
464.0,-0.5214765082451767,0.010451140121723003,-1.5710998656682693,-3.4860258744018773,-6.283140533519885,-6.283185431711844,-229.9356869968732
465.0,-0.5224095303437225,0.0105358696322422,-1.571044124107205,-3.48810268567584,-6.283139251995995,-6.2831854368181315,-230.4798556515539
466.0,-0.5167287097680888,0.010609453244718776,-1.5710095197609315,-3.4846409448645916,-6.283138334551002,-6.283185524466025,-231.0262492160557
467.0,-0.5066646009268037,0.010623360796153059,-1.5710101610126348,-3.4784179736861827,-6.2831390806860075,-6.283185503201288,-231.57679350864794
468.0,-0.49811454404574057,0.0105406205449286,-1.5710731165810117,-3.4790098114256676,-6.2831413168228885,-6.283185397187547,-232.1308929893805
469.0,-0.4932522991089502,0.010495064362389868,-1.5711288293346488,-3.4767243280572284,-6.283141383162572,-6.2831854892825,-232.68712648150742
470.0,-0.4891829787613204,0.010484654546159116,-1.5711339321161835,-3.477505183491582,-6.283033019509901,-6.283185442206828,-233.2450103338281
471.0,-0.48777564811937335,0.009785908965512971,-1.571137148417596,-3.4729728793791916,-6.283097743318847,-6.2831855158972,-233.80378030126
472.0,-0.49120433572074274,0.009850021202054434,-1.5712133725013837,-3.4697480929578166,-6.283124734527132,-6.283185478974988,-234.36135284379807
473.0,-0.499793757212055,0.009721288676345719,-1.5712144473201979,-3.467196043098853,-6.283134474338278,-6.283185461753018,-234.91562362439112
474.0,-0.5040960745986085,0.01000869107497476,-1.5711414620857462,-3.459678908663967,-6.28313676110178,-6.283185495082666,-235.46811419778598
475.0,-0.5056940313326905,0.010172235018099354,-1.5711144553939784,-3.4645800558934257,-6.283139276178573,-6.283185366765979,-236.01976259263648
476.0,-0.5087914190191648,0.010258600106585277,-1.5711365386542644,-3.474451007946554,-6.2831399548833495,-6.283185447133533,-236.56995666252857
477.0,-0.5098511383224769,0.01037380559591432,-1.5711084219139082,-3.4853584291928428,-6.2831390750231675,-6.281471591471261,-237.11937568655253
478.0,-0.5142663888699848,0.01041001776866331,-1.5711487969798519,-3.486910717529621,-6.283139376158755,-6.282511677648615,-237.6670414765633
479.0,-0.5198607952156108,0.010427861188472583,-1.571145298142384,-3.4931140406559344,-6.283140269378653,-6.282907805598719,-238.21229649636155
480.0,-0.5216832454319823,0.010539221125004205,-1.5710930760245718,-3.4862953010305144,-6.283138480828602,-6.283071521645893,-238.7568307593393
481.0,-0.5172175413890678,0.010557720339346096,-1.57104652906945,-3.4925105958849643,-6.283139498563778,-6.283138565197779,-239.30289234838904
482.0,-0.5119525195567999,0.01054926875643778,-1.5710740813896555,-3.496948340564625,-6.283139848494733,-6.283166244512925,-239.8509972613396
483.0,-0.507844559190326,0.010506940275587053,-1.5711067552228823,-3.507361873808823,-6.283140703795981,-6.283177585716742,-240.40057341889022
484.0,-0.510801281838526,0.010419286312334828,-1.5711868079930846,-3.522714238197897,-6.283141831660828,-6.283182318707763,-240.94877147781784
485.0,-0.5100353318501497,0.010541038146926677,-1.5711122850960564,-3.527341117559392,-6.283138793365028,-6.283184308087383,-241.4969947619924
486.0,-0.5096201808323589,0.010529448382959338,-1.5711255400520383,-3.529881809003126,-6.283140117544376,-6.283185023498933,-242.04535166466331
487.0,-0.5038638536504075,0.01060256317152781,-1.5710651367930355,-3.5268112105504232,-6.283139031678008,-6.283185351984966,-242.59596882341376
488.0,-0.4943463792286509,0.010594701718514527,-1.5710538909579324,-3.5284911807988846,-6.283140336582428,-6.283185359307141,-243.15036556255075
489.0,-0.48751071491045983,0.010540760892452388,-1.5711095201614886,-3.526884072156042,-6.283141497235828,-6.2827124078928165,-243.70769264454532
490.0,-0.4884821460427087,0.010453672060108062,-1.5711908426312107,-3.5216889105051683,-6.283142943895138,-6.282999491640167,-244.26496155494627
491.0,-0.49180343456886927,0.010433848757147608,-1.57118240123696,-3.5247843004439865,-6.283142890379338,-6.283108744616745,-244.82083856875457
492.0,-0.49614273846629114,0.01044817340598784,-1.57116873582361,-3.5303520792494445,-6.283141862550758,-6.283153962158136,-245.37481988867833
493.0,-0.5029068369386474,0.010454367126397593,-1.5711715420869736,-3.53456516278725,-6.2831414157943835,-6.28317257210684,-245.92598384039917
494.0,-0.5080539284627754,0.010540069868437715,-1.5711255831232587,-3.525164310433398,-6.283139821187616,-6.283180228242883,-246.47519244606633
495.0,-0.5059136755427763,0.010592569518508718,-1.5710514920171672,-3.521149542520721,-6.283139673187273,-6.283183252520229,-247.02518423010605
496.0,-0.5004363467261567,0.01061533074593538,-1.5710489932710048,-3.508412903749414,-6.283140049101161,-6.283184539050038,-247.57765519372768
497.0,-0.490652937247804,0.010577395237001309,-1.5710361570020792,-3.5113313985558956,-6.28314136235993,-6.283184951525092,-248.1339746371155
498.0,-0.48294978430855945,0.010548874132795889,-1.5710922563578416,-3.5056500149012706,-6.283141268780287,-6.283185344709391,-248.69364937533987
499.0,-0.4785656065117526,0.010492680710018217,-1.5711363020657376,-3.5015988838780836,-6.283142228509919,-6.283185388451193,-249.25530371957626
500.0,-0.4758434615852464,0.010468923498560156,-1.571147994031272,-3.501942506359264,-6.283142212588124,-6.283185388019723,-249.81810280128792
501.0,-0.4753803256517161,0.010463847826776328,-1.5711622654490558,-3.500049570945995,-6.2831416350314875,-6.28318547407278,-250.38118718166348
502.0,-0.47558775196757963,0.010455926382690038,-1.571155461867266,-3.505136293249725,-6.283141740354933,-6.283185399498566,-250.94408360990784
503.0,-0.48107771950467854,0.010421541279749612,-1.571196948770137,-3.5091635599546347,-6.283141864038765,-6.282881925343053,-251.504784909573
504.0,-0.4834605653218741,0.01048310939507107,-1.571131526280092,-3.5190467232583416,-6.28314027091815,-6.283066116001389,-252.0641600261371
505.0,-0.4848273638106258,0.010517377951041644,-1.571121274297266,-3.5245066644644227,-6.283139754965029,-6.283136369235533,-252.622818328295
506.0,-0.4896637641447182,0.010502768256688808,-1.5711534211283151,-3.5213068097031908,-6.2831403866443924,-6.283165412812451,-253.1796656403241
507.0,-0.492285003326287,0.010519568033499469,-1.5711142021905504,-3.524659160844398,-6.283140660195567,-6.283177147276968,-253.73528746089966
508.0,-0.49535907421429437,0.010534967356798014,-1.5711211436138732,-3.5189441093070024,-6.283140279812133,-6.283182142947014,-254.28980402137017
509.0,-0.49712616096279877,0.010562697590850555,-1.5711035602380268,-3.5055535048805564,-6.283140437693021,-6.282157881878528,-254.84387307043104
510.0,-0.49982463404643357,0.01048358179245314,-1.5711250657914468,-3.5077867951482435,-6.283142395340312,-6.282781240741133,-255.396853458367
511.0,-0.4990039327572227,0.010519041165300102,-1.5710874303250313,-3.5161474817325296,-6.2831407547190805,-6.283018911494726,-255.94986506678734
512.0,-0.49964724225641716,0.010499404841381808,-1.5711201945220816,-3.524341252607099,-6.283140916285206,-6.283117094746811,-256.50247086551747
513.0,-0.4987856075358875,0.010542325434416194,-1.5711005229724357,-3.527030608889557,-6.283139792488951,-6.283157470526793,-257.0552984915003
514.0,-0.5005910218798073,0.01038407800407304,-1.5711326696185492,-3.5264000392804435,-6.283140826886045,-6.283174010011462,-257.6075129344358
515.0,-0.504607978835405,0.010389040398494136,-1.5711511904017275,-3.5242711184348665,-6.283141388656045,-6.2831807822445205,-258.158187441129
516.0,-0.5088072477083598,0.0104300072602453,-1.5711377443252448,-3.52341384337238,-6.283141228387824,-6.28318352905238,-258.7071561142868
517.0,-0.5113151828338955,0.010486734756235025,-1.571111734820056,-3.51956083882738,-6.283140440080021,-6.283184706994896,-259.2551358613439
518.0,-0.5111803355845426,0.0105434885169345,-1.5710874015134995,-3.5080491780334278,-6.283140166694318,-6.283185135530996,-259.80337273728367
519.0,-0.5118696936983492,0.010490255399999452,-1.5711138717823283,-3.505071105899131,-6.283141907990198,-6.2831852378684845,-260.3514574696507
520.0,-0.509887246176513,0.010531316478801804,-1.5710873975309911,-3.500266954982176,-6.282425646129193,-6.283185399483779,-260.9003647871282
521.0,-0.5056906903239832,0.010565669228382516,-1.5710798808386772,-3.487257381586294,-6.282858461702032,-6.2831854016624575,-261.45124172804964
522.0,-0.5017447223061791,0.010509320628785393,-1.5711039778260973,-3.4828882727727293,-6.2830259789021365,-6.283185347835912,-262.0038718260065
523.0,-0.49589718533423716,0.010512496813017259,-1.57109313895644,-3.48456519028136,-6.283093754922436,-6.283185360270623,-262.55880081047076
524.0,-0.4923897383335233,0.010494353893932178,-1.5711325593878949,-3.480839214104404,-6.2831214759107405,-6.283185501067829,-263.1153164641469
525.0,-0.4930684568974692,0.010427352515267801,-1.5711736382702415,-3.4865848066119716,-6.283134242376146,-6.283185398739188,-263.6715478201824
526.0,-0.4959272266909541,0.010435285449296281,-1.571174510581964,-3.493673271579759,-6.283137974578351,-6.2831854611511195,-264.226486818603
527.0,-0.4923946992495337,0.010543607952290163,-1.5710880178438937,-3.4995718214912985,-6.283137606953122,-6.283185507796107,-264.7825217251862
528.0,-0.4947936826244475,0.01045922826995666,-1.5711723451129451,-3.505008248687397,-6.283140633504202,-6.28318552158878,-265.3376519759204
529.0,-0.49552775951514816,0.01048835910757475,-1.5711301750632674,-3.5175330844570416,-6.283139956394002,-6.283185528151159,-265.89210529954806
530.0,-0.49680220208165066,0.010517778021159753,-1.5711342581756624,-3.5210264726548743,-6.2831395550599085,-6.277937246404861,-266.44595959199387
531.0,-0.49388721954470305,0.009606226617584143,-1.571052530794669,-3.520917044986339,-6.283138359641642,-6.281121805941192,-267.0010725966291
532.0,-0.4883578224222331,0.009767690880354986,-1.571101219476421,-3.5193225813141775,-6.283140607754111,-6.282335226663126,-267.558426834186
533.0,-0.48017315806984034,0.010050429199828573,-1.5710811308044035,-3.519239743216973,-6.283140586881451,-6.282836224870487,-268.1190012730376
534.0,-0.4742589527205467,0.010172515530816327,-1.5711226723397873,-3.523048595600941,-6.283141857402436,-6.283041962647733,-268.6819486815675
535.0,-0.4675199464741784,0.010328197548822849,-1.5711071566599317,-3.5184393690081643,-6.283140499064855,-6.283126611468941,-269.2476861264572
536.0,-0.4661060184353752,0.010307379569460824,-1.5711725776588925,-3.5214276260327844,-6.28314295080247,-6.283161200421215,-269.81408868682246
537.0,-0.467380391822338,0.010392019898110061,-1.5711715176654601,-3.5114904095059916,-6.283141496424676,-6.283175558809998,-270.3802189250226
538.0,-0.47337735334588227,0.010393891880615236,-1.571197436823538,-3.496276511491487,-6.283142423255832,-6.2831813396897385,-270.9443617632792
539.0,-0.48127111110444154,0.010373164885015823,-1.5711837434879048,-3.496884103086399,-6.283143100267047,-6.283183613357901,-271.50531646766467
540.0,-0.4900754663888104,0.010413796957977109,-1.571164280322625,-3.498919042622877,-6.283141505554126,-6.283184721441162,-272.062637263439
541.0,-0.49922290176943745,0.010448918554009895,-1.5711454496029293,-3.5021352000854336,-6.283140711941196,-6.283185167735686,-272.61614550881285
542.0,-0.5050357763402233,0.009955271160024358,-1.5710773460659202,-3.4992660154671773,-6.283138710604587,-6.283185415765574,-273.16735642224614
543.0,-0.5070310317538598,0.010061472749840959,-1.5710850689703677,-3.5036764274678527,-6.2831403158574295,-6.283185375077575,-273.71756317979435
544.0,-0.5090507503784011,0.010227826794730941,-1.5710993146597627,-3.50317418735999,-6.2831399482691594,-6.28318551223026,-274.26693028243886
545.0,-0.5138724635234377,0.010308971469375884,-1.5711313925240327,-3.4978889977145533,-6.283140562155477,-6.283185534871459,-274.81451117325855
546.0,-0.5127205464621296,0.010460413304187522,-1.5710597915428726,-3.488601569799486,-6.283139283440455,-6.2831854764264685,-275.3625755815464
547.0,-0.5085377706317145,0.010474290952077123,-1.5710616684421272,-3.488637291511792,-6.283140715138693,-6.283185360301822,-275.91229741450815
548.0,-0.5050457630364847,0.010447348848339508,-1.571097269877358,-3.4984743788778325,-6.283141276481971,-6.283185417853046,-276.4632540311167
549.0,-0.4991423067870207,0.010548269029953141,-1.5710765601332717,-3.4914113708339953,-6.283139213836092,-6.283185547378892,-277.016678103393
550.0,-0.48903816197893696,0.010595605998719376,-1.571050910693983,-3.4776091678651446,-6.283139660305904,-6.283185460020775,-277.57442419829067
551.0,-0.48467196735476376,0.010434002186536591,-1.5711487482502218,-3.4830149665247156,-6.283143201026494,-6.278677031739806,-278.13405414095024
552.0,-0.4820355264042691,0.010461827234580529,-1.5711509019343657,-3.483640490568307,-6.283141218756945,-6.281412739175829,-278.69475294639295
553.0,-0.48259578999302943,0.010412786164827364,-1.571178442431097,-3.495030118082452,-6.28314181683406,-6.28245505137668,-279.2550624120044
554.0,-0.4856668239792454,0.010423020663513019,-1.57118222322495,-3.5082133722293003,-6.283140899963203,-6.28288552518041,-279.8138575911633
555.0,-0.49345948529188643,0.010415715731406231,-1.5712039301779015,-3.52036857185558,-6.283140888573585,-6.283062321982388,-280.36928828044574
556.0,-0.5003086864457367,0.010497014749506577,-1.5711521602522822,-3.5250959003042963,-6.283139221134547,-6.283134992300455,-280.9217285676442
557.0,-0.502307294282564,0.010570953444433975,-1.5710897840488607,-3.5260173383929847,-6.283138616165702,-6.283164782052457,-281.47318356273746
558.0,-0.5026739873611116,0.010568891977583686,-1.5710891035092531,-3.5251595790661967,-6.2831396820061025,-6.283176993483293,-282.0244858717751
559.0,-0.5037183628947726,0.01056931929293096,-1.571105412813775,-3.5137276748547173,-6.283140378655258,-6.283181993743487,-282.5756584349431
560.0,-0.5021413035089232,0.01054616724537475,-1.5710857296127017,-3.512638660361438,-6.283141294701931,-6.283183930033395,-283.1274469658237
561.0,-0.5038908390602284,0.010478807442505386,-1.571138389610055,-3.516176802187586,-6.283142240973153,-6.283184810905571,-283.67855600951617
562.0,-0.5028638637971671,0.010546323634291187,-1.5710966076086237,-3.5127996653677918,-6.283140012084063,-6.283185291959182,-284.2300557148512
563.0,-0.5074929692218314,0.010487919826215553,-1.5711658866918872,-3.5010305647023063,-6.283141807547062,-6.283185378216774,-284.7801237492719
564.0,-0.5118168154332265,0.010468168204502077,-1.5711400305970633,-3.502535040706369,-6.283142164513808,-6.283185291436891,-285.3283764546599
565.0,-0.511782637455804,0.01053858515088059,-1.571089127711544,-3.501398273237158,-6.2831399925803435,-6.283185449922788,-285.8765396220475
566.0,-0.5095758081172828,0.010560562358096248,-1.5710836049423027,-3.4950436466252337,-6.283139858343561,-6.283185500196017,-286.42570675818854
567.0,-0.5066409740065783,0.010535349482337149,-1.571094136091005,-3.492386328286822,-6.283140863572183,-6.283185426437008,-286.97613284432634
568.0,-0.5002392496487095,0.010553511464301767,-1.5710705748605138,-3.49358312514592,-6.283140473407444,-6.283185413381256,-287.52905107510594
569.0,-0.49546860708284013,0.010510237641560699,-1.5711132619927466,-3.4963460963772692,-6.283141195632748,-6.283185448546794,-288.08392045268954
570.0,-0.49715251609713035,0.010422221377306867,-1.5711843457547503,-3.5054167970816437,-6.283142393533011,-6.283185461468552,-288.638076337074
571.0,-0.5000955656001136,0.010494814200412537,-1.5711629601271242,-3.498638605783056,-6.283140184527359,-6.28318557392289,-289.1911663960236
572.0,-0.5068685336642629,0.010428619230858305,-1.5711880915890533,-3.502402728556133,-6.283142136427989,-6.283185414039511,-289.7415276259701
573.0,-0.5103925033948119,0.010494091605090936,-1.571124859064325,-3.5097238327671727,-6.2831402824178335,-6.283185443771385,-290.29015552906924
574.0,-0.5096246524059076,0.01055145405802919,-1.5710840950128147,-3.5158086753185387,-6.283139247195411,-6.283185505941611,-290.83883201508826
575.0,-0.510150579641343,0.010529227030266524,-1.5711154086905912,-3.518637405850382,-6.283140148746731,-6.282818809108661,-291.3872766463327
576.0,-0.5103209904750162,0.010530720938290009,-1.5711113959304774,-3.5216407091520274,-6.283033257302255,-6.281696984863844,-291.9355576549272
577.0,-0.5094092392398405,0.010546417539610433,-1.571103807635032,-3.5210824008159998,-6.2830978984821675,-6.282597513383706,-292.4841935192666
578.0,-0.505928501550109,0.010563590748310408,-1.5710850190771637,-3.519924239519928,-6.283122822739076,-6.282943298101595,-293.0342124934432
579.0,-0.5031388189760502,0.00878827046995455,-1.5710546392440774,-3.52332101847199,-6.283133062058681,-6.283085929394912,-293.5856880659056
580.0,-0.5030396982207208,0.009037015394565924,-1.571186261251831,-3.525963890379485,-6.283140087241815,-6.283144652893047,-294.137204929713
581.0,-0.5003327340742617,0.009535035060774117,-1.5689098595357238,-3.52266993974702,-6.2831395282371805,-6.28316879334631,-294.68924341093054
582.0,-0.5026695159412575,0.009903789692999284,-1.5696181093090287,-3.521592501781969,-6.283141533309443,-6.283178546519029,-295.24052171915014
583.0,-0.5105498322450579,0.010050357797602208,-1.5701636661190521,-3.5234181037327548,-6.283142328650015,-6.283182610207225,-295.78874255120655
584.0,-0.5108631211708915,0.010296091375470906,-1.5703941157185832,-3.528187037101295,-6.2831395486673065,-6.283184279768019,-296.3365131402089
585.0,-0.509890533538985,0.010359077513708667,-1.5706366982653486,-3.538702391014197,-6.2831404273873295,-6.283185004982253,-296.88445586584527
586.0,-0.5068533321393373,0.01038016102529242,-1.5707708176625297,-3.540056498171948,-6.283139324441317,-6.28318539986492,-297.43356968085556
587.0,-0.5019880290463964,0.010419102233607246,-1.5708769390203516,-3.545239502471425,-6.283140619231659,-6.283185403806229,-297.98452289042234
588.0,-0.5019075883219957,0.0104279884311844,-1.5710067254609714,-3.539022750758164,-6.283141508668463,-6.283185543370508,-298.5358046232411
589.0,-0.49703983065385665,0.01050385790931846,-1.5709884540066739,-3.537314374813129,-6.283140758505577,-6.283185439944536,-299.08897079146254
590.0,-0.4950506114397633,0.010437484273045921,-1.5710750016621386,-3.545689977517187,-6.2831426720170995,-6.283185422107169,-299.6428705065917
591.0,-0.4941150004333341,0.01050568060245399,-1.571090266499494,-3.538010351131959,-6.283140951363772,-6.283185543707341,-300.1973320007164
592.0,-0.49345403250167424,0.0105102429835196,-1.5711018989375518,-3.5271990104153734,-6.283141527361385,-6.283185482153213,-300.7523386834778
593.0,-0.4914302806706586,0.010514566994313197,-1.57109517399342,-3.5185056271345774,-6.2831416652257905,-6.28318543477102,-301.30835306228715
594.0,-0.4919943710528915,0.010476217624507797,-1.5711339918403984,-3.5100059708003517,-6.283142376540935,-6.283185433192277,-301.8644284999552
595.0,-0.48910209241349595,0.010509062446428297,-1.5710920879117862,-3.508381308367908,-6.283141541289321,-6.283185360128779,-302.4216204202307
596.0,-0.4895471770124461,0.010455276839213568,-1.5711447758855903,-3.5103078156592864,-6.283142334221266,-6.283185402452156,-302.97870551147133
597.0,-0.4959817908237317,0.010436599392979229,-1.5711891081078913,-3.503784946188983,-6.283141951164665,-6.283185516900673,-303.5334581473402
598.0,-0.4996281455881884,0.010009093529909245,-1.5711139409427124,-3.5065677918802907,-6.283140907247714,-6.283185372509595,-304.08665325636804
599.0,-0.5031046906392955,0.010098349622193357,-1.5711403992804376,-3.5082968296890287,-6.283141047087982,-6.283185481659664,-304.6383909489872
600.0,-0.5077959628468603,0.010249167087308182,-1.5711408476492297,-3.503163248468394,-6.283140430677319,-6.2831855472217955,-305.18832742108657
601.0,-0.5143079924546654,0.010304557915848582,-1.5711486765567821,-3.5048804169030277,-6.283141502906572,-6.28318541684275,-305.73560359170415
602.0,-0.5161517395544378,0.010448605062383164,-1.5710846273148809,-3.5011285423291345,-6.283139299816108,-6.283185521629539,-306.282048840327
603.0,-0.516069266596717,0.010473220387647388,-1.5710852384814218,-3.5016262280489583,-6.283140334484747,-6.283185433345476,-306.82848482406536
604.0,-0.5132775264775431,0.01052395182292068,-1.571071203784936,-3.4986281976121267,-6.283139745835976,-6.2831855024058365,-307.37605153781914
605.0,-0.5062195015295312,0.010549165113545887,-1.5710496938411056,-3.501131952780652,-6.283140121690463,-6.283185416408966,-307.9263339850756
606.0,-0.4996487745073476,0.01053862076302674,-1.5710857683249557,-3.498418083853199,-6.283140390759527,-6.283185523485354,-308.4793910458538
607.0,-0.49902294738078706,0.010465639340923125,-1.571160874619085,-3.4931732308011507,-6.283141908266729,-6.2831855110724675,-309.0329985753119
608.0,-0.5009831108362649,0.010435389073809654,-1.571169121312466,-3.496008101406568,-6.283142303816692,-6.283185392867899,-309.585798218373
609.0,-0.49684188357319153,0.010323018549754487,-1.5710797527184577,-3.495937812192995,-6.283139405430157,-6.283185487292172,-310.1401340636437
610.0,-0.4929534824802423,0.010364958014160108,-1.5711163111167392,-3.4848172550394234,-6.283140374585282,-6.28318549375332,-310.6963360078689
611.0,-0.49367715756499925,0.010323059140238185,-1.5711693050893547,-3.4865580424950724,-6.283142744754453,-6.283185348402218,-311.2523428846276
612.0,-0.4914821399882648,0.010399425647808148,-1.5711200817862656,-3.4983094381423347,-6.2831408220436415,-6.283185441122462,-311.8088638566679
613.0,-0.4934989106364948,0.010399151606941435,-1.571170261761612,-3.5071119599894325,-6.283141032460244,-6.28318551526997,-312.3644737994279
614.0,-0.49840936094664084,0.010426469754467973,-1.571174447867582,-3.512540494793318,-6.283140580901316,-6.283185559702338,-312.9179927348182
615.0,-0.5039682952695212,0.010441299893719985,-1.5711586227487262,-3.5237573177934935,-6.283140573032595,-6.283185531782532,-313.46897200760645
616.0,-0.5102012056307325,0.010473964504990435,-1.5711477013619821,-3.5326099013159444,-6.279389954660453,-6.2831855581041,-314.01709160128195
617.0,-0.5154674036978375,0.010502670467351273,-1.5711239875087601,-3.543869980681964,-6.281660844004544,-6.283185547586354,-314.5627851990652
618.0,-0.5208431790883618,0.010546341779346838,-1.5711169437712738,-3.5425813653538234,-6.282531421160696,-6.283185664458544,-315.1063222857879
619.0,-0.5283751959847554,0.010520655694444226,-1.5711335746581052,-3.539266542378186,-6.282891235789849,-6.283185558351601,-315.6469411274685
620.0,-0.5281555100264073,0.010582728144310962,-1.5710461252553918,-3.546026485360344,-6.283037323119314,-6.283185429927311,-316.18725585491114
621.0,-0.5275023456661486,0.010560972951101933,-1.5710774077751584,-3.5512249420252715,-6.283098489937908,-6.283185499674066,-316.72772802622364
622.0,-0.5238000607213963,0.010590273562732882,-1.5710577771954588,-3.5539007533709532,-6.283122741310755,-6.283185529018767,-317.26955135505244
623.0,-0.5151793482031878,0.010650599893219953,-1.5710271645596834,-3.5451676841064885,-6.283132342279927,-6.28318554054764,-317.814989937111
624.0,-0.5058835838227175,0.010603610174014472,-1.5710580048143474,-3.5355418895710518,-6.28313843815993,-6.273950027854846,-318.36449431968344
625.0,-0.50078323452821,0.010524152217567237,-1.5711245435340253,-3.523983408190222,-6.283141878295789,-6.277699850468427,-318.916507020901
626.0,-0.4979409737828678,0.010504852159845403,-1.5711420223379648,-3.508177425161207,-6.283142565486511,-6.280960642272964,-319.4701127931282
627.0,-0.4997116245094018,0.010423582932384157,-1.5711843866494235,-3.5010198003720188,-6.283143802250165,-6.282270604525865,-320.02331161477406
628.0,-0.5007943425790102,0.010465016042463044,-1.5711498309437817,-3.4931429923360557,-6.2831418912239005,-6.282809649821516,-320.5762072971968
629.0,-0.5071133648611638,0.010154513729796713,-1.571185922304751,-3.4829156725408033,-6.283142327797841,-6.2830310414974555,-321.1269763759767
630.0,-0.5063938993909314,0.010310174878714003,-1.5710952289930262,-3.4730232281772553,-6.283140309119648,-6.283121993034784,-321.6780294058883
631.0,-0.508611434177221,0.010321477116948813,-1.5711477503821973,-3.4660446487827006,-6.283141748307446,-6.283159342817062,-322.2284509100385
632.0,-0.5095675394500072,0.010381735618814869,-1.5711220073553287,-3.4672690988848633,-6.283141273046921,-6.281394693732715,-322.7783982042661
633.0,-0.5104633088812408,0.010422602803613935,-1.5711256602765464,-3.468836976287624,-6.283140540419525,-6.282481134317686,-323.3279417154585
634.0,-0.5108074937764607,0.010445867344715632,-1.5711211663122435,-3.475578170199036,-6.283140440396301,-6.28289523841484,-323.87717331125083
635.0,-0.5098315519902001,0.010466283115381106,-1.57111235670767,-3.488705134238188,-6.283139856111506,-6.283066318395466,-324.4264626077742
636.0,-0.509263909356692,0.010512400510499176,-1.5711210732494711,-3.4897451241047124,-6.283138953402925,-6.28313666921201,-324.9759515627987
637.0,-0.5082447374628687,0.01052162260702057,-1.5711172698306497,-3.4892529308615488,-6.283139675330154,-6.283165431540877,-325.5258497743541
638.0,-0.5060467813433985,0.010538487223731186,-1.5711085977313046,-3.485003723718148,-6.283139752896739,-6.2831772777431265,-326.07670751404544
639.0,-0.5063379793894253,0.010486754895476375,-1.5711437157291082,-3.484008021924654,-6.283141210100626,-6.283182060494566,-326.6275569988783
640.0,-0.5089445725262811,0.010463758737898727,-1.5711582336409549,-3.4856666302095576,-6.2831413233265545,-6.283184052681883,-327.1773639377608
641.0,-0.5090754218323789,0.010541937028031856,-1.5711158411825923,-3.47585013885977,-6.283139619941309,-6.283184927717704,-327.7272425217026
642.0,-0.5067512219021594,0.010532001635377321,-1.5710996061023235,-3.472395117306574,-6.283140511022427,-6.283185174227858,-328.2781022169463
643.0,-0.5052499099719424,0.010530827936237396,-1.57112048987798,-3.460410067787955,-6.283140561144078,-6.283185342665649,-328.82986928131754
644.0,-0.5021495026241966,0.010500322787141046,-1.5711078789717374,-3.4618415490972017,-6.283141435235598,-6.283185273872971,-329.38283896779205
645.0,-0.49774298816402496,0.010508875273199186,-1.5711054991382905,-3.465253533848215,-6.283140534535037,-6.283185398336055,-329.93749775627083
646.0,-0.496674582185327,0.0104656026356085,-1.5711518658588615,-3.4697487000512175,-6.2831409670008584,-6.283185453918646,-330.49259494755097
647.0,-0.49893283461061677,0.010447424454373947,-1.5711738528086332,-3.474523614459816,-6.283140848301214,-6.28318548787706,-331.04674144633407
648.0,-0.49794500547628284,0.01050402850000503,-1.5711206714716301,-3.4823041107818957,-6.28313967236988,-6.283185473322381,-331.6010003396397
649.0,-0.4911671101076079,0.01059269986565806,-1.571065689754448,-3.481545687609642,-6.282548545592218,-6.283185590638981,-332.15785737596207
650.0,-0.4822579320785495,0.010589688605657963,-1.5710713266342182,-3.4775959703474,-6.282906733812279,-6.2831855403866,-332.7184080896291
651.0,-0.47904418164709506,0.010474920613582971,-1.5711557116353194,-3.479736691477228,-6.283046371454236,-6.283185431127047,-333.2804151265774
652.0,-0.4815272476048059,0.010415440642995762,-1.5711988303636335,-3.4870168319102497,-6.283102962737086,-6.283185442194836,-333.8413897271764
653.0,-0.48555052747707783,0.010430057159535197,-1.5711827687038988,-3.498346807075763,-6.283124853343647,-6.2831855048467204,-334.4004784686444
654.0,-0.49204025715908417,0.010458614560609961,-1.5711820857936198,-3.502483645809967,-6.283133465710907,-6.283185591280356,-334.9568650185364
655.0,-0.49580298416130014,0.01051827496098872,-1.5711272789045503,-3.505607246831278,-6.281406222630777,-6.2831855437447,-335.5115009239895
656.0,-0.5004248408823684,0.010516988251352697,-1.5711356548975957,-3.5045630078568086,-6.282456307716319,-6.283185555832299,-336.06432927332617
657.0,-0.5093677706382481,0.010466518896681635,-1.5711690476095326,-3.5053699947283894,-6.282860354362077,-6.283185489825103,-336.6136227162012
658.0,-0.5155351820679778,0.010504010148202183,-1.5711152419755963,-3.5135953307835335,-6.283024963745982,-6.283185451998667,-337.1601082225996
659.0,-0.5173721564756323,0.010572897490788533,-1.5710737293094947,-3.5159438787570085,-6.2830914855058495,-6.283185550530244,-337.7056638700905
660.0,-0.5188407578670935,0.010586776197057203,-1.571087943620587,-3.505813270873056,-6.283120040762667,-6.283185535785238,-338.2508665898735
661.0,-0.5210387508184077,0.010540161262075413,-1.5711073454751274,-3.497959599689994,-6.283132959585395,-6.283185469519446,-338.7954035835886
662.0,-0.5169457829061214,0.01057892286837132,-1.5710478331408233,-3.497664596424052,-6.283137037548591,-6.283185371345343,-339.34144500634727
663.0,-0.5176701295650141,0.010509474234066287,-1.5711329224978492,-3.4898274896412915,-6.283140088683785,-6.283185483255154,-339.8875484323719
664.0,-0.5145118887308211,0.010573808153325408,-1.5710806085375766,-3.4759168751889895,-6.28313971098862,-6.2831854176097375,-340.4351203326924
665.0,-0.5132133302497972,0.007008171393059486,-1.5706492430723735,-3.472142274952358,-6.283139632483157,-6.283185287273912,-340.9840817104078
666.0,-0.5109835351808605,0.007577920619446279,-1.570950069538118,-3.47734242052777,-6.283144137684163,-6.283185401900917,-341.533800549835
667.0,-0.504411935150242,0.008644836404623584,-1.5709547089509137,-3.4837490997571163,-6.283140507374082,-6.283185450402663,-342.08568087044296
668.0,-0.49758588622009636,0.009296068156831514,-1.5710086319843999,-3.4908096341567783,-6.2831401475623485,-6.283185480549419,-342.6400371523653
669.0,-0.4969810899031591,0.009656292403847836,-1.5711085550410921,-3.496185081944168,-6.2831411514599695,-6.283185525081866,-343.19459551331636
670.0,-0.4940794670185039,0.0099862383251966,-1.5710785853719846,-3.5036449677088566,-6.282070491803996,-6.283185493354019,-343.74997450139057
671.0,-0.4877255579205538,0.010251401582919482,-1.5710567011304748,-3.4955201563157825,-6.282716912746902,-6.283185568536683,-344.30799851149186
672.0,-0.48786492569941337,0.010275433896168876,-1.5711510838570981,-3.481043992150121,-6.282968349573835,-6.2831854668292735,-344.86648352249637
673.0,-0.4892761905089052,0.010318923767892493,-1.5711467328648452,-3.4757020732094666,-6.2830710020100105,-6.283185367197511,-345.4245218881309
674.0,-0.48458973814242096,0.010449159824113955,-1.5710751360929047,-3.4714432961965587,-6.283110915720654,-6.283185411193866,-345.98437313841185
675.0,-0.48410395260460104,0.010412369389702157,-1.571146783158213,-3.465984660109996,-6.2831294302116,-6.283185453264212,-346.54468979485273
676.0,-0.485769819737928,0.010411233063110554,-1.5711562089053825,-3.465589612122001,-6.283136631724377,-6.283185399577535,-347.10437781691166
677.0,-0.4915755263535082,0.010375292886689085,-1.5711871832236046,-3.474490799686421,-6.283139802250742,-6.283185420675268,-347.66162109954985
678.0,-0.49467179082414164,0.010491337369512093,-1.5711282321762126,-3.4726831662147135,-6.283138089433277,-6.2831855830565075,-348.2175160114004
679.0,-0.4919976768653997,0.01056350752480179,-1.5710713599808561,-3.46896532085358,-6.28313828794103,-6.283185517182161,-348.774425139215
680.0,-0.49377078934412594,0.010474342802528538,-1.5711459673317334,-3.4686692514188935,-6.283140923787743,-6.283185450144729,-349.3307852103508
681.0,-0.499250310011706,0.010458775404031609,-1.571168140285287,-3.465207519620677,-6.283140743077189,-6.283185507017517,-349.88507071471827
682.0,-0.5073278594092191,0.010382997729809006,-1.569075443291905,-3.4641443730879824,-6.283141142604138,-6.283185476083521,-350.43572633620664
683.0,-0.5146755737620514,0.010504695038979122,-1.5696656257974135,-3.473471041542738,-6.283140330548298,-6.28318540761004,-350.9832309994655
684.0,-0.517157048360627,0.010557338899359094,-1.5701028258662677,-3.484204145014968,-6.283138763003071,-6.283185484257532,-351.5294510565859
685.0,-0.519355153969514,0.01055067102452159,-1.5704472206370104,-3.490362272545453,-6.283138937042284,-6.283185562798867,-352.07471545680863
686.0,-0.518964315946237,0.010589745906779113,-1.5706442521256911,-3.487154700892078,-6.280445622830285,-6.283185627484743,-352.62011747685074
687.0,-0.515517434054948,0.010578172261738733,-1.570778731319263,-3.4888388316708534,-6.282077636021561,-6.2831854622923755,-353.16689178664666
688.0,-0.5116979254854491,0.010546666673272838,-1.570896960179006,-3.4928052554399165,-6.282703873753702,-6.283185467043768,-353.71517900081517
689.0,-0.5034014376138595,0.010593231369916828,-1.5709260514619001,-3.494003406648461,-6.2829600901885385,-6.283185517653516,-354.2667091958226
690.0,-0.4960141289181117,0.010551177547910844,-1.5710100148636166,-3.493780676833619,-6.283066915487423,-6.283185511833623,-354.82132309030413
691.0,-0.49073108972795987,0.010497581123909132,-1.5710718364374048,-3.499589756707373,-6.283111364571646,-6.283185433487173,-355.37803175471237
692.0,-0.48976682212168665,0.010453863908319481,-1.571134006151401,-3.506226500250371,-6.283129360094346,-6.283185485878384,-355.9350980790983
693.0,-0.49322951210434735,0.01043843131375128,-1.571169492852309,-3.5103575585980766,-6.283136381397417,-6.283185536903983,-356.4907533265618
694.0,-0.5007442412587809,0.010437418534873682,-1.57118482506659,-3.5110028108070033,-6.28313915172357,-6.283185554142077,-357.0434108936706
695.0,-0.5094228607228743,0.010463796769079768,-1.5711634895728424,-3.5105189365814304,-6.28313990537966,-6.28318552188717,-357.592544507473
696.0,-0.5161426800813769,0.010536979699354845,-1.5711199973228698,-3.499237329195782,-6.279412044707344,-6.2831855070278975,-358.13904155205665
697.0,-0.5149062431370776,0.01059174920023416,-1.5710411594503417,-3.4960297702838137,-6.281669354619487,-6.283185382751482,-358.68596391367237
698.0,-0.5145969195169925,0.010533146294929189,-1.571091494842251,-3.4950240709228417,-6.2825367501722456,-6.283185422472852,-359.23313565553997
699.0,-0.5155334519154661,0.010505615459059451,-1.5711137676009057,-3.4953936237703247,-6.274299091997962,-6.283185447881087,-359.77975921553445
700.0,-0.5147225528929625,0.010548958305597248,-1.5710959134147282,-3.4893824324165146,-6.279545860902184,-6.281235490738403,-360.32690970776696
701.0,-0.5095491350159267,0.010571090707430604,-1.5710641258521576,-3.4860621805520977,-6.281664108414788,-6.282418659616541,-360.8761915066274
702.0,-0.506257713945035,0.010502831418013801,-1.5711138795383963,-3.4889213772330976,-6.282535612223693,-6.282869463662829,-361.426859983286
703.0,-0.4989715136032449,0.010557234914028029,-1.5710727145620027,-3.490826183260236,-6.282891139544014,-6.283055707067545,-361.98033263815427
704.0,-0.4959607945745539,0.010473235511740633,-1.5711450566191285,-3.4974366329297184,-6.283039593147528,-6.283132130868555,-362.535037649253
705.0,-0.49895595048841695,0.010405931638219002,-1.571196274850149,-3.5111736512547154,-6.2831000943102895,-6.28316362475478,-363.0883532328073
706.0,-0.49591562291856234,0.010546871053996999,-1.5710984518114581,-3.5173502240087946,-6.283121424108393,-6.28317659298179,-363.64253335268444
707.0,-0.4942260397136296,0.0105418539701125,-1.5711287197804635,-3.512732240069301,-6.283132635172583,-6.283181924081366,-364.19757018651694
708.0,-0.4963128852728881,0.010502977629867856,-1.5711616468341387,-3.502924454301827,-6.283138331768468,-6.283184005271382,-364.75208636159346
709.0,-0.4974082294116604,0.010486771859801947,-1.5711357962228727,-3.5045415126041464,-6.283140608568082,-6.28318473848603,-365.30609012906643
710.0,-0.5012984796078104,0.01046057929623928,-1.5711618273495533,-3.506764134649832,-6.28314118865271,-6.283185194138785,-365.8585384416098
711.0,-0.5022648880150495,0.0104971393235566,-1.5696381740430079,-3.500131329876297,-6.283139672532879,-6.283185437035359,-366.4103368761305
712.0,-0.5015376694970892,0.01047946945504933,-1.5666293883807745,-3.4912724336637746,-6.283140385346482,-6.283185455336521,-366.9619703864321
713.0,-0.5047616290428638,0.010579798503353532,-1.5680431389999732,-3.4835074772131156,-6.283141319882066,-6.283185380495567,-367.51280504904156
714.0,-0.5097973464451666,0.01052195924345398,-1.5690841406864613,-3.4766962192957522,-6.28314139751993,-6.283185415004618,-368.0620276789845
715.0,-0.5118606710542322,0.009336693019843172,-1.5696930604866544,-3.4725420385039274,-6.283139728428127,-6.283185390055002,-368.6108352128488
716.0,-0.511476215323526,0.009522541437519292,-1.5702094349413287,-3.473018821004458,-6.283141419952877,-6.283185417756832,-369.1598440418049
717.0,-0.5069069209165351,0.009900658563699984,-1.5704722230215349,-3.475740418317979,-6.283139974434268,-6.2831854378927,-369.71052483199213
718.0,-0.5052590777443975,0.010061161525047648,-1.570727397392485,-3.482634618750666,-6.283141022708401,-6.283185438428415,-370.26182216529327
719.0,-0.5061549156743869,0.010199024505605439,-1.5708807219609293,-3.4874906441082514,-6.28314051787972,-6.283185516128675,-370.81268910491394
720.0,-0.5113165568573903,0.010278481996320823,-1.5709997309795316,-3.486612058990857,-6.283140554252561,-6.283185571123845,-371.36157390834165
721.0,-0.5149401234161449,0.01038152350145961,-1.5710164928946972,-3.486284081039216,-6.283139984208081,-6.283185501143926,-371.90892096420345
722.0,-0.512823738117266,0.010484711803662734,-1.5709952364222286,-3.4875397169768476,-6.283139192998222,-6.283185469636251,-372.45694086442575
723.0,-0.5052132496378956,0.010577899722685719,-1.5709868646200227,-3.478236512437893,-6.283138592487377,-6.283185507051103,-373.00813009447756
724.0,-0.4960548358289845,0.010526844185623909,-1.571027364706854,-3.4818534612447363,-6.2831409045402555,-6.283185367116128,-373.56297685047696
725.0,-0.4881448059162222,0.010511596502686975,-1.5710760230191445,-3.4831781006064744,-6.283140752945593,-6.28318547952022,-374.12106052651717
726.0,-0.48591340978853853,0.010439316772396331,-1.5711534800668534,-3.487184724519765,-6.283141979374574,-6.283185459451195,-374.6801291224683
727.0,-0.4831014128280618,0.01048438325547383,-1.5711307414903695,-3.4887905499754313,-6.283140472499698,-6.283185513887751,-375.24025622650066
728.0,-0.4800816563577092,0.010490186913201527,-1.5711304236846624,-3.4917194988003133,-6.283140588423045,-6.283185483869673,-375.80154686942393
729.0,-0.4780958609102122,0.010476031680087657,-1.5711418099068135,-3.4983050990248166,-6.283140954358609,-6.283185459363594,-376.363528964087
730.0,-0.48111101005905604,0.010460112628634579,-1.5711843657968152,-3.495103769896343,-6.283140788096029,-6.283185598592466,-376.9244757989933
731.0,-0.4853729501560143,0.010468025102981617,-1.5711681540961064,-3.4926147560777516,-6.283140911266799,-6.283185500320656,-377.4837504862131
732.0,-0.4898667538506177,0.01049778695032678,-1.571151216633807,-3.4838761417567565,-6.2831404356216884,-6.283185500217616,-378.0413828982656
733.0,-0.49244403437752293,0.010505540464193348,-1.5711217130114834,-3.4808301522008396,-6.2831407167758995,-6.283185409402287,-378.5979859622028
734.0,-0.4938462334269523,0.010506535114689896,-1.571113769306111,-3.4813675277672727,-6.2831406477073335,-6.283185412512677,-379.15398538493827
735.0,-0.4977624450771647,0.009427013917085513,-1.5711113403487136,-3.486509174417273,-6.283140530335129,-6.283185400279214,-379.7085714234637
736.0,-0.5032810922044204,0.00957565442712691,-1.5711776418728969,-3.49964177274393,-6.283141638519164,-6.283185515874788,-380.26063634256195
737.0,-0.5129926198874291,0.009875849033852234,-1.5711904685504594,-3.5096825785993193,-6.283140780974519,-6.28318554726458,-380.80852371123905
738.0,-0.5192005883000814,0.010200344961386642,-1.5711124801957963,-3.5026263430616886,-6.28313817039203,-6.283185613377715,-381.35384702174827
739.0,-0.5198952430037935,0.010369307810602713,-1.571060919887474,-3.4936470671579887,-6.283138672907119,-6.283185522310978,-381.89893588220036
740.0,-0.5164665483066612,0.010385345980237666,-1.5710447788480537,-3.488383933292317,-6.283139746337725,-6.283185428997116,-382.4454601338446
741.0,-0.5086104145962549,0.010441119442538106,-1.571034691908889,-3.490894674306998,-6.283140348158018,-6.283185366315571,-382.99502037833025
742.0,-0.5035158235694064,0.010436242064773485,-1.5711007516965985,-3.490034594729872,-6.283140956917621,-6.28318548885922,-383.54676853111823
743.0,-0.5002759402478633,0.010451919988381306,-1.5711243934252208,-3.4856914634620226,-6.283140920437695,-6.283185512139021,-384.0999696122561
744.0,-0.49664936102250895,0.010478130447846361,-1.5711197378290587,-3.48000738503368,-6.283140759646297,-6.283185486273886,-384.65475713714113
745.0,-0.48966390775127255,0.01052316302705457,-1.5710881610243603,-3.474334302140137,-6.283140300188918,-6.279879967596954,-385.21242272014
746.0,-0.4852506416465518,0.010461116734014543,-1.5711364248168849,-3.476008403871492,-6.283141864503489,-6.281885604053534,-385.7719525294997
747.0,-0.48433923197575657,0.010452107151496654,-1.5711663239994482,-3.4728778992871976,-6.283141191311507,-6.282649966002493,-386.33200172738344
748.0,-0.481301759993642,0.010511816401096533,-1.5711262627223368,-3.464369943771542,-6.283140115427714,-6.282965523750426,-386.893387575752
749.0,-0.48460320598247975,0.010406496025693702,-1.571198675324685,-3.464700126341521,-6.2831424777977185,-6.283095012417739,-387.4536317928265
750.0,-0.490206964520087,0.010424042999411572,-1.5711863285799141,-3.465558693772045,-6.283141186077322,-6.283148325427239,-388.01160187888223
751.0,-0.4966120562373857,0.010439505319663474,-1.5711695258044276,-3.4701989561937934,-6.283140718046732,-6.283170184510803,-388.5668720483453
752.0,-0.5003250236033042,0.010347193541465537,-1.571120219235844,-3.480363487149399,-6.283139554289273,-6.283179207281489,-389.1203446537515
753.0,-0.5056280530755102,0.010353712867654538,-1.5711479430201547,-3.493617492278838,-6.283139960665499,-6.283182968487291,-389.67140454445956
754.0,-0.5102798752695842,0.010417051618189633,-1.5711285938589148,-3.5101573160697854,-6.283139192008326,-6.283184544199857,-390.22012855810453
755.0,-0.5180569100419044,0.01047353042742465,-1.5711505302738653,-3.508907881545351,-6.28313884132754,-6.2831852638096555,-390.7657661930286
756.0,-0.5181245535029854,0.010575951131109403,-1.5710540234320987,-3.5096729264469166,-6.283138259285019,-6.283185353361237,-391.31111626117047
757.0,-0.51159733773642,0.010615199815015883,-1.5710204286675327,-3.5117974951255437,-6.2831387154024165,-6.283185416696357,-391.85892886071935
758.0,-0.5067116033277698,0.010558454331101764,-1.5710812623781099,-3.5118545777584917,-6.283140476072324,-6.283185486397241,-392.4088160045687
759.0,-0.5067749316356859,0.010489194183331578,-1.5711447742165596,-3.511234229881565,-6.283141791804104,-6.283185491457235,-392.9588328900218
760.0,-0.5094657268930517,0.010487647437520101,-1.5711561464250834,-3.5049142098947224,-6.283141313762175,-6.283185527840216,-393.50795236233137
761.0,-0.5083224662868181,0.010516870754889059,-1.571104038839653,-3.5072670767174587,-6.2831409695741005,-6.283185386431331,-394.0573709933549
762.0,-0.5058158836890349,0.010538572870507922,-1.5711018344303649,-3.504338625735781,-6.283140232675064,-6.283185514636127,-394.60785405752847
763.0,-0.5054827086027215,0.010486820831467441,-1.5711353809603856,-3.5068467662367615,-6.283141647262618,-6.283185424818738,-395.1584916141367
764.0,-0.5008598086556441,0.010571354595047999,-1.5710814297152433,-3.500522764475363,-6.283139539363767,-6.283185526597053,-395.7110156272442
765.0,-0.4994193452096641,0.010463672362614248,-1.5711412806243608,-3.508825382119057,-6.283142199624136,-6.2831854188615575,-396.26407211203025
766.0,-0.4970123949489515,0.010519927579796128,-1.5711184271882104,-3.5094856751397256,-6.28314018444195,-6.283185546952793,-396.81803181799876
767.0,-0.4927434084653815,0.010516187443278624,-1.5711059137027352,-3.5176823749981927,-6.28314068830301,-6.2831854605593715,-397.373500618153
768.0,-0.4933741390555114,0.010494874708029183,-1.571162437001417,-3.512818483400098,-6.283140942775201,-6.283185587836619,-397.92895850545455
769.0,-0.49797112615296996,0.010445164854309638,-1.5711828013912912,-3.5140296206157404,-6.2831422146822,-6.283185450650239,-398.48260985961736
770.0,-0.4958248671897073,0.01054563838518155,-1.5710869824503395,-3.5172800241121487,-6.283139793246903,-6.283185456428463,-399.036841609467
771.0,-0.49361629133110974,0.01050732965348322,-1.5711118391795489,-3.5273108839399145,-6.283140896454557,-6.283185471633626,-399.5917728479373
772.0,-0.4884943712853662,0.010591742654488673,-1.5710791234543175,-3.5216093281892675,-6.28313913459433,-6.283185584576335,-400.1488218785186
773.0,-0.48541444024380376,0.010529029475410803,-1.5711214393052793,-3.517267376426191,-6.2831413424428755,-6.283185499003273,-400.70732033753984
774.0,-0.4797165596729959,0.01057006162160973,-1.5710901737832637,-3.506939306627539,-6.283140606013226,-6.283185472031055,-401.2682995773191
775.0,-0.47854827089542407,0.01047070342676792,-1.5711565149948141,-3.5026744672413836,-6.283142839534485,-6.283185399489298,-401.83001865447306
776.0,-0.4781200392004479,0.01047871233712832,-1.5711467853376018,-3.4985906316378736,-6.283141811755294,-6.283185439007247,-402.39200445788066
777.0,-0.47836659850847374,0.010478942498323658,-1.571146639670824,-3.494614408031542,-6.283141490091472,-6.283185448782475,-402.9539981540433
778.0,-0.4807634114291409,0.010454553398574878,-1.5711610791264918,-3.49428928317366,-6.283141813004116,-6.2831854192798104,-403.5150829775595
779.0,-0.483035357790948,0.010476351416853215,-1.5711436188822077,-3.494631180658416,-6.2831409593140854,-6.28318545330687,-404.07521470494675
780.0,-0.4849702394070585,0.01048777482575274,-1.5711338274474342,-3.4965625972765912,-6.283140701238223,-6.2831854563494005,-404.63450221783376
781.0,-0.4858067123194869,0.010513107257922276,-1.5711187848104666,-3.496759703878486,-6.283140149548946,-6.28318549720153,-405.1934077315497
782.0,-0.4872099665907567,0.010504362141750665,-1.5711279198028996,-3.4968810495741383,-6.2831405445509105,-6.283185487925762,-405.7517593169586
783.0,-0.4877937207940462,0.010516087182677837,-1.5711170127840333,-3.497172473447666,-6.283140363741157,-6.283185482643316,-406.3098387687597
784.0,-0.48975423564147397,0.010466941349943098,-1.5711379188203787,-3.508401247012819,-6.28314122019359,-6.283185468505879,-406.86691459026997
785.0,-0.4883825310672126,0.010552468152688836,-1.5710935422026642,-3.5104970631167105,-6.283139030422093,-6.283185582684273,-407.42437606186826
786.0,-0.48795381291375745,0.010514749492487123,-1.5711201641845884,-3.516054610568995,-6.283140649632444,-6.283185485233027,-407.9819314263206
787.0,-0.4840484224224738,0.010564479055223204,-1.5710823508492198,-3.519023662414628,-6.283139560679578,-6.2831855315599485,-408.5408994248279
788.0,-0.482480558838381,0.01055068405641989,-1.5711234773384093,-3.509121140121491,-6.283140498152236,-6.283185540257056,-409.1008146104454
789.0,-0.4827454536800925,0.010489623139791073,-1.5711414078379204,-3.508300279271703,-6.283142094895632,-6.2831854039789805,-409.660701959475
790.0,-0.4832325539197689,0.01046822085916894,-1.5711384857698287,-3.5173712135275688,-6.283141787698285,-6.283185423240366,-410.2201871354379
791.0,-0.4833417214234431,0.010518857857466896,-1.5711262901591732,-3.516359826396717,-6.28314007316627,-6.283185578506583,-410.77961893424435
792.0,-0.483835573955688,0.01051620861757927,-1.5711290715763582,-3.5135032619188227,-6.283140647666568,-6.283185523017479,-411.3389278413916
793.0,-0.4885836066820035,0.010472032347337732,-1.5711682909609987,-3.508398737185586,-6.283141646472928,-6.283185511964473,-411.89653791650164
794.0,-0.49089956423243264,0.010519711961385663,-1.5711195203577315,-3.5025156506012745,-6.283140559823314,-6.28318547873774,-412.4532477639285
795.0,-0.4962703239674189,0.010458391549700899,-1.5711563167665499,-3.5035845092745164,-6.28314209205046,-6.283185391857351,-413.0078542781464
796.0,-0.4966131438607964,0.010528638802267544,-1.5710873322521417,-3.509070184693648,-6.283140176533728,-6.283185410845577,-413.56202791590886
797.0,-0.49838057840675604,0.010507887551367686,-1.5711214265359705,-3.51209153804684,-6.283140566184707,-6.283185504542819,-414.1154706557304
798.0,-0.4977748182225574,0.010514633555518868,-1.5710966420577868,-3.524431799486808,-6.283140267175439,-6.283185498961338,-414.66879407700577
799.0,-0.49476199859425307,0.01055559164639975,-1.5710832467952809,-3.532627990249211,-6.283139507458856,-6.283185547394699,-415.22307856213104
800.0,-0.496838122689196,0.010483284504455077,-1.571152163245967,-3.5413514902728207,-6.283141483643478,-6.283185532086601,-415.7764551954851
801.0,-0.49833935195486045,0.010523800298727244,-1.571125002856949,-3.5460333981201497,-6.283140292015504,-6.283185575022588,-416.3290454606173
802.0,-0.49721018710917825,0.010579266322281245,-1.5710939574211302,-3.540599612891044,-6.283139572024575,-6.283185598794821,-416.8821485560073
803.0,-0.49682603435041717,0.010505119252003547,-1.5711188364369382,-3.548598734584291,-6.283141898361612,-6.283185449069839,-417.43526660858373
804.0,-0.49551498676675915,0.010537662865823236,-1.5711060260384329,-3.5518403649775956,-6.283140730862352,-6.283185532863963,-417.988795874718
805.0,-0.492191442091149,0.010563015246952372,-1.5710899749283134,-3.5514611402866305,-6.283140456573353,-6.283185542748766,-418.5436383020656
806.0,-0.49252460226813566,0.010501643913378047,-1.5711408671170721,-3.5512843897710002,-6.283142204880782,-6.283185501393427,-419.09846879010087
807.0,-0.4973927294371045,0.010465812951602855,-1.5711718827377685,-3.5495342379865105,-6.283142600539275,-6.283185508869126,-419.65146037022
808.0,-0.4986228065222344,0.010556874832290548,-1.5711054312465875,-3.53848414061657,-6.283140573548174,-6.283185484823778,-420.2040854512228
809.0,-0.5035237709351635,0.010456546144418578,-1.5711563197910792,-3.5400825345765536,-6.283143331351657,-6.282312665147049,-420.7548166164596
810.0,-0.5032854358094432,0.010540642377009397,-1.5710828799920227,-3.5423157868621664,-6.28314057618,-6.2828422857280275,-421.3054136713938
811.0,-0.4992061699086108,0.010552502030388695,-1.5710657861669708,-3.5505986061396935,-6.283140614843974,-6.2830440511848735,-421.8573930637435
812.0,-0.4981923844311211,0.010531903521511055,-1.571117146374017,-3.5485568160479524,-6.2831410033263335,-6.28312752304666,-422.4099301132604
813.0,-0.4975091317694182,0.010495734592071027,-1.5711202077951285,-3.557545598586302,-6.283141971741994,-6.283161607483199,-422.96252914194315
814.0,-0.49695238215692455,0.010513612587685196,-1.570700732226687,-3.5592166645282552,-6.283140985180882,-6.2831757717499315,-423.5152186386531
815.0,-0.49676480092848707,0.010545554594379879,-1.5708256988532894,-3.5549808712512587,-6.283140964040095,-6.283181541021336,-424.0681111168728
816.0,-0.4998082201176247,0.010492565914428367,-1.5709558507916053,-3.5523577380168425,-6.283142463505933,-6.283183827046844,-424.6199450500069
817.0,-0.5039958677742928,0.010518704177031137,-1.5710115762339731,-3.5402072549705226,-6.283141794525537,-6.283184788389022,-425.17039271557104
818.0,-0.5048020645274423,0.010534846515119137,-1.5710120945296475,-3.5336919097439154,-6.283141523766904,-6.283185124066137,-425.72059650998574
819.0,-0.5029234520308303,0.010545565101044905,-1.5710260060767158,-3.528547688916446,-6.283141271312751,-6.283185303292963,-426.27164795968014
820.0,-0.5010902258032565,0.010512138176997034,-1.5710639749780995,-3.5291602309613688,-6.283142020935857,-6.283185334512255,-426.82346361573053
821.0,-0.49838574039413946,0.010541062696129914,-1.571072210303028,-3.5226592592489427,-6.28314091193652,-6.283185477608345,-427.37651249250587
822.0,-0.4994117628061373,0.010467664081468625,-1.571131297091407,-3.5221508796882026,-6.283142679977148,-6.283185399670857,-427.929284095661
823.0,-0.4982370975024524,0.010516787844886204,-1.571098986823323,-3.5200602340997516,-6.283140954425983,-6.283185468512299,-428.48250054733256
824.0,-0.4968898177656466,0.010523467808610942,-1.5711084119589223,-3.513544684908277,-6.283140920009182,-6.283185502711744,-429.0364291078677
825.0,-0.49967808872613145,0.01046380586934511,-1.5711562323186246,-3.5090244189347075,-6.283142293251073,-6.283185447228227,-429.5894551965874
826.0,-0.5009090626284151,0.010495101510517581,-1.5711225161196944,-3.506980864102335,-6.283141259266176,-6.283185428214057,-430.141964529852
827.0,-0.5065108936846705,0.010417319220200307,-1.570621569997511,-3.510635204714937,-6.283142468606092,-6.2831854085658065,-430.69213238526413
828.0,-0.5131976305682635,0.01048017986533334,-1.570766959084762,-3.5113818996125126,-6.283140870844017,-6.283185493561318,-431.2395698597131
829.0,-0.5194834028626676,0.010500628059166598,-1.570876034408677,-3.511519413656833,-6.28314047076965,-6.283185492825519,-431.78445046322264
830.0,-0.5181268399796776,0.010612225168572301,-1.5708757424811448,-3.5039103334398933,-6.283138523397971,-6.283185517635696,-432.3298564965152
831.0,-0.5181102047449623,0.010517588089970406,-1.5709872869278534,-3.507231626957709,-6.283141532527599,-6.283185373199167,-432.87530501469007
832.0,-0.5186585026467502,0.01050538977149893,-1.5710361339349483,-3.513154139632228,-6.283141106956111,-6.28318543740799,-433.420403998912
833.0,-0.5202449962858126,0.010517334941912083,-1.5710733942982251,-3.5117663776878505,-6.283140350145723,-6.283185562471794,-433.9649140813065
834.0,-0.5197605665691074,0.010506674731680788,-1.5710702187577221,-3.522367495185318,-6.283140734602094,-6.283185470932098,-434.5093145599053
835.0,-0.5171401496844026,0.010556528930163121,-1.571066649875726,-3.5250016888309923,-6.283139524702409,-6.283185572832553,-435.05465202261047
836.0,-0.5124357853819045,0.01054615978566737,-1.5710688971649152,-3.5341674497143525,-6.283140352313557,-6.283185492642725,-435.6016408102807
837.0,-0.5109989505713121,0.010515471759931094,-1.5711223398995766,-3.537158773678215,-6.2831409728978675,-6.283185575775654,-436.14923710901695
838.0,-0.5068685437605941,0.010587283907046443,-1.5710850129271878,-3.527436239298668,-6.28313983818766,-6.283185550736082,-436.6986533907377
839.0,-0.5033001801749131,0.010546810512955768,-1.5711092178434347,-3.5168228689114804,-6.283141458649739,-6.283185477368325,-437.2498314531017
840.0,-0.4955106089301629,0.010559490101972619,-1.5710703180941008,-3.513555088742535,-6.283141360263543,-6.283185375121523,-437.8041599579804
841.0,-0.48945515809994333,0.010520756209733171,-1.571113603313838,-3.507805519438272,-6.283141820181488,-6.28318546137838,-438.3611726222828
842.0,-0.4911783825499948,0.010409573307533232,-1.5711976494894764,-3.509068388434871,-6.283143752028244,-6.283185384660473,-438.91768099599017
843.0,-0.4912016348672939,0.010458107494014249,-1.5711453876639023,-3.516551629516581,-6.283141607087217,-6.283185413818861,-439.47391482252283
844.0,-0.49510252790663983,0.010434090124933137,-1.5711808194010894,-3.5238792420883662,-6.283141750747011,-6.2831854853585565,-440.02849154797104
845.0,-0.5039924806749503,0.010461206878360536,-1.5711958525475227,-3.5157139758818077,-6.283140998124809,-6.283185571981469,-440.57972745627313
846.0,-0.51502605333498,0.01042075459875145,-1.571181522801262,-3.5234459416948165,-6.2831420898472805,-6.283185438116064,-441.1263271900756
847.0,-0.5196247218663171,0.01055683471595177,-1.5710842890639503,-3.523775839348726,-6.283138776615121,-6.283185547436121,-441.67082056359055
848.0,-0.5216547700059898,0.010588933908683283,-1.5710753639054091,-3.514958619904282,-6.283139269473491,-6.283185526128915,-442.21465286003485
849.0,-0.517194598128808,0.010609938037172568,-1.5710275951674597,-3.5134929690136456,-6.282403973611379,-6.28318540548551,-442.7601635069313
850.0,-0.5105285968981406,0.010606283022122019,-1.5710451769634042,-3.506387713096207,-6.282849872328464,-6.2831854866059835,-443.30854616348523
851.0,-0.5084571482236395,0.01048914808198218,-1.5711260140976924,-3.5086686954018913,-6.283023466580737,-6.283185369333245,-443.8578916439549
852.0,-0.5045841764437722,0.010497505808369532,-1.5711031546609848,-3.520239357675501,-6.283092322528921,-6.283185449309069,-444.4084745820191
853.0,-0.5000730178610996,0.010551325014215369,-1.5711035369756596,-3.517230107058735,-6.283119694606249,-6.283185597288694,-444.96094054878375
854.0,-0.49575031033041045,0.010512393527014666,-1.571115868915945,-3.5222052248468287,-6.283133144361151,-6.283185437013999,-445.5150742003474
855.0,-0.49233139013061383,0.010525513694988588,-1.5711260893323158,-3.518763927532132,-6.283137259258461,-6.283185575085333,-446.0707011492512
856.0,-0.4957349357825521,0.010451590691495719,-1.5711936519334306,-3.5119098454322417,-6.283140982512373,-6.283185529425232,-446.62529569821567
857.0,-0.4981222934477609,0.010477730076922957,-1.5711492831414569,-3.5092191308053193,-6.276453078526424,-6.283185439687811,-447.1787638767914
858.0,-0.5052803616834404,0.010433658822204362,-1.5711888273650678,-3.5077287377141686,-6.279267220245284,-6.283185439873327,-447.7295507882867
859.0,-0.5099127652911968,0.010496067084320417,-1.5711292147134102,-3.5071081780249247,-6.281568571991241,-6.283185452290934,-448.2784155426135
860.0,-0.5159542888894395,0.010476498415006861,-1.5711434586177273,-3.508940233292179,-6.282495583947085,-6.283185446679305,-448.8248524255201
861.0,-0.5146758427783829,0.010583324087681156,-1.571055216264429,-3.508165151170894,-6.282873844480562,-6.283185498103905,-449.37160898028424
862.0,-0.508528512195406,0.010604816200087238,-1.5710384812193452,-3.506858195141463,-6.28303051079614,-6.283185483984036,-449.92080800274374
863.0,-0.49888561194476577,0.010618552528124455,-1.571034892710561,-3.5011466926252117,-6.283094876278891,-6.283185518276268,-450.4740001740192
864.0,-0.4885931802153571,0.010548210401073718,-1.5710659565374816,-3.5083983129720258,-6.283123114780257,-6.283185400426628,-451.03124898321744
865.0,-0.48471328933045055,0.010457658801462162,-1.5711561573636645,-3.5179962464630257,-6.283134972843317,-6.2831854677118715,-451.59004860191845
866.0,-0.47712677850665197,0.010518807135410356,-1.571098865222334,-3.532255748387934,-6.283137109022832,-6.283185542794742,-452.1514690227855
867.0,-0.47572804084190645,0.010493442966173818,-1.5711739916672338,-3.529504730945851,-6.283139679187626,-6.283185655991338,-452.71369928524655
868.0,-0.4799079444781982,0.010466662772418764,-1.5712010258865499,-3.5191250611697273,-6.283100034448373,-6.278342793985179,-453.27458604472315
869.0,-0.4811240652174967,0.010532344823981176,-1.571134473391317,-3.503776296950791,-6.2831244192895666,-6.281281174540165,-453.83522124489406
870.0,-0.4800521450586125,0.010516726193405226,-1.57111445066669,-3.4959380734128116,-6.282109386836802,-6.282400767022386,-454.3964191556147
871.0,-0.4815935964130446,0.010495755699949452,-1.5711467267768267,-3.4816617278558297,-6.282734735134268,-6.282863110442888,-454.9574044679909
872.0,-0.48517017940069784,0.010441851173938914,-1.571157974600536,-3.479381817325983,-6.282975379133425,-6.283052911367148,-455.51705504829533
873.0,-0.488515395802352,0.010481234294597566,-1.5711397930580666,-3.472247391047877,-6.283072197109573,-6.283131059533115,-456.07547828186006
874.0,-0.496496741165731,0.010409317191147757,-1.5711818480145057,-3.4757450703561417,-6.283114176459824,-6.283163000722204,-456.6307227352288
875.0,-0.5059190500434515,0.010437438829720607,-1.5711640196299728,-3.480528425094894,-6.283129305397713,-6.283176260812376,-457.18203087296456
876.0,-0.5099306311224391,0.010557835883813487,-1.5710871681302683,-3.4749947156680654,-6.283133616438,-6.283181777861358,-457.73164784966013
877.0,-0.5110414714492126,0.01055510649257688,-1.5710777567019165,-3.4729783622143975,-6.283137578526068,-6.283183903432148,-458.280811696813
878.0,-0.5112493927368799,0.010511115893902776,-1.5710908317406778,-3.4832674993645925,-6.2831396196774625,-6.2831847991276435,-458.8296612324603
879.0,-0.5116368551752088,0.010516963746561896,-1.5711057916482913,-3.491747991628804,-6.283139552044053,-6.283185236849216,-459.3781576163309
880.0,-0.512048112998864,0.010536769473416223,-1.5711109114366022,-3.4929883268505946,-6.283139193283618,-6.283185482188772,-459.9264460585287
881.0,-0.5066317793909876,0.010618099913856982,-1.5710529054268714,-3.485510904677744,-6.28313836830077,-6.283185512918026,-460.47693710648485
882.0,-0.5025378587456654,0.010532541857261215,-1.5711033327825759,-3.4855847476804835,-6.2831410938987515,-6.283185400498868,-461.02918437834285
883.0,-0.5044149536350014,0.010437857654907751,-1.571173052469908,-3.492962248333254,-6.2831423193062665,-6.283185417825525,-461.5806733801321
884.0,-0.5104755065149882,0.010461178955876537,-1.5711866764340578,-3.487686868977232,-6.28314077393414,-6.283185564267302,-462.1298863557688
885.0,-0.5108769144960693,0.010536998085051631,-1.5711008863817482,-3.48588512326657,-6.2831396866098785,-6.283185459442744,-462.67879709385494
886.0,-0.5103206253371236,0.010530525136035663,-1.5711084198056817,-3.4831982084887394,-6.283140151664589,-6.283185479222877,-463.2279988097538
887.0,-0.5059429678649585,0.010530324839396093,-1.5710780415931433,-3.4932465758300033,-6.28314024747913,-6.283185430580936,-463.778658237027
888.0,-0.4967880011285258,0.010609411009888586,-1.5710466715893838,-3.4914964631571532,-6.283138472080773,-6.280085905110539,-464.3329508878847
889.0,-0.4897563202592241,0.010546242262756496,-1.5711031291717719,-3.4888201776138805,-6.283140598998461,-6.281966665993084,-464.89026435067063
890.0,-0.4908441017333407,0.010458324307503921,-1.571192291538449,-3.4796329512202258,-6.283142148846295,-6.28268330851357,-465.44756594063824
891.0,-0.49646961250504823,0.010410726055347253,-1.5712055829655023,-3.4774628734120308,-6.277927092661259,-6.282979143312258,-466.0026131720016
892.0,-0.5008195321252457,0.010433879262324903,-1.5711599315590012,-3.4876791299156062,-6.281084329626867,-6.283100668745441,-466.55567027113756
893.0,-0.5069151639602979,0.010475054890865709,-1.571163125951549,-3.4862940529508792,-6.282294466168577,-6.283150777355392,-467.10633614676124
894.0,-0.514292249428431,0.010482135569466032,-1.571155339464498,-3.4834819005889868,-6.282793157372533,-6.283171219716334,-467.6540980171309
895.0,-0.5169125373992027,0.010535105949463063,-1.5710923699176815,-3.485708267505799,-6.282997159045582,-6.282457803694988,-468.2006061256779
896.0,-0.520092746740322,0.010515383525305703,-1.5711152380165867,-3.487572075344427,-6.283081647835077,-6.28289926177238,-468.74581846691325
897.0,-0.5220479103011454,0.010530573793645012,-1.5711029707244708,-3.4892974862363255,-6.28311584269728,-6.283067562132624,-469.2901544434911
898.0,-0.5257348120517396,0.01052069591102627,-1.571127829044642,-3.484062839849458,-6.2831301680718425,-6.2831371159786285,-469.8331662329324
899.0,-0.5279840182828742,0.010504722506825465,-1.571110358215333,-3.4899626575304783,-6.283136692757335,-6.283165509774348,-470.3750904948237
900.0,-0.523675728173342,0.01059088800278234,-1.5710483905097827,-3.492412653497596,-6.283137073990351,-6.2831773296442295,-470.9185170071728
901.0,-0.5142924222217159,0.010627299051066685,-1.5710288934924994,-3.4899103935753097,-6.283137988420053,-6.283182182323686,-471.4657044506972
902.0,-0.5085731303227429,0.01052802806578835,-1.5711089173147375,-3.4907450034751335,-6.283141011843782,-6.283184079760618,-472.0153476354138
903.0,-0.5078983786145108,0.010451157093071043,-1.570624939820535,-3.491812810935089,-6.283141783224318,-6.283184920397526,-472.5652636485082
904.0,-0.5116865329738094,0.01042941620159726,-1.570812829077349,-3.500590264905946,-6.283142056175054,-6.283185217380873,-473.11356246169987
905.0,-0.509030310688741,0.010535183348907495,-1.5708438777809264,-3.511140595240479,-6.283139266172533,-6.283185401866757,-473.66250132171496
906.0,-0.5088743949832472,0.01050765763968977,-1.570973060654198,-3.516055248198326,-6.2831401596387035,-6.283185538089964,-474.2114967662037
907.0,-0.5108808664419211,0.010521076333849482,-1.5710370610213042,-3.5098156101243454,-6.283140131381396,-6.283185580993728,-474.7598684400153
908.0,-0.5105670989571588,0.010534586424180549,-1.571039707790592,-3.506669636568085,-6.283140463476581,-6.283185472222899,-475.30838474005196
909.0,-0.5103570725049874,0.010498908332608574,-1.571074990919237,-3.511366503516083,-6.28314147023795,-6.283185393188608,-475.8569063731652
910.0,-0.5086779136388763,0.010511560534803056,-1.5710767347723849,-3.519911771432828,-6.283140716862452,-6.283185452206433,-476.40586447940433
911.0,-0.5078634776847037,0.010535651065339036,-1.5711005335631731,-3.516291560244297,-6.2831399954724665,-6.283185595885678,-476.9552590340617
912.0,-0.5030392451358452,0.010572943949020423,-1.571064847591757,-3.5126040248169454,-6.283139896249147,-6.283185506524584,-477.5065962001677
913.0,-0.4972453000275281,0.010560307538828974,-1.5710810198975553,-3.5066620468983145,-6.283140611354508,-6.283185500105684,-478.06043792052077
914.0,-0.49731957118983755,0.010472998521150835,-1.5711587360929793,-3.4999270762010903,-6.283142388586115,-6.283185476721316,-478.614590436646
915.0,-0.49740179478212393,0.01048707964474498,-1.5711391236715406,-3.493873528335885,-6.280680212923432,-6.2831854514361085,-479.16876955856725
916.0,-0.5024208758690225,0.010412765226580217,-1.571187268609826,-3.49705788949987,-6.2821721983299055,-6.283185354225009,-479.72101763797474
917.0,-0.5072317780658995,0.010458464602299144,-1.5711534244501257,-3.500398627781167,-6.2827420599730415,-6.283185453966577,-480.2711983048586
918.0,-0.5047870217804933,0.010560883332455518,-1.5710680753004136,-3.5037204015657166,-6.282975243901466,-6.2831854773588285,-480.82208655388786
919.0,-0.5003632533777674,0.010559542704609851,-1.5710773841300716,-3.5063300180212598,-6.283072483528109,-6.283185497807316,-481.37469710275707
920.0,-0.5028774028028432,0.010467613917350483,-1.571166928583441,-3.5070057052905605,-6.283114095101238,-6.283185521537149,-481.92647656229906
921.0,-0.5025849620695836,0.010553559091467631,-1.571109647386954,-3.497108667307201,-6.28312848053426,-6.28318551640408,-482.4784789279165
922.0,-0.49625905346964977,0.010574830950827136,-1.5710591258529516,-3.49578008953475,-6.2831355882948925,-6.2831853905990505,-483.032952544179
923.0,-0.4900323758620099,0.010540608865000028,-1.5710918938567557,-3.494945880178207,-6.283139005353062,-6.283185445812834,-483.59002199403056
924.0,-0.4914551941597426,0.010452191847672876,-1.5711823225437582,-3.489916239276066,-6.283141391738743,-6.283185511721775,-484.1468464155395
925.0,-0.488018311439538,0.010556877848569573,-1.5710998103570957,-3.4770560799663794,-6.283139743830655,-6.283185443305562,-484.70517410243144
926.0,-0.4884315654751694,0.010454497221053502,-1.5711609374503772,-3.47381695596575,-6.2831423334226955,-6.283185357119241,-485.2635667521271
927.0,-0.4948927575624323,0.01043395330923079,-1.5712017861855085,-3.46140978654168,-6.283141945715918,-6.283185424795058,-485.819742574063
928.0,-0.49762516727866957,0.010467743546440585,-1.5711295746537495,-3.4632707954175963,-6.283141289278673,-6.283185309001814,-486.3746463169036
929.0,-0.49335510314705266,0.010548850945709808,-1.5710624238527668,-3.4680845085425784,-6.283139397290975,-6.283185397654886,-486.9309952838948
930.0,-0.48681155750140664,0.010543880564087484,-1.5710719083916325,-3.4766488869961902,-6.283139660039306,-6.283185446960698,-487.48978939937996
931.0,-0.4846277454917588,0.010501785203486087,-1.571139137692215,-3.4773993081182972,-6.2831401403354885,-6.283185577310225,-488.0495829363791
932.0,-0.48928734735778623,0.010432840717648731,-1.571199268678418,-3.4779352012817473,-6.283141461284644,-6.283185520541135,-488.607643854113
933.0,-0.4975899024025933,0.0104313599728431,-1.5711982534663267,-3.477852439348976,-6.2831410673029815,-6.283185508844504,-489.16239157991487
934.0,-0.5024011849097577,0.010496155587513632,-1.5711299390324336,-3.481376326136067,-6.283139864976249,-6.283185453710837,-489.71497842129804
935.0,-0.5033184109863892,0.010550149502300573,-1.5710917233695492,-3.481816440172527,-6.283138976755727,-6.283185516290218,-490.2670775830898
936.0,-0.5049296554827486,0.010497277872871908,-1.5711175956153582,-3.49191807988689,-6.283140423462834,-6.283185469796758,-490.8183386718662
937.0,-0.5100564343188487,0.010512350184541368,-1.5711495119125944,-3.4858762062078235,-6.283139802089219,-6.283185583524903,-491.3677239812961
938.0,-0.5116710520016026,0.010519334552366115,-1.5711011221728395,-3.4927923843553157,-6.283140186141555,-6.283185438594631,-491.916191203851
939.0,-0.5135441279595628,0.010527831514333588,-1.5711157682938213,-3.493243226739802,-6.283139756769041,-6.283185548070454,-492.4639001703486
940.0,-0.51564739392885,0.010519602932616393,-1.5711194036252327,-3.4941322250891327,-6.283140233429706,-6.283185498183853,-493.01073729443027
941.0,-0.522307583848585,0.010496011976843458,-1.5711629927200996,-3.4841760075208166,-6.283140781375822,-6.283185517933166,-493.5552190464156
942.0,-0.5217315335579858,0.010559112964976464,-1.571068374250162,-3.4843678260352338,-6.283139948507723,-6.28318537508996,-494.0997139124499
943.0,-0.5172963425945888,0.010575769402415747,-1.5710594222895022,-3.4839440048342656,-6.28313964764775,-6.283185455760331,-494.6459510104478
944.0,-0.5110466908408775,0.010574523218687478,-1.5710675384221091,-3.4811671114188716,-6.283139832423368,-6.283185490448643,-495.1947620715834
945.0,-0.5095452622739879,0.010473779760841373,-1.5711429131956642,-3.48556732989921,-6.28314196602517,-6.2831854041703075,-495.74424691372184
946.0,-0.5098956707396782,0.010448448996405513,-1.5711525262911237,-3.4984085233872584,-6.283141293376594,-6.283185488304557,-496.29332535016
947.0,-0.5065572290953567,0.010541618769928344,-1.5711014733308493,-3.5031390030054963,-6.283138971680101,-6.28318558126602,-496.84351503857334
948.0,-0.49849786017005976,0.010606452315678408,-1.5710631841563312,-3.4989226490089376,-6.283138479083333,-6.283185603320148,-497.3969597106595
949.0,-0.49515747077631295,0.010495656641914368,-1.571142985220681,-3.500376097198016,-6.283141757387461,-6.283185455727346,-497.95190866712284
950.0,-0.4900639490635642,0.010557022402973,-1.5711092862994245,-3.4908867452904238,-6.283140143750658,-6.283185509638674,-498.5090652093687
951.0,-0.491930925272591,0.010442891008550814,-1.5711930760608985,-3.4844283149270567,-6.2831426269615385,-6.283185452084331,-499.06583536048754
952.0,-0.49296103958903664,0.010450680307073867,-1.5711530735922026,-3.4898539805692947,-6.283141884200028,-6.283185364538289,-499.6220140773697
953.0,-0.4948440276451665,0.010485646009902297,-1.5711529740601164,-3.4858454979427047,-6.283140367094463,-6.283185539009532,-500.1775291556342
954.0,-0.4953784341128817,0.010516223337949592,-1.571127121057008,-3.4789484723895048,-6.283140097655846,-6.2831855075384135,-500.7329342632832
955.0,-0.49919332038701386,0.01045685331635975,-1.5711633967325587,-3.477507502291976,-6.28314164427672,-6.283185413135298,-501.28693060306875
956.0,-0.5079339616567295,0.010414008557215696,-1.5711927381516648,-3.4807159076133702,-6.283141942823155,-6.28318541391626,-501.8374224400724
957.0,-0.5179923888631766,0.010423764541112742,-1.5711709912690712,-3.4920404223911965,-6.2831409459682,-6.283185468666642,-502.3835692439609
958.0,-0.5217003394710121,0.010555337075454871,-1.571082203102861,-3.496393231735955,-6.283138090051986,-6.283185562642573,-502.9278875983914
959.0,-0.5287992830830995,0.010484317764099542,-1.5711384923584806,-3.5057427815426903,-6.283140404507683,-6.283185509027797,-503.46922501184497
960.0,-0.5318838481530903,0.010558121716250521,-1.5710818918020977,-3.5124216857893127,-6.27885158988786,-6.283185552056107,-504.0088876022121
961.0,-0.5352618264587773,0.010553767554100013,-1.5711019252764595,-3.5135315816828614,-6.28144856585101,-6.28318557715348,-504.54723041753783
962.0,-0.5327493960361009,0.010606008936956145,-1.571045843034717,-3.515531159801886,-6.282444051587796,-6.283185508059122,-505.08640210781186
963.0,-0.5277208211272953,0.010577176504416544,-1.5710570446105852,-3.5238320127004714,-6.282854821487813,-6.28318546744757,-505.6273965270042
964.0,-0.522447850336418,0.01059237233800037,-1.5710764122698528,-3.51952176563639,-6.283022574731415,-6.283185592400125,-506.1706427767312
965.0,-0.5130568202940141,0.01061159179109637,-1.5710485631105457,-3.5146957921491273,-6.2830918668232885,-6.28318551048311,-506.717731338604
966.0,-0.5074339523490431,0.010505748958092163,-1.5711230717546154,-3.5170063440873265,-6.280413488205478,-6.28318541116968,-507.26714504653563
967.0,-0.49840778319870493,0.010564837761899905,-1.571079800153177,-3.5156970976449013,-6.2820638364783035,-6.283185497117755,-507.8201882785184
968.0,-0.4950537878641987,0.010495198910008635,-1.5711597905111818,-3.506697460817541,-6.282699689823833,-6.283185504464465,-508.37501298551666
969.0,-0.4954394281327149,0.01046609634609791,-1.571178307914484,-3.4955405164245192,-6.282960801494598,-6.283185450713533,-508.93003056978745
970.0,-0.49553097263925666,0.010469006345731682,-1.571154395652116,-3.4892628799834275,-6.283067478987499,-6.283185394381333,-509.48514322868675
971.0,-0.49472010234260805,0.01045342412218386,-1.5711396370580082,-3.4961788874456494,-6.283111354077647,-6.283185356207471,-510.04041821324995
972.0,-0.49528211576321307,0.010480525367190956,-1.571148614978014,-3.494832120458561,-6.283128015239177,-6.283185532283284,-510.5955198479187
973.0,-0.495927568791898,0.010470675108363059,-1.571141176622841,-3.501378270027771,-6.2831359566019325,-6.28318542807071,-511.15020774886784
974.0,-0.49709361157555343,0.010495215177581434,-1.5711396121558865,-3.502583371769412,-6.283138122251222,-6.283185539921069,-511.7043930909907
975.0,-0.49803689589759687,0.010505284768337248,-1.5711308785228826,-3.5035818864199726,-6.283139497057712,-6.28318550476894,-512.2581580336974
976.0,-0.4952011531217752,0.010556830895218406,-1.5710890664728598,-3.502020450490148,-6.283139198032593,-6.283185517422881,-512.8130035629576
977.0,-0.49542900838339665,0.010491298566539096,-1.5711400469807684,-3.503485382137662,-6.2831412409210765,-6.283185459617195,-513.3678372341199
978.0,-0.49705465828453743,0.010503743827895973,-1.571142226576723,-3.498485171938235,-6.283140569321395,-6.28318554436044,-513.9221399029543
979.0,-0.49798204566356324,0.010504155144774607,-1.5711280347582275,-3.496858472775184,-6.283140909665413,-6.283185447855922,-514.4760833668277
980.0,-0.4963048063880152,0.010464402756782822,-1.571101904763864,-3.504214252414682,-6.28314073075278,-6.283185411748675,-515.0304863294015
981.0,-0.4951090292589675,0.0104466332197517,-1.5711233053343634,-3.518297773410153,-6.283140766161636,-6.283185508880671,-515.585071948492
982.0,-0.49487670287300806,0.01049442384903013,-1.571129272458521,-3.521953133047424,-6.283139757263525,-6.283185617793826,-516.1396623285293
983.0,-0.49633249863921763,0.010499888125501419,-1.5711412391367496,-3.519935531362162,-6.283140316441405,-6.283185594958051,-516.6937414938967
984.0,-0.5001400705460738,0.010445521796861245,-1.5707538240858694,-3.5263477673740913,-6.283141807372731,-6.283185458165815,-517.2460984799596
985.0,-0.4988778297106303,0.01056020070486167,-1.5708032651066863,-3.529217985129088,-6.2831394280107835,-6.283185522633114,-517.798743762814
986.0,-0.49567794972877627,0.010568513713339578,-1.5708967287098827,-3.5285099899617194,-6.2831398931301905,-6.283185539282538,-518.3527026085075
987.0,-0.49713072597450686,0.010508378804619634,-1.5710208344214347,-3.522037571370097,-6.283141514696292,-6.283185543929047,-518.9063805013412
988.0,-0.49304034555638687,0.0105809631232503,-1.5709891223637749,-3.5136103215358445,-6.283140080474496,-6.283185484533323,-519.4617598812242
989.0,-0.4913073204337556,0.01051720504665999,-1.5710691202753937,-3.504581224186197,-6.283141838190363,-6.2831854520336154,-520.0181749968023
990.0,-0.495315268212437,0.010424575963727303,-1.5711440956926987,-3.504888963472418,-6.283143426718497,-6.283185352153952,-520.5731209662632
991.0,-0.49710157824021944,0.010469481880454094,-1.5711065407924327,-3.511985495838617,-6.283141414150573,-6.283185393911385,-521.1270822135879
992.0,-0.5025475558902229,0.010449604680936562,-1.5711512670158867,-3.516787518147143,-6.283141388797,-6.277209661009991,-521.678813920032
993.0,-0.5062275170400495,0.010519207598550899,-1.5711122737080507,-3.514864425082698,-6.283139700592079,-6.280825350951409,-522.2290031983637
994.0,-0.5142443967574494,0.010479536120732083,-1.571157939551093,-3.5082116592314647,-6.2831411132838255,-6.282213367026267,-522.7762160133592
995.0,-0.5181444332419284,0.010533768870118247,-1.57109349582322,-3.505311419758012,-6.283140251190476,-6.282786126819792,-523.3217724105195
996.0,-0.5184702283115519,0.010562721969850456,-1.5710719920450265,-3.5009425238828613,-6.283139882505817,-6.283021426326576,-523.8672216906118
997.0,-0.5190494756843559,0.010529254659434925,-1.5710970086001392,-3.498809721050307,-6.283140888816953,-6.2831180459716505,-524.4125195693484
998.0,-0.5179955561318598,0.010539366394136808,-1.5710885775768353,-3.497004530134843,-6.283140504888721,-6.283157769312897,-524.9582450374717
999.0,-0.521906798804262,0.010475427529531641,-1.5711538006129624,-3.4926815943347473,-6.283141589026283,-6.2793658316266345,-524.9582450374717
