time,shoulder link,upper arm link,forearm link,wrist1 link,wrist2 link,wrist3 link,total_reward
0.0,3.3893196922450383e-06,6.104912909551897e-05,-1.2229259654968328e-05,-5.905985220345632e-06,2.7403471111170218e-05,0.00017647910530141562,-0.9111607981031667
1.0,-0.002232230661854103,0.004263379367820339,-0.0013832666548947061,-0.00567311798336695,-0.0001754698065035964,-0.011001399054720242,-1.822537624378131
2.0,-0.006859275594206158,0.008642746216201761,-0.007956809962693757,-0.018995060300430248,0.002933698730344267,-0.026744370227995456,-2.732496668795516
3.0,-0.01221451033089839,0.01137933983847464,-0.01868169211642357,-0.03560613276630927,0.0033724626000373316,-0.032677612418791156,-3.6393022708422995
4.0,-0.020225557515429947,0.012963822334598803,-0.032201170208639114,-0.050370566322370566,-0.0008824187901498591,-0.04622360598058816,-4.540384825474626
5.0,-0.031174498643084903,0.013867152107515185,-0.04755570745367892,-0.06750539780766213,-0.013662314313343454,-0.054157155307313735,-5.433201731152188
6.0,-0.04480518520160931,0.013848475978530799,-0.05799841898084223,-0.08568890840557823,-0.03003334925648085,-0.06847353018094152,-6.3164329866077935
7.0,-0.057625291285315794,0.014439946919123892,-0.07095235393236636,-0.10427855911112649,-0.047888620898309135,-0.08547727499035386,-7.190184079740934
8.0,-0.07141674110094275,0.014652732406206148,-0.08423243077291057,-0.11981018874966262,-0.0663598452368905,-0.10359337214718047,-8.053629007054518
9.0,-0.08692083149590184,0.014694286326974157,-0.09673588664767704,-0.13611305755772768,-0.07826326802333176,-0.1212368137132961,-8.905937463378015
10.0,-0.10085338383757812,0.01478462105419858,-0.10928932991657814,-0.15392174428555347,-0.09417228671071948,-0.1386219912943038,-9.747783720709476
11.0,-0.11282166519050883,0.015004878296752688,-0.12388014792971817,-0.16844346565468016,-0.10938019118040412,-0.15091380327508488,-10.579949449233691
12.0,-0.12357803652474791,0.014966822466042667,-0.13817050341725423,-0.18546071580520457,-0.12498916888015307,-0.15866870315253395,-11.403101504026266
13.0,-0.13616778680006092,0.015065360703204595,-0.15393966330489542,-0.1982905469235327,-0.14250224431547573,-0.1713804765473791,-12.215870781280103
14.0,-0.1509130582047675,0.015120802117624971,-0.17072502530256747,-0.21458481882639077,-0.16082975001014435,-0.18475663641825857,-13.016718787566234
15.0,-0.16316611131252698,0.015100705504556864,-0.18821038505134063,-0.22798545983433754,-0.17949162642493321,-0.20084752060692174,-13.80665488826475
16.0,-0.17612831256408312,0.01501686337643773,-0.20540086643402253,-0.24451436973679225,-0.1918594954632495,-0.2172374722159991,-14.585634938710632
17.0,-0.1911734445194037,0.014869411135571754,-0.2213524998594936,-0.262437019126238,-0.20507257274146276,-0.235076761574968,-15.352517366900743
18.0,-0.2076743281014142,0.01482063822542639,-0.23681063420956633,-0.27661523683713535,-0.21464462915439383,-0.25182116714981023,-16.106469138703552
19.0,-0.22507807286004916,0.014714993964175627,-0.2505696490619878,-0.2934840587962144,-0.22717099365881374,-0.2698007061008255,-16.847119468207907
20.0,-0.23735003384930117,0.01487988158883527,-0.2659370630007509,-0.2983369959348544,-0.2322137107526959,-0.2883194229137167,-17.577084113773406
21.0,-0.24955083223415855,0.014722373917667704,-0.27892720109933555,-0.31143442392971704,-0.23693725502605686,-0.3070617212152366,-18.297106768869842
22.0,-0.2640605191549309,0.014947164784940207,-0.29374488689923905,-0.32697141707622956,-0.24993879529942287,-0.323326695795711,-19.005415146728733
23.0,-0.2790369936465063,0.014942290959323621,-0.3085634215095419,-0.343779573059056,-0.2664021408812751,-0.34109352771077905,-19.701422000769142
24.0,-0.2949715036883421,0.01475352772248049,-0.3213921954377871,-0.36175985586977943,-0.28429594513417206,-0.35285724639277466,-20.384818815568355
25.0,-0.31199851075377943,0.013939362570425983,-0.33550917484252285,-0.37497610655746905,-0.30171402935020314,-0.3687055526404465,-21.0543791695492
26.0,-0.32934742566844577,0.013746450632862181,-0.34779551657472074,-0.39146878105030747,-0.3155128558640528,-0.3823585904270576,-21.71044574863277
27.0,-0.3471341138377243,0.014312345427725965,-0.36199965218229796,-0.40933425757700387,-0.3322318501050058,-0.39726021386923893,-22.35267520388859
28.0,-0.3616264142590205,0.014629638624103896,-0.3777791642432817,-0.4194060495493791,-0.35023091883170937,-0.4144753833484126,-22.982380330005327
29.0,-0.37591112916592145,0.014828793993756056,-0.39458547037117014,-0.43456469361534816,-0.3687596970062186,-0.4326780091942037,-23.59960518922556
30.0,-0.3916975172126545,0.014898078680460126,-0.41209135099829663,-0.45192300575509725,-0.38750600862537155,-0.45128977574548507,-24.20317772935114
31.0,-0.40864273759296266,0.014847014946097215,-0.42945922446528595,-0.47018423502698875,-0.4063424467688061,-0.4674994258105921,-24.792276762434664
32.0,-0.4263325183633204,0.014861664293411665,-0.4472895907409152,-0.48880896269204505,-0.4206354086326019,-0.48524329844501535,-25.366378026504613
33.0,-0.44447655900891325,0.014718050456378223,-0.4640787336990577,-0.5071143414250678,-0.4373642741382167,-0.4865231530845221,-25.92524008632152
34.0,-0.4585210379148997,0.014620539207790387,-0.47969305731930456,-0.5234342463103441,-0.4499692345898074,-0.49058056197419164,-26.471498929653514
35.0,-0.4709859133643867,0.014751149202700157,-0.4963214050053233,-0.5411912211311768,-0.45287987013031233,-0.499504177754071,-27.006317735681183
36.0,-0.48504252576951123,0.014470452956677567,-0.5099572308396966,-0.5596352717034843,-0.4451068676521472,-0.513490926430711,-27.529310047199065
37.0,-0.4986943879854002,0.014343394610226387,-0.5215993047562343,-0.5760368597478781,-0.45306063675584324,-0.5303456577858932,-28.040893745136337
38.0,-0.5134215471558158,0.01462505218745322,-0.535501483891039,-0.5900515460462761,-0.46698410674176416,-0.5462224160213595,-28.540133040124488
39.0,-0.5296447496595952,0.014768481051526778,-0.5507425214972653,-0.6068678217183033,-0.4820007643513521,-0.55688535612989,-29.02565327271031
40.0,-0.5468627235545217,0.014596024824129162,-0.5646371181468919,-0.6234950993014371,-0.49599572538774134,-0.5722891899010895,-29.496943908413957
41.0,-0.5609403420264312,0.01475130145711186,-0.580065497703756,-0.6414066214891551,-0.5057890088011793,-0.5897413706577574,-29.955610423165666
42.0,-0.5751400490263415,0.014657063056543759,-0.5957492607102787,-0.6541693534888565,-0.5181575513523596,-0.6080428326538772,-30.401598167196678
43.0,-0.5903102783635241,0.014012937533430931,-0.6042335146214943,-0.6704687741862604,-0.5335439530377756,-0.6266954411844888,-30.835535386906095
44.0,-0.6066834997889922,0.014452155915272227,-0.6157991766906328,-0.6882197488403786,-0.5509844202356856,-0.6376180708385156,-31.256539669476652
45.0,-0.6199084508947206,0.014652328456517769,-0.6291044214412473,-0.7051470096765328,-0.5692843298151767,-0.653142259938389,-31.665802562921098
46.0,-0.6331941235498879,0.01464293266794624,-0.6443467932237052,-0.7074213922935817,-0.5879316472637588,-0.6706447285160495,-32.06312648562285
47.0,-0.6469362625688891,0.014730641103827985,-0.6607548676040534,-0.7195085712580744,-0.6067296839869577,-0.6889667897199513,-32.447795835365255
48.0,-0.6588947177563624,0.01469223134663292,-0.6780052715430359,-0.7322446089337931,-0.624143879043774,-0.7076278874818277,-32.82052337698266
49.0,-0.6721350848820269,0.014378164771309552,-0.6943257196720675,-0.7336716823969124,-0.6423996800087645,-0.7238362022635146,-33.18094000783731
50.0,-0.6873963064930587,0.014269582609275218,-0.709383091761201,-0.7408928838424876,-0.6482206565500895,-0.7415790024433657,-33.52831080827701
51.0,-0.7040274903190779,0.01430456382733465,-0.7256696153336142,-0.7410851704857612,-0.6617396465258485,-0.7599994682378344,-33.86164366638656
52.0,-0.719780541878095,0.014167021975327937,-0.7404029082723349,-0.7418447859253248,-0.6701871606725738,-0.778701129329275,-34.18175349396542
53.0,-0.7360373252256841,0.014025209015096617,-0.7537478673699199,-0.7383531152840346,-0.682031155620338,-0.7972605066869662,-34.4888729308252
54.0,-0.7532269062564204,0.013903483271753721,-0.7651951122951073,-0.7324653061870784,-0.6979706023280324,-0.8155483917214223,-34.78302356964256
55.0,-0.7632560529927911,0.014041842308593549,-0.7770754773364759,-0.7189947302226887,-0.7156574254274324,-0.833008962720903,-35.06823182379555
56.0,-0.7736145003311965,0.014080436278970158,-0.7885274596630429,-0.7131904407603652,-0.7340451104431815,-0.8489922110045046,-35.344619243680576
57.0,-0.7867363641727668,0.014262374156064477,-0.8023720034779274,-0.7077767129762295,-0.7527348104096034,-0.8614370293902828,-35.61011768605118
58.0,-0.801883022419292,0.0140576368937999,-0.8151270134511783,-0.6979133046661978,-0.7715464452477101,-0.8763621903917258,-35.86383527979949
59.0,-0.8184410957209419,0.014248896741779853,-0.8297698638983722,-0.6975359850868739,-0.7880160501693032,-0.8878509385099552,-36.10466745128241
60.0,-0.8358758752871945,0.014271267790316,-0.8458250008809204,-0.6989638204667012,-0.797210650553183,-0.8951379344478888,-36.33185575433695
61.0,-0.8474695338665776,0.014101792588818857,-0.8611646554942513,-0.6953341170635976,-0.8070534240978754,-0.9066228813875473,-36.5484658153521
62.0,-0.8571439571370381,0.01412202052281549,-0.8776634012832103,-0.6958304848447626,-0.8176369270616359,-0.9023167514080673,-36.75539889331732
63.0,-0.8642106018846251,0.014099066654839504,-0.8949540442700525,-0.6996681190258984,-0.8330260838288304,-0.903993099612317,-36.95346539712289
64.0,-0.873819903986197,0.013914018767866599,-0.9127965026346785,-0.6967606056529339,-0.8504670180151547,-0.9050333247308843,-37.141530891013716
65.0,-0.8866764525988844,0.013412734386390759,-0.9252651350274976,-0.6985592896204528,-0.8687642280476016,-0.900809957025572,-37.319132118717235
66.0,-0.8966599079896187,0.01372204185324432,-0.9395405967789526,-0.7087372601960917,-0.8861851887438724,-0.8941113296458574,-37.48729263410059
67.0,-0.9081821188459862,0.013806409043180244,-0.9554449824967731,-0.724021710796389,-0.9044434029881286,-0.8924909856749677,-37.64471809058508
68.0,-0.9205463354727477,0.013266321744730655,-0.9654012835894841,-0.7403338623818871,-0.9230777472621206,-0.8954494896316776,-37.792304209550885
69.0,-0.9348034502125326,0.013449229879021323,-0.9775860181140779,-0.7500187925120799,-0.9415650777553153,-0.8949317834068969,-37.92962282384008
70.0,-0.9467694467968072,0.013611275533906718,-0.9919597794179613,-0.7531078131332476,-0.951794706223733,-0.8929502098074701,-38.0573713656097
71.0,-0.9599708292846829,0.013657892259594715,-1.0078953975417881,-0.7597935123195335,-0.9630389006025152,-0.8838810776949944,-38.17467951035264
72.0,-0.9752009901783856,0.013649726825634357,-1.0248331809661044,-0.7735588053226703,-0.9787076269264358,-0.8690937104566181,-38.280441997103175
73.0,-0.9917729155271161,0.013514413098053254,-1.0424674204238145,-0.7822898081691096,-0.9959359860133596,-0.8604220049076517,-38.37472059391608
74.0,-1.009206606008721,0.01346435049013954,-1.060346669747002,-0.7969086450337004,-0.9974650531849348,-0.8523916177223592,-38.457806098388566
75.0,-1.0271160663146057,0.012993672649372819,-1.0746428268728783,-0.7978188335582154,-1.0011804085873257,-0.8380699635472524,-38.532580626621304
76.0,-1.043368390933933,0.012997198540679392,-1.0883455705256497,-0.7954394999491765,-1.0137673938643903,-0.8380885197564077,-38.60201161192961
77.0,-1.0594772180616492,0.01320396078595938,-1.103691299989797,-0.8015902073057924,-1.0271190337038174,-0.8343218419837842,-38.6674080067005
78.0,-1.0757315015489284,0.01288045326190063,-1.114724102277503,-0.8128376651687085,-1.0436740896058656,-0.8386790916943123,-38.73258711002569
79.0,-1.0928227932985708,0.01309559890731905,-1.128145874575792,-0.8265410638449923,-1.0610522136592795,-0.8486105051104529,-38.80012545939589
80.0,-1.1050310294846433,0.013086663255631037,-1.1420573580355213,-0.8339075463458546,-1.0729563906870052,-0.8476544157786765,-38.86962333671837
81.0,-1.1091570885314126,0.012621700292875368,-1.1498365302756597,-0.8325193659532749,-1.086588948663803,-0.8504493759751373,-38.93985399867806
82.0,-1.1070723837245366,0.012934451051899916,-1.1608205246737036,-0.8236373896523469,-1.1032719854935629,-0.8404291942016471,-39.007392047485745
83.0,-1.1014791200775071,0.013117622766280196,-1.1744617558130395,-0.8167560116919736,-1.1212516509082702,-0.8425266000361826,-39.06938556376857
84.0,-1.0936666742738672,0.013128508886298833,-1.1895077080545076,-0.8147167063863971,-1.1397691173954982,-0.8371722120954725,-39.12399245944036
85.0,-1.0824874562531384,0.013107316340694453,-1.2058415616375977,-0.8156960010720535,-1.1448757946207926,-0.8460634117289639,-39.16768881584377
86.0,-1.0740651908463454,0.012890846912819285,-1.2231729062735295,-0.8106683238047575,-1.1581038674412132,-0.8608276057896702,-39.20258315645669
87.0,-1.0665648977239375,0.012801111056478338,-1.2409794916895776,-0.8099724470876307,-1.173037648471465,-0.8686713320879103,-29.229936022653256
88.0,-1.0665523345867318,0.01243708690896635,-1.2557790533857296,-0.8190464235776572,-1.19026075318889,-0.8829606981852702,-19.255876246536666
89.0,-1.0644251791828048,0.012540429103084151,-1.2715540568385937,-0.8316775588197508,-1.2023926498069268,-0.8777335597879427,-19.280721778664173
90.0,-1.0567880473297002,0.01253078028586013,-1.2884107934778666,-0.837818174409578,-1.218390759753263,-0.8669060664192006,-19.303731024381037
91.0,-1.0527680996684847,0.012448236947084653,-1.3060397877660375,-0.851425033772825,-1.2360782872929503,-0.8642827393748501,-19.33000314267619
92.0,-1.0560678867750313,0.011919027245805357,-1.3179578260607308,-0.8675511341300207,-1.2482378975585542,-0.8729763872224842,-19.36251420943265
93.0,-1.0650122141560274,0.012001742463961351,-1.3319213278380801,-0.876372036129566,-1.2642517299881093,-0.8876347875235308,-19.40371023908539
94.0,-1.0723347581848193,0.012027660904211035,-1.3452010054350727,-0.8870831075640235,-1.281967639614129,-0.9047806459606463,-19.45322287872154
95.0,-1.0716954936303078,0.012208744374269673,-1.3602301915181267,-0.8962590495957387,-1.300373470655405,-0.9229554171626853,-19.50836654051254
96.0,-1.0678118330831219,0.012238961821000068,-1.3766343960842145,-0.9106505558890677,-1.3190594946941898,-0.9257332574534662,-19.569088922551877
97.0,-1.0607626790627886,0.012187011930071798,-1.3938597155156498,-0.9276943930003916,-1.3365879096387645,-0.920880408750374,-19.635754727562723
98.0,-1.0536042716431793,0.011779305752297926,-1.407194194640726,-0.9416467451632299,-1.3548929301997295,-0.924215160679763,-19.707846071253435
99.0,-1.0455810474553517,0.011836537192148337,-1.4213536193676477,-0.9583895695050715,-1.3644340106715296,-0.9366001624578882,-19.78587210672327
100.0,-1.0380042980854427,0.011814397149766115,-1.4371319046059292,-0.9717476966989201,-1.3794115363446144,-0.9528047950569736,-19.87101417475267
101.0,-1.030919107656989,0.011733515326481257,-1.4535530158352339,-0.9834078079435118,-1.393535677661261,-0.9705904807811475,-19.963919690300127
102.0,-1.0251269132917822,0.01163293012456943,-1.4708337942956728,-0.9903373286172824,-1.4104073904341003,-0.9889723441327275,-20.06485375493202
103.0,-1.0267733369741954,0.01143411736792925,-1.488764709449171,-0.9906087419066132,-1.4253028123360305,-1.0076572425159855,-20.173595358793374
104.0,-1.032452683194047,0.011278767128630612,-1.5048263316329589,-0.9941959938417383,-1.4359228360588148,-1.0264682460798795,-20.289682719917092
105.0,-1.038659130633753,0.011333147471064701,-1.5217211847087664,-1.0009761981191367,-1.4513090024310742,-1.0373192070697668,-20.413726087930243
106.0,-1.0435958198360726,0.01127204859653477,-1.5378249865250677,-1.010829055595619,-1.4687579159485311,-1.0528163587815516,-20.54591710672816
107.0,-1.0423856428804823,0.011051483345177717,-1.5487217142962475,-1.0216107913323,-1.4836566387818186,-1.05922699343571,-20.684164980552605
108.0,-1.036777321353311,0.010980614771135249,-1.5559813911627345,-1.0370751334946835,-1.4960134067389226,-1.0674904893775288,-20.827134071264584
109.0,-1.033329838792711,0.010760902500216166,-1.5609633926786253,-1.0323599946692807,-1.5002131366588873,-1.0818999463415766,-20.97197336068352
110.0,-1.0343754041997575,0.010782988157438698,-1.5642030404736722,-1.031676364573719,-1.5130535162069945,-1.0964121901922634,-21.118325142547366
111.0,-1.0355073595180295,0.01088579461447595,-1.5662975693707022,-1.0352333851477196,-1.5239395360183494,-1.111066720160882,-21.266091356385914
112.0,-1.0368603455676486,0.0109470470440346,-1.5677074583546602,-1.0413191534295134,-1.537444491897143,-1.12816973300806,-21.415367542977826
113.0,-1.0391249854528697,0.01096419100583184,-1.5686652883136305,-1.0457110902045108,-1.5467210201870711,-1.1370234533307968,-21.56582261094346
114.0,-1.0352008421353585,0.011098258525729123,-1.5692026391258918,-1.0522562320551094,-1.5612501387178144,-1.1517249926398065,-21.717289674707285
115.0,-1.0323770043279,0.011012612253917656,-1.5697027842274076,-1.0483777204047722,-1.5783282227285276,-1.168888275002,-21.868974437296814
116.0,-1.026358900785552,0.011107990115780005,-1.5699207809252655,-1.047447865892768,-1.5964821753741787,-1.1870702851464658,-22.02083726734209
117.0,-1.0160748326705267,0.011230922135690685,-1.5700340799380834,-1.0581594873090332,-1.613742508536115,-1.2056735077522405,-22.173935107826225
118.0,-1.0027997395140946,0.011216766581829588,-1.5701710633401356,-1.0681023965860836,-1.6319397776015092,-1.2244508595757988,-22.32857139244416
119.0,-0.9987971674166858,0.010978557252312072,-1.5704513538319684,-1.0657175352355432,-1.6505363109989848,-1.2380973535582582,-22.483768936140038
120.0,-0.9986111681330953,0.011010224731828801,-1.5704908137341682,-1.0678273546809305,-1.6693206725803462,-1.2481128614982973,-22.63963649835863
121.0,-0.999026137244981,0.011060256631603753,-1.570493582287085,-1.073665619381478,-1.6881751926553517,-1.2632478845431132,-22.796599842952737
122.0,-1.0025369284423362,0.010118959095174058,-1.5704936172137998,-1.0797143202086337,-1.707053357823613,-1.2805890480164264,-22.955417233981514
123.0,-1.0044196467096478,0.010309081661895132,-1.5705296080477191,-1.0915490816387563,-1.7259503365693487,-1.2988445559937907,-23.116144755996633
124.0,-1.0031057151242424,0.010614436140978074,-1.5704984157185258,-1.1028591356078208,-1.744849005417158,-1.3100981238753897,-23.278576486473764
125.0,-0.9962002106023099,0.010814625308120508,-1.5704690550343194,-1.1075781061564467,-1.76293198244987,-1.3257495377377655,-23.441921766345175
126.0,-0.9876062272578655,0.010950330578536817,-1.5704672720169697,-1.1163331818145426,-1.7785901897194223,-1.3433043272769944,-23.606595694099077
127.0,-0.9827168538583637,0.010931222832547228,-1.5705514609617963,-1.1224957367116846,-1.7923659310637265,-1.3616482134412247,-23.77251904318372
128.0,-0.9753554064244376,0.011017847394182257,-1.5705161671742562,-1.127748383270734,-1.8056154140780862,-1.3793960478142875,-23.939493120324116
129.0,-0.966958664141941,0.011077084706923566,-1.5705051034756528,-1.1375178144812197,-1.8221175036145099,-1.3978040378700807,-24.108257085543983
130.0,-0.9603480739918693,0.010996783976743262,-1.5705789385322961,-1.1370460204334587,-1.8400244692019165,-1.414901878044354,-24.27792782232201
131.0,-0.9593144356618061,0.010980988688098626,-1.5706194607892758,-1.1416508816387516,-1.8508473580310327,-1.4299687370253187,-24.44857771270407
132.0,-0.9648559736837641,0.01094901184575809,-1.570659166913727,-1.1486854210376725,-1.854081075328323,-1.447231118080258,-24.6200655492342
133.0,-0.9640449118352404,0.011025044250466557,-1.5705714902511352,-1.1439592828785532,-1.8636217884578135,-1.465452625758098,-24.791337508755323
134.0,-0.9571203578583677,0.011199210647391163,-1.5704526342604075,-1.1531689570535792,-1.8786019966653245,-1.4840721937765593,-24.96416600671418
135.0,-0.9505967623801372,0.011172192267640815,-1.570487699760498,-1.1678443963744651,-1.8931514910843346,-1.4976515373449473,-25.139497906683893
136.0,-0.9449809816557319,0.0110595330621379,-1.570564678441638,-1.1717293376447997,-1.9102086662537934,-1.5101812886693395,-25.316336776646253
137.0,-0.9436028810092361,0.011031761259726151,-1.5706015533791797,-1.1808597365630624,-1.924428639729095,-1.5263758203908422,-25.49490188239898
138.0,-0.9426042006831508,0.011041216502474601,-1.5705910357816235,-1.190257337944583,-1.9413329248799982,-1.544155464727749,-25.67529884576125
139.0,-0.9384794620155341,0.011116573279616328,-1.5705319190751312,-1.2051339791922804,-1.9581337398241505,-1.5586361988616673,-25.858234945323915
140.0,-0.9356964422904835,0.01107814902245182,-1.5705693529449951,-1.2223961935092607,-1.9761398784459585,-1.5756417139890018,-26.04417964419811
141.0,-0.9344674865224576,0.011030564078026847,-1.570605098976482,-1.238327927942023,-1.9911447058489629,-1.5923373562886862,-26.232842660717665
142.0,-0.9281124034314552,0.011049656672140005,-1.570571336497947,-1.2455241004437576,-2.0083808229780384,-1.607783524048085,-26.423428586083844
143.0,-0.91957727220273,0.011086357826064572,-1.5705510283041584,-1.2565339110703428,-2.0247619330221247,-1.6244298687306886,-26.61648428797579
144.0,-0.9137401034472558,0.011049808950984698,-1.5705935080451192,-1.272141179375548,-2.030507047887481,-1.6423836977678217,-26.812137106344306
145.0,-0.9104299869134829,0.010961068597405997,-1.5706590028521532,-1.279801899007395,-2.033572822780885,-1.6566060863601026,-27.00925349270278
146.0,-0.9109458550674399,0.010969063075727018,-1.5706646455161501,-1.2939056997898595,-2.045924180584453,-1.6734991987930825,-27.20857801503422
147.0,-0.908847126070183,0.01103147003411721,-1.5706085097716538,-1.310231121482192,-2.054788422847096,-1.686336148247102,-27.410389125323597
148.0,-0.907120532039964,0.010959030049675652,-1.5706616889330731,-1.3170829518390201,-2.0694602903521107,-1.7016287714089322,-27.61393907473613
149.0,-0.9051549833140735,0.010996377466318407,-1.570635292809939,-1.3273302870278452,-2.0866142362586237,-1.7190179071745342,-27.81961972882446
150.0,-0.9032148256458071,0.011003002110899933,-1.570633043410212,-1.3390606878731421,-2.1047929335261535,-1.7358860725864442,-28.027728858342904
151.0,-0.9034421400556432,0.010991146325605718,-1.5706497879725112,-1.3549478810142748,-2.123393589904327,-1.7461575353838332,-28.23871353227344
152.0,-0.8999262307118757,0.011046604570337216,-1.5705984930230652,-1.3725987830921107,-2.142175732571248,-1.7589485438988335,-28.452971535514745
153.0,-0.8938277321069698,0.01102592804125735,-1.5706127418552156,-1.386795442421587,-2.1562806067576914,-1.775278991689844,-28.67014788350249
154.0,-0.8856573919445648,0.01104127626698498,-1.5706026806682971,-1.4036790914943786,-2.1577673003630786,-1.7931156168361517,-28.890123698252093
155.0,-0.8781078297544108,0.010998593721109605,-1.5706422330386354,-1.4197454239492566,-2.1695506613955953,-1.8077158094341697,-29.11336070674589
156.0,-0.8785760913610666,0.010884152175964766,-1.57074916602476,-1.4374605892559689,-2.1841755943097843,-1.8173326482767476,-29.339633598871437
157.0,-0.8775816896349304,0.010868166466591056,-1.5707448954725722,-1.4418691383717797,-2.2006968460251075,-1.8301722107395122,-29.56738791829066
158.0,-0.8789995211995439,0.010872736276512305,-1.570749237300591,-1.4482444675447255,-2.2185981867258184,-1.8407477758658555,-29.796709050266212
159.0,-0.8787403300277679,0.01096513772231296,-1.570675039083582,-1.461878782299236,-2.237089917462928,-1.8549532625199412,-30.028553947561846
160.0,-0.8777284736730524,0.010967413533500113,-1.5706752383440952,-1.4766954130802354,-2.2558203897722717,-1.871890179587863,-30.263292449077486
161.0,-0.8730225224589628,0.011012858284213198,-1.570635286980787,-1.493873727307297,-2.2746528127609533,-1.8899780717132797,-30.50142219898665
162.0,-0.8636351535231562,0.011009406803692327,-1.5706331299679313,-1.5055448535112932,-2.2935249469390286,-1.9085423749615251,-30.74271645701331
163.0,-0.8561966120500216,0.010967047276053776,-1.5706790427969433,-1.5213681336643847,-2.308870291874946,-1.9273036437997335,-30.98744072084401
164.0,-0.8464812005424946,0.010988095896694448,-1.5706594962813916,-1.5389945540843342,-2.318172194214272,-1.936628701041217,-31.23568418886866
165.0,-0.8412331124415291,0.010898127610470706,-1.570744878761887,-1.5573947284302352,-2.3319197204826416,-1.9515265094932617,-31.487518088659296
166.0,-0.8391029547865217,0.010823197756107837,-1.5708050199932284,-1.5683482527465453,-2.34516612426789,-1.9687709096355588,-31.74169906655185
167.0,-0.8355851775762317,0.010817862217575606,-1.5708011328220248,-1.5672107153897719,-2.361673154106577,-1.9800054616165164,-31.996970162427605
168.0,-0.8355729350627694,0.010856927722889648,-1.5707796729553138,-1.5779356735264891,-2.379579394739112,-1.9956426915275298,-32.25437838230887
169.0,-0.8352700270728453,0.010890848171593805,-1.5707500856533756,-1.591319841269186,-2.3980736075766114,-2.013191275196742,-32.51433481282639
170.0,-0.8406192536831492,0.010527460317013274,-1.5707962051635558,-1.6079244902796812,-2.4073477191020842,-2.031532467792964,-32.776573394756134
171.0,-0.8431487490292502,0.010634191545202945,-1.5707575249035257,-1.6258688276625324,-2.4222319126661054,-2.0470341077554184,-33.04143712065599
172.0,-0.8388350004418965,0.01080102489289449,-1.5706854496169402,-1.6443717858296696,-2.43947421154233,-2.064475075225526,-33.30960293161321
173.0,-0.8294069885159604,0.010793223226626033,-1.5691366328090388,-1.6593173468554587,-2.4576886167980354,-2.082770429480237,-33.58068570639331
174.0,-0.8194666575566582,0.01092581776951127,-1.5695996658678517,-1.6765014639258005,-2.474010587994873,-2.0983449697957606,-33.85564002934876
175.0,-0.8152122473606781,0.010820133126478311,-1.5700704924775637,-1.6947335014989353,-2.4918052051778523,-2.112049527201376,-34.134367404390645
176.0,-0.8152131297311962,0.010735050715893205,-1.5703909567721153,-1.7050593480560758,-2.50605151056581,-2.1277520994184393,-34.415294239521636
177.0,-0.8164213673225403,0.010768178309668041,-1.5705277933570565,-1.7182104370386841,-2.520461686938104,-2.1426827181232313,-34.698393418215616
178.0,-0.8165158041612808,0.010817830327664655,-1.5705967401192709,-1.7347020019845663,-2.5374650592920944,-2.1598962956034726,-34.984223210800316
179.0,-0.8221054769397169,0.010750740171590376,-1.5707346953509547,-1.7526327624996223,-2.555578599902737,-2.178097828777996,-35.272682500279515
180.0,-0.828674872165205,0.010761580971743144,-1.5707725219962558,-1.7692392765044587,-2.5696370000743967,-2.192950729512259,-35.563272342089206
181.0,-0.8276190115621795,0.010881085544416967,-1.570698550514709,-1.7871445059616236,-2.5826055782727466,-2.2093064921775407,-35.856468979602305
182.0,-0.8274456823650796,0.01081976975268066,-1.5707814651753758,-1.8026945934445242,-2.598983382605693,-2.2229817225782798,-36.15236934886088
183.0,-0.8332373920177187,0.010743769424742481,-1.570864752515472,-1.8201684733861345,-2.616840083032072,-2.239650332107392,-36.45087003979638
184.0,-0.8323680082274779,0.010854524798840076,-1.5707726020957642,-1.8384567853518767,-2.635316401108398,-2.252455541678547,-36.75225650808912
185.0,-0.8275748491697691,0.010863129540548095,-1.5707766447740192,-1.85622866127833,-2.6500033330642614,-2.2687475199084894,-37.056606800470085
186.0,-0.8182340618854173,0.010877948711370721,-1.5707691250115314,-1.8718680061351873,-2.6650016189484016,-2.2865669929511623,-37.36399176821234
187.0,-0.8082709535648982,0.010829285826377065,-1.5708191188173821,-1.8837526116913474,-2.680434720422372,-2.300560027384732,-37.67423133880114
188.0,-0.8036046715425732,0.00931199083881779,-1.569084210191415,-1.8996683304175659,-2.692936596220695,-2.3094886550198903,-37.98732932341887
189.0,-0.8035314146058836,0.00956321227136802,-1.5697486953616893,-1.912843112533479,-2.7091101057000695,-2.32419921308209,-38.30276819590005
190.0,-0.8081634765325139,0.009922642646040774,-1.570169358240497,-1.927812561903669,-2.726884049465171,-2.341365518931341,-38.62022621465371
191.0,-0.8153047739089652,0.010191483720567563,-1.5704222201668094,-1.9450634971268115,-2.7449968651855245,-2.357423396955277,-38.939761302772354
192.0,-0.8200782336249397,0.01041753113927836,-1.570548305675649,-1.963280519930305,-2.7598498969611334,-2.375112094400477,-39.26142297575829
193.0,-0.8253876561722399,0.010495240391815572,-1.5703598063447517,-1.9795646949831183,-2.7723172775785487,-2.3935103213831344,-39.58486451590597
194.0,-0.8249143353359691,0.0106750637392505,-1.5704555368902198,-1.9973260489420384,-2.7884805983828187,-2.402349366694589,-39.910704934259044
195.0,-0.8244306406349102,0.010660288724787822,-1.5706467454040105,-2.0097243353195857,-2.795459291909637,-2.4128274615697736,-40.23818388453487
196.0,-0.827032269975882,0.01063356495391367,-1.570782889242115,-2.019760908892573,-2.80538628350562,-2.4246270803658505,-40.567045335265206
197.0,-0.8235033671128279,0.010745029079814268,-1.5707534458560943,-2.0305782539652566,-2.8135069224396854,-2.4261509102890937,-40.89735190866393
198.0,-0.8164865715771424,0.010777945374908235,-1.5707744508029649,-2.0450906897843435,-2.8190086521950826,-2.437939769172952,-41.22952854838499
199.0,-0.8083965896339985,0.010753167812373498,-1.5708345837859745,-2.0560166586441473,-2.8323345499551347,-2.4539020047715474,-41.563839754863174
200.0,-0.79752146623871,0.01077777167682689,-1.570832426168348,-2.069710390503632,-2.8431337077373446,-2.4715875997929997,-41.90052375175425
201.0,-0.7868878684946898,0.010752144422376571,-1.5708715156573587,-2.086443098407407,-2.8585872218979635,-2.489985472257983,-42.24014449850168
202.0,-0.7843794260041473,0.010626761522927113,-1.5709990682961683,-2.1041177930056483,-2.876062132848039,-2.5086778015448563,-42.58239376390011
203.0,-0.7866345188641414,0.010594127292618688,-1.5710347575616286,-2.122500760985018,-2.8922311637715583,-2.5274919050797138,-42.926737025997625
204.0,-0.7942870818937384,0.010560558659607259,-1.5710706119472886,-2.141193459241176,-2.9099665721341674,-2.546356340334567,-43.27286134015598
205.0,-0.8033180935867082,0.010344598731554829,-1.5710583081288576,-2.15139170812455,-2.9283870215963037,-2.5530021153088676,-43.62021736292388
206.0,-0.8076452649293809,0.010481395983575196,-1.5709761678855425,-2.1666247642806837,-2.9373985489926335,-2.5668489068392617,-43.968731949325054
207.0,-0.8096677373341156,0.010570465722166847,-1.5709564260524398,-2.1840223618244634,-2.9450331974375743,-2.5836601952843314,-44.31864753749817
208.0,-0.809944335028214,0.010615744780447635,-1.5709583043212278,-2.2004166356500687,-2.9515693165676864,-2.6009960104884344,-44.66995249049098
209.0,-0.8080257271880349,0.010654172646778232,-1.570948439358602,-2.2182510722562654,-2.9624403661119003,-2.619237376930159,-45.02301801630729
210.0,-0.8059726386007364,0.010636444836596063,-1.5709900399168846,-2.230459313775202,-2.9753342163331102,-2.63786475749094,-45.377637304816055
211.0,-0.8032610337657965,0.010651790068001668,-1.5709801578807012,-2.246487937270875,-2.991467947057991,-2.651942779217462,-45.734139409894716
212.0,-0.8069795960935705,0.0105650462027367,-1.5710678065002608,-2.2642236189272538,-3.0015469133814685,-2.6604363846463497,-46.092101409551695
213.0,-0.8114405940535755,0.010575857246798954,-1.5710695140268351,-2.274775308756716,-3.0167273833870625,-2.6649546694042345,-46.451160066751115
214.0,-0.8107574771723005,0.010660887712013475,-1.5709896724312333,-2.2873461802501747,-3.034090791211177,-2.6778965978108555,-46.81165917339724
215.0,-0.8138417290784773,0.010593255277509482,-1.571055765128061,-2.299961240884838,-3.0484626883381427,-2.689117973980452,-47.17344903291405
216.0,-0.8152536309391927,0.010633388203935175,-1.5710135538001626,-2.316192999899333,-3.064140741717792,-2.698348184149048,-47.5366888220258
217.0,-0.8118538237787729,0.010682994018345295,-1.570971199073769,-2.3339968110419216,-3.0816881167583086,-2.713158419237796,-47.90170978427759
218.0,-0.8111049751145955,0.010609688885016604,-1.5710500152928153,-2.347394544156727,-3.1000287179813157,-2.720398496633712,-48.26831863016911
219.0,-0.8166433278527749,0.010538092442675897,-1.5711083262088168,-2.36393452001307,-3.1186973954122394,-2.7217439283810125,-48.63633017668505
220.0,-0.8215332522364062,0.01057692077230274,-1.5710718277222324,-2.3818552248407276,-3.1364248904439114,-2.733431515076674,-49.00564308730149
221.0,-0.8262360475317749,0.010584070570421754,-1.5710683727527177,-2.400358700752253,-3.1548221920527966,-2.7493511405206155,-49.376308810568574
222.0,-0.8262665345566313,0.010641779432652366,-1.571018572401038,-2.4190931090437253,-3.1722579387411916,-2.762975039719834,-49.748361242494475
223.0,-0.8249385518573811,0.010629474103830902,-1.571033581640829,-2.4379355526940203,-3.1905313134595463,-2.776598111939188,-50.12189902572266
224.0,-0.8186240257468348,0.010669256279720502,-1.5710002905511617,-2.4565592602909887,-3.2029769804493524,-2.786052450712149,-50.49678064048436
225.0,-0.8126945409367751,0.010621423545940017,-1.571050195146892,-2.4726085602435184,-3.2191036450692883,-2.7917539025250577,-50.87310884382064
226.0,-0.8135620343677734,0.010520646762957213,-1.5711376817528238,-2.490290980674814,-3.235372478178157,-2.801030116469553,-51.25064453596834
227.0,-0.816983773832203,0.010513239595201127,-1.571141602615276,-2.508685367288065,-3.2531608762506083,-2.8158801436123566,-51.62919070215564
228.0,-0.8209589883488956,0.010525669052760452,-1.5711313560149225,-2.5273788765362255,-3.270664968459652,-2.8277711037871196,-52.008645650734465
229.0,-0.8214571099209325,0.01057843197795053,-1.5710847433531725,-2.5461927537678015,-3.2889724872217947,-2.83820699973899,-52.38907917273812
230.0,-0.8241256355006208,0.010537256857403504,-1.571134244540727,-2.5597585597898163,-3.3076277645506322,-2.851180372400315,-52.77035772985544
231.0,-0.8291213122020672,0.010518485516718443,-1.5711410794266545,-2.5756283012149397,-3.326426251461332,-2.867587924761645,-53.152353776754616
232.0,-0.8324944413566404,0.010551173765481956,-1.5711073197091316,-2.5932652359860477,-3.3452847126132115,-2.8854563364189696,-53.53505814694044
233.0,-0.8361687139774373,0.010542904829896253,-1.5711176314287825,-2.611651561094223,-3.3555814962189805,-2.903929787805847,-53.9181984695225
234.0,-0.8444993836582474,0.01048983308718717,-1.571164880120672,-2.6303456371663327,-3.3704847133345437,-2.922653412605297,-54.30174626758718
235.0,-0.8482481389605432,0.010569504609791402,-1.571097947637998,-2.6461541714660353,-3.387726716922627,-2.941480456029406,-54.68572301498992
236.0,-0.8519780681092689,0.010550999071624515,-1.5711130971029859,-2.6628182235154334,-3.4059421215711483,-2.9603502897964784,-55.070201980194895
237.0,-0.8585274092653215,0.01051352066934326,-1.5711462474058602,-2.679923454373477,-3.42168211315089,-2.97552509847058,-55.455011744126416
238.0,-0.8620701999162057,0.010558522492088995,-1.5711024692414621,-2.6980641077158123,-3.4392267228146807,-2.9928216068072806,-55.840142172954174
239.0,-0.8635690272281902,0.010570580360313858,-1.5711080090100933,-2.709401950370585,-3.457566821739373,-3.0110570140693667,-56.22565776134459
240.0,-0.8665991489788193,0.010533339692706619,-1.5711329931922215,-2.7220325746716294,-3.476235097421924,-3.027408249877141,-56.61152295537415
241.0,-0.8737856000423168,0.010482432373788318,-1.5711681609859982,-2.738294659243005,-3.4950397408673153,-3.0452156648367734,-56.99759330398255
242.0,-0.8805607516779788,0.010508636764861424,-1.5711447353619845,-2.756107373234759,-3.502809990836115,-3.053742972127935,-57.38353191036762
243.0,-0.8828737002737052,0.010563381129145446,-1.5710963765278416,-2.774558774283001,-3.5132571869573503,-3.0683210892593196,-57.76939301528552
244.0,-0.8883105343297398,0.010508486318363338,-1.5711563505948745,-2.7897715354281325,-3.528600879977439,-3.072756974707597,-58.15530577431452
245.0,-0.891159967208344,0.01054471853303132,-1.5711171338412728,-2.8070810865878144,-3.537779072031635,-3.0814492617004907,-58.541053103848874
246.0,-0.8917987692878729,0.010556496245446008,-1.571112248121119,-2.822828852442469,-3.5468854256264923,-3.0960574726332024,-58.926667607023454
247.0,-0.8977662727705253,0.010480186494959512,-1.5711862367223155,-2.835474930485566,-3.5616419619920925,-3.113181400599151,-59.31225454288587
248.0,-0.9057338841848102,0.010480322998830303,-1.5711839734847248,-2.8470185417053964,-3.5671426197452925,-3.131347109485885,-59.69761275919649
249.0,-0.9119547331658528,0.010510850848513373,-1.5711433190392563,-2.8616565100550058,-3.5772263523854173,-3.1499434797196275,-60.082715104194136
250.0,-0.917372923587133,0.01051545236023293,-1.5711352460121264,-2.8787827831817903,-3.5893361786280416,-3.160363150629004,-60.46752761287903
251.0,-0.9153929402198386,0.010595357034259654,-1.5710639993848872,-2.896951810811527,-3.6053768934825254,-3.1743710479809906,-60.851978749391535
252.0,-0.9142460055540712,0.010542973453759145,-1.5711175505416164,-2.915557349157361,-3.6230974754807073,-3.183930079925076,-61.236114166742894
253.0,-0.9106231328335279,0.01056261865701355,-1.5711079952527574,-2.931981970313866,-3.639725550248298,-3.1988876664716757,-61.61990150067895
254.0,-0.9112667175018117,0.010493732836236544,-1.571179642065897,-2.944728384355519,-3.6576574058358062,-3.2161557918968326,-62.00345248491985
255.0,-0.9149814782315195,0.010461441849551887,-1.571194296272481,-2.9609935798380485,-3.676156099104581,-3.228542846139638,-62.38654070204954
256.0,-0.9158853823417534,0.010508422467428207,-1.57114933770492,-2.978808947521149,-3.6948892815083374,-3.244650534062931,-62.769022774720575
257.0,-0.9151368297698109,0.01051945962077033,-1.5711422006060538,-2.9972642153408544,-3.713720831989974,-3.262393496758258,-63.15085900180094
258.0,-0.9169474243368919,0.01049608529943274,-1.5711843290353371,-3.007920543411872,-3.732593327479387,-3.2772991440961214,-63.53230655186209
259.0,-0.9195542012847998,0.010482766658188621,-1.5711761769563732,-3.023342049022306,-3.751480189364064,-3.2944878092356698,-63.913100633932466
260.0,-0.9258237269346048,0.010448038661551438,-1.571205718826011,-3.040309883834153,-3.7653058593531994,-3.3126786677376714,-64.29307070849653
261.0,-0.9324537113906499,0.010467842396581377,-1.5711851802598344,-3.0584041651428966,-3.782020839804533,-3.3260116318235338,-64.67207433687429
262.0,-0.9387563499145956,0.010487727370517728,-1.5711713281738122,-3.0759215552496175,-3.8000174071305017,-3.332394131745098,-65.0500890840164
263.0,-0.9437340672792816,0.010509703634051291,-1.571152519652918,-3.0938306272493525,-3.8137900776325226,-3.342805212145383,-65.42706237397248
264.0,-0.9466088185822025,0.010528689145040961,-1.5711345437198423,-3.1123145049129834,-3.830489623867349,-3.3456021514138192,-65.80291577192287
265.0,-0.9458489964467771,0.010568404641850757,-1.571111792789589,-3.126143305900325,-3.8474201021577845,-3.3558214207932613,-66.17786594201581
266.0,-0.9478392494964701,0.010504807425209834,-1.571160221236162,-3.142857239486239,-3.852336167938109,-3.3710987164617827,-66.55182639133169
267.0,-0.9486236660795325,0.010520016640801717,-1.5711431705789805,-3.159636001488522,-3.8654879884483573,-3.383091645216411,-66.9246631903265
268.0,-0.9440336291513131,0.010570166162040718,-1.5710965893386022,-3.177639769149388,-3.8729997285640048,-3.39904378580358,-67.29633321352085
269.0,-0.9417079669407246,0.010529365145880711,-1.5711512201453746,-3.1890519297696374,-3.8871523233986545,-3.4157558085786723,-67.6672122871702
270.0,-0.9461089812664901,0.010457797940604297,-1.5712165285473063,-3.196315020807825,-3.904091581199602,-3.433195010986708,-68.03745161536457
271.0,-0.9473103935415675,0.010499973507497791,-1.5711507668997116,-3.2103607868272026,-3.9221772957354286,-3.4514813251220637,-68.40654902310116
272.0,-0.9502188181917184,0.010493502101390014,-1.5711752284502964,-3.217969079668814,-3.9407437712661686,-3.4698490185456703,-68.77489735804572
273.0,-0.9540314283327412,0.010474122129680569,-1.5711698911333574,-3.2321638233841843,-3.959504211739384,-3.4885241800113502,-69.14201463718985
274.0,-0.9603432685628526,0.010454716712562527,-1.5711847260379426,-3.2491271807675797,-3.9783472254544394,-3.5073310253290972,-69.50761200264495
275.0,-0.9635828227261674,0.010512394046447097,-1.5711370196230454,-3.266552085572418,-3.9972211489163225,-3.526192390915567,-69.87159441106672
276.0,-0.9673861039971569,0.010502668265033526,-1.571150323944907,-3.2848286108069855,-4.009371410504631,-3.542115443888761,-70.23396535019869
277.0,-0.973703841748257,0.010492472796249942,-1.5711700092078478,-3.2995989197606668,-4.025382166679346,-3.5568295482320096,-70.59486929791996
278.0,-0.9784223746912623,0.01046253028459527,-1.5693708854880686,-3.3167229729642806,-4.043085448449989,-3.573948043853892,-70.95357068489443
279.0,-0.9828212118356067,0.010560213107195527,-1.5698913004008601,-3.3348901971675224,-4.060869609150145,-3.5903597047969362,-71.31053975189583
280.0,-0.9835968088505994,0.010582527171908006,-1.5702726993225775,-3.3534896989281813,-4.070051693431063,-3.6020800235738997,-71.66588189252184
281.0,-0.9844033886692038,0.010583828973409815,-1.5705661010479026,-3.360296890019081,-4.0848899518336115,-3.6111949932711935,-72.02041664377093
282.0,-0.9794989413052448,0.010602743874563442,-1.5706998308759061,-3.373242742913609,-4.102108176650866,-3.625963562953146,-72.37362892464739
283.0,-0.9759934630857563,0.010546711146019273,-1.5708691182983554,-3.387202435629319,-4.120317652872912,-3.6356116320052285,-72.72541288342896
284.0,-0.9752249099117816,0.010521246692668093,-1.5709818061823473,-3.397167186403949,-4.138931929072509,-3.648696339968898,-73.0760169852299
285.0,-0.9762574274397152,0.010502456109267403,-1.5710462658898356,-3.407836539728406,-4.154693592800372,-3.6651575413180253,-73.42536739947982
286.0,-0.9828365519877889,0.01043948201390585,-1.5711247735085057,-3.423256234622955,-4.171868049225282,-3.682037501426149,-73.77287390594972
287.0,-0.9936999130997689,0.010433508950190193,-1.5711521775044035,-3.440725254244639,-4.186338805206529,-3.7000850221185844,-74.11824489659688
288.0,-1.0027801556443074,0.010497623018630702,-1.5711122009405973,-3.4590396394814396,-4.203341562985025,-3.7186320255329295,-74.46133721845285
289.0,-1.0088306263893732,0.010555929889694702,-1.5710821270486517,-3.474856269651649,-4.210832682108174,-3.7373860510407857,-74.80261872267899
290.0,-1.007068352898192,0.010626882206834932,-1.571020452606691,-3.4920925986314595,-4.224996284369572,-3.7562256241753835,-75.14185252750066
291.0,-1.0055794883044944,0.010584781959766257,-1.5710660259142835,-3.509533409328842,-4.24194522031555,-3.7751007009070303,-75.47897299130588
292.0,-1.0080802304451033,0.010529616191883535,-1.5711185749943106,-3.527813316007941,-4.251861086193456,-3.7939903713045373,-75.81398374482949
293.0,-1.005114349399081,0.010600213602393006,-1.5710562077652694,-3.5464656203491844,-4.261433827659536,-3.81213163712969,-76.14683862815507
294.0,-1.0034638831719123,0.010566281724699244,-1.5710935521041607,-3.563950542964046,-4.276389781088644,-3.8167563948938965,-76.4775386059407
295.0,-1.001182193121455,0.010588189880716064,-1.5710843557963967,-3.576840384817752,-4.285614878573718,-3.8298050038403124,-76.80665717243737
296.0,-0.9993226428260227,0.010592041341857362,-1.571090636805908,-3.5823797228734464,-4.293895786038333,-3.8462874427204152,-77.13499734266786
297.0,-0.9971106304431319,0.010574191845365125,-1.571090200927338,-3.590001352328331,-4.308298346533414,-3.864188071444032,-77.46225066851213
298.0,-0.9950612232387182,0.008133209793733887,-1.5710228645868753,-3.604167410789153,-4.32387216162153,-3.8826749047893894,-77.78804570666533
299.0,-0.9977960564544924,0.008482231139730153,-1.5712008997014566,-3.6178707744248935,-4.336528382822547,-3.891117665921852,-78.1119713123376
300.0,-1.0010319070125515,0.009218177777986732,-1.5711494915955964,-3.6289327304933763,-4.35276250787863,-3.9002701647708933,-78.43403811220774
301.0,-1.0003646574228324,0.00974181804723206,-1.5710815687775292,-3.6366957242396096,-4.370558156631459,-3.9141728922639936,-78.75472407666659
302.0,-1.0036895223646987,0.009963166310632775,-1.5711256051083897,-3.6509189438531986,-4.388121152393818,-3.923916406735966,-79.07329212922042
303.0,-1.0092514173245974,0.010153899215200837,-1.5711212333988587,-3.6678970133324618,-4.401600195873189,-3.9389456095203186,-79.38938994386854
304.0,-1.0162919619531916,0.010300642798015167,-1.5711090753660155,-3.682947621701399,-4.418176211535054,-3.9535542846008354,-79.70310023920594
305.0,-1.02040266815413,0.010444732657479852,-1.5710590874502046,-3.6952275072045917,-4.4292646848396995,-3.9679210370012346,-80.01493204654705
306.0,-1.0213199065789047,0.010504288973018616,-1.5707838121561564,-3.7112984993234193,-4.441806544724667,-3.984899392144287,-80.32447540715683
307.0,-1.016120929133402,0.010601367644711923,-1.5708135217628043,-3.7290365868689452,-4.458025356346745,-4.0030037794401405,-80.6316622633198
308.0,-1.0103920295045292,0.010636674422188068,-1.5708878583335089,-3.7342061399541704,-4.475396234025029,-4.019966495820106,-80.93800984163303
309.0,-1.0062425288593035,0.010575939569407753,-1.5709677666171022,-3.7474504689541286,-4.493657237393138,-4.027432166750959,-81.24263165604448
310.0,-1.0064598314792408,0.010528510963772868,-1.5710393701786622,-3.7640183407108605,-4.510107993719282,-4.0415881300964065,-81.54493782787002
311.0,-1.005907938295381,0.010566617362784407,-1.571029285082007,-3.781339009861746,-4.527953776638905,-4.049061167595363,-81.84478378339142
312.0,-1.0078895237960586,0.010551976076813843,-1.5710596097336649,-3.79956696301656,-4.546420574420825,-4.063200774890375,-82.14192291550276
313.0,-1.013782711598066,0.010546329130293968,-1.5710799286631445,-3.816017181403877,-4.565141313719662,-4.080131863343192,-82.43632010479263
314.0,-1.0183241425933711,0.010589210175154903,-1.571043864534132,-3.8338707416172313,-4.5812040567892405,-4.098217809246795,-82.7278911493171
315.0,-1.0237818197822488,0.01059521678011791,-1.5710447101206462,-3.851324798234582,-4.598386545905077,-4.113055425801648,-83.01662491916554
316.0,-1.0316154869396892,0.010586857757166038,-1.5710525122805818,-3.8696046042445236,-4.616568199620693,-4.130212352636313,-83.30229118903104
317.0,-1.0323690338392997,0.010682587678129173,-1.5709672175491143,-3.888261514637312,-4.634366059464095,-4.148121361418107,-83.58511609504845
318.0,-1.0311831171415844,0.010635364597815123,-1.5693486988181924,-3.907041595771087,-4.6509135418729555,-4.161197549728967,-83.86489351156482
319.0,-1.027942885443719,0.010732230570675735,-1.5698254612654707,-3.9239656605622453,-4.668458215497845,-4.1712653607734325,-84.14239482439054
320.0,-1.0311324722612365,0.010643848366755982,-1.5702752794024308,-3.9372062048533962,-4.68679865487684,-4.177517837247903,-84.41779223477427
321.0,-1.0351343618116997,0.010648541673109059,-1.5705101947421443,-3.949403914907512,-4.705460608918854,-4.1911514093309075,-84.69110147476066
322.0,-1.0379326781983973,0.01064975523181894,-1.5706621267934513,-3.965458212369582,-4.724261160865117,-4.199816448525896,-84.96188725923733
323.0,-1.0380045304477568,0.010684396979571109,-1.5707430273287264,-3.9805561413511277,-4.743118737407825,-4.206606812523386,-85.23039571425043
324.0,-1.0327006951298032,0.010723781830130808,-1.5707769690306286,-3.9978387822798505,-4.76199929194166,-4.21995329775478,-85.49672126568437
325.0,-1.031473160618575,0.010655842790245174,-1.5708891923315509,-4.0158630277024185,-4.780727938001098,-4.236547662916204,-85.76059105426472
326.0,-1.0293449588071233,0.010707353281408783,-1.5708890132371893,-4.024933534019924,-4.799547668885888,-4.253802819818635,-86.02320865862843
327.0,-1.030210845199818,0.010652763241563033,-1.57094993015436,-4.037038337456755,-4.8099083859391865,-4.272011029454552,-86.28409788144312
328.0,-1.0356390172000023,0.010610520682638605,-1.570994015913707,-4.052677788886671,-4.818287537696733,-4.290624690091423,-86.54240680620192
329.0,-1.0397218183663848,0.010654807512232474,-1.5709612542506288,-4.070237305079664,-4.832752965917397,-4.308048531148782,-86.79789852978381
330.0,-1.0416833289125205,0.010497688268808732,-1.570932281720414,-4.0885819808793284,-4.849821132014116,-4.326315055428926,-87.05063777661127
331.0,-1.0403787762150591,0.010565988967545773,-1.5709146950908568,-4.107247435155374,-4.867963820749423,-4.340556480310591,-87.30084278793869
332.0,-1.0368628002365143,0.010636407138948548,-1.5709037241562984,-4.126045192610899,-4.8865523530665635,-4.347589997578842,-87.54874606865057
333.0,-1.033359501282103,0.010684386947742583,-1.5709044633976403,-4.137891575269648,-4.905325511061142,-4.361558340245268,-87.79535870397012
334.0,-1.034105496208391,0.010640733283636966,-1.5709564637091877,-4.1531908706969745,-4.922482389798144,-4.362308582842557,-88.03991281226337
335.0,-1.0328827807900507,0.010703029118336307,-1.570915645581138,-4.166054040660785,-4.936710490547708,-4.366750834475405,-88.28286556270054
336.0,-1.031545511190789,0.010698684988594769,-1.5709230359563209,-4.182367605978507,-4.953615733602261,-4.375893197043807,-88.52387772865846
337.0,-1.0335002988651019,0.010685104300502667,-1.570944432368118,-4.196222142927641,-4.960303385284663,-4.390694218556863,-88.76282510606535
338.0,-1.0376916578906068,0.010693047191104766,-1.570941596404554,-4.207973746722444,-4.974150468480064,-4.393133726450813,-88.9997867727636
339.0,-1.040720268623029,0.010720672388429655,-1.5709145362991883,-4.221191004263504,-4.990960738564729,-4.3878826233719534,-89.23473493206944
340.0,-1.0428166828907788,0.010728027762918167,-1.5709046959286106,-4.2376936753589325,-5.002239299573395,-4.383584885540388,-89.46730585326848
341.0,-1.044051899734018,0.01074280313378873,-1.5708919858374193,-4.255603317449904,-5.0157646353089405,-4.382020795696526,-89.69743123973042
342.0,-1.0429385952283021,0.010782210017072708,-1.5708616266772457,-4.270376842661054,-5.026443692081717,-4.385164049393398,-89.92576470579269
343.0,-1.0384855201554448,0.010804031264263471,-1.5708401439597433,-4.286337921973874,-5.034747649533791,-4.395006416671757,-90.15257726517257
344.0,-1.0299121561833555,0.010828913206278927,-1.5708164154419009,-4.304001947207469,-5.049191147417143,-4.394971292404984,-90.37839654803597
345.0,-1.0284306148701559,0.010732351705722782,-1.5709049829531676,-4.322362450783933,-5.0623432103686286,-4.3970601519865395,-90.60231845697359
346.0,-1.030693866038146,0.010746465717023592,-1.5708985759069616,-4.3316048271796745,-5.071495148704004,-4.402571242622616,-90.82482507581462
347.0,-1.034218190415056,0.010762328549441447,-1.5708844439106413,-4.335884651048421,-5.083861192325683,-4.4080063396302895,-91.04649196583964
348.0,-1.0311016726818518,0.010829300253349721,-1.5708163594110758,-4.34339761732248,-5.10001288455038,-4.417153099056693,-91.26797438604866
349.0,-1.0332814140120714,0.01073195743101596,-1.5708979622894645,-4.357470945058949,-5.114551758226094,-4.416081367543095,-91.48773186306883
350.0,-1.0327865957618405,0.010782740924000086,-1.5708487765786032,-4.374405862653031,-5.131123361117125,-4.42326622174302,-91.70573953283228
351.0,-1.031861481457707,0.010796577142462498,-1.5708411877411994,-4.38879676892621,-5.146058430366525,-4.427737598250578,-91.92243707684912
352.0,-1.027712063766222,0.005388837162440473,-1.5706443325356865,-4.405414803243622,-5.1575989786579886,-4.418432301701236,-92.13843387749333
353.0,-1.0235109872323835,0.0062409244263437955,-1.5709527981605442,-4.423277742621943,-5.172167033147613,-4.4257168325263985,-92.35344986094539
354.0,-1.0189733596932866,0.007848787660970233,-1.5708814351772535,-4.438376144915628,-5.1892521153037965,-4.434888840280853,-92.5678885799842
355.0,-1.0214046532645615,0.008836269083247713,-1.5709016637301265,-4.44667938061955,-5.207410024343405,-4.444614768524621,-92.78149867320273
356.0,-1.0237162405284264,0.009528562389369166,-1.5708611180668262,-4.4611610303404605,-5.225994612092011,-4.458068639109794,-92.99352177555842
357.0,-1.0307124399358654,0.009936758989192239,-1.570879173108993,-4.4766596903760245,-5.244018943129652,-4.46035702225294,-93.20295185446548
358.0,-1.0385662599251562,0.01025804084622336,-1.5708412298090193,-4.491117576031706,-5.262422505490092,-4.4659798468980725,-93.40975059575698
359.0,-1.0478019693154648,0.010448440720032814,-1.5708320201388657,-4.508121795132383,-5.276586767088481,-4.473224262961124,-93.61325496311706
360.0,-1.0531019280462366,0.010634497465560942,-1.5707713584920924,-4.526249901244835,-5.293446529703172,-4.4788092478254455,-93.81416769676129
361.0,-1.0562860156231226,0.010748813061533878,-1.5707437326523048,-4.536664887686586,-5.311506678869706,-4.488521594719837,-94.01397208579723
362.0,-1.0526692489836316,0.01084361026870199,-1.5707001762626818,-4.55198714156958,-5.328477140623045,-4.503024294879746,-94.21331487229594
363.0,-1.0448555341211192,0.010883414362290346,-1.5706946232603707,-4.5691951462468055,-5.3464385170162245,-4.511672310023865,-94.4130306485517
364.0,-1.0410199316062492,0.010841424424334124,-1.5707547974753426,-4.582803666893613,-5.3610064325334,-4.513591570552236,-94.61280967337908
365.0,-1.0393663575867855,0.010837504708807065,-1.5707696412572085,-4.59552182034536,-5.378045220384428,-4.513252122565276,-94.81245675740354
366.0,-1.0414167049719292,0.010808043690317848,-1.5708024358036208,-4.61179143612592,-5.3961778245126455,-4.520605393484099,-95.01086734808253
367.0,-1.0465502438680878,0.010812578248939112,-1.570802624902194,-4.626939667046458,-5.414759158502785,-4.524626496374846,-95.20748792123322
368.0,-1.044772912408301,0.010909512681465873,-1.57071647405312,-4.644260348953235,-5.420765351438082,-4.526800452851011,-95.40273757471729
369.0,-1.0370392770612562,0.01096915277476954,-1.570667514210822,-4.657404063387568,-5.432142955935637,-4.532621300573198,-95.59895089119732
370.0,-1.0341208021070203,0.010883163249108173,-1.570747342886393,-4.673802337242234,-5.44791022259716,-4.530568027133564,-95.79522465169909
371.0,-1.036966975151571,0.010838220896169717,-1.5707859995054176,-4.691261144916209,-5.465514366779567,-4.521911833340345,-95.99010860156172
372.0,-1.0445865847582432,0.010824566534740739,-1.5707961664392887,-4.709559774411549,-5.483877588501331,-4.515966929805605,-96.18235307569314
373.0,-1.0489360003494341,0.010900081028600172,-1.5707264130563823,-4.728226489212782,-5.496379207492751,-4.51956126025423,-96.37222881673001
374.0,-1.0490478372845626,0.010957838440369091,-1.5706749943431362,-4.742550383184507,-5.506910771318481,-4.516307227418721,-96.56115737092107
375.0,-1.0518035960039633,0.01091374339191944,-1.5707152893711012,-4.759456191285189,-5.522264216145541,-4.508608866155438,-96.74873478343929
376.0,-1.049445538002199,0.010983301731096953,-1.5706500501752059,-4.774817737025875,-5.5381014163152305,-4.507787786082108,-96.93633014248078
377.0,-1.041473466160291,0.01101844169290414,-1.570619167804217,-4.792198383957304,-5.550853396492682,-4.510716912581497,-97.12512440503494
378.0,-1.0342948608967963,0.01097985569436028,-1.5706548615074878,-4.810452753736042,-5.559943819856934,-4.521151661004253,-97.31480831256638
379.0,-1.034637274203021,0.010895996727173805,-1.5707295247125586,-4.82907019623285,-5.574716047250217,-4.533082158353995,-97.50382459656517
380.0,-1.036399660681975,0.010915246030366088,-1.5707087801290562,-4.847867261283952,-5.590781349858455,-4.5490413789735324,-97.69173548802077
381.0,-1.0338098134406322,0.01098772592163367,-1.5706410936831492,-4.861702914716636,-5.607178238826475,-4.5606110327046885,-97.88030556938091
382.0,-1.0292496354021319,0.01099303089595615,-1.5706388358598427,-4.87840483975299,-5.618118574436283,-4.5676588284623625,-98.06957227431937
383.0,-1.0301350787997907,0.010901330433610143,-1.5697637659137256,-4.895525552221015,-5.628467075683507,-4.5626781137153225,-98.25768254633853
384.0,-1.0368203678830004,0.010922282956836615,-1.5700668985302568,-4.911415794556434,-5.643742440043174,-4.556981667696302,-98.4436393583605
385.0,-1.0387853030947545,0.011000714550450636,-1.5702028732639925,-4.929046530251271,-5.661135194274319,-4.563868796205729,-98.6287613647307
386.0,-1.0420931269169302,0.01098425046495478,-1.5703547549680492,-4.939866243734136,-5.67942116472127,-4.5578024253913165,-98.81354259062607
387.0,-1.0414692746035485,0.01099922508068672,-1.5694696740364533,-4.955344114721555,-5.696030396703152,-4.56579732827568,-98.99827021709595
388.0,-1.040241828844629,0.010999702387387482,-1.5684869502215832,-4.972824778917703,-5.713953442170786,-4.56730974813639,-99.18312659881573
389.0,-1.038837050804789,0.011071800334660514,-1.5691346962808455,-4.9756148798635325,-5.7284499795517885,-4.579067909874377,-99.36963257782988
390.0,-1.0344330528626344,0.01106614041882909,-1.56961579181896,-4.987911865107451,-5.74546212548268,-4.587960204295896,-99.55815366138835
391.0,-1.0345382271156465,0.010991885101653498,-1.5699957113877863,-4.999105429869218,-5.763588916348013,-4.593179434625266,-99.74755667551939
392.0,-1.039056499300529,0.010954380509686524,-1.5702404391064222,-5.014736736186838,-5.779572988619682,-4.604917207242411,-99.93573565037836
393.0,-1.0417329697616073,0.011003920511754743,-1.5703321988105565,-5.028471375575305,-5.797217652632793,-4.611977220654313,-100.12343213026276
394.0,-1.0410346719352734,0.011041868088308114,-1.570394886499621,-5.045165136442295,-5.815599477372048,-4.6195554777076175,-100.31158697971756
395.0,-1.0401277809045677,0.011035664545667937,-1.5704636651893034,-5.062868088039321,-5.834288924570821,-4.627200299287477,-100.50030721231458
396.0,-1.039176535504539,0.011036605816367394,-1.570503651013005,-5.081266629231258,-5.853102008321136,-4.632737347318537,-100.68956923356984
397.0,-1.0377450142021345,0.011043974107062956,-1.5705238641342172,-5.099956685936481,-5.871966237234599,-4.6431257365744445,-100.87952870466279
398.0,-1.042315562784233,0.010982331373087347,-1.5705971471024802,-5.118752734090235,-5.890857233173315,-4.652716494401369,-101.068298545625
399.0,-1.0416973810515187,0.011059392205923106,-1.570033129611371,-5.131888679482043,-5.909743281458096,-4.661259357054545,-101.25766449960045
400.0,-1.0430184223221433,0.011051097573057724,-1.5702257446832733,-5.146906053532896,-5.928646392127096,-4.675788822766326,-101.44724580047365
401.0,-1.045408536198896,0.011046442984386775,-1.5703441549380732,-5.163807792530511,-5.946076456580448,-4.685236145721577,-101.6363232785762
402.0,-1.0462582736104546,0.011070611994177595,-1.5703985775610367,-5.18187876240214,-5.956736372687773,-4.693710062565125,-101.82463447741524
403.0,-1.0419565046660468,0.011125692827280653,-1.5703982004991226,-5.200440096932406,-5.972149155435097,-4.696337846381334,-102.01425256192101
404.0,-1.037302982888923,0.011106704492607825,-1.5704466185401476,-5.21611369861828,-5.989613459754967,-4.70502964004275,-102.20591750414354
405.0,-1.0342013736295232,0.011081517702086303,-1.570491982402847,-5.231089314278064,-6.007922013624914,-4.7160182557369135,-102.39927288510977
406.0,-1.037272009348411,0.011019011138580195,-1.5705665945681229,-5.248312543053811,-6.026581083453877,-4.730670884194073,-102.59206153895195
407.0,-1.0390867753580004,0.01106752750137007,-1.5705313005317498,-5.266536493723317,-6.040350672593925,-4.742358777883763,-102.78398134553075
408.0,-1.0404939709161225,0.011080838530997582,-1.5705255041749462,-5.285149860901324,-6.057046775706671,-4.758183897709727,-102.97545265094183
409.0,-1.0439692189684298,0.011066885718698377,-1.570539161689076,-5.302460634855152,-6.075037583283073,-4.768028485203004,-103.16600756453877
410.0,-1.051499509617695,0.011041136098664844,-1.5704781066109579,-5.320671571025828,-6.093563428175173,-4.776623616620818,-103.35423010241799
411.0,-1.0516295414720809,0.011158850311928122,-1.5704023290690003,-5.339306361134158,-6.1065677498093764,-4.786556469712223,-103.54191637371255
412.0,-1.0478300737622919,0.009898370639224009,-1.5703603759729197,-5.358079683588438,-6.122938161821086,-4.79974750563428,-103.73114455471655
413.0,-1.0472793326659877,0.010019128379898025,-1.5705065229380553,-5.372735247283118,-6.1407969487810705,-4.805916524536367,-103.92110038143531
414.0,-1.0511636619926286,0.010351357984367466,-1.5701653854019586,-5.389799740311663,-6.158140429556931,-4.817670657258133,-104.10977958056928
415.0,-1.0526269684642502,0.010676042782421713,-1.570223594889371,-5.405903988037303,-6.170899283449747,-4.8214071983881555,-104.29767489863785
416.0,-1.053045014942753,0.01084672249622362,-1.5703033292112012,-5.423602356911844,-6.17292301183041,-4.834064103935146,-104.48427287598778
417.0,-1.0545347309737076,0.010929506000493328,-1.5703638219885843,-5.433474793605947,-6.184912388973992,-4.843264577925189,-104.67057011763943
418.0,-1.0546915364784162,0.011022504086813345,-1.5703876310332443,-5.445706000875451,-6.198026803389,-4.858072001876258,-104.85692561848441
419.0,-1.0489964722445142,0.011132957857326242,-1.570361088069717,-5.461808352971611,-6.212483588500024,-4.870651568069023,-105.04510324670656
420.0,-1.0416036218620277,0.011147489069712024,-1.5703862829152433,-5.474554603570783,-6.22342323553756,-4.885693780793347,-105.2358635901695
421.0,-1.0351432974913959,0.011135855376704308,-1.5704237697279568,-5.4851958097600075,-6.2324372033632205,-4.897693204791279,-105.42897924062582
422.0,-1.036350792555214,0.011054736416226603,-1.5705136002778954,-5.49327369850258,-6.2471657672001335,-4.904532092725337,-105.62237621093473
423.0,-1.0414668720880689,0.011060950217011074,-1.5705242133656352,-5.503318595261695,-6.264339831567828,-4.910520919513858,-105.81450480311416
424.0,-1.0440702192659213,0.011135379866043998,-1.5704746187270087,-5.518084274637992,-6.275532143011463,-4.903641486063476,-106.00536499830686
425.0,-1.049655391903535,0.011105862329364374,-1.5704984285916126,-5.5292764504055025,-6.280063232543801,-4.908870213580977,-106.1938257083225
426.0,-1.0547112082291468,0.011146725434723991,-1.5704713695642227,-5.544890739034545,-6.281922452100196,-4.918283434396134,-106.37947252480028
427.0,-1.0532649240032372,0.011227352855816736,-1.5703966917438756,-5.56064310431999,-6.282683875815812,-4.919988731048457,-106.56437226591399
428.0,-1.0488846861663863,0.011219633696645715,-1.5703887736649964,-5.567214338614334,-6.282998616566519,-4.914117513450428,-106.75032388755474
429.0,-1.0417326954122004,0.011244080435454877,-1.5703864566878851,-5.580990194472588,-6.2831289651029705,-4.903400053221712,-106.93789277045752
430.0,-1.0336984946176888,0.011220020897425458,-1.5703967713130045,-5.589159517659101,-6.283182878545533,-4.894973237883761,-107.12790968027367
431.0,-1.0335954427577636,0.011110874438356065,-1.5704952573131394,-5.594239713280323,-6.283197830262737,-4.894929140620779,-107.3178645920981
432.0,-1.0366000669729156,0.011125450023432496,-1.570498629436894,-5.607396293129384,-6.2832036819667305,-4.904219451395093,-107.50586484840132
433.0,-1.0399084915856005,0.011152209402679055,-1.570475810609468,-5.623933780832594,-6.28320515128747,-4.914123695671446,-107.69153627996084
434.0,-1.04163012661572,0.011185976408314717,-1.570441623802691,-5.641860805949683,-6.28320491053436,-4.925496221422472,-107.87537230194731
435.0,-1.0399351503383782,0.011225473447975557,-1.5704016901948132,-5.66035847349591,-6.283204116937119,-4.9227651631635,-108.05861445670543
436.0,-1.0327373878609285,0.011274459438225026,-1.5703537926737825,-5.679090286650283,-6.283202855093357,-4.918784394948421,-108.24336207911553
437.0,-1.025159541336849,0.011246318573261697,-1.5703780748902447,-5.697906246682917,-6.283204583821716,-4.910978201613134,-108.43005710516863
438.0,-1.0191111800678787,0.01120152655077653,-1.5704040184575534,-5.711100838906629,-6.2832063610771005,-4.903247500944063,-108.61852133808824
439.0,-1.0188061315948498,0.011145376793608018,-1.5704660266150778,-5.727532487278553,-6.283207826969771,-4.899153187844652,-108.80642939276426
440.0,-1.023627444458613,0.011117956383281625,-1.5704883137100698,-5.744443679384468,-6.28320909048165,-4.888688472365222,-108.99163828869708
441.0,-1.0254490778754402,0.011195304622476384,-1.5704181317674242,-5.762512269311493,-6.283207165629784,-4.891260795438059,-109.17509434637515
442.0,-1.02297624707203,0.011247878582173503,-1.5703712243831678,-5.7810634897409825,-6.2832064100763745,-4.896314718733115,-109.35856928446002
443.0,-1.0252864998073314,0.011163729088324078,-1.5704359692142296,-5.794775122624064,-6.283209193182592,-4.8907714921643395,-109.54066867808599
444.0,-1.0257176335869693,0.01122105545114604,-1.5703918997647806,-5.811445933048332,-6.283208219899433,-4.883049106791577,-109.7217856192396
445.0,-1.0200601720644373,0.011292746399877636,-1.5703298753762225,-5.82942822755813,-6.2832064653879085,-4.8779052765161985,-109.9043138900345
446.0,-1.0114509635014715,0.011288791203496674,-1.5703264255457494,-5.844434872126751,-6.283210675706455,-4.873832449843978,-110.08982693058535
447.0,-1.007153323730266,0.01120096090585269,-1.5703987303716567,-5.854825755543121,-6.283209524323653,-4.867135422895431,-110.27697154741969
448.0,-1.0068842546483947,0.011158579240456738,-1.5704321861165618,-5.860742629407287,-6.283210973499797,-4.8551047547536,-110.46413193627798
449.0,-1.007436476230085,0.011194119928786118,-1.5704193348921676,-5.871604519454345,-6.283211470482101,-4.850663607006599,-110.65068768426192
450.0,-1.0080364025788928,0.011201344575533102,-1.5704076335169201,-5.879971719747494,-6.2832097413524854,-4.839747921706191,-110.83670569404646
451.0,-1.0140538587943222,0.011170075430459295,-1.5704532311006876,-5.894424419403025,-6.283210376077023,-4.83678403698443,-111.01988091171238
452.0,-1.0165380566077897,0.011223223519032228,-1.5703801431893434,-5.901383704304795,-6.283212190013688,-4.838025277600893,-111.20163380732404
453.0,-1.0121798769829038,0.01131316047387452,-1.5703123570080277,-5.911270067220594,-6.283211905478756,-4.831595499349451,-111.38474433825866
454.0,-1.008896507633923,0.011282213853645659,-1.570355898898845,-5.926372292081266,-6.283211335771902,-4.817920792360624,-111.56894624260282
455.0,-1.0073510549578997,0.011229345452563388,-1.5703809092593926,-5.9351926430894455,-6.283211868398411,-4.811887363782237,-111.75365424997469
456.0,-1.0054614120721166,0.009398510866158135,-1.5691180227744257,-5.946099824574243,-6.283211000226785,-4.807344258795966,-111.93914073729933
457.0,-1.007637330331646,0.009677804299579623,-1.5696447702579517,-5.961659996745912,-6.283210032463496,-4.810850344852948,-112.12356988401093
458.0,-1.0059344092789182,0.004811628023047382,-1.569592463003629,-5.979120991046286,-6.283210140544553,-4.805765591962137,-112.30998263020622
459.0,-1.0021199443189825,0.005863518511593534,-1.570170327741358,-5.992671388219639,-6.283205309497089,-4.793950958406499,-112.4977818450366
460.0,-1.0032557787716654,0.007669775210856592,-1.5702692048946525,-6.0030725580500315,-6.283208480726893,-4.778628855444368,-112.68439569892179
461.0,-1.006399781469202,0.00893655138979286,-1.5702891987973937,-6.018355266468941,-6.283210729507493,-4.764066055202056,-112.86898238449409
462.0,-1.0087056714066358,0.009744027407627321,-1.5702912046593196,-6.026815471237082,-6.283212549871484,-4.758490064548935,-113.05212090177278
463.0,-1.0104801096911051,0.010302092167584917,-1.570298388386502,-6.040552511301297,-6.283213008617582,-4.746837183215122,-113.23412669615752
464.0,-1.006089059382157,0.010723589793075701,-1.570243498066783,-6.057314533987675,-6.28321101322361,-4.739749210138649,-113.41754871125569
465.0,-1.003112401259827,0.01088806781169612,-1.5703057840169499,-6.075328808412465,-6.283211439187072,-4.729839312639799,-113.60219167842128
466.0,-1.0007563095416703,0.01101290820575583,-1.5703246381942035,-6.0938610208883,-6.283211707886636,-4.71681585374321,-113.78777682215366
467.0,-0.9937376806012632,0.01113727904309129,-1.5702853121970677,-6.107938982159119,-6.283213907920813,-4.704666107436349,-113.97628235004186
468.0,-0.990717658275795,0.011093226052967206,-1.5703703254856143,-6.113773576544683,-6.283214160928923,-4.692733567206659,-114.16633144524319
469.0,-0.9860342940261312,0.0112089142943548,-1.5703331142279804,-6.127248743593972,-6.283213109007822,-4.685630088521918,-114.35840179762286
470.0,-0.9880070817152234,0.011106101761686558,-1.5704285308084793,-6.131217512698361,-6.283213674560826,-4.683963945288377,-114.54986095812649
471.0,-0.9925497749163975,0.0111758631695405,-1.5704110523150916,-6.143953911158292,-6.283213474084565,-4.687706122887919,-114.7393222743722
472.0,-0.9971553299364817,0.011223158457773177,-1.5703842048831156,-6.160318029771175,-6.283212864671416,-4.694911932751353,-114.92679558476226
473.0,-0.9977923903282764,0.011264826660574354,-1.5703335051237484,-6.172015769247673,-6.283211323566982,-4.690571093271285,-115.11394565058524
474.0,-0.9980973197240245,0.011203842126364464,-1.5703585340305517,-6.168203697042928,-6.283201702059162,-4.678958701903174,-115.30097801907742
475.0,-0.9961408860138945,0.01130987372206441,-1.5703191914713541,-6.17777422519432,-6.283209030251249,-4.674874000181807,-115.48884018121146
476.0,-0.9932944861228996,0.01132365217816623,-1.5703206663824785,-6.192836102109105,-6.283211304869617,-4.674953405849557,-115.6781170935017
477.0,-0.9924594020075703,0.011283311368438883,-1.5703548429107166,-6.210157207987433,-6.283211909730748,-4.676188388868032,-115.86808420525087
478.0,-0.9895716117241076,0.011305059271736338,-1.5703275851747804,-6.228404983302383,-6.283211990638763,-4.671041833782458,-116.05954720347383
479.0,-0.9816295232216001,0.011332507285275713,-1.5702870300276057,-6.24320889120804,-6.28321446934317,-4.657919708584806,-116.2547194601754
480.0,-0.97464340738071,0.011295375604245081,-1.570328084528404,-6.2595526951703695,-6.28321413790672,-4.651854821187635,-116.45349971172075
481.0,-0.9698984470451829,0.011243712635795067,-1.5703648493244546,-6.273248427287689,-6.283214723059803,-4.650712884493922,-116.654867444072
482.0,-0.9723799101887209,0.011043518185446053,-1.5684289599114505,-6.278854392447295,-6.283214086812234,-4.654101699367899,-116.85486841321796
483.0,-0.9790817652313215,0.011187353068234068,-1.5690213574630827,-6.281135779403344,-6.283215424800369,-4.646620370688343,-117.0520066218751
484.0,-0.9879747844046715,0.01118990852848968,-1.5694798854275507,-6.282076141709307,-6.2832146492020025,-4.650173431289515,-117.2453433725948
485.0,-0.9908710479863718,0.011166249708272936,-1.5666107293620686,-6.282466274078158,-6.283213804804715,-4.640434237653483,-117.43627026690343
486.0,-0.9868646566784391,0.011460683382059085,-1.567660439617984,-6.282606979667502,-6.283216038112495,-4.628799071243385,-117.62899803286196
487.0,-0.9776332873281742,0.011444209602630028,-1.5685101670366037,-6.282676327659382,-6.281912104180129,-4.6161837725520805,-117.82615830239256
488.0,-0.9752193779358375,0.011282472069293111,-1.5692156945086337,-6.282707755229248,-6.282711853256379,-4.609564205794392,-118.02495154978833
489.0,-0.9740203801116755,0.011268953094806402,-1.5695979078783187,-6.28271884014002,-6.283018833309466,-4.605705863678169,-118.22443222242086
490.0,-0.9730630599812438,0.011264621185024654,-1.5698540884491545,-6.2827228272584765,-6.2831451283787,-4.6085480193815425,-118.42445371557392
491.0,-0.9775333919320833,0.011200411210548185,-1.5700813739890955,-6.282725869313361,-6.283195837980769,-4.6150193829318695,-118.62267410278591
492.0,-0.9859049754650344,0.011190200481219095,-1.5702007932470161,-6.282726938609728,-6.283207741451069,-4.619247781437349,-118.81721452840968
493.0,-0.9883029394290114,0.01130319304683523,-1.5701737288355386,-6.2827245961959415,-6.283212315712179,-4.621069302585557,-119.01043631557776
494.0,-0.987550260383376,0.011325172473830346,-1.5702086033058118,-6.282724246192973,-6.283213694564025,-4.6163553450609776,-119.20394224735888
495.0,-0.9811655553383243,0.011377569473849292,-1.570195289109204,-6.282723289890895,-6.2832143868687345,-4.611322902398173,-119.40015981907162
496.0,-0.9786334062030363,0.011286790825704614,-1.570303712738391,-6.28272510879672,-6.283214029285359,-4.614726951309507,-119.59774596577225
497.0,-0.9830668137577805,0.011204173949903614,-1.5703908879044333,-6.282727143592912,-6.283213846517747,-4.60538028106759,-119.7935522764193
498.0,-0.9850220665200073,0.01127226704323266,-1.5703365578465063,-6.282725345997789,-6.283214382298996,-4.603839948840311,-119.98832525342134
499.0,-0.9849971552372163,0.011295388474129926,-1.5703250888913125,-6.282724739888199,-6.283214425895365,-4.595804388560528,-120.18305669764214
500.0,-0.9834607281321207,0.011307145097959152,-1.5703197415987524,-6.282724525448711,-6.283214432946153,-4.589099003934552,-120.37844032588305
501.0,-0.9809489171981799,0.011307983664967094,-1.5703226189535189,-6.2827244532473285,-6.283214400523577,-4.593077649745493,-120.57494454734592
502.0,-0.9816093593985659,0.011257127061872776,-1.5703712820351698,-6.282725663457992,-6.283214146621779,-4.603682821153395,-120.77128068717569
503.0,-0.9789994155065461,0.011311065534162506,-1.57032171556927,-6.282724628127607,-6.283214487058201,-4.600465777563133,-120.96865808236012
504.0,-0.9774601891975873,0.011234981056865443,-1.569236856436647,-6.282727720546612,-6.283213900681918,-4.60012476822758,-121.16646526368321
505.0,-0.9797270975930777,0.011271073983181787,-1.5696024616196722,-6.282723276418468,-6.283214530512061,-4.60240923731463,-121.3634146328903
506.0,-0.981934447433009,0.011277455896927517,-1.5698451933736992,-6.282724808307624,-6.283214379986238,-4.604818793522941,-121.5594241110538
507.0,-0.9828292129516764,0.011132126169606564,-1.5699930920658345,-6.282723493802853,-6.283214314807055,-4.6078615504264455,-121.75510857141093
508.0,-0.9806973043902592,0.011182327899532002,-1.5700914300994369,-6.282726118371576,-6.2832145481114745,-4.612171074882194,-121.95170323797582
509.0,-0.9737708993224452,0.011272218421385542,-1.5701278062899002,-6.282724047119871,-6.283214617050609,-4.618164197208008,-122.15132785115821
510.0,-0.9691893819975156,0.011238969878513923,-1.5702388619098833,-6.282724932147023,-6.283214194669594,-4.627907856709846,-122.35322080056557
511.0,-0.9719114632866487,0.01116568963152401,-1.5703555624668517,-6.282726907881773,-6.28321384967878,-4.635585042132364,-122.55411377539357
512.0,-0.9796375005008002,0.01115643437200482,-1.570394533692154,-6.282727487298984,-6.283213935382553,-4.632740304973018,-122.75157408689103
513.0,-0.9859950268326452,0.011227551368370127,-1.5703517098914408,-6.282725921013296,-6.283214332269729,-4.624705740556995,-122.94604399281977
514.0,-0.9919975377844434,0.011251811640969759,-1.570346441620937,-6.2827255121088506,-6.283214348159698,-4.6182001091304015,-123.13781298128646
515.0,-0.9915487024861674,0.011344612629792897,-1.5702723612196232,-6.282723626115704,-6.283214733604067,-4.619740862457833,-123.32953587471158
516.0,-0.9891505819024916,0.011337211376641156,-1.5702890216130698,-6.282724031199529,-6.283214509148631,-4.618718160867385,-123.52231473942761
517.0,-0.9892903004558992,0.011283654993710503,-1.5703420260089334,-6.2827253571382595,-6.283214222113119,-4.618637146981453,-123.71514849572
518.0,-0.9859910606168301,0.011329466982581823,-1.5703015117398995,-6.282724315816373,-6.283214519140007,-4.6275715783329465,-123.90932031964606
519.0,-0.9814988153149145,0.01132160161623393,-1.5703129383986343,-6.28272440713516,-6.2832144040826705,-4.630955799132532,-124.10551861298029
520.0,-0.9775940341078961,0.011298714611178883,-1.570335352106756,-6.282724877391959,-6.283214292183615,-4.62974758834299,-124.3035376177326
521.0,-0.9731754941681774,0.011299522429196877,-1.5703351764360425,-6.282724755904477,-6.283214331877847,-4.62254782402465,-124.50357404807747
522.0,-0.9755755878283787,0.011206405280436383,-1.5704210931013562,-6.2827266453239154,-6.283213902540566,-4.614744115346924,-124.70277016969298
523.0,-0.98376121464014,0.011174785760510644,-1.570446400233477,-6.28272725190526,-6.281306054134267,-4.6151858745682945,-124.8984220987942
524.0,-0.9885530607830154,0.011264343532965702,-1.5703629092216387,-6.282725570456809,-6.282473002437851,-4.622082413659243,-125.09170305066554
525.0,-0.9869458183856105,0.011346036431135633,-1.5702920569122114,-6.282723634558287,-6.282920881151607,-4.6151346604941885,-125.28547427745012
526.0,-0.9894208924708001,0.011264286597190625,-1.5703693198528255,-6.282725510365863,-6.2831048760043675,-4.613083647843175,-125.4783353399364
527.0,-0.986231530740203,0.011348869793894163,-1.5702890249696717,-6.282723931061205,-6.283180589503724,-4.606766600772866,-125.6723782487725
528.0,-0.9832250518563317,0.011313023113660677,-1.570325409414765,-6.282724498237399,-6.28320438822205,-4.601495262906188,-125.86784398785072
529.0,-0.9792988646708409,0.011307448281007347,-1.570324724429254,-6.280851554174879,-6.283209003953854,-4.600202580242846,-126.0650245092508
530.0,-0.9764199756733511,0.011295579869152458,-1.5703460113935384,-6.281982773128162,-6.283212116167829,-4.610768665114573,-126.26359613751625
531.0,-0.9757132460071033,0.011261204512843292,-1.570372970099365,-6.282421984613559,-6.283213445676979,-4.613825295287158,-126.4625841554153
532.0,-0.9790164936813537,0.011219723509376191,-1.5704083319428683,-6.282602162606893,-6.2832138109951705,-4.6206621012221385,-126.6601949730178
533.0,-0.9792864616902065,0.010378173470644491,-1.570305349839948,-6.2826655361356485,-6.283214020308266,-4.634481310976133,-126.85789937687652
534.0,-0.9776309644354452,0.010508295133544976,-1.5703658184471965,-6.282713166462952,-6.28321480411209,-4.641645756849735,-127.05632411960701
535.0,-0.9707263160411151,0.010842905311904554,-1.5702990285739113,-6.282717454592737,-6.283214743726126,-4.65426435980852,-127.25761492021992
536.0,-0.9692830702367505,0.010922137847224624,-1.5703874502806392,-6.28272224446918,-6.283214028609017,-4.65590345803778,-127.45975085023456
537.0,-0.9728542962204365,0.010995742065172051,-1.570419172067055,-6.282724644178193,-6.283213962220661,-4.657916862114169,-127.66031617224127
538.0,-0.9778665692710145,0.011086574720473205,-1.5704016950253041,-6.282724977120739,-6.283214149767897,-4.663591164364801,-127.85854523450244
539.0,-0.9819911729519388,0.011130722899007281,-1.569418335819553,-6.2827270749021995,-6.283214018769285,-4.663068228373935,-128.05451355658874
540.0,-0.9855609933433995,0.0112468582112145,-1.569682075795803,-6.282722400931177,-6.283214730691366,-4.663334876979303,-128.24886763003414
541.0,-0.9861504377557071,0.011245206960492832,-1.5687014171995486,-6.282726344172338,-6.283214209063716,-4.665748539195524,-128.4425531598941
542.0,-0.9860536198720053,0.011327860292314897,-1.5692005893450658,-6.282721639144751,-6.282700026794971,-4.659695891706189,-128.63639845922512
543.0,-0.9862260034250669,0.01130140584323282,-1.5695897381888855,-6.282724339264046,-6.283022711468892,-4.658841611690819,-128.83032161224423
544.0,-0.9823591088092404,0.011340490945353693,-1.5697982891778903,-6.282724176053592,-6.283146720531495,-4.652607593451555,-129.02593614007534
545.0,-0.9776005049244206,0.011321579986402226,-1.5699819867808307,-6.2827245718044145,-6.283196469857028,-4.644992680390842,-129.22379139369593
546.0,-0.977051078941484,0.011251308469260117,-1.5701563191481334,-6.282725964948051,-6.283207849397347,-4.642738233216503,-129.42211181289446
547.0,-0.9788650245939551,0.011228122654370492,-1.5702438092982303,-6.280539559416241,-6.283209826086639,-4.6494375474429575,-129.61963895342814
548.0,-0.9800421311908051,0.011271305290852313,-1.5702651816541222,-6.281859100652088,-6.283212524780458,-4.642525617869056,-129.81661793384666
549.0,-0.9826169742769071,0.011252448901590705,-1.5703120600311613,-6.282371246474919,-6.283213635663226,-4.636259914733818,-130.01250619171847
550.0,-0.9857880818316331,0.01125640726732775,-1.5703283652443392,-6.282580607536433,-6.283214088799319,-4.633285777744235,-130.20697816540567
551.0,-0.9892323944796457,0.011262556364021674,-1.5703371873001748,-6.282666241006611,-6.283214245937387,-4.623213448040346,-130.3999117287889
552.0,-0.9881442107562595,0.011326475791290492,-1.570289065894034,-6.28269985521126,-6.283214580722823,-4.618901119126916,-130.59316138312465
553.0,-0.9811895707485828,0.011378427564538596,-1.5702505296851348,-6.28271316913613,-6.283214702044052,-4.608605292945071,-130.78937473914877
554.0,-0.973392926344736,0.011348724052995352,-1.5702844878055853,-6.282719701931391,-6.283214423204216,-4.599546335506703,-130.98919146127386
555.0,-0.9671146074927537,0.01130619576274718,-1.5703260408153494,-6.282722933110378,-6.283214239230666,-4.596462071328744,-131.19200630739402
556.0,-0.9675433535588212,0.011214545226460943,-1.570411011473704,-6.282725754535336,-6.283213891814279,-4.599058176167383,-131.39487554563794
557.0,-0.9720508400103138,0.0111970710305361,-1.5704249018854022,-6.282726578182284,-6.283214001846403,-4.5992790453835175,-131.59574165669946
558.0,-0.9791955379462725,0.011201851543082113,-1.5704202659203133,-6.282726542572616,-6.283214104387421,-4.604023680245312,-131.79337156950484
559.0,-0.9816018471307929,0.011295010833764106,-1.5703360025241437,-6.282724623719776,-6.28321457366375,-4.60696756744756,-131.98968842633172
560.0,-0.9818304970341257,0.011310717322246262,-1.5703250884542184,-6.2827244025056785,-6.283214493128021,-4.608823102145582,-132.18585380847665
561.0,-0.9806342169789379,0.011316129787821034,-1.5703206072874356,-6.282724452565069,-6.283214455063911,-4.615100662386426,-132.3825262347302
562.0,-0.980137046864007,0.011228442856389218,-1.568791217566645,-6.282728900386475,-6.283213801536405,-4.608293524927116,-132.57898317180292
563.0,-0.9821984972184941,0.011306813886255318,-1.5692740780423642,-6.28272191507968,-6.283214787355431,-4.60701643920468,-132.7746607096708
564.0,-0.9854616417948062,0.011281999105914882,-1.569642837351349,-6.28272480320352,-6.28321435813331,-4.601524073861318,-132.969026683421
565.0,-0.984658041842518,0.011329627080993674,-1.5698315249082115,-6.282724372269385,-6.2832145364449,-4.599453728792231,-133.1636864479835
566.0,-0.983601630074432,0.011306234954130806,-1.570011264905109,-6.282724916841906,-6.283214323636583,-4.604193052513228,-133.35891318905485
567.0,-0.9824469979834007,0.0112966277904929,-1.5701243318940405,-6.282725225151805,-6.283214301522552,-4.608254133764451,-133.55470409506978
568.0,-0.9761929585552322,0.011354074244075092,-1.5701421888071305,-6.282723870689542,-6.283214587692004,-4.613516700916458,-133.75319247742684
569.0,-0.9750316439223679,0.011255724374828904,-1.5702822011056385,-6.282725902549108,-6.283214023355054,-4.610217593661901,-133.95247771757622
570.0,-0.9770717109208883,0.011232169597004356,-1.5703318359919634,-6.282726357313409,-6.283214081690749,-4.607098411745077,-134.1509137213245
571.0,-0.981084797044902,0.011228730957959766,-1.5703554490689187,-6.282726213892728,-6.283214148762855,-4.615927532052153,-134.34756875008378
572.0,-0.9845128003542034,0.011258298076856653,-1.5703424429090422,-6.282725581828415,-6.283214323625679,-4.62362931688885,-134.54262580917387
573.0,-0.9826210517812319,0.01133239483178153,-1.5702853973591144,-6.28272400074532,-6.283214635386373,-4.630216060739758,-134.73834204898498
574.0,-0.9853439706319261,0.011249228805830042,-1.5703700883968945,-6.282725910754534,-6.283214097831435,-4.640100859057054,-134.93304669376724
575.0,-0.9857053631241574,0.011298165482458699,-1.5703265204765289,-6.282725076458108,-6.2832144501879155,-4.641815590759059,-135.12745904938933
576.0,-0.9844331692206902,0.01130763258662015,-1.570322786555971,-6.282724724022775,-6.283214426865045,-4.636029869931766,-135.32241063392087
577.0,-0.9813935972525057,0.011318593600999023,-1.5703150909501755,-6.282724438746793,-6.283214446239794,-4.626999425598025,-135.51868898149434
578.0,-0.9821076100553143,0.011255529861613043,-1.5703745525233337,-6.28272566939835,-6.283214119356053,-4.626202292182753,-135.7148046893707
579.0,-0.9858335917086324,0.011233183183570293,-1.5703932722540643,-6.282726308958005,-6.28321412109164,-4.618231217828498,-135.90931523473614
580.0,-0.9855267697323721,0.011304729605050927,-1.5703280401985196,-6.2827245423561155,-6.283214528657561,-4.615200852430237,-136.1037855664662
581.0,-0.9844487917291946,0.01129968144219113,-1.5703357412618069,-6.282724552814,-6.283214392520219,-4.619428777319776,-136.29874726334882
582.0,-0.9820949540678898,0.011308731094141041,-1.570327477416049,-6.282724582264963,-6.283214417620276,-4.62040853849322,-136.49473323764218
583.0,-0.978523205192146,0.01066525087462004,-1.570295208759139,-6.282718302682795,-6.283214149591093,-4.6267114811594645,-136.69258075237084
584.0,-0.9777602186989944,0.01069724708084093,-1.5703926179687135,-6.2827322996651285,-6.283214437271617,-4.622095696273491,-136.89090710523533
585.0,-0.9756969864271008,0.01092110972989156,-1.570356798649679,-6.282726733774016,-6.283214442161257,-4.615980872584647,-137.09001389544113
586.0,-0.9702243120962327,0.011089412535214626,-1.5703172223193722,-6.282723916733252,-6.283214507446768,-4.61243358009028,-137.29147418498513
587.0,-0.9661564878275841,0.01113534609614609,-1.5703506335903203,-6.282724239926557,-6.28321423112243,-4.609289059056442,-137.49487990267428
588.0,-0.9682642379259743,0.011112020226438691,-1.5704184048236014,-6.282725948372658,-6.2832139219969685,-4.610013955895181,-137.6974996762879
589.0,-0.9761010186746517,0.011111910518749735,-1.5704459268822917,-6.282726944106662,-6.283213909252132,-4.614655675865829,-137.89662763439358
590.0,-0.9828778186086273,0.011196886009042312,-1.5703871513165086,-6.282725699807004,-6.283214314920393,-4.619600714515983,-138.09254520003583
591.0,-0.9877271217731787,0.011251637232304004,-1.5703522039402147,-6.282725026888697,-6.283214435269259,-4.619164374532213,-138.28619117791058
592.0,-0.9884151788468527,0.0113132481081194,-1.57030565699795,-6.282724114220395,-6.283214606819889,-4.614823146913371,-138.47937641315445
593.0,-0.9828009491734955,0.011376294357223676,-1.5702552689032712,-6.282722934859285,-6.283214753731481,-4.619363623153433,-138.67489011963397
594.0,-0.973260276115902,0.011386338635889833,-1.5702517358423722,-6.282723048262809,-6.283214619663794,-4.619383248871988,-138.87468535695248
595.0,-0.9646288666570222,0.011335582934150552,-1.5703015766645465,-6.28272411271245,-6.2832143040640975,-4.62177283491554,-139.07858692322037
596.0,-0.9643310398540885,0.01121312374343983,-1.5704141896107542,-6.2827266596908595,-6.283213809383483,-4.633820602575951,-139.2829547209253
597.0,-0.9676970465626198,0.011146080004586553,-1.5690460429614363,-6.282730142179725,-6.283213561639209,-4.644806168018303,-139.48539257542203
598.0,-0.9744706369395062,0.011237702595684554,-1.5694541745632802,-6.282723517630966,-6.283214586633971,-4.64802131848869,-139.68482750428163
599.0,-0.9832682758051905,0.01123380712890932,-1.5697645536378984,-6.2827257018436535,-6.28321427361747,-4.6588648669666455,-139.88038665949006
600.0,-0.9883383499088113,0.011299666923824073,-1.5699105247763152,-6.282725102654853,-6.283214520343633,-4.661273505176876,-140.07357030095824
601.0,-0.9857944728824788,0.011381435932261161,-1.5699767906694235,-6.282723426048648,-6.283214780044995,-4.668377079653854,-140.26769400061892
602.0,-0.9845111310984088,0.01131794041514203,-1.5701308429285115,-6.282725009976349,-6.283214299298269,-4.664736464737592,-140.46254956008153
603.0,-0.9863569154885188,0.011137922695590186,-1.56711034832805,-6.28273365526496,-6.283213113583718,-4.665818620894711,-140.6557204521627
604.0,-0.9886854050581179,0.011368682846945822,-1.5680595052647899,-6.282718060047501,-6.283215487324616,-4.6656349165190925,-140.84799134349174
605.0,-0.9866839258041331,0.011381775886999481,-1.5687764093617764,-6.28272220270749,-6.283214805323305,-4.665649892801405,-141.04130044248643
606.0,-0.9791277240714279,0.011401049060806502,-1.5692474280098663,-6.282723295776202,-6.2832146363484425,-4.655678689914962,-141.23806937802763
607.0,-0.9743324004391013,0.011310556456547773,-1.5696597223831257,-6.282725312587045,-6.283214100232875,-4.640488510329676,-141.4373328780614
608.0,-0.9746927153793326,0.011235307046397788,-1.5699459288554463,-6.282726678149916,-6.283213904576607,-4.639267504320022,-141.6366942729474
609.0,-0.9774469121175936,0.011225260958378327,-1.5701005856584536,-6.282726646286676,-6.283214044480981,-4.642181560169984,-141.83489304924865
610.0,-0.9851877581962373,0.011186468395360496,-1.570234133893027,-6.282727482891463,-6.283213931640337,-4.636119385686959,-142.0297630612445
611.0,-0.9885749253085646,0.011283273377323181,-1.5702111333260724,-6.282725108332355,-6.283214505159217,-4.6381557235447595,-142.22291416423496
612.0,-0.9911624421464151,0.01128563808707949,-1.570256850522346,-6.282725080950273,-6.283214379216166,-4.640277194587118,-142.41492714866584
613.0,-0.9876103942626276,0.011361212626112574,-1.5702175452280998,-6.2827236592642075,-6.283214705658234,-4.638376771555969,-142.6083107135513
614.0,-0.9822287758037218,0.011346953468850313,-1.570253606705321,-6.282723949978022,-6.283214478637338,-4.633387118815356,-142.8041220486449
615.0,-0.9813875699842755,0.011264555378611466,-1.5703421749240993,-6.282725734923943,-6.283214079751014,-4.627528011470558,-143.0005150638506
616.0,-0.9847825388263032,0.01122397167185621,-1.5703852740090092,-6.282726507529171,-6.28321403539154,-4.6280177619485645,-143.19549803068705
617.0,-0.9821549227320957,0.011325139179621932,-1.5702980034679064,-6.282724142616753,-6.283214621986602,-4.629660307298376,-143.39141069933638
618.0,-0.9802069104026618,0.011291297529941645,-1.5703370350939903,-6.282724807448582,-6.283214304014163,-4.626180070159927,-143.58828984839704
619.0,-0.9828863315215273,0.011232524169908557,-1.5703920374678382,-6.282726185407876,-6.282291744543868,-4.61708119383021,-143.78413783831954
620.0,-0.985413179735541,0.011240723657180556,-1.570372816330291,-6.278293631803117,-6.282861398315478,-4.619981227939065,-143.9786937267921
621.0,-0.981481769013667,0.011365644023370728,-1.5702843182726745,-6.280967438954964,-6.283081256084377,-4.619368140016602,-144.17481808389024
622.0,-0.9770308203251942,0.01132633368056983,-1.5703155364999628,-6.282005692389008,-6.283170542465064,-4.614629836198615,-144.37304528579003
623.0,-0.9726318447609361,0.011306855382678784,-1.5703297684656394,-6.28243065184665,-6.283202442424043,-4.609845715266051,-144.57332388855565
624.0,-0.9744039259143206,0.011218509658399165,-1.5704096732561685,-6.282606091979393,-6.283209671341555,-4.612547601706483,-144.77302977907252
625.0,-0.97479946305028,0.01126635036384836,-1.5703632110399572,-6.282676128004382,-6.2832127914832405,-4.6246850468197085,-144.97244806112374
626.0,-0.9803505255448657,0.011204948753734074,-1.5704208291538684,-6.2827066115012915,-6.2832134364057675,-4.628110695492103,-145.16952453914527
627.0,-0.9880573148907738,0.011217287438202456,-1.5704065751153224,-6.2827184402282175,-6.283213960496971,-4.618545645289779,-145.36313582591814
628.0,-0.988042739089239,0.011340865043317612,-1.570294723864999,-6.282720385338047,-6.28321469174239,-4.625726149132475,-145.5564386288966
629.0,-0.9840528495496813,0.01135867360367999,-1.57028285450436,-6.2827221685329,-6.28321459797733,-4.625763180686816,-145.75145381786706
630.0,-0.9797009639664391,0.011331944841842063,-1.5703079640728652,-6.282723687281856,-6.283214399939838,-4.63609480714967,-145.94847044247166
631.0,-0.9747471798062676,0.01122449527458452,-1.5679815888356703,-6.282730036765744,-6.283213597886745,-4.630810665182228,-146.14702578483573
632.0,-0.9731390016523076,0.011332327098808739,-1.5685950022787167,-6.282719968371493,-6.283214992526824,-4.624576800256812,-146.3465305033645
633.0,-0.9735228197154256,0.011293274544084356,-1.5691949564305252,-6.282723745964878,-6.283214396666985,-4.633203439649322,-146.54612619090253
634.0,-0.9795722884349516,0.011214311797839618,-1.5696422359955124,-6.28272687631693,-6.283213931095216,-4.63940984510123,-146.7432851626572
635.0,-0.9867423951286218,0.011230831540956514,-1.569877315921956,-6.282726907335347,-6.283214132241883,-4.640700525361591,-146.93727203897092
636.0,-0.9956474354974093,0.011229943847996913,-1.5700480093200622,-6.2827269219446364,-6.283214137506188,-4.640474431785002,-147.12739912850645
637.0,-0.9965464272812359,0.011351657721989046,-1.5700513919230958,-6.282724161054582,-6.283214750275014,-4.638127328000209,-147.31685127510463
638.0,-0.9928284083253953,0.011371755818830426,-1.5701140563527,-6.2827235763735505,-6.28321463852571,-4.641195307673281,-147.50787226791712
639.0,-0.9874685519647896,0.011354811746361987,-1.5701817476434996,-6.282724128391315,-6.2832144676610655,-4.640126189597241,-147.7012872620313
640.0,-0.9843370351344575,0.011297769415742119,-1.5702684734177228,-6.282725259064721,-6.283214200323417,-4.632253297129388,-147.8962372771558
641.0,-0.9784639909490509,0.011329307762364791,-1.5702613100222615,-6.282724365568262,-6.28321444651899,-4.622420566734968,-148.09375466176783
642.0,-0.9758594461773031,0.011266018399854605,-1.570336885908009,-6.282725333136506,-6.2832141141304465,-4.621069061376321,-148.29263002945282
643.0,-0.9751336026913479,0.011252323944654063,-1.5703578946226233,-6.2827255838687375,-6.283214167730463,-4.62577148768148,-148.49188795887682
644.0,-0.9749774999883364,0.011256572166671282,-1.5703608869354342,-6.282725477916045,-6.283214241169703,-4.625824724455503,-148.69122720895433
645.0,-0.9805075537090923,0.011195998832482226,-1.5704204037797451,-6.28272687635598,-6.283213962590953,-4.622227737561475,-148.88823618676415
646.0,-0.9902806451336059,0.011187281723362252,-1.5704278423783657,-6.282727199211032,-6.283214030761836,-4.625406903321922,-149.08093079678898
647.0,-0.9924626827099269,0.011324234886789812,-1.5703050288148872,-6.282724155237423,-6.283214738414916,-4.636305843731586,-149.27232339949
648.0,-0.9877016458780798,0.011385422964184556,-1.570255109011426,-6.282723015169103,-6.283214792574433,-4.631347044650315,-149.46564272494643
649.0,-0.9803499656852911,0.01137431438441801,-1.5702681258278484,-6.282723433822013,-6.2832145619524935,-4.624329456628602,-149.66225132838377
650.0,-0.9731168772834357,0.011321578747657043,-1.5698941969493627,-6.2827251279970735,-6.2832142207735915,-4.622380556500581,-149.8620952602921
651.0,-0.969136864683188,0.011290346909067606,-1.5700686325909066,-6.282724256541482,-6.28321427966489,-4.629676668431787,-150.06394365744765
652.0,-0.9704505538865779,0.011223161948335385,-1.5702197934105833,-6.282726313550242,-6.283213989036003,-4.628489289846048,-150.26539884436357
653.0,-0.9678968074475408,0.011297798850868243,-1.5702110046508992,-6.2827245907704015,-6.2832144718673,-4.634039810660302,-150.46787583684917
654.0,-0.9687459257971193,0.011173774573329562,-1.568669249106411,-6.282729732229907,-6.2832135663852835,-4.637923910006974,-150.66963094128252
655.0,-0.9710706909922205,0.011294673864791431,-1.5691701320787323,-6.282721817054049,-6.283214843763496,-4.639524142357042,-150.87039952968087
656.0,-0.9764725775440337,0.01124888565298009,-1.5695966249675766,-6.2827252126701865,-6.283214239728907,-4.645781296464544,-151.06892366941415
657.0,-0.982172907125719,0.011258729679831842,-1.5698434822825038,-6.282726029119253,-6.283214261311397,-4.645045987687595,-151.2649171806372
658.0,-0.9841383031535553,0.011311492437679517,-1.5699690258131793,-6.282724899363941,-6.2832144953281714,-4.650995487081649,-151.4599376350067
659.0,-0.9818550819616394,0.011347740031658194,-1.5700548358868212,-6.282724075825088,-6.280417047842411,-4.648349066211198,-151.65597261461488
660.0,-0.9768796738020148,0.01134952433234478,-1.5701311467113692,-6.282724528200038,-6.282122410185067,-4.643203515777327,-151.85421343802204
661.0,-0.9775086162331436,0.011250858513712771,-1.5702747990595893,-6.282726129369163,-6.282776577246259,-4.640077738393041,-152.05241239657582
662.0,-0.9843220671849982,0.011194263322914458,-1.5703576256810037,-6.282727336314709,-6.283045554921976,-4.640970021922868,-152.2476990941835
663.0,-0.984249994783918,0.011320161800668414,-1.5702650803978635,-6.282724399898851,-6.283156251111051,-4.6378699965744135,-152.44270966829725
664.0,-0.9806984767833424,0.011339049756872333,-1.5702684856400537,-6.2827237332799095,-6.283199387992035,-4.642126867044826,-152.63926434150292
665.0,-0.9801215933595514,0.011277482059877181,-1.5703359907271572,-6.282725284009724,-6.283208846293119,-4.650365538559188,-152.836227105533
666.0,-0.9764839835430313,0.011321544432286865,-1.5703007962396938,-6.282724451143785,-6.283212534628436,-4.664778594922487,-153.03472177440656
667.0,-0.976368990795711,0.011257148395223066,-1.5703664759931737,-6.2827257939358905,-6.283213402336386,-4.667888969505608,-153.23343830545906
668.0,-0.9775448774673042,0.011255069675545397,-1.5703692072539486,-6.282725833095708,-6.283213956348262,-4.665951237973814,-153.4316328609309
669.0,-0.9830144459043938,0.011212957447133026,-1.5704092894180635,-6.282726700799176,-6.283213948984317,-4.659352944716535,-153.62748228537959
670.0,-0.9837348205521301,0.01130408553495726,-1.5703261476689716,-6.282724610557535,-6.283214535568846,-4.652661622205159,-153.82278192704027
671.0,-0.9814086984777147,0.011326604103524386,-1.5703098843732712,-6.28272395402794,-6.283214520791649,-4.654676323258394,-154.01906266647245
672.0,-0.9801157896844351,0.011294019566938861,-1.5703409665819779,-6.282724956160217,-6.283214299954309,-4.650006217317369,-154.21599727093454
673.0,-0.9797474328869108,0.011279199339544316,-1.5703537815358175,-6.2827252789657235,-6.283214270724078,-4.638600476490593,-154.41313058367916
674.0,-0.9769834966281966,0.01131068417929564,-1.5703250388830816,-6.282724422848973,-6.283214452302081,-4.634881538373318,-154.61143485886438
675.0,-0.9723774054369276,0.011319801776708558,-1.5703183294744987,-6.282724148894045,-6.283214438626563,-4.63619999587896,-154.81181791279693
676.0,-0.9708201096942285,0.011265212753790442,-1.5703689939160097,-6.282725389956336,-6.2832141513952955,-4.636321835330353,-155.0130595743267
677.0,-0.9704687960046172,0.01125978012817437,-1.5703721964387924,-6.282725520149813,-6.283214220935287,-4.635520787871338,-155.21448650792635
678.0,-0.9730429985208205,0.011231751329084627,-1.5703976020531059,-6.282726110371735,-6.2832141203599745,-4.629539173940599,-155.41481989615957
679.0,-0.9782594893930727,0.01122215470997476,-1.5704047846000548,-6.282726316111453,-6.283214138819651,-4.625703922952401,-155.6128175766639
680.0,-0.9871481093663496,0.011205550779277653,-1.5704183178570676,-6.282726787028327,-6.283214088458626,-4.628941277137413,-155.8068833528063
681.0,-0.9944499715738844,0.0112627346497474,-1.5703649320146642,-6.2827257473341245,-6.283214404654803,-4.628657620881357,-155.99758835263648
682.0,-0.993715558826722,0.011369027725096069,-1.5702699652016985,-6.282723455401851,-6.28321482820565,-4.624491015167456,-156.18832629369615
683.0,-0.9878110474156503,0.011392722713514682,-1.5702518396363698,-6.2827230386013655,-6.283214719007456,-4.619847527102701,-156.3815718936504
684.0,-0.9819745634731833,0.011324614962379038,-1.5703009073943877,-6.276932309138224,-6.283204368765509,-4.617292584776682,-156.577390975491
685.0,-0.9773234815862278,0.011334354059160917,-1.5703213299483316,-6.280420746561999,-6.283207448219324,-4.616757078440453,-156.77543895846756
686.0,-0.9762028705290041,0.011262449424947033,-1.5703747488435291,-6.281783188601219,-6.283211755475797,-4.611521556899627,-156.97418140886958
687.0,-0.9803192030452278,0.011020725110743987,-1.5659974158503596,-6.2823519036969415,-6.283211731195784,-4.616680619271913,-157.16984077598957
688.0,-0.9819524512780758,0.011408772728579588,-1.5672247476978787,-6.2825565158635825,-6.283215281050767,-4.620784254895165,-157.3648050765465
689.0,-0.9863820462275243,0.011310601674180354,-1.5683071033614375,-6.28265835607072,-6.283214197154084,-4.624837845477469,-157.55829305186035
690.0,-0.9953213880688588,0.011239783709163861,-1.5690308357672145,-6.282700555123668,-6.283213893193788,-4.628650190844492,-157.7481930550335
691.0,-0.999472691212054,0.011314722939334422,-1.5694065475308485,-6.282714889371754,-6.283214412089864,-4.63175795247749,-157.93622662224192
692.0,-0.9986547265871928,0.011311427376702985,-1.5686924699035587,-6.282722685961421,-6.283214200028259,-4.628902335617584,-158.12427559774645
693.0,-1.0017538943072846,0.011299547375405257,-1.5692573146858055,-6.282722171167821,-6.283214447603586,-4.62240200484357,-158.3112819571393
694.0,-0.9989270637029605,0.011368533977551469,-1.5695466987825915,-6.28272296661873,-6.283214684902532,-4.62077335396689,-158.4994169220028
695.0,-0.9930234892178542,0.011362328135459357,-1.5697936429979578,-6.282723733812422,-6.283214483181134,-4.6169536583489466,-158.69019269803744
696.0,-0.9830274992443216,0.011381638587039153,-1.5699357865354768,-6.282723556535079,-6.283214530559916,-4.609498867286594,-158.88538981385074
697.0,-0.9699070485359536,0.011383777643051117,-1.570042345794539,-6.282723375691823,-6.28321446712448,-4.603007026317789,-159.08658344616515
698.0,-0.9625034739221908,0.011273103688293441,-1.5702176587531982,-6.282725310574191,-6.283213940635132,-4.607491290716958,-159.29153480923569
699.0,-0.9609539127761909,0.011209231257745762,-1.5703213102922173,-6.282726613755417,-6.28321386614324,-4.608178076269611,-159.4974219308192
700.0,-0.9660779121291325,0.011158174409267635,-1.5703980499300265,-6.282727515977002,-6.283213805390318,-4.60928132587531,-159.70111102265668
701.0,-0.9668547598528765,0.011265651508033096,-1.5703201735997978,-6.2827249737544,-6.283214470959055,-4.613095135679792,-159.90420722653215
702.0,-0.9722953509709593,0.011206829489456982,-1.5703914864698318,-6.282726364555457,-6.283214041556017,-4.615244916807083,-160.1049769421322
703.0,-0.9763258123121518,0.011261148211621613,-1.5703487629200223,-6.282725417813116,-6.283214386972949,-4.621392749037998,-160.3037777603249
704.0,-0.9801949417020934,0.0112686525596197,-1.5703498417863868,-6.282725380505252,-6.2832143434379155,-4.632775274858838,-160.50080918925374
705.0,-0.9854976924817759,0.011257776757523137,-1.5703634234436499,-6.282725938267534,-6.283214262229557,-4.6366125521249435,-160.69548224297648
706.0,-0.9897941312533746,0.01128294229606608,-1.570342497786496,-6.28272545663075,-6.283214396495696,-4.638868444147703,-160.8881725799382
707.0,-0.9894047572239896,0.011340065734515245,-1.5702931930916169,-6.282724211137272,-6.28321462657011,-4.637612402954432,-161.0808703540143
708.0,-0.9860639334174476,0.011349717779452062,-1.5702877702090872,-6.2827239806461765,-6.283214551795783,-4.626024931764095,-161.27500076995676
709.0,-0.9855098964757123,0.01128673358446944,-1.5703467781610794,-6.2827252722033995,-6.283214206590658,-4.621765006966709,-161.46951824805205
710.0,-0.9834072029561017,0.011308099295868583,-1.5703259302502692,-6.28272480778683,-6.2832144051009795,-4.616978195776457,-161.6649112761649
711.0,-0.9760593136444252,0.011362459276285711,-1.570277778697243,-6.282723497352189,-6.283214626046257,-4.610003510499459,-161.86348053425894
712.0,-0.9721360954953245,0.011283831958475283,-1.570352817487,-6.282724932822379,-6.283214148604275,-4.611817624980367,-162.06404381483065
713.0,-0.9745283826113843,0.011209251215052833,-1.5704183055739587,-6.282726766222855,-6.28321392142109,-4.606643582295677,-162.2637148775237
714.0,-0.977620536725668,0.011234859529164504,-1.5703925479842307,-6.282725988220117,-6.2832142114582,-4.615724776813457,-162.4619348069071
715.0,-0.9822940250483991,0.011232979508215842,-1.5703949733609557,-6.282726042378116,-6.283214198181944,-4.621391819575177,-162.65806775399093
716.0,-0.982809058463443,0.011305635394821725,-1.5703284922762137,-6.282724598451983,-6.283214557041674,-4.616771789086067,-162.85378642235392
717.0,-0.9836566905498669,0.011286685410818443,-1.5703482145448477,-6.282724945701846,-6.283214341558582,-4.616392217187336,-163.0491668117951
718.0,-0.9868472967641019,0.01125756997533324,-1.5703735475391174,-6.282725760077199,-6.2832142094449095,-4.620157756892787,-163.24318907590643
719.0,-0.9902168127564308,0.011267987293273765,-1.570362754549786,-6.282725593376129,-6.283214309100624,-4.628077756493255,-163.4356877130993
720.0,-0.9897442323507458,0.011321052555834158,-1.5703147811096625,-6.28272449032338,-6.283214553024937,-4.629461691132585,-163.62825133491233
721.0,-0.9935333022424196,0.011248835591068792,-1.5703822569447514,-6.2827260475721305,-6.283214112173269,-4.633124656114819,-163.8193214664486
722.0,-0.9927231814650092,0.011325482304160164,-1.5703097266146435,-6.282724528492575,-6.283214585717033,-4.628389669397565,-164.0105410559223
723.0,-0.9951075711454818,0.011262247116973607,-1.5703703452055275,-6.282725645950398,-6.283214167811434,-4.631067141668521,-164.2008693067951
724.0,-0.9931612648103486,0.01132929714382973,-1.5703068510890732,-6.282724382866326,-6.2832145754336945,-4.625362377212489,-164.39186726065404
725.0,-0.9855385225405795,0.011377765378467955,-1.5702651663872473,-6.282723096639854,-6.283214683213965,-4.630582363985743,-164.5861024873126
726.0,-0.9786311371005447,0.01132884032504113,-1.5703122568682968,-6.28272421027547,-6.2832143253039785,-4.633797551681428,-164.78355632985657
727.0,-0.9771707657608901,0.01124492732242514,-1.5703878215894203,-6.282726035485238,-6.283213993257764,-4.633246177468105,-164.98188966271795
728.0,-0.977888531356218,0.011237216355071421,-1.5703922292535175,-6.282725995158021,-6.283214129010583,-4.636872217064098,-165.17993507109955
729.0,-0.9764603597216011,0.011281485478268814,-1.5703519556691803,-6.282724871640269,-6.2832143962892735,-4.648932754031829,-165.3785353487693
730.0,-0.9801841320474936,0.011214080652386214,-1.5704147458839652,-6.282726410748593,-6.283214013722072,-4.661078384845323,-165.57563832153556
731.0,-0.9848314824531487,0.01123609635705507,-1.5703915833909738,-6.282726201233056,-6.283214232333494,-4.656397799066171,-165.77061147447392
732.0,-0.9899709890759059,0.010293599386725109,-1.5703364128333264,-6.282716788134822,-6.283213902195558,-4.652601843667069,-165.9636753001084
733.0,-0.9946759162732536,0.010432783398630418,-1.5703953856505117,-6.282735321004853,-6.2832147686743545,-4.655007784303337,-166.15463429496188
734.0,-0.9961558495931211,0.010769867558079653,-1.5703391499464356,-6.282727191138864,-6.2832146447109825,-4.662222337003408,-166.3446760704277
735.0,-0.9991769643053842,0.010928067580137679,-1.5703623647525666,-6.2827254916328865,-6.283214275650201,-4.653988120843967,-166.53338272088124
736.0,-0.9959830099349475,0.011134923585226842,-1.5702808417830705,-6.282722974546977,-6.28321467808007,-4.649092554242194,-166.7231840895041
737.0,-0.9895336341950342,0.011219092620464138,-1.570278025497528,-6.282722772105311,-6.283214534901632,-4.638782687789903,-166.91574458836772
738.0,-0.9846063726618396,0.011219085423256147,-1.5703248986640228,-6.282723923201467,-6.2832142504219615,-4.639066775276857,-167.11058603199697
739.0,-0.9818555783378976,0.01121564311713861,-1.5703569455361286,-6.282724872250005,-6.283214162641453,-4.64083646050913,-167.30673795352308
740.0,-0.9811162919808328,0.011215462248149745,-1.5703760158005058,-6.282725372915996,-6.283214150984944,-4.639483357200192,-167.50328004857005
741.0,-0.979135005090622,0.011256367577464883,-1.5703510963687237,-6.282724705437254,-6.283214346198673,-4.640336113587978,-167.70065564524734
742.0,-0.9783235220112023,0.011247893712659409,-1.5703684256652126,-6.282725078013475,-6.28321423539832,-4.64302179664168,-167.89845249841568
743.0,-0.9723464491991083,0.011327239809472183,-1.5703006323030169,-6.2827235974528985,-6.2832146052930415,-4.652062645200298,-168.09879085488717
744.0,-0.9730258425624345,0.011219471326308786,-1.5704056461708884,-6.282726086644322,-6.2832139475088695,-4.655202255789562,-168.29911459000377
745.0,-0.9800885241580639,0.011174492021793079,-1.5704437578148396,-6.282727430464184,-6.283213900516174,-4.645386778511419,-168.49636732712918
746.0,-0.9882973301898841,0.011210737957422695,-1.5704098443859498,-6.282726572011324,-6.283214191480758,-4.639403815487522,-168.68988357266514
747.0,-0.9893844246377853,0.011328204756447923,-1.5703049910051012,-6.282723920003801,-6.283214729818094,-4.635931111670187,-168.88262410173633
748.0,-0.9862753043863978,0.011354470706796545,-1.5702854933986294,-6.282723433772839,-6.2832146405606055,-4.638846816124525,-169.07665866920598
749.0,-0.9847630780845767,0.011303685447337704,-1.5703330364628407,-6.282724849706469,-6.2832142982868735,-4.640020364784175,-169.27147361814235
750.0,-0.9801385343437025,0.011337490113258965,-1.5703006430880386,-6.2827242431148855,-6.283214512348331,-4.63444194014762,-169.468264588052
751.0,-0.9772890426633729,0.011289844267790243,-1.5703462734457616,-6.282724963733334,-6.283214230738593,-4.63542710685201,-169.66646358089284
752.0,-0.9754891028027681,0.011276273890952924,-1.5703573898459386,-6.282725234977854,-6.283214244190576,-4.643807512256631,-169.86551839659052
753.0,-0.9722963340985116,0.011207485551028122,-1.5682052317603614,-6.282730000077103,-6.283213672358985,-4.640182078599895,-170.06533048646605
754.0,-0.9691119251740841,0.011355645304107959,-1.5688351227240571,-6.2827193948533395,-6.283215151371153,-4.644432219320811,-170.26673057189393
755.0,-0.9701954948213631,0.01126887922719746,-1.569392138598784,-6.282724569579154,-6.283214225158639,-4.642364694373251,-170.46798247667851
756.0,-0.9771093565614136,0.011202195884053833,-1.5697692539375798,-6.282727173738146,-6.283213912343689,-4.639943218188962,-170.66634172214273
757.0,-0.9804741586672492,0.011280224282845388,-1.5699110043553852,-6.282725589236495,-6.283214411178933,-4.631319846388411,-170.86305131829795
758.0,-0.979367375057929,0.011235526159822398,-1.5677786311359103,-6.28272980005284,-6.283213809951373,-4.623334829525657,-171.05947878784266
759.0,-0.9837581506689137,0.011307198963362167,-1.5686116174082014,-6.2827207832484175,-6.283214885856067,-4.622546071677384,-171.25427754481672
760.0,-0.9844381128459384,0.010348500460215886,-1.5690926710084785,-6.282713940943655,-6.283214280259804,-4.621999113715856,-171.44921993610484
761.0,-0.9834813432126971,0.010455412961122491,-1.5695704411713998,-6.282735039975227,-6.283214819806992,-4.618688837364602,-171.64473706209787
762.0,-0.9799314115045165,0.010724003308256626,-1.5687067649867343,-6.2827300588280535,-6.283214171242023,-4.619643616385908,-171.84139366324519
763.0,-0.9782043398977387,0.009156879507619176,-1.5691498638030956,-6.282705765645274,-6.283213876150657,-4.623852286604624,-172.039686150355
764.0,-0.9823885254953504,0.009419358780740664,-1.5697316347448724,-6.282744280061904,-6.283214375765536,-4.636621254928696,-172.2363891114415
765.0,-0.9867385501117925,0.01007334915517469,-1.5699193219855179,-6.282730576943247,-6.2832142450664445,-4.650470969246948,-172.43086857305067
766.0,-0.9850444243577879,0.010574249778623559,-1.5699873176940793,-6.282723729669974,-6.283214517437628,-4.657947552555962,-172.6257377231576
767.0,-0.9886774824686422,0.010748365374393611,-1.570175581142231,-6.282724607625002,-6.283213916765539,-4.668171048390908,-172.81913365940676
768.0,-0.99374881552668,0.010928918285044371,-1.5702335253475803,-6.282724787321586,-6.283214116753638,-4.666908468816052,-173.01021767167603
769.0,-0.9917673984866278,0.011142920636993377,-1.5701881572452465,-6.282722644108176,-6.283214644921278,-4.657051845949287,-173.20187023204284
770.0,-0.9888921315496881,0.011192355924569351,-1.570245209911879,-6.282723377847604,-6.283214378358329,-4.647933951470099,-173.39481063340435
771.0,-0.9851344614867187,0.011234523993268514,-1.570270670878254,-6.282723806760334,-6.283214369124719,-4.633177573270609,-173.58940295414303
772.0,-0.9835070909962258,0.011221957694208867,-1.5703251891897294,-6.282724812163214,-6.283214179144971,-4.619542599689807,-173.78481946830615
773.0,-0.9829887245359543,0.011231528684723251,-1.5703433631403307,-6.282725033657675,-6.283214220342069,-4.615112746253149,-173.98049278971163
774.0,-0.9805208853160426,0.01127420833243698,-1.5703229505381442,-6.282724361480114,-6.283214402175943,-4.618417484209009,-174.17720364211732
775.0,-0.9746601506377146,0.011316746224876132,-1.5702975898877405,-6.282723707370979,-6.2832145136748005,-4.62662289909961,-174.37648852968292
776.0,-0.9686149240040822,0.011302584838856036,-1.5703202032965398,-6.282724262478877,-6.283214340896586,-4.6303362360517415,-174.5786025577079
777.0,-0.9679978102007272,0.011226604996535479,-1.5703946072887658,-6.282726010101167,-6.283213988790599,-4.632111295017203,-174.78121810969523
778.0,-0.9731839387745214,0.011182008094034142,-1.5704355002815362,-6.282727081927669,-6.283049654450572,-4.6439433642215615,-174.98159756097965
779.0,-0.9771282987099511,0.011241726758987646,-1.5703814613818903,-6.282725815171526,-6.28316054970213,-4.649455678883756,-175.18005070436794
780.0,-0.9852257469978103,0.011205073291566796,-1.570417284007936,-6.282726796980672,-6.2831997162079345,-4.645594627675548,-175.37496935398337
781.0,-0.9895974145202038,0.01128896042729607,-1.570339974632908,-6.282725039649018,-6.283209373673673,-4.641079679402427,-175.56773290187394
782.0,-0.9905009188791208,0.01132442108493742,-1.5703110104736484,-6.282724246953263,-6.283212684006637,-4.63925177949805,-175.7599922767493
783.0,-0.9900994558603877,0.011321668814896085,-1.5703148732974115,-6.282724433709278,-6.2832137740659055,-4.644227578753309,-175.95241033394512
784.0,-0.9841148373691788,0.01137673541145279,-1.570264600024831,-6.282723413672212,-6.283214436868943,-4.648939684232545,-176.14732428410483
785.0,-0.9779959452437326,0.011337294590444002,-1.5703034416213657,-6.2827242570662,-6.2832142829838356,-4.643453314695886,-176.3450776276391
786.0,-0.9760880839225798,0.011264881864754488,-1.5703689375676984,-6.282725699584754,-6.283214046075358,-4.6380455011508435,-176.54387740040087
787.0,-0.9783106479916496,0.011224324213218657,-1.5704037529201373,-6.282726366049802,-6.283214020384891,-4.639882299693516,-176.74178397672924
788.0,-0.9859136275619619,0.011186746672208947,-1.5704370536001084,-6.282726994432144,-6.278904754190339,-4.631524583342103,-176.9364973021486
789.0,-0.9888907761572787,0.01128513369979814,-1.5703438848499416,-6.282725505694138,-6.281525947766214,-4.617015353846466,-177.12958733707393
790.0,-0.9878946825107997,0.011327244317241785,-1.5703100126417033,-6.282723812179386,-6.282531623734157,-4.615019944439686,-177.32298257672372
791.0,-0.985330576359519,0.01132642108293479,-1.570312322610714,-6.2827240627438705,-6.282945192896261,-4.6133538811862564,-177.51749289643544
792.0,-0.9798367677060338,0.0113459651318788,-1.5702945077533879,-6.282723767343083,-6.283114994146841,-4.614448924286187,-177.71440027698267
793.0,-0.9732940008986605,0.011332948277906197,-1.5703075609130208,-6.282724024343693,-6.2831846844365575,-4.6219211989093,-177.91430668528585
794.0,-0.9679118654163221,0.011299259472620643,-1.570338503716477,-6.28272480078503,-6.283205484566721,-4.623491733369846,-178.11677714226198
795.0,-0.9698800759249884,0.011202033433283513,-1.5704264425104175,-6.282726758746257,-6.283210663688,-4.6307472038902056,-178.31860670086232
796.0,-0.9756967315031794,0.011193926792808258,-1.570429880576702,-6.282727067641232,-6.283212848520336,-4.629360321719992,-178.51782028938845
797.0,-0.9788704609661706,0.01126397003039399,-1.570365780667137,-6.282725272545962,-6.283213993613732,-4.6313083492602605,-178.71543496910823
798.0,-0.9845452971218527,0.011237006780035948,-1.5703920399397682,-6.282725987872469,-6.283214034397725,-4.642784656657977,-178.91057372769222
799.0,-0.9884715133271295,0.011281275852642304,-1.570350041722191,-6.282725346269968,-6.2832143759739045,-4.644804133644841,-179.10384677128334
800.0,-0.9962571540260425,0.01123356217783815,-1.5703939224625887,-6.282726549014719,-6.2832141061185265,-4.6347233670775285,-179.29381530017744
801.0,-0.9992580125915168,0.011319413288487786,-1.570313773738109,-6.282724673982047,-6.28321460667322,-4.6234097286571885,-179.48225077013845
802.0,-0.9987202976164029,0.011342846850891219,-1.5702955134969256,-6.282724026453791,-6.283214583703484,-4.6077132766129125,-179.6708340126817
803.0,-0.9994549722142049,0.011301216092172169,-1.570334254885436,-6.282724992725445,-6.283214314898253,-4.600689164324922,-179.85917612699484
804.0,-0.9976334190531413,0.011324974233614598,-1.5703091874365405,-6.281862427347903,-6.283214525337573,-4.601190209694712,-180.0481977659207
805.0,-0.9928530649982005,0.01134841107373654,-1.5702937789418623,-6.282382379598493,-6.283214454841297,-4.60629427306067,-180.23925435820965
806.0,-0.9835741642288671,0.011378198886402907,-1.5702655528678964,-6.282583616713547,-6.2832146088636724,-4.59766962741644,-180.43433709247364
807.0,-0.9738968871928092,0.010476315303342299,-1.5702568416132476,-6.282658461816038,-6.2832140340935485,-4.591188610134241,-180.63423223893133
808.0,-0.9719230198723514,0.010464549858106307,-1.5704369042698036,-6.282711890559856,-6.283214232992137,-4.586392673675561,-180.8353605484086
809.0,-0.9736438411158576,0.01071360641710169,-1.57043398048797,-6.282719334865337,-6.283214118074513,-4.595575312122526,-181.03564476596532
810.0,-0.9767742963458199,0.010296806625710999,-1.5703858760530691,-6.282716429938932,-6.283213921525563,-4.609299758202486,-181.23466644102623
811.0,-0.9802792964650944,0.01050491505690171,-1.5704127624469153,-6.2827297589987765,-6.283214496866221,-4.616709251550022,-181.43202881635878
812.0,-0.9854626985079545,0.010537210707563143,-1.5703940386445574,-6.282724230988023,-6.283214172734384,-4.6233346056419675,-181.6270563040334
813.0,-0.9875415445294294,0.010792991053318544,-1.570350759609899,-6.282726336871515,-6.283214577002894,-4.623187266475218,-181.82092952165965
814.0,-0.9876034786793759,0.01098588413215748,-1.5703308475677558,-6.282724202174139,-6.283214468491842,-4.620538624401973,-182.01463740463237
815.0,-0.9826996788316208,0.010308382261370418,-1.5702423338509603,-6.282714718300317,-6.283214293312391,-4.630256333791169,-182.21067741389797
816.0,-0.9830772976120331,0.010385617341027024,-1.5704041831995148,-6.282733761244767,-6.283214393661245,-4.639395536741179,-182.40677120007382
817.0,-0.9843309850649988,0.010692077058591303,-1.57038272070082,-6.281663862416192,-6.283214356143416,-4.635022119243194,-182.60211756110678
818.0,-0.9843409949042656,0.010923582113573862,-1.570352688910219,-6.282303076603359,-6.283214272656096,-4.634487426049601,-182.79732049272963
819.0,-0.9844849947231493,0.010923463918291977,-1.5674164686676806,-6.282558825700287,-6.283213320899867,-4.640849279681905,-182.99149116498748
820.0,-0.9814923742264151,0.011236227348636245,-1.567637247150502,-6.2826469730275605,-6.283215457019391,-4.649203786086778,-183.18680456313302
821.0,-0.9807990670314513,0.011243443574420232,-1.5685522502769114,-6.282692308608087,-6.2832146592671245,-4.645382310164015,-183.3828253810261
822.0,-0.9788515108157072,0.011265215432325787,-1.5691353266403683,-6.282712105212472,-6.2832143891691885,-4.6457608824886725,-183.57988873064164
823.0,-0.9736444725700616,0.011301433289074663,-1.56950862926458,-6.282719411109519,-6.283214401272198,-4.635208540022075,-183.77938390638326
824.0,-0.9690503938596494,0.011277024920106607,-1.5698046248180773,-6.282723010920366,-6.2832141875670136,-4.621374219204839,-183.9811620211304
825.0,-0.9697268387774443,0.011209907118070636,-1.5700476434932547,-6.282725597727434,-6.283213912500661,-4.620339510398268,-184.18288524833122
826.0,-0.9701886163843748,0.011242574285595336,-1.570137824934004,-6.282725422632649,-6.283214214353408,-4.620177724224701,-184.38437985621354
827.0,-0.9674205352895836,0.011293731200885459,-1.5701744860732638,-6.282724371875038,-6.283214440424099,-4.6230455785897915,-184.58707025523847
828.0,-0.9706696751028675,0.011208880334018638,-1.5703083685271786,-6.28272639614027,-6.283213952439407,-4.62843835185694,-184.7885156945425
829.0,-0.9794038730340247,0.011178780510388267,-1.5703680667742075,-6.2827275258408735,-6.283213943948434,-4.623504552615359,-184.9860890133209
830.0,-0.9917108058244418,0.011186337790725533,-1.570382998228113,-6.282727460499907,-6.283214056500788,-4.621206420621071,-185.17818722616394
831.0,-0.9965917497197561,0.01132313863486957,-1.5702752886836164,-6.2827243869592815,-6.283214740175526,-4.619522920023115,-185.3678084062449
832.0,-0.9994910210710047,0.011323539876185878,-1.570290358087448,-6.282724485804489,-6.283214518492952,-4.61893347411512,-185.5561481118825
833.0,-0.9958623651349259,0.01139000865333121,-1.5702366929004081,-6.282723317216943,-6.283214779235469,-4.618293218276489,-185.74585492492818
834.0,-0.9868775877288948,0.011411422675570925,-1.570224495541915,-6.282722935374863,-6.283214711108194,-4.611449352631854,-185.93942741038583
835.0,-0.9823762123795949,0.011303046581982005,-1.570328841844672,-6.282725100734766,-6.283214114943155,-4.600333785186188,-186.1352640623983
836.0,-0.9803236348523928,0.01127089131001227,-1.5703573193472151,-6.282725541774786,-6.283214146599414,-4.601710160304343,-186.33210302094537
837.0,-0.9830961213213482,0.01121607714177415,-1.5704083259202353,-6.282726537248741,-6.283213985448152,-4.607049261796138,-186.52785133628197
838.0,-0.9867136307831164,0.011236235906384952,-1.5703890899289714,-6.282726096980757,-6.283214212882779,-4.608409859624711,-186.7219511284437
839.0,-0.9881849229444004,0.01093309933494385,-1.5703346101820592,-6.282721760256839,-6.283214286205036,-4.606317041078262,-186.91543996701483
840.0,-0.9895049876831774,0.010975870810571334,-1.5703650710325963,-6.28272869657165,-6.283214498336439,-4.602477021674247,-187.1083495131339
841.0,-0.9848785153701362,0.011157889081750689,-1.5702902012145357,-6.282724523979878,-6.283214726175445,-4.596669832101106,-187.30306013017977
842.0,-0.9774205145178683,0.011229976606939262,-1.5702879829617002,-6.282723474300288,-6.283214532113898,-4.5914256306188035,-187.50107913489268
843.0,-0.9754427407662981,0.011176361354026294,-1.5703771963159232,-6.2827253497340765,-6.283214017684033,-4.5884990481866055,-187.70022515924603
844.0,-0.9803979911094288,0.01113549379362746,-1.5704363444099587,-6.28272692042357,-6.28321385810134,-4.589184161160685,-187.8973055244452
845.0,-0.9899399434203989,0.011139730118423022,-1.5704431962218859,-6.2816809104579105,-6.283214009427406,-4.589809315400263,-188.09015179671644
846.0,-0.9925548372970444,0.011292801145585602,-1.5703200444037757,-6.282309590803172,-6.283214600531769,-4.596466207834575,-188.28152555060237
847.0,-0.9903906542053758,0.011336811925764655,-1.570289450926923,-6.282553928950949,-6.283214656036171,-4.590254070775523,-188.47374171889507
848.0,-0.9828241703961459,0.011380576954498725,-1.5702542061286957,-6.282653473037308,-6.283214725686222,-4.592461415170067,-188.66919807415934
849.0,-0.9787918525460451,0.011293775440606299,-1.5703385337895106,-6.282696515702709,-6.283214181058678,-4.591844655125928,-188.86668300121917
850.0,-0.9789692681393682,0.011241553704796521,-1.570385253108008,-6.28271450602135,-6.283214059465014,-4.588160756047266,-189.06422453918205
851.0,-0.9765111539521426,0.011288287139711611,-1.5703394304884668,-6.28145412380215,-6.283214053604591,-4.5949624027535,-189.26273705528135
852.0,-0.9703689113808884,0.011336602412550077,-1.570304945040245,-6.282220315699333,-6.2832142790319505,-4.596633296727311,-189.4639838368365
853.0,-0.9712319059793423,0.011222317853986178,-1.5704090185885038,-6.282520233803646,-6.283213872882773,-4.5975637563244725,-189.66513869129815
854.0,-0.9747569794652702,0.011220255047567046,-1.5704059959602976,-6.28264209759799,-6.283214109797095,-4.609050120084221,-189.86470267974843
855.0,-0.9816797475350699,0.011204020872981951,-1.57042012253905,-6.282692280079989,-6.283214081008778,-4.616659685601766,-190.06119605906648
856.0,-0.9828461697154284,0.011310090345944993,-1.5703229112048915,-6.282710316993205,-6.283214638192012,-4.624210109686249,-190.2569013584627
857.0,-0.9805459536732849,0.011334564600552127,-1.570304355940038,-6.2827181896253395,-6.283214573592232,-4.627997477359614,-190.4535686701807
858.0,-0.9752784550961164,0.011343426298834081,-1.5702929508108558,-6.281100515406142,-6.283213430158572,-4.637455915494782,-190.65253422338435
859.0,-0.9728426238752239,0.011292490904000538,-1.5703489395917944,-6.282081996246126,-6.283213627950564,-4.632767520055251,-190.85278049383984
860.0,-0.9739798123213562,0.011245070271568002,-1.5703868035289332,-6.2824629392283,-6.283213936165312,-4.626761496273064,-191.0526300645344
861.0,-0.9807640285898679,0.011192576950751128,-1.5704314209507677,-6.282619449316412,-6.283213912348723,-4.626088253595016,-191.24955266395173
862.0,-0.9836014952677818,0.01128284297921619,-1.5703471730981848,-6.282680990562167,-6.283214500804196,-4.636892294845835,-191.44498152435114
863.0,-0.9870202133364757,0.011269267903963777,-1.5703625037723714,-6.282707370929612,-6.283214312106159,-4.643680831323477,-191.63891857636642
864.0,-0.9876685489347294,0.011310797977380004,-1.5703238403129463,-6.282717384716681,-6.2832145112312645,-4.640916730996731,-191.83244868202505
865.0,-0.9873485260082194,0.011308057179803653,-1.5703279211591954,-6.282721665691746,-6.283214418294644,-4.643762488081627,-192.0261129408668
866.0,-0.987084590582915,0.011296781313107023,-1.5703381549231699,-6.282723845991068,-6.283214347494193,-4.640815613424912,-192.21990841168642
867.0,-0.982339896467259,0.011347820036013636,-1.5702913234927862,-6.2827233601811034,-6.283214594916211,-4.6406159424705065,-192.41568257304084
868.0,-0.9829210512931248,0.011250509495543641,-1.5703825437577759,-6.282725724221695,-6.283214038721876,-4.6326239369537285,-192.6114393792644
869.0,-0.9838490834376986,0.011265493750538265,-1.570365405607998,-6.282725517352979,-6.283214272018356,-4.622525923618301,-192.80674336186289
870.0,-0.983466210541172,0.011286433150043792,-1.5703472622123809,-6.28272484807141,-6.283214378780956,-4.617844206725528,-193.00217169781638
871.0,-0.982665798123432,0.011287921843025708,-1.5703467636861859,-6.282724801096703,-6.283214353920196,-4.618686977821867,-193.19795609029103
872.0,-0.9870015161286363,0.01122169021758814,-1.5704068175468935,-6.282726391842787,-6.283214028319234,-4.623342125336703,-193.39197675491604
873.0,-0.9901663155605409,0.011266329686563646,-1.570363543551552,-6.282725565166899,-6.283214360447993,-4.623845127789622,-193.58448688308778
874.0,-0.9884818932511064,0.01132996379956146,-1.5703071923600076,-6.282724095987522,-6.283214608644107,-4.615404989564257,-193.77757729912295
875.0,-0.9861694693288896,0.011313952908388322,-1.5703241074834031,-6.282724424505142,-6.2832144066952385,-4.609077179653621,-193.97172346687614
876.0,-0.9843528952659762,0.011295689456655019,-1.5703402371842299,-6.282724924714656,-6.2832143169794135,-4.601036285614525,-194.16671647148203
877.0,-0.9800401074203203,0.011322341118259974,-1.5703154776290862,-6.282724265920967,-6.283214465150597,-4.59425122329193,-194.36357575083343
878.0,-0.973864730791618,0.01132796034884534,-1.5703116893175069,-6.282724031543021,-6.283214436754022,-4.589472446338122,-194.5632267337227
879.0,-0.9697970672380742,0.011282702024685388,-1.570353829157959,-6.28272492290006,-6.283214200140993,-4.588474722080536,-194.76486661068293
880.0,-0.9728333864654857,0.011196296871582157,-1.5704310792476694,-6.282726825296466,-6.283213872998312,-4.590497207773732,-194.9653522116481
881.0,-0.9776987330379755,0.011214801938324413,-1.5704107955831905,-6.2827264678576125,-6.283214140873455,-4.5904879285789635,-195.16359819348781
882.0,-0.9832077074332094,0.011234245457323199,-1.570393307914724,-6.282725958634758,-6.283214247765502,-4.600723230856245,-195.35933053126075
883.0,-0.9880937205697623,0.011262279518580746,-1.5703677366080813,-6.282725588311923,-6.283214358981313,-4.602601753166526,-195.55281695844693
884.0,-0.9912618555825953,0.011291330291753509,-1.570341711333795,-6.282725078011186,-6.283214448464215,-4.60005426169201,-195.7448208765459
885.0,-0.9905010561037044,0.011336555896151743,-1.5703021018001309,-6.282723941540896,-6.279687785313649,-4.595075371501955,-195.93711160410462
886.0,-0.9872783643991253,0.011340156867552244,-1.5702984749994122,-6.282724585474796,-6.281834789778971,-4.5882309845793445,-196.13074376881283
887.0,-0.9801745636412952,0.01136681262050939,-1.5702750834920118,-6.282723420937573,-6.282658548124279,-4.590900598031596,-196.3274504571892
888.0,-0.9719690488912753,0.011347089290545308,-1.5702948831596855,-6.282723779699447,-6.282997313922927,-4.595496542631827,-196.52792450402006
889.0,-0.9705172464133209,0.01123291752223913,-1.5702750216755235,-6.282726372968631,-6.283136208643175,-4.608296308838249,-196.7293106858709
890.0,-0.9759820665832115,0.011180984447648635,-1.570361130151822,-6.282727184044204,-6.2831930157397515,-4.616435827306083,-196.9283788721001
891.0,-0.9844332458940549,0.01119186090524948,-1.5703752878385173,-6.282727135995057,-6.283207106272063,-4.616496936896451,-197.1236447709181
892.0,-0.9910261110476672,0.01125445365390183,-1.5703362441128015,-6.282725744578823,-6.283211849096073,-4.612122847614905,-197.31584627260096
893.0,-0.9956023900572523,0.011289138403244445,-1.5703183744245228,-6.282725002338586,-6.283213537335826,-4.621515658192266,-197.50595234789955
894.0,-0.9993416718739587,0.011296210070243565,-1.5703205976040462,-6.282725181482734,-6.283214080995631,-4.623325206667877,-197.69440081827256
895.0,-0.9976245574631806,0.011358961569425965,-1.5702688889346923,-6.2827239331233455,-6.2832145604019685,-4.618169481222404,-197.88340838438998
896.0,-0.9937307883778363,0.011350944023178502,-1.570282337193178,-6.282723952560622,-6.283214468754611,-4.618655390671933,-198.07410498309818
897.0,-0.9871126105610518,0.011359068214734728,-1.5702772745869693,-6.282723868612452,-6.283214503615795,-4.6169797486907544,-198.26767769711142
898.0,-0.9798435459972525,0.011336930258731337,-1.5703002200515697,-6.28272422074593,-6.283214369326241,-4.612009153056834,-198.4645538441471
899.0,-0.9748327832504055,0.011288463459049429,-1.5703458196362883,-6.2827250049731616,-6.283214175558856,-4.611679797382012,-198.66383129149435
900.0,-0.9738630290449026,0.011237503117019142,-1.5703921149705033,-6.282726009055741,-6.283214037612878,-4.608209873003556,-198.8636987982388
901.0,-0.9790104013473057,0.011182602323580999,-1.5704406909427906,-6.282727062150657,-6.283213899775767,-4.614417912857906,-199.06139561622058
902.0,-0.9792914647013535,0.01128771792672768,-1.5703434426257958,-6.2827247236048445,-6.283214537290252,-4.626971374624939,-199.2587188981611
903.0,-0.9797148215147335,0.011275559603243931,-1.5703585037266798,-6.282724996899745,-6.283214326484616,-4.640727717166921,-199.45589126443622
904.0,-0.9796992348633355,0.011284566297507593,-1.5703495198882218,-6.282725054151226,-6.2832143628551895,-4.649884607453123,-199.65304562422784
905.0,-0.9796046085547438,0.011283188910077532,-1.5703510787132755,-6.282725115805323,-6.283214333901319,-4.657826406111781,-199.85024525961776
906.0,-0.9800165908525212,0.011275995478003566,-1.570357523811758,-6.282725318864434,-6.283214297243035,-4.670595274416591,-200.04727632855773
907.0,-0.9802094955327223,0.011281027778913584,-1.5703526199402544,-6.282725324806296,-6.2832143311525535,-4.670509515420867,-200.24420683191977
908.0,-0.9759805139704385,0.011336318102642599,-1.5703023243261203,-6.2827239726803725,-6.2832145819111505,-4.6716422652259055,-200.44290970425453
909.0,-0.976729252113242,0.011247801728731723,-1.5703853559031797,-6.282725822868306,-6.283214059062198,-4.675171574124418,-200.64149869910764
910.0,-0.9816918932550777,0.011181941946122414,-1.569583161448113,-6.282728715577355,-6.283213778622147,-4.676959365220308,-200.83767218026026
911.0,-0.9818003493095754,0.01133188247872961,-1.569741547011328,-6.282722559033798,-6.283214890842289,-4.676027595874713,-201.03361089073655
912.0,-0.9762798910885772,0.011375012783656062,-1.5698905829468786,-6.282722792320378,-6.283214744179795,-4.666747898133453,-201.23197858147395
913.0,-0.9705837974072188,0.011335292154550163,-1.5700527277724854,-6.282724067566569,-6.283214378339862,-4.6611463837725315,-201.4330749298305
914.0,-0.9722063695456613,0.011049833668696978,-1.5660639533232388,-6.282736740374119,-6.283212507131028,-4.666129665868244,-201.6324478668509
915.0,-0.969717487570772,0.011436517675943714,-1.5672576277061454,-6.282714443879174,-6.283215447062243,-4.669850035952404,-201.83296233431636
916.0,-0.9701155512213147,0.011297611757514184,-1.5677139307590242,-6.282724269181197,-6.283214002394448,-4.671204809367638,-202.03364256560218
917.0,-0.976520649110282,0.011247192569982823,-1.5686292280606535,-6.282725481825232,-6.28321404037824,-4.67652939864398,-202.23183230978898
918.0,-0.9861540037300436,0.01122183581196173,-1.5692250866841517,-6.282727450753211,-6.283213957664236,-4.681947526987456,-202.4259179138994
919.0,-0.993261382343082,0.011275974214263417,-1.5695620180009509,-6.2827264605463435,-6.283214299677559,-4.680927011934133,-202.61684021506122
920.0,-0.998936053590165,0.011290253322050487,-1.5698105723852056,-6.2827260246848935,-6.283214324714631,-4.675916758484364,-202.80532233714524
921.0,-1.0001871320620455,0.011339184568837937,-1.5699409108335343,-6.282724802554067,-6.2832145492668285,-4.66353140977015,-202.99316987867712
922.0,-0.9949197369874632,0.011392768215788725,-1.5700109493476593,-6.28272346291317,-6.283214713816213,-4.655655435169697,-203.1831723793933
923.0,-0.9875149238121499,0.011371414125293557,-1.570111474142122,-6.282723808670116,-6.283214481835412,-4.648954077623326,-203.37648533878217
924.0,-0.9783822121488068,0.011360416044239319,-1.5701740924890548,-6.282723942936719,-6.283214422300624,-4.637367375773687,-203.57392351682225
925.0,-0.9747606794618279,0.011260242787985349,-1.5703022349023366,-6.2827256862903145,-6.283213975173689,-4.643731222828684,-203.77327902952803
926.0,-0.9702401108854816,0.011286107383509943,-1.5702994602852205,-6.28272510000177,-6.283214291169321,-4.642531981167541,-203.97466336009143
927.0,-0.9675653453669235,0.011257772280904075,-1.5703432280077803,-6.282725328522144,-6.283214160585842,-4.653214489241826,-204.17738573589784
928.0,-0.9715598309659765,0.011185727626870002,-1.5704184142347655,-6.282727025573536,-6.283213882316106,-4.657324391692889,-204.37848395717205
929.0,-0.9802719974205036,0.011174025812571674,-1.5704325148808878,-6.282727370105811,-6.283213972183083,-4.664556458576049,-204.57568258360726
930.0,-0.9812828379002599,0.011316672485341775,-1.5703070742230343,-6.282724193953095,-6.283214720646541,-4.667736708732226,-204.7720781738101
931.0,-0.9845182660675272,0.011265446617421702,-1.570361543996165,-6.282725351788731,-6.283214245920947,-4.673014763960376,-204.96714990299742
932.0,-0.992870137004354,0.0112162034405918,-1.5704049798779673,-6.282727017633,-6.283214049007923,-4.668546726220591,-205.15864146589752
933.0,-0.9991450862448005,0.010937610620312933,-1.5703338109326914,-6.282722353630182,-6.2832142975168805,-4.673436533201322,-205.34738729554746
934.0,-1.0013859027316332,0.011029936551613818,-1.5703187244444414,-6.282728041895463,-6.283214734892278,-4.667289112015352,-205.53502825420617
935.0,-0.9970561477324392,0.011195410648081192,-1.5702589580146422,-6.282724138231677,-6.283214809458386,-4.653709604275964,-205.7242979146641
936.0,-0.9876386077955828,0.011283650238503041,-1.5702400243101646,-6.282722777361686,-6.283214695321938,-4.639042365451578,-205.9175854061524
937.0,-0.9790795754958482,0.011268453997429442,-1.5702943960652584,-6.282723694308271,-6.283214314086992,-4.63171144142633,-206.11481670766037
938.0,-0.9756233694683999,0.01121060988121804,-1.5703716447329537,-6.282725439653054,-6.283213997022329,-4.62386376579997,-206.3138224650689
939.0,-0.9785740264530975,0.011161798775711189,-1.5704300850690802,-6.282726783264223,-6.283213866945347,-4.615612693344954,-206.51167285597705
940.0,-0.9762556096217745,0.011278707821480733,-1.5703324046233378,-6.282724208768578,-6.283052694310085,-4.6153734956423325,-206.7103283292323
941.0,-0.9772217864473324,0.011229424715054013,-1.5703884296758073,-6.282725454309467,-6.283161814822358,-4.615647161689961,-206.90870171042263
942.0,-0.9810045548431912,0.011219630052986897,-1.5703992658266408,-6.28272602918761,-6.283200355009603,-4.618973884085961,-207.10541003090677
943.0,-0.9875246074949873,0.011213093008099253,-1.5704069359925248,-6.282726483641145,-6.2832091931501575,-4.614959357551786,-207.2992399201204
944.0,-0.9917799479949361,0.011271951204506185,-1.5703544936290337,-6.282725251054109,-6.283212635177115,-4.6099477970891005,-207.4910481614265
945.0,-0.9888333103973314,0.0113628855269378,-1.5702746269801322,-6.282723241108435,-6.283214115230904,-4.612289768660982,-207.6839156522462
946.0,-0.9835040817673151,0.011354648040349363,-1.5702861075097314,-6.282723658882399,-6.283214295770486,-4.6107459439898575,-207.8791563062939
947.0,-0.9785288267215113,0.011322288532801629,-1.5703160840770076,-6.282724488302278,-6.283214255338759,-4.606055277496751,-208.0767032804678
948.0,-0.9695063276638289,0.011361106490279441,-1.570279914813652,-6.28272354634888,-6.283214520828403,-4.606148688932171,-208.27827020407798
949.0,-0.968161896733554,0.011049359960278431,-1.566042777841572,-6.282736817630435,-6.283212425166934,-4.597696387599799,-208.47946555721273
950.0,-0.9740165108996591,0.011309360153342055,-1.567361324552851,-6.282716552861179,-6.283215535561391,-4.596835542108413,-208.6783196105032
951.0,-0.9826795863596502,0.011264036308557171,-1.5683763414559755,-6.282723972522025,-6.283214407096963,-4.607549698126145,-208.87362865431504
952.0,-0.9916760298556428,0.011262315964925116,-1.5690296956126695,-6.282726289214056,-6.283214213000192,-4.6186667702435305,-209.0651224378796
953.0,-0.9969214343179875,0.011311575921825906,-1.5694240547184675,-6.282725757240896,-6.283214420875047,-4.623396462325939,-209.25431410638876
954.0,-0.994533246220282,0.011386571920537162,-1.5696524980215387,-6.282724032695397,-6.283214707462216,-4.634478746720229,-209.44441941976493
955.0,-0.9915994037087084,0.011341800022774656,-1.5698944250980873,-6.282724963421622,-6.283214349462664,-4.631539214610232,-209.6359528216488
956.0,-0.9840299854314032,0.011377723269600614,-1.5699930210774409,-6.28272394805421,-6.283214564746638,-4.633879516718138,-209.83077164067362
957.0,-0.976136643843501,0.01134056318153699,-1.5701186324746212,-6.282724383041245,-6.283214321692354,-4.642893840244845,-210.02926712986965
958.0,-0.9695040327077684,0.01130373079811499,-1.57021182742953,-6.282725062890478,-6.283214203156202,-4.642796873289465,-210.23091668659012
959.0,-0.9705802399945983,0.011199276159065054,-1.570347015106301,-6.2827269710770075,-6.283213803122889,-4.643661807626591,-210.43237317186671
960.0,-0.9772056970802407,0.01117115203878936,-1.5703954564995575,-6.282727516439209,-6.283213891590218,-4.645681048702308,-210.630916708518
961.0,-0.9809705778490625,0.011254537262172844,-1.5703367254461444,-6.282725479518986,-6.283214404360642,-4.64904117694465,-210.82757831748734
962.0,-0.980065952777713,0.01131808168592688,-1.5702937614779047,-6.282724132535187,-6.283214596150383,-4.64662590274465,-211.02449491218655
963.0,-0.9797793284033727,0.011292265479104545,-1.570328075301611,-6.282724620219144,-6.280455570600998,-4.6474565420746625,-211.2216660947273
964.0,-0.9804643850885423,0.011275871203649533,-1.570345739081726,-6.282725666182345,-6.282137517831353,-4.6534502262484985,-211.41852327428035
965.0,-0.9836645871074532,0.011248141910932171,-1.5703744991058999,-6.282725972315944,-6.282782825794869,-4.658288481014451,-211.61399909263244
966.0,-0.9823451174904203,0.01132044440416734,-1.5703102068088937,-6.282724387865899,-6.283048359402165,-4.652184507122776,-211.80987378416833
967.0,-0.9836561503951268,0.011266606680013412,-1.5703636993332897,-6.282725355725888,-6.283157230100757,-4.656138728991294,-212.0052912905981
968.0,-0.9851680182070418,0.011274362621981655,-1.570355522851803,-6.282725451480229,-6.283199116935115,-4.654412912864424,-212.2000066888115
969.0,-0.9843877759843318,0.011304912499212687,-1.5703288296188573,-6.282724718840733,-6.283209035119512,-4.648015291907603,-212.39498930767857
970.0,-0.9837324476545175,0.011291467910177155,-1.5703427806459833,-6.282724921918127,-6.28321235493841,-4.643504056536402,-212.59029346598024
971.0,-0.9831237319865853,0.011287529364352655,-1.5703462567146074,-6.282725052777242,-6.283213604203204,-4.638150002759175,-212.78587534581132
972.0,-0.9837757411030703,0.011269109340621981,-1.5703632472263553,-6.282725412185821,-6.283213984266963,-4.633173072048429,-212.98121150953708
973.0,-0.9856592465154295,0.011259875787675955,-1.5703710919160931,-6.2827256221581065,-6.283214144801021,-4.623707041845075,-213.1757317193629
974.0,-0.9815233857430793,0.011344984354653847,-1.5702932314158862,-6.28272360168198,-6.283214631597507,-4.6259442414017355,-213.37188652517762
975.0,-0.9759556232151938,0.01133201636188405,-1.5703085274180233,-6.282723928916103,-6.283214431204149,-4.62820450773451,-213.5705893427565
976.0,-0.9686866400012087,0.011316139167678036,-1.5698311403319984,-6.282725145790394,-6.283214278079417,-4.628072534935919,-213.7724656236347
977.0,-0.9664120645550018,0.011265835767016917,-1.5700476130860226,-6.282724492331979,-6.283214207608259,-4.629464114779408,-213.97564253907868
978.0,-0.9647726068426661,0.011268576255756637,-1.5701484146113545,-6.282725075688997,-6.283214265145454,-4.638327444491782,-214.17961650934464
979.0,-0.9651310397492341,0.011245718034007725,-1.5702407826652602,-6.28272571292986,-6.283214154892115,-4.643702472621372,-214.38352325255335
980.0,-0.9704818031589982,0.01119916753109462,-1.5703294937183079,-6.2827268985226885,-6.283213980501395,-4.6451052294363375,-214.58511111975184
981.0,-0.9756125239414882,0.01123988352582349,-1.5703222536574377,-6.282725978106747,-6.283214278085844,-4.652481167460084,-214.78427260403242
982.0,-0.9828559675817068,0.011230252579441257,-1.5703529822587605,-6.282726381374375,-6.283214185420399,-4.653493275726983,-214.98019984653496
983.0,-0.9873184436546295,0.011289411928867876,-1.570312551044529,-6.282725189782324,-6.283214487374981,-4.642831556223164,-215.17398183077464
984.0,-0.9884069435132468,0.01132524366615086,-1.5702914061126165,-6.282724395574863,-6.283214561798343,-4.633102906971503,-215.36717342277413
985.0,-0.9851662938883757,0.011359999361268613,-1.5702672427865272,-6.282723679981212,-6.283214635291274,-4.627642012332658,-215.56169192931156
986.0,-0.9781625849626033,0.011374601454850346,-1.5702595420142034,-6.282723441243542,-6.28321459840573,-4.622350461166012,-215.75929910880322
987.0,-0.9784226076479589,0.011245379181484204,-1.5703817390744115,-6.282726192857822,-6.283213933514155,-4.61558364683544,-215.95710764760616
988.0,-0.9778944300922279,0.011278431768522498,-1.5703492147016311,-6.282725404339709,-6.28321431698551,-4.60593807115082,-216.15507229658408
989.0,-0.9792344982709221,0.011253395848501104,-1.5703755033277902,-6.282725510931517,-6.281752235323055,-4.602243077541849,-216.35254018726698
990.0,-0.9830007050769041,0.01123610620085073,-1.570390200679152,-6.282726210878111,-6.282648888929766,-4.609213543905921,-216.54834361362873
991.0,-0.9877748590027663,0.011244596249167068,-1.5703824267819857,-6.282725996154434,-6.2829930057034975,-4.6093429378563116,-216.74199527405713
992.0,-0.9922369990999819,0.011264911213776402,-1.5703643376256449,-6.282725521293555,-6.28313454507425,-4.619946773886284,-216.9336229391304
993.0,-0.9933466801937377,0.011313136268444627,-1.570321187999867,-6.282724633649211,-6.283192481525655,-4.613188867528154,-217.12462963487886
994.0,-0.9890253592719132,0.01136571401602654,-1.5702749639059717,-6.282723466929192,-6.283207300445518,-4.599306818537601,-217.3173855851913
995.0,-0.9797576328234788,0.011372845652562852,-1.5702505887940672,-6.282722640076946,-6.283211968428229,-4.602430701224498,-217.51420271354837
996.0,-0.974523204877341,0.01127969459247609,-1.5703418473845472,-6.282725143316006,-6.283213151804091,-4.604242476373668,-217.71363020771062
997.0,-0.9711355881087013,0.011262819355008015,-1.5703598519381545,-6.282725420674986,-6.283213818439964,-4.60879367249728,-217.9146695763851
998.0,-0.9677759245815889,0.011269869362548743,-1.5703569931597816,-6.282725043503939,-6.283214133776272,-4.61612559254677,-218.117266599282
999.0,-0.9681824450101976,0.011166089469766273,-1.5689567270905758,-6.282729543271043,-6.283213542922879,-4.612320249904317,-218.117266599282
