time,shoulder link,upper arm link,forearm link,wrist1 link,wrist2 link,wrist3 link,total_reward
0.0,-0.00040289024962908003,6.487103507711126e-05,-1.2260996969926546e-05,-1.4965965556567795e-05,2.2451573915520264e-06,1.0108755452833242e-07,-0.9111607981031667
1.0,-0.006865542196090674,0.0045901218114709685,-0.0050384284290709075,-0.01112256448532104,-0.00017469345501570227,-0.0014286805583082478,-1.8197272381959886
2.0,-0.016191221085120548,0.008761555050568992,-0.014218961404742336,-0.0239756707987522,-0.00802559449429526,-0.013099472125623724,-2.7233616437068675
3.0,-0.028972441650147084,0.011165334094847705,-0.0242121923665445,-0.04034049486308213,-0.022303874304444048,-0.023619628517591994,-3.61909124779345
4.0,-0.0421703906811563,0.012826352791526552,-0.03713137501055299,-0.058197678818489626,-0.03235133111149405,-0.03896336070734396,-4.505951237079755
5.0,-0.05670190091869577,0.013794605621292996,-0.052079276711799224,-0.07666043102852446,-0.047506099848139124,-0.05639081195478764,-5.382434301253665
6.0,-0.07247323422671326,0.014319206661389304,-0.06837885813971825,-0.08929618014197904,-0.06289808971859485,-0.07468200131721364,-6.247117744521082
7.0,-0.08928153839692173,0.014582811090982082,-0.08554541545735249,-0.08773700654225844,-0.06730601802194318,-0.09333036011484458,-7.098979217975703
8.0,-0.10673713709819543,0.014718416564966237,-0.10328029644843675,-0.07606270379033604,-0.07526900240897667,-0.11183362360613326,-7.9370079761064
9.0,-0.12467481420706332,0.014796274950018817,-0.12139024767290925,-0.06067140766193344,-0.08956755699007797,-0.1305645203250169,-8.760457888362406
10.0,-0.14015183881867085,0.014557841894590452,-0.13660880779531903,-0.043239926883735465,-0.10656474441459897,-0.14419676781585217,-9.570802550006023
11.0,-0.15567283497382972,0.014747074966957178,-0.15291149252877653,-0.025841238031488047,-0.12468255926999512,-0.1608302140745209,-10.368085111542456
12.0,-0.17235766265021557,0.014861979272250525,-0.1700515335624615,-0.007579958225538952,-0.13323311623080006,-0.17879085742053635,-11.151651468814276
13.0,-0.18945430729023047,0.014381603340603797,-0.18135004679638475,0.0011645567098559047,-0.14180307940178002,-0.19513076869711157,-11.922209665081565
14.0,-0.2070791376912647,0.014712079479971728,-0.19492238174934798,0.015838731213061355,-0.15633869380968757,-0.21293532324822928,-12.679067491074035
15.0,-0.22516485938644382,0.01491900361451324,-0.21026086676729264,0.029473878725954805,-0.1734358993404258,-0.23138145990292958,-13.421466632215735
16.0,-0.24295143961309829,0.014988691913445245,-0.2267956688532576,0.04348073241545844,-0.19159092596712182,-0.24557939969493944,-14.14918740226748
17.0,-0.26089708356802793,0.014983829666332172,-0.24411088668764394,0.06031545280002302,-0.2045510786849761,-0.26245842641375217,-14.862039249924594
18.0,-0.2791764704587548,0.014677413841467514,-0.25870084372259056,0.07835895460859633,-0.22090008713618273,-0.2787637967176152,-15.559995336723313
19.0,-0.2976903530178638,0.014801553468253134,-0.2745167048114125,0.09691233398391515,-0.22984371467592438,-0.2965610471843571,-16.24310170618228
20.0,-0.3163399446334265,0.014666804361179068,-0.28874345948280816,0.1095979179078317,-0.2445763356654335,-0.31060861113918625,-16.91140115071692
21.0,-0.3306824950915358,0.01469303507069367,-0.30298702476205047,0.12511753584976423,-0.2603209357336407,-0.3235723925241705,-17.56722938662845
22.0,-0.34484440089396196,0.014826587766084443,-0.3187374500634288,0.13974894286936348,-0.2778957285922226,-0.3399504654684623,-18.210657678225463
23.0,-0.3606320212934422,0.01475721595354687,-0.33421617343719895,0.156830445169279,-0.29350629247422483,-0.35780612952227064,-18.840645232426112
24.0,-0.37680741620599584,0.014812500657757407,-0.35078225238022537,0.17497830202000744,-0.31100018548705105,-0.3753691120274442,-19.456664306428124
25.0,-0.3936617327854492,0.014260764765603865,-0.3611411357814211,0.19356392185145513,-0.3293189168191682,-0.3860147351331617,-20.05914017910875
26.0,-0.41047558610487267,0.014596647626328174,-0.37406185318479757,0.21233710027820665,-0.34797904276341907,-0.40142281328978696,-20.64800732628712
27.0,-0.427726812818292,0.014555132097836498,-0.38606557751529214,0.2282178610662736,-0.3667798979729707,-0.41887722520236015,-21.223111166792883
28.0,-0.4455784956569522,0.014648180995927365,-0.39892438766600885,0.24385798053289676,-0.38563855693202037,-0.43717959496038694,-21.784023287776737
29.0,-0.4625695726767023,0.014806874716811845,-0.41374530154577566,0.2419047154207861,-0.38965812506649095,-0.4428176492396093,-22.33196654289687
30.0,-0.4790368674583729,0.01471389298175133,-0.4283760948298602,0.24202414970318695,-0.392769792551569,-0.45626525650810323,-22.867202232660713
31.0,-0.49511396996260326,0.014765856221799246,-0.4443788117060447,0.23717539281325023,-0.4042338919246712,-0.47291205035636485,-23.389602854483343
32.0,-0.511830347618842,0.014761791414940384,-0.4613415288657207,0.2272782484899974,-0.42004808818123207,-0.4908806602225218,-23.89859932278974
33.0,-0.5276785890538319,0.014661200033971134,-0.4783082234443217,0.22598976379871186,-0.4376734427502474,-0.509395735137165,-24.39429755639155
34.0,-0.5428016998293954,0.014647729528468963,-0.49587019497569085,0.21870808553255883,-0.45604885979804743,-0.5274835864498865,-24.877218964714938
35.0,-0.5588126470025194,0.014613987279172885,-0.5138774976490544,0.20696165725722723,-0.47230667782045316,-0.5451680022077949,-25.346998167385053
36.0,-0.5758719687274209,0.01437634140812316,-0.5299322517398936,0.20183187008067582,-0.4900731852766437,-0.5635504220182979,-25.803108054232187
37.0,-0.5913603168535122,0.014351174454267274,-0.5460102938157396,0.1921643768414215,-0.5067174845716959,-0.580742966192442,-26.246629160150675
38.0,-0.6072242159085331,0.014421653810059413,-0.5629833602552898,0.1771494863407953,-0.5246548329826848,-0.598911630253178,-26.67742398380314
39.0,-0.6241743557686185,0.01443576389340364,-0.5805882757723646,0.16826325279255264,-0.5431570278207164,-0.6157156487174199,-27.094604028332665
40.0,-0.6402225364284275,0.014188585974706132,-0.5952607826718734,0.1535693243338248,-0.5612101503830358,-0.6318630949451152,-27.499190687019002
41.0,-0.6520476177596085,0.014241190016363106,-0.6097223274822902,0.1364053372611779,-0.5748954787233638,-0.6495926636135361,-27.89386887511707
42.0,-0.660066902078287,0.014276802486852263,-0.6242589338496304,0.12075792830408251,-0.5903932984075012,-0.6680079435051148,-28.280749369649
43.0,-0.6702194815955806,0.014102167256084722,-0.6369230036698241,0.1101546084763842,-0.6073677733444857,-0.6827524417250755,-28.659000423811715
44.0,-0.6834916145290529,0.014020593815941153,-0.6478782656808589,0.09621433872950658,-0.6254648349908027,-0.6998669410970617,-29.0272648056969
45.0,-0.6988825900123529,0.014285160945222123,-0.6613324120414384,0.0819952913924765,-0.6440340116745902,-0.7097897484972383,-29.3840642263382
46.0,-0.7155815860716677,0.014231090362286723,-0.6745467154136887,0.07416647542635633,-0.6627975126314433,-0.7164698292440453,-29.72853570861051
47.0,-0.733087687523659,0.014042331637659564,-0.6855812274918945,0.07135152155207113,-0.6816416442931904,-0.7280422164745378,-30.060679655206975
48.0,-0.7507779107449751,0.014304780536830944,-0.6990656314245476,0.059107435643702036,-0.7005202035874398,-0.7438735893139752,-30.380346409751073
49.0,-0.7659834723039155,0.013928862105805745,-0.7076762732981664,0.042933898570422575,-0.7156033146324183,-0.7569334504574426,-30.689641097505312
50.0,-0.7777167274989206,0.014112422484187901,-0.7174051101013239,0.025924285357617694,-0.7318610232995046,-0.7646037123569437,-30.990518546022194
51.0,-0.7905532740478881,0.014003289436033418,-0.7255441641652882,0.007829854784768435,-0.7439903697023337,-0.7738931221096009,-31.282917697595064
52.0,-0.8047447998119414,0.01429846428923484,-0.7370865673254913,-0.010727380639232486,-0.759997574350698,-0.7887347657667894,-31.565640368473165
53.0,-0.8203810399724079,0.01441196705334629,-0.7511013609510726,-0.029477693990484367,-0.7657892300175679,-0.8050851870844349,-31.837573337134685
54.0,-0.8372033511959789,0.014375735679769358,-0.7664411142906871,-0.04831744764147563,-0.7792812146858329,-0.8229162994330961,-32.097736152735266
55.0,-0.8535946074912476,0.014323193252236575,-0.7829688773065299,-0.06450707802031333,-0.795949687778288,-0.8413739981679984,-32.34610436980525
56.0,-0.8704534405825723,0.01409723716967566,-0.7982008362661017,-0.08223430484552861,-0.8139272549567118,-0.8600911572621692,-32.58289067571315
57.0,-0.8880264911604673,0.013756439504985573,-0.8098267317143873,-0.09694236860924714,-0.827659863712705,-0.8789155645386812,-32.80896629259622
58.0,-0.901939654278874,0.014001753985952069,-0.8236487378507984,-0.11111483985700567,-0.8405626914851343,-0.8896605460858593,-33.02581406566353
59.0,-0.915199220328275,0.01394553978506741,-0.8371455450539133,-0.12782239418248748,-0.8558850643243568,-0.9051162460505221,-33.23382933240607
60.0,-0.9301167664170988,0.013940836284319632,-0.8512097592565459,-0.14580843089849393,-0.872546753935214,-0.922590463416503,-33.43257027346835
61.0,-0.946502370336018,0.013953328088791317,-0.8668658540001607,-0.15439739975245437,-0.8905099537351298,-0.940900985271133,-33.62167908975972
62.0,-0.9637690562038712,0.013664531535397628,-0.8791024168341417,-0.16899468284304534,-0.9025088621096264,-0.9595572548991923,-33.801994852657806
63.0,-0.9786684243506777,0.013788106922155926,-0.8928276394780733,-0.17716613843415022,-0.9160834526715697,-0.9759217354183516,-33.9746945296706
64.0,-0.9917866589192941,0.013746835209632118,-0.9058480109308994,-0.19156763163768106,-0.932740325114524,-0.9937319920835834,-34.14066173081823
65.0,-1.004420557982425,0.013729978319437768,-0.9188825050417277,-0.2086092794861255,-0.9507124674578304,-1.0075292603891486,-34.300434943617525
66.0,-1.0170404559566781,0.013825958683545912,-0.9338160528480245,-0.2264831370072216,-0.969229233568423,-1.024240334152301,-34.454007211563734
67.0,-1.0313662922395421,0.013766803305159338,-0.949451429069644,-0.24494887340949908,-0.9879688622881279,-1.0420706424638153,-34.60146721827043
68.0,-1.0473509420032965,0.0137375807918753,-0.9661642254489899,-0.26366395801063613,-1.0068033092020934,-1.0580143635702337,-34.743280794008484
69.0,-1.0644084370585338,0.013681896578103097,-0.9836065553284093,-0.2824854062041439,-1.0214279285567018,-1.0753516395836167,-34.88015171160122
70.0,-1.082139277461296,0.013609371038507513,-1.0015389478238241,-0.30135103666441615,-1.0384887095012796,-1.0935994025137028,-35.013419957573696
71.0,-1.09302003348428,0.013273191260356407,-1.0150064608711666,-0.32026325980946757,-1.0541359974599853,-1.1122295442599368,-35.14426358052818
72.0,-1.0951178876769696,0.013425868656372046,-1.029933053029626,-0.33413429138224454,-1.062619124562812,-1.1310179506730509,-35.27089967539778
73.0,-1.0928129887343263,0.013474892681011628,-1.0462354145995312,-0.3475564234346137,-1.0771604452439458,-1.1498719018648231,-35.392096006951604
74.0,-1.088585171214204,0.013453529197098956,-1.063436339088002,-0.3641351644713929,-1.0941983444563308,-1.1687529302538262,-35.50703206859778
75.0,-1.0811796126226734,0.0132553624316009,-1.0790191112552123,-0.38208998115775544,-1.1123289386868085,-1.1842384183006405,-35.6153032396747
76.0,-1.0704401145813156,0.013051542103433228,-1.0927117243391367,-0.39375992602636456,-1.1309098617038187,-1.2016686773402947,-35.7172332149774
77.0,-1.0586318268864217,0.012950506217032367,-1.1044975999228674,-0.4089115828726573,-1.149675109898401,-1.2199595728289088,-35.81336114229923
78.0,-1.0524315999068055,0.013011559445775648,-1.1177542416281285,-0.42623843954476137,-1.1685122849839233,-1.2371823521943375,-35.904216894100244
79.0,-1.0445419807296936,0.013092866039302811,-1.1320644678998089,-0.4444897940085,-1.187397333240513,-1.255364516507449,-35.98931778800029
80.0,-1.0372556684018572,0.012922814347044051,-1.1451089013891356,-0.4631309761459895,-1.202474209620219,-1.2720149637310696,-36.06875595130161
81.0,-1.0270269777072096,0.012977590162899778,-1.158855046267709,-0.4819114673414563,-1.2197351702571988,-1.282624230489185,-36.14264822402285
82.0,-1.0212670736735625,0.012956443803040356,-1.1743918080507059,-0.5007532885381341,-1.2379461128620386,-1.298012335914439,-36.21085742408401
83.0,-1.0220511785905317,0.01260936578779105,-1.18700259497962,-0.5196620775467635,-1.2565613360171761,-1.315458310767287,-36.27394358611862
84.0,-1.0287629196102561,0.01207128998701242,-1.1918477102070597,-0.5360866227118538,-1.2740117030883993,-1.333757179194095,-36.33432910081321
85.0,-1.039764098093942,0.012439296677141798,-1.1999998761800224,-0.5460650106387961,-1.2900669327787826,-1.341183842532509,-36.393925545321174
86.0,-1.0484988656311933,0.01277776971736461,-1.2114786572329423,-0.5560085914448631,-1.3077612378005825,-1.3548255818199795,-36.4529227682939
87.0,-1.0566224271680298,0.012644312081226487,-1.2220557649622181,-0.5619085916588114,-1.316182394428781,-1.3704891103338792,-36.51186614551876
88.0,-1.057150871943754,0.012885085025261086,-1.234882388437607,-0.5724753903654433,-1.3307289013890806,-1.388032818409642,-36.56867343972194
89.0,-1.0507151426416756,0.01286211894860475,-1.2479033995688535,-0.5879035119893213,-1.343694564137983,-1.4051255499875168,-36.62024613789806
90.0,-1.0415703749999243,0.012675732999533937,-1.2597196962805182,-0.6053401026363983,-1.354614042586176,-1.4232572393660856,-36.665714852441155
91.0,-1.0304829087794347,0.012740338598967444,-1.2737803881964225,-0.6236075215036169,-1.3701227770747901,-1.4418390744020384,-36.70545146873611
92.0,-1.0235817050816622,0.012549233722266656,-1.289601768207467,-0.6289804349084538,-1.3876125324108528,-1.4606076619369097,-36.74327027058106
93.0,-1.021486339805401,0.012279634639557568,-1.3029802439584972,-0.6400793458772428,-1.4059318064283535,-1.4794533121249842,-36.78068907562345
94.0,-1.0260607299633802,0.011960696774392626,-1.3131224323097692,-0.6467711155997835,-1.4245898476593175,-1.4983308881919313,-36.81999238540259
95.0,-1.0335831152668822,0.012156347088264425,-1.325916970218921,-0.649380765991141,-1.443396878594984,-1.517221542020594,-36.8636724975515
96.0,-1.0358328896963513,0.012395207280952619,-1.340658617151301,-0.6615408507595127,-1.46032669422358,-1.5361175892164813,-36.910625841265784
97.0,-1.0345475396923118,0.011915393395204706,-1.3504546774197181,-0.6567435254019582,-1.4783724183737368,-1.5550160658803052,-36.960614406168325
98.0,-1.0291997255569791,0.01214859011611411,-1.3629508152490808,-0.6472266343544563,-1.487628929661035,-1.5727274769120432,-37.01309305747842
99.0,-1.0214829308260716,0.012207590368394408,-1.377640135096583,-0.6322693121752,-1.4970670021828874,-1.5900075931221382,-37.0691631769174
100.0,-1.0184425275611302,0.012116730994518154,-1.3938385800128685,-0.6161518930258538,-1.5119566456087126,-1.6006653481745965,-37.13083970644407
101.0,-1.0161471322580569,0.011882428670745909,-1.407304457584954,-0.6004725125429652,-1.5214552851612018,-1.616076389563021,-37.1975798524847
102.0,-1.0169939462360742,0.011964613296152048,-1.422456450400501,-0.5938008814338392,-1.5311089299481413,-1.6335319672880106,-37.26960356725891
103.0,-1.0203543058102422,0.011915481360694825,-1.438901630121929,-0.5860725859769575,-1.5439274650881543,-1.6465596110748644,-37.34781637865641
104.0,-1.0205329886056245,0.011867334097842668,-1.4561482028165407,-0.5718712994333587,-1.5592631128220702,-1.6604726175545257,-37.432695047502094
105.0,-1.0201790656681389,0.01166073284314674,-1.4707391981732931,-0.5623275402488507,-1.5766677485769924,-1.6746070142686724,-37.52337044339453
106.0,-1.025581776021216,0.008736481558739321,-1.4865717671193892,-0.547320918217011,-1.5949442573965995,-1.691468615682409,-37.62178273480583
107.0,-1.027764971576476,0.009079775191836887,-1.503714399627633,-0.5301046476968029,-1.613597908749079,-1.709524216827442,-37.72733977642679
108.0,-1.0323288671870137,0.009877061267542333,-1.521320018690166,-0.5118474266849623,-1.6279841224409688,-1.7280752410747424,-37.84005959287037
109.0,-1.039269776840027,0.01031942269790382,-1.5375537969756183,-0.495675863047947,-1.644945213716403,-1.746127120637363,-37.960014425118466
110.0,-1.040759847521077,0.010496623339281566,-1.5484745534796298,-0.4794784100573974,-1.6630511111757103,-1.7646644018756794,-38.08513587035176
111.0,-1.0371180229435766,0.010685445567123114,-1.5557513834688848,-0.4652881065864702,-1.6767683869710701,-1.7834141933700374,-38.21331911936155
112.0,-1.028427113947669,0.010863564828202697,-1.5605877008186886,-0.4527528341904461,-1.6934425070039802,-1.8022521206604976,-38.343340757464915
113.0,-1.0242260092299225,0.010920988830654784,-1.563906086328903,-0.4478122069768012,-1.7114121304328382,-1.8200670614465615,-38.47497755005876
114.0,-1.026120676896027,0.010888691055914071,-1.5661470514789602,-0.43485985384629755,-1.7299288626877436,-1.8385003941185831,-38.60885265488626
115.0,-1.0300366705258046,0.010964491536765755,-1.5675753659239007,-0.4184008951307127,-1.7464059194224661,-1.8572069602915215,-38.74507961768196
116.0,-1.0358116888972797,0.011040502246953784,-1.5685209894951606,-0.40111582703653126,-1.764122199131327,-1.8666861180193373,-38.88398924744287
117.0,-1.0364863019880193,0.011183523279346208,-1.5690707766441885,-0.3828835080329851,-1.7825367149569509,-1.8810481700210437,-39.02501688442607
118.0,-1.0379378158905672,0.011213607113366402,-1.5695112494457228,-0.3667424608988651,-1.801228119058871,-1.8980609052978374,-39.16819527295122
119.0,-1.0335856508361059,0.011339249316822345,-1.5697129001994408,-0.355182883538142,-1.8200487906338412,-1.90774556106917,-39.31239813245445
120.0,-1.0258479276121586,0.011333469711933126,-1.5699065494172317,-0.3394218963936746,-1.8389109816830613,-1.9227727699468256,-39.45740493950581
121.0,-1.0203510100412878,0.011281183710758263,-1.5700880882281725,-0.3218161347207665,-1.857789911975706,-1.9400702136874648,-39.603699610907064
122.0,-1.0182280515015945,0.011247039931735451,-1.5702103156976486,-0.30344755893075,-1.8731243710551486,-1.9421124312842197,-39.75164274628779
123.0,-1.012874416226919,0.011320458149846297,-1.5702107989681244,-0.28638560980583605,-1.8904957967244105,-1.953273018948189,-39.900862844403555
124.0,-1.0100381556270581,0.011275802457367215,-1.5702927934374842,-0.26827917575717336,-1.908756964147518,-1.9680430895613568,-40.05180691888485
125.0,-1.009552727913859,0.011260062579148194,-1.570332010830249,-0.24970435420099357,-1.9133162200517655,-1.976800828421901,-40.20428630139152
126.0,-1.01176062580989,0.0112503542609845,-1.5703611597000195,-0.23093684262853242,-1.926336472260472,-1.9845718939515764,-40.35896006238725
127.0,-1.0098225319597784,0.011326733818889323,-1.5703034837947198,-0.21208678042095408,-1.9316359529070193,-1.9987923257986842,-40.5151288216859
128.0,-1.0111608175912017,0.011288219835234188,-1.5703567747168699,-0.195301840148493,-1.9359975161886456,-2.01575580299991,-40.673008032314755
129.0,-1.0167680720292038,0.011278587667536697,-1.5703812650994808,-0.18339662781076926,-1.9488572884078994,-2.0338551295539995,-40.83305433277702
130.0,-1.0218197086859642,0.011300698303787056,-1.5703535021487613,-0.1709172165907844,-1.9652671374350523,-2.05214375583332,-40.99548877708907
131.0,-1.0212481646515263,0.011373814473024602,-1.5702879306604984,-0.15918811006813977,-1.9831415155124243,-2.0646838673735486,-41.159546554494554
132.0,-1.0156514800463368,0.011422103369723918,-1.5702550488175189,-0.1521439745635394,-1.993263559918667,-2.0808503075157057,-41.32380707933247
133.0,-1.0093564651136637,0.011351156859205347,-1.570295357616144,-0.13818810639624637,-2.0084649899303213,-2.0986174801301907,-41.48894935618715
134.0,-1.0014083700102003,0.011357788215739583,-1.570293252218908,-0.12422740294709227,-2.025837545347703,-2.1170490659129015,-41.654905962879866
135.0,-0.9952744918034644,0.01130474482720743,-1.5703375334856113,-0.10741970535844438,-2.044103211741372,-2.1357554351673462,-41.82221699558226
136.0,-0.9951327214471143,0.011232439468222766,-1.5704041062851957,-0.08938166549249421,-2.0557523183234214,-2.15457539561316,-41.991486084468505
137.0,-0.9948156375403369,0.011297620282959922,-1.570364848659936,-0.07698830129832814,-2.0715660143288925,-2.1675378044927234,-42.16228519965765
138.0,-1.0000406037269383,0.011218571405510918,-1.5704225962912377,-0.060886547444762656,-2.0853563088965155,-2.1838823578169704,-42.33554241324784
139.0,-1.008359881392595,0.011250204206520769,-1.5704075430173436,-0.04983204700505195,-2.102082516222928,-2.1968294410284095,-42.51139693888797
140.0,-1.0127194434737898,0.011303087004839653,-1.5703414743240847,-0.034265851158069946,-2.1200889291517244,-2.2131846999459848,-42.68985386974297
141.0,-1.0115547488509489,0.011391692437926862,-1.5699795644993715,-0.029017603874003036,-2.1270074197558904,-2.231030489126815,-42.86879303233654
142.0,-1.0045203448710858,0.011407122937878746,-1.570043170871522,-0.015745598710534922,-2.14095371601807,-2.2472514387700278,-43.0482777419997
143.0,-0.9933180405459079,0.011402296213776893,-1.570109828343236,0.0008381153984227727,-2.155733908472263,-2.257795648934716,-43.228162192921296
144.0,-0.9857166124544362,0.011350221411193078,-1.5702279150292127,0.011034124120834063,-2.1721076301703612,-2.273155243608539,-43.40844375683138
145.0,-0.9857715412893966,0.011275806698760842,-1.570338547107145,0.01361915392666025,-2.189949191476593,-2.2888179362990937,-43.589302803041775
146.0,-0.9865962189496811,0.011241795885161509,-1.5703491001007932,0.02580766418474673,-2.2084180589770894,-2.3037659976542533,-43.77170564533994
147.0,-0.9887109205239786,0.011217631906599381,-1.5700310415591405,0.0419467205485304,-2.227137799244003,-2.3209873602228184,-43.95610742478142
148.0,-0.9895021413708581,0.011288104870122063,-1.5701059779589286,0.057339463497382774,-2.2439305637238487,-2.3391921600197145,-44.14234055995502
149.0,-0.9845057102552562,0.009990714731499506,-1.5700698171656873,0.0747586110250184,-2.2605793458360797,-2.357804667552864,-44.33001951240894
150.0,-0.9774174663442395,0.010169310988334576,-1.5702373933701457,0.09100803211934988,-2.278523637194248,-2.3751092426913702,-44.51859476924509
151.0,-0.9757898060922336,0.010493469144427727,-1.57033322481483,0.10879516619022049,-2.297023213210942,-2.393324515354962,-44.70874254322104
152.0,-0.9783099351731628,0.010759672810014867,-1.5703659509382144,0.12130228776197788,-2.3157596086357453,-2.4049539074626063,-44.90046924821416
153.0,-0.9812115251631526,0.01093421894645534,-1.570360191387996,0.13744954535129972,-2.3275011496591294,-2.4189470035631526,-45.09413322900876
154.0,-0.9805172918684106,0.011098260551817025,-1.5703209423209532,0.15521624694926145,-2.338269919697348,-2.435785068107335,-45.289433693873086
155.0,-0.9779414916549589,0.01118485818260053,-1.5703198209414069,0.17364976896227777,-2.3532838268571883,-2.4505483746177887,-45.48619340722661
156.0,-0.9744516757348003,0.01124024052147463,-1.5703255505377867,0.18964796778473206,-2.361378537489057,-2.4625059481400746,-45.68406662392315
157.0,-0.9666038008145177,0.011312973056422542,-1.5702931525381707,0.20471124562091275,-2.3757695546917574,-2.47648102635905,-45.88245225282585
158.0,-0.9628888051843669,0.011245545392724167,-1.5703700215926562,0.22198232800661474,-2.3928019116174504,-2.493309163754996,-46.082015218901084
159.0,-0.9592968455851171,0.01126267339743261,-1.5703645495795684,0.2402079446326616,-2.410933656005318,-2.51135162953161,-46.28283162096181
160.0,-0.96227696634757,0.01119561390100008,-1.5704355643326584,0.2588319871135661,-2.4264378944751077,-2.525650228528872,-46.485623593073626
161.0,-0.9672742262885863,0.011226649662614867,-1.57042065557858,0.27350503279783345,-2.4345306835376856,-2.5396693402104864,-46.690338766769884
162.0,-0.9725923364692225,0.011238862836790526,-1.570404946152109,0.2905816792287133,-2.4461428447459537,-2.556499931647557,-46.89723702918428
163.0,-0.9723312436052919,0.011335514203779654,-1.5703361160601026,0.30156165337078533,-2.4619867092034657,-2.574542995602386,-47.10500394570482
164.0,-0.9717717231578105,0.01129425518270648,-1.5703588087891036,0.317104930225414,-2.4765373129834534,-2.592184437541707,-47.313990041538794
165.0,-0.9682296325339227,0.011315184430960341,-1.570336918092137,0.33462038718140447,-2.4935886173347055,-2.6076201462628834,-47.52394482183963
166.0,-0.9619011720043462,0.011325587571230662,-1.5703308209708868,0.3528623364886024,-2.511723623297572,-2.620137789213434,-47.73454579346177
167.0,-0.9570022281124678,0.011310794246892514,-1.5703684902336956,0.361714256469786,-2.5248994991252687,-2.636314262770608,-47.945172066290446
168.0,-0.9560976032474848,0.011234390637734255,-1.570415465254664,0.3764213736020088,-2.5390022313501825,-2.6375869166537425,-48.15676739531948
169.0,-0.961534086866896,0.01117469682290165,-1.5704645092343104,0.3934950816971982,-2.555878562913906,-2.6487767804308238,-48.37021347188594
170.0,-0.9659112012305513,0.011238427787738925,-1.5704188404714028,0.4060606631640691,-2.5739455013337973,-2.6606682976438414,-48.58496779155485
171.0,-0.9652390781962107,0.011287693582016867,-1.5703639413854888,0.42223894191139744,-2.5922217313213363,-2.6672727302362915,-48.80066846773833
172.0,-0.9585592438454519,0.011332411716028864,-1.570323869084407,0.44001756679542625,-2.610858439308871,-2.681056636653946,-49.016635786705116
173.0,-0.9512056159055208,0.011320870721765528,-1.5703534838742692,0.4515125448278627,-2.629647231172619,-2.6978407993956535,-49.232203824947675
174.0,-0.9501509541152122,0.011248809843892977,-1.570435375776764,0.4518062447567912,-2.6484994998976963,-2.7158661085630436,-49.447056136949065
175.0,-0.9519803113907784,0.011194544417193045,-1.570443277518771,0.463092257091285,-2.667382672144464,-2.734404328461673,-49.662470531355225
176.0,-0.9547445411718909,0.0111910816562632,-1.5704366063294466,0.47885714720337846,-2.6747904447670097,-2.7531547909854566,-49.87937352862473
177.0,-0.9563774129623883,0.011233499890526867,-1.5704162744436378,0.4904931682611457,-2.6873734579131523,-2.7719929176475713,-50.09710201301505
178.0,-0.955328995945593,0.011257440083194388,-1.5703906277471977,0.5039952286724045,-2.698714648116601,-2.7816587629128726,-50.31548196634843
179.0,-0.9540069988750057,0.011259814055058662,-1.570402432637483,0.5124394148357994,-2.7133397420776952,-2.7966908516503945,-50.5338926264477
180.0,-0.9517427342588735,0.011246409374049256,-1.5703978328354231,0.5269564677392051,-2.730455852871723,-2.79941640668091,-50.75259491183717
181.0,-0.9497133011769913,0.01124093975143053,-1.570411553198813,0.5394653854377852,-2.748618067664235,-2.8022600332638787,-50.971376202266626
182.0,-0.9427303872786192,0.011291855609749263,-1.5703665149390897,0.5501467152481326,-2.7571832044695266,-2.8145041888305853,-51.18986096054791
183.0,-0.9381524392603379,0.011239056067993221,-1.570419855117151,0.5590134792200178,-2.7680793812572575,-2.8306522350225087,-51.40810566838745
184.0,-0.9409600846148237,0.011153289293372616,-1.57048944271361,0.5703296146472813,-2.7836093422215433,-2.8382947602161663,-51.62691840222934
185.0,-0.9453081196268259,0.011168411912346068,-1.5704720147970959,0.5825552001180748,-2.801118412566635,-2.8525143288457055,-51.8464641822701
186.0,-0.9457464721976134,0.011221214005394527,-1.5704182653628522,0.5986328269043151,-2.819044710539818,-2.869478755115992,-52.066552658574665
187.0,-0.9423498891548413,0.011252844715167545,-1.5703937525449159,0.6162214699722044,-2.837534984656141,-2.8860693266065502,-52.286770165786905
188.0,-0.9381690075784163,0.011247211310687424,-1.5704095152738031,0.6314577033026678,-2.855902454715138,-2.8945882789796764,-52.50679948891674
189.0,-0.9338994586076201,0.011235237440913391,-1.5704227767331145,0.6453571205482189,-2.8708965017486885,-2.9021403355896758,-52.726675631763705
190.0,-0.9326615931609841,0.011203465552240954,-1.5704654599037384,0.6510391417881404,-2.888118966392488,-2.910632536566109,-52.94591646263289
191.0,-0.932097756377918,0.011184628752232776,-1.5704580178452698,0.6644645364178878,-2.901394956355872,-2.9251314700654736,-53.16541110179832
192.0,-0.9328345297619464,0.011190850067381996,-1.5704734768400834,0.6671856875081035,-2.917641719499994,-2.9422095468382237,-53.384267319907124
193.0,-0.9367450876850079,0.011158624119590692,-1.5704915755321807,0.670894922468192,-2.935442093681107,-2.9603561412755943,-53.60281031063922
194.0,-0.9407619613488261,0.011160422115940595,-1.570467466168223,0.6834822184750737,-2.9513229068595725,-2.978226066685845,-53.82188870176256
195.0,-0.9382658402885519,0.011237962196244707,-1.5704004673969825,0.6976383260545986,-2.9649977995968766,-2.9966879812755103,-54.04093960515573
196.0,-0.9367716015549739,0.011198735475266033,-1.5704394726497988,0.7145531299570448,-2.9767906651756624,-3.015406536616306,-54.26041085103471
197.0,-0.9321999461802877,0.011230055757117613,-1.5704167965499265,0.7318775188335646,-2.9926702643970726,-3.034231504191764,-54.479699767783465
198.0,-0.9260276167840589,0.011225369192952871,-1.5704247046755246,0.7501143915968763,-3.0036811435197404,-3.0531004428037494,-54.69901361804204
199.0,-0.9211568416030972,0.01120813125931778,-1.5704646372949673,0.7556160707673212,-3.013623975460115,-3.0719875901184612,-54.91759929513189
200.0,-0.9149355980218818,0.011207223316213627,-1.5704505441503052,0.7650220479553126,-3.026909582320741,-3.0901794457670526,-55.13539078387173
201.0,-0.913420623763537,0.011146012482708597,-1.5705098301413711,0.771055522864661,-3.042478696294213,-3.1081710319021596,-55.35242017325695
202.0,-0.9163529609735963,0.011112025435904168,-1.570531797518983,0.7785896264881029,-3.0599864124334157,-3.1266847600095162,-55.56905289110296
203.0,-0.9191504108610531,0.01113386346691499,-1.5705029440009197,0.7892319619096039,-3.0716470452421603,-3.135889045388138,-55.78592982994478
204.0,-0.9191232744220225,0.011176610148270929,-1.570471977711143,0.7957911488886139,-3.0773165710056603,-3.150737759819701,-56.00290207063338
205.0,-0.920688150226008,0.011144792657031711,-1.5704899185378012,0.809556012990344,-3.0875819951320196,-3.167961778838997,-56.22036597139091
206.0,-0.9195159612499255,0.011191746113198587,-1.5704691184818855,0.8113161053382895,-3.102860029746335,-3.185920369908783,-56.436730371473466
207.0,-0.9192252242512198,0.011163454065039517,-1.570485191458269,0.8149985345051031,-3.1148141824287023,-3.2023570970773956,-56.652425399525235
208.0,-0.9205618079167618,0.011141048856419358,-1.5704955811505108,0.8233150281304007,-3.130751226034383,-3.2201462029474275,-56.867684758538765
209.0,-0.9233565406628149,0.011113574846914774,-1.569947751769987,0.832274840178476,-3.1454026887597455,-3.2385850133729424,-57.08265325359363
210.0,-0.9248683520125375,0.011168801047652494,-1.5700951202824796,0.8414631810283318,-3.1591586726157117,-3.256213552890732,-57.29745267697909
211.0,-0.9201131282653285,0.011227135556678109,-1.5701742810538468,0.8461945312506047,-3.175825452170477,-3.2703969224448737,-57.51082416792151
212.0,-0.9190433836375196,0.011147113150499417,-1.5703209520404704,0.856560711766185,-3.1883170894336894,-3.2872751848795048,-57.72387898821115
213.0,-0.916182938645055,0.011154681537845964,-1.569888886959785,0.866276041842788,-3.1996622973640916,-3.304726798692378,-57.93635149463359
214.0,-0.911834665830363,0.0111844625637568,-1.5700680578466901,0.8760959957818087,-3.2136754397860523,-3.323017519512789,-58.148044847692695
215.0,-0.9057667668457143,0.01118606004600434,-1.5702018462696645,0.8829424762811837,-3.230527133506787,-3.3321617976100417,-58.358372390959616
216.0,-0.9029515468809214,0.011130912176743788,-1.5703356076105939,0.8915342232442353,-3.248022734232946,-3.346982870314975,-58.56768863595207
217.0,-0.9029565250103244,0.011103619311727313,-1.5704106931008524,0.9052593739571557,-3.26633280717412,-3.363548801373504,-58.77651379933583
218.0,-0.9053528313273693,0.01109461960324947,-1.5704666687801634,0.9154909062638278,-3.2836684972589785,-3.375155981926566,-58.98485620289568
219.0,-0.9101544887993426,0.01109165021879957,-1.5705068792292636,0.9156204941833663,-3.3018995052379303,-3.3861480683956255,-59.192105506862006
220.0,-0.9114289372061272,0.011146429632548674,-1.5704716641277883,0.9112535512865525,-3.3205221581108724,-3.3972366559245026,-59.39756778732651
221.0,-0.9106675178280255,0.011160487707863813,-1.5704717861421467,0.900448111793009,-3.339308664478568,-3.4128289246493577,-59.60060145304631
222.0,-0.9043475772600922,0.011202130438825827,-1.570422022946218,0.8950504686632182,-3.3495566357807385,-3.4181509081992854,-59.801772060439134
223.0,-0.8946065809050079,0.011203032719732168,-1.5704148636620157,0.89855653675713,-3.3648184183329257,-3.4314558308104,-60.001148596227935
224.0,-0.8898836602243286,0.0111241952840771,-1.5704956675211539,0.902921111234056,-3.382217132303517,-3.4478715883151314,-60.19909302732786
225.0,-0.8901639243138224,0.011083752480615012,-1.5705388907727689,0.9056781106086221,-3.400496376821877,-3.4610545659748495,-60.395724930595115
226.0,-0.8880735037702305,0.011132641946812603,-1.5704993541121972,0.9046159733677231,-3.4053562490161737,-3.473925492957956,-60.59170910849159
227.0,-0.8889535525464776,0.01109587862225738,-1.5705290619016286,0.908629273780471,-3.4184980210517146,-3.4902695431514608,-60.78693375730557
228.0,-0.8883410170537374,0.011130897999058701,-1.5705035543240131,0.909436169765807,-3.4350182722419134,-3.5064534160719556,-60.98080264079225
229.0,-0.8908507830584542,0.011096101659837232,-1.5705319686479207,0.9126643369079603,-3.447698149106366,-3.5209322913706416,-61.17395316025152
230.0,-0.8920210806310479,0.011037578111142157,-1.567720875698033,0.9124635400998673,-3.4639354248281884,-3.5379479813268677,-61.364993748686594
231.0,-0.8884834299774487,0.011249601892558955,-1.5685111175771398,0.9121854593122477,-3.481735986865679,-3.548508998209952,-61.55448789261607
232.0,-0.881695170550137,0.011231019338825214,-1.569151395400761,0.9098306830850984,-3.4997398270183706,-3.5638800811094113,-61.742281992630346
233.0,-0.8805876613104587,0.011136065254337022,-1.5696649139489889,0.897820084843984,-3.5179916810225205,-3.579552673676799,-61.928051845837814
234.0,-0.8843031525875682,0.011091470665366707,-1.56997279583903,0.8850039147310922,-3.536618489371745,-3.595037739322494,-62.11186078234007
235.0,-0.8877740902996228,0.011107059087928847,-1.5701249767195025,0.8812715105751169,-3.555403591706371,-3.6072404233619677,-62.294173411705486
236.0,-0.8931081500365167,0.011097712897963567,-1.5702586126632605,0.8801088196974066,-3.5742567564906738,-3.6162646475391096,-62.47525574722703
237.0,-0.8914892834390904,0.011184399003103827,-1.5702609734389201,0.8840653825876574,-3.593133193335994,-3.6298790649640336,-62.654985251468766
238.0,-0.8886886914767043,0.011172762273800606,-1.570336723927601,0.888130790262374,-3.602494022676731,-3.6465726591919876,-62.83407991980116
239.0,-0.8814432714407373,0.011211687984070243,-1.5703477158978751,0.8897364539709609,-3.6152059019584257,-3.664559986153067,-63.01207166120164
240.0,-0.8710860867204944,0.011216885858875909,-1.5703704121617508,0.8921923663244192,-3.631513796250631,-3.6830826040730154,-63.18887019547289
241.0,-0.8676331100022664,0.011116845248404027,-1.5704805081588655,0.8953891504775036,-3.648699720684073,-3.701826500530465,-63.36468018195766
242.0,-0.8717323427360539,0.011060186052310418,-1.5705449369159565,0.8957844229106817,-3.661084844981933,-3.714410005063445,-63.539627530076004
243.0,-0.8762841417407542,0.01110023246987787,-1.5705219540270625,0.8897426248628412,-3.6741049203972613,-3.730591978330191,-63.71335309369959
244.0,-0.8778285309234835,0.011154704993137678,-1.5704836414883243,0.8762304302496055,-3.687868912131594,-3.7483654014242713,-63.88551627899485
245.0,-0.8841802693874047,0.0110978491524883,-1.5705229894302164,0.8662676340992652,-3.7046065667476125,-3.76125770895853,-64.05621962228696
246.0,-0.8864865337522521,0.011157358454733875,-1.5704507055396677,0.8658699139737077,-3.71418738275699,-3.7775794493883064,-64.22621347293558
247.0,-0.8912817669657224,0.011124708957204887,-1.5704880406559856,0.866797302007901,-3.729176818607903,-3.79110957933886,-64.39535246911491
248.0,-0.8963115960888015,0.011138675059894175,-1.5704785907999692,0.8685034151636704,-3.746177843678745,-3.804875423130565,-64.56353049620509
249.0,-0.8942387451710303,0.011209240811712845,-1.5704045389730537,0.8802844542760395,-3.7642854001910813,-3.8185624751914418,-64.7307648573551
250.0,-0.886651422616841,0.011242821102776126,-1.5703918607762315,0.8893422126228231,-3.771193569698376,-3.828825025692581,-64.89769015088386
251.0,-0.8765669716360939,0.011230151048878253,-1.5704030575747039,0.9040972717695966,-3.785139448958309,-3.844056892495338,-65.06431592731674
252.0,-0.8724050754991249,0.01114059201561318,-1.5704968555599483,0.9178762424571906,-3.8019987261337294,-3.8614378565258116,-65.2305804800857
253.0,-0.8758667701948797,0.0110847426889936,-1.570572233416704,0.915022627810422,-3.820055407095974,-3.876121287435156,-65.39557257477388
254.0,-0.8847494997076193,0.011062245158101076,-1.5705792422743414,0.9116233701097647,-3.838606301574699,-3.8932167222776948,-65.55908766645813
255.0,-0.891958979764069,0.011113960192640842,-1.570515362723555,0.9141126867229523,-3.8534858826681053,-3.903998583149003,-65.72161593291014
256.0,-0.8956921367561036,0.011164789823035105,-1.5704780456769691,0.9108833494617058,-3.870657570971079,-3.9194570290338016,-65.88292263307764
257.0,-0.8985734643687033,0.010798787343715806,-1.5704577614656727,0.9130692004651538,-3.878263930702214,-3.9369318970469305,-66.0439231624368
258.0,-0.895874123192906,0.010901138550217513,-1.5704341166576499,0.9175635696417629,-3.8924721393068458,-3.9482421266492294,-66.20413579550709
259.0,-0.8876730033013742,0.011038048789052193,-1.5704079523502024,0.9217770336801818,-3.9094361183289075,-3.9639104425994005,-66.36349905248987
260.0,-0.8798949251016608,0.01107291679586097,-1.5704510927645985,0.918308815798714,-3.927541231212667,-3.9722583056770895,-66.5220382133995
261.0,-0.8760584000371344,0.011054631112565124,-1.570496306959199,0.9194453514810809,-3.9461154402750473,-3.9775049633400172,-66.67987525971759
262.0,-0.8742009338418041,0.01107004972077393,-1.5705079543421596,0.9201760393896148,-3.9648786033396703,-3.9900128590199557,-66.83692043889783
263.0,-0.8721584582691906,0.011100790210087589,-1.5704986646254078,0.9195521613705714,-3.9837207641095413,-4.001799746849023,-66.99319769201459
264.0,-0.8715372386305754,0.011091494904355508,-1.5705016284792557,0.9304251680233194,-4.002598913191675,-4.017682637909294,-67.14893814478687
265.0,-0.8722299558003561,0.011106261182685402,-1.5705170728957512,0.9319355501129082,-4.021488671009205,-4.030112418503436,-67.30382678156184
266.0,-0.8784792420370658,0.011064884331923205,-1.5705563148529922,0.9338763396290155,-4.040388434716211,-4.046248251887537,-67.45739460829387
267.0,-0.8891596621854606,0.011057301267972667,-1.5705578538873344,0.9393994488516048,-4.059286504557496,-4.064003119395752,-67.60937178321544
268.0,-0.9002453076317497,0.01109470709913971,-1.5705231449082921,0.9477479095510379,-4.077451181216787,-4.082429663277104,-67.759957616248
269.0,-0.9023790297443219,0.01121721493817709,-1.570435026629532,0.9432811575362162,-4.096027543845627,-4.1011340193006465,-67.909347033761
270.0,-0.9032471941497239,0.011185151502144304,-1.5704474199536624,0.9484924899482763,-4.11480375903259,-4.119952924029596,-68.05794292616405
271.0,-0.8986342761164269,0.011228011795674571,-1.5704124946493807,0.9524120732871182,-4.1336477396570785,-4.138819439418931,-68.20605088526625
272.0,-0.8890903819817646,0.011240362587058943,-1.5703976382778202,0.9610147827090078,-4.149262741447828,-4.157705513919917,-68.35455380161407
273.0,-0.8809243150991476,0.011187853789611622,-1.5704533284033606,0.9685086400825975,-4.15894079068219,-4.175172177264577,-68.50391060747116
274.0,-0.8710198113342955,0.011193177560586208,-1.5704506410006815,0.9758614982649109,-4.173953627377648,-4.193455228608249,-68.65443048838705
275.0,-0.8692617101460545,0.011083346443882492,-1.5705501914903561,0.9861659063054558,-4.191257382620376,-4.212099410546636,-68.80521930157593
276.0,-0.8746902655802441,0.011045946633115776,-1.570600985206055,0.9828652492947435,-4.208898048575705,-4.230893676734047,-68.95467549566871
277.0,-0.8848462123426657,0.011044919493222036,-1.570600125877273,0.9724744092889971,-4.227265551555992,-4.249749885995402,-69.10186500225079
278.0,-0.8976214197474652,0.011055051952026149,-1.5705608654007193,0.9745102998376082,-4.234076876203962,-4.268631684373609,-69.24712592539164
279.0,-0.9058577156842363,0.01114040785153452,-1.570486627357288,0.9762482576654449,-4.247976878452467,-4.2839605570848525,-69.39096321798642
280.0,-0.9080794887231405,0.011195078903693386,-1.570436774427317,0.9811127145631883,-4.2626603154203355,-4.296656243455222,-69.53412370466441
281.0,-0.9033738086937793,0.011238722034731818,-1.5703999622087823,0.9876543350392958,-4.279610217931763,-4.312909987248939,-69.67739154719925
282.0,-0.8936970869609274,0.011244500317212344,-1.5703924648243228,0.9997245267292297,-4.297705012149885,-4.329152986997936,-69.82181250744412
283.0,-0.8874740567531121,0.011164262810886226,-1.5704741606556571,1.0121209112562823,-4.313912647453904,-4.3469277840578995,-69.9673897889304
284.0,-0.8846231692088313,0.011128136255964175,-1.5705284964591621,1.0095797958693626,-4.331657493457741,-4.365361915406834,-70.11327084538266
285.0,-0.8822710034331097,0.011127496886622719,-1.57052654114806,1.0016118003132761,-4.347243659431328,-4.3837165612061835,-70.25929277102115
286.0,-0.8862478082222872,0.011064798725231353,-1.570580274332939,0.9888720665361274,-4.36473200844733,-4.394204617899749,-70.40423069029242
287.0,-0.891505595657208,0.011082210863419976,-1.570547299078277,0.9790098773720693,-4.3830418624193195,-4.409556264815617,-70.547787599307
288.0,-0.8977914444671455,0.01109691923532425,-1.5705368766119054,0.9639524241784897,-4.399119866308136,-4.426987460794548,-70.68981588434605
289.0,-0.9040342105610285,0.01111087835676763,-1.5705070718957679,0.9551116986624255,-4.416667710944075,-4.445280175430973,-70.83044705950448
290.0,-0.9089737519924052,0.011133027871968812,-1.5704804302002717,0.9511131699934737,-4.435005518524078,-4.455742141052674,-70.96999417384947
291.0,-0.9066663477144631,0.011205778321245025,-1.5704088966259306,0.9545535518232889,-4.448059560517577,-4.467709071722578,-71.10978819597253
292.0,-0.9005569817176896,0.011217318465277045,-1.570413003172485,0.9553481017528286,-4.45972689553427,-4.483683372183859,-71.25079143348142
293.0,-0.8986854577465383,0.011152255452861925,-1.5704932667750604,0.9445923444842739,-4.47556474323845,-4.50137221418376,-71.39235390179824
294.0,-0.898648905926078,0.011136121596859932,-1.5704998751688135,0.9325353369748881,-4.487616023642437,-4.519771461276959,-71.5340330891567
295.0,-0.8989504839161592,0.011137263209266732,-1.5704926647051507,0.9204554387369058,-4.499366764795725,-4.5384644182501575,-71.67578896134674
296.0,-0.9025080093985397,0.011101546962013572,-1.570511751357868,0.9147252295473202,-4.515243214430112,-4.557278753313106,-71.81696023489093
297.0,-0.9097261762100634,0.01107620675192237,-1.5705186188989457,0.9209989748733433,-4.532893383427741,-4.572641212279978,-71.95662581857479
298.0,-0.9168925013404047,0.011121861067420462,-1.5705020256777693,0.9175583441368093,-4.551272953688394,-4.584054434450006,-72.09483639925342
299.0,-0.9206687183953278,0.011165923994849189,-1.5704551813901093,0.9194762540882138,-4.5690744556195,-4.599755868210838,-72.23227243038326
300.0,-0.9219133635091129,0.011178824188611245,-1.5704392787671075,0.9283043997176676,-4.58607951078123,-4.615649272905006,-72.36948283094415
301.0,-0.9175136288225765,0.011230838575432743,-1.570405599267387,0.9344735457786624,-4.601770123643697,-4.6297056352920265,-72.50774131930645
302.0,-0.9118915395970361,0.01121180670047026,-1.570431935661394,0.9382101832426576,-4.619309345839355,-4.646541397066932,-72.64768852143297
303.0,-0.9059591867214423,0.01119222069778317,-1.5704486342446604,0.9430635764402451,-4.63481203232267,-4.664586349830112,-72.78957358793947
304.0,-0.9041742454664853,0.011144228894084918,-1.5705136378141606,0.9339064983403466,-4.647609376772703,-4.683132757215735,-72.93245287679743
305.0,-0.9032224137254897,0.011135207697352009,-1.5704996149632342,0.9311245805043714,-4.6551956716836145,-4.701886569965608,-73.07584322416929
306.0,-0.9018000771293673,0.011151050313750788,-1.5704926124051926,0.9219966320262223,-4.669370553893062,-4.71662035242027,-73.22011779280095
307.0,-0.9063583962886125,0.011089435538668488,-1.5705448025445732,0.9107760779672441,-4.686326066036133,-4.733727793003393,-73.3637907275524
308.0,-0.9159364890724759,0.01106501800363613,-1.5705486737977743,0.9052842494500835,-4.695522302446624,-4.751884862978111,-73.5050696659009
309.0,-0.9183972850464475,0.011099117826298202,-1.568043949464682,0.9008116790017124,-4.7103452049204275,-4.760629780046035,-73.64505960920246
310.0,-0.9161144277761842,0.011273319746724842,-1.5687333938418886,0.9000293004023845,-4.72756751566353,-4.775295684036386,-73.78629819397734
311.0,-0.911195365873925,0.011222080638898735,-1.5681266321008556,0.8886087567296426,-4.745777585730794,-4.787817938790374,-73.92963273927013
312.0,-0.9096045428846123,0.011217538395606264,-1.5689042034691587,0.8727925477091893,-4.76439919837279,-4.804002244768779,-74.07481608028044
313.0,-0.9145495024280547,0.011108644876631178,-1.569472483620699,0.8709334981279073,-4.776409147433005,-4.820287529203992,-74.21929958652973
314.0,-0.9198325130354816,0.011125712788612808,-1.5697926011026744,0.8725269204390151,-4.791895000536193,-4.838081128627078,-74.36273853183448
315.0,-0.9249050014101089,0.011137562228556446,-1.5700121902593724,0.877051929562282,-4.805825117420551,-4.855092215858956,-74.50508054825426
316.0,-0.9289375881411256,0.011163010093773518,-1.5701541514812736,0.8779409091126092,-4.822610274912404,-4.865408970251146,-74.64678526378911
317.0,-0.927934391817111,0.011219218107647717,-1.570211292654151,0.8762246822893364,-4.840632846914258,-4.877594392494333,-74.78942461494472
318.0,-0.9269789917439832,0.011183363858277943,-1.5703015712117099,0.8824220387272133,-4.854657745108201,-4.893663696313226,-74.9328939230901
319.0,-0.9248426871882056,0.011198222816089098,-1.5703502921231576,0.8813163738180326,-4.8714638101876275,-4.908183492377767,-75.07778394100649
320.0,-0.9254928027757141,0.011147887616884646,-1.5704175978839623,0.8856495583474108,-4.886487415619616,-4.921653595071759,-75.22316338440396
321.0,-0.9252958057136105,0.011178597526281298,-1.5704289781623113,0.8789840114629753,-4.898628170460944,-4.937331678699754,-75.36924568123136
322.0,-0.9248649013322771,0.011165757235710899,-1.570437261448059,0.8791466482556699,-4.910109894852122,-4.954882423208801,-75.51603045362344
323.0,-0.9219613732831816,0.011188693133727572,-1.5704222951485287,0.8822013883273802,-4.925864418260238,-4.967466051458827,-75.6644971508617
324.0,-0.9252216917242514,0.011109653087354255,-1.5705035192933412,0.8861283389661027,-4.941129992005814,-4.9836563585386475,-75.81270483458623
325.0,-0.9268281026866446,0.011150880693702231,-1.5704630607868486,0.8953568309011207,-4.954086824047645,-4.991371859062973,-75.96077995466277
326.0,-0.9259828471816198,0.011180157629927155,-1.5704495205572873,0.9037222960696109,-4.966878566102954,-5.005620396907033,-76.10968628469266
327.0,-0.9300321102662678,0.011128270736950262,-1.5705161765286917,0.9023899963936916,-4.9832015436496775,-5.022596666707616,-76.25814065823468
328.0,-0.9298375753095541,0.01118687438197313,-1.5704487537487477,0.9067245915504941,-4.991500022748271,-5.040701483831958,-76.40693271542807
329.0,-0.9282968080040223,0.011181664670318923,-1.570453020648125,0.9142240452480244,-4.999129805581808,-5.052500829592836,-76.55666929770686
330.0,-0.9277693840168171,0.011164903916218558,-1.5704781530991754,0.917585903616719,-4.998759951264025,-5.068365383739514,-76.70662409297992
331.0,-0.9290381737426883,0.011147689631279935,-1.5704983353072943,0.9161870236561154,-5.00485055519872,-5.078930796748664,-76.85648859488643
332.0,-0.929270673632801,0.011159156559616048,-1.5703006249323224,0.9124185226269035,-5.015401371221486,-5.087656473881841,-77.00677536832882
333.0,-0.9293033127496323,0.01116042198497713,-1.5703498554670403,0.9147281083415209,-5.030802859098697,-5.102264260387069,-77.15793745277799
334.0,-0.931689390318111,0.00892034890297354,-1.5703379080675308,0.9091802379775782,-5.045159016828299,-5.108577795173232,-77.31000860660437
335.0,-0.9391008135042445,0.009180154274425806,-1.570541052787068,0.9119998517549429,-5.061998154046304,-5.118489201935659,-77.46037548038643
336.0,-0.946969562281231,0.009883753873226483,-1.5705091805695233,0.9057062584533887,-5.080038636916326,-5.133608565283878,-77.60854689653715
337.0,-0.9494396581698152,0.01038413308685144,-1.570430034572782,0.9083953757819293,-5.088692094629324,-5.142909162496782,-77.75594161813764
338.0,-0.9494151134716452,0.010671520006450018,-1.5704222748452221,0.9169690369146175,-5.1024947095601485,-5.150510022910785,-77.90394701931821
339.0,-0.9435726917675171,0.010907652593114343,-1.5703880239196109,0.9220703566584775,-5.119271755012764,-5.164667497646454,-78.05493484764399
340.0,-0.9406873331192932,0.010959907173784917,-1.5704631626381058,0.9207981114956917,-5.134100972858037,-5.180168089071682,-78.20808990853357
341.0,-0.937981411622114,0.011034652158869573,-1.570468312763497,0.9141003264532871,-5.149027453972905,-5.197638201391757,-78.3632479587142
342.0,-0.9342408825629265,0.011089171754891037,-1.5704632783878292,0.9040210319793853,-5.166246923073989,-5.202901365518411,-78.52102502137235
343.0,-0.9333797192508422,0.011083840170569494,-1.5704995038822636,0.8888333093481473,-5.183785374312259,-5.2136545697926495,-78.68045975530592
344.0,-0.9374031660274506,0.00955162598193726,-1.5704707663970827,0.8776215045565597,-5.1942629582445115,-5.229144154908163,-78.8396821666493
345.0,-0.945548872846543,0.009756940439612128,-1.5705757623256114,0.871661112416526,-5.209605099532629,-5.2460487591499385,-78.99668376859111
346.0,-0.950691148106279,0.010290025728491315,-1.5704943486730165,0.8641581164132465,-5.216179800792317,-5.2610356159543175,-79.15175773891929
347.0,-0.9522198798034321,0.010618866582905753,-1.5704391380726097,0.8706493204484187,-5.229975684512726,-5.275817448279469,-79.30681764646538
348.0,-0.9514371456837657,0.010826289824579352,-1.5704256117755484,0.8844130730734164,-5.245868885037612,-5.288349401966057,-79.46306573028933
349.0,-0.9487452563975567,0.010971132476482856,-1.5704310220813056,0.8926525095546562,-5.2635128070306285,-5.304536661722227,-79.6215317863373
350.0,-0.9448108260536783,0.011045417391532225,-1.5704359029412416,0.9057021911914346,-5.273708772836312,-5.322313063544515,-79.78239213600939
351.0,-0.94414837142451,0.011056710861665263,-1.5704945161343649,0.9093276534348896,-5.288947920982902,-5.3340273887542775,-79.9447568087849
352.0,-0.940901676066747,0.011119566547475175,-1.5704571703908918,0.9179616080768211,-5.30632752381207,-5.34492304556022,-80.1097647170017
353.0,-0.9415709447858767,0.011086866934616902,-1.5705160565321519,0.9231889548855259,-5.323056253643197,-5.346198055433828,-80.27596366606465
354.0,-0.9456534747714375,0.009590400062950881,-1.5704814878956765,0.9220305672545415,-5.341029954093443,-5.340616762485822,-80.44231396940981
355.0,-0.9460582771047847,0.009869081357526416,-1.5705218429791397,0.9200250858534219,-5.35953978170973,-5.343420835924839,-80.60972015823108
356.0,-0.9450007873016402,0.010332678616119395,-1.570501691215636,0.9098752985384998,-5.37489294626221,-5.34960193102061,-80.77843651756257
357.0,-0.9440207338775902,0.01060325863469322,-1.5704810712637634,0.916030049193902,-5.392066687199841,-5.359952963186832,-80.94889358858394
358.0,-0.9478250667272584,0.010753445366577059,-1.5705354237770017,0.9114079981924328,-5.40958586066276,-5.368929301838671,-81.11905265849389
359.0,-0.9553697466544674,0.010855113042040202,-1.5705366894824233,0.9142782594433141,-5.4245009306419325,-5.369365995525422,-81.28715348155407
360.0,-0.9666497610049141,0.010929181348720849,-1.5705421905067714,0.9174093577428962,-5.4416963070753335,-5.38070923930671,-81.45185126821546
361.0,-0.9743956535168524,0.011060021231949893,-1.570479166615683,0.915295336616537,-5.459884525740229,-5.380264067943172,-81.61447963175843
362.0,-0.9768158861611137,0.011109622665534858,-1.5694553935625162,0.91780219940174,-5.477835821675808,-5.391276405664624,-81.77708044296226
363.0,-0.9741603168476622,0.011218360312750027,-1.5697236663821141,0.9210099028009835,-5.491564577380425,-5.405149691696025,-81.94186712458362
364.0,-0.9666278924968389,0.01124516974607479,-1.5699428556271806,0.9158905458717244,-5.508247904933774,-5.419751964121969,-82.11101072862945
365.0,-0.9604983809371259,0.01117968103773703,-1.5701404910243941,0.9196308301091806,-5.526237674983172,-5.435223516717298,-82.28451095865732
366.0,-0.9593872760791844,0.011110459966474702,-1.5703059838755558,0.9262141669556657,-5.543708255434607,-5.445073075501112,-82.46031959589179
367.0,-0.9574470565916836,0.011138875091382566,-1.570358504742627,0.9287528320584048,-5.556403345529917,-5.456225165349021,-82.63810438333738
368.0,-0.9615021196141139,0.011077086837575807,-1.570470700319638,0.9239598369199689,-5.572651259028247,-5.471852914697516,-82.8154977264061
369.0,-0.9692919221503775,0.01106969461949015,-1.5704991773994932,0.9195291356972536,-5.588098114542805,-5.48824603889031,-82.99066680317662
370.0,-0.9780226260634414,0.011091976420675656,-1.570492460262674,0.9168777408634293,-5.60474865239047,-5.493142872469864,-83.1633211898506
371.0,-0.9802768625823824,0.011178266468697512,-1.5704175631009256,0.9220320310458201,-5.622699335515517,-5.503391457835679,-83.33641731441674
372.0,-0.9766006668480639,0.011223310738205348,-1.5703969133002376,0.9258880948864102,-5.634361763847958,-5.509488438869441,-83.51207200174942
373.0,-0.9702838628327783,0.011214309990496682,-1.5704092015064255,0.9342238005939145,-5.650177576255341,-5.519677136231015,-83.6920635958186
374.0,-0.9641891852559078,0.010928825355793648,-1.5704375130278816,0.9439760778919494,-5.667805738619615,-5.534917138180927,-83.87675127528334
375.0,-0.9603461552405631,0.010928697687823,-1.5705050894630421,0.9458836437180753,-5.680617200722028,-5.54910740660847,-84.06446520050238
376.0,-0.9635550080257376,0.010922935311385084,-1.5705680481728606,0.952340356052942,-5.696908637009441,-5.566005833284079,-84.25260244049204
377.0,-0.9674139231233537,0.01100540855147642,-1.5705499926094622,0.9482388381518763,-5.711255296327743,-5.58356553317016,-84.44005217983327
378.0,-0.9757059690847402,0.010998828164912555,-1.5705659629354574,0.9535254497578189,-5.728217730806843,-5.601902753421332,-84.62564695171072
379.0,-0.9810423230148998,0.011089313491384848,-1.5705095175285564,0.954509927175675,-5.744102421913752,-5.620569766125336,-84.81021242256726
380.0,-0.9806627329192911,0.011160231690567474,-1.5704543492355183,0.9583719914654472,-5.761691009166907,-5.635736938712575,-84.99648323828166
381.0,-0.9816020885170492,0.01113258419318871,-1.5705031587922371,0.9517569496474014,-5.780056346100802,-5.652381132787812,-85.18370943050343
382.0,-0.9828856948531405,0.011129424728872137,-1.5705024855795768,0.9449158853817557,-5.7987327794595,-5.670335833126487,-85.37165076197446
383.0,-0.9795305413085349,0.011183618117843196,-1.5704599581916274,0.9319638140114396,-5.817537171223649,-5.687055168023978,-85.56187817055427
384.0,-0.9822363638705868,0.010964482588240012,-1.5705217198970003,0.936936994225629,-5.836406514686166,-5.705023126784393,-85.75303149051435
385.0,-0.9827494275473435,0.011035370629007231,-1.5704946566222489,0.9364059000541484,-5.855286801791321,-5.723536815854516,-85.9454635563048
386.0,-0.9823771656133736,0.011067235461086766,-1.5704863130595341,0.9473408119519644,-5.869502091942727,-5.742277095401771,-86.1398659893086
387.0,-0.9788366646662373,0.011126472792705417,-1.5704706835427693,0.9522874238562681,-5.8863851599435755,-5.7577806514904,-86.33747095778483
388.0,-0.9786326874527465,0.011087083740527708,-1.5705290025355045,0.9523796949597925,-5.902379283239512,-5.76764385288489,-86.53671386521725
389.0,-0.977312325080756,0.011117375715295983,-1.570507276097189,0.9512822737208587,-5.920038015919977,-5.768616589830035,-86.73795058712051
390.0,-0.978409003500024,0.011084788645632395,-1.5705269350649413,0.9619701058106777,-5.936230361015486,-5.7716893126960525,-86.94083956743516
391.0,-0.9750021363141518,0.00890386541428987,-1.5703929848768385,0.9758292180996144,-5.953968800399551,-5.784011435794567,-87.14798047625926
392.0,-0.9723971160609725,0.009201838574615404,-1.5705810191270666,0.9822647262935841,-5.9723948074553945,-5.800191277509939,-87.35839325242685
393.0,-0.976323504287995,0.009798450829286693,-1.5706143137475541,0.9931455409971564,-5.991100755500068,-5.815421004425366,-87.56948843048026
394.0,-0.9742044417181615,0.01033906194773312,-1.5705240360048254,0.9910334695339281,-5.998585512332721,-5.8249999295350525,-87.78175510257795
395.0,-0.9718091643265769,0.010602943511069314,-1.5705266279755958,0.9914303304288404,-6.0127652949370844,-5.839973960817008,-87.99628404422704
396.0,-0.9758510415303137,0.010713294473319701,-1.5705906577043363,0.9866880558590388,-6.029720219248664,-5.853614089402367,-88.21038844648452
397.0,-0.981201915730568,0.010848297026363793,-1.5705676245257139,0.9822320870848433,-6.03294589907027,-5.870209642569194,-88.42217348197424
398.0,-0.9862767329215446,0.01094680770723705,-1.5705450842739912,0.9755914470795811,-6.0419565121099374,-5.885169357619817,-88.63207206721812
399.0,-0.9869325934008283,0.011048590021663179,-1.5704768501626671,0.9840527785156706,-6.056709770697969,-5.901787971667237,-88.84338032991514
400.0,-0.9824372298751219,0.01112173799470733,-1.570454781807453,0.9889126415157907,-6.073898924706856,-5.908391319242673,-89.0583283444487
401.0,-0.9782023703972252,0.011106610856371851,-1.570488804518648,0.9978864586168065,-6.089918145171041,-5.9163995007396935,-89.2771823761991
402.0,-0.9767647186825478,0.011075749112777098,-1.5705333762528806,1.007785608150017,-6.10759165623351,-5.929655556894245,-89.49902752471505
403.0,-0.9759692888469695,0.011081215258584387,-1.5705497770848857,1.0088618280952035,-6.115698023434035,-5.93528435021195,-89.72207389561932
404.0,-0.9766701595149953,0.0110697664888586,-1.5705505373525666,1.0204504989281733,-6.127911636215858,-5.948694179298245,-89.94678334784633
405.0,-0.9828682759532656,0.011023780816742674,-1.5706094137819593,1.0223936079927138,-6.144015443705609,-5.965324341483928,-90.17064123630917
406.0,-0.9822563324212108,0.0111302256638799,-1.5705096183534584,1.0257248636704341,-6.1589927033287,-5.983286099569992,-90.39610072691465
407.0,-0.9752456541456181,0.011177099052998869,-1.5704755679049567,1.0230282489486404,-6.176227764425637,-5.996403157671418,-90.62565731920016
408.0,-0.9740017412241055,0.011076004602546416,-1.5705560399052894,1.0303358474647135,-6.194446107839675,-6.006403576996771,-90.85809219427642
409.0,-0.9762002729818748,0.011051763817982129,-1.570588655917508,1.0277985382162362,-6.213062780670739,-6.021528896467347,-91.09112367976941
410.0,-0.9786121937537386,0.011065878056105155,-1.5705721193128004,1.0247492513327827,-6.231843176552677,-6.038440977657936,-91.32451927529361
411.0,-0.9821210068165546,0.011063326254306139,-1.570582235713429,1.012435523290064,-6.243242765589204,-6.050110011839511,-91.55651803798975
412.0,-0.9809931434817644,0.011125310378988383,-1.5705105215669806,1.0055660239752073,-6.258953316753059,-6.057588201161512,-91.78956721827683
413.0,-0.9752548315487619,0.011063948723917229,-1.5704834077113334,0.9924130664264184,-6.2711563871553855,-6.071713874541439,-92.02486697675215
414.0,-0.9727712782339527,0.011012437805577533,-1.5705321044617668,0.9912507061567039,-6.278297595681708,-6.08123758062793,-92.26179985434304
415.0,-0.9702493687919598,0.011045156571393336,-1.5705177713864824,1.0014613512055297,-6.2811928817500995,-6.096181824257438,-92.50081976276503
416.0,-0.9677332273135562,0.011062588267650763,-1.5705408806053638,1.0002775508587185,-6.282383824066235,-6.113444189990236,-92.74094162406354
417.0,-0.9700460912753015,0.011022115800287955,-1.5705916641418227,0.994534111963385,-6.28287403856689,-6.119457318074289,-92.9798191292456
418.0,-0.971403619602313,0.010481725487613452,-1.5705283590746644,0.9941643428280024,-6.283070853249128,-6.133044927391508,-93.21813836048483
419.0,-0.9696540614937099,0.007966344610151761,-1.5704374073870437,0.9953488260702598,-6.283151856754275,-6.146512622369747,-93.45767860803124
420.0,-0.9683504734327207,0.008510013977278722,-1.570617220108044,0.9941940223826258,-6.283187809688847,-6.163111657946215,-93.6976875575084
421.0,-0.9713382099137366,0.009366425586394736,-1.570609487038039,1.0044740651144515,-6.283197185150907,-6.173155015660988,-93.93718526180204
422.0,-0.9736543483147652,0.009990157766311089,-1.5705771748012456,1.0034646744381783,-6.28319485142772,-6.185570761053879,-94.17550088044082
423.0,-0.9770216827853889,0.010366719774330855,-1.5705677386412493,1.0050884840501106,-6.28319741186469,-6.20174137407678,-94.41250407861398
424.0,-0.9818341090522248,0.010610954128479169,-1.5705690895532252,1.0024356415977396,-6.283199199767437,-6.217937104296202,-94.64730514281295
425.0,-0.9867303608921643,0.010783770157984653,-1.5705494529698767,1.0026901128740657,-6.283200188342861,-6.235692253680021,-94.88008622237798
426.0,-0.9908947748378443,0.010904569321159227,-1.5705453473663211,0.9916753599892156,-6.283200405880663,-6.2430296801134,-95.11025216496388
427.0,-0.9923558481092902,0.011001230474546335,-1.5705063663349506,0.9847910072981526,-6.28319899900892,-6.249014131582121,-95.3391426316914
428.0,-0.9881789435380212,0.011091075296873544,-1.5704471925285164,0.9931224123042085,-6.283194044420842,-6.250550010394132,-95.57020397730646
429.0,-0.9792240308212078,0.011140451619282838,-1.570441674080601,0.999572466257085,-6.283192677556877,-6.2510683840479,-95.80535009706792
430.0,-0.9722233761433077,0.011099889615690648,-1.5705095293052418,0.9982098599726145,-6.283194842363625,-6.257427285746014,-96.04339108788753
431.0,-0.9672150474808847,0.011079730293209912,-1.5705366328397898,0.9961508701900725,-6.283198449998811,-6.266138462305908,-96.28340986864707
432.0,-0.9664423176021646,0.01104047474996812,-1.570577389613884,0.9941411275399722,-6.283199528669487,-6.27624348317216,-96.52370813995819
433.0,-0.971778166346946,0.01099957809604874,-1.5706126570150114,0.9959236926979742,-6.283199762905167,-6.280332005000055,-96.76206006591863
434.0,-0.9761466185332978,0.011055720719141566,-1.5705771145940788,0.9861749380117376,-6.283200932749596,-6.273668649179665,-96.99775578328828
435.0,-0.9795966180645397,0.011079907075651202,-1.5705484306510271,0.9787030597753313,-6.283199443207053,-6.274976879586905,-97.23136942472757
436.0,-0.9873244111425077,0.01104427810228306,-1.5705807119193367,0.9692094814987149,-6.283200272224986,-6.273645043637914,-97.46116138457158
437.0,-0.9933212216039379,0.011090211259804578,-1.5705188287789356,0.9742973725556735,-6.283195115158285,-6.273173589024232,-97.68882271056246
438.0,-0.9944985217169228,0.011146910569730667,-1.5704837240004208,0.9732741234398437,-6.2831952980957215,-6.270346582661713,-97.91581848923622
439.0,-0.9952580930169784,0.011131962624830745,-1.5705057680446564,0.9669138423284681,-6.283196542569162,-6.277941629007958,-98.14201101042156
440.0,-0.9927923880584402,0.011155916587459737,-1.5704732327808633,0.9675689497933889,-6.283196588435052,-6.272609295874245,-98.36913076457485
441.0,-0.9850246351390731,0.011191977553792516,-1.5704422523815764,0.9701905012979023,-6.2831962794487595,-6.263818641114184,-98.59947532739095
442.0,-0.9760851992345458,0.0111699270933313,-1.570469961701848,0.9704072469594144,-6.283198344740097,-6.251715335886237,-98.83353034169687
443.0,-0.9699068175148062,0.011118643964428418,-1.5705257039486626,0.9631610622294243,-6.283199693740192,-6.248872731544496,-99.06970051882631
444.0,-0.9715540790651326,0.01102926634502196,-1.57059045035617,0.9658168154749522,-6.283194704940013,-6.253802995796584,-99.30558521010433
445.0,-0.974482588993165,0.011054046261210112,-1.5705742712088886,0.963487409316389,-6.283197774747434,-6.26159894526852,-99.54005957788671
446.0,-0.9809490993844663,0.011037761118785565,-1.570591715361921,0.9578006504163064,-6.282963977256546,-6.265354932624048,-99.77146918938116
447.0,-0.984395938116281,0.011102918173548264,-1.5705291741034646,0.9514330501112375,-6.283111859340025,-6.272259769478296,-100.00082904810192
448.0,-0.9840613612572111,0.011137598909276732,-1.5704799286554183,0.9600046686553111,-6.283168514208706,-6.271644088893432,-100.23088830076765
449.0,-0.9833792812143906,0.011130540297946172,-1.5705106203754235,0.9561472260721056,-6.2831923883135365,-6.27489873190513,-100.46096699618055
450.0,-0.9836683321615202,0.011111949313652563,-1.570522802241965,0.9533810483806494,-6.2831987208295015,-6.279842416192243,-100.6907273737199
451.0,-0.9795945713590134,0.011163089809879538,-1.5704839350598372,0.942658007096028,-6.283199389640376,-6.27540740868352,-100.92118947606758
452.0,-0.972204853228065,0.01117853949406435,-1.570469086144065,0.9283577186076486,-6.283198934412203,-6.277204216362576,-101.1535414383399
453.0,-0.9653899747576447,0.010236192475348245,-1.5704573746985357,0.9138162350254326,-6.283201491059631,-6.280776326086045,-101.38786360199562
454.0,-0.965580926441649,0.010273621455714319,-1.5705792459615102,0.9123963591815772,-6.283197308400779,-6.282194652998668,-101.62217422115783
455.0,-0.970244524118766,0.008944950410042429,-1.5699186812071173,0.9114798061428212,-6.283199230819126,-6.282778446391747,-101.85458999396815
456.0,-0.9752877437518449,0.009416491241398147,-1.5701710561465247,0.9092823925782726,-6.283200584548081,-6.283018279745117,-102.08467596972918
457.0,-0.9784842359129344,0.010035923207756843,-1.570258026565283,0.9029329302421857,-6.283197768009683,-6.283116758963323,-102.31277033537705
458.0,-0.9794427837535348,0.010441268849328913,-1.570312619518145,0.8970980463280168,-6.283198411312283,-6.282662769468174,-102.53988048199356
459.0,-0.9806227226477899,0.010674634454174685,-1.5703733383856062,0.8958729789477701,-6.28320139646643,-6.282979511307766,-102.7663655601452
460.0,-0.9775100668159651,0.010865429812515726,-1.5699583164725397,0.9001194961456426,-6.283197529252717,-6.273831412141333,-102.99421575582927
461.0,-0.9747421292496825,0.010966041605437713,-1.570137745621791,0.9058140303001909,-6.283195830156633,-6.26816072849628,-103.22372360282625
462.0,-0.9760857663280087,0.010976509815135446,-1.5703012399393512,0.9131627258216432,-6.283195630652761,-6.270666816071697,-103.4533794353386
463.0,-0.9816857057679628,0.010995625189258824,-1.5704182876706743,0.9052368254863525,-6.283198795680192,-6.267035649548683,-103.68022449878511
464.0,-0.9855411864195361,0.01106564553290717,-1.5704175194818437,0.8987985814501346,-6.283199421518877,-6.26806366451247,-103.90487553431251
465.0,-0.9915025863625098,0.011054508678908044,-1.570455044801156,0.9073362494041701,-6.283197779460513,-6.257331824428012,-104.12777863373498
466.0,-0.9928511116022288,0.01114195399973716,-1.5704331621739056,0.9028900517609253,-6.283199423945372,-6.2531924418485065,-104.34966647818725
467.0,-0.9930533562619517,0.011138980404509714,-1.5704484606721156,0.9043448807567998,-6.2831961698002505,-6.253781789034428,-104.57156736574082
468.0,-0.9875383815421748,0.011191941123698217,-1.5704036195511868,0.9159977356002017,-6.283196255757515,-6.253199498998938,-104.79646336802844
469.0,-0.9820438351591334,0.011161179263215328,-1.57045421513675,0.92737613982025,-6.283195986923719,-6.250454001266741,-105.02458919949949
470.0,-0.9752995783006,0.011144338717026211,-1.569849738821332,0.9341588414818792,-6.283195898621445,-6.247316832663544,-105.25590324114523
471.0,-0.9693510019755768,0.011156362212688713,-1.570070986975664,0.9333793749760162,-6.28319599643522,-6.244324733936549,-105.48976308658976
472.0,-0.9647234119155194,0.011127161759345786,-1.5702325210150858,0.9328925289426648,-6.283200047868581,-6.254118949057656,-105.72563990681307
473.0,-0.9659296404703697,0.01106161680876861,-1.5703893738092845,0.926464265759289,-6.283200269944592,-6.269254335028301,-105.96071292748766
474.0,-0.9720734471434389,0.011035968961332522,-1.570466574093824,0.9199800238933723,-6.283201410964814,-6.277497499758563,-106.19278327764002
475.0,-0.9786023884025596,0.011065528394457957,-1.570466002120587,0.9225159182617713,-6.283197772015803,-6.280847943062781,-106.42226053305802
476.0,-0.9849016370270594,0.011089757086892131,-1.5704754482082681,0.9259635275547033,-6.283198441801332,-6.278645015899249,-106.64938335708281
477.0,-0.9925662445744925,0.011092727847405408,-1.57050371693946,0.9214548293350912,-6.283199516132321,-6.280847151744194,-106.87306633543842
478.0,-0.9938160807576001,0.011181099399771272,-1.5704430107073262,0.9085681317099145,-6.28319809197458,-6.279190970991141,-107.09502872856226
479.0,-0.9894021820565236,0.010655813440137659,-1.5703893178999697,0.901740839297621,-6.283198654097927,-6.278381552364297,-107.31820725260881
480.0,-0.9845777375041115,0.010695799033668438,-1.5704505875690966,0.9080511368640352,-6.2831960118922705,-6.2812672236219225,-107.54386620938169
481.0,-0.9837845303768026,0.010799434283210835,-1.5705093961957715,0.9176076092907438,-6.283198241219344,-6.277438267492149,-107.77069857748963
482.0,-0.9780948842344038,0.010974714682811233,-1.5704587366610085,0.9240736533019399,-6.2831970503681065,-6.264845481751989,-108.00023475158554
483.0,-0.9739844396812689,0.010998780617535436,-1.5704980751143933,0.9378029516491095,-6.283194936615405,-6.261836158421586,-108.23263942940882
484.0,-0.9731807796475203,0.011010676137942594,-1.5705462617740278,0.9429515647121043,-6.283198374048873,-6.2567171548617955,-108.46590653159554
485.0,-0.9758016725236913,0.01101302124539358,-1.570565081142184,0.9517637253376283,-6.283193328083245,-6.265797584055973,-108.69885190244683
486.0,-0.9802793516032438,0.005461601677580205,-1.5686744790154534,0.9552843774020233,-6.283197497044294,-6.266571273484136,-108.93087616675923
487.0,-0.9817386100111899,0.004708872645762029,-1.5694325250179448,0.9535465379933062,-6.283195413789367,-6.269216714409613,-109.16250900135682
488.0,-0.9880265449265501,0.006530594831673156,-1.5699150378055002,0.952401072499461,-6.283199106644189,-6.269296803184086,-109.39136835732508
489.0,-0.9911393777500885,0.008177661822137987,-1.5700449025229557,0.9605835358073458,-6.283194521659313,-6.2733275846644725,-109.61918350562163
490.0,-0.9902985405657077,0.009246896105466456,-1.5701577032239924,0.9708854960588046,-6.283193257399941,-6.263800233557797,-109.84790661078563
491.0,-0.9899017371346365,0.009892251240035026,-1.5702882540790366,0.9778159811037391,-6.283194401385542,-6.266091567128233,-110.07730137392741
492.0,-0.9854782267085233,0.010363546455928007,-1.5703245800335481,0.9842736747596755,-6.283192280430702,-6.2630266671775265,-110.30883634623525
493.0,-0.9771202454024144,0.0106613271736571,-1.5703586592790053,0.9919064024360049,-6.283192127613433,-6.268879223449818,-110.54429503379755
494.0,-0.9731784307777575,0.01076295182261257,-1.5704746032102719,0.9929878652436483,-6.2831961065761845,-6.260726950186042,-110.78163163301342
495.0,-0.968303720081083,0.010897600767377271,-1.5704816322105424,0.9896486978457054,-6.283194624714902,-6.264447829420506,-111.0206738937269
496.0,-0.9679804059480107,0.010914240382709616,-1.5705409363875593,0.9934501365584664,-6.283197073520731,-6.275491733289267,-111.2602788783037
497.0,-0.9739766220367307,0.0109168019144456,-1.570584645552291,1.0060428504497752,-6.283193587278866,-6.280024647916345,-111.49854690144514
498.0,-0.9762600213827595,0.011029601543982645,-1.5705350398927378,1.008824876431046,-6.283195082482697,-6.2818868498792915,-111.73598421329585
499.0,-0.9800928303029648,0.011029771264894484,-1.570556943462771,1.0139631746461777,-6.28319705047647,-6.282652013028719,-111.97233774454472
500.0,-0.9793867224314212,0.011104843913716356,-1.570513603474285,1.008985183868831,-6.283194979485947,-6.28296622219706,-112.20844300680461
501.0,-0.9757137025302463,0.01112610720361796,-1.5705011733394647,1.0024550836678523,-6.283196217992729,-6.283095411151309,-112.44545381596048
502.0,-0.9759965923728027,0.011068074842496542,-1.5705545176394078,0.9971283961791748,-6.283198758410384,-6.283148519910652,-112.68203310429345
503.0,-0.9782263353149181,0.011061841861870814,-1.570556858983889,0.9947268192979916,-6.2832006587941525,-6.283170345963753,-112.91751530121243
504.0,-0.9805225246496737,0.011074887446749072,-1.5705445056594363,0.9955351154492286,-6.283199166198377,-6.283179301160189,-113.1521019287637
505.0,-0.9815689807813168,0.01109671900876092,-1.5705328030547518,0.9924789902688884,-6.283197838192981,-6.283182895936719,-113.38597782759764
506.0,-0.979726072227315,0.01112550091804455,-1.5705007400691051,0.9962163048416246,-6.2831947685427165,-6.283184502560061,-113.62081950401816
507.0,-0.9801685644751376,0.011086967180711206,-1.5705462813072448,0.9948507144875279,-6.283198125687225,-6.2831850068849215,-113.85546944121307
508.0,-0.9777061802925925,0.011124067638342283,-1.570501956188664,1.0026511965845095,-6.2831941680320975,-6.283101020931347,-114.09165193482123
509.0,-0.9714164858027029,0.011101573925090204,-1.5689252665730202,1.0046432082395673,-6.283197337686098,-6.282742017763629,-114.33015024758583
510.0,-0.9672190804624449,0.011144465028286418,-1.569448485949553,0.9972781376120746,-6.283199243056379,-6.279573139152618,-114.5699909899171
511.0,-0.9702167590081814,0.011045882074595378,-1.5698631819688917,1.005408528106408,-6.283193131704059,-6.28176186753608,-114.809502527467
512.0,-0.9761095874215739,0.011039149165244693,-1.5701106035715735,1.009913012745556,-6.283197345501233,-6.28259896400426,-115.04707008153053
513.0,-0.9771407007866622,0.011111879682855345,-1.5702022966808435,1.0156725250876486,-6.28319470444666,-6.282944575667598,-115.2845760816615
514.0,-0.9768727797433319,0.011110461423175875,-1.570321885590727,1.011960368407851,-6.283193482272769,-6.282344638090119,-115.52193093428258
515.0,-0.9785588023132054,0.011081137452571334,-1.5704172517854629,1.0048665023139458,-6.283195850300668,-6.282853102262414,-115.75808905626647
516.0,-0.9758267987040502,0.011134881763038285,-1.5704056161690927,1.0015697921467501,-6.283198268125852,-6.283048645897485,-115.99495219963319
517.0,-0.976394797462297,0.011077592411309126,-1.5704916324026421,0.9965602053706882,-6.283199355923979,-6.283129269170427,-116.23130474526161
518.0,-0.9731324871437494,0.011128839502030365,-1.5704497290024462,1.004357887402495,-6.283193109116032,-6.283162467924226,-116.4694831945595
519.0,-0.9744764434373849,0.011059998082224583,-1.5705368770565835,1.0119231012055854,-6.283079158402274,-6.283176011112841,-116.70790244785002
520.0,-0.9761291617270192,0.011075750034687137,-1.5705446348525602,1.0090293338087715,-6.283159115376045,-6.283181460976712,-116.94541939037204
521.0,-0.9802320069838005,0.011055117591295844,-1.5705667046707896,1.005665272018288,-6.2831902922368315,-6.283084663275851,-117.18104577231705
522.0,-0.9792084402333348,0.011122029291215038,-1.570316550824534,1.0029675507944182,-6.283194366609167,-6.283145827892188,-117.41664746400984
523.0,-0.9763565068829879,0.011132105417542887,-1.5703716762353048,1.004581578775182,-6.283196572904241,-6.2831691918491295,-117.65353110639208
524.0,-0.9723744743433939,0.011129409701897013,-1.570425987477466,0.9990239484590971,-6.283194841876052,-6.280874536808054,-117.8916134110177
525.0,-0.9638542155506733,0.011164879934721865,-1.5704095182747282,1.0030442135827797,-6.283193535510251,-6.282276773332891,-118.13344873198548
526.0,-0.9624554181200566,0.011055901065556407,-1.5705360248384577,1.0050741212366803,-6.283196096392534,-6.282811033223114,-118.37630541595725
527.0,-0.9680691192822792,0.011004483956257805,-1.5705961313527934,1.0043143449541387,-6.283197838781281,-6.2830316552180765,-118.61691363574643
528.0,-0.9750065744425715,0.011032299438572929,-1.570574989017573,1.005382818697424,-6.283200289700714,-6.283122313132887,-118.85471338962823
529.0,-0.9795521239897502,0.011083683431193108,-1.5705408318290917,1.0005689156151174,-6.283195991849662,-6.283159464327422,-119.09017388855011
530.0,-0.9869586370386462,0.011056060008194752,-1.5705618908553667,1.0006964947224817,-6.283199146106311,-6.279590112194007,-119.3227055065252
531.0,-0.9925409233828325,0.011096257748733785,-1.5705184282976847,1.009931157318962,-6.2831942449172935,-6.281771556583716,-119.55367545828851
532.0,-0.9947664990850577,0.011129963376934334,-1.5705027466928134,1.0142237206187217,-6.283197711321692,-6.2826028427764316,-119.78406502741377
533.0,-0.9951781505935252,0.011131950589391561,-1.5705050970609689,1.0177527951844905,-6.283196570391924,-6.2748931643496375,-120.01456682759851
534.0,-0.9929189642428878,0.011143886183275411,-1.5704980650451201,1.0186466549600715,-6.283198417645649,-6.274989127386369,-120.24598542949738
535.0,-0.9905245693796716,0.011122016843152359,-1.5705192589872814,1.0179557866967044,-6.283199891599104,-6.274459072581659,-120.47831920438753
536.0,-0.9846460927552183,0.011148690688854197,-1.5704972288082628,1.0134183678275572,-6.2764169507975005,-6.2796940407979465,-120.71198535357415
537.0,-0.9795261629144553,0.011115238415971588,-1.5705232542000005,1.0097413276163696,-6.280496134848669,-6.2796039561127674,-120.94778155320797
538.0,-0.9719967744642033,0.011134528085534705,-1.570495860962575,1.014523595011721,-6.28209360475266,-6.281752041220772,-121.18712174299029
539.0,-0.9662030350350789,0.011096411325497992,-1.5705312862200682,1.0248844837904036,-6.282753521584014,-6.282595560470683,-121.42985594825596
540.0,-0.968018892913381,0.011013076678338542,-1.5706190765170716,1.0292124207141118,-6.283027351202657,-6.281699377816005,-121.67246133071674
541.0,-0.975816323483459,0.01098646789447544,-1.5706442838837373,1.029389871503181,-6.283137264979411,-6.282596808634485,-121.91200892602541
542.0,-0.9843063418170581,0.011025586744567552,-1.5705998657405107,1.035254536403279,-6.283178606870313,-6.2829431170435575,-122.14856497634949
543.0,-0.9958662174223256,0.011020706434896672,-1.570614324404106,1.031804320749766,-6.279045430315471,-6.283085818415509,-122.37998184911037
544.0,-1.004950725005447,0.011081996215455268,-1.5705526257582993,1.027915532545142,-6.2815642440331905,-6.27831236931536,-122.60762110547819
545.0,-1.005571166436726,0.011173269217581178,-1.5704556525152522,1.037467203325993,-6.282527937883757,-6.272442646474449,-122.83567341998584
546.0,-1.0005657095710638,0.011192544425405812,-1.5704438427422063,1.0514729192989212,-6.282927774798135,-6.261631112402283,-123.0668015723955
547.0,-0.9914758354166219,0.011191922840739568,-1.570457391780713,1.0606511769877618,-6.283092920483136,-6.261239000566747,-123.30224081333812
548.0,-0.9826440730743085,0.011144272530591607,-1.5705066718985112,1.0661802995645873,-6.2831627221471935,-6.267065587653776,-123.54173388644696
549.0,-0.9743388057422263,0.011115559120763339,-1.5705286553493227,1.0757127789887835,-6.276966424752068,-6.268278395246978,-123.78490036938067
550.0,-0.9741802383908544,0.011010931398422087,-1.5706273379953521,1.082872557950394,-6.277530540341108,-6.277094982813338,-124.02903205333463
551.0,-0.977491763559728,0.011003780871087958,-1.5706306275422957,1.091689183971577,-6.267527210200216,-6.280682498416027,-124.27179297818914
552.0,-0.9830709156695635,0.011004346723605745,-1.5706343673544525,1.093830429905288,-6.266983026574,-6.274544106922745,-124.51248552465294
553.0,-0.9840914656376258,0.011076915071153604,-1.5705706159391617,1.0881586502798057,-6.276542917386186,-6.279695424262361,-124.75296152481793
554.0,-0.9837273366959308,0.008774764668332727,-1.5704780767783877,1.08735505238575,-6.280469990453122,-6.281750129563338,-124.99424276912386
555.0,-0.9826371564665253,0.009113915145359025,-1.5706183454755154,1.087741394002157,-6.282083592080379,-6.279700619572939,-125.23613439173816
556.0,-0.9762091511551493,0.009851421115463973,-1.5705438376913257,1.086685477334526,-6.282743357064912,-6.281804771556862,-125.48028512412296
557.0,-0.9751810269876781,0.010213679502875462,-1.570604678350568,1.0899407318527732,-6.28302024683862,-6.282616936768022,-125.72524398590183
558.0,-0.9755507041931089,0.010505018980717215,-1.5705974843918749,1.0904075702777336,-6.2831309015187236,-6.281576141508319,-125.97006203975496
559.0,-0.9810386197928934,0.010650021078034626,-1.5706272300576614,1.0972773027063507,-6.283177889966527,-6.281950618563172,-126.2133593263751
560.0,-0.9819683166085647,0.010852023830791738,-1.5705542895198916,1.1059823422073691,-6.279032815444956,-6.282688035888697,-126.45650514049149
561.0,-0.9820644639466504,0.010924398417212747,-1.57057029191517,1.1072216448148047,-6.279797516171124,-6.279717557254741,-126.6997898715642
562.0,-0.9798944374145225,0.010998490245345124,-1.570540720787246,1.1173060488850919,-6.281833026702165,-6.2818182622707015,-126.94490023514672
563.0,-0.9760969029012977,0.01103134049235045,-1.5705474079753532,1.1263146876990053,-6.282642006734828,-6.282622224175935,-127.19237255046646
564.0,-0.9724280732020785,0.011030631460032045,-1.570576807637183,1.125567190834514,-6.2829757888648325,-6.282953998506383,-127.44133405379648
565.0,-0.9687161318856538,0.011039676019254074,-1.5705743875655416,1.1293201805815416,-6.28311103955856,-6.28309044610829,-127.6921227420589
566.0,-0.9685204386601456,0.01100828579501645,-1.5706049785977625,1.1419147740260387,-6.283168691592605,-6.283146412570486,-127.94417602111261
567.0,-0.9713769284828112,0.010984769875840092,-1.5706484258015168,1.136002654311492,-6.2831923146211865,-6.283169320405444,-128.19469369119508
568.0,-0.9719030010497886,0.01103782477127675,-1.570592827245642,1.1348090890939753,-6.283193366638264,-6.28317889788506,-128.4447849169653
569.0,-0.9692704678608783,0.011071227448887774,-1.5705644783396837,1.1328185439277267,-6.283193687624733,-6.283182764619422,-128.69568809671225
570.0,-0.9645874051745494,0.01108172744113697,-1.570555200246927,1.131222693706451,-6.283194771476974,-6.283184376374664,-128.94831372578892
571.0,-0.9629123916811518,0.011033033658450023,-1.5706041270440871,1.1237165574193846,-6.28319603226647,-6.283185000815058,-129.20109310629752
572.0,-0.9663457144226644,0.010990381984072681,-1.5706367711981684,1.1177502753006483,-6.283196813144812,-6.283185327691251,-129.45206716975588
573.0,-0.9734155821551008,0.010015719382475625,-1.5706032889044874,1.1149536726834524,-6.283197427834641,-6.283185457564378,-129.7001445745863
574.0,-0.9756175279570304,0.010239919200088446,-1.5705946362971839,1.105671871716098,-6.282080638297177,-6.2831854826205955,-129.9462863447516
575.0,-0.9821821477507914,0.010477961304808764,-1.5706158858907675,1.109126256598982,-6.282763582191213,-6.283185612207122,-130.190199335295
576.0,-0.9930261142924012,0.010604147009903753,-1.5692162423177822,1.1092716379536123,-6.283026118005303,-6.283185499530099,-130.4295963568024
577.0,-0.9995143704531095,0.010882635295002913,-1.5695718004051042,1.105168256314278,-6.283128283261907,-6.28318541993776,-130.66604089914267
578.0,-1.0003983338869762,0.010997760825749667,-1.569848991297584,1.107154023963851,-6.283170788743738,-6.282260550500692,-130.9022536844327
579.0,-0.9947949967903079,0.011077745146499883,-1.5700416697821074,1.1023534215054167,-6.283189421845414,-6.27957366082359,-131.14011997891933
580.0,-0.9845484858958237,0.011115441932532262,-1.5701742424405662,1.1028124033329123,-6.2831929435539084,-6.2787022528953464,-131.38196403391703
581.0,-0.9783324699539732,0.011044906232212671,-1.5703599591882826,1.0981012485621833,-6.2831934325909815,-6.281395895213865,-131.62606354945606
582.0,-0.9719991011175769,0.011060120809372203,-1.5704099568915582,1.1053315330818863,-6.283192520437267,-6.282448969345834,-131.8733035925642
583.0,-0.9723402743786822,0.010984552768708121,-1.5705373340322553,1.1119682932829635,-6.283193786618604,-6.2801002460768185,-132.12120518522698
584.0,-0.9722878153508447,0.011024911695112539,-1.570530926457972,1.125715593496099,-6.283194745493378,-6.281966937353131,-132.37026536628215
585.0,-0.9710541594671511,0.011040717178096564,-1.5705530877387546,1.131609629286457,-6.283196708574379,-6.282683463510721,-132.6203520645739
586.0,-0.9691368244490397,0.011046860739434824,-1.570566482693726,1.132530151493698,-6.283196408300516,-6.282979219670119,-132.87130229049163
587.0,-0.9720218050083305,0.010990926759320466,-1.5706333057401007,1.1218463337836562,-6.283195853646847,-6.283100733714237,-133.12033038662992
588.0,-0.9788377680306373,0.01098006762733656,-1.570641067780248,1.1087833043963968,-6.283196348658347,-6.283150722613182,-133.36555016790243
589.0,-0.9792705124467671,0.011084919069960602,-1.5705362326692236,1.104265017071066,-6.283194624968093,-6.283171309056917,-133.60995367493436
590.0,-0.9818696626102186,0.01104605541137483,-1.5705708970058923,1.1079471030340562,-6.2831942083824845,-6.283179749090644,-133.8537141417761
591.0,-0.9801061820431294,0.011098614087972115,-1.5705354098835007,1.1020719686613774,-6.283194649646395,-6.283183032721319,-134.0975532189054
592.0,-0.976603086444426,0.011098688808528023,-1.570531061412197,1.102797315449906,-6.283194312494214,-6.283184563678573,-134.3428160343746
593.0,-0.9736737433973287,0.01107519242382469,-1.5705596276144136,1.098023385505667,-6.283195123038543,-6.283185037423918,-134.58889203488047
594.0,-0.9740768137283166,0.011036007961508205,-1.5705897760644345,1.098627202243903,-6.283195349804191,-6.283185380921106,-134.8349341266206
595.0,-0.9786336294079686,0.011004855677774535,-1.5706193573249883,1.098630702388938,-6.283196864292052,-6.278915788205819,-135.07924227739173
596.0,-0.9834251463758761,0.01102903356933673,-1.5705969992468687,1.0992784999725662,-6.2831986661837265,-6.281506572042929,-135.32167079190114
597.0,-0.984148803365176,0.011082889360167124,-1.5705544112185443,1.0938945594016327,-6.283192128627437,-6.282493664817989,-135.56323741838327
598.0,-0.9815252105701197,0.011105591673417181,-1.5705379168865763,1.0824700489783416,-6.283195589896206,-6.282901363653458,-135.80479398516198
599.0,-0.9844873932422493,0.011028965185725905,-1.570602966770906,1.070460182461601,-6.2831969570585615,-6.2806122837028395,-136.04429471494606
600.0,-0.9818244696731956,0.011113698299292995,-1.5705168399347236,1.06136518775388,-6.283194027263763,-6.270214130879558,-136.28385978431086
601.0,-0.9771708095305693,0.01111278997885869,-1.5705250653603746,1.046626042852671,-6.28319466178056,-6.275224311267658,-136.5240372127536
602.0,-0.9794347849792896,0.011025382259128896,-1.5705934286949446,1.0384238394621312,-6.283197285229321,-6.2797447739076615,-136.76277709789898
603.0,-0.9804098587131976,0.011068821298276105,-1.5705495873811592,1.0331714732088848,-6.283197461341675,-6.281774604849624,-137.00058087897514
604.0,-0.9849681503481026,0.0110332079787467,-1.5705869709866513,1.0260325844578555,-6.283198209939971,-6.282605802657721,-137.23604971343389
605.0,-0.9831441079825004,0.01112673993269319,-1.5704934910287534,1.0273675377818177,-6.283192477170344,-6.280593248962735,-137.4721257947676
606.0,-0.9792458194967145,0.011125073120971737,-1.5705035114948849,1.0286729606899285,-6.283195885665647,-6.282161964373007,-137.70987739208434
607.0,-0.9750283619438077,0.01111296992715534,-1.5705245717197702,1.0232058610671202,-6.283196434768396,-6.279235658921024,-137.94891762535448
608.0,-0.9751336297631337,0.01105551028111067,-1.5705610678086313,1.032157307145068,-6.283192996753976,-6.272654420441721,-138.18875512803984
609.0,-0.980774557042091,0.010919485152254013,-1.57061748168099,1.02590061658957,-6.283195681651576,-6.278891579381026,-138.42596497294633
610.0,-0.9849859046438871,0.01098331990731481,-1.570572746871288,1.018157753032699,-6.283194668306832,-6.281420605924145,-138.66073299721594
611.0,-0.9855910798030251,0.011056965866780802,-1.570525278333743,1.012519385694615,-6.283195536795966,-6.271944987248888,-138.89466304385266
612.0,-0.9838862252236679,0.011088455157319838,-1.5705003862566917,1.0192372990517127,-6.28319421282271,-6.268106530903556,-139.12975767085658
613.0,-0.9831943868577904,0.011074591272815196,-1.5705340808573582,1.0234063772438098,-6.281679298243058,-6.264514297161556,-139.36541614529932
614.0,-0.9884899128002226,0.011017977361835367,-1.5706074243341601,1.0139938533458657,-6.282609768683056,-6.266065079568297,-139.59842467330702
615.0,-0.9943059266380292,0.011047460859801345,-1.570566749654008,1.01367593925128,-6.282961655636785,-6.260858097654498,-139.82905984980158
616.0,-0.9995968668787137,0.011070431626429953,-1.5705533366028415,1.010299991950972,-6.283107706564701,-6.248562472364136,-140.05732387531862
617.0,-1.0021734133496711,0.011107374627070558,-1.5705112359350113,1.0170356903320248,-6.2831657235791285,-6.2390474998664045,-140.28505636841874
618.0,-0.9980128625203768,0.011138014374268047,-1.5694185965016214,1.0265079143470393,-6.283188995820371,-6.234744986708735,-140.51479025256484
619.0,-0.9891355154082017,0.011212323513178185,-1.569720958833413,1.041439812968219,-6.283193146222354,-6.234383890956608,-140.74926500632293
620.0,-0.978669362945852,0.011178482293531399,-1.5699969664566746,1.0528999317689043,-6.283192124992202,-6.241745550180328,-140.98900780715292
621.0,-0.9714238586835906,0.0111041572015548,-1.5702318606598074,1.0545661338852936,-6.283195206851262,-6.24696536064321,-141.2320467197143
622.0,-0.9710756205290847,0.011021205788926958,-1.5704113042090546,1.0505378042322566,-6.283196314937019,-6.247250606266976,-141.47512517067415
623.0,-0.9751148299731981,0.011001755307350035,-1.570489020288856,1.0481523244204372,-6.283198223164086,-6.252914296744937,-141.71644282447934
624.0,-0.9798927842556223,0.011026662180747347,-1.570507216934674,1.0482647054547254,-6.283199747008701,-6.263726141935986,-141.95582007415138
625.0,-0.980284504353577,0.010328637986428276,-1.5704456864280938,1.0547457855530291,-6.283194181083438,-6.268864643102586,-142.19557878230088
626.0,-0.9835371565878461,0.01039713528314864,-1.5705626227639637,1.056927581858265,-6.283197169239841,-6.269896728791092,-142.43434933815536
627.0,-0.9841581460635435,0.010667347013345534,-1.5705266229639703,1.059557285971429,-6.283194636870283,-6.2683724124288345,-142.67295484153038
628.0,-0.9849604950530726,0.010803946440052996,-1.570545722333262,1.059540282456057,-6.28319782411651,-6.261294895929055,-142.91124163121793
629.0,-0.9826991381873968,0.010932994568603558,-1.5705194278989694,1.0576985763825328,-6.283196196164386,-6.2695815081216,-143.15017070497032
630.0,-0.977771729725932,0.009437387790761849,-1.5704458648746753,1.0656393982075012,-6.283193567903514,-6.27335339057587,-143.39194427624656
631.0,-0.9787558095490554,0.008046211826571807,-1.570574748851545,1.0734686460262302,-6.283193996781245,-6.2730185688996425,-143.63446941288782
632.0,-0.9790835173908148,0.008797190653662804,-1.5706340678223234,1.0788381897592079,-6.283196033317735,-6.276088229729983,-143.87718773892644
633.0,-0.980472895525795,0.009577192092621886,-1.570623023854987,1.0769579606491186,-6.283195816525988,-6.280320113463187,-144.119078550562
634.0,-0.9766939663873119,0.01015973043953431,-1.5705482702574423,1.0693336026094962,-6.283195353134612,-6.282006961347808,-144.3615832973087
635.0,-0.9701518252446398,0.010504573050565756,-1.570526133886619,1.0624857253271047,-6.283195581212098,-6.282701392169673,-144.60604656762203
636.0,-0.9701389025462156,0.010631320297829008,-1.5706022394808232,1.0542776112163434,-6.283196746200047,-6.282986627101793,-144.84998237453854
637.0,-0.9732250170684407,0.010764724554245314,-1.5705917191286998,1.057184681924205,-6.280647043684005,-6.283103933891158,-145.092670830802
638.0,-0.9777546278761856,0.010862450872467526,-1.5705914780327699,1.0568870911272898,-6.282198811694536,-6.283151917726349,-145.3336226480419
639.0,-0.9769112458461728,0.010270862952386432,-1.5704971801660599,1.0579253911222046,-6.282790113791202,-6.277667217256668,-145.57500063213922
640.0,-0.9722313456376072,0.010439538087699518,-1.5705180188851184,1.0668769964020466,-6.283035124822534,-6.275777039179204,-145.81896832784994
641.0,-0.9726888297727229,0.010599062922738404,-1.5705958747332927,1.0693928257127299,-6.28314116563704,-6.277957578852261,-146.06312385646
642.0,-0.973264688395573,0.010771356205992075,-1.570574989524547,1.0731530110600616,-6.283179949249043,-6.281075386978809,-146.30730816663504
643.0,-0.9787092659504549,0.010823809202572138,-1.5706204068328844,1.074770643472498,-6.283195758559763,-6.282317573157066,-146.54955430051373
644.0,-0.9870563935836847,0.010891461426221567,-1.5706090337073344,1.08367233208252,-6.283194548191879,-6.282828986741903,-146.7892486069523
645.0,-0.9942041348505851,0.010971940943754652,-1.5705829505005273,1.086635381716005,-6.283197816601005,-6.283038943984685,-147.0263571280328
646.0,-0.9934082935094218,0.011088789306892097,-1.5705061650460461,1.0845488391094904,-6.283194872875145,-6.282903980510799,-147.26338193165068
647.0,-0.9904849556511467,0.011093379508959486,-1.5705168606158657,1.0832929425193314,-6.283197332438284,-6.283073751600802,-147.5014192780049
648.0,-0.9840552476099123,0.011120191153056158,-1.5705030994879217,1.079284053220412,-6.283194180465938,-6.283139449098879,-147.74156698625922
649.0,-0.9796592406348763,0.011074163065342875,-1.570555771456133,1.0691989840988814,-6.28319681465528,-6.283166588349993,-147.98270321631696
650.0,-0.9806015008964951,0.011019429700649539,-1.5705967936885923,1.0666274594976597,-6.283198150869111,-6.283177820790184,-148.223352288402
651.0,-0.9791746006761652,0.011029757954160904,-1.5692860557833774,1.0648106853837849,-6.2830973277184885,-6.283182354876361,-148.46399881779627
652.0,-0.9736211246266773,0.011142894275770551,-1.5696328639707184,1.0634860037638676,-6.283161936311589,-6.2831841808130955,-148.7067501474289
653.0,-0.9700957077137978,0.011086930372135949,-1.569979440778482,1.0518720565845678,-6.283191438087879,-6.2831849526999894,-148.95016178143695
654.0,-0.9687600823127156,0.011047448905865254,-1.569740812268803,1.0562506083190482,-6.283193470483777,-6.28318539640267,-149.1944418062341
655.0,-0.9699616306971611,0.011050037926081455,-1.570018432629107,1.066078760356698,-6.283193399073909,-6.2831854365625945,-149.43917096170145
656.0,-0.9763983289324097,0.011002927385077136,-1.570255025358463,1.068862905146864,-6.283195527406522,-6.283185373168442,-149.6817227674836
657.0,-0.9868905385646335,0.010994677485466897,-1.5703812055324204,1.073064252748171,-6.28319712872219,-6.283185455660941,-149.9205321552221
658.0,-0.9919764217919959,0.011086279338246728,-1.5703843736861205,1.0726910588276295,-6.283195510776647,-6.28031525394091,-150.15715464270542
659.0,-0.9892320466076965,0.01115675890016757,-1.5703796639049605,1.067416149813733,-6.283192688208351,-6.282056811172105,-150.39423251741124
660.0,-0.9834208264237239,0.011150352836866153,-1.570425573876922,1.0562288713468915,-6.283196263113227,-6.28272047406412,-150.6326369197825
661.0,-0.9786501427052415,0.011111375323133728,-1.5704632865558414,1.0627634957964645,-6.283193941683242,-6.282994600021191,-150.873521756371
662.0,-0.9773613310062155,0.01106017151276371,-1.570536111254696,1.065535018681373,-6.283196522574931,-6.281489429924658,-151.11529187707293
663.0,-0.9747492642003037,0.011082871124587937,-1.5705247206013468,1.0721645243453382,-6.2831920861988975,-6.282517217791843,-151.35863115429925
664.0,-0.9693990173785656,0.0111048813772193,-1.5705186458929492,1.076774291872806,-6.283193578927014,-6.282910127682585,-151.60449753400073
665.0,-0.9709741546130977,0.011012843918169904,-1.5706126569056094,1.0775609620917306,-6.283195147067162,-6.283072335288425,-151.85002230521312
666.0,-0.9752550809771666,0.011013002288424925,-1.5706156794317743,1.0731021516609014,-6.283195510376594,-6.283138950408291,-152.09346794231158
667.0,-0.9778439105730735,0.011054470330755328,-1.570577197623136,1.0673310431390461,-6.283195940316793,-6.283166375003855,-152.33530082906645
668.0,-0.9820008782246591,0.01104332277487048,-1.5705806998763618,1.067876771681951,-6.283195461542151,-6.283177720255756,-152.57553242993117
669.0,-0.9818562960085556,0.011103104021451609,-1.570526043296442,1.0710636318738387,-6.283192215508384,-6.283182306855951,-152.81595236085627
670.0,-0.9822309041967738,0.011078736864002962,-1.570557770593638,1.0683361593016087,-6.283194406402567,-6.283184103192685,-153.05604808454186
671.0,-0.9854111611369208,0.011049021375611746,-1.5705764615071105,1.0729867084104665,-6.283192496007192,-6.283185010478042,-153.29532747836384
672.0,-0.9918554873550365,0.011026878709345881,-1.5705987394740957,1.077501472841497,-6.2831956479232005,-6.282246553601107,-153.53253391624273
673.0,-0.9950091297072144,0.011081669504323384,-1.570555009588716,1.0765074594458826,-6.2831948243266895,-6.28281620189098,-153.7683253399611
674.0,-0.9911395876114265,0.01114842049137317,-1.5704943570771117,1.0753517662767025,-6.283195466056269,-6.283033334540506,-154.0053483823465
675.0,-0.9857629555959709,0.011128689962945498,-1.5705106560582265,1.077392870757612,-6.283195817195849,-6.283123025158483,-154.24466289840518
676.0,-0.9788701024758775,0.011122579904196442,-1.570520464610247,1.0750465137272975,-6.283195373595365,-6.283159766030896,-154.48651487077143
677.0,-0.9748640405479727,0.011072523928379178,-1.5705543930589996,1.0852515518552357,-6.283196361434153,-6.283174966725706,-154.73092890292116
678.0,-0.9719470998845724,0.011059236548262897,-1.5705800244522463,1.0857404594879807,-6.283194904256984,-6.283181048640148,-154.9766285189534
679.0,-0.9755826334794736,0.010993504141137485,-1.5706319418763541,1.0940100343366066,-6.283193194028329,-6.283183714041994,-155.22173003250546
680.0,-0.9795504672157735,0.008841683272451545,-1.5705349699190427,1.0973812553083329,-6.283196225548085,-6.278314738196658,-155.46589121788722
681.0,-0.9841372820273728,0.00917148451251607,-1.5706575799239584,1.1061933639400818,-6.28319368677106,-6.281270276153874,-155.7090069584343
682.0,-0.9852557789143467,0.009866847261972712,-1.570596080612818,1.1083829814769233,-6.283194741803061,-6.282396269647752,-155.95165493687847
683.0,-0.9855969943085988,0.010291235866308944,-1.5705773967824839,1.115614118694584,-6.28319258178723,-6.282861360351632,-156.19470033961113
684.0,-0.9846650260787971,0.010572387596193174,-1.5705670792955617,1.120908100414381,-6.283192702380622,-6.283052275426134,-156.43850349124378
685.0,-0.9782308058127718,0.010799649296504319,-1.5705185163171504,1.126850470265145,-6.283192480154323,-6.282453581408717,-156.68520090544712
686.0,-0.9754519594467942,0.01084326442232165,-1.5705807169809645,1.138196410521203,-6.283192163819354,-6.282896694354706,-156.9341145545763
687.0,-0.9708642781771132,0.010940009216453928,-1.5705613713972886,1.150603811140332,-6.283192994560483,-6.283066462404967,-157.18588312603424
688.0,-0.9702387538678836,0.010929346824320185,-1.570619037262954,1.1635757480545994,-6.283193233832723,-6.283136527435232,-157.4391787793702
689.0,-0.9753145865525689,0.01090847469694313,-1.5706715361262868,1.1691540715359288,-6.2831939307362985,-6.283165271376844,-157.6911065705729
690.0,-0.9794865922123844,0.010967274722680333,-1.5706371628052673,1.1677439058206762,-6.283192343643942,-6.283177097456463,-157.9412166002618
691.0,-0.9812534097759853,0.011016695061232021,-1.5705995885050414,1.1679227138494703,-6.283194130633144,-6.28318206667067,-158.1905721093388
692.0,-0.9777227358681649,0.011082969417295885,-1.5705395283021075,1.1779301736287469,-6.283193290246083,-6.27898134395894,-158.4420404751878
693.0,-0.9778707119318308,0.011015242137763153,-1.5706140358494463,1.1834826457372944,-6.28319404999295,-6.281342457400835,-158.69410749690311
694.0,-0.9799932890885434,0.011001417666085702,-1.5706310054992367,1.1833500903617358,-6.28319535047041,-6.282429610189421,-158.94538311717233
695.0,-0.9831771946460999,0.011001037599112104,-1.5706318181386931,1.1806432671440612,-6.283195617251033,-6.282874905710168,-159.19519637810188
696.0,-0.9853190442130716,0.011031880894631543,-1.5705951973453278,1.1897639840035679,-6.283193200373926,-6.283057948003813,-159.44492068877233
697.0,-0.9850582051594725,0.011055546644854428,-1.5705780916477392,1.2013454992462445,-6.2831908401218355,-6.28313305102857,-159.69573438679402
698.0,-0.97897297767212,0.011104809676261759,-1.5705373902837343,1.2150012109934352,-6.283192269183502,-6.28217942262864,-159.9500038833593
699.0,-0.9735672243467061,0.011048410145282909,-1.5706015183886946,1.2142927950431657,-6.283192378243117,-6.282789335847187,-160.20644526319774
700.0,-0.9737712345819176,0.010984487108056511,-1.5706512591909363,1.2211937906189743,-6.283192124775349,-6.283022347105187,-160.46355841646283
701.0,-0.9750041315439983,0.010986219083415008,-1.5706516280564369,1.22199996736478,-6.283193670207884,-6.278241905262591,-160.7202843213409
702.0,-0.9810496101772581,0.010945232971161952,-1.5706878255015757,1.2197973790411507,-6.283193825979475,-6.281240380060089,-160.97458695751752
703.0,-0.9824136919805587,0.011030182176016149,-1.5706054751654652,1.220595090856842,-6.283191266424798,-6.282384124797231,-161.2282570419397
704.0,-0.9770657673191515,0.011087249787663386,-1.570557088696984,1.2171892036962877,-6.283191013274334,-6.2828562808900745,-161.4835529447616
705.0,-0.968074242432553,0.01109903286144341,-1.5705434101192723,1.2186291172653576,-6.283191571097137,-6.283050304857376,-161.74244397988534
706.0,-0.965347787662206,0.011005571827601849,-1.570625809094785,1.2287765508293702,-6.283192358425596,-6.283129958754572,-162.00350796937963
707.0,-0.9663526895335443,0.01097085668811418,-1.5706620604190307,1.2330643980915383,-6.2831933365224,-6.283162595804021,-162.26465830624576
708.0,-0.9712371617863481,0.010947994444729511,-1.570682223014683,1.2374835406636937,-6.283193397731972,-6.283176076768934,-162.5243635875194
709.0,-0.9735147620457683,0.010996834346710664,-1.5706408765026718,1.2340370036171566,-6.283191221459374,-6.283181519959357,-162.78278954330406
710.0,-0.9803866535054593,0.010958633043958462,-1.5706692029897091,1.2395487164811279,-6.283191807820526,-6.2831839541018395,-163.0391413115037
711.0,-0.986052123856081,0.011005299672075627,-1.5706235257566499,1.2526461026782165,-6.283190906773644,-6.283184808101888,-163.29442397359887
712.0,-0.9864358584183269,0.01104984314535765,-1.5705925542072665,1.2564294592538385,-6.283191666633282,-6.283185090156057,-163.54981387314166
713.0,-0.9804851966436993,0.011094793890111216,-1.5705518496401885,1.2612547967926935,-6.283190997742691,-6.2831853271455875,-163.80777809778488
714.0,-0.9740987203922052,0.011052993205357402,-1.5705937854811223,1.259439058001279,-6.2831917638124235,-6.283185330698921,-164.06810330193582
715.0,-0.9685374774648369,0.011021713531549309,-1.5706216755375588,1.2517506286275635,-6.283192435154149,-6.283185404033801,-164.32996101313327
716.0,-0.9605154543534931,0.01104614032605089,-1.5705943227900954,1.2457308408522911,-6.283191146565605,-6.283185488510295,-164.5943872139749
717.0,-0.9529959654659133,0.011023933283246487,-1.5706144579071895,1.237943578799675,-6.2831908652947694,-6.2831854873051345,-164.86119211755204
718.0,-0.951093090661154,0.010963610273526658,-1.5706652956805913,1.2342296534970372,-6.283192626056937,-6.283185558241142,-165.1285876090667
719.0,-0.9541054205770639,0.010932069436786412,-1.5706944896697483,1.2255654942791663,-6.283193376372097,-6.283185505857468,-165.39411046765017
720.0,-0.958338344674691,0.010961591555950284,-1.570660533017812,1.2248794321490284,-6.2831935856802,-6.283185598682536,-165.65782340413756
721.0,-0.9670046639566523,0.01093993302490514,-1.5706802021550486,1.2265706269694545,-6.2831940926972765,-6.283185548922265,-165.91831050559446
722.0,-0.975251837043705,0.01097461378756011,-1.5706541164879724,1.218607917003126,-6.283193718407368,-6.2831854568245555,-166.1748024404227
723.0,-0.977561206423609,0.01105656741372995,-1.5705765612768317,1.212994933879431,-6.283191996050193,-6.283185511466216,-166.4296961717016
724.0,-0.9812004611228505,0.011023316020666165,-1.5706074059717443,1.2077160412060917,-6.279689794514283,-6.2831855209090905,-166.68244661130342
725.0,-0.9849505744665015,0.011026892163864765,-1.5706018458683846,1.2023973854620675,-6.281815942731338,-6.283185508291699,-166.93342208605793
726.0,-0.9904648888129263,0.011007822950583591,-1.5706196421650669,1.1951115762973996,-6.2826330029096935,-6.28318549574825,-167.18174330047137
727.0,-0.9889358644417708,0.011103142660124174,-1.5705230819118174,1.2032983040786644,-6.282963031835832,-6.276692941799637,-167.43116529678912
728.0,-0.985498381189698,0.011076281254106467,-1.570563391752927,1.1991914505437458,-6.283104960640509,-6.2806027240309525,-167.681591859743
729.0,-0.9773875663497243,0.01110973212073097,-1.5705297638835236,1.1976305801648708,-6.283159745311914,-6.282122202322312,-167.93491139915034
730.0,-0.9722603807803258,0.011046627649192724,-1.5705853871533253,1.2036917427517286,-6.283187092314317,-6.282748798247226,-168.19089573071173
731.0,-0.9702442948918572,0.008520369171359626,-1.5705511225065862,1.1985824600361814,-6.283191663827729,-6.2830059400450615,-168.4477531371236
732.0,-0.9747194323509875,0.008835085439650326,-1.5707449692266822,1.197154283080303,-6.283194588945313,-6.283111844594919,-168.70287284922435
733.0,-0.9749819155766296,0.009654077838686638,-1.5706374340245424,1.197119181635264,-6.283193386434643,-6.283155235998576,-168.95756888951084
734.0,-0.979133687142774,0.01008970866859566,-1.5706645012110738,1.1983322806849714,-6.283194269765329,-6.283173065332798,-169.21077255890242
735.0,-0.9874400767424447,0.010389492743510352,-1.5706615932756018,1.206980864377544,-6.283192984469579,-6.2831804054372435,-169.46153350903472
736.0,-0.9917848263561592,0.010653968179298683,-1.5706099034694219,1.205057002512269,-6.283191352970877,-6.283183261869056,-169.71032198273596
737.0,-0.9919391494988166,0.010816906108909091,-1.5705847099219234,1.1932458256106533,-6.2831916232325655,-6.283184588919544,-169.95788392445607
738.0,-0.9860191738774475,0.010961441157095658,-1.5705166404194442,1.1954361306597356,-6.283190492315428,-6.283185251030749,-170.20769645388992
739.0,-0.976430685163237,0.011014226702484614,-1.5705253935917765,1.1921114763753564,-6.283190682935572,-6.283185306832462,-170.46089488480058
740.0,-0.9661371025370479,0.011024200580204,-1.570549714488792,1.1869947496066886,-6.283191966138378,-6.2831854099115825,-170.71773829559464
741.0,-0.9618646516965647,0.010965397818735581,-1.57061956130923,1.1894218283718905,-6.283192757599645,-6.2831855529414185,-170.9766765303293
742.0,-0.9598107159663053,0.010972749628344512,-1.5706254134427504,1.19595290723299,-6.28319075533127,-6.280008387746074,-171.23704625672983
743.0,-0.9528701820011827,0.011040206584525283,-1.5705809382324574,1.1945948294836009,-6.283191937931253,-6.281936081685801,-171.50001125869375
744.0,-0.9485054637638034,0.011004161053003478,-1.5706179766801691,1.1989271711474638,-6.283191724042564,-6.282670773151817,-171.76524210140872
745.0,-0.9491718755592603,0.010957449804611117,-1.570667578189238,1.1979002958495841,-6.283193205479683,-6.282973997829728,-172.03025730187474
746.0,-0.9534024358965472,0.01094405292007149,-1.5706850285900837,1.1872796238171586,-6.283193956094375,-6.28309860182237,-172.292700410199
747.0,-0.9592593041748501,0.010967867911023532,-1.5706546137678814,1.1831296054601494,-6.283196209541068,-6.283149873465636,-172.55236746653605
748.0,-0.969134869356453,0.010954593332671347,-1.5706659651947417,1.1787125750615668,-6.283195392196937,-6.283170860065159,-172.80774014656416
749.0,-0.9811875353825137,0.010978421713438418,-1.5706370098511215,1.1834570774971742,-6.283194275788668,-6.283179575167661,-173.05874878217114
750.0,-0.9863870409377269,0.01107218659255073,-1.5705610785703883,1.1802809955599844,-6.283191353744348,-6.283182945714495,-173.30726288466397
751.0,-0.986688753950152,0.011101563907008383,-1.5705364815662521,1.176371385470601,-6.283192165502581,-6.28318445229643,-173.55520750340236
752.0,-0.9881694870247074,0.011055187451962748,-1.570584497838784,1.1637248331530883,-6.2785240026634925,-6.283185097140295,-173.8011159261839
753.0,-0.988067833867185,0.011069621463550916,-1.5705662283004354,1.1489169883560733,-6.281356335337841,-6.283185387662985,-174.04591098056815
754.0,-0.9840724284172633,0.011102185565557058,-1.570530986464191,1.1368181353166262,-6.282442315214087,-6.28318551422137,-174.2911736279842
755.0,-0.986471670194174,0.010413365929732039,-1.5705882243981526,1.129419788590865,-6.28289506436616,-6.283185569244602,-174.53516302900198
756.0,-0.9877505263738134,0.010534993072049437,-1.5705990092890196,1.115316133643218,-6.283076459443127,-6.283185589474749,-174.7773668443397
757.0,-0.9843138243561402,0.009143426232827712,-1.5704664075877843,1.1197610188276115,-6.281743493553567,-6.283185632059545,-175.02124928447319
758.0,-0.9801175498942584,0.009460135429590354,-1.5705785452346224,1.130758169356322,-6.282628841685307,-6.283185566538705,-175.26781596697745
759.0,-0.977262406387493,0.009992158328440946,-1.5705986672323877,1.1377240405597309,-6.282970162789313,-6.283185451756593,-175.51611756590918
760.0,-0.9697842100095079,0.010412125818468749,-1.5705525586525957,1.1371360051023849,-6.283107053277218,-6.283185365661415,-175.76719667564606
761.0,-0.9652380682732284,0.010602685697425318,-1.570585903274899,1.1480699737546076,-6.2831668832362455,-6.2831854665712745,-176.02111443034124
762.0,-0.9658232441066544,0.010700850731206912,-1.570647666924329,1.1475733135721684,-6.283190954896949,-6.283185344807492,-176.27489971161535
763.0,-0.9712372336887803,0.010766950047727495,-1.5703878259635355,1.1440260686445924,-6.28319371525191,-6.280465619985768,-176.52621137377037
764.0,-0.9772743541054743,0.010877159319521889,-1.5704446994362198,1.1354515139936205,-6.282421501083037,-6.282115978066326,-176.77427703498134
765.0,-0.9789130971464659,0.010992528087654543,-1.5704254091512002,1.1430850238471706,-6.282891879489207,-6.2827449142033895,-177.02221942998906
766.0,-0.9815418191053603,0.010988818767024974,-1.5705111434734798,1.1387596668746711,-6.283078094995722,-6.2830044230470286,-177.26885749110252
767.0,-0.9865597781877143,0.010987579175549916,-1.57055202601685,1.1353354793953907,-6.283153421078079,-6.275138616464446,-177.51327836066991
768.0,-0.9915949077443744,0.011012080201877966,-1.5705599668198134,1.1277562422464376,-6.283183325482743,-6.270629152776189,-177.7550612491895
769.0,-0.9904069072592057,0.011093411808286035,-1.570502746540625,1.1204844367203197,-6.283191704226319,-6.26933866290487,-177.99647603434693
770.0,-0.9898620275248332,0.011067429043918183,-1.5705322607601395,1.1236713254816384,-6.283191330232932,-6.27587439295854,-178.23840630090208
771.0,-0.9870941981872486,0.011086605902408682,-1.5705277556801245,1.1255983943630867,-6.283194138685244,-6.2690374914944496,-178.48153169514978
772.0,-0.9820527863658793,0.011091333600496005,-1.5705402457973925,1.1169425507789388,-6.283196116719827,-6.2740061212914515,-178.7258673635231
773.0,-0.9740768271698934,0.011107788490749896,-1.5705291317480992,1.1035048513786951,-6.283194639324921,-6.277333110830868,-178.97215801647366
774.0,-0.971075290402708,0.011035662764228779,-1.5705875663064452,1.096468231349049,-6.283196686607795,-6.280817409272432,-179.2191922604114
775.0,-0.9699379022903543,0.01103132232544632,-1.5705909184735993,1.089403594993692,-6.2831949684224915,-6.28221168549389,-179.46610254419383
776.0,-0.9748886577984422,0.0109801069032069,-1.5706367070224783,1.0837336031817157,-6.283196565766124,-6.282785502615295,-179.7106655209262
777.0,-0.9788587072191787,0.011031617671499346,-1.5705860573413226,1.0822366607311902,-6.28319772441326,-6.283021224326534,-179.9534067353497
778.0,-0.9824122965314859,0.011046974094309991,-1.570577627222848,1.0790412307942119,-6.283197925616166,-6.283117984994727,-180.19443919274883
779.0,-0.9865218329070087,0.011049672607471897,-1.5705765164947096,1.0753023283531933,-6.283198669279159,-6.279946886092247,-180.4335197192699
780.0,-0.9856602869115105,0.011112390792295207,-1.5705151857173023,1.0773710098495346,-6.2831940335857395,-6.279097752390871,-180.67295433391834
781.0,-0.9833695238880347,0.011104653034362756,-1.57052941327964,1.0772312495027256,-6.28319688451486,-6.2798639418684585,-180.9132883755343
782.0,-0.9782757595779742,0.011120804162426931,-1.5705172159430028,1.0752257865969053,-6.28319497994963,-6.2818493730445155,-181.1554272276172
783.0,-0.9779766037340588,0.011046233521230136,-1.5705868486285879,1.0717155218386123,-6.283196623953492,-6.282635817341916,-181.39754816219695
784.0,-0.9727816613615102,0.011114525576900444,-1.570522243728982,1.06735854164105,-6.283195055341769,-6.282372573539488,-181.64123584087187
785.0,-0.9716964484611432,0.011049005541818441,-1.5705713952015945,1.0767553018485492,-6.28319367435572,-6.282861924620381,-181.88628363559866
786.0,-0.9727195615158966,0.011039534980505382,-1.5705856972148746,1.086989144253175,-6.283193744851142,-6.283052257402999,-182.13183566340388
787.0,-0.9743143961628923,0.011041831587776565,-1.570596539729936,1.087476711833007,-6.283194874330494,-6.283130629976198,-182.37682451445247
788.0,-0.9775051289904133,0.01103190066429357,-1.5706131112856854,1.0766240503693616,-6.283197014311442,-6.282964570039177,-182.61965819923415
789.0,-0.9791435294576196,0.011065160160696618,-1.5705736912238162,1.0658828879736018,-6.283196537680566,-6.276342227690067,-182.86083356123555
790.0,-0.9765283432104924,0.009612766120626165,-1.5704608578802337,1.0690011982747234,-6.28319179238941,-6.263505760946347,-183.10342978948648
791.0,-0.9743448595197062,0.009806922948816566,-1.5705835184229096,1.072308368643851,-6.2831963901506995,-6.2693498270444294,-183.34724750326006
792.0,-0.9680750757752842,0.010294239667763858,-1.5705266760590695,1.08021550390464,-6.283191921900057,-6.277582224423417,-183.59408005465127
793.0,-0.9677366794001568,0.010494204612763607,-1.5706139571896587,1.079439773370275,-6.283194202016245,-6.280881288141283,-183.84116172687064
794.0,-0.9669479764134872,0.01070808638158116,-1.570589616405022,1.0699027224717954,-6.283197821069029,-6.282238936696165,-184.0876918519042
795.0,-0.97183059605364,0.010774042297332673,-1.5706353543212417,1.0569735043467767,-6.283197751811572,-6.282796682821356,-184.33125896192703
796.0,-0.9760199525561573,0.010898526276000534,-1.5705827319778634,1.045838745150204,-6.283197109473164,-6.283025813158466,-184.57206822954137
797.0,-0.9843811259522737,0.01091954203761623,-1.5706046507919216,1.036713992969477,-6.28319854100993,-6.283119942420313,-184.80880528516653
798.0,-0.9924637921108924,0.010991352932314189,-1.5705591755743342,1.0359275701707604,-6.283196138806256,-6.283158672093429,-185.04216731945183
799.0,-0.9941952401892246,0.011093123568047203,-1.5704956904822187,1.030820401196732,-6.283194747886594,-6.283174411883633,-185.274230308402
800.0,-0.9900428356583589,0.011146018803147405,-1.5704621852180463,1.0264513905810078,-6.283196011222205,-6.283180962355131,-185.50742356517827
801.0,-0.9818417441090004,0.01116305143533975,-1.5704509508782507,1.0286038950739214,-6.282409921067141,-6.283183704592155,-185.7439264858561
802.0,-0.9758578864893925,0.011107958715105042,-1.5705243885260658,1.0183427647223755,-6.282896863070776,-6.283184707018229,-185.9821781089653
803.0,-0.9722564574129294,0.011078680489047105,-1.5705492929813856,1.0069863654913542,-6.283082296409242,-6.283185204647888,-186.22104407229935
804.0,-0.9749408116394152,0.011015520885593818,-1.570586156303904,1.013491521015372,-6.2831596096414195,-6.283185493580913,-186.4594645237961
805.0,-0.9824750588554377,0.011000286053431204,-1.5706024214861982,1.0265128725981079,-6.283191073308632,-6.283185458090089,-186.69598928883616
806.0,-0.9841692902795386,0.011101579180588152,-1.5705308200946748,1.030315566001813,-6.2831938173786055,-6.283185354571713,-186.93198650085074
807.0,-0.9820889080327585,0.011128440050307522,-1.5705049316440578,1.0405305117482335,-6.283194056305918,-6.28318543640834,-187.16960119608666
808.0,-0.9817263625292942,0.011089401052912925,-1.5705463412571423,1.0513123904637287,-6.283193014149338,-6.278931791569711,-187.40836177932312
809.0,-0.9819257402772366,0.011080495026929446,-1.570573048453094,1.044562890745641,-6.283196547953396,-6.275748428439156,-187.64653206883676
810.0,-0.980415561008533,0.011099077548772283,-1.5705416925085374,1.0437395319220917,-6.283194952031909,-6.2747226591729115,-187.8851671688438
811.0,-0.9741942663943732,0.011141327518372567,-1.5705017683606217,1.0428541746103186,-6.283196734852559,-6.275847545727851,-188.12613552254604
812.0,-0.9690997613096016,0.011101703105409208,-1.5705356985152916,1.0448717280957212,-6.283194885774551,-6.280238042517368,-188.3694294358388
813.0,-0.9704209857121786,0.011026391373813367,-1.5706010553730547,1.050611407314485,-6.283196846893406,-6.281972848259155,-188.612838380976
814.0,-0.9753276065965484,0.011014599170127157,-1.5706162927481995,1.0516285065047815,-6.283198140961132,-6.282687292913471,-188.85440348712498
815.0,-0.9818931195425024,0.011025360305675722,-1.5706039064453547,1.0536601299410757,-6.283199381348779,-6.278136076156298,-189.0934985140005
816.0,-0.9816208484799601,0.011119846873140445,-1.5705270952971224,1.0459267562552574,-6.283198198901421,-6.272752501139428,-189.33185683537
817.0,-0.9837879418121792,0.011070485763766149,-1.5705660616513346,1.0402444320144877,-6.283199170375418,-6.276478605129864,-189.5689524303763
818.0,-0.9807211355696513,0.01113592587664575,-1.570496663715177,1.0405774022526324,-6.283195272026998,-6.278919131632588,-189.80712198169974
819.0,-0.9822732252974622,0.011058371979430125,-1.5705737226231593,1.0378163647914576,-6.283197088088095,-6.281458968313338,-190.0446092120428
820.0,-0.9844464898925391,0.011067676632470236,-1.5705634564914939,1.0335673397039626,-6.283197355624019,-6.282475496705848,-190.28084691847846
821.0,-0.9828672215756883,0.01111377973451162,-1.5705078377961867,1.0429808124383866,-6.283194281522956,-6.282893889858988,-190.5183710640965
822.0,-0.9803500389495274,0.011106613081015074,-1.5705276614227996,1.0488590222332355,-6.283194189526278,-6.28306563995011,-190.75743030187766
823.0,-0.9841713712135947,0.011027446826516145,-1.570608842406898,1.0470063144932584,-6.283195955911533,-6.283136158847446,-190.9950065798441
824.0,-0.9859276412651845,0.01107722703158842,-1.5705575779818968,1.0462883691009477,-6.283198677567874,-6.2824317732646895,-191.23171320121128
825.0,-0.985874585949326,0.011093412903246922,-1.570541252756279,1.047809863467633,-6.283196246779233,-6.277640410562513,-191.4685266151406
826.0,-0.9806832658942739,0.011142085077371461,-1.570503153146902,1.0432383842652226,-6.283194373102342,-6.280999420715482,-191.7069149227461
827.0,-0.9788595649640084,0.011077092640328233,-1.5705515231136082,1.0490851765115983,-6.283193137434279,-6.282285029714799,-191.94664001002727
828.0,-0.9804650980735666,0.011045115591157206,-1.570585736561846,1.0519572223135192,-6.283196691572382,-6.282815579919877,-192.1860545829251
829.0,-0.9821774109136036,0.011058571514856773,-1.5705820381288866,1.045467768515,-6.283198759046804,-6.283033455075764,-192.42423626758716
830.0,-0.9834117472275329,0.011071162220926065,-1.570567323481367,1.037025693090256,-6.283196734131914,-6.283123039299749,-192.66118222289597
831.0,-0.9858585203535195,0.011061847604635905,-1.5705635213047655,1.0369277879115262,-6.283194474188274,-6.272136713568686,-192.89714013127787
832.0,-0.9860576455646113,0.011095373229519494,-1.570541407891101,1.0295299338999413,-6.283196652063205,-6.2685926080763625,-193.13233327465255
833.0,-0.9849255029307182,0.011102575532023906,-1.5705298467681592,1.0247409630195286,-6.283197815258855,-6.257367672451,-193.36753578492244
834.0,-0.9788229363083895,0.011150038797778084,-1.5704856940782665,1.0203844904968473,-6.283194431135729,-6.263346713943394,-193.60470297681564
835.0,-0.9757511100516412,0.011088307127531897,-1.5705438364923434,1.0157609622743944,-6.283197763504688,-6.2705593932901955,-193.84286333352767
836.0,-0.9715406920921561,0.011105790850643596,-1.5705275031234927,1.0094654009299362,-6.283196408395098,-6.278075748013235,-194.0821899835384
837.0,-0.971157963984635,0.011056654948074963,-1.5705751675595718,0.9999558052094585,-6.283198585812379,-6.281084267520668,-194.32102057055033
838.0,-0.9735484466878354,0.011045658493591229,-1.5705802715493478,0.9903648947453891,-6.283199317667444,-6.2823223680111955,-194.55811551848007
839.0,-0.9811169053168927,0.0110114623878922,-1.5705966383655676,0.991854737486437,-6.283194734090535,-6.27419963398394,-194.7923047902863
840.0,-0.9868571432842304,0.011071254142298396,-1.5705432591678299,0.9970891625563352,-6.283194329226153,-6.279535671182617,-195.02449248437225
841.0,-0.9904159846977272,0.01110175172047505,-1.5705174646630442,1.008298637803018,-6.283195022730932,-6.281684931877624,-195.25612397780628
842.0,-0.9891358733116001,0.01114975084206895,-1.5704840475712203,1.0192396402270167,-6.283193620617359,-6.282569017838461,-195.4890756873287
843.0,-0.9890376369381227,0.011109557086731281,-1.5705245540608979,1.033365232596952,-6.283196582044151,-6.27886374712553,-195.72333665188665
844.0,-0.9888156580723411,0.01110419270046854,-1.5705419246522037,1.0395942185414533,-6.283198600475574,-6.273610848833467,-195.9582463775509
845.0,-0.9842369872806263,0.011115222557310756,-1.5696369472666607,1.043872705512452,-6.28319535821096,-6.272683317188278,-196.19502871433644
846.0,-0.9797242701889468,0.011135515689738244,-1.5699283038852025,1.043677308552547,-6.283195564360805,-6.278945544476473,-196.43370768572882
847.0,-0.9736433050493222,0.011132412258480502,-1.5701102275165502,1.0547315486755477,-6.28319442755536,-6.28144166417239,-196.6757865770843
848.0,-0.9718338123508728,0.011060527590618239,-1.570318638085589,1.0572942114583075,-6.283196014497248,-6.2824690527029,-196.91903944805418
849.0,-0.972933420549271,0.011039157614316368,-1.5704169511918105,1.0649918901765367,-6.283195953913316,-6.282891199889417,-197.16256948589026
850.0,-0.9731071268269631,0.011061418765128185,-1.5704653391822678,1.06202763225221,-6.283193504899623,-6.28281148489575,-197.40578472540358
851.0,-0.976849268986894,0.011025310219107977,-1.570539461555974,1.051455541975803,-6.283196455911263,-6.283036311760609,-197.6467084506394
852.0,-0.9821132758480248,0.011034738120792613,-1.5705393475497287,1.0492711965770378,-6.283197129557974,-6.283124185242326,-197.88530113844732
853.0,-0.9873129341469323,0.011054008532006833,-1.570538334938986,1.047357361996959,-6.283199530233651,-6.273211381990469,-198.1216311177845
854.0,-0.9917964119919338,0.01107211465559093,-1.5705348885726573,1.0439007217429126,-6.283198927213197,-6.261152055397139,-198.35586284187212
855.0,-0.9892729850546876,0.011116015793123983,-1.569369654867149,1.0478362432348582,-6.28314269130716,-6.2511737853585485,-198.5909370579722
856.0,-0.9829937185611527,0.01118413925072326,-1.5697090715667918,1.046418652236666,-6.2831816798663445,-6.258284201264944,-198.8284145218968
857.0,-0.9758914487379263,0.01114991056390088,-1.5699948879924244,1.0373479345336747,-6.283194226916516,-6.2661208735419445,-199.06810027760562
858.0,-0.9765269524852308,0.007789975208627587,-1.5701436998094582,1.0252711974188775,-6.283195122428631,-6.276229844785991,-199.30737176066174
859.0,-0.9786245642343402,0.008272014350406115,-1.570441416206653,1.0141121182203954,-6.283196890411455,-6.280326660354117,-199.54488563052365
860.0,-0.9842801884825226,0.009216047907233937,-1.5704782959630135,1.0184011964513213,-6.283195490912869,-6.282011212602175,-199.78031061444466
861.0,-0.9830380379691411,0.009956171849331744,-1.5704120317145873,1.0288339158790316,-6.283192609315378,-6.282703052722916,-200.01675334717672
862.0,-0.9790615160856186,0.010373876218868535,-1.570440968527417,1.0390017279703616,-6.283193047234088,-6.282987251341228,-200.25556516385066
863.0,-0.9777602310620118,0.010460537574149944,-1.566397249213419,1.0478626503522963,-6.283197362025644,-6.28310404859118,-200.49470887052024
864.0,-0.98092453727852,0.010684093411887582,-1.5634468993431436,1.0402974818688386,-6.283199140367009,-6.283151899921319,-200.73121942941543
865.0,-0.9786871142782221,0.010983151496915838,-1.5628019531415474,1.0459294083953663,-6.28319344204887,-6.283171741341072,-200.9686686842401
866.0,-0.9809690088365715,0.011066163637376178,-1.5653605993499347,1.0415723062428797,-6.283192723248985,-6.283179702217505,-201.20560320396416
867.0,-0.9843941378962803,0.011043603898106298,-1.5670964899418935,1.0323605258928883,-6.2831961092151225,-6.2804907810683375,-201.44085781261452
868.0,-0.9876928014312157,0.011043439177585235,-1.5682321357180624,1.033742165019772,-6.283194428663679,-6.277727996539811,-201.6751766337812
869.0,-0.9896582934864268,0.011060946669650351,-1.5689873288924852,1.0400726442146209,-6.283192401598868,-6.281019613465359,-201.9094142386005
870.0,-0.9864419510726061,0.011114662608101289,-1.5694720108199784,1.0357026247766485,-6.283192903589283,-6.273926521725958,-202.14459681101326
871.0,-0.9813178794214787,0.011112836891139271,-1.569806889275935,1.0450877044570082,-6.2831947521934595,-6.271739155953789,-202.3826718895103
872.0,-0.9798385622993262,0.011056037439337129,-1.5700995415537595,1.0544819070445728,-6.283195447842165,-6.268407943415856,-202.62234143434375
873.0,-0.9825758784455356,0.011019782623585567,-1.5702966454011533,1.057956860592304,-6.283196901476522,-6.265004208759164,-202.86137407097297
874.0,-0.9853744805273388,0.011042295526931372,-1.57038242822375,1.057645840481786,-6.283198576942464,-6.269358889714785,-203.0992756329758
875.0,-0.9852453311130052,0.011084063133862041,-1.5704124765110872,1.0574516352327596,-6.283199317455504,-6.265825608017495,-203.33714317039923
876.0,-0.9863964780403587,0.011064007600043514,-1.5704679551117802,1.067621392237494,-6.283194011607186,-6.275579184526056,-203.57546426781073
877.0,-0.9856187240906016,0.009452546774212534,-1.570433214212067,1.0686606933849128,-6.283194629808167,-6.28006906038314,-203.81445005991364
878.0,-0.986770975719715,0.009662302441310732,-1.5705780039786565,1.0745465868167807,-6.283192835304533,-6.281905079720059,-204.05355870212736
879.0,-0.9886232835496952,0.01014922218693776,-1.5705694235322079,1.0837659469654364,-6.283192547067625,-6.28265945819457,-204.29264020497737
880.0,-0.9899073031198516,0.010476400701081778,-1.5705720859421157,1.081680255256817,-6.283194158464548,-6.282969238496331,-204.53098962666533
881.0,-0.9889285651586204,0.010707646336835352,-1.57054707266038,1.0779536160367247,-6.283193671799536,-6.279947514727856,-204.76929692419714
882.0,-0.982351316131814,0.010893660799582924,-1.5704936657950088,1.0789230785133617,-6.283192697479405,-6.2819107522941335,-205.01011017340934
883.0,-0.976641865979598,0.010939625374902777,-1.5705298964595191,1.0853898770898842,-6.283192668809488,-6.276705657114653,-205.25380885797503
884.0,-0.9784658071530546,0.010902971750211916,-1.5706224194394007,1.0861957856718114,-6.283194479591364,-6.270118777251335,-205.49706870454634
885.0,-0.9793145035966739,0.010979698483413148,-1.5705858651180886,1.08392454404915,-6.283194850078751,-6.275818328949162,-205.73972052942975
886.0,-0.9781399107232889,0.011029459212371856,-1.5705593746708344,1.0848580953607345,-6.283193638372902,-6.274770684325664,-205.98285920236444
887.0,-0.9769752347880793,0.011038944590847187,-1.5705679046794083,1.0836265482981393,-6.283196633035351,-6.27982302606436,-206.22637519267613
888.0,-0.9754770859085186,0.011051696111778888,-1.5705654524928387,1.081246495819078,-6.283196971069252,-6.281801576326315,-206.47028186696204
889.0,-0.9714573262460732,0.010508763335616055,-1.570515247090154,1.08592636218221,-6.279470067724757,-6.281770432771817,-206.71592015723402
890.0,-0.9691126842939106,0.010565421619449183,-1.5705813641072923,1.0939325485343134,-6.2817348133375575,-6.282619058357923,-206.96344583283525
891.0,-0.964705029768731,0.010764701623416636,-1.5705517710809496,1.1062628363095475,-6.282601067633603,-6.282952332614814,-207.2138087752287
892.0,-0.9669312290030809,0.01078958007681462,-1.5706433796256585,1.1078739606909607,-6.282963187885005,-6.28308958263784,-207.4636596132353
893.0,-0.9749956854919853,0.010833102643343832,-1.5706643819050614,1.1074619029545514,-6.28310868257738,-6.283146076655332,-207.71032428193377
894.0,-0.9815775131028401,0.010939444125942397,-1.5706038890042282,1.110467868784852,-6.281172738527194,-6.283169334849187,-207.9543466465653
895.0,-0.9866568273451588,0.010999153955549594,-1.5705732088181499,1.120114461893889,-6.282402188774464,-6.275584197417344,-208.19724513804363
896.0,-0.98444197573245,0.011094573773071771,-1.57051157187375,1.1268726726757594,-6.282871961127564,-6.280125613410809,-208.44146990870092
897.0,-0.984809035562934,0.011040389812858735,-1.570577392471328,1.1314285791912324,-6.283071268981067,-6.2819267015342195,-208.68610116377866
898.0,-0.9866979654593323,0.011032405938182216,-1.5705887181926663,1.1378857428105682,-6.283150670532927,-6.282075857758204,-208.9305976505695
899.0,-0.9855351608545931,0.011073324249653715,-1.5705538264099788,1.1492334679699514,-6.283180943873473,-6.282740020765044,-209.1764629689943
900.0,-0.9786846964243165,0.011116414705313965,-1.5705264110632449,1.1544933144138965,-6.28319245280311,-6.2830021094480575,-209.4253816233975
901.0,-0.971978281753335,0.011084594687783724,-1.5705546122586638,1.1656218811351384,-6.2831914031883525,-6.283110143861463,-209.67798326636265
902.0,-0.9717025400675332,0.010990176090605515,-1.57065395733213,1.1608455919628735,-6.28319416355694,-6.283154412419744,-209.93051994323375
903.0,-0.9769284504371419,0.010956824250491718,-1.5706776609184794,1.1530794441261303,-6.283195228539484,-6.283172714695521,-210.18040465332322
904.0,-0.9833766169364266,0.010985150883051121,-1.570642442762747,1.1497246092010749,-6.283197381691638,-6.283180311014649,-210.42742019641616
905.0,-0.9893317301615941,0.011021124398815162,-1.5705998587257088,1.1594671303854862,-6.283191843682549,-6.281501501075198,-210.67291381772662
906.0,-0.9914942653493872,0.01106815398159068,-1.570564225555778,1.1693143989549233,-6.2831915793837965,-6.271571015129807,-210.91836494376722
907.0,-0.9930254018182615,0.01105445884540257,-1.5705858069679561,1.1722234592938061,-6.283194697270027,-6.264149147107103,-211.16352630192483
908.0,-0.9978133608092506,0.011011476089038769,-1.5706254058151015,1.1715063082571684,-6.283195386261104,-6.259479277855649,-211.40690508759567
909.0,-0.9961729328645332,0.011094398868342749,-1.570545670652202,1.1728348931801944,-6.283191834790236,-6.2671936575160485,-211.6508238380564
910.0,-0.9907174977668779,0.011105891687370348,-1.5705359454372012,1.176412420130943,-6.283191030259334,-6.272450761099889,-211.8970798739659
911.0,-0.9859663531277312,0.011073935866180884,-1.5705612704112433,1.1889490754293905,-6.283193067324165,-6.278847745163953,-212.14631957963863
912.0,-0.9799333849797618,0.011065289780273352,-1.5705796786615145,1.1911223813344447,-6.283193307212067,-6.278905417235447,-212.39811490522877
913.0,-0.979649812885146,0.010986201458254413,-1.5706517549354513,1.1913748082608406,-6.283193738903529,-6.279313019372016,-212.6502264702231
914.0,-0.978714480013148,0.011016454782712543,-1.5706189440372846,1.1944424080673293,-6.28319225432726,-6.281631435803055,-212.90292034329153
915.0,-0.9753756366753602,0.011042844166639974,-1.5705958947226994,1.197823596001894,-6.283192416153374,-6.282546048915827,-213.15717188646533
916.0,-0.9715032649336519,0.011042425604230086,-1.5705943725986544,1.206954561190026,-6.283191938105942,-6.282922826400955,-213.41375668517102
917.0,-0.9674240453499113,0.011029674518574308,-1.5706133494048082,1.207351642547865,-6.283191862867245,-6.283077464694866,-213.67203557872003
918.0,-0.9673446304648564,0.010981700300068715,-1.5706557898115834,1.2059930711418974,-6.283193592428867,-6.281470634550845,-213.93034734887613
919.0,-0.9734079289899564,0.010934439467148673,-1.5706968574974518,1.199996053789096,-6.283193676973557,-6.282384015298526,-214.18587061735388
920.0,-0.9782641561468021,0.010993478428004905,-1.5706345172356935,1.2008376702799157,-6.283192643177976,-6.282857752945377,-214.43945344018996
921.0,-0.97847715005897,0.01104832125638668,-1.5705894197004289,1.1961381829256483,-6.2831914358000365,-6.283050735151346,-214.69242085614184
922.0,-0.9783171497491258,0.01103728607879956,-1.5706002527609921,1.1885707969482189,-6.283191311033628,-6.283130129945923,-214.9447881402187
923.0,-0.9798099762779507,0.01101849402932078,-1.5706130281297495,1.1825556790830951,-6.283193717673146,-6.283162787414279,-215.19606400935547
924.0,-0.98198933009984,0.011019423113736021,-1.5706090212970645,1.1784704299784776,-6.2831957037664905,-6.283176198367772,-215.44611791612053
925.0,-0.9787280107606208,0.011086407746640381,-1.5705446159817382,1.1806347995740654,-6.283191727391142,-6.2831817404502575,-215.69746609435697
926.0,-0.9776156451159481,0.011036326557727799,-1.570594606366554,1.18376031360073,-6.283192795892719,-6.283183939535345,-215.949627139601
927.0,-0.9811675990933538,0.01098788015171518,-1.570639668047402,1.1865446699508515,-6.2831942962316285,-6.280366422183863,-216.20076556926102
928.0,-0.983225634442443,0.01102717429131531,-1.5706017036324726,1.1941899931301962,-6.283190684246689,-6.282076989961285,-216.4517096262626
929.0,-0.978774327557895,0.01109635170116897,-1.5705411055281158,1.2061997254953256,-6.283192745829678,-6.282728705217574,-216.70529417983803
930.0,-0.969255243084114,0.011109152623190361,-1.570541510640957,1.206871776849006,-6.283191055885725,-6.282997725706144,-216.96263868463433
931.0,-0.9583387689326707,0.011095558806752132,-1.5705489689292962,1.2149531843251073,-6.28319238182722,-6.283108397884648,-217.2250583494579
932.0,-0.954190421328536,0.010991457284582314,-1.5706481822338298,1.219458430896185,-6.283192343519663,-6.28315375777791,-217.48979421231624
933.0,-0.9577480175690487,0.010921389573145215,-1.5707123115059267,1.2165354945592914,-6.283192488508052,-6.283172367172988,-217.75303620678775
934.0,-0.9666779351391069,0.010897066114102884,-1.5702389963701724,1.213983062866171,-6.283192686420151,-6.283180128167011,-218.0124389066088
935.0,-0.9774411817117317,0.010953409322921175,-1.5703521943150074,1.2089978499666867,-6.283192540217538,-6.283183258871485,-218.26716742969901
936.0,-0.9892038816234098,0.010974536255322551,-1.5704378212037202,1.2004069531092445,-6.283192570386291,-6.283184579145643,-218.51659445435834
937.0,-0.9954074618558921,0.011067964466818481,-1.570412451572335,1.2075498106697864,-6.281265646854024,-6.283185215568942,-218.76393301434072
938.0,-0.993408106115135,0.011111367952712016,-1.5698306405620714,1.2113893443766588,-6.282434397800905,-6.2831853235767765,-219.01217226484567
939.0,-0.9855153096865202,0.011162141116792536,-1.5700216364583401,1.2210375508436215,-6.282883640053277,-6.275731795530384,-219.26425949503815
940.0,-0.9737482485114152,0.011141208324971322,-1.5702000317459517,1.223869828537979,-6.2830708016900525,-6.280189003956154,-219.52120527722408
941.0,-0.9679656977161035,0.011027133981221323,-1.570406436415416,1.2266236266890191,-6.2831523994175535,-6.281952711576941,-219.78092722022265
942.0,-0.9703332060680819,0.01094591033550248,-1.57054350630725,1.234443136849802,-6.283185174477699,-6.282679117866765,-220.04062495961122
943.0,-0.9759693912738546,0.010936141639706352,-1.5706022656759238,1.2323953746225527,-6.283190920556549,-6.2829773342654045,-220.29802029551234
944.0,-0.9804246709962249,0.010973529048888653,-1.5706009168802104,1.2213509342139968,-6.283191926513871,-6.283099988110373,-220.55265780634016
945.0,-0.9828268846408733,0.011017046937794919,-1.5705726084606486,1.2190739803995267,-6.2831918694561955,-6.283150464279335,-220.80606560936747
946.0,-0.9829538620157968,0.011037126925038868,-1.5705701203244078,1.2136609431514123,-6.283191162845564,-6.283171058993622,-221.05888879111242
947.0,-0.9782890332583506,0.011080736955627763,-1.5705379679440812,1.2096774763001703,-6.28319166710395,-6.283179592147638,-221.31303838937185
948.0,-0.9780078894032603,0.010930975043794144,-1.5681576957862278,1.2051360791951657,-6.283197520613792,-6.28318310062732,-221.56644479984027
949.0,-0.9758213141530325,0.011100231370500339,-1.5688652997453785,1.204389806580666,-6.283192656223945,-6.283184512142637,-221.8206731093257
950.0,-0.9735258816814276,0.011065305460961994,-1.5694481490668803,1.207110010332151,-6.28319230627995,-6.283185122499316,-222.07621521867264
951.0,-0.9775906236735049,0.010972898108611101,-1.5699055486640625,1.2031972052795545,-6.283192532199342,-6.283185260037991,-222.33011198196954
952.0,-0.9852300884157805,0.010959166437440505,-1.57016281417799,1.1963175815491847,-6.283192347701332,-6.283185388995719,-222.58054301131747
953.0,-0.9949044100664228,0.010971223985159302,-1.5703122086708738,1.1936570234548736,-6.283194418121554,-6.283185518866331,-222.8270802843273
954.0,-0.9997502855274771,0.011045072153049782,-1.5703588375300996,1.187667918494405,-6.283191356436801,-6.281654774741094,-223.07112877294728
955.0,-0.997771824085872,0.01110591498351147,-1.5703788299811732,1.1819114927609282,-6.283191577691086,-6.269944001638782,-223.3152489173856
956.0,-0.9900275258581669,0.011136908995855519,-1.5703984129672792,1.1815834826263665,-6.2821625953575655,-6.266479621459676,-223.56206952268076
957.0,-0.9801158261421332,0.011117657644694981,-1.5704530097598972,1.180344507624514,-6.282792622564408,-6.274703755943459,-223.81266742438837
958.0,-0.9700800042751871,0.011087933510066497,-1.5705044322773976,1.1781309823627568,-6.283035323260129,-6.2796208240283065,-224.06709276266878
959.0,-0.9668332079871892,0.010993002561310429,-1.5706089374042083,1.1719348671709269,-6.283139020482203,-6.281722187896252,-224.322502875963
960.0,-0.9659915380560729,0.01098997369985344,-1.5706183050394593,1.1651477312047362,-6.28317766472639,-6.282584331663417,-224.5776900748898
961.0,-0.9659724124878217,0.010991957486185724,-1.5703121438473486,1.1619539846480855,-6.283192563228841,-6.282938587220778,-224.83253013837933
962.0,-0.96933303596264,0.010988679986751132,-1.5704226820439355,1.1629638111485623,-6.283193964203656,-6.283084099928096,-225.08619149556102
963.0,-0.9725347507123666,0.011012123095533392,-1.5704725006886227,1.1641185719133598,-6.28319591034061,-6.283143825782746,-225.33866164927267
964.0,-0.9792821716829017,0.010989136643343932,-1.5705359268176966,1.1744572177488064,-6.2831925954435555,-6.283168385760107,-225.58945568855142
965.0,-0.9788043497462121,0.01107998147487229,-1.5704974864157177,1.1720941403831837,-6.283191201491286,-6.283178318170753,-225.840055536689
966.0,-0.9810369980803992,0.011026999861521928,-1.5705641337406144,1.1743763634983115,-6.2831920782795585,-6.28318260950191,-226.09008984663416
967.0,-0.9774551538205327,0.01110119455945061,-1.5705050476147069,1.18464366797015,-6.283192074843622,-6.2831842969193765,-226.34224997201972
968.0,-0.9778829628643577,0.01102686970929729,-1.5705863190829175,1.1999815474710485,-6.283193610829364,-6.279256582356331,-226.5957687256346
969.0,-0.9782766992442353,0.01102804300535485,-1.5705982207370561,1.2105657454382335,-6.283191428962649,-6.28164049434634,-226.85009473206978
970.0,-0.9770994955660357,0.01102936286588804,-1.570610544054189,1.2064317893837362,-6.283193501793176,-6.282548770715853,-227.10452674926594
971.0,-0.9739828477322938,0.011049436329840165,-1.5705866574139604,1.2085861922077064,-6.283191839210431,-6.282924042283045,-227.36030869456948
972.0,-0.9766193717036686,0.010614700812101663,-1.5706450882982812,1.2089611882703832,-6.283192813512414,-6.283078040801643,-227.61532765784
973.0,-0.9835531132182854,0.010645809880255461,-1.5706870020597021,1.2038072113759775,-6.28319318431758,-6.2831413002263705,-227.8672777126496
974.0,-0.9873669329131055,0.010815804146436393,-1.5706241441839546,1.1948370870537248,-6.283192926792762,-6.283167345108823,-228.1168115168195
975.0,-0.9853276689274577,0.010951269104552077,-1.5705581661706591,1.1894023776678613,-6.283192389512916,-6.283178087821962,-228.36645876914696
976.0,-0.9878290730643495,0.010923615935620662,-1.5706234616566168,1.1842259868444507,-6.283193969384331,-6.283182464252218,-228.61481425776824
977.0,-0.988217914977209,0.010989310777604015,-1.5705894896965467,1.1752127057174708,-6.283192711183418,-6.283184249345683,-228.862119678801
978.0,-0.9833322390502579,0.011031150627862116,-1.5696327781441421,1.1673522540527883,-6.2831911543196535,-6.283185019597303,-229.11024559295015
979.0,-0.9787024736350467,0.011067862491068222,-1.5699258516913988,1.1666914205008727,-6.282335185362361,-6.283185376336734,-229.36011174553536
980.0,-0.9727704645651555,0.011068677425137933,-1.5701379537420774,1.1642195859673925,-6.282860875871957,-6.283185411336223,-229.6121850870197
981.0,-0.970784605509791,0.01100615194668417,-1.5703435053300225,1.1521517524142233,-6.283065948737054,-6.283185473518896,-229.86420082578547
982.0,-0.9717771429517528,0.01099169311505317,-1.570445357423037,1.1393661370803856,-6.283148324628273,-6.283185538296655,-230.11477727424204
983.0,-0.9783826319699689,0.010938961310982384,-1.5698892741501198,1.1332403303157668,-6.283183472523055,-6.283185611321739,-230.36214121381974
984.0,-0.9861003607913588,0.011007264526435969,-1.5700896815693486,1.1325661531910116,-6.283192522373737,-6.283185593215358,-230.60640692159328
985.0,-0.9945930517050671,0.011019038903880993,-1.5702499449138092,1.1370172950017168,-6.283193160409832,-6.283185577787441,-230.8478136771791
986.0,-0.9956605286793874,0.011105270138450989,-1.5702995565017248,1.1299540272028505,-6.283194173952395,-6.275140840832328,-231.08803226759824
987.0,-0.9924371776342706,0.01112262813795382,-1.5703576892556141,1.1264368026341876,-6.283195626012385,-6.277962677229892,-231.32910563589948
988.0,-0.9868552619928971,0.011118774667520193,-1.5704115759300366,1.1254079034390532,-6.283195000604733,-6.277657725970654,-231.5722248004747
989.0,-0.9770857118269962,0.011142627750099747,-1.5704188631656548,1.1342704261007324,-6.283193269256365,-6.280973845297277,-231.81987022966536
990.0,-0.9699250193382624,0.011076935191372752,-1.5705092699301149,1.144953605164059,-6.283193364259654,-6.282275278338158,-232.07144846908372
991.0,-0.967390731580642,0.011014846223647623,-1.5705906273061878,1.1480742492596272,-6.28319448244051,-6.282811498008652,-232.3244870595003
992.0,-0.970557144214038,0.009167986423445415,-1.5705924285169728,1.1392971511025274,-6.283194215907738,-6.283031776240253,-232.57595931271675
993.0,-0.9677211887190416,0.009535037070331672,-1.5706102020466708,1.1296584380688162,-6.283191999883829,-6.283122397754274,-232.82753191932636
994.0,-0.9705712180186401,0.009996002569207388,-1.5706515083550756,1.126133741202642,-6.283194612780935,-6.283159656879145,-233.0777044048627
995.0,-0.9741286920658772,0.010367585352250361,-1.5706256226049575,1.114618944092354,-6.283196781808511,-6.283174877223384,-233.32536338914417
996.0,-0.9761638225557587,0.010628544154868682,-1.570582736674992,1.1064855761175219,-6.283194957888518,-6.283181174469579,-233.57137602111513
997.0,-0.9782173219547406,0.010779667863636225,-1.570573040033052,1.1022725145874717,-6.283198028798839,-6.283183775761762,-233.8161538436603
998.0,-0.9800391132299248,0.010881671890528804,-1.5705668332847655,1.0983487602242994,-6.283197622249185,-6.281960526636814,-234.05982655031158
999.0,-0.983482106840739,0.01092826360620923,-1.5705800447383895,1.0960180400760462,-6.283198511211373,-6.282703827112034,-234.05982655031158
